sample_id,age,study,group,sex,site,repeat_seed,fold,metadata_prediction,microbiome_prediction,combined_prediction,metadata_error,microbiome_error,combined_error
10317.000003638,58,10317,10317:c9e234a8b8023dc52f81b36210303deb253ee13dabc6022044eb5536429962a7f2dc5854ff06cadbb8969d2e2464fe3ed6ff0808a6c48037574abd2313962f88,female,head,20260906,0,47.78224808479702,42.975,47.427934216389566,10.217751915202982,15.024999999999999,10.572065783610434
1841.F06479,22,1841,1841:CUB040,male,head,20260906,0,23.85579828379381,26.33125,24.10213539052952,1.8557982837938098,4.331250000000001,2.1021353905295186
1841.F06382,23,1841,1841:CUB028,male,head,20260906,0,23.85579828379381,22.63125,20.682478434913666,0.8557982837938098,0.3687499999999986,2.3175215650863343
1841.F06389,23,1841,1841:CUB053,female,head,20260906,0,22.311783067771454,25.59375,23.27135972604471,0.6882169322285456,2.59375,0.2713597260447109
1841.F05120,20,1841,1841:NAU110,female,head,20260906,0,22.311783067771454,30.74375,25.947139739914952,2.3117830677714544,10.743749999999999,5.947139739914952
1841.F05650,20,1841,1841:CUB051,male,head,20260906,0,23.85579828379381,24.4375,21.080002317982615,3.85579828379381,4.4375,1.0800023179826148
1841.F05124,20,1841,1841:NAU110,female,head,20260906,0,22.311783067771454,29.85,26.397468778810293,2.3117830677714544,9.850000000000001,6.397468778810293
1841.P16235,55,1841,1841:NAU149,male,hand,20260906,0,24.002005853999236,29.65625,21.677047322825857,30.997994146000764,25.34375,33.32295267717414
2010.3168,31,2010,2010:43,female,head,20260906,0,26.07098008607044,37.9,28.915251186932935,4.929019913929562,6.899999999999999,2.0847488130670655
1841.F05820,30,1841,1841:NAU108,female,head,20260906,0,22.311783067771454,36.375,25.187568165306317,7.688216932228546,6.375,4.812431834693683
1841.F05821,55,1841,1841:NAU149,male,head,20260906,0,23.85579828379381,29.8625,25.023223289103683,31.14420171620619,25.1375,29.976776710896317
10317.000005565,53,10317,10317:2bbbda8f68f57e1c57d3e97ada9c16a61165e5a3a31f556df77429e4efca7c8de4a4dd989152a974f15603348945abd6a2335caec0d3d6fe9e7136e3865909bc,male,hand,20260906,0,42.828756362114376,46.3,46.140999091802016,10.171243637885624,6.700000000000003,6.859000908197984
10317.000005564,53,10317,10317:2bbbda8f68f57e1c57d3e97ada9c16a61165e5a3a31f556df77429e4efca7c8de4a4dd989152a974f15603348945abd6a2335caec0d3d6fe9e7136e3865909bc,male,head,20260906,0,43.096951733765856,42.00625,45.467988847249515,9.903048266234144,10.993749999999999,7.532011152750485
10317.000005566,53,10317,10317:2bbbda8f68f57e1c57d3e97ada9c16a61165e5a3a31f556df77429e4efca7c8de4a4dd989152a974f15603348945abd6a2335caec0d3d6fe9e7136e3865909bc,male,hand,20260906,0,42.828756362114376,44.65,45.347140708500056,10.171243637885624,8.350000000000001,7.652859291499944
1841.P16003,23,1841,1841:CUB053,female,hand,20260906,0,22.403919415175885,25.53125,23.84177388064736,0.5960805848241151,2.53125,0.8417738806473594
10317.000049906,69,10317,10317:f468dfbfdc239f0e3bbe1de592c866535d2e70f74b05af2999cd5ac5b39818383c58a904146c605bc773f87fac2da08ddde7d4bedced3110d5c1d3b15657f73e,male,head,20260906,0,43.096951733765856,47.49375,44.24590052977835,25.903048266234144,21.50625,24.754099470221647
1841.F06454,23,1841,1841:CUB053,female,head,20260906,0,22.311783067771454,28.7125,23.693389358798303,0.6882169322285456,5.712499999999999,0.6933893587983029
1841.F06452,21,1841,1841:CUB003,female,head,20260906,0,22.311783067771454,23.24375,24.013217407061617,1.3117830677714544,2.2437499999999986,3.0132174070616173
1841.F06458,21,1841,1841:CUB026,male,head,20260906,0,23.85579828379381,24.66875,23.64695640143829,2.85579828379381,3.6687499999999993,2.6469564014382883
1841.F06459,23,1841,1841:CUB028,male,head,20260906,0,23.85579828379381,24.625,22.903908043413175,0.8557982837938098,1.625,0.09609195658682523
1841.F05104,20,1841,1841:NAU123,male,head,20260906,0,23.85579828379381,24.875,22.432196290932904,3.85579828379381,4.875,2.432196290932904
10317.000010182,33,10317,10317:723b6b9cc65e7b32325680590272929f0ac00ca96b80b0fab7d4f3aa989891c4e461f3d54e5d04cec753535eff24d840aca7c4484f9aaf9507e8c09d37fc902b,unknown,head,20260906,0,42.736003748769264,41.1375,41.879155426761415,9.736003748769264,8.137500000000003,8.879155426761415
10317.000023128,41,10317,10317:d05b6995db48f6c9db978b1b5ca6e64fdb449b3a00c92813c529766f03bd685a588b170ad83cf571cc7835590556a3954f74f0426fa772dd2e7a9a365c327784,male,head,20260906,0,43.096951733765856,48.2375,47.03050720726248,2.096951733765856,7.237499999999997,6.030507207262481
1841.F05597,19,1841,1841:NAU107,female,head,20260906,0,22.311783067771454,22.6875,22.38444429165842,3.3117830677714544,3.6875,3.3844442916584185
1841.F05590,28,1841,1841:NAU103,female,head,20260906,0,22.311783067771454,26.7,22.276696007829027,5.688216932228546,1.3000000000000007,5.7233039921709725
1841.F05598,20,1841,1841:NAU123,male,head,20260906,0,23.85579828379381,24.3625,20.395670121232364,3.85579828379381,4.362500000000001,0.39567012123236367
10317.000015501,58,10317,10317:39bccde315a4d2e26bd21d11d8612666496433302b42a988f2e86dbe04d585b4ed30f82357ad21121e121b84ba5b37d2ecaf536b10e6faf7bae853217d2e1db6,male,hand,20260906,0,42.828756362114376,40.45625,43.516309436367905,15.171243637885624,17.543750000000003,14.483690563632095
1841.P16576,21,1841,1841:CUB003,female,hand,20260906,0,22.403919415175885,27.4625,25.239176541725705,1.403919415175885,6.462499999999999,4.239176541725705
1841.P16572,22,1841,1841:CUB040,male,hand,20260906,0,24.002005853999236,27.2125,24.13533621571598,2.0020058539992363,5.212499999999999,2.1353362157159808
10317.000068979,34,10317,10317:39f71cf33f09de164d937b070afbdb0ae6316326fe838edc8aeebb9c941d1edd0c4b841e5e1b5c435cf9310595d4cb9a17a4d2777234628da9e9e7e1cc78e36f,male,head,20260906,0,43.096951733765856,37.46875,38.9799065850977,9.096951733765856,3.46875,4.979906585097702
1841.P16544,20,1841,1841:CUB051,male,hand,20260906,0,24.002005853999236,29.10625,24.248590036724533,4.002005853999236,9.10625,4.248590036724533
1841.P16543,21,1841,1841:CUB020,female,hand,20260906,0,22.403919415175885,27.96875,24.31810469027193,1.403919415175885,6.96875,3.3181046902719302
1841.P16542,20,1841,1841:CUB008,male,hand,20260906,0,24.002005853999236,21.9,22.062456611338423,4.002005853999236,1.8999999999999986,2.0624566113384226
1841.F05161,55,1841,1841:NAU149,male,head,20260906,0,23.85579828379381,25.74375,21.135681155963265,31.14420171620619,29.25625,33.86431884403673
2010.1566,35,2010,2010:9,female,head,20260906,0,26.07098008607044,38.36875,27.1683405011232,8.929019913929562,3.3687499999999986,7.8316594988768
1841.F06555,20,1841,1841:CUB051,male,head,20260906,0,23.85579828379381,26.1125,22.577860904789897,3.85579828379381,6.112500000000001,2.5778609047898975
1841.F05844,55,1841,1841:NAU149,male,head,20260906,0,23.85579828379381,29.8,22.924060998073447,31.14420171620619,25.2,32.07593900192656
1841.F06482,21,1841,1841:CUB000,female,head,20260906,0,22.311783067771454,23.1,23.840146339417263,1.3117830677714544,2.1000000000000014,2.840146339417263
1841.F06493,21,1841,1841:CUB000,female,head,20260906,0,22.311783067771454,26.00625,27.390283981784037,1.3117830677714544,5.006250000000001,6.390283981784037
1841.F06497,21,1841,1841:CUB000,female,head,20260906,0,22.311783067771454,21.83125,22.388858885205423,1.3117830677714544,0.8312500000000007,1.3888588852054227
1841.F06499,20,1841,1841:CUB008,male,head,20260906,0,23.85579828379381,23.09375,21.981854860914503,3.85579828379381,3.09375,1.9818548609145026
1841.P15710,20,1841,1841:NAU123,male,hand,20260906,0,24.002005853999236,24.9375,20.021117001501025,4.002005853999236,4.9375,0.021117001501025356
1841.P15712,20,1841,1841:NAU110,female,hand,20260906,0,22.403919415175885,26.79375,22.21056120523024,2.403919415175885,6.793749999999999,2.2105612052302384
1841.P16383,21,1841,1841:NAU106,female,hand,20260906,0,22.403919415175885,22.175,22.536384264448525,1.403919415175885,1.1750000000000007,1.5363842644485253
1841.P16380,30,1841,1841:NAU108,female,hand,20260906,0,22.403919415175885,26.26875,25.80460986257497,7.596080584824115,3.7312499999999993,4.195390137425029
10317.000049828,37,10317,10317:810a1cfb40a1b8da310e777113e7a6fa79ef435b2348c768e4213fd5c5dc7e3b2dfebad107eeb75d35a31c7a30a00b8e06c8bf1e32f03c95301328ac8be56fbf,male,head,20260906,0,43.096951733765856,43.4125,44.064549379939784,6.096951733765856,6.412500000000001,7.064549379939784
10317.000063308,25,10317,10317:42aad521c038df949fad8060826afdde769401bb8b33ad632fd3209cd6d04c4e5106446ce4aef7bc16b30a904ca2d9896b24cf2ebff3881ae31264873b61c661,male,head,20260906,0,43.096951733765856,35.14375,39.042927278599265,18.096951733765856,10.143749999999997,14.042927278599265
1841.F06579,21,1841,1841:CUB033,female,head,20260906,0,22.311783067771454,25.6875,23.962834349246883,1.3117830677714544,4.6875,2.962834349246883
2010.3272,31,2010,2010:43,female,head,20260906,0,26.07098008607044,36.56875,27.681797140545015,4.929019913929562,5.568750000000001,3.318202859454985
1841.P15520,20,1841,1841:NAU110,female,hand,20260906,0,22.403919415175885,27.4875,21.97342522175743,2.403919415175885,7.487500000000001,1.9734252217574308
1841.P15521,21,1841,1841:NAU106,female,hand,20260906,0,22.403919415175885,23.9875,25.26313124378975,1.403919415175885,2.9875000000000007,4.263131243789751
1841.P15525,19,1841,1841:NAU107,female,hand,20260906,0,22.403919415175885,25.50625,23.402666441915095,3.403919415175885,6.506250000000001,4.402666441915095
1841.P15528,20,1841,1841:NAU141,female,hand,20260906,0,22.403919415175885,24.80625,24.520434182870055,2.403919415175885,4.806249999999999,4.520434182870055
1841.F05553,20,1841,1841:NAU110,female,head,20260906,0,22.311783067771454,27.9375,24.35491009132846,2.3117830677714544,7.9375,4.35491009132846
1841.P16066,20,1841,1841:NAU110,female,hand,20260906,0,22.403919415175885,28.19375,24.14896415572965,2.403919415175885,8.193750000000001,4.148964155729651
10317.000003105,30,10317,10317:5917a22ca19367d0c27accc713d8781a073c9c1934d011ac6932648afb15315a7093a032134132de091a4406951dc0cf1616e1458c99936fe5356f19385255c0,male,head,20260906,0,43.096951733765856,40.98125,42.721309074748355,13.096951733765856,10.981250000000003,12.721309074748355
1841.P15737,19,1841,1841:NAU107,female,hand,20260906,0,22.403919415175885,21.61875,22.080658705108913,3.403919415175885,2.6187499999999986,3.080658705108913
1841.F06215,20,1841,1841:NAU123,male,head,20260906,0,23.85579828379381,22.81875,20.57689129235642,3.85579828379381,2.8187500000000014,0.5768912923564216
10317.000068986,34,10317,10317:39f71cf33f09de164d937b070afbdb0ae6316326fe838edc8aeebb9c941d1edd0c4b841e5e1b5c435cf9310595d4cb9a17a4d2777234628da9e9e7e1cc78e36f,male,hand,20260906,0,42.828756362114376,37.28125,34.643795079815945,8.828756362114376,3.28125,0.6437950798159449
1841.F06309,21,1841,1841:CUB003,female,head,20260906,0,22.311783067771454,24.2125,23.58968733808633,1.3117830677714544,3.2124999999999986,2.5896873380863283
1841.F06510,21,1841,1841:CUB000,female,head,20260906,0,22.311783067771454,26.7625,26.32983230234527,1.3117830677714544,5.762499999999999,5.32983230234527
10317.000034638,64,10317,10317:b03b7d707e125ba38f6ae4345eb6389f63c2caed719f3d69552e392dbe3d40c17b9f8b97c1e801df3731171dea8ebdb990b7f88d87da78c626beccba0003cf7f,female,head,20260906,0,47.78224808479702,44.975,49.18412604799057,16.21775191520298,19.025,14.815873952009433
10317.000034639,64,10317,10317:b03b7d707e125ba38f6ae4345eb6389f63c2caed719f3d69552e392dbe3d40c17b9f8b97c1e801df3731171dea8ebdb990b7f88d87da78c626beccba0003cf7f,female,hand,20260906,0,47.1961018558434,42.2375,46.30743596174288,16.803898144156598,21.762500000000003,17.692564038257117
1841.F05826,20,1841,1841:NAU123,male,head,20260906,0,23.85579828379381,22.68125,20.80485486190717,3.85579828379381,2.6812499999999986,0.8048548619071703
1841.P15505,22,1841,1841:NAU137,female,hand,20260906,0,22.403919415175885,22.28125,23.12387996020553,0.4039194151758849,0.28125,1.1238799602055316
1841.F05536,28,1841,1841:NAU103,female,head,20260906,0,22.311783067771454,25.2,22.84283973310132,5.688216932228546,2.8000000000000007,5.1571602668986785
1841.F05537,30,1841,1841:NAU108,female,head,20260906,0,22.311783067771454,24.88125,24.609393235601633,7.688216932228546,5.118749999999999,5.390606764398367
1841.F05530,21,1841,1841:NAU106,female,head,20260906,0,22.311783067771454,24.55,23.961689274505392,1.3117830677714544,3.5500000000000007,2.9616892745053924
1841.F05531,20,1841,1841:NAU141,female,head,20260906,0,22.311783067771454,22.9625,24.24397920478097,2.3117830677714544,2.9624999999999986,4.24397920478097
10317.000068818,23,10317,10317:aa700130bf2ad84f7dfbd70f11a1ed544685dac3b0af8c4231219413d86330f5973915da8180c4eaa587cffc3aa156c9dafbf597461ddd6251fef35831bd365a,male,hand,20260906,0,42.828756362114376,39.40625,39.632738695069584,19.828756362114376,16.40625,16.632738695069584
1841.P16089,20,1841,1841:NAU123,male,hand,20260906,0,24.002005853999236,28.91875,28.42065082457284,4.002005853999236,8.91875,8.420650824572839
1841.P16086,20,1841,1841:NAU110,female,hand,20260906,0,22.403919415175885,28.0,25.446404579213755,2.403919415175885,8.0,5.446404579213755
1841.P16081,22,1841,1841:NAU137,female,hand,20260906,0,22.403919415175885,24.00625,22.6701204709286,0.4039194151758849,2.0062500000000014,0.6701204709286017
10317.000048369,30,10317,10317:0c2dd9543685a21b0e6e26055bb6623e91dd2d77a34a450a1f4c666e6c8726990361f37c3c84c16b86b8d7ac7ac715d380ccc2006772a5e62b5bda6c41b96f13,male,head,20260906,0,43.096951733765856,35.65625,42.90424905056682,13.096951733765856,5.65625,12.904249050566818
2010.1420,35,2010,2010:9,female,head,20260906,0,26.07098008607044,37.4875,28.2417529780537,8.929019913929562,2.487499999999997,6.7582470219463
1841.P15757,20,1841,1841:NAU123,male,hand,20260906,0,24.002005853999236,22.725,20.054911179837024,4.002005853999236,2.7250000000000014,0.05491117983702409
1841.P15753,22,1841,1841:NAU137,female,hand,20260906,0,22.403919415175885,24.55625,23.19435857349665,0.4039194151758849,2.5562499999999986,1.1943585734966504
1841.P15976,21,1841,1841:CUB000,female,hand,20260906,0,22.403919415175885,24.74375,25.02538334807159,1.403919415175885,3.7437499999999986,4.025383348071589
10317.000015381,34,10317,10317:88f4fbcf0ceb456e7f8e8447af039f0dc2670ad52972600d23a04b60152370409f6b57086023803ce52591376f998806f80e260d50d06764bbb66d26d1b5553e,female,hand,20260906,0,47.1961018558434,41.5,45.5132347412291,13.196101855843402,7.5,11.513234741229098
10317.000015383,34,10317,10317:88f4fbcf0ceb456e7f8e8447af039f0dc2670ad52972600d23a04b60152370409f6b57086023803ce52591376f998806f80e260d50d06764bbb66d26d1b5553e,female,head,20260906,0,47.78224808479702,40.65625,43.29243987954656,13.782248084797018,6.65625,9.292439879546563
10317.000015382,34,10317,10317:88f4fbcf0ceb456e7f8e8447af039f0dc2670ad52972600d23a04b60152370409f6b57086023803ce52591376f998806f80e260d50d06764bbb66d26d1b5553e,female,hand,20260906,0,47.1961018558434,43.34375,46.12795470329823,13.196101855843402,9.34375,12.12795470329823
1841.F05274,21,1841,1841:NAU106,female,head,20260906,0,22.311783067771454,27.49375,25.39766480321574,1.3117830677714544,6.493749999999999,4.39766480321574
1841.F05279,20,1841,1841:NAU123,male,head,20260906,0,23.85579828379381,22.48125,22.88208880993097,3.85579828379381,2.4812499999999993,2.88208880993097
1841.F06533,20,1841,1841:CUB008,male,head,20260906,0,23.85579828379381,23.15,21.986984416628868,3.85579828379381,3.1499999999999986,1.986984416628868
1841.F06531,21,1841,1841:CUB026,male,head,20260906,0,23.85579828379381,23.925,21.797064799510835,2.85579828379381,2.9250000000000007,0.7970647995108351
1841.F06534,21,1841,1841:CUB033,female,head,20260906,0,22.311783067771454,23.88125,23.554080789589808,1.3117830677714544,2.8812500000000014,2.5540807895898077
1841.F06539,23,1841,1841:CUB053,female,head,20260906,0,22.311783067771454,22.55625,22.19459372080831,0.6882169322285456,0.4437500000000014,0.8054062791916898
10317.000049908,69,10317,10317:f468dfbfdc239f0e3bbe1de592c866535d2e70f74b05af2999cd5ac5b39818383c58a904146c605bc773f87fac2da08ddde7d4bedced3110d5c1d3b15657f73e,male,hand,20260906,0,42.828756362114376,42.43125,43.14909334732748,26.171243637885624,26.56875,25.85090665267252
1841.P15561,21,1841,1841:NAU106,female,hand,20260906,0,22.403919415175885,23.68125,24.339216677623934,1.403919415175885,2.6812499999999986,3.3392166776239343
1841.F05515,20,1841,1841:NAU110,female,head,20260906,0,22.311783067771454,28.6625,24.62145933427034,2.3117830677714544,8.662500000000001,4.621459334270341
1841.F05436,20,1841,1841:NAU110,female,head,20260906,0,22.311783067771454,29.675,24.98512450573642,2.3117830677714544,9.675,4.985124505736419
1841.P15956,21,1841,1841:CUB033,female,hand,20260906,0,22.403919415175885,22.85625,23.43765903458656,1.403919415175885,1.8562499999999993,2.4376590345865594
1841.P15955,22,1841,1841:CUB040,male,hand,20260906,0,24.002005853999236,22.65,21.393979614899543,2.0020058539992363,0.6499999999999986,0.6060203851004573
1841.P15954,20,1841,1841:CUB008,male,hand,20260906,0,24.002005853999236,24.25625,22.129910658738797,4.002005853999236,4.256250000000001,2.1299106587387975
1841.F06254,20,1841,1841:NAU123,male,head,20260906,0,23.85579828379381,22.4375,20.1038798999378,3.85579828379381,2.4375,0.10387989993780167
1841.F06252,22,1841,1841:NAU137,female,head,20260906,0,22.311783067771454,24.6625,23.25776125605754,0.31178306777145437,2.6625000000000014,1.2577612560575417
1841.F05250,19,1841,1841:NAU107,female,head,20260906,0,22.311783067771454,25.2,25.73743735127098,3.3117830677714544,6.199999999999999,6.73743735127098
1841.P16329,30,1841,1841:NAU108,female,hand,20260906,0,22.403919415175885,22.18125,22.994169441965184,7.596080584824115,7.818750000000001,7.005830558034816
1841.P16328,30,1841,1841:NAU108,female,hand,20260906,0,22.403919415175885,40.975,25.61449058477348,7.596080584824115,10.975000000000001,4.385509415226519
1841.P15682,20,1841,1841:CUB051,male,hand,20260906,0,24.002005853999236,29.81875,25.182719533856677,4.002005853999236,9.818750000000001,5.182719533856677
1841.F06451,23,1841,1841:CUB053,female,head,20260906,0,22.311783067771454,25.26875,24.6350280579056,0.6882169322285456,2.2687500000000007,1.6350280579056005
10317.000066848,27,10317,10317:73bf3573928ab6f8e0dbef1783c99aa8c96f8a341909051dbaaf5e003778464fdf40cee56b971bea2c557859ebdc3351dddc89230df6458726716c8fe13e3583,female,head,20260906,0,47.78224808479702,36.6875,38.275002125428,20.78224808479702,9.6875,11.275002125428003
10317.000022099,41,10317,10317:e4503538e12701b45b371c7ed670bd3ae6eba6dbfd41e21b14c030e3e6c626aaaf69513c82f4fb7a3e531ea834a73f16c57799fb90f66a9da07d8b3b8dc4b486,male,head,20260906,0,43.096951733765856,43.66875,46.2610173635148,2.096951733765856,2.668750000000003,5.261017363514803
1841.P15096,21,1841,1841:CUB000,female,hand,20260906,0,22.403919415175885,24.675,24.82385423655533,1.403919415175885,3.6750000000000007,3.8238542365553307
1841.P15090,20,1841,1841:CUB008,male,hand,20260906,0,24.002005853999236,22.75625,22.102166483859296,4.002005853999236,2.7562500000000014,2.102166483859296
1841.P15091,21,1841,1841:CUB000,female,hand,20260906,0,22.403919415175885,23.95625,23.52496166330279,1.403919415175885,2.9562500000000007,2.52496166330279
1841.P15540,28,1841,1841:NAU103,female,hand,20260906,0,22.403919415175885,27.05,23.752131662895472,5.596080584824115,0.9499999999999993,4.247868337104528
1841.P15548,20,1841,1841:NAU123,male,hand,20260906,0,24.002005853999236,22.5625,20.803161424142427,4.002005853999236,2.5625,0.8031614241424272
1841.P15549,30,1841,1841:NAU108,female,hand,20260906,0,22.403919415175885,26.2875,25.806481563487935,7.596080584824115,3.7124999999999986,4.193518436512065
1841.P16154,21,1841,1841:NAU106,female,hand,20260906,0,22.403919415175885,22.76875,23.561592917410955,1.403919415175885,1.7687500000000007,2.5615929174109553
1841.P15935,21,1841,1841:CUB033,female,hand,20260906,0,22.403919415175885,24.0,24.582710069773977,1.403919415175885,3.0,3.5827100697739773
1841.P15936,23,1841,1841:CUB053,female,hand,20260906,0,22.403919415175885,23.9875,25.35241982736099,0.5960805848241151,0.9875000000000007,2.3524198273609898
1841.P15932,21,1841,1841:CUB026,male,hand,20260906,0,24.002005853999236,22.475,20.223507932641898,3.0020058539992363,1.4750000000000014,0.7764920673581024
1841.F05639,20,1841,1841:CUB008,male,head,20260906,0,23.85579828379381,22.6375,20.898893985065847,3.85579828379381,2.6374999999999993,0.8988939850658468
10317.000005291,69,10317,10317:f468dfbfdc239f0e3bbe1de592c866535d2e70f74b05af2999cd5ac5b39818383c58a904146c605bc773f87fac2da08ddde7d4bedced3110d5c1d3b15657f73e,male,hand,20260906,0,42.828756362114376,46.3875,45.44728013931815,26.171243637885624,22.612499999999997,23.552719860681847
1841.P16303,21,1841,1841:NAU106,female,hand,20260906,0,22.403919415175885,23.91875,24.0202050027528,1.403919415175885,2.9187499999999993,3.0202050027527996
1841.F05101,28,1841,1841:NAU103,female,head,20260906,0,22.311783067771454,25.75,22.24189131231356,5.688216932228546,2.25,5.758108687686441
10317.000003535,46,10317,10317:4aa35b33ec066f163b8daeb1b8200f17ece0f58ed4de27fc1acf828c8864cb5dfb93c989fb4315cfe8721c8eed0e468a5da3102ea9bc9c107e0b214c031f5e1d,female,hand,20260906,0,47.1961018558434,45.0875,48.29889535385016,1.196101855843402,0.9125000000000014,2.2988953538501633
10317.000049833,61,10317,10317:d37889cdecdba46fdb19bb31c950ed36c9b3a1da31fbac08e9ee2ff35bc8af2ce5a4b24631b63e876500eb54df716ba82caddd429a437e61d996dab1bd51de32,female,hand,20260906,0,47.1961018558434,38.975,48.10865708427412,13.803898144156598,22.025,12.891342915725879
1841.P15215,23,1841,1841:CUB053,female,hand,20260906,0,22.403919415175885,23.85,22.949567138294626,0.5960805848241151,0.8500000000000014,0.05043286170537442
1841.P16170,22,1841,1841:NAU137,female,hand,20260906,0,22.403919415175885,22.6375,22.49317090989533,0.4039194151758849,0.6374999999999993,0.49317090989532986
1841.P16176,20,1841,1841:NAU123,male,hand,20260906,0,24.002005853999236,23.03125,20.99097529766497,4.002005853999236,3.03125,0.9909752976649706
1841.P16177,28,1841,1841:NAU103,female,hand,20260906,0,22.403919415175885,26.2375,22.208228513606866,5.596080584824115,1.7624999999999993,5.791771486393134
1841.F06292,19,1841,1841:NAU107,female,head,20260906,0,22.311783067771454,22.11875,21.83804577270297,3.3117830677714544,3.1187499999999986,2.8380457727029693
1841.P15912,20,1841,1841:CUB051,male,hand,20260906,0,24.002005853999236,27.26875,22.567580699116316,4.002005853999236,7.268750000000001,2.5675806991163164
1841.P15258,21,1841,1841:CUB026,male,hand,20260906,0,24.002005853999236,22.6875,21.811753992907686,3.0020058539992363,1.6875,0.8117539929076862
1841.P15953,20,1841,1841:CUB008,male,hand,20260906,0,24.002005853999236,23.05,21.536055883843233,4.002005853999236,3.0500000000000007,1.5360558838432326
10317.000009079,24,10317,10317:78d12b80b1c72aca05eb432fc60c9d17e9d26e9976af5f011f95b27013837975271da44deb87ae11ab5d17f776090675276d08a78b15a8ad0920edeb6e7b75b0,male,head,20260906,0,43.096951733765856,38.54375,39.69853236713301,19.096951733765856,14.543750000000003,15.698532367133012
1841.P15774,55,1841,1841:NAU149,male,hand,20260906,0,24.002005853999236,28.13125,22.06114472085144,30.997994146000764,26.86875,32.938855279148555
1841.F05213,30,1841,1841:NAU108,female,head,20260906,0,22.311783067771454,22.44375,23.183085838246576,7.688216932228546,7.556249999999999,6.816914161753424
1841.F05211,28,1841,1841:NAU103,female,head,20260906,0,22.311783067771454,23.84375,21.548929586199055,5.688216932228546,4.15625,6.451070413800945
1841.F05216,22,1841,1841:NAU137,female,head,20260906,0,22.311783067771454,22.51875,22.789018691963378,0.31178306777145437,0.5187500000000007,0.7890186919633777
1841.P16581,21,1841,1841:CUB000,female,hand,20260906,0,22.403919415175885,26.80625,27.801778728148328,1.403919415175885,5.806249999999999,6.801778728148328
1841.F06354,20,1841,1841:CUB051,male,head,20260906,0,23.85579828379381,25.0625,20.680742556589827,3.85579828379381,5.0625,0.6807425565898271
1841.F06590,23,1841,1841:CUB028,male,head,20260906,0,23.85579828379381,23.0875,20.01984683924081,0.8557982837938098,0.08749999999999858,2.9801531607591905
1841.P15058,20,1841,1841:CUB051,male,hand,20260906,0,24.002005853999236,25.13125,21.82722937200455,4.002005853999236,5.131250000000001,1.827229372004549
1841.P15052,21,1841,1841:CUB003,female,hand,20260906,0,22.403919415175885,22.59375,23.637893731407267,1.403919415175885,1.59375,2.6378937314072672
1841.P15053,20,1841,1841:CUB008,male,hand,20260906,0,24.002005853999236,22.41875,20.51298984326985,4.002005853999236,2.4187499999999993,0.5129898432698496
1841.P15056,23,1841,1841:CUB053,female,hand,20260906,0,22.403919415175885,25.7875,23.825368044892592,0.5960805848241151,2.7875000000000014,0.825368044892592
1841.F06333,23,1841,1841:CUB053,female,head,20260906,0,22.311783067771454,29.46875,26.67690999267814,0.6882169322285456,6.46875,3.676909992678141
1841.F06337,23,1841,1841:CUB028,male,head,20260906,0,23.85579828379381,22.225,20.12423186287089,0.8557982837938098,0.7749999999999986,2.8757681371291106
1841.F06338,21,1841,1841:CUB003,female,head,20260906,0,22.311783067771454,25.625,23.77470614846432,1.3117830677714544,4.625,2.7747061484643183
1841.P15272,21,1841,1841:CUB003,female,hand,20260906,0,22.403919415175885,22.76875,22.55018288914736,1.403919415175885,1.7687500000000007,1.5501828891473615
1841.P15589,28,1841,1841:NAU103,female,hand,20260906,0,22.403919415175885,24.76875,22.895109459905257,5.596080584824115,3.2312499999999993,5.104890540094743
1841.P15277,21,1841,1841:CUB026,male,hand,20260906,0,24.002005853999236,25.0375,21.550628741511492,3.0020058539992363,4.037500000000001,0.5506287415114919
1841.F05689,21,1841,1841:CUB026,male,head,20260906,0,23.85579828379381,24.3625,21.520014168732292,2.85579828379381,3.3625000000000007,0.5200141687322919
1841.F05683,23,1841,1841:CUB053,female,head,20260906,0,22.311783067771454,23.98125,25.283339348194296,0.6882169322285456,0.9812499999999993,2.2833393481942963
1841.F05684,21,1841,1841:CUB026,male,head,20260906,0,23.85579828379381,25.60625,22.742076316972017,2.85579828379381,4.606249999999999,1.7420763169720175
1841.P15554,20,1841,1841:NAU110,female,hand,20260906,0,22.403919415175885,29.06875,27.17375577932027,2.403919415175885,9.068750000000001,7.17375577932027
10317.000069058,31,10317,10317:198ec54664604b9ea87e10f11a6d8349037bf3b4e018e7fb9998979245d8f2079c24bef91d79183b5ff2e19efdc4c846a59dec7189d1fe7235717e66307e1a72,male,hand,20260906,0,42.828756362114376,34.55625,36.61498659844327,11.828756362114376,3.5562499999999986,5.6149865984432665
10317.000069051,31,10317,10317:198ec54664604b9ea87e10f11a6d8349037bf3b4e018e7fb9998979245d8f2079c24bef91d79183b5ff2e19efdc4c846a59dec7189d1fe7235717e66307e1a72,male,head,20260906,0,43.096951733765856,35.85,38.35145265953877,12.096951733765856,4.850000000000001,7.351452659538772
1841.F06102,20,1841,1841:CUB008,male,head,20260906,0,23.85579828379381,22.7125,22.50278035011135,3.85579828379381,2.7124999999999986,2.502780350111351
1841.P16343,30,1841,1841:NAU108,female,hand,20260906,0,22.403919415175885,25.75,24.521433576806615,7.596080584824115,4.25,5.478566423193385
1841.P16342,21,1841,1841:NAU106,female,hand,20260906,0,22.403919415175885,22.3625,23.021460295521905,1.403919415175885,1.3625000000000007,2.021460295521905
1841.P16341,19,1841,1841:NAU107,female,hand,20260906,0,22.403919415175885,22.525,24.77409808847774,3.403919415175885,3.5249999999999986,5.774098088477739
2010.1814,34,2010,2010:17,female,head,20260906,0,26.07098008607044,35.39375,25.83515795227051,7.929019913929562,1.3937499999999972,8.16484204772949
1841.F06230,55,1841,1841:NAU149,male,head,20260906,0,23.85579828379381,27.31875,23.048401298593628,31.14420171620619,27.68125,31.951598701406372
1841.F05252,55,1841,1841:NAU149,male,head,20260906,0,23.85579828379381,26.45,21.833658642767016,31.14420171620619,28.55,33.16634135723298
1841.P15072,20,1841,1841:CUB008,male,hand,20260906,0,24.002005853999236,24.23125,21.36204692644983,4.002005853999236,4.231249999999999,1.3620469264498283
1841.P15076,21,1841,1841:CUB000,female,hand,20260906,0,22.403919415175885,23.1,24.840963515472776,1.403919415175885,2.1000000000000014,3.840963515472776
1841.P15077,21,1841,1841:CUB000,female,hand,20260906,0,22.403919415175885,25.7875,25.29755671776793,1.403919415175885,4.787500000000001,4.297556717767929
1841.F06312,20,1841,1841:CUB051,male,head,20260906,0,23.85579828379381,23.95625,20.49165745153932,3.85579828379381,3.9562500000000007,0.4916574515393215
1841.F06311,21,1841,1841:CUB026,male,head,20260906,0,23.85579828379381,23.45625,20.57933725051013,2.85579828379381,2.4562500000000007,0.42066274948987115
1841.F06310,21,1841,1841:CUB033,female,head,20260906,0,22.311783067771454,26.5625,26.53108608294851,1.3117830677714544,5.5625,5.531086082948509
1841.F06319,21,1841,1841:CUB000,female,head,20260906,0,22.311783067771454,25.93125,26.473773944239987,1.3117830677714544,4.931249999999999,5.473773944239987
1841.P16286,55,1841,1841:NAU149,male,hand,20260906,0,24.002005853999236,27.51875,21.31117647266927,30.997994146000764,27.48125,33.688823527330726
1841.P16281,19,1841,1841:NAU107,female,hand,20260906,0,22.403919415175885,22.175,23.004180929666305,3.403919415175885,3.1750000000000007,4.004180929666305
10317.000069039,33,10317,10317:65a6735483d4ca756511921efab48bd0d5eefe9702c613c1e3f7065f8b20659da904045df6fb243bf7e1be352dea97d0ceb0c7ccdca5fabb1fd01324d1e414cf,male,head,20260906,0,43.096951733765856,36.225,39.69870194598192,10.096951733765856,3.2250000000000014,6.698701945981917
1841.F05403,20,1841,1841:NAU123,male,head,20260906,0,23.85579828379381,23.46875,20.158369466521876,3.85579828379381,3.46875,0.15836946652187578
2010.1377,35,2010,2010:9,female,head,20260906,0,26.07098008607044,34.41875,28.71012337225526,8.929019913929562,0.5812499999999972,6.289876627744739
1841.P16137,19,1841,1841:NAU107,female,hand,20260906,0,22.403919415175885,23.10625,23.70477793234029,3.403919415175885,4.106249999999999,4.7047779323402885
1841.F06127,23,1841,1841:CUB053,female,head,20260906,0,22.311783067771454,28.08125,25.72182616263272,0.6882169322285456,5.081250000000001,2.72182616263272
1841.P15020,22,1841,1841:CUB040,male,hand,20260906,0,24.002005853999236,33.80625,30.984215017919603,2.0020058539992363,11.806249999999999,8.984215017919603
1841.P15012,23,1841,1841:CUB053,female,hand,20260906,0,22.403919415175885,23.69375,23.197283826634937,0.5960805848241151,0.6937500000000014,0.19728382663493704
1841.F06378,21,1841,1841:CUB000,female,head,20260906,0,22.311783067771454,25.61875,23.917759298560384,1.3117830677714544,4.618749999999999,2.9177592985603837
10317.000063416,36,10317,10317:702fbc8dfcb76217e73344a0a11dd54afca4b678302097929bc6cc1cadce5d5fc80da1e599a9d752eea1f081540d8b89772bcb670f71f2d38a11bdce484be812,female,head,20260906,0,47.78224808479702,38.6875,41.51097476940963,11.782248084797018,2.6875,5.5109747694096285
10317.000049831,61,10317,10317:d37889cdecdba46fdb19bb31c950ed36c9b3a1da31fbac08e9ee2ff35bc8af2ce5a4b24631b63e876500eb54df716ba82caddd429a437e61d996dab1bd51de32,female,head,20260906,0,47.78224808479702,40.16875,47.701859798522385,13.217751915202982,20.831249999999997,13.298140201477615
1841.P15237,20,1841,1841:CUB008,male,hand,20260906,0,24.002005853999236,25.85,21.675692644722016,4.002005853999236,5.850000000000001,1.675692644722016
1841.F05425,55,1841,1841:NAU149,male,head,20260906,0,23.85579828379381,29.04375,21.730202593791912,31.14420171620619,25.95625,33.269797406208085
10317.000003339,73,10317,10317:b8164f6522d265b137471f7142d4362a35a7a4dfd6f21aada5888456dda2bfbdda36900f4edf71d621587e3c79a92da70f421d07fe905890c57c4ec4d421335e,female,hand,20260906,0,47.1961018558434,45.94375,52.63124635438208,25.803898144156598,27.05625,20.36875364561792
1841.F05854,21,1841,1841:NAU106,female,head,20260906,0,22.311783067771454,25.83125,24.74284595379595,1.3117830677714544,4.831250000000001,3.7428459537959498
1841.F05857,21,1841,1841:NAU106,female,head,20260906,0,22.311783067771454,24.11875,24.749424446284504,1.3117830677714544,3.1187499999999986,3.749424446284504
1841.P16072,28,1841,1841:NAU103,female,hand,20260906,0,22.403919415175885,26.64375,23.465268034965316,5.596080584824115,1.3562499999999993,4.534731965034684
1841.P15038,21,1841,1841:CUB033,female,hand,20260906,0,22.403919415175885,24.3,26.25311023437068,1.403919415175885,3.3000000000000007,5.253110234370681
1841.P15036,21,1841,1841:CUB026,male,hand,20260906,0,24.002005853999236,24.39375,20.69397108110303,3.0020058539992363,3.3937500000000007,0.3060289188969705
1841.P15032,20,1841,1841:CUB008,male,hand,20260906,0,24.002005853999236,24.36875,22.742084382475156,4.002005853999236,4.368749999999999,2.7420843824751557
10317.000017775,56,10317,10317:95161bf754ca78bbc6736e1276a0c069dd937e05defae03a23b5b34bc3f3e0325898e86cd7fd838de6514fbeb888d6634c7497e3855ab1d45839d35295e2ba95,male,head,20260906,0,43.096951733765856,44.74375,45.44365814130205,12.903048266234144,11.256250000000001,10.556341858697948
1841.F06422,21,1841,1841:CUB033,female,head,20260906,0,22.311783067771454,23.93125,22.79601758325282,1.3117830677714544,2.9312499999999986,1.7960175832528193
1841.F06425,22,1841,1841:CUB040,male,head,20260906,0,23.85579828379381,24.275,24.27026061935435,1.8557982837938098,2.2749999999999986,2.2702606193543495
1841.F06424,22,1841,1841:CUB040,male,head,20260906,0,23.85579828379381,25.0875,23.093533984784703,1.8557982837938098,3.0874999999999986,1.0935339847847025
1841.F06428,20,1841,1841:CUB008,male,head,20260906,0,23.85579828379381,23.61875,22.045231044346508,3.85579828379381,3.6187499999999986,2.045231044346508
10317.000049763,52,10317,10317:00069244bd1f2b8987ec0be407f83eec727bd40dde9ff15d05497f7db0f60f551d4af74463256aae7abd00d1a3180ca506bd16e684d859304c2864b1c7e4a8f6,male,head,20260906,0,43.096951733765856,45.95625,45.38366938576407,8.903048266234144,6.043750000000003,6.6163306142359275
10317.000049762,52,10317,10317:00069244bd1f2b8987ec0be407f83eec727bd40dde9ff15d05497f7db0f60f551d4af74463256aae7abd00d1a3180ca506bd16e684d859304c2864b1c7e4a8f6,male,hand,20260906,0,42.828756362114376,41.18125,42.95691966307192,9.171243637885624,10.818750000000001,9.043080336928078
1841.P15294,21,1841,1841:CUB033,female,hand,20260906,0,22.403919415175885,24.975,23.688544191290028,1.403919415175885,3.9750000000000014,2.6885441912900276
1841.P15297,22,1841,1841:CUB040,male,hand,20260906,0,24.002005853999236,24.40625,22.962664808423405,2.0020058539992363,2.40625,0.9626648084234048
10317.000002088,52,10317,10317:d12b3488162547d96d3669a939c33c47bb7e94f9db76d64dbd76d7bcd6ccf5dc1c2202772cb5712605a51d28e9a8109105db0a01b5d13f55512047b95056356b,male,head,20260906,0,43.096951733765856,46.28125,45.1602711363094,8.903048266234144,5.71875,6.839728863690603
1841.F05456,55,1841,1841:NAU149,male,head,20260906,0,23.85579828379381,28.14375,22.7850996647688,31.14420171620619,26.85625,32.2149003352312
1841.P16246,20,1841,1841:NAU123,male,hand,20260906,0,24.002005853999236,26.0875,25.09384612799509,4.002005853999236,6.087499999999999,5.093846127995089
10317.000063450,29,10317,10317:012c33f74519c193ec10f17ef58846a7db07b462e5497db82c40fedc4ca3edac7e3c610143fdb11e0e0617da7dcd562ee2bf2be850227286ef06ab72c6361d25,male,head,20260906,0,43.096951733765856,56.88125,57.711184285118385,14.096951733765856,27.88125,28.711184285118385
10317.000041369,42,10317,10317:c9f8653bd4ebdf70f189788ed1bc962f7b89716eac15b10fba77e815cba9483cbb0ce452ea8acd0cd27b17a9a599ec7023e375a67fa1551bb8a70af168495dd3,male,head,20260906,0,43.096951733765856,39.93125,40.29129364783639,1.0969517337658559,2.0687500000000014,1.7087063521636097
1841.P15999,21,1841,1841:CUB026,male,hand,20260906,0,24.002005853999236,23.125,21.580320717508105,3.0020058539992363,2.125,0.5803207175081049
1841.F05871,28,1841,1841:NAU103,female,head,20260906,0,22.311783067771454,24.26875,23.25125205975402,5.688216932228546,3.7312499999999993,4.7487479402459805
1841.P16504,21,1841,1841:CUB000,female,hand,20260906,0,22.403919415175885,25.225,26.181222741935866,1.403919415175885,4.225000000000001,5.181222741935866
10317.000007131,39,10317,10317:8b672a386ead28ace9c7eaea68003a8d0be6651cf9544c799a49155c372bc6524d53fd7aae5b008caced52ac352c5fe0a4810a846032621cf2d9fc79200e1218,unknown,hand,20260906,0,43.792443378366656,40.61875,43.61534278254955,4.792443378366656,1.6187499999999986,4.615342782549547
1841.F06407,21,1841,1841:CUB003,female,head,20260906,0,22.311783067771454,26.3875,25.872822378048337,1.3117830677714544,5.387499999999999,4.872822378048337
1841.F06405,23,1841,1841:CUB028,male,head,20260906,0,23.85579828379381,22.725,21.244656811816085,0.8557982837938098,0.2749999999999986,1.7553431881839145
1841.F06403,23,1841,1841:CUB028,male,head,20260906,0,23.85579828379381,22.50625,20.69604296190387,0.8557982837938098,0.4937499999999986,2.3039570380961294
1841.F05603,21,1841,1841:CUB003,female,head,20260906,0,22.311783067771454,23.14375,23.63478975408248,1.3117830677714544,2.1437500000000007,2.6347897540824796
1841.F05605,23,1841,1841:CUB028,male,head,20260906,0,23.85579828379381,22.03125,20.833108147010737,0.8557982837938098,0.96875,2.166891852989263
1841.F05608,23,1841,1841:CUB053,female,head,20260906,0,22.311783067771454,24.14375,23.15094771932405,0.6882169322285456,1.1437500000000007,0.15094771932405138
1841.F05461,55,1841,1841:NAU149,male,head,20260906,0,23.85579828379381,25.9875,21.9478345576439,31.14420171620619,29.0125,33.0521654423561
1841.F05468,22,1841,1841:NAU137,female,head,20260906,0,22.311783067771454,22.1,21.62082829058536,0.31178306777145437,0.10000000000000142,0.3791717094146385
1841.P16197,19,1841,1841:NAU107,female,hand,20260906,0,22.403919415175885,21.94375,22.969161328698146,3.403919415175885,2.9437500000000014,3.9691613286981458
2010.3131,31,2010,2010:43,female,head,20260906,0,26.07098008607044,34.10625,25.5721029387201,4.929019913929562,3.106250000000003,5.4278970612799
1841.F05813,20,1841,1841:NAU110,female,head,20260906,0,22.311783067771454,28.55,23.1119800760576,2.3117830677714544,8.55,3.1119800760575984
1841.P16527,21,1841,1841:CUB026,male,hand,20260906,0,24.002005853999236,22.475,19.722812133285785,3.0020058539992363,1.4750000000000014,1.2771878667142147
1841.F06352,20,1841,1841:CUB008,male,head,20260906,0,23.85579828379381,22.95,21.51735971834677,3.85579828379381,2.9499999999999993,1.5173597183467713
1841.F06356,20,1841,1841:CUB008,male,head,20260906,0,23.85579828379381,23.3,21.938081518758143,3.85579828379381,3.3000000000000007,1.9380815187581426
1841.F06467,22,1841,1841:CUB040,male,head,20260906,0,23.85579828379381,28.1125,23.523542416206418,1.8557982837938098,6.112500000000001,1.5235424162064177
1841.F06391,21,1841,1841:CUB026,male,head,20260906,0,23.85579828379381,23.70625,20.88543344725479,2.85579828379381,2.7062500000000007,0.11456655274520955
1841.F06462,20,1841,1841:CUB051,male,head,20260906,0,23.85579828379381,24.26875,22.765023990863043,3.85579828379381,4.268750000000001,2.7650239908630425
1841.F05664,22,1841,1841:CUB040,male,head,20260906,0,23.85579828379381,24.55,23.08493684552001,1.8557982837938098,2.5500000000000007,1.0849368455200086
1841.F05662,21,1841,1841:CUB003,female,head,20260906,0,22.311783067771454,22.625,22.45690686445744,1.3117830677714544,1.625,1.4569068644574408
1841.F05660,20,1841,1841:CUB008,male,head,20260906,0,23.85579828379381,24.5,23.226550940940847,3.85579828379381,4.5,3.2265509409408466
1841.F05661,21,1841,1841:CUB000,female,head,20260906,0,22.311783067771454,26.19375,26.37816361404492,1.3117830677714544,5.193750000000001,5.378163614044919
1841.P16200,21,1841,1841:NAU106,female,hand,20260906,0,22.403919415175885,23.73125,22.93566685856762,1.403919415175885,2.7312499999999993,1.9356668585676218
1841.F05487,20,1841,1841:NAU123,male,head,20260906,0,23.85579828379381,23.96875,22.3100294799978,3.85579828379381,3.96875,2.3100294799978016
1841.F05484,21,1841,1841:NAU106,female,head,20260906,0,22.311783067771454,21.9,22.194059099683592,1.3117830677714544,0.8999999999999986,1.1940590996835923
2010.3117,31,2010,2010:41,female,head,20260906,0,26.07098008607044,34.84375,25.009037983407012,4.929019913929562,3.84375,5.990962016592988
1841.F05833,30,1841,1841:NAU108,female,head,20260906,0,22.311783067771454,25.75,23.85051771079553,7.688216932228546,4.25,6.149482289204471
1841.F05836,28,1841,1841:NAU103,female,head,20260906,0,22.311783067771454,25.85,24.009617579992167,5.688216932228546,2.1499999999999986,3.9903824200078333
1841.F05835,19,1841,1841:NAU107,female,head,20260906,0,22.311783067771454,22.8625,22.969337726186684,3.3117830677714544,3.8625000000000007,3.9693377261866836
1841.F05834,30,1841,1841:NAU108,female,head,20260906,0,22.311783067771454,26.11875,25.25300994882373,7.688216932228546,3.8812500000000014,4.746990051176269
1841.F05629,21,1841,1841:CUB033,female,head,20260906,0,22.311783067771454,23.26875,23.97161049085507,1.3117830677714544,2.2687500000000007,2.9716104908550705
1841.P16541,21,1841,1841:CUB033,female,hand,20260906,0,22.403919415175885,24.625,25.609141709273967,1.403919415175885,3.625,4.609141709273967
1841.P16016,19,1841,1841:NAU107,female,hand,20260906,0,22.403919415175885,22.76875,22.82255660500751,3.403919415175885,3.7687500000000007,3.8225566050075095
1841.P16015,55,1841,1841:NAU149,male,hand,20260906,0,24.002005853999236,25.1125,22.14057940419576,30.997994146000764,29.8875,32.85942059580424
10317.000028935,49,10317,10317:59c5a0dcd9d6d45203241bf0d68b0edca829b4582f84f330ac3af24222033b834f16c878479c24ee630d0f140e43b819dacac90ab05a15289947fda4549dfdec,male,head,20260906,0,43.096951733765856,46.95,47.1993310078044,5.903048266234144,2.049999999999997,1.8006689921955967
10317.000002212,69,10317,10317:576a03c295c356d35a0d25b2110dd88b3617bd98ae2ff786f650e35db756be0c2368e573093bcfce63e963af568b1198c749606c6e11a98ea707a8a38b2cb1b3,female,hand,20260906,0,47.1961018558434,46.73125,50.428549811677854,21.803898144156598,22.268749999999997,18.571450188322146
1841.F05442,20,1841,1841:NAU110,female,head,20260906,0,22.311783067771454,27.05625,24.071324676018257,2.3117830677714544,7.056249999999999,4.071324676018257
1841.F05644,22,1841,1841:CUB040,male,head,20260906,0,23.85579828379381,27.95625,21.98750431232111,1.8557982837938098,5.956250000000001,0.012495687678889311
1841.P16222,20,1841,1841:NAU123,male,hand,20260906,0,24.002005853999236,25.41875,22.7944123806468,4.002005853999236,5.418749999999999,2.7944123806468006
1841.F05841,30,1841,1841:NAU108,female,head,20260906,0,22.311783067771454,25.1875,23.81869997000105,7.688216932228546,4.8125,6.181300029998951
10317.000015465,69,10317,10317:f468dfbfdc239f0e3bbe1de592c866535d2e70f74b05af2999cd5ac5b39818383c58a904146c605bc773f87fac2da08ddde7d4bedced3110d5c1d3b15657f73e,male,hand,20260906,0,42.828756362114376,44.36875,44.59528932306647,26.171243637885624,24.63125,24.404710676933533
10317.000007034,43,10317,10317:24db95a0fff05317ac8b5599cf1761f34d17a8c471ebd2076362229133486e3aacd033d8185a95ec741839e8194f0f1ea58128c7c0ff69e8f994f15d4f5e3f1d,male,head,20260906,0,43.096951733765856,45.375,44.08352459054538,0.09695173376585586,2.375,1.0835245905453803
10317.000005431,36,10317,10317:ca094c456996ab8a9ad0f33489c86fed9f280451a6cc84da275911ae7897e6bad66f0f5976a12854a9da9b8e65cc31dc6c689b846ae257ca5841dd6d1296e0ec,unknown,hand,20260906,0,43.792443378366656,39.81875,43.74776327967229,7.792443378366656,3.8187500000000014,7.7477632796722915
10317.000005430,36,10317,10317:ca094c456996ab8a9ad0f33489c86fed9f280451a6cc84da275911ae7897e6bad66f0f5976a12854a9da9b8e65cc31dc6c689b846ae257ca5841dd6d1296e0ec,unknown,hand,20260906,0,43.792443378366656,38.65,44.54835723453763,7.792443378366656,2.6499999999999986,8.548357234537633
10317.000005432,36,10317,10317:ca094c456996ab8a9ad0f33489c86fed9f280451a6cc84da275911ae7897e6bad66f0f5976a12854a9da9b8e65cc31dc6c689b846ae257ca5841dd6d1296e0ec,unknown,head,20260906,0,42.736003748769264,39.0125,43.45619350043135,6.736003748769264,3.012500000000003,7.456193500431347
1841.F06550,22,1841,1841:CUB040,male,head,20260906,0,23.85579828379381,27.2375,22.963265920019193,1.8557982837938098,5.237500000000001,0.9632659200191931
1841.F06485,20,1841,1841:CUB008,male,head,20260906,0,23.85579828379381,23.3125,21.904933088471875,3.85579828379381,3.3125,1.904933088471875
1841.F06483,21,1841,1841:CUB000,female,head,20260906,0,22.311783067771454,24.3125,23.703133920240266,1.3117830677714544,3.3125,2.7031339202402656
1841.P16563,23,1841,1841:CUB053,female,hand,20260906,0,22.403919415175885,27.625,24.47671558221805,0.5960805848241151,4.625,1.4767155822180484
2010.3092,31,2010,2010:41,female,head,20260906,0,26.07098008607044,36.9,25.51284006655138,4.929019913929562,5.899999999999999,5.48715993344862
1841.F05119,21,1841,1841:NAU106,female,head,20260906,0,22.311783067771454,22.9125,23.66861029867775,1.3117830677714544,1.9125000000000014,2.6686102986777485
10317.000049825,38,10317,10317:810a1cfb40a1b8da310e777113e7a6fa79ef435b2348c768e4213fd5c5dc7e3b2dfebad107eeb75d35a31c7a30a00b8e06c8bf1e32f03c95301328ac8be56fbf,male,hand,20260906,0,42.828756362114376,41.275,44.19156126942093,4.828756362114376,3.2749999999999986,6.19156126942093
1841.P16602,22,1841,1841:CUB040,male,hand,20260906,0,24.002005853999236,31.6625,26.288392263031625,2.0020058539992363,9.662500000000001,4.288392263031625
1841.P16603,21,1841,1841:CUB033,female,hand,20260906,0,22.403919415175885,22.18125,24.831591361119905,1.403919415175885,1.1812499999999986,3.831591361119905
1841.P16600,21,1841,1841:CUB003,female,hand,20260906,0,22.403919415175885,28.7375,25.08267383391704,1.403919415175885,7.737500000000001,4.082673833917038
1841.P15990,23,1841,1841:CUB028,male,hand,20260906,0,24.002005853999236,22.45,21.13186450208142,1.0020058539992363,0.5500000000000007,1.8681354979185798
1841.F05561,21,1841,1841:NAU106,female,head,20260906,0,22.311783067771454,22.95625,23.06839960734092,1.3117830677714544,1.9562500000000007,2.0683996073409183
10317.000047841,56,10317,10317:0bcb4e3d31b0b117c3b6fa86fc51584ae6a9aa505a981882486f137cc53b9ca3d82e6e63f354b102ed104a17e902d66783bd63854c3549b887a4be67e55128ab,female,hand,20260906,0,47.1961018558434,39.1375,42.84148529716297,8.803898144156598,16.862499999999997,13.158514702837032
10317.000005088,34,10317,10317:b74b978649567cb54fc875fffd91ae1e96fe51d67ba3b37beafd17700ef6cc8174703285ab46d656b674c96a535fb1c24429eee1b4c50b47eedb924ba7c66a50,male,head,20260906,0,43.096951733765856,43.60625,44.5382706522889,9.096951733765856,9.606250000000003,10.538270652288901
10317.000005084,34,10317,10317:b74b978649567cb54fc875fffd91ae1e96fe51d67ba3b37beafd17700ef6cc8174703285ab46d656b674c96a535fb1c24429eee1b4c50b47eedb924ba7c66a50,male,hand,20260906,0,42.828756362114376,44.76875,45.0015357982653,8.828756362114376,10.768749999999997,11.001535798265301
10317.000005086,34,10317,10317:b74b978649567cb54fc875fffd91ae1e96fe51d67ba3b37beafd17700ef6cc8174703285ab46d656b674c96a535fb1c24429eee1b4c50b47eedb924ba7c66a50,male,hand,20260906,0,42.828756362114376,42.8875,43.862242099841346,8.828756362114376,8.887500000000003,9.862242099841346
1841.F06545,20,1841,1841:CUB051,male,head,20260906,0,23.85579828379381,25.40625,21.56524095699113,3.85579828379381,5.40625,1.5652409569911292
1841.P15531,20,1841,1841:NAU123,male,hand,20260906,0,24.002005853999236,30.1375,27.278735010880094,4.002005853999236,10.1375,7.278735010880094
1841.P15530,22,1841,1841:NAU137,female,hand,20260906,0,22.403919415175885,24.06875,23.166158359277325,0.4039194151758849,2.0687500000000014,1.1661583592773255
1841.F05619,21,1841,1841:CUB000,female,head,20260906,0,22.311783067771454,26.09375,25.368706683303294,1.3117830677714544,5.09375,4.368706683303294
1841.F05613,23,1841,1841:CUB028,male,head,20260906,0,23.85579828379381,24.875,22.917802934811487,0.8557982837938098,1.875,0.08219706518851311
1841.P15708,19,1841,1841:NAU107,female,hand,20260906,0,22.403919415175885,23.3375,23.885351252247577,3.403919415175885,4.337499999999999,4.8853512522475775
1841.P15704,21,1841,1841:NAU106,female,hand,20260906,0,22.403919415175885,23.54375,23.787315135693625,1.403919415175885,2.5437499999999993,2.7873151356936248
2010.3050,31,2010,2010:41,female,head,20260906,0,26.07098008607044,34.21875,27.946712774004983,4.929019913929562,3.21875,3.0532872259950175
1841.F05155,19,1841,1841:NAU107,female,head,20260906,0,22.311783067771454,23.25625,23.9504402744216,3.3117830677714544,4.256250000000001,4.950440274421599
1841.F05157,20,1841,1841:NAU110,female,head,20260906,0,22.311783067771454,29.56875,26.600673539244458,2.3117830677714544,9.568750000000001,6.6006735392444575
1841.F05151,22,1841,1841:NAU137,female,head,20260906,0,22.311783067771454,21.88125,23.433826843802915,0.31178306777145437,0.11874999999999858,1.4338268438029154
1841.P16391,55,1841,1841:NAU149,male,hand,20260906,0,24.002005853999236,29.68125,22.41715099281677,30.997994146000764,25.31875,32.58284900718323
1841.P16394,28,1841,1841:NAU103,female,hand,20260906,0,22.403919415175885,25.08125,23.58918985251208,5.596080584824115,2.9187499999999993,4.410810147487918
10317.000063315,25,10317,10317:42aad521c038df949fad8060826afdde769401bb8b33ad632fd3209cd6d04c4e5106446ce4aef7bc16b30a904ca2d9896b24cf2ebff3881ae31264873b61c661,male,hand,20260906,0,42.828756362114376,35.2875,38.42512102891265,17.828756362114376,10.287500000000001,13.425121028912649
1841.F06564,23,1841,1841:CUB053,female,head,20260906,0,22.311783067771454,22.4,22.289565485301495,0.6882169322285456,0.6000000000000014,0.7104345146985054
1841.F05525,20,1841,1841:NAU123,male,head,20260906,0,23.85579828379381,23.30625,20.943444948907416,3.85579828379381,3.3062499999999986,0.9434449489074161
1841.F05521,19,1841,1841:NAU107,female,head,20260906,0,22.311783067771454,24.33125,21.296443080884313,3.3117830677714544,5.331250000000001,2.2964430808843126
1841.F05529,22,1841,1841:NAU137,female,head,20260906,0,22.311783067771454,23.84375,22.139669469670824,0.31178306777145437,1.84375,0.1396694696708245
1841.P16099,20,1841,1841:NAU110,female,hand,20260906,0,22.403919415175885,31.85625,25.74081347098908,2.403919415175885,11.85625,5.740813470989082
10317.000002296,59,10317,10317:1cdc297c8f2ba505978edaff0ca8a91960f6e37bcadd2d77435d2c65097bb57ad3ff6cc0fa9a2fb4694f352f0371cbd3faae7bad89ff335242858790807507c1,female,hand,20260906,0,47.1961018558434,44.8875,48.955179570890024,11.803898144156598,14.112499999999997,10.044820429109976
1841.P15726,55,1841,1841:NAU149,male,hand,20260906,0,24.002005853999236,33.1625,24.160161146723706,30.997994146000764,21.8375,30.839838853276294
1841.P15728,20,1841,1841:NAU110,female,hand,20260906,0,22.403919415175885,29.125,23.91679831253982,2.403919415175885,9.125,3.9167983125398216
1841.F06226,55,1841,1841:NAU149,male,head,20260906,0,23.85579828379381,26.49375,22.875164645941183,31.14420171620619,28.50625,32.12483535405882
1841.F06220,20,1841,1841:NAU123,male,head,20260906,0,23.85579828379381,21.80625,20.538434305105017,3.85579828379381,1.8062499999999986,0.5384343051050173
10317.000049845,35,10317,10317:88f4fbcf0ceb456e7f8e8447af039f0dc2670ad52972600d23a04b60152370409f6b57086023803ce52591376f998806f80e260d50d06764bbb66d26d1b5553e,female,hand,20260906,0,47.1961018558434,39.25625,43.62208476386203,12.196101855843402,4.256250000000001,8.622084763862027
1841.F05500,22,1841,1841:NAU137,female,head,20260906,0,22.311783067771454,21.9375,21.643670125273317,0.31178306777145437,0.0625,0.35632987472668276
1841.F06436,21,1841,1841:CUB003,female,head,20260906,0,22.311783067771454,27.4125,24.751440909100655,1.3117830677714544,6.412500000000001,3.751440909100655
10317.000015253,34,10317,10317:b74b978649567cb54fc875fffd91ae1e96fe51d67ba3b37beafd17700ef6cc8174703285ab46d656b674c96a535fb1c24429eee1b4c50b47eedb924ba7c66a50,male,hand,20260906,0,42.828756362114376,41.425,40.94769201775065,8.828756362114376,7.424999999999997,6.947692017750647
10317.000015252,34,10317,10317:b74b978649567cb54fc875fffd91ae1e96fe51d67ba3b37beafd17700ef6cc8174703285ab46d656b674c96a535fb1c24429eee1b4c50b47eedb924ba7c66a50,male,head,20260906,0,43.096951733765856,42.06875,41.0094714720033,9.096951733765856,8.068750000000001,7.009471472003298
10317.000015255,34,10317,10317:b74b978649567cb54fc875fffd91ae1e96fe51d67ba3b37beafd17700ef6cc8174703285ab46d656b674c96a535fb1c24429eee1b4c50b47eedb924ba7c66a50,male,hand,20260906,0,42.828756362114376,41.88125,40.86195976269078,8.828756362114376,7.881250000000001,6.8619597626907805
10317.000049745,64,10317,10317:b03b7d707e125ba38f6ae4345eb6389f63c2caed719f3d69552e392dbe3d40c17b9f8b97c1e801df3731171dea8ebdb990b7f88d87da78c626beccba0003cf7f,female,head,20260906,0,47.78224808479702,43.2375,48.08100556827553,16.21775191520298,20.762500000000003,15.918994431724471
1841.P15742,20,1841,1841:NAU110,female,hand,20260906,0,22.403919415175885,29.475,25.632620858346613,2.403919415175885,9.475000000000001,5.632620858346613
1841.P15740,55,1841,1841:NAU149,male,hand,20260906,0,24.002005853999236,27.23125,22.28334196756204,30.997994146000764,27.76875,32.71665803243796
1841.P15969,20,1841,1841:CUB051,male,hand,20260906,0,24.002005853999236,35.41875,28.59398860993282,4.002005853999236,15.418750000000003,8.593988609932818
10317.000035234,69,10317,10317:f468dfbfdc239f0e3bbe1de592c866535d2e70f74b05af2999cd5ac5b39818383c58a904146c605bc773f87fac2da08ddde7d4bedced3110d5c1d3b15657f73e,male,head,20260906,0,43.096951733765856,46.00625,46.51304806087346,25.903048266234144,22.99375,22.48695193912654
1841.F06243,55,1841,1841:NAU149,male,head,20260906,0,23.85579828379381,28.7375,23.046536065081487,31.14420171620619,26.2625,31.953463934918513
10317.000049905,69,10317,10317:f468dfbfdc239f0e3bbe1de592c866535d2e70f74b05af2999cd5ac5b39818383c58a904146c605bc773f87fac2da08ddde7d4bedced3110d5c1d3b15657f73e,male,hand,20260906,0,42.828756362114376,42.76875,42.74148712347624,26.171243637885624,26.231250000000003,26.25851287652376
10317.000006851,73,10317,10317:7705669a351542f9add9390a0a093824f81095a819993d82ab0d00eb2120ac34a953c451ff892c8c30e3f1b8f7630625d2ebb4d0e8512526a243025795e51eb7,male,head,20260906,0,43.096951733765856,41.35,42.463318143441846,29.903048266234144,31.65,30.536681856558154
2010.1447,25,2010,2010:3,female,head,20260906,0,26.07098008607044,37.6125,31.09706460111949,1.0709800860704384,12.612499999999997,6.0970646011194916
10317.000003550,72,10317,10317:fcb45b6f64ab0b3167524aaa234945c75702e9f45b361a7f3af87c2938b4b5bf8244dd705f8119adf55ee8532be48dc7d72387952b30d9ccda48bdc05fec5797,female,hand,20260906,0,47.1961018558434,51.6375,47.8659474905261,24.803898144156598,20.362499999999997,24.134052509473896
1841.P16545,20,1841,1841:CUB051,male,hand,20260906,0,24.002005853999236,25.3375,22.060521849234306,4.002005853999236,5.337499999999999,2.0605218492343056
1841.P16556,23,1841,1841:CUB053,female,hand,20260906,0,22.403919415175885,23.425,23.28100335832799,0.5960805848241151,0.4250000000000007,0.2810033583279896
1841.F06526,23,1841,1841:CUB028,male,head,20260906,0,23.85579828379381,23.7375,21.791374180737453,0.8557982837938098,0.7375000000000007,1.2086258192625472
1841.F06520,21,1841,1841:CUB026,male,head,20260906,0,23.85579828379381,24.2375,21.61508969886422,2.85579828379381,3.2375000000000007,0.6150896988642209
1841.P15086,22,1841,1841:CUB040,male,hand,20260906,0,24.002005853999236,29.0125,23.28893006966849,2.0020058539992363,7.012499999999999,1.2889300696684884
1841.P15224,22,1841,1841:CUB040,male,hand,20260906,0,24.002005853999236,26.34375,22.603050523885425,2.0020058539992363,4.34375,0.6030505238854253
1841.F06291,21,1841,1841:NAU106,female,head,20260906,0,22.311783067771454,23.35625,22.49899139035271,1.3117830677714544,2.3562499999999993,1.4989913903527103
2010.1474,35,2010,2010:9,female,head,20260906,0,26.07098008607044,35.55,27.920035963170907,8.929019913929562,0.5499999999999972,7.079964036829093
1841.P15948,20,1841,1841:CUB008,male,hand,20260906,0,24.002005853999236,22.55,22.09980845645366,4.002005853999236,2.5500000000000007,2.0998084564536583
1841.P15764,28,1841,1841:NAU103,female,hand,20260906,0,22.403919415175885,25.68125,23.81170318356275,5.596080584824115,2.3187500000000014,4.188296816437251
1841.P15941,23,1841,1841:CUB028,male,hand,20260906,0,24.002005853999236,22.45,20.355542532098628,1.0020058539992363,0.5500000000000007,2.644457467901372
1841.P15945,21,1841,1841:CUB003,female,hand,20260906,0,22.403919415175885,23.3875,23.55165941490545,1.403919415175885,2.3874999999999993,2.5516594149054512
1841.P15762,22,1841,1841:NAU137,female,hand,20260906,0,22.403919415175885,22.125,23.338888164561165,0.4039194151758849,0.125,1.3388881645611654
1841.F05247,28,1841,1841:NAU103,female,head,20260906,0,22.311783067771454,26.74375,23.32284345293136,5.688216932228546,1.2562500000000014,4.677156547068641
1841.P16339,55,1841,1841:NAU149,male,hand,20260906,0,24.002005853999236,28.8375,23.05740935732983,30.997994146000764,26.1625,31.94259064267017
10317.000066855,27,10317,10317:73bf3573928ab6f8e0dbef1783c99aa8c96f8a341909051dbaaf5e003778464fdf40cee56b971bea2c557859ebdc3351dddc89230df6458726716c8fe13e3583,female,hand,20260906,0,47.1961018558434,35.8375,36.73206135451328,20.196101855843402,8.837499999999999,9.732061354513277
1841.F05469,28,1841,1841:NAU103,female,head,20260906,0,22.311783067771454,25.4125,23.92352941878198,5.688216932228546,2.5874999999999986,4.076470581218022
1841.P15207,23,1841,1841:CUB028,male,hand,20260906,0,24.002005853999236,24.35,21.208649362936477,1.0020058539992363,1.3500000000000014,1.7913506370635233
1841.P15205,21,1841,1841:CUB003,female,hand,20260906,0,22.403919415175885,31.15625,30.438237052829884,1.403919415175885,10.15625,9.438237052829884
1841.P15201,23,1841,1841:CUB028,male,hand,20260906,0,24.002005853999236,23.28125,21.568898714273075,1.0020058539992363,0.28125,1.4311012857269247
1841.P15209,21,1841,1841:CUB033,female,hand,20260906,0,22.403919415175885,26.88125,26.541883597800048,1.403919415175885,5.881250000000001,5.541883597800048
2010.3011,31,2010,2010:41,female,head,20260906,0,26.07098008607044,33.78125,23.740580831893567,4.929019913929562,2.78125,7.259419168106433
1841.P16165,55,1841,1841:NAU149,male,hand,20260906,0,24.002005853999236,25.8375,22.111800692791835,30.997994146000764,29.1625,32.88819930720817
1841.P15928,21,1841,1841:CUB033,female,hand,20260906,0,22.403919415175885,26.1375,26.73379939076053,1.403919415175885,5.137499999999999,5.733799390760531
1841.P15922,21,1841,1841:CUB033,female,hand,20260906,0,22.403919415175885,23.43125,25.545614576687907,1.403919415175885,2.4312499999999986,4.545614576687907
1841.P15923,21,1841,1841:CUB000,female,hand,20260906,0,22.403919415175885,26.05,24.525002615239178,1.403919415175885,5.050000000000001,3.5250026152391776
1841.F06288,55,1841,1841:NAU149,male,head,20260906,0,23.85579828379381,32.30625,24.085875901100117,31.14420171620619,22.69375,30.914124098899883
1841.F06282,55,1841,1841:NAU149,male,head,20260906,0,23.85579828379381,27.825,22.84386949436765,31.14420171620619,27.175,32.15613050563235
10317.000005289,69,10317,10317:f468dfbfdc239f0e3bbe1de592c866535d2e70f74b05af2999cd5ac5b39818383c58a904146c605bc773f87fac2da08ddde7d4bedced3110d5c1d3b15657f73e,male,head,20260906,0,43.096951733765856,47.81875,47.18567846991242,25.903048266234144,21.18125,21.814321530087582
10317.000033429,62,10317,10317:1b595cbd54b82f80c4b023585b3a8baad15d027aab0c5b04a69b8c3e9e5d48bfcb2d532872548685bc12d0c706255362bb8a230524186fc6cc64f429295eb166,female,hand,20260906,0,47.1961018558434,48.81875,48.34706395366709,14.803898144156598,13.181249999999999,13.652936046332911
1841.F05229,22,1841,1841:NAU137,female,head,20260906,0,22.311783067771454,22.63125,22.12418098229994,0.31178306777145437,0.6312500000000014,0.12418098229994001
1841.F05223,21,1841,1841:NAU106,female,head,20260906,0,22.311783067771454,23.21875,21.771346572995203,1.3117830677714544,2.21875,0.7713465729952027
1841.P16310,20,1841,1841:NAU110,female,hand,20260906,0,22.403919415175885,32.20625,23.69873997341054,2.403919415175885,12.206249999999997,3.6987399734105395
1841.P16313,20,1841,1841:NAU123,male,hand,20260906,0,24.002005853999236,32.35,33.84977331828442,4.002005853999236,12.350000000000001,13.84977331828442
10317.000071442,22,10317,10317:3f7869fcd99617b9f2bf18fbf0bd9979e5887887afaedf57e4fde973b8756b3be0e2e24ed76f875086eaf6c006b354b48c001d1a162093cbffe2caa0db0ecffc,male,head,20260906,0,43.096951733765856,37.8125,40.65969226097904,21.096951733765856,15.8125,18.659692260979043
10317.000028832,36,10317,10317:3c63e41945a68fe74a43d054231d84ae90b185102915cbf4e13a11155b618c9d46daa02e507790f8529e4ff507dcc94f8b67e321b3ad761e17dfadff23c89742,male,head,20260906,0,43.096951733765856,41.31875,42.09599583470164,7.096951733765856,5.318750000000001,6.09599583470164
1841.P15045,22,1841,1841:CUB040,male,hand,20260906,0,24.002005853999236,23.075,23.005397830159627,2.0020058539992363,1.0749999999999993,1.0053978301596267
1841.P15599,20,1841,1841:NAU123,male,hand,20260906,0,24.002005853999236,22.76875,20.88889002077144,4.002005853999236,2.7687500000000007,0.8888900207714414
1841.P15596,19,1841,1841:NAU107,female,hand,20260906,0,22.403919415175885,21.8875,22.016003282631747,3.403919415175885,2.8874999999999993,3.016003282631747
1841.P15267,21,1841,1841:CUB003,female,hand,20260906,0,22.403919415175885,23.8125,23.880010780943262,1.403919415175885,2.8125,2.8800107809432625
1841.P15260,21,1841,1841:CUB000,female,hand,20260906,0,22.403919415175885,25.775,25.85979980998982,1.403919415175885,4.774999999999999,4.85979980998982
1841.P15059,23,1841,1841:CUB028,male,hand,20260906,0,24.002005853999236,23.875,22.684199172579486,1.0020058539992363,0.875,0.31580082742051374
1841.F05692,21,1841,1841:CUB003,female,head,20260906,0,22.311783067771454,22.8625,22.34797347504408,1.3117830677714544,1.8625000000000007,1.3479734750440784
1841.P16104,30,1841,1841:NAU108,female,hand,20260906,0,22.403919415175885,25.8625,24.645597799056667,7.596080584824115,4.137499999999999,5.354402200943333
10317.000049759,52,10317,10317:00069244bd1f2b8987ec0be407f83eec727bd40dde9ff15d05497f7db0f60f551d4af74463256aae7abd00d1a3180ca506bd16e684d859304c2864b1c7e4a8f6,male,hand,20260906,0,42.828756362114376,40.3375,40.424559869962614,9.171243637885624,11.662500000000001,11.575440130037386
1841.F05550,20,1841,1841:NAU123,male,head,20260906,0,23.85579828379381,21.83125,19.831177726284384,3.85579828379381,1.8312500000000007,0.16882227371561598
1841.F05559,22,1841,1841:NAU137,female,head,20260906,0,22.311783067771454,22.4125,22.95728794174452,0.31178306777145437,0.4125000000000014,0.9572879417445215
1841.P15907,20,1841,1841:CUB008,male,hand,20260906,0,24.002005853999236,23.65625,22.51298241042602,4.002005853999236,3.65625,2.5129824104260194
1841.P15909,21,1841,1841:CUB003,female,hand,20260906,0,22.403919415175885,23.56875,24.05115217785842,1.403919415175885,2.5687500000000014,3.0511521778584196
10317.000004056,52,10317,10317:6d4586a1f7c90185bb4ec90e82083cc45b12d79db4919f699dc24cc403347dfd5df17e6008b69cf2b3109ddb41512f4d7a52c91b647c1b59bfd31e8057bfcb0f,male,hand,20260906,0,42.828756362114376,46.05625,46.607413322384474,9.171243637885624,5.943750000000001,5.392586677615526
1841.P15674,20,1841,1841:CUB008,male,hand,20260906,0,24.002005853999236,23.14375,21.86684085505738,4.002005853999236,3.1437500000000007,1.8668408550573794
1841.F05201,19,1841,1841:NAU107,female,head,20260906,0,22.311783067771454,23.08125,22.650880769792195,3.3117830677714544,4.081250000000001,3.6508807697921952
1841.P16370,20,1841,1841:NAU110,female,hand,20260906,0,22.403919415175885,34.5125,24.175501599511136,2.403919415175885,14.512500000000003,4.175501599511136
1841.F05884,20,1841,1841:NAU110,female,head,20260906,0,22.311783067771454,29.35,23.377986307674657,2.3117830677714544,9.350000000000001,3.3779863076746572
1841.P16590,23,1841,1841:CUB028,male,hand,20260906,0,24.002005853999236,23.675,21.020342205480933,1.0020058539992363,0.6750000000000007,1.979657794519067
1841.P16591,21,1841,1841:CUB033,female,hand,20260906,0,22.403919415175885,24.34375,23.898201483099893,1.403919415175885,3.34375,2.898201483099893
1841.F06586,21,1841,1841:CUB003,female,head,20260906,0,22.311783067771454,24.4625,22.846985729927837,1.3117830677714544,3.4624999999999986,1.8469857299278374
1841.F06584,22,1841,1841:CUB040,male,head,20260906,0,23.85579828379381,25.13125,23.107602604754938,1.8557982837938098,3.1312500000000014,1.1076026047549377
1841.F06583,21,1841,1841:CUB033,female,head,20260906,0,22.311783067771454,23.2875,24.203680995361022,1.3117830677714544,2.2875000000000014,3.2036809953610224
1841.F06580,21,1841,1841:CUB000,female,head,20260906,0,22.311783067771454,25.55625,25.98475870303338,1.3117830677714544,4.556249999999999,4.984758703033378
1841.F06581,21,1841,1841:CUB003,female,head,20260906,0,22.311783067771454,28.24375,26.48716163908068,1.3117830677714544,7.243749999999999,5.4871616390806786
1841.P15066,23,1841,1841:CUB053,female,hand,20260906,0,22.403919415175885,23.2,23.509379966626625,0.5960805848241151,0.1999999999999993,0.509379966626625
1841.P15060,22,1841,1841:CUB040,male,hand,20260906,0,24.002005853999236,27.6625,25.283503275718303,2.0020058539992363,5.662500000000001,3.283503275718303
1841.F06320,21,1841,1841:CUB033,female,head,20260906,0,22.311783067771454,25.38125,25.34416426134879,1.3117830677714544,4.381250000000001,4.344164261348791
1841.F06324,21,1841,1841:CUB033,female,head,20260906,0,22.311783067771454,24.45,25.064274073503924,1.3117830677714544,3.4499999999999993,4.064274073503924
1841.P15244,20,1841,1841:CUB051,male,hand,20260906,0,24.002005853999236,28.25,21.59069193429649,4.002005853999236,8.25,1.5906919342964905
1841.P15249,20,1841,1841:CUB008,male,hand,20260906,0,24.002005853999236,23.9875,22.09714759481223,4.002005853999236,3.9875000000000007,2.097147594812231
1841.F06297,55,1841,1841:NAU149,male,head,20260906,0,23.85579828379381,26.1125,23.97958410173698,31.14420171620619,28.8875,31.02041589826302
1841.P16298,55,1841,1841:NAU149,male,hand,20260906,0,24.002005853999236,30.51875,23.81618578049868,30.997994146000764,24.48125,31.18381421950132
1841.P16295,55,1841,1841:NAU149,male,hand,20260906,0,24.002005853999236,27.8,21.49669423252908,30.997994146000764,27.2,33.50330576747092
10317.000069046,33,10317,10317:65a6735483d4ca756511921efab48bd0d5eefe9702c613c1e3f7065f8b20659da904045df6fb243bf7e1be352dea97d0ceb0c7ccdca5fabb1fd01324d1e414cf,male,hand,20260906,0,42.828756362114376,34.0125,36.25175425678182,9.828756362114376,1.0125000000000028,3.2517542567818225
1841.F05412,21,1841,1841:NAU106,female,head,20260906,0,22.311783067771454,24.84375,22.636789844423905,1.3117830677714544,3.84375,1.6367898444239053
1841.F05674,21,1841,1841:CUB033,female,head,20260906,0,22.311783067771454,23.90625,23.357008156555544,1.3117830677714544,2.90625,2.357008156555544
2010.3180,31,2010,2010:41,female,head,20260906,0,26.07098008607044,34.7875,25.72195826309982,4.929019913929562,3.7875000000000014,5.278041736900182
1841.P16356,30,1841,1841:NAU108,female,hand,20260906,0,22.403919415175885,24.2,24.757156525376317,7.596080584824115,5.800000000000001,5.242843474623683
2010.1803,34,2010,2010:17,female,head,20260906,0,26.07098008607044,36.3125,27.628219802459903,7.929019913929562,2.3125,6.371780197540097
1841.P16524,21,1841,1841:CUB026,male,hand,20260906,0,24.002005853999236,24.1375,20.186648329694513,3.0020058539992363,3.1374999999999993,0.8133516703054866
1841.F05496,19,1841,1841:NAU107,female,head,20260906,0,22.311783067771454,23.95625,22.645878998051373,3.3117830677714544,4.956250000000001,3.645878998051373
1841.P15007,21,1841,1841:CUB003,female,hand,20260906,0,22.403919415175885,24.775,25.10785462024904,1.403919415175885,3.7749999999999986,4.107854620249039
1841.P15001,23,1841,1841:CUB028,male,hand,20260906,0,24.002005853999236,21.75625,20.109905558565845,1.0020058539992363,1.2437499999999986,2.8900944414341545
1841.P15003,23,1841,1841:CUB028,male,hand,20260906,0,24.002005853999236,22.3875,21.956218470037506,1.0020058539992363,0.6125000000000007,1.0437815299624944
1841.F06305,20,1841,1841:CUB008,male,head,20260906,0,23.85579828379381,24.79375,22.24314253426568,3.85579828379381,4.793749999999999,2.2431425342656794
10317.000049844,35,10317,10317:88f4fbcf0ceb456e7f8e8447af039f0dc2670ad52972600d23a04b60152370409f6b57086023803ce52591376f998806f80e260d50d06764bbb66d26d1b5553e,female,head,20260906,0,47.78224808479702,39.65,45.50870350612688,12.782248084797018,4.649999999999999,10.508703506126878
10317.000049848,35,10317,10317:88f4fbcf0ceb456e7f8e8447af039f0dc2670ad52972600d23a04b60152370409f6b57086023803ce52591376f998806f80e260d50d06764bbb66d26d1b5553e,female,hand,20260906,0,47.1961018558434,41.5375,42.00877511601748,12.196101855843402,6.537500000000001,7.008775116017482
10317.000068811,23,10317,10317:aa700130bf2ad84f7dfbd70f11a1ed544685dac3b0af8c4231219413d86330f5973915da8180c4eaa587cffc3aa156c9dafbf597461ddd6251fef35831bd365a,male,head,20260906,0,43.096951733765856,38.63125,38.91338541293446,20.096951733765856,15.631250000000001,15.91338541293446
10317.000031099,55,10317,10317:c652f7d5d732f3e629d4d90cf706462d9f50414ad33c8efbe370e13cba2467159fd00b1af99fda0aaa19aab27b068e2d581735424ec0b886d2867320bad0e931,male,head,20260906,0,43.096951733765856,42.63125,44.1809767693802,11.903048266234144,12.368749999999999,10.819023230619798
1841.P15634,23,1841,1841:CUB053,female,hand,20260906,0,22.403919415175885,22.09375,23.459722081064925,0.5960805848241151,0.90625,0.45972208106492474
1841.P15025,21,1841,1841:CUB003,female,hand,20260906,0,22.403919415175885,27.50625,24.4007579442168,1.403919415175885,6.506250000000001,3.4007579442167994
1841.F06362,22,1841,1841:CUB040,male,head,20260906,0,23.85579828379381,24.69375,21.94136104409121,1.8557982837938098,2.6937500000000014,0.058638955908790535
1841.F06361,20,1841,1841:CUB008,male,head,20260906,0,23.85579828379381,22.70625,21.555899641942403,3.85579828379381,2.7062500000000007,1.5558996419424034
1841.P15284,23,1841,1841:CUB053,female,hand,20260906,0,22.403919415175885,29.65,29.986944349907688,0.5960805848241151,6.649999999999999,6.986944349907688
1841.P15283,22,1841,1841:CUB040,male,hand,20260906,0,24.002005853999236,25.03125,23.73865577276226,2.0020058539992363,3.03125,1.738655772762261
10317.000015503,58,10317,10317:39bccde315a4d2e26bd21d11d8612666496433302b42a988f2e86dbe04d585b4ed30f82357ad21121e121b84ba5b37d2ecaf536b10e6faf7bae853217d2e1db6,male,head,20260906,0,43.096951733765856,41.8625,42.97541401089655,14.903048266234144,16.137500000000003,15.02458598910345
10317.000005290,69,10317,10317:f468dfbfdc239f0e3bbe1de592c866535d2e70f74b05af2999cd5ac5b39818383c58a904146c605bc773f87fac2da08ddde7d4bedced3110d5c1d3b15657f73e,male,hand,20260906,0,42.828756362114376,45.45625,44.96109061824766,26.171243637885624,23.543750000000003,24.03890938175234
10317.000015502,58,10317,10317:39bccde315a4d2e26bd21d11d8612666496433302b42a988f2e86dbe04d585b4ed30f82357ad21121e121b84ba5b37d2ecaf536b10e6faf7bae853217d2e1db6,male,hand,20260906,0,42.828756362114376,43.91875,44.7749112031287,15.171243637885624,14.081249999999997,13.225088796871297
1841.P15222,21,1841,1841:CUB000,female,hand,20260906,0,22.403919415175885,27.78125,27.738314779478532,1.403919415175885,6.78125,6.738314779478532
1841.F06170,20,1841,1841:CUB008,male,head,20260906,0,23.85579828379381,22.925,21.96250976329649,3.85579828379381,2.9250000000000007,1.9625097632964916
1841.F06175,20,1841,1841:CUB051,male,head,20260906,0,23.85579828379381,23.7,21.638309444722488,3.85579828379381,3.6999999999999993,1.6383094447224877
10317.000035236,69,10317,10317:f468dfbfdc239f0e3bbe1de592c866535d2e70f74b05af2999cd5ac5b39818383c58a904146c605bc773f87fac2da08ddde7d4bedced3110d5c1d3b15657f73e,male,hand,20260906,0,42.828756362114376,49.71875,46.96379092499874,26.171243637885624,19.28125,22.03620907500126
1841.P15612,20,1841,1841:CUB008,male,hand,20260906,0,24.002005853999236,23.5625,21.54914850392317,4.002005853999236,3.5625,1.5491485039231705
10317.000015463,69,10317,10317:f468dfbfdc239f0e3bbe1de592c866535d2e70f74b05af2999cd5ac5b39818383c58a904146c605bc773f87fac2da08ddde7d4bedced3110d5c1d3b15657f73e,male,head,20260906,0,43.096951733765856,42.63125,40.10907250982754,25.903048266234144,26.36875,28.89092749017246
10317.000015464,69,10317,10317:f468dfbfdc239f0e3bbe1de592c866535d2e70f74b05af2999cd5ac5b39818383c58a904146c605bc773f87fac2da08ddde7d4bedced3110d5c1d3b15657f73e,male,hand,20260906,0,42.828756362114376,41.1,42.51691346791196,26.171243637885624,27.9,26.483086532088038
1841.P16065,21,1841,1841:NAU106,female,hand,20260906,0,22.403919415175885,23.49375,24.599194654323153,1.403919415175885,2.4937499999999986,3.5991946543231528
1841.P16348,28,1841,1841:NAU103,female,hand,20260906,0,22.403919415175885,26.65625,22.847001007930995,5.596080584824115,1.34375,5.152998992069005
1841.F06433,21,1841,1841:CUB026,male,head,20260906,0,23.85579828379381,22.95625,21.814031743079077,2.85579828379381,1.9562500000000007,0.8140317430790773
10317.000063422,36,10317,10317:702fbc8dfcb76217e73344a0a11dd54afca4b678302097929bc6cc1cadce5d5fc80da1e599a9d752eea1f081540d8b89772bcb670f71f2d38a11bdce484be812,female,hand,20260906,0,47.1961018558434,37.475,41.2580753183462,11.196101855843402,1.4750000000000014,5.258075318346201
1841.F06349,21,1841,1841:CUB033,female,head,20260906,0,22.311783067771454,23.1125,24.310833062950216,1.3117830677714544,2.1125000000000007,3.3108330629502163
1841.F05470,19,1841,1841:NAU107,female,head,20260906,0,22.311783067771454,24.20625,22.40331854950938,3.3117830677714544,5.206250000000001,3.403318549509379
1841.F05477,20,1841,1841:NAU110,female,head,20260906,0,22.311783067771454,27.50625,24.585853423808228,2.3117830677714544,7.506250000000001,4.585853423808228
1841.P16181,28,1841,1841:NAU103,female,hand,20260906,0,22.403919415175885,28.58125,24.063788041421716,5.596080584824115,0.5812500000000007,3.9362119585782835
1841.P16183,22,1841,1841:NAU137,female,hand,20260906,0,22.403919415175885,22.39375,22.3847218227407,0.4039194151758849,0.3937500000000007,0.3847218227407012
10317.000006853,74,10317,10317:7705669a351542f9add9390a0a093824f81095a819993d82ab0d00eb2120ac34a953c451ff892c8c30e3f1b8f7630625d2ebb4d0e8512526a243025795e51eb7,male,hand,20260906,0,42.828756362114376,46.50625,46.10101614065054,31.171243637885624,27.49375,27.898983859349457
1841.F05869,30,1841,1841:NAU108,female,head,20260906,0,22.311783067771454,23.23125,23.56270129598878,7.688216932228546,6.768750000000001,6.437298704011219
10317.000007128,39,10317,10317:8b672a386ead28ace9c7eaea68003a8d0be6651cf9544c799a49155c372bc6524d53fd7aae5b008caced52ac352c5fe0a4810a846032621cf2d9fc79200e1218,unknown,head,20260906,0,42.736003748769264,45.81875,45.98417822181144,3.7360037487692637,6.818750000000001,6.98417822181144
10317.000007129,39,10317,10317:8b672a386ead28ace9c7eaea68003a8d0be6651cf9544c799a49155c372bc6524d53fd7aae5b008caced52ac352c5fe0a4810a846032621cf2d9fc79200e1218,unknown,hand,20260906,0,43.792443378366656,44.4625,47.01527762125261,4.792443378366656,5.462499999999999,8.015277621252608
1841.F05486,22,1841,1841:NAU137,female,head,20260906,0,22.311783067771454,24.3125,23.09919815943653,0.31178306777145437,2.3125,1.0991981594365292
10317.000063440,30,10317,10317:012c33f74519c193ec10f17ef58846a7db07b462e5497db82c40fedc4ca3edac7e3c610143fdb11e0e0617da7dcd562ee2bf2be850227286ef06ab72c6361d25,male,head,20260906,0,43.096951733765856,38.30625,39.76674568179993,13.096951733765856,8.306249999999999,9.766745681799932
10317.000063447,30,10317,10317:012c33f74519c193ec10f17ef58846a7db07b462e5497db82c40fedc4ca3edac7e3c610143fdb11e0e0617da7dcd562ee2bf2be850227286ef06ab72c6361d25,male,hand,20260906,0,42.828756362114376,36.75625,40.626880780565315,12.828756362114376,6.756250000000001,10.626880780565315
1841.F06412,23,1841,1841:CUB053,female,head,20260906,0,22.311783067771454,23.80625,23.24516987260506,0.6882169322285456,0.8062499999999986,0.24516987260506085
1841.F06413,20,1841,1841:CUB008,male,head,20260906,0,23.85579828379381,23.59375,21.16151853279009,3.85579828379381,3.59375,1.1615185327900903
1841.P15793,22,1841,1841:NAU137,female,hand,20260906,0,22.403919415175885,23.0625,22.01254302984297,0.4039194151758849,1.0625,0.012543029842969844
1841.P15798,21,1841,1841:NAU106,female,hand,20260906,0,22.403919415175885,25.0375,23.665498025780824,1.403919415175885,4.037500000000001,2.665498025780824
1841.P16531,23,1841,1841:CUB028,male,hand,20260906,0,24.002005853999236,22.19375,21.5909785093378,1.0020058539992363,0.8062499999999986,1.4090214906622016
1841.F05679,22,1841,1841:CUB040,male,head,20260906,0,23.85579828379381,27.0625,23.529548386908367,1.8557982837938098,5.0625,1.5295483869083668
1841.P16215,55,1841,1841:NAU149,male,hand,20260906,0,24.002005853999236,27.65,21.76285674697925,30.997994146000764,27.35,33.23714325302075
1841.P16210,20,1841,1841:NAU123,male,hand,20260906,0,24.002005853999236,29.90625,25.46508632802409,4.002005853999236,9.90625,5.465086328024089
1841.P16219,55,1841,1841:NAU149,male,hand,20260906,0,24.002005853999236,27.59375,22.260970009856432,30.997994146000764,27.40625,32.739029990143564
1841.P16218,22,1841,1841:NAU137,female,hand,20260906,0,22.403919415175885,23.73125,22.584138939651066,0.4039194151758849,1.7312499999999993,0.5841389396510657
1841.P15054,21,1841,1841:CUB026,male,hand,20260906,0,24.002005853999236,24.89375,22.140411751189532,3.0020058539992363,3.8937500000000007,1.1404117511895322
1841.F05491,22,1841,1841:NAU137,female,head,20260906,0,22.311783067771454,22.1625,21.984678922998377,0.31178306777145437,0.16250000000000142,0.015321077001622996
10317.000063380,40,10317,10317:df013012aa4de39f899aadbdfdd44572d593e9fa5238274ea143331982f2a039f09b846fef6ce0988eeda26205379399dfdb557ef64371f78334d6ee7beed928,male,head,20260906,0,43.096951733765856,33.9125,37.4321200879448,3.096951733765856,6.087499999999999,2.567879912055197
10317.000063387,40,10317,10317:df013012aa4de39f899aadbdfdd44572d593e9fa5238274ea143331982f2a039f09b846fef6ce0988eeda26205379399dfdb557ef64371f78334d6ee7beed928,male,hand,20260906,0,42.828756362114376,36.2875,36.86479499982317,2.828756362114376,3.7124999999999986,3.135205000176832
2010.3105,31,2010,2010:43,female,head,20260906,0,26.07098008607044,38.5875,28.909702899956415,4.929019913929562,7.587499999999999,2.0902971000435855
10317.000009724,39,10317,10317:8b672a386ead28ace9c7eaea68003a8d0be6651cf9544c799a49155c372bc6524d53fd7aae5b008caced52ac352c5fe0a4810a846032621cf2d9fc79200e1218,unknown,hand,20260906,0,43.792443378366656,43.01875,44.78822957760621,4.792443378366656,4.018749999999997,5.788229577606209
1841.P15551,22,1841,1841:NAU137,female,hand,20260906,0,22.403919415175885,23.1375,23.61223307653931,0.4039194151758849,1.1374999999999993,1.6122330765393116
10317.000009725,39,10317,10317:8b672a386ead28ace9c7eaea68003a8d0be6651cf9544c799a49155c372bc6524d53fd7aae5b008caced52ac352c5fe0a4810a846032621cf2d9fc79200e1218,unknown,head,20260906,0,42.736003748769264,41.60625,45.51852449270512,3.7360037487692637,2.606250000000003,6.518524492705119
10317.000009722,39,10317,10317:8b672a386ead28ace9c7eaea68003a8d0be6651cf9544c799a49155c372bc6524d53fd7aae5b008caced52ac352c5fe0a4810a846032621cf2d9fc79200e1218,unknown,hand,20260906,0,43.792443378366656,40.35625,43.67051124912402,4.792443378366656,1.3562500000000028,4.670511249124019
1841.F06476,23,1841,1841:CUB056,male,head,20260906,1,24.232162444530857,23.0875,20.263810734701725,1.2321624445308572,0.08749999999999858,2.7361892652982753
1841.F06471,21,1841,1841:CUB032,female,head,20260906,1,22.070462084459063,22.975,23.699721653487693,1.0704620844590629,1.9750000000000014,2.6997216534876927
1841.F05947,18,1841,1841:NCS213,female,head,20260906,1,22.070462084459063,23.4625,23.2341206112004,4.070462084459063,5.462499999999999,5.2341206112003995
1841.F05651,21,1841,1841:CUB029,male,head,20260906,1,24.232162444530857,23.10625,21.766247788156196,3.232162444530857,2.1062499999999993,0.7662477881561962
1841.P16491,22,1841,1841:NCS212,female,hand,20260906,1,22.09325436884889,25.04375,25.44077016518324,0.09325436884888916,3.0437499999999993,3.4407701651832383
1841.P15149,18,1841,1841:NCS213,female,hand,20260906,1,22.09325436884889,22.89375,25.10091388166953,4.093254368848889,4.893750000000001,7.1009138816695305
1841.P15324,20,1841,1841:NCS263,male,hand,20260906,1,24.395156406312005,26.4125,25.085486438648243,4.3951564063120045,6.412500000000001,5.085486438648243
2010.1953,32,2010,2010:19,female,head,20260906,1,27.99195562376527,41.975,32.15061308140535,4.008044376234729,9.975000000000001,0.15061308140535346
1841.P16559,41,1841,1841:CUB050,female,hand,20260906,1,22.09325436884889,27.85,27.408450937658156,18.90674563115111,13.149999999999999,13.591549062341844
10317.000004238,58,10317,10317:37d8f6f7e4e484018175eb77bb7510245502c3c3d85c9a1874de9d25b0c5fe27d21dbcbe36e8c6663360590a8287912cd7e945311f2e50e46afc4ca3b709cc02,male,head,20260906,1,41.99302490473077,43.1625,43.24257958220943,16.006975095269233,14.837499999999999,14.75742041779057
10317.000004236,58,10317,10317:37d8f6f7e4e484018175eb77bb7510245502c3c3d85c9a1874de9d25b0c5fe27d21dbcbe36e8c6663360590a8287912cd7e945311f2e50e46afc4ca3b709cc02,male,hand,20260906,1,42.13413270662596,46.55,47.09165753898455,15.865867293374038,11.450000000000003,10.908342461015451
10317.000004237,58,10317,10317:37d8f6f7e4e484018175eb77bb7510245502c3c3d85c9a1874de9d25b0c5fe27d21dbcbe36e8c6663360590a8287912cd7e945311f2e50e46afc4ca3b709cc02,male,hand,20260906,1,42.13413270662596,44.11875,46.23544587942422,15.865867293374038,13.881250000000001,11.76455412057578
10317.000068943,39,10317,10317:aa8c21f5078bc7371b21ffbe19854212c26e4ba8b087307ab121b615566704bf41428d321554791b675f216db7f7d1922190d57c119c58c01ff5e6a1b7a11da3,male,head,20260906,1,41.99302490473077,40.8625,35.83634994228197,2.993024904730767,1.8624999999999972,3.16365005771803
1841.P15124,18,1841,1841:NCS213,female,hand,20260906,1,22.09325436884889,22.84375,24.05077187507789,4.093254368848889,4.84375,6.0507718750778885
1841.P15121,18,1841,1841:NCS213,female,hand,20260906,1,22.09325436884889,23.45,23.41936824957307,4.093254368848889,5.449999999999999,5.419368249573068
10317.000063164,29,10317,10317:03c0867966fe2299eb3b09291d5f0834310bdf5fceed9c9b7b397570bf8f2d2adaeb945c824ff0cb407abaf691b8173cfa03c4f8eb17e6dd9f6eda17502e66e4,male,head,20260906,1,41.99302490473077,34.2125,36.411659427876096,12.993024904730767,5.212499999999999,7.411659427876096
1841.F05595,21,1841,1841:NAU113,female,head,20260906,1,22.070462084459063,23.15,21.95833759734468,1.0704620844590629,2.1499999999999986,0.9583375973446806
1841.F06556,41,1841,1841:CUB050,female,head,20260906,1,22.070462084459063,28.875,24.06171563933424,18.929537915540937,12.125,16.93828436066576
1841.F06233,26,1841,1841:NAU146,female,head,20260906,1,22.070462084459063,26.65625,24.057601026103686,3.929537915540937,0.65625,1.9423989738963137
2010.2215,23,2010,2010:31,female,head,20260906,1,27.99195562376527,36.775,28.222036988999356,4.991955623765271,13.774999999999999,5.222036988999356
10317.000041070,31,10317,10317:71e5fd7acb649ca95a67898db0fec25f330aaadd054f9606a2bf895d9748f5f2dbb072b66b2f8cbb341c64bf56f1d46adf1543d0cd7406a94c113f4c63d7e45a,female,hand,20260906,1,50.5605216078808,38.40625,42.11791740880878,19.5605216078808,7.40625,11.117917408808779
1841.P16436,20,1841,1841:NCS263,male,hand,20260906,1,24.395156406312005,23.70625,23.147742923296526,4.3951564063120045,3.7062500000000007,3.1477429232965264
1841.P15383,20,1841,1841:NCS263,male,hand,20260906,1,24.395156406312005,26.3,22.59198243313483,4.3951564063120045,6.300000000000001,2.591982433134831
1841.F05889,33,1841,1841:NAU144,male,head,20260906,1,24.232162444530857,24.54375,22.452511744686408,8.767837555469143,8.45625,10.547488255313592
10317.000010809,63,10317,10317:4f1f526cf557e60e9ce5eb0de9d3dd98225fb7747813f64b3d82c6051d735e3b82dfb7abb4f089fb6d86848d907502d663cb4d69dad26574b00e58d0fc884610,male,head,20260906,1,41.99302490473077,42.1875,42.406165169352555,21.006975095269233,20.8125,20.593834830647445
1841.P15006,21,1841,1841:CUB032,female,hand,20260906,1,22.09325436884889,23.525,27.54690124796392,1.0932543688488892,2.5249999999999986,6.54690124796392
1841.P16419,22,1841,1841:NCS212,female,hand,20260906,1,22.09325436884889,24.35,23.481345661194094,0.09325436884888916,2.3500000000000014,1.4813456611940943
1841.P16411,22,1841,1841:NCS212,female,hand,20260906,1,22.09325436884889,22.2125,23.897179094936114,0.09325436884888916,0.21249999999999858,1.8971790949361136
1841.F06517,20,1841,1841:CUB005,female,head,20260906,1,22.070462084459063,22.9875,23.82638361725616,2.070462084459063,2.9875000000000007,3.826383617256159
1841.P15975,21,1841,1841:CUB032,female,hand,20260906,1,22.09325436884889,22.125,23.910415579236965,1.0932543688488892,1.125,2.9104155792369646
1841.P16000,21,1841,1841:CUB029,male,hand,20260906,1,24.395156406312005,22.6,22.6267981552209,3.3951564063120045,1.6000000000000014,1.6267981552209
10317.000069111,29,10317,10317:03c0867966fe2299eb3b09291d5f0834310bdf5fceed9c9b7b397570bf8f2d2adaeb945c824ff0cb407abaf691b8173cfa03c4f8eb17e6dd9f6eda17502e66e4,male,head,20260906,1,41.99302490473077,33.13125,33.88040623646009,12.993024904730767,4.131250000000001,4.8804062364600895
10317.000069118,29,10317,10317:03c0867966fe2299eb3b09291d5f0834310bdf5fceed9c9b7b397570bf8f2d2adaeb945c824ff0cb407abaf691b8173cfa03c4f8eb17e6dd9f6eda17502e66e4,male,hand,20260906,1,42.13413270662596,33.3,35.092041179181976,13.134132706625962,4.299999999999997,6.092041179181976
1841.P16477,20,1841,1841:NCS263,male,hand,20260906,1,24.395156406312005,22.83125,22.557918283567385,4.3951564063120045,2.8312500000000007,2.5579182835673855
1841.F06537,41,1841,1841:CUB050,female,head,20260906,1,22.070462084459063,28.04375,24.320804470794652,18.929537915540937,12.95625,16.679195529205348
10317.000005597,74,10317,10317:7ba032cf20a095821627a110ab26bb5c1b92a9eec7dc65f29d2b0b7c0f2dece8e620882864fff5d7d829b5d72d5061c1b402d6fba6e4e8a623373670f402b87e,male,hand,20260906,1,42.13413270662596,42.5625,46.086196005234925,31.865867293374038,31.4375,27.913803994765075
10317.000008202,47,10317,10317:7cc5c069db6eab6ca70adb3c38c792d60541ae6bc238d37452ba179cd855f4eef887ff1ee7a82c8e3ed38d80f5ec6216acf1971f02f4a9426720ed8515710296,male,head,20260906,1,41.99302490473077,41.025,42.48272776631314,5.006975095269233,5.975000000000001,4.51727223368686
1841.P15967,20,1841,1841:CUB005,female,hand,20260906,1,22.09325436884889,28.175,25.677102521913262,2.093254368848889,8.175,5.6771025219132625
1841.P15959,21,1841,1841:CUB029,male,hand,20260906,1,24.395156406312005,23.18125,23.417644742384365,3.3951564063120045,2.1812499999999986,2.4176447423843648
1841.F05258,33,1841,1841:NAU144,male,head,20260906,1,24.232162444530857,26.1125,21.033932967187415,8.767837555469143,6.887499999999999,11.966067032812585
1841.F06052,22,1841,1841:NCS212,female,head,20260906,1,22.070462084459063,22.7375,21.604143314812134,0.07046208445906288,0.7375000000000007,0.39585668518786576
1841.P16320,33,1841,1841:NAU144,male,hand,20260906,1,24.395156406312005,21.60625,21.884170616829525,8.604843593687995,11.39375,11.115829383170475
1841.P16325,33,1841,1841:NAU144,male,hand,20260906,1,24.395156406312005,23.21875,21.067694822192845,8.604843593687995,9.78125,11.932305177807155
1841.F05043,22,1841,1841:NCS212,female,head,20260906,1,22.070462084459063,22.625,23.422672783196045,0.07046208445906288,0.625,1.4226727831960453
1841.F06450,20,1841,1841:CUB005,female,head,20260906,1,22.070462084459063,22.1125,24.415114458328237,2.070462084459063,2.1125000000000007,4.415114458328237
10317.000066843,27,10317,10317:75e7facbcee6190c9bd0ec55d33af511592981c1851bc62c90ffa060b30d59451c3407b0344a1357b33b8a653eb1ab6517c15e9f6f193c447e3882c2ada31e9a,male,hand,20260906,1,42.13413270662596,33.4625,34.23404489746311,15.134132706625962,6.462499999999999,7.234044897463107
1841.P15095,23,1841,1841:CUB056,male,hand,20260906,1,24.395156406312005,24.2375,22.527976335370557,1.3951564063120045,1.2375000000000007,0.4720236646294431
1841.P15092,23,1841,1841:CUB056,male,hand,20260906,1,24.395156406312005,25.7125,23.3838481989954,1.3951564063120045,2.7124999999999986,0.38384819899539835
1841.P15238,20,1841,1841:CUB005,female,hand,20260906,1,22.09325436884889,25.75625,26.152363849376194,2.093254368848889,5.756250000000001,6.152363849376194
1841.F05932,18,1841,1841:NCS213,female,head,20260906,1,22.070462084459063,24.58125,22.67185017665866,4.070462084459063,6.581250000000001,4.671850176658658
1841.F05936,18,1841,1841:NCS213,female,head,20260906,1,22.070462084459063,24.5875,23.05098603482452,4.070462084459063,6.587499999999999,5.050986034824518
1841.P15934,21,1841,1841:CUB029,male,hand,20260906,1,24.395156406312005,23.25,21.945191453992756,3.3951564063120045,2.25,0.9451914539927557
1841.P15931,21,1841,1841:CUB032,female,hand,20260906,1,22.09325436884889,21.91875,22.753604433644497,1.0932543688488892,0.9187499999999993,1.7536044336444974
10317.000005079,33,10317,10317:a29fd754368cde4d06c428f68fac03a5f07bc4192f8ad6f00b4dead3a90b4f2a07cda53d353c8eebcdf472b25a87cc69592d2bcf0fae7f901a0ee6e9cff063c9,male,head,20260906,1,41.99302490473077,38.85625,41.34393360165272,8.993024904730767,5.856250000000003,8.343933601652722
10317.000007078,48,10317,10317:63aa1010fee4655f80a2fd1ca92db0c9c662b7ff7dfeccd99a08edb7b7f5af8b2df1c92465690a27ee6aad1207495376abce78f3ddeffc05da0acb099f8efdb8,male,hand,20260906,1,42.13413270662596,38.06875,39.87487840169792,5.865867293374038,9.931249999999999,8.12512159830208
10317.000007079,48,10317,10317:63aa1010fee4655f80a2fd1ca92db0c9c662b7ff7dfeccd99a08edb7b7f5af8b2df1c92465690a27ee6aad1207495376abce78f3ddeffc05da0acb099f8efdb8,male,hand,20260906,1,42.13413270662596,40.95,42.93655557976157,5.865867293374038,7.049999999999997,5.063444420238433
10317.000006732,55,10317,10317:ed020761c7ba4f7a64f3ebf12adc7f8dad56d9bd7b209c08e63fb95be9af9360fa3cebe2bcedac211a2b46ffd9478544970ca36098a278521a67c91e153cdc45,female,head,20260906,1,46.69374858954803,37.90625,42.53554155409793,8.30625141045197,17.09375,12.464458445902068
1841.P16307,33,1841,1841:NAU144,male,hand,20260906,1,24.395156406312005,23.925,22.29851014540309,8.604843593687995,9.075,10.701489854596911
1841.P16305,33,1841,1841:NAU144,male,hand,20260906,1,24.395156406312005,23.38125,20.42979906649242,8.604843593687995,9.618749999999999,12.570200933507579
1841.P16304,33,1841,1841:NAU144,male,hand,20260906,1,24.395156406312005,21.89375,21.55608112902995,8.604843593687995,11.10625,11.443918870970052
2010.1851,32,2010,2010:19,female,head,20260906,1,27.99195562376527,42.525,31.514806087115034,4.008044376234729,10.524999999999999,0.4851939128849665
10317.000066867,29,10317,10317:03c0867966fe2299eb3b09291d5f0834310bdf5fceed9c9b7b397570bf8f2d2adaeb945c824ff0cb407abaf691b8173cfa03c4f8eb17e6dd9f6eda17502e66e4,male,hand,20260906,1,42.13413270662596,31.9,32.76847601403244,13.134132706625962,2.8999999999999986,3.768476014032437
10317.000066866,29,10317,10317:03c0867966fe2299eb3b09291d5f0834310bdf5fceed9c9b7b397570bf8f2d2adaeb945c824ff0cb407abaf691b8173cfa03c4f8eb17e6dd9f6eda17502e66e4,male,hand,20260906,1,42.13413270662596,36.2875,37.877067307390526,13.134132706625962,7.287500000000001,8.877067307390526
10317.000066861,29,10317,10317:03c0867966fe2299eb3b09291d5f0834310bdf5fceed9c9b7b397570bf8f2d2adaeb945c824ff0cb407abaf691b8173cfa03c4f8eb17e6dd9f6eda17502e66e4,male,head,20260906,1,41.99302490473077,34.54375,31.854354203409393,12.993024904730767,5.543750000000003,2.854354203409393
10317.000066868,29,10317,10317:03c0867966fe2299eb3b09291d5f0834310bdf5fceed9c9b7b397570bf8f2d2adaeb945c824ff0cb407abaf691b8173cfa03c4f8eb17e6dd9f6eda17502e66e4,male,hand,20260906,1,42.13413270662596,34.4875,36.6438304656434,13.134132706625962,5.487499999999997,7.643830465643397
2010.2229,22,2010,2010:29,female,head,20260906,1,27.99195562376527,38.16875,27.6698542456468,5.991955623765271,16.168750000000003,5.6698542456468
1841.P15218,20,1841,1841:CUB005,female,hand,20260906,1,22.09325436884889,23.0875,25.37246016646185,2.093254368848889,3.0874999999999986,5.372460166461849
10317.000069142,34,10317,10317:2fe8dc51162640ecda81c266c7b13a12fa0b362550125c042231ebf311ae65b5597119ff4c21bc3e0d2daf7c54569db93c6d59b2cd8c7abd7c7e43d806b66718,male,hand,20260906,1,42.13413270662596,38.68125,41.79731649111167,8.134132706625962,4.681249999999999,7.797316491111673
10317.000068842,36,10317,10317:1828cb0e8db79ff7771af2763605e12af956358756170093e17230a4ffb081fdfb2040dc65ff286b54429aedd73f9630fd5d98b9a5ad628c6116a74fb994dcf8,male,hand,20260906,1,42.13413270662596,37.65,39.2650807081582,6.134132706625962,1.6499999999999986,3.2650807081582016
1841.F05006,22,1841,1841:NCS212,female,head,20260906,1,22.070462084459063,24.39375,23.911455010787417,0.07046208445906288,2.3937500000000007,1.9114550107874173
10317.000069075,22,10317,10317:62da411fb1daa598c9de6fec6d4999096c07c935e32acd264bd45573737d7ca012c560ebc6a3ff42a617cdb54d7d364fb719fc379b15ab5e772bbf3a7356dbde,female,head,20260906,1,46.69374858954803,36.59375,39.06461290884047,24.69374858954803,14.59375,17.064612908840473
10317.000062190,29,10317,10317:03c0867966fe2299eb3b09291d5f0834310bdf5fceed9c9b7b397570bf8f2d2adaeb945c824ff0cb407abaf691b8173cfa03c4f8eb17e6dd9f6eda17502e66e4,male,head,20260906,1,41.99302490473077,33.275,34.41809264548701,12.993024904730767,4.274999999999999,5.4180926454870075
1841.F05002,20,1841,1841:NCS263,male,head,20260906,1,24.232162444530857,28.13125,21.613148962001887,4.232162444530857,8.131250000000001,1.6131489620018868
2010.2318,23,2010,2010:31,female,head,20260906,1,27.99195562376527,24.7125,24.81129050734907,4.991955623765271,1.7124999999999986,1.8112905073490708
1841.P16366,33,1841,1841:NAU144,male,hand,20260906,1,24.395156406312005,22.69375,20.652688814359784,8.604843593687995,10.306249999999999,12.347311185640216
10317.000002877,39,10317,10317:f73c970ebbe4576dac4346e12bd70d852fd2fad299e544aaabe76119ae6772ae189eebd9acc9c024c6a0bf917496f24b6520712b5200889e9afdeb9ed347f9e9,female,head,20260906,1,46.69374858954803,45.96875,48.004354327301805,7.693748589548029,6.96875,9.004354327301805
1841.F06592,20,1841,1841:CUB005,female,head,20260906,1,22.070462084459063,22.93125,22.632990204897336,2.070462084459063,2.9312499999999986,2.632990204897336
1841.P15055,20,1841,1841:CUB005,female,hand,20260906,1,22.09325436884889,23.9125,25.57783438771633,2.093254368848889,3.9125000000000014,5.5778343877163294
10317.000049876,74,10317,10317:7ba032cf20a095821627a110ab26bb5c1b92a9eec7dc65f29d2b0b7c0f2dece8e620882864fff5d7d829b5d72d5061c1b402d6fba6e4e8a623373670f402b87e,male,head,20260906,1,41.99302490473077,47.275,47.685014656039066,32.00697509526923,26.725,26.314985343960934
1841.F06331,21,1841,1841:CUB029,male,head,20260906,1,24.232162444530857,21.6125,20.064764790464697,3.232162444530857,0.6125000000000007,0.9352352095353034
1841.P15273,21,1841,1841:CUB032,female,hand,20260906,1,22.09325436884889,23.1375,24.362272903719933,1.0932543688488892,2.1374999999999993,3.3622729037199335
10317.000068823,29,10317,10317:03c0867966fe2299eb3b09291d5f0834310bdf5fceed9c9b7b397570bf8f2d2adaeb945c824ff0cb407abaf691b8173cfa03c4f8eb17e6dd9f6eda17502e66e4,male,head,20260906,1,41.99302490473077,34.29375,34.18776175975171,12.993024904730767,5.293750000000003,5.187761759751709
1841.F05029,22,1841,1841:NCS212,female,head,20260906,1,22.070462084459063,22.46875,21.2188949589114,0.07046208445906288,0.46875,0.7811050410886011
1841.F06109,41,1841,1841:CUB050,female,head,20260906,1,22.070462084459063,28.1625,25.600863139972823,18.929537915540937,12.837499999999999,15.399136860027177
1841.P15253,21,1841,1841:CUB029,male,hand,20260906,1,24.395156406312005,23.70625,20.87593445612195,3.3951564063120045,2.7062500000000007,0.12406554387805002
1841.F05340,22,1841,1841:NCS212,female,head,20260906,1,22.070462084459063,26.11875,25.765898758855965,0.07046208445906288,4.118749999999999,3.7658987588559647
10317.000007117,60,10317,10317:2c2e468c2481938c25962a208bec11d9f0eeca11f8a06d48aa50be31a747dd0327f6137458e4dfda584fc42b4c5f35613440eef5b177a1d0569e16e7432648dd,male,head,20260906,1,41.99302490473077,42.2125,45.190293601582496,18.006975095269233,17.7875,14.809706398417504
10317.000007115,60,10317,10317:2c2e468c2481938c25962a208bec11d9f0eeca11f8a06d48aa50be31a747dd0327f6137458e4dfda584fc42b4c5f35613440eef5b177a1d0569e16e7432648dd,male,hand,20260906,1,42.13413270662596,42.59375,42.63257885802906,17.865867293374038,17.40625,17.367421141970937
10317.000007119,60,10317,10317:2c2e468c2481938c25962a208bec11d9f0eeca11f8a06d48aa50be31a747dd0327f6137458e4dfda584fc42b4c5f35613440eef5b177a1d0569e16e7432648dd,male,hand,20260906,1,42.13413270662596,43.6875,45.28524579240039,17.865867293374038,16.3125,14.714754207599611
1841.F05049,20,1841,1841:NCS263,male,head,20260906,1,24.232162444530857,26.775,21.620783372910154,4.232162444530857,6.774999999999999,1.6207833729101537
10317.000003336,74,10317,10317:cc74256c990c430993cd5fc5079433232702a5006ee4a770421edf6482fee08db076f06f1fcf83bacf50a1a592d1fbd51c3edee6f558ab60369868d09a642c78,female,hand,20260906,1,50.5605216078808,40.4375,48.32011900773679,23.4394783921192,33.5625,25.679880992263207
1841.P16453,20,1841,1841:NCS263,male,hand,20260906,1,24.395156406312005,24.45,21.81870724202916,4.3951564063120045,4.449999999999999,1.8187072420291592
1841.F06123,41,1841,1841:CUB050,female,head,20260906,1,22.070462084459063,30.58125,25.30113671787322,18.929537915540937,10.41875,15.69886328212678
10317.000005598,74,10317,10317:7ba032cf20a095821627a110ab26bb5c1b92a9eec7dc65f29d2b0b7c0f2dece8e620882864fff5d7d829b5d72d5061c1b402d6fba6e4e8a623373670f402b87e,male,hand,20260906,1,42.13413270662596,43.58125,46.94855626933821,31.865867293374038,30.418750000000003,27.051443730661788
10317.000005594,74,10317,10317:7ba032cf20a095821627a110ab26bb5c1b92a9eec7dc65f29d2b0b7c0f2dece8e620882864fff5d7d829b5d72d5061c1b402d6fba6e4e8a623373670f402b87e,male,head,20260906,1,41.99302490473077,41.725,44.26806656877455,32.00697509526923,32.275,29.73193343122545
1841.P15011,41,1841,1841:CUB050,female,hand,20260906,1,22.09325436884889,27.33125,26.376520589998773,18.90674563115111,13.66875,14.623479410001227
10317.000023059,74,10317,10317:7903469fb68001b987d8ac0d762e78777829661f7bb380ee87598fe94e18cb4f57d8029bf74c2f1db263f07017cfe1291af68c5ba65cfcdfc3998fff8bf67e81,female,head,20260906,1,46.69374858954803,41.325,45.1376069743802,27.30625141045197,32.675,28.862393025619802
1841.P16573,21,1841,1841:CUB032,female,hand,20260906,1,22.09325436884889,23.26875,25.085118445976956,1.0932543688488892,2.2687500000000007,4.085118445976956
10317.000027763,32,10317,10317:cc923c4395f942a7be06745a9437731d12a282545bc59fe0b238fef4ed14300cab1a65ed16964ba9a8f4c846101d7788077d138343a7acc82f00e6b9375b6efb,male,hand,20260906,1,42.13413270662596,40.0875,41.76793779921792,10.134132706625962,8.087499999999999,9.767937799217918
1841.P15356,20,1841,1841:NCS263,male,hand,20260906,1,24.395156406312005,26.175,22.652513218863405,4.3951564063120045,6.175000000000001,2.6525132188634046
10317.000069063,29,10317,10317:03c0867966fe2299eb3b09291d5f0834310bdf5fceed9c9b7b397570bf8f2d2adaeb945c824ff0cb407abaf691b8173cfa03c4f8eb17e6dd9f6eda17502e66e4,male,head,20260906,1,41.99302490473077,33.61875,33.183099478183294,12.993024904730767,4.618749999999999,4.183099478183294
1841.P15942,21,1841,1841:CUB029,male,hand,20260906,1,24.395156406312005,21.275,20.81206232290528,3.3951564063120045,0.2749999999999986,0.18793767709471965
1841.P15037,41,1841,1841:CUB050,female,hand,20260906,1,22.09325436884889,25.875,26.085900703919865,18.90674563115111,15.125,14.914099296080135
1841.P15030,41,1841,1841:CUB050,female,hand,20260906,1,22.09325436884889,26.53125,30.13693535944548,18.90674563115111,14.46875,10.86306464055452
1841.F06421,21,1841,1841:CUB029,male,head,20260906,1,24.232162444530857,22.625,21.269273517107123,3.232162444530857,1.625,0.26927351710712344
1841.F05191,26,1841,1841:NAU146,female,head,20260906,1,22.070462084459063,24.03125,22.94181038437925,3.929537915540937,1.96875,3.0581896156207513
1841.F05990,18,1841,1841:NCS213,female,head,20260906,1,22.070462084459063,23.31875,23.382277218328767,4.070462084459063,5.318750000000001,5.382277218328767
10317.000022189,57,10317,10317:83129c2b229f0d9fb6e870c62c2b01797d6f2d1e18875a4474c1d621fd4239f0509c12f293d0febfee93496a315d1b8ed8f7d66b9046ea392b2913819b93632c,female,head,20260906,1,46.69374858954803,40.2625,42.76276905057294,10.30625141045197,16.737499999999997,14.237230949427058
1841.P15998,23,1841,1841:CUB056,male,hand,20260906,1,24.395156406312005,27.48125,24.268053587458724,1.3951564063120045,4.481249999999999,1.2680535874587235
1841.F05246,33,1841,1841:NAU144,male,head,20260906,1,24.232162444530857,24.55625,18.1264672300339,8.767837555469143,8.443750000000001,14.8735327699661
1841.F06404,21,1841,1841:CUB032,female,head,20260906,1,22.070462084459063,22.56875,23.08878732235446,1.0704620844590629,1.5687500000000014,2.0887873223544595
1841.F06409,21,1841,1841:CUB029,male,head,20260906,1,24.232162444530857,21.55625,19.61174876540402,3.232162444530857,0.5562499999999986,1.3882512345959803
10317.000049121,62,10317,10317:cf42e22cb0b5def3e5fb85e3eedb9fec63ec3614a7783d0ac195975b575a9863d801522f080d492d8032502dfbef61ba79d17264597f600354ba3cb662748955,male,head,20260906,1,41.99302490473077,43.0375,40.37714769571939,20.006975095269233,18.9625,21.622852304280613
1841.P16196,26,1841,1841:NAU146,female,hand,20260906,1,22.09325436884889,26.575,27.886023545392344,3.906745631151111,0.5749999999999993,1.8860235453923444
1841.P16194,26,1841,1841:NAU146,female,hand,20260906,1,22.09325436884889,25.175,28.30852388440338,3.906745631151111,0.8249999999999993,2.3085238844033817
1841.F05652,21,1841,1841:CUB032,female,head,20260906,1,22.070462084459063,23.06875,23.58832835345059,1.0704620844590629,2.0687500000000014,2.5883283534505885
1841.P16335,33,1841,1841:NAU144,male,hand,20260906,1,24.395156406312005,24.24375,21.83795437544246,8.604843593687995,8.756250000000001,11.162045624557539
1841.P15177,18,1841,1841:NCS213,female,hand,20260906,1,22.09325436884889,22.0375,23.29726006362126,4.093254368848889,4.037500000000001,5.297260063621259
10317.000036735,63,10317,10317:0195d329f030b0250f2e009ac656b8ee7c006c3a064b6d08770ecd7067bf4098cd0fb82f552a671d583f26002b4f2753d6bca1b02521b55faac3ba0bc1e64d8a,male,head,20260906,1,41.99302490473077,44.04375,43.122376628492574,21.006975095269233,18.956249999999997,19.877623371507426
10317.000036732,63,10317,10317:0195d329f030b0250f2e009ac656b8ee7c006c3a064b6d08770ecd7067bf4098cd0fb82f552a671d583f26002b4f2753d6bca1b02521b55faac3ba0bc1e64d8a,male,head,20260906,1,41.99302490473077,43.5,42.62660530551881,21.006975095269233,19.5,20.373394694481192
1841.F05819,33,1841,1841:NAU144,male,head,20260906,1,24.232162444530857,24.3,20.889867919521063,8.767837555469143,8.7,12.110132080478937
1841.P16525,23,1841,1841:CUB056,male,hand,20260906,1,24.395156406312005,24.25,23.413007035320728,1.3951564063120045,1.25,0.413007035320728
1841.P16522,20,1841,1841:CUB005,female,hand,20260906,1,22.09325436884889,23.51875,25.68673092891594,2.093254368848889,3.5187500000000007,5.686730928915939
1841.P16521,23,1841,1841:CUB056,male,hand,20260906,1,24.395156406312005,25.11875,23.89992013526544,1.3951564063120045,2.1187499999999986,0.8999201352654396
1841.F06353,21,1841,1841:CUB029,male,head,20260906,1,24.232162444530857,22.25,21.402792773487946,3.232162444530857,1.25,0.4027927734879455
10317.000007113,60,10317,10317:2c2e468c2481938c25962a208bec11d9f0eeca11f8a06d48aa50be31a747dd0327f6137458e4dfda584fc42b4c5f35613440eef5b177a1d0569e16e7432648dd,male,hand,20260906,1,42.13413270662596,40.1,45.645555257369395,17.865867293374038,19.9,14.354444742630605
10317.000007112,60,10317,10317:2c2e468c2481938c25962a208bec11d9f0eeca11f8a06d48aa50be31a747dd0327f6137458e4dfda584fc42b4c5f35613440eef5b177a1d0569e16e7432648dd,male,hand,20260906,1,42.13413270662596,45.18125,48.664632446979226,17.865867293374038,14.818750000000001,11.335367553020774
2010.2777,24,2010,2010:37,female,head,20260906,1,27.99195562376527,28.85625,26.391796182630245,3.9919556237652714,4.856249999999999,2.3917961826302445
10317.000007110,60,10317,10317:2c2e468c2481938c25962a208bec11d9f0eeca11f8a06d48aa50be31a747dd0327f6137458e4dfda584fc42b4c5f35613440eef5b177a1d0569e16e7432648dd,male,head,20260906,1,41.99302490473077,41.375,42.81369830641157,18.006975095269233,18.625,17.186301693588433
10317.000004206,76,10317,10317:e4f690795c66a065feccd07de0128f89746b411eb215789f6c7c9bd18b20cd831f9b9a7e3b8af5952b3c56c532534d3f1045f353d46b4b79876a0f6c8b58df96,female,hand,20260906,1,50.5605216078808,50.21875,52.14804308823797,25.4394783921192,25.78125,23.85195691176203
1841.F06398,23,1841,1841:CUB056,male,head,20260906,1,24.232162444530857,27.15625,20.107010780674035,1.2321624445308572,4.15625,2.8929892193259654
1841.F06394,21,1841,1841:CUB029,male,head,20260906,1,24.232162444530857,23.16875,20.356013389431133,3.232162444530857,2.1687499999999993,0.6439866105688665
10317.000002610,56,10317,10317:dd3fbf0f2c96e9182d8538806757f0f2102c6124dfeb04c9fa449391b445968553d59114033b794df4532c7b77765fba1b12c00969628c268640fc23848b7978,female,head,20260906,1,46.69374858954803,44.44375,49.65195227534702,9.30625141045197,11.556249999999999,6.348047724652979
10317.000005646,65,10317,10317:98e719bb087e2058ac8f1e380218232d306e4f5c7d2359784abda5fddf02926beb32a6c0ba8383dd0026ec1f0d372d68007114cdd2512a3abb3d77158fa6f4d1,female,hand,20260906,1,50.5605216078808,44.075,48.997192678347815,14.439478392119199,20.924999999999997,16.002807321652185
1841.P15610,41,1841,1841:CUB050,female,hand,20260906,1,22.09325436884889,28.91875,26.075553779833193,18.90674563115111,12.08125,14.924446220166807
10317.000005644,65,10317,10317:98e719bb087e2058ac8f1e380218232d306e4f5c7d2359784abda5fddf02926beb32a6c0ba8383dd0026ec1f0d372d68007114cdd2512a3abb3d77158fa6f4d1,female,head,20260906,1,46.69374858954803,44.0375,50.072584585405664,18.30625141045197,20.9625,14.927415414594336
10317.000005645,65,10317,10317:98e719bb087e2058ac8f1e380218232d306e4f5c7d2359784abda5fddf02926beb32a6c0ba8383dd0026ec1f0d372d68007114cdd2512a3abb3d77158fa6f4d1,female,hand,20260906,1,50.5605216078808,42.63125,51.254475425026016,14.439478392119199,22.36875,13.745524574973984
10317.000015363,43,10317,10317:3fec78757c5821d558096acce3e9df6968ae564264912c66f6a851727ebd63c36eee0764c3d1e47c0813cb5998caa14cb2bec75ca8716e8e3437768b86b408aa,male,head,20260906,1,41.99302490473077,36.725,41.88245571734485,1.0069750952692331,6.274999999999999,1.1175442826551532
10317.000020708,38,10317,10317:06cf6f63a01f0bbf35a097b00d8e378ca6a8df068d8f99cb73feead69c041664f4cbec9fbc91e7f587844c43d5c16bab7d422b2890e7a2805db632fccecc39a0,female,hand,20260906,1,50.5605216078808,41.4375,42.8595290935405,12.560521607880801,3.4375,4.859529093540502
10317.000015365,43,10317,10317:3fec78757c5821d558096acce3e9df6968ae564264912c66f6a851727ebd63c36eee0764c3d1e47c0813cb5998caa14cb2bec75ca8716e8e3437768b86b408aa,male,hand,20260906,1,42.13413270662596,40.4375,43.00274881565175,0.8658672933740377,2.5625,0.0027488156517492257
10317.000031066,42,10317,10317:7335b37622ba1bdd7e488bc6758f7c8fd36c26e43d8fdb09f00e1ae18ff0959bc7f4f27508aebf68b1a500bbc62282d5389c9d49419171cf9e9c946f433596f6,male,hand,20260906,1,42.13413270662596,40.35625,40.69849756324983,0.13413270662596233,1.6437499999999972,1.3015024367501695
1841.F05830,26,1841,1841:NAU146,female,head,20260906,1,22.070462084459063,25.2875,22.806224897548827,3.929537915540937,0.7124999999999986,3.1937751024511734
1841.F05345,22,1841,1841:NCS212,female,head,20260906,1,22.070462084459063,25.08125,24.42937780689253,0.07046208445906288,3.0812500000000007,2.4293778068925285
1841.F05628,41,1841,1841:CUB050,female,head,20260906,1,22.070462084459063,26.75625,23.067960842746437,18.929537915540937,14.243749999999999,17.932039157253563
1841.P16013,26,1841,1841:NAU146,female,hand,20260906,1,22.09325436884889,28.38125,28.557856439384985,3.906745631151111,2.3812500000000014,2.5578564393849845
10317.000068950,39,10317,10317:aa8c21f5078bc7371b21ffbe19854212c26e4ba8b087307ab121b615566704bf41428d321554791b675f216db7f7d1922190d57c119c58c01ff5e6a1b7a11da3,male,hand,20260906,1,42.13413270662596,42.8,37.94869269394756,3.1341327066259623,3.799999999999997,1.0513073060524434
10317.000027340,55,10317,10317:41b53357cf00f0544b996f91bab7388aca97716b29b77d7791386ae687cbc26a2ab336f6353bae77995bc81fe3b1eb0b8fedcde9199244073099ff039c21ac0d,male,head,20260906,1,41.99302490473077,38.56875,41.006699993605466,13.006975095269233,16.43125,13.993300006394534
1841.P16488,22,1841,1841:NCS212,female,hand,20260906,1,22.09325436884889,22.58125,24.283406708734564,0.09325436884888916,0.5812500000000007,2.2834067087345638
1841.F06057,20,1841,1841:NCS263,male,head,20260906,1,24.232162444530857,25.55625,22.05472456741018,4.232162444530857,5.556249999999999,2.0547245674101795
1841.F05365,18,1841,1841:NCS213,female,head,20260906,1,22.070462084459063,23.84375,23.6947913040016,4.070462084459063,5.84375,5.694791304001601
1841.F06481,20,1841,1841:CUB005,female,head,20260906,1,22.070462084459063,22.825,23.121275543488192,2.070462084459063,2.8249999999999993,3.121275543488192
1841.P16569,41,1841,1841:CUB050,female,hand,20260906,1,22.09325436884889,30.24375,27.136615115412265,18.90674563115111,10.756250000000001,13.863384884587735
1841.P16566,41,1841,1841:CUB050,female,hand,20260906,1,22.09325436884889,27.525,26.14072696261652,18.90674563115111,13.475000000000001,14.859273037383481
1841.P16564,20,1841,1841:CUB005,female,hand,20260906,1,22.09325436884889,22.4375,25.615395006323947,2.093254368848889,2.4375,5.615395006323947
10317.000002874,72,10317,10317:9b31e31bf0d472e6a54940cdb8e6b0d019f0fb7b65bd335d54bd01c9fab69bd4d1dc62daf2e3866ab5fbff6c481867676633b204ea04a415899d3087ff6041b9,male,hand,20260906,1,42.13413270662596,38.3875,43.514115422085275,29.865867293374038,33.6125,28.485884577914725
2010.2902,24,2010,2010:37,female,head,20260906,1,27.99195562376527,27.58125,26.197449032548345,3.9919556237652714,3.5812500000000007,2.197449032548345
1841.F05117,26,1841,1841:NAU146,female,head,20260906,1,22.070462084459063,23.525,23.685070279188295,3.929537915540937,2.4750000000000014,2.314929720811705
1841.P15111,18,1841,1841:NCS213,female,hand,20260906,1,22.09325436884889,24.325,24.552339459244426,4.093254368848889,6.324999999999999,6.5523394592444255
10317.000063171,29,10317,10317:03c0867966fe2299eb3b09291d5f0834310bdf5fceed9c9b7b397570bf8f2d2adaeb945c824ff0cb407abaf691b8173cfa03c4f8eb17e6dd9f6eda17502e66e4,male,hand,20260906,1,42.13413270662596,34.3125,38.739797765801285,13.134132706625962,5.3125,9.739797765801285
2010.2201,22,2010,2010:29,female,head,20260906,1,27.99195562376527,35.09375,25.42095511412956,5.991955623765271,13.09375,3.4209551141295584
1841.F06435,41,1841,1841:CUB050,female,head,20260906,1,22.070462084459063,29.075,26.68285886368254,18.929537915540937,11.925,14.31714113631746
1841.F06487,21,1841,1841:CUB032,female,head,20260906,1,22.070462084459063,23.0375,23.03717120005672,1.0704620844590629,2.0375000000000014,2.0371712000567186
1841.F05177,26,1841,1841:NAU146,female,head,20260906,1,22.070462084459063,26.55,26.120872761285614,3.929537915540937,0.5500000000000007,0.12087276128561442
10317.000005081,33,10317,10317:a29fd754368cde4d06c428f68fac03a5f07bc4192f8ad6f00b4dead3a90b4f2a07cda53d353c8eebcdf472b25a87cc69592d2bcf0fae7f901a0ee6e9cff063c9,male,hand,20260906,1,42.13413270662596,38.73125,41.71581487246314,9.134132706625962,5.731250000000003,8.715814872463142
10317.000005083,33,10317,10317:a29fd754368cde4d06c428f68fac03a5f07bc4192f8ad6f00b4dead3a90b4f2a07cda53d353c8eebcdf472b25a87cc69592d2bcf0fae7f901a0ee6e9cff063c9,male,hand,20260906,1,42.13413270662596,39.025,41.80802290718727,9.134132706625962,6.024999999999999,8.808022907187272
2010.2072,32,2010,2010:19,female,head,20260906,1,27.99195562376527,44.50625,33.31001108913048,4.008044376234729,12.506250000000001,1.3100110891304766
1841.F06019,20,1841,1841:NCS263,male,head,20260906,1,24.232162444530857,27.16875,22.64204583534455,4.232162444530857,7.168749999999999,2.6420458353445504
10317.000027366,37,10317,10317:482345a32e3a7b9b720d6fdc686fc3e70d753e64e43afd362ef02e1fc5dd37b501623bdb8a16c51af559d1fc8a5f1aea69b6791e90ce65954b3ece776b8e4868,male,hand,20260906,1,42.13413270662596,38.9625,43.209501083802074,5.134132706625962,1.9624999999999986,6.209501083802074
1841.F05896,26,1841,1841:NAU146,female,head,20260906,1,22.070462084459063,23.89375,23.94889570118091,3.929537915540937,2.1062499999999993,2.051104298819091
1841.F05893,33,1841,1841:NAU144,male,head,20260906,1,24.232162444530857,25.45625,20.761330678125148,8.767837555469143,7.543749999999999,12.238669321874852
1841.P16393,33,1841,1841:NAU144,male,hand,20260906,1,24.395156406312005,22.29375,21.989692685111855,8.604843593687995,10.70625,11.010307314888145
10317.000041069,31,10317,10317:71e5fd7acb649ca95a67898db0fec25f330aaadd054f9606a2bf895d9748f5f2dbb072b66b2f8cbb341c64bf56f1d46adf1543d0cd7406a94c113f4c63d7e45a,female,hand,20260906,1,50.5605216078808,38.75625,44.39663489235156,19.5605216078808,7.756250000000001,13.396634892351557
2010.1902,32,2010,2010:19,female,head,20260906,1,27.99195562376527,40.70625,30.26738753828044,4.008044376234729,8.706249999999997,1.7326124617195617
10317.000036739,59,10317,10317:8fb4ad789829b8aa6b773eff2956b29d9986e3c6ee0cd5f3125d47adf2ee4adc1008098b5be94b225ac5137bcae428f6b84ede1db0d7bfe5dda5fe7f31fa3514,male,hand,20260906,1,42.13413270662596,42.08125,42.47874494936043,16.865867293374038,16.918750000000003,16.521255050639567
1841.F06560,20,1841,1841:CUB005,female,head,20260906,1,22.070462084459063,23.025,23.31099164432255,2.070462084459063,3.0249999999999986,3.3109916443225487
1841.F06565,41,1841,1841:CUB050,female,head,20260906,1,22.070462084459063,27.075,24.416544843982877,18.929537915540937,13.925,16.583455156017123
1841.F06567,21,1841,1841:CUB032,female,head,20260906,1,22.070462084459063,23.075,23.413208022844827,1.0704620844590629,2.0749999999999993,2.4132080228448274
2010.2244,23,2010,2010:31,female,head,20260906,1,27.99195562376527,36.3625,30.44736913491227,4.991955623765271,13.362499999999997,7.447369134912272
1841.P15517,33,1841,1841:NAU144,male,hand,20260906,1,24.395156406312005,26.3375,22.780549723160657,8.604843593687995,6.662500000000001,10.219450276839343
1841.F05527,33,1841,1841:NAU144,male,head,20260906,1,24.232162444530857,23.83125,20.127162445719417,8.767837555469143,9.16875,12.872837554280583
10317.000014483,35,10317,10317:93f03cfc2b6cd24d3e180ee0e8ddfaeabf4cd6cc8b2903861331b9492f02b3479c33fd6cf6ffb699ef212d9c6ec30f938596135b291ff81bd334193c180f7858,female,head,20260906,1,46.69374858954803,40.7125,46.84187017138605,11.69374858954803,5.712499999999999,11.841870171386049
1841.F06490,23,1841,1841:CUB056,male,head,20260906,1,24.232162444530857,24.6,22.082820117205376,1.2321624445308572,1.6000000000000014,0.917179882794624
10317.000069003,22,10317,10317:6c9d8d2f421f87624a87ae9bbee457570d9633bf4eaf97f36b65a13462bc290706c4dec83b825a291b12b7a777d237b75c8f935a0f1de4e6ee5b105ab5de7c0c,male,head,20260906,1,41.99302490473077,34.85,37.28399606678682,19.993024904730767,12.850000000000001,15.28399606678682
2010.2380,23,2010,2010:31,female,head,20260906,1,27.99195562376527,27.35625,27.083461136573025,4.991955623765271,4.356249999999999,4.083461136573025
10317.000003441,50,10317,10317:bd5a894e45bb2eb6713f65d285f8814cb96d0de3ef15bb170f5968bc039588919fa9f9ed4ad18689cb92997342c0e17279efd41f4e2f858e6075291cd2fd04d7,female,hand,20260906,1,50.5605216078808,42.625,46.40646056386949,0.5605216078808013,7.375,3.593539436130513
1841.F06508,23,1841,1841:CUB056,male,head,20260906,1,24.232162444530857,29.025,21.980843269604296,1.2321624445308572,6.024999999999999,1.0191567303957036
10317.000069135,34,10317,10317:2fe8dc51162640ecda81c266c7b13a12fa0b362550125c042231ebf311ae65b5597119ff4c21bc3e0d2daf7c54569db93c6d59b2cd8c7abd7c7e43d806b66718,male,head,20260906,1,41.99302490473077,40.15625,40.91350452256887,7.993024904730767,6.15625,6.913504522568871
1841.F05059,20,1841,1841:NCS263,male,head,20260906,1,24.232162444530857,26.5,20.9620544507405,4.232162444530857,6.5,0.9620544507404993
1841.F05058,22,1841,1841:NCS212,female,head,20260906,1,22.070462084459063,22.93125,23.21094923164401,0.07046208445906288,0.9312499999999986,1.2109492316440083
1841.P15965,21,1841,1841:CUB029,male,hand,20260906,1,24.395156406312005,21.9,22.245461812047576,3.3951564063120045,0.8999999999999986,1.2454618120475764
10317.000015064,71,10317,10317:6cd87aca8624e2efe119e5484586386f10cb61ed4a7920dd13cefe68783228eafa46cdc995f2272c25a121fc11cdb971265f86ad6cd99e0d151e6744a5db135c,female,head,20260906,1,46.69374858954803,45.15625,49.45697133155639,24.30625141045197,25.84375,21.54302866844361
10317.000015061,71,10317,10317:6cd87aca8624e2efe119e5484586386f10cb61ed4a7920dd13cefe68783228eafa46cdc995f2272c25a121fc11cdb971265f86ad6cd99e0d151e6744a5db135c,female,hand,20260906,1,50.5605216078808,44.94375,50.26143011234901,20.4394783921192,26.05625,20.73856988765099
10317.000015062,71,10317,10317:6cd87aca8624e2efe119e5484586386f10cb61ed4a7920dd13cefe68783228eafa46cdc995f2272c25a121fc11cdb971265f86ad6cd99e0d151e6744a5db135c,female,hand,20260906,1,50.5605216078808,46.2,51.03258624640619,20.4394783921192,24.799999999999997,19.96741375359381
1841.F05267,26,1841,1841:NAU146,female,head,20260906,1,22.070462084459063,23.075,22.37854193288409,3.929537915540937,2.9250000000000007,3.62145806711591
1841.P16464,20,1841,1841:NCS263,male,hand,20260906,1,24.395156406312005,25.85625,23.614990349590915,4.3951564063120045,5.856249999999999,3.614990349590915
1841.P16465,20,1841,1841:NCS263,male,hand,20260906,1,24.395156406312005,27.375,23.93106319079566,4.3951564063120045,7.375,3.9310631907956584
10317.000066836,27,10317,10317:75e7facbcee6190c9bd0ec55d33af511592981c1851bc62c90ffa060b30d59451c3407b0344a1357b33b8a653eb1ab6517c15e9f6f193c447e3882c2ada31e9a,male,head,20260906,1,41.99302490473077,35.5875,31.919365674007302,14.993024904730767,8.587499999999999,4.919365674007302
1841.F06524,23,1841,1841:CUB056,male,head,20260906,1,24.232162444530857,28.14375,22.343138128967052,1.2321624445308572,5.143750000000001,0.6568618710329481
1841.F06522,23,1841,1841:CUB056,male,head,20260906,1,24.232162444530857,23.6,21.194363665875777,1.2321624445308572,0.6000000000000014,1.8056363341242232
1841.P15085,20,1841,1841:CUB005,female,hand,20260906,1,22.09325436884889,24.3,25.97643428446463,2.093254368848889,4.300000000000001,5.976434284464631
1841.P15084,21,1841,1841:CUB032,female,hand,20260906,1,22.09325436884889,23.3625,22.835981253968015,1.0932543688488892,2.3625000000000007,1.835981253968015
2010.2294,23,2010,2010:31,female,head,20260906,1,27.99195562376527,24.74375,25.242322551263644,4.991955623765271,1.7437499999999986,2.242322551263644
1841.P16146,33,1841,1841:NAU144,male,hand,20260906,1,24.395156406312005,22.6875,21.3010309345748,8.604843593687995,10.3125,11.6989690654252
10317.000062197,29,10317,10317:03c0867966fe2299eb3b09291d5f0834310bdf5fceed9c9b7b397570bf8f2d2adaeb945c824ff0cb407abaf691b8173cfa03c4f8eb17e6dd9f6eda17502e66e4,male,hand,20260906,1,42.13413270662596,34.825,35.095283882213195,13.134132706625962,5.825000000000003,6.095283882213195
1841.P16448,20,1841,1841:NCS263,male,hand,20260906,1,24.395156406312005,23.5625,23.541069688536343,4.3951564063120045,3.5625,3.541069688536343
1841.F06092,20,1841,1841:NCS263,male,head,20260906,1,24.232162444530857,25.95625,21.231071832778262,4.232162444530857,5.956250000000001,1.2310718327782624
1841.P15200,41,1841,1841:CUB050,female,hand,20260906,1,22.09325436884889,26.33125,25.02616877866625,18.90674563115111,14.66875,15.97383122133375
10317.000033105,37,10317,10317:d0877d5558ae6f23aaebeb97d4f2a1816b79dbb8359440bb51b3f59ad2316a7771768fe5cddd4ede663af3eb0a7e38d2b521a40f417c3ea7bd1a63ed195e9e9c,male,head,20260906,1,41.99302490473077,37.2375,39.69013813864601,4.993024904730767,0.23749999999999716,2.690138138646013
10317.000063483,25,10317,10317:a7eb0dd2ec940ca9c3d8c905ee11b3f312886d2373352bf10804121fdb76ae9277a91ce4ea0f346e0c8b67c66e30cabba094db785b990ac67b6fa4ea8b65aeda,female,hand,20260906,1,50.5605216078808,34.8625,36.77347124096268,25.5605216078808,9.862499999999997,11.773471240962678
10317.000015217,46,10317,10317:dd55969d0664a6b5a0188fc460aa56c9db31fb38d59b1bc6cab8778141628932862c52634d68f1f637d42f51131e7fa48bfb164ddc9f18e878a3cf6cc8bb0a20,female,hand,20260906,1,50.5605216078808,45.13125,46.76520447723892,4.560521607880801,0.8687499999999986,0.7652044772389175
10317.000015216,46,10317,10317:dd55969d0664a6b5a0188fc460aa56c9db31fb38d59b1bc6cab8778141628932862c52634d68f1f637d42f51131e7fa48bfb164ddc9f18e878a3cf6cc8bb0a20,female,hand,20260906,1,50.5605216078808,45.55,51.31251090398683,4.560521607880801,0.45000000000000284,5.3125109039868335
10317.000015219,46,10317,10317:dd55969d0664a6b5a0188fc460aa56c9db31fb38d59b1bc6cab8778141628932862c52634d68f1f637d42f51131e7fa48bfb164ddc9f18e878a3cf6cc8bb0a20,female,head,20260906,1,46.69374858954803,44.2,48.91868108449589,0.6937485895480293,1.7999999999999972,2.918681084495887
2010.1989,32,2010,2010:19,female,head,20260906,1,27.99195562376527,40.01875,30.633194129518596,4.008044376234729,8.018749999999997,1.3668058704814037
1841.F05909,18,1841,1841:NCS213,female,head,20260906,1,22.070462084459063,23.3875,22.652256663705156,4.070462084459063,5.387499999999999,4.652256663705156
10317.000069082,22,10317,10317:62da411fb1daa598c9de6fec6d4999096c07c935e32acd264bd45573737d7ca012c560ebc6a3ff42a617cdb54d7d364fb719fc379b15ab5e772bbf3a7356dbde,female,hand,20260906,1,50.5605216078808,35.71875,40.16365893393378,28.5605216078808,13.71875,18.16365893393378
10317.000068763,34,10317,10317:64e4e987fbbcb4c2194cdd7c106261ec20cfbf2772d835c97eb6311237552ac6be0e79cdb6ed23e686e25afe5db5d7ca46016b14f6939798b7664d7af99914c7,male,head,20260906,1,41.99302490473077,38.08125,38.868294952646366,7.993024904730767,4.081249999999997,4.868294952646366
10317.000033426,26,10317,10317:bf31604fc742f42563e14f529efdb4bf456a2196957cdd5f7a03e77220b2f7cc72b439053c8c0b4e94997264dacb9d6c2dc062250570be1d1ee1d113328653f1,female,hand,20260906,1,50.5605216078808,41.65,44.191309991780805,24.5605216078808,15.649999999999999,18.191309991780805
10317.000007080,48,10317,10317:63aa1010fee4655f80a2fd1ca92db0c9c662b7ff7dfeccd99a08edb7b7f5af8b2df1c92465690a27ee6aad1207495376abce78f3ddeffc05da0acb099f8efdb8,male,head,20260906,1,41.99302490473077,39.55,39.092680287008974,6.006975095269233,8.450000000000003,8.907319712991026
1841.P16316,33,1841,1841:NAU144,male,hand,20260906,1,24.395156406312005,22.66875,21.68744100003986,8.604843593687995,10.33125,11.312558999960139
1841.P16318,26,1841,1841:NAU146,female,hand,20260906,1,22.09325436884889,28.23125,25.45677622368884,3.906745631151111,2.2312499999999993,0.5432237763111587
1841.P16319,26,1841,1841:NAU146,female,hand,20260906,1,22.09325436884889,27.15,25.148785273125483,3.906745631151111,1.1499999999999986,0.8512147268745167
1841.F06340,21,1841,1841:CUB029,male,head,20260906,1,24.232162444530857,21.55,20.979716182139,3.232162444530857,0.5500000000000007,0.02028381786099942
1841.F06343,21,1841,1841:CUB032,female,head,20260906,1,22.070462084459063,25.0125,23.806787092605113,1.0704620844590629,4.012499999999999,2.806787092605113
1841.P15597,21,1841,1841:NAU113,female,hand,20260906,1,22.09325436884889,24.3625,23.77961056622271,1.0932543688488892,3.3625000000000007,2.7796105662227113
1841.P15262,20,1841,1841:CUB005,female,hand,20260906,1,22.09325436884889,24.05,24.52922508591396,2.093254368848889,4.050000000000001,4.529225085913961
1841.F05084,22,1841,1841:NCS212,female,head,20260906,1,22.070462084459063,23.25625,21.630860839357975,0.07046208445906288,1.2562500000000014,0.3691391606420247
1841.P16442,22,1841,1841:NCS212,female,hand,20260906,1,22.09325436884889,23.00625,24.103564347414192,0.09325436884888916,1.0062500000000014,2.103564347414192
1841.P16092,26,1841,1841:NAU146,female,hand,20260906,1,22.09325436884889,26.425,25.97642653468189,3.906745631151111,0.4250000000000007,0.023573465318108333
1841.F05038,20,1841,1841:NCS263,male,head,20260906,1,24.232162444530857,24.6875,23.16651654306753,4.232162444530857,4.6875,3.16651654306753
1841.F05033,20,1841,1841:NCS263,male,head,20260906,1,24.232162444530857,33.05,20.438096453688473,4.232162444530857,13.049999999999997,0.4380964536884733
1841.F05034,20,1841,1841:NCS263,male,head,20260906,1,24.232162444530857,28.35,20.76768673204779,4.232162444530857,8.350000000000001,0.7676867320477889
1841.F05694,20,1841,1841:CUB005,female,head,20260906,1,22.070462084459063,26.9375,26.63068750476352,2.070462084459063,6.9375,6.630687504763522
1841.F05969,18,1841,1841:NCS213,female,head,20260906,1,22.070462084459063,22.78125,22.529862718019228,4.070462084459063,4.78125,4.529862718019228
1841.P16100,26,1841,1841:NAU146,female,hand,20260906,1,22.09325436884889,22.65625,24.08061869375955,3.906745631151111,3.34375,1.9193813062404494
1841.P15310,22,1841,1841:NCS212,female,hand,20260906,1,22.09325436884889,21.84375,25.00266960916256,0.09325436884888916,0.15625,3.0026696091625595
1841.P15906,21,1841,1841:CUB032,female,hand,20260906,1,22.09325436884889,22.225,23.73316852956996,1.0932543688488892,1.2250000000000014,2.7331685295699586
1841.F05206,26,1841,1841:NAU146,female,head,20260906,1,22.070462084459063,25.71875,24.521512866395547,3.929537915540937,0.28125,1.4784871336044532
1841.P16373,20,1841,1841:NAU128,female,hand,20260906,1,22.09325436884889,25.53125,26.58120151965562,2.093254368848889,5.53125,6.581201519655622
1841.P16596,20,1841,1841:CUB005,female,hand,20260906,1,22.09325436884889,24.96875,25.229976234464058,2.093254368848889,4.96875,5.229976234464058
1841.P15065,21,1841,1841:CUB032,female,hand,20260906,1,22.09325436884889,23.0875,23.90573015278845,1.0932543688488892,2.0874999999999986,2.9057301527884505
1841.P15063,23,1841,1841:CUB056,male,hand,20260906,1,24.395156406312005,25.9375,24.600725820977335,1.3951564063120045,2.9375,1.6007258209773347
10317.000068830,29,10317,10317:03c0867966fe2299eb3b09291d5f0834310bdf5fceed9c9b7b397570bf8f2d2adaeb945c824ff0cb407abaf691b8173cfa03c4f8eb17e6dd9f6eda17502e66e4,male,hand,20260906,1,42.13413270662596,32.6,33.48101981665977,13.134132706625962,3.6000000000000014,4.481019816659767
10317.000068835,36,10317,10317:1828cb0e8db79ff7771af2763605e12af956358756170093e17230a4ffb081fdfb2040dc65ff286b54429aedd73f9630fd5d98b9a5ad628c6116a74fb994dcf8,male,head,20260906,1,41.99302490473077,36.73125,37.693837594510654,5.993024904730767,0.7312500000000028,1.6938375945106543
10317.000007122,60,10317,10317:2c2e468c2481938c25962a208bec11d9f0eeca11f8a06d48aa50be31a747dd0327f6137458e4dfda584fc42b4c5f35613440eef5b177a1d0569e16e7432648dd,male,hand,20260906,1,42.13413270662596,43.675,45.93553728463751,17.865867293374038,16.325000000000003,14.064462715362488
10317.000007123,60,10317,10317:2c2e468c2481938c25962a208bec11d9f0eeca11f8a06d48aa50be31a747dd0327f6137458e4dfda584fc42b4c5f35613440eef5b177a1d0569e16e7432648dd,male,hand,20260906,1,42.13413270662596,45.76875,46.988676592914615,17.865867293374038,14.231250000000003,13.011323407085385
10317.000007121,60,10317,10317:2c2e468c2481938c25962a208bec11d9f0eeca11f8a06d48aa50be31a747dd0327f6137458e4dfda584fc42b4c5f35613440eef5b177a1d0569e16e7432648dd,male,head,20260906,1,41.99302490473077,57.175,53.019551046022336,18.006975095269233,2.825000000000003,6.980448953977664
1841.F05941,18,1841,1841:NCS213,female,head,20260906,1,22.070462084459063,26.075,24.313430656592494,4.070462084459063,8.075,6.3134306565924945
1841.P16122,33,1841,1841:NAU144,male,hand,20260906,1,24.395156406312005,25.0,22.611539136255526,8.604843593687995,8.0,10.388460863744474
1841.F05675,21,1841,1841:CUB029,male,head,20260906,1,24.232162444530857,23.675,22.01422956102452,3.232162444530857,2.6750000000000007,1.0142295610245213
1841.P16523,23,1841,1841:CUB056,male,hand,20260906,1,24.395156406312005,25.08125,22.985877635428952,1.3951564063120045,2.0812500000000007,0.014122364571047541
1841.P15008,21,1841,1841:CUB029,male,hand,20260906,1,24.395156406312005,22.80625,22.76641591197169,3.3951564063120045,1.8062499999999986,1.7664159119716913
1841.F06301,21,1841,1841:CUB032,female,head,20260906,1,22.070462084459063,23.45625,24.448111165468084,1.0704620844590629,2.4562500000000007,3.4481111654680845
10317.000009042,46,10317,10317:df6f20fb4f08ca5e4d0752d216fd11416c51dcc4d2843a31934d166a9e80964e8a8ebaa924df11dde7c18ceb71cdaa8a5809afe436eae6c92ebcf896c5c92b64,female,hand,20260906,1,50.5605216078808,40.58125,46.67817812553985,4.560521607880801,5.418750000000003,0.6781781255398514
10317.000068770,34,10317,10317:64e4e987fbbcb4c2194cdd7c106261ec20cfbf2772d835c97eb6311237552ac6be0e79cdb6ed23e686e25afe5db5d7ca46016b14f6939798b7664d7af99914c7,male,hand,20260906,1,42.13413270662596,38.225,38.55095015865664,8.134132706625962,4.225000000000001,4.55095015865664
10317.000069070,29,10317,10317:03c0867966fe2299eb3b09291d5f0834310bdf5fceed9c9b7b397570bf8f2d2adaeb945c824ff0cb407abaf691b8173cfa03c4f8eb17e6dd9f6eda17502e66e4,male,hand,20260906,1,42.13413270662596,37.7,43.12819018154535,13.134132706625962,8.700000000000003,14.12819018154535
1841.P15023,21,1841,1841:CUB029,male,hand,20260906,1,24.395156406312005,24.3375,22.987020678330826,3.3951564063120045,3.3374999999999986,1.9870206783308255
1841.F06367,21,1841,1841:CUB029,male,head,20260906,1,24.232162444530857,22.09375,19.67560467262409,3.232162444530857,1.09375,1.3243953273759104
1841.F06365,20,1841,1841:CUB005,female,head,20260906,1,22.070462084459063,24.28125,24.137907977109975,2.070462084459063,4.28125,4.137907977109975
1841.F06363,21,1841,1841:CUB032,female,head,20260906,1,22.070462084459063,22.575,22.38191127876717,1.0704620844590629,1.5749999999999993,1.38191127876717
1841.P15289,21,1841,1841:CUB029,male,hand,20260906,1,24.395156406312005,29.15,27.05091345642928,3.3951564063120045,8.149999999999999,6.0509134564292815
1841.P15281,41,1841,1841:CUB050,female,hand,20260906,1,22.09325436884889,32.0125,27.966194101847275,18.90674563115111,8.987499999999997,13.033805898152725
1841.P15280,23,1841,1841:CUB056,male,hand,20260906,1,24.395156406312005,24.875,22.804730741624848,1.3951564063120045,1.875,0.19526925837515208
1841.F06465,23,1841,1841:CUB056,male,head,20260906,1,24.232162444530857,26.16875,20.567527911773254,1.2321624445308572,3.1687499999999993,2.4324720882267457
10317.000063476,25,10317,10317:a7eb0dd2ec940ca9c3d8c905ee11b3f312886d2373352bf10804121fdb76ae9277a91ce4ea0f346e0c8b67c66e30cabba094db785b990ac67b6fa4ea8b65aeda,female,head,20260906,1,46.69374858954803,36.95,37.73712343604949,21.69374858954803,11.950000000000003,12.737123436049487
1841.F05630,20,1841,1841:CUB005,female,head,20260906,1,22.070462084459063,22.75625,22.317189641088067,2.070462084459063,2.7562500000000014,2.317189641088067
1841.F05987,18,1841,1841:NCS213,female,head,20260906,1,22.070462084459063,22.7,22.640915943304098,4.070462084459063,4.699999999999999,4.640915943304098
1841.P16253,26,1841,1841:NAU146,female,hand,20260906,1,22.09325436884889,24.41875,26.164223828540415,3.906745631151111,1.5812500000000007,0.16422382854041473
10317.000027751,54,10317,10317:3f3189bfab92107b05a629ba1be6aad212c75b4525d50b0789f4272ba27b446de5cf079bf1c30b52182f0e4ded874c59bc8e41d483192937641083f6a37b6a67,female,head,20260906,1,46.69374858954803,40.86875,47.40584468471328,7.306251410451971,13.131250000000001,6.59415531528672
1841.P15618,41,1841,1841:CUB050,female,hand,20260906,1,22.09325436884889,29.1625,26.89928646132539,18.90674563115111,11.837499999999999,14.100713538674611
1841.F05840,33,1841,1841:NAU144,male,head,20260906,1,24.232162444530857,25.55,23.41978855869582,8.767837555469143,7.449999999999999,9.58021144130418
1841.F05849,33,1841,1841:NAU144,male,head,20260906,1,24.232162444530857,26.4875,21.10280908551015,8.767837555469143,6.512499999999999,11.897190914489851
1841.F06432,41,1841,1841:CUB050,female,head,20260906,1,22.070462084459063,28.96875,26.53887896948391,18.929537915540937,12.03125,14.46112103051609
10317.000049119,62,10317,10317:cf42e22cb0b5def3e5fb85e3eedb9fec63ec3614a7783d0ac195975b575a9863d801522f080d492d8032502dfbef61ba79d17264597f600354ba3cb662748955,male,hand,20260906,1,42.13413270662596,51.59375,49.24683294662051,19.865867293374038,10.40625,12.753167053379492
1841.F05612,20,1841,1841:CUB005,female,head,20260906,1,22.070462084459063,24.48125,25.08421515219234,2.070462084459063,4.481249999999999,5.084215152192339
10317.000027250,26,10317,10317:35ad3a0f8be46af7197f78a77d7f387c0c7eaf6f1a077f0e0176fc9111103db539f114ea70834449cb5b086a49f41113f54c36fb5bbd31c5afcbf0a1d618fe92,male,head,20260906,1,41.99302490473077,38.79375,38.50917685702165,15.993024904730767,12.793750000000003,12.50917685702165
1841.P15407,18,1841,1841:NCS213,female,hand,20260906,1,22.09325436884889,22.3125,24.810408264161527,4.093254368848889,4.3125,6.810408264161527
10317.000009059,50,10317,10317:d2b0d78183a7fb7003716446b4a9280723b3b3e47823c3e6d1a251d445558a0bbde902b411f4f4015c7f8faa15d573d3a103491eb53d1fb0ff68fedb2e2dd4d7,female,head,20260906,1,46.69374858954803,35.18125,43.02723137889213,3.3062514104519707,14.818750000000001,6.972768621107868
1841.F06031,22,1841,1841:NCS212,female,head,20260906,1,22.070462084459063,23.9375,22.747308409676215,0.07046208445906288,1.9375,0.747308409676215
1841.P15181,18,1841,1841:NCS213,female,hand,20260906,1,22.09325436884889,23.5625,22.10367618835545,4.093254368848889,5.5625,4.1036761883554504
2010.1840,32,2010,2010:19,female,head,20260906,1,27.99195562376527,43.66875,33.64027771781393,4.008044376234729,11.668750000000003,1.6402777178139303
1841.P15365,22,1841,1841:NCS212,female,hand,20260906,1,22.09325436884889,22.73125,23.503434023853764,0.09325436884888916,0.7312499999999993,1.5034340238537638
10317.000036125,42,10317,10317:a1cd5635deef381a3388b606e82458a3d030c613a5d1605e912e298677c648fec4c0630fde5c78738c54d9c48767cbe35d882d96bb7fe8a5bb995fbff088cd25,female,head,20260906,1,46.69374858954803,40.28125,43.81366818468042,4.693748589548029,1.71875,1.8136681846804166
10317.000011979,53,10317,10317:86f38a5d916420ce42057d5012ab6e7b63fe17dce6c5bbd26d4d6b33da03f0c707be225d1759b8991e4a3e2158e96c5ba68e85dfe1ef7f47fcce7ba1ec47ff2e,female,head,20260906,1,46.69374858954803,43.975,43.71946431486434,6.306251410451971,9.024999999999999,9.28053568513566
1841.F05864,33,1841,1841:NAU144,male,head,20260906,1,24.232162444530857,24.34375,21.579978829717035,8.767837555469143,8.65625,11.420021170282965
1841.P16510,20,1841,1841:CUB005,female,hand,20260906,1,22.09325436884889,23.23125,26.0000241731025,2.093254368848889,3.2312499999999993,6.000024173102499
10317.000009071,31,10317,10317:48fd24a3221f83a24f4307730fea531db77cc72647a64a29ffcf0dd97f7305deea2b1e3c1cba32b3cbe473a91330373f80b78deedad17f887fccce56f5ebe393,male,head,20260906,1,41.99302490473077,44.48125,44.3611769535807,10.993024904730767,13.481250000000003,13.361176953580703
10317.000009073,31,10317,10317:48fd24a3221f83a24f4307730fea531db77cc72647a64a29ffcf0dd97f7305deea2b1e3c1cba32b3cbe473a91330373f80b78deedad17f887fccce56f5ebe393,male,hand,20260906,1,42.13413270662596,38.5375,42.25273029018398,11.134132706625962,7.537500000000001,11.252730290183983
10317.000048360,64,10317,10317:38b52d80745205082d2b0768d21dd49bd97b0762ddb17ec4e549c69b3b75f17167733bf4a73fe6fdc52037e40d6b89fc512dffe4c7ea605af2290fac125f6726,female,head,20260906,1,46.69374858954803,46.6375,48.81603650194379,17.30625141045197,17.362499999999997,15.183963498056208
1841.F06416,41,1841,1841:CUB050,female,head,20260906,1,22.070462084459063,26.20625,25.809257879699754,18.929537915540937,14.79375,15.190742120300246
1841.F06511,20,1841,1841:CUB005,female,head,20260906,1,22.070462084459063,23.81875,24.164612992678887,2.070462084459063,3.8187500000000014,4.164612992678887
10317.000005654,35,10317,10317:8606c4dd2d9371a4b109521ba900732b745ba94bf06c0047a2b8189bb5e157e1f6bcb5d5ed855b3e972841afb6a38ae24f88d3995e2f6c362286bd69d07c83ed,female,hand,20260906,1,50.5605216078808,37.89375,46.50924684371508,15.560521607880801,2.893749999999997,11.509246843715083
10317.000005657,35,10317,10317:8606c4dd2d9371a4b109521ba900732b745ba94bf06c0047a2b8189bb5e157e1f6bcb5d5ed855b3e972841afb6a38ae24f88d3995e2f6c362286bd69d07c83ed,female,head,20260906,1,46.69374858954803,40.35625,42.69937195264239,11.69374858954803,5.356250000000003,7.699371952642387
10317.000005656,35,10317,10317:8606c4dd2d9371a4b109521ba900732b745ba94bf06c0047a2b8189bb5e157e1f6bcb5d5ed855b3e972841afb6a38ae24f88d3995e2f6c362286bd69d07c83ed,female,hand,20260906,1,50.5605216078808,37.9125,44.45019818538677,15.560521607880801,2.9125000000000014,9.450198185386768
10317.000020770,63,10317,10317:10c8546946a2e2010a75c89453b040665e96df1bb29926bbc6a4b848240f3496cf382414067385add4d4efb3f09315e48b6000a82bc428ab354207875c319ac4,female,head,20260906,1,46.69374858954803,43.1125,45.790971040620086,16.30625141045197,19.887500000000003,17.209028959379914
1841.P15427,22,1841,1841:NCS212,female,hand,20260906,1,22.09325436884889,22.43125,23.570692293330236,0.09325436884888916,0.4312499999999986,1.5706922933302359
1841.P15420,22,1841,1841:NCS212,female,hand,20260906,1,22.09325436884889,22.76875,23.65405266667074,0.09325436884888916,0.7687500000000007,1.65405266667074
1841.F05676,41,1841,1841:CUB050,female,head,20260906,1,22.070462084459063,30.26875,24.576406920983292,18.929537915540937,10.73125,16.423593079016708
1841.F05672,23,1841,1841:CUB056,male,head,20260906,1,24.232162444530857,24.11875,20.21155402106598,1.2321624445308572,1.1187499999999986,2.7884459789340212
10317.000040133,65,10317,10317:2b9cd37b03a34e4fed908599b8aedfd4277f38cd704e2625664f495885508a6c40fe8b88f3c9b254c454e5fdcaeef45ed360aa3202dd2bd6326d6e5df964004a,male,head,20260906,1,41.99302490473077,44.7875,44.26697324829604,23.006975095269233,20.2125,20.73302675170396
1841.P15168,18,1841,1841:NCS213,female,hand,20260906,1,22.09325436884889,23.1875,24.4412616114454,4.093254368848889,5.1875,6.441261611445402
1841.P15163,18,1841,1841:NCS213,female,hand,20260906,1,22.09325436884889,23.73125,24.610912307093013,4.093254368848889,5.731249999999999,6.610912307093013
1841.F05806,20,1841,1841:NAU128,female,head,20260906,1,22.070462084459063,23.46875,22.91201216745568,2.070462084459063,3.46875,2.9120121674556785
1841.F05805,33,1841,1841:NAU144,male,head,20260906,1,24.232162444530857,24.9375,21.851431162033546,8.767837555469143,8.0625,11.148568837966454
1841.F05803,33,1841,1841:NAU144,male,head,20260906,1,24.232162444530857,24.58125,21.432387585194697,8.767837555469143,8.41875,11.567612414805303
1841.F05822,33,1841,1841:NAU144,male,head,20260906,1,24.232162444530857,24.68125,21.34181440600705,8.767837555469143,8.318750000000001,11.65818559399295
1841.F06478,20,1841,1841:CUB049,female,head,20260906,2,22.23262678139655,22.075,23.068295675681036,2.232626781396551,2.0749999999999993,3.0682956756810356
1841.F06474,22,1841,1841:CUB048,female,head,20260906,2,22.23262678139655,27.1875,24.702286603363746,0.2326267813965508,5.1875,2.7022866033637456
10317.000087026,50,10317,10317:9556b26ba73292c840427f56d0913d9372bd8a0285daab53c83800b8972dbbba507f9182b997a497c8a055076429cf80e4a5a7c313c7b1a6d508774a769bb61d,male,hand,20260906,2,43.48180374804393,40.94375,44.78882356202338,6.51819625195607,9.056249999999999,5.211176437976619
1841.F05357,20,1841,1841:NCS210,female,head,20260906,2,22.23262678139655,24.3,24.72126932469376,2.232626781396551,4.300000000000001,4.721269324693761
10317.000049806,66,10317,10317:4863e557347469643abb13187a4c07e6d82a136b7e8ada704bcc1c6ea30fc2961e36855c2dfe883650d88cef48ae1161802be7c3b874b5f003569b1f51adc309,female,head,20260906,2,48.69028672502653,46.93125,51.73301281471808,17.30971327497347,19.06875,14.26698718528192
1841.F06380,36,1841,1841:CUB042,male,head,20260906,2,24.06419185296993,22.79375,20.691981331378344,11.93580814703007,13.20625,15.308018668621656
1841.F06381,21,1841,1841:CUB012,female,head,20260906,2,22.23262678139655,25.53125,26.70151308249329,1.2326267813965508,4.53125,5.701513082493289
1841.F06385,22,1841,1841:CUB048,female,head,20260906,2,22.23262678139655,25.35,23.854297371287224,0.2326267813965508,3.3500000000000014,1.854297371287224
10317.000068792,39,10317,10317:0610dc25baabfb768bd6465f009077ba740694d1c37591ea165a6eed61b038ba1fd9167c4f0efbd5cd490953bcd66ea07e9d8b594234539c2e566f09dd0e4699,male,hand,20260906,2,43.48180374804393,39.0375,40.57735010799816,4.48180374804393,0.03750000000000142,1.5773501079981571
1841.P15440,22,1841,1841:NCS202,female,hand,20260906,2,22.31317492560374,25.3375,25.124676192290423,0.3131749256037395,3.3374999999999986,3.1246761922904227
1841.F05658,22,1841,1841:CUB016,female,head,20260906,2,22.23262678139655,24.8,22.770416367281552,0.2326267813965508,2.8000000000000007,0.7704163672815518
1841.P16497,22,1841,1841:NCS255,female,hand,20260906,2,22.31317492560374,22.175,22.99955635093629,0.3131749256037395,0.1750000000000007,0.9995563509362917
1841.P16499,23,1841,1841:NCS244,female,hand,20260906,2,22.31317492560374,23.55625,25.00383972498946,0.6868250743962605,0.5562499999999986,2.0038397249894615
1841.F05564,30,1841,1841:NAU155,female,head,20260906,2,22.23262678139655,22.81875,20.69900386844888,7.767373218603449,7.181249999999999,9.30099613155112
1841.P15331,23,1841,1841:NCS243,male,hand,20260906,2,24.02128077810405,22.1375,20.82605770962895,1.0212807781040496,0.8625000000000007,2.1739422903710484
1841.F06045,23,1841,1841:NCS243,male,head,20260906,2,24.06419185296993,26.24375,20.28262494298588,1.0641918529699304,3.2437499999999986,2.71737505701412
1841.P15327,20,1841,1841:NCS210,female,hand,20260906,2,22.31317492560374,24.5,27.031986060987094,2.3131749256037395,4.5,7.031986060987094
1841.P15320,23,1841,1841:NCS243,male,hand,20260906,2,24.02128077810405,25.95625,21.9528677168104,1.0212807781040496,2.9562500000000007,1.047132283189601
10317.000015209,60,10317,10317:f85c35ccb1de86d528e1bc924109d3f1ef2725eff131fffbb4f955f2bf62f99d01df00160e393e9c7ca1eba714fcb5547b4952bd7ca8fbba07e51e58be5c6410,unknown,hand,20260906,2,38.98356287149991,49.75,49.07029542380094,21.016437128500087,10.25,10.929704576199057
10317.000020453,42,10317,10317:717a010ecae247e17c0d75cdc08151d79ef870155f338e469f89c0489311881fcd9a409c1f2f17cbfdb5c5e655cd7b7ba153016ff78cd3d0326a1da4bbbbe1b4,male,head,20260906,2,42.85907424225057,42.58125,44.66010830924364,0.8590742422505713,0.5812499999999972,2.6601083092436397
1841.F05351,22,1841,1841:NCS202,female,head,20260906,2,22.23262678139655,25.2125,24.820980776941287,0.2326267813965508,3.2124999999999986,2.820980776941287
1841.F06139,22,1841,1841:CUB048,female,head,20260906,2,22.23262678139655,25.45625,23.449105941874127,0.2326267813965508,3.4562500000000007,1.4491059418741266
10317.000049240,56,10317,10317:bd91fc26c20a7652fc421fee2aa75624e4db7f68e0e4fde846745c30bb976e46e87f9660bdf0cea293a6b1ddf22122f6376d2be385445805fa204dd33e6dc905,male,hand,20260906,2,43.48180374804393,48.53125,48.1410787659363,12.51819625195607,7.46875,7.8589212340637005
10317.000049241,56,10317,10317:bd91fc26c20a7652fc421fee2aa75624e4db7f68e0e4fde846745c30bb976e46e87f9660bdf0cea293a6b1ddf22122f6376d2be385445805fa204dd33e6dc905,male,hand,20260906,2,43.48180374804393,45.73125,48.258165846925486,12.51819625195607,10.268749999999997,7.741834153074514
2010.1361,27,2010,2010:7,female,head,20260906,2,27.74210587187609,39.4125,31.881430791390287,0.7421058718760882,12.412500000000001,4.881430791390287
1841.F06026,20,1841,1841:NCS210,female,head,20260906,2,22.23262678139655,25.26875,22.520862407395978,2.232626781396551,5.268750000000001,2.5208624073959776
1841.P15693,20,1841,1841:CUB049,female,hand,20260906,2,22.31317492560374,22.55,24.657981181051547,2.3131749256037395,2.5500000000000007,4.657981181051547
10317.000015451,46,10317,10317:3483b70983107b3501a2fdeab0f7e00b06ec05b5a7afdf499c410267e4aa99ea36b3643db981cdf6f557435d6ff028c1059e2bc75261e6f468598f093fde8b72,male,hand,20260906,2,43.48180374804393,45.86875,49.69944342037391,2.51819625195607,0.13125000000000142,3.6994434203739104
1841.P16574,20,1841,1841:CUB049,female,hand,20260906,2,22.31317492560374,22.7625,23.98361613041482,2.3131749256037395,2.7624999999999993,3.98361613041482
10317.000003410,49,10317,10317:d1910a1a76a8f78681bcb07a5bd97d35113c3770a82cd58a4cc41bbd0f24a54931c4699e445992cd3590ec9d1ae2db92ad3f118ade23b3ab902226bfb6b6915f,male,head,20260906,2,42.85907424225057,45.9,46.07626896021271,6.140925757749429,3.1000000000000014,2.9237310397872918
1841.F06551,20,1841,1841:CUB049,female,head,20260906,2,22.23262678139655,21.475,22.432765278264284,2.232626781396551,1.4750000000000014,2.4327652782642843
1841.F06002,23,1841,1841:NCS243,male,head,20260906,2,24.06419185296993,22.18125,19.056614071823702,1.0641918529699304,0.8187500000000014,3.9433859281762977
1841.F06009,23,1841,1841:NCS243,male,head,20260906,2,24.06419185296993,27.04375,22.12965071405881,1.0641918529699304,4.043749999999999,0.8703492859411917
1841.F05571,30,1841,1841:NAU155,female,head,20260906,2,22.23262678139655,23.35625,23.697779404968408,7.767373218603449,6.643750000000001,6.302220595031592
1841.F05576,30,1841,1841:NAU155,female,head,20260906,2,22.23262678139655,26.0375,21.800500708862348,7.767373218603449,3.9624999999999986,8.199499291137652
1841.F06495,22,1841,1841:CUB004,female,head,20260906,2,22.23262678139655,29.76875,26.27726496191478,0.2326267813965508,7.768750000000001,4.277264961914781
1841.P16432,23,1841,1841:NCS243,male,hand,20260906,2,24.02128077810405,27.16875,21.93938485078081,1.0212807781040496,4.168749999999999,1.0606151492191884
1841.P16435,22,1841,1841:NCS255,female,hand,20260906,2,22.31317492560374,22.575,25.46763028500054,0.3131749256037395,0.5749999999999993,3.4676302850005385
1841.P15325,20,1841,1841:NCS210,female,hand,20260906,2,22.31317492560374,26.1875,27.963821949117506,2.3131749256037395,6.1875,7.963821949117506
1841.F05050,20,1841,1841:NCS210,female,head,20260906,2,22.23262678139655,25.475,24.449946620722056,2.232626781396551,5.475000000000001,4.449946620722056
1841.F06577,36,1841,1841:CUB042,male,head,20260906,2,24.06419185296993,33.39375,23.904366659481315,11.93580814703007,2.606250000000003,12.095633340518685
1841.P15385,22,1841,1841:NCS255,female,hand,20260906,2,22.31317492560374,24.18125,25.423786245223177,0.3131749256037395,2.1812499999999986,3.4237862452231766
1841.F05086,23,1841,1841:NCS244,female,head,20260906,2,22.23262678139655,21.74375,23.124980148706555,0.7673732186034492,1.2562500000000014,0.12498014870655538
10317.000048946,25,10317,10317:fd658c211decf8560568703bb1621dc7ab2972b0403502579cb6058df268644a35e2777929b99fcec24a21c8dac8e433694e070c10166c3c162dc7d93491b7c9,unknown,hand,20260906,2,38.98356287149991,46.7625,43.85260383141705,13.983562871499913,21.762500000000003,18.85260383141705
10317.000048947,25,10317,10317:fd658c211decf8560568703bb1621dc7ab2972b0403502579cb6058df268644a35e2777929b99fcec24a21c8dac8e433694e070c10166c3c162dc7d93491b7c9,unknown,head,20260906,2,38.62898264944967,45.49375,44.90267395630639,13.628982649449668,20.49375,19.902673956306387
10317.000012153,39,10317,10317:11a164f633168118e0565026872fa35afedfe2bae4497973a70320675455a4b33dc3ad7a7c30d5087e7928b80c4f712a6b4192465f4342ce940fa7e45758084d,female,hand,20260906,2,49.85218232521317,41.01875,43.58832069894285,10.852182325213171,2.018749999999997,4.5883206989428515
10317.000005235,55,10317,10317:45e54011490a1e8319d45ba35b5c9c687e4ec395fd00d5bd3b927f21b897135e002c9c488ced29f5644e9cc87c9d6d420ce68c9a95f88b151cd7a4c6182ead64,male,hand,20260906,2,43.48180374804393,39.89375,42.144295525488346,11.51819625195607,15.106250000000003,12.855704474511654
10317.000015057,80,10317,10317:8dd14dd80ae9b69218b4942e80486ca4299a19f9342258835b868633bfa7bff6581b9102dd034b2a58f5ea1a74b8a2ec5b06b38aca104935d0e20a6925b670f2,unknown,head,20260906,2,38.62898264944967,50.0375,51.45562981370768,41.37101735055033,29.9625,28.54437018629232
1841.P16417,22,1841,1841:NCS255,female,hand,20260906,2,22.31317492560374,22.93125,24.45358421574152,0.3131749256037395,0.9312499999999986,2.4535842157415217
1841.F05648,21,1841,1841:CUB012,female,head,20260906,2,22.23262678139655,26.55625,26.015975524255147,1.2326267813965508,5.556249999999999,5.015975524255147
1841.F05646,36,1841,1841:CUB042,male,head,20260906,2,24.06419185296993,34.33125,23.59052242445502,11.93580814703007,1.6687500000000028,12.40947757554498
1841.F06519,21,1841,1841:CUB012,female,head,20260906,2,22.23262678139655,24.075,25.907715833624017,1.2326267813965508,3.0749999999999993,4.907715833624017
1841.F06514,36,1841,1841:CUB042,male,head,20260906,2,24.06419185296993,27.89375,23.12933929465838,11.93580814703007,8.10625,12.87066070534162
1841.F05533,22,1841,1841:NAU116,male,head,20260906,2,24.06419185296993,23.0,22.58823085661911,2.0641918529699304,1.0,0.5882308566191092
2010.1288,34,2010,2010:5,female,head,20260906,2,27.74210587187609,39.65,30.504913711939132,6.257894128123912,5.649999999999999,3.495086288060868
1841.F06186,36,1841,1841:CUB042,male,head,20260906,2,24.06419185296993,30.05,22.47126236695273,11.93580814703007,5.949999999999999,13.528737633047271
1841.P15978,22,1841,1841:CUB048,female,hand,20260906,2,22.31317492560374,27.58125,25.44123228704465,0.3131749256037395,5.581250000000001,3.441232287044649
1841.P15962,36,1841,1841:CUB042,male,hand,20260906,2,24.02128077810405,30.375,24.41750846935278,11.97871922189595,5.625,11.582491530647221
1841.F05276,24,1841,1841:NAU109,male,head,20260906,2,24.06419185296993,24.2375,21.64788926006034,0.06419185296993035,0.2375000000000007,2.3521107399396612
1841.F05278,24,1841,1841:NAU109,male,head,20260906,2,24.06419185296993,25.31875,22.939748618384822,0.06419185296993035,1.3187500000000014,1.0602513816151777
1841.P16475,23,1841,1841:NCS244,female,hand,20260906,2,22.31317492560374,22.39375,23.60083701184223,0.6868250743962605,0.6062499999999993,0.6008370118422306
1841.F06532,22,1841,1841:CUB016,female,head,20260906,2,22.23262678139655,21.3125,22.107649244780045,0.2326267813965508,0.6875,0.10764924478004545
1841.F06530,22,1841,1841:CUB004,female,head,20260906,2,22.23262678139655,25.7,24.490907753502793,0.2326267813965508,3.6999999999999993,2.4909077535027926
1841.F06538,20,1841,1841:CUB049,female,head,20260906,2,22.23262678139655,24.31875,23.91295718327411,2.232626781396551,4.318750000000001,3.9129571832741092
1841.P15566,30,1841,1841:NAU155,female,hand,20260906,2,22.31317492560374,25.7375,23.756391838192407,7.6868250743962605,4.262499999999999,6.243608161807593
1841.F05510,24,1841,1841:NAU109,male,head,20260906,2,24.06419185296993,24.85,20.848994794858587,0.06419185296993035,0.8500000000000014,3.151005205141413
10317.000008200,46,10317,10317:48d391496558e01a0104b2b5a59686340e1e6a0399c13717e18c37dc683db8cf9db7b16ae3e331f1f78373cf02cfc7c9565ca3f6b2d6eae259d9401e7d93b863,female,head,20260906,2,48.69028672502653,39.55,44.9589584769728,2.6902867250265317,6.450000000000003,1.0410415230271965
10317.000015186,26,10317,10317:cb8ea224a3bb7ef53bf08da62860c079b5996441cbbb6ef11fbe09454172198e57a65569937d0e57c98a2327cfe4b04a55969cdda8eed8fc5f998c2468e4920a,male,hand,20260906,2,43.48180374804393,40.925,43.78049358885665,17.48180374804393,14.924999999999997,17.78049358885665
10317.000015188,26,10317,10317:cb8ea224a3bb7ef53bf08da62860c079b5996441cbbb6ef11fbe09454172198e57a65569937d0e57c98a2327cfe4b04a55969cdda8eed8fc5f998c2468e4920a,male,head,20260906,2,42.85907424225057,40.9625,42.15999777489234,16.85907424225057,14.962499999999999,16.15999777489234
10317.000063284,29,10317,10317:c78075767b35e039a0b606f8a727e3fc3e2823715abe6a1c7c9956e664a6ff667e1ed5a2426907b56b3a7776221005afb7b5f38d5a651d25074abdbea76cec2f,male,head,20260906,2,42.85907424225057,38.3375,40.18684045237384,13.859074242250571,9.337499999999999,11.186840452373843
1841.P15951,22,1841,1841:CUB048,female,hand,20260906,2,22.31317492560374,26.5375,26.92942078523265,0.3131749256037395,4.537500000000001,4.929420785232651
1841.P15770,30,1841,1841:NAU155,female,hand,20260906,2,22.31317492560374,23.9375,24.51730446460248,7.6868250743962605,6.0625,5.4826955353975215
2010.2602,21,2010,2010:35,female,head,20260906,2,27.74210587187609,32.61875,27.742547178576206,6.742105871876088,11.618749999999999,6.742547178576206
1841.F06093,23,1841,1841:NCS244,female,head,20260906,2,22.23262678139655,24.3875,22.429749229017855,0.7673732186034492,1.3874999999999993,0.5702507709821454
10317.000029543,48,10317,10317:c86071d17549b1edea0c1ee4fd08d1f8f445ff93e7557a199712b7b28cc1547cf0bf2fbe6c28e355b5a962568aa61b5f158ed2022969d51ccb413287f708fe10,female,head,20260906,2,48.69028672502653,43.26875,47.138208312981085,0.6902867250265317,4.731250000000003,0.8617916870189148
1841.P16326,24,1841,1841:NAU109,male,hand,20260906,2,24.02128077810405,23.35,20.794631708981328,0.021280778104049602,0.6499999999999986,3.2053682910186723
1841.F06088,22,1841,1841:NCS255,female,head,20260906,2,22.23262678139655,22.5,24.48505078849184,0.2326267813965508,0.5,2.48505078849184
10317.000015212,34,10317,10317:356171d003a70eda05dbc44ca7f1c23e803cbba14631a5247db7774ba0e837cd853a804b6bc41bc084b8849021f84c1c780ad04856231b70f72faf5ef5b4bcbf,male,hand,20260906,2,43.48180374804393,39.9875,42.01964427588163,9.48180374804393,5.987499999999997,8.019644275881632
1841.P15098,22,1841,1841:CUB048,female,hand,20260906,2,22.31317492560374,24.05,24.751525021453872,0.3131749256037395,2.0500000000000007,2.7515250214538725
1841.P16539,22,1841,1841:CUB004,female,hand,20260906,2,22.31317492560374,31.51875,24.694574671293637,0.3131749256037395,9.51875,2.694574671293637
1841.F05066,22,1841,1841:NCS255,female,head,20260906,2,22.23262678139655,21.875,23.770195500654893,0.2326267813965508,0.125,1.7701955006548928
10317.000015222,53,10317,10317:ee6b0199d11ab9c50774b9e56abce9e5b0601741d7922866f57f5c638ca8cf822c2cfa394a8707365a589b0a6368c20df23f66a6c845f66e662b0742e5937eb4,male,hand,20260906,2,43.48180374804393,41.69375,46.34635239855928,9.51819625195607,11.306249999999999,6.653647601440717
10317.000015221,53,10317,10317:ee6b0199d11ab9c50774b9e56abce9e5b0601741d7922866f57f5c638ca8cf822c2cfa394a8707365a589b0a6368c20df23f66a6c845f66e662b0742e5937eb4,male,head,20260906,2,42.85907424225057,46.225,48.95754140521531,10.140925757749429,6.774999999999999,4.042458594784691
1841.P16157,24,1841,1841:NAU109,male,hand,20260906,2,24.02128077810405,24.31875,22.955803889494145,0.021280778104049602,0.3187500000000014,1.0441961105058546
2010.1462,34,2010,2010:5,female,head,20260906,2,27.74210587187609,39.45625,31.76383875384079,6.257894128123912,5.456249999999997,2.2361612461592095
1841.P15938,21,1841,1841:CUB012,female,hand,20260906,2,22.31317492560374,27.125,27.83743066291059,1.3131749256037395,6.125,6.837430662910592
10317.000005071,62,10317,10317:95709cc58235ffbd909b031216643693df4dbc827ae14fc247eebb0528bfbea20bc16e3572da9168ccfd0829b33c756aa63ed4ce9ba244ce6bdf5ef97c44e85f,female,hand,20260906,2,49.85218232521317,47.6,48.58959762844345,12.147817674786829,14.399999999999999,13.41040237155655
10317.000005070,62,10317,10317:95709cc58235ffbd909b031216643693df4dbc827ae14fc247eebb0528bfbea20bc16e3572da9168ccfd0829b33c756aa63ed4ce9ba244ce6bdf5ef97c44e85f,female,hand,20260906,2,49.85218232521317,45.2125,52.73193801697578,12.147817674786829,16.7875,9.268061983024218
1841.P15018,36,1841,1841:CUB042,male,hand,20260906,2,24.02128077810405,32.65,23.02495654600775,11.97871922189595,3.3500000000000014,12.97504345399225
10317.000043162,86,10317,10317:969959b6a56c892088c6fec4a090bc9d7786704432d85dd70c0b376f3082c1743c5522532f4a6139e760de6add314a67dddb22fcaef7e05d6f73095cd5be1d95,female,hand,20260906,2,49.85218232521317,49.65,54.04693078274859,36.14781767478683,36.35,31.95306921725141
1841.F05008,20,1841,1841:NCS210,female,head,20260906,2,22.23262678139655,22.475,24.50468354586204,2.232626781396551,2.4750000000000014,4.50468354586204
1841.F05009,20,1841,1841:NCS210,female,head,20260906,2,22.23262678139655,25.175,26.42059003775713,2.232626781396551,5.175000000000001,6.42059003775713
10317.000015207,60,10317,10317:f85c35ccb1de86d528e1bc924109d3f1ef2725eff131fffbb4f955f2bf62f99d01df00160e393e9c7ca1eba714fcb5547b4952bd7ca8fbba07e51e58be5c6410,unknown,hand,20260906,2,38.98356287149991,44.5875,42.73499156981936,21.016437128500087,15.412500000000001,17.265008430180643
10317.000015208,60,10317,10317:f85c35ccb1de86d528e1bc924109d3f1ef2725eff131fffbb4f955f2bf62f99d01df00160e393e9c7ca1eba714fcb5547b4952bd7ca8fbba07e51e58be5c6410,unknown,head,20260906,2,38.62898264944967,45.86875,43.82638228165104,21.371017350550332,14.131250000000001,16.173617718348957
10317.000032844,34,10317,10317:2f99bf4f7ec4110bbb356ecafe18a81cf99c407dc04127efbbe24227d256b81c690640ad22fa2a115f1adb9a603c2509999f0325292f5ad6c80144726ff29fb3,male,head,20260906,2,42.85907424225057,43.8625,45.39648725936691,8.859074242250571,9.862499999999997,11.396487259366907
1841.P16174,24,1841,1841:NAU109,male,hand,20260906,2,24.02128077810405,26.23125,22.21309209081367,0.021280778104049602,2.2312499999999993,1.7869079091863291
10317.000063243,31,10317,10317:9a6b1d64174bf2de76973d430737df42a6c1d222167a33cad37332ade7aaba03e2f1fd87dd65c5bda2ab171d6373490fa6395929f8ff33c6d5acdec0d7035388,male,hand,20260906,2,43.48180374804393,38.125,41.54497324346578,12.48180374804393,7.125,10.544973243465783
1841.P15913,22,1841,1841:CUB016,female,hand,20260906,2,22.31317492560374,22.14375,23.485349978425603,0.3131749256037395,0.1437500000000007,1.485349978425603
1841.P15917,20,1841,1841:CUB049,female,hand,20260906,2,22.31317492560374,23.10625,23.779839444874263,2.3131749256037395,3.1062499999999993,3.7798394448742627
1841.P16582,36,1841,1841:CUB042,male,hand,20260906,2,24.02128077810405,32.71875,26.01439749453036,11.97871922189595,3.28125,9.98560250546964
1841.P16588,20,1841,1841:CUB049,female,hand,20260906,2,22.31317492560374,23.6375,24.277709093709692,2.3131749256037395,3.6374999999999993,4.277709093709692
1841.F06597,22,1841,1841:CUB048,female,head,20260906,2,22.23262678139655,26.26875,25.19362846164068,0.2326267813965508,4.268750000000001,3.1936284616406816
1841.F06591,21,1841,1841:CUB012,female,head,20260906,2,22.23262678139655,25.15,26.150553094654832,1.2326267813965508,4.149999999999999,5.150553094654832
1841.F06599,22,1841,1841:CUB004,female,head,20260906,2,22.23262678139655,25.73125,22.89368340036122,0.2326267813965508,3.7312499999999993,0.8936834003612191
1841.P15050,21,1841,1841:CUB012,female,hand,20260906,2,22.31317492560374,23.24375,25.5009486106298,1.3131749256037395,2.2437499999999986,4.5009486106297985
1841.P15582,30,1841,1841:NAU155,female,hand,20260906,2,22.31317492560374,23.4625,25.338537301332643,7.6868250743962605,6.537500000000001,4.661462698667357
1841.P15587,30,1841,1841:NAU155,female,hand,20260906,2,22.31317492560374,29.7,27.88830628561599,7.6868250743962605,0.3000000000000007,2.1116937143840104
1841.P15278,22,1841,1841:CUB016,female,hand,20260906,2,22.31317492560374,24.48125,24.676303870161792,0.3131749256037395,2.4812499999999993,2.6763038701617923
1841.F05025,22,1841,1841:NCS255,female,head,20260906,2,22.23262678139655,23.5,23.70376976067872,0.2326267813965508,1.5,1.7037697606787212
1841.F06107,20,1841,1841:CUB049,female,head,20260906,2,22.23262678139655,21.35625,22.08656272258956,2.232626781396551,1.3562499999999993,2.0865627225895587
1841.P16340,24,1841,1841:NAU109,male,hand,20260906,2,24.02128077810405,28.46875,21.48392856811871,0.021280778104049602,4.46875,2.51607143188129
1841.P15073,36,1841,1841:CUB042,male,hand,20260906,2,24.02128077810405,30.525,21.66780945714981,11.97871922189595,5.475000000000001,14.332190542850189
1841.P15074,22,1841,1841:CUB004,female,hand,20260906,2,22.31317492560374,26.95,25.575415076694323,0.3131749256037395,4.949999999999999,3.5754150766943233
1841.P15079,20,1841,1841:CUB049,female,hand,20260906,2,22.31317492560374,23.40625,24.57376856006725,2.3131749256037395,3.40625,4.573768560067251
1841.F06317,21,1841,1841:CUB012,female,head,20260906,2,22.23262678139655,27.61875,26.146580823797997,1.2326267813965508,6.618749999999999,5.146580823797997
1841.P15256,36,1841,1841:CUB042,male,hand,20260906,2,24.02128077810405,36.35625,26.28681972099331,11.97871922189595,0.35625000000000284,9.71318027900669
1841.P16450,22,1841,1841:NCS255,female,hand,20260906,2,22.31317492560374,24.69375,25.05251473814434,0.3131749256037395,2.6937500000000014,3.052514738144339
10317.000005578,33,10317,10317:356171d003a70eda05dbc44ca7f1c23e803cbba14631a5247db7774ba0e837cd853a804b6bc41bc084b8849021f84c1c780ad04856231b70f72faf5ef5b4bcbf,male,hand,20260906,2,43.48180374804393,40.34375,40.93499545660555,10.48180374804393,7.34375,7.934995456605549
10317.000005574,33,10317,10317:356171d003a70eda05dbc44ca7f1c23e803cbba14631a5247db7774ba0e837cd853a804b6bc41bc084b8849021f84c1c780ad04856231b70f72faf5ef5b4bcbf,male,head,20260906,2,42.85907424225057,42.50625,43.393201018572306,9.859074242250571,9.506250000000001,10.393201018572306
1841.P15210,20,1841,1841:CUB049,female,hand,20260906,2,22.31317492560374,23.74375,24.451822118715757,2.3131749256037395,3.7437499999999986,4.451822118715757
10317.000069034,22,10317,10317:a6a72ae91b2b02c8ea4cfe12d58d98ebe5b424cd88d36f8b84e1deec1b971b6c50e1fbca139d0b8b67d6f73821c7922d555844d105af99dd4813cd966993df6f,male,hand,20260906,2,43.48180374804393,36.45625,38.017992584291854,21.48180374804393,14.456249999999997,16.017992584291854
10317.000046210,26,10317,10317:2cadcc9c9bb4b3018c35f7012a5f45417f5e7d3c5a8205a3e266e3994e6d3a312146e795ee10a538d9dcde6a356e15798fdfc96aea7f23df2c8c505d8bb465a4,female,head,20260906,2,48.69028672502653,39.275,45.805606007929875,22.69028672502653,13.274999999999999,19.805606007929875
1841.F05041,23,1841,1841:NCS244,female,head,20260906,2,22.23262678139655,21.85625,22.60699194671855,0.7673732186034492,1.1437500000000007,0.3930080532814486
1841.F05046,20,1841,1841:NCS210,female,head,20260906,2,22.23262678139655,25.1625,24.461911548572473,2.232626781396551,5.162500000000001,4.461911548572473
2010.1715,22,2010,2010:15,female,head,20260906,2,27.74210587187609,36.625,27.82077266645766,5.742105871876088,14.625,5.8207726664576604
10317.000015183,55,10317,10317:45e54011490a1e8319d45ba35b5c9c687e4ec395fd00d5bd3b927f21b897135e002c9c488ced29f5644e9cc87c9d6d420ce68c9a95f88b151cd7a4c6182ead64,male,hand,20260906,2,43.48180374804393,46.375,45.842611794480575,11.51819625195607,8.625,9.157388205519425
10317.000015182,55,10317,10317:45e54011490a1e8319d45ba35b5c9c687e4ec395fd00d5bd3b927f21b897135e002c9c488ced29f5644e9cc87c9d6d420ce68c9a95f88b151cd7a4c6182ead64,male,head,20260906,2,42.85907424225057,39.38125,43.56692777552016,12.140925757749429,15.618749999999999,11.433072224479837
10317.000015184,55,10317,10317:45e54011490a1e8319d45ba35b5c9c687e4ec395fd00d5bd3b927f21b897135e002c9c488ced29f5644e9cc87c9d6d420ce68c9a95f88b151cd7a4c6182ead64,male,hand,20260906,2,43.48180374804393,42.6125,44.32325610137595,11.51819625195607,12.387500000000003,10.676743898624053
1841.P15013,22,1841,1841:CUB016,female,hand,20260906,2,22.31317492560374,23.3375,23.87349319410179,0.3131749256037395,1.3374999999999986,1.8734931941017905
1841.P15010,21,1841,1841:CUB012,female,hand,20260906,2,22.31317492560374,26.3125,26.055234207730525,1.3131749256037395,5.3125,5.055234207730525
1841.P15370,23,1841,1841:NCS243,male,hand,20260906,2,24.02128077810405,27.125,20.42905118428848,1.0212807781040496,4.125,2.570948815711521
10317.000005577,34,10317,10317:356171d003a70eda05dbc44ca7f1c23e803cbba14631a5247db7774ba0e837cd853a804b6bc41bc084b8849021f84c1c780ad04856231b70f72faf5ef5b4bcbf,male,hand,20260906,2,43.48180374804393,39.425,42.12597952005049,9.48180374804393,5.424999999999997,8.125979520050493
1841.P15354,23,1841,1841:NCS243,male,hand,20260906,2,24.02128077810405,24.48125,23.006834467572517,1.0212807781040496,1.4812499999999993,0.0068344675725171555
1841.P15608,22,1841,1841:CUB048,female,hand,20260906,2,22.31317492560374,29.84375,28.797162677729485,0.3131749256037395,7.84375,6.797162677729485
1841.F06079,22,1841,1841:NCS255,female,head,20260906,2,22.23262678139655,22.09375,22.95268957561349,0.2326267813965508,0.09375,0.9526895756134905
10317.000072302,41,10317,10317:400d83c79d0086701c4c33b64a7e55f4f464325c35db42f0fed54c6d6f796d9b7943607ae3434897302c87033bd2704c82d5bed240c95f743566d2b3fd469f57,female,head,20260906,2,48.69028672502653,40.4875,42.469296624329466,7.690286725026532,0.5125000000000028,1.4692966243294663
1841.F06086,22,1841,1841:NCS255,female,head,20260906,2,22.23262678139655,22.875,22.605950034431633,0.2326267813965508,0.875,0.6059500344316326
10317.000048954,40,10317,10317:1044942a7b8a90539218b4698c4b9c3fcdfa273fbbaae3fd79cc45fa05997f6e566261c304f4eb18014b4d7f09e95259f47b9afe6b589a6d2fabfacc7e2a09b7,male,head,20260906,2,42.85907424225057,38.65625,41.159621261706086,2.8590742422505713,1.34375,1.1596212617060857
10317.000048956,40,10317,10317:1044942a7b8a90539218b4698c4b9c3fcdfa273fbbaae3fd79cc45fa05997f6e566261c304f4eb18014b4d7f09e95259f47b9afe6b589a6d2fabfacc7e2a09b7,male,hand,20260906,2,43.48180374804393,38.79375,41.88539897823773,3.48180374804393,1.2062499999999972,1.8853989782377312
10317.000048957,40,10317,10317:1044942a7b8a90539218b4698c4b9c3fcdfa273fbbaae3fd79cc45fa05997f6e566261c304f4eb18014b4d7f09e95259f47b9afe6b589a6d2fabfacc7e2a09b7,male,hand,20260906,2,43.48180374804393,40.34375,44.02329512583355,3.48180374804393,0.34375,4.023295125833549
1841.F05850,30,1841,1841:NAU155,female,head,20260906,2,22.23262678139655,26.30625,23.218425826548152,7.767373218603449,3.6937500000000014,6.7815741734518475
2010.1728,22,2010,2010:15,female,head,20260906,2,27.74210587187609,39.8125,30.923898155224865,5.742105871876088,17.8125,8.923898155224865
1841.F05635,21,1841,1841:CUB012,female,head,20260906,2,22.23262678139655,23.21875,25.17891457960433,1.2326267813965508,2.21875,4.178914579604331
1841.F06420,22,1841,1841:CUB016,female,head,20260906,2,22.23262678139655,24.78125,23.46385379264119,0.2326267813965508,2.78125,1.4638537926411885
1841.F05852,24,1841,1841:NAU109,male,head,20260906,2,24.06419185296993,23.0125,20.7166623453651,0.06419185296993035,0.9875000000000007,3.2833376546348987
1841.P15994,22,1841,1841:CUB016,female,hand,20260906,2,22.31317492560374,21.9375,23.20195942804543,0.3131749256037395,0.0625,1.2019594280454307
1841.F05064,23,1841,1841:NCS244,female,head,20260906,2,22.23262678139655,22.66875,23.739434529079816,0.7673732186034492,0.3312500000000007,0.7394345290798157
1841.F05874,24,1841,1841:NAU109,male,head,20260906,2,24.06419185296993,24.59375,21.04052299669012,0.06419185296993035,0.59375,2.9594770033098783
1841.P16503,20,1841,1841:NCS210,female,hand,20260906,2,22.31317492560374,23.9625,25.863815763828143,2.3131749256037395,3.9624999999999986,5.863815763828143
1841.P16502,20,1841,1841:NCS210,female,hand,20260906,2,22.31317492560374,26.15625,27.383346395624525,2.3131749256037395,6.15625,7.383346395624525
1841.F05606,22,1841,1841:CUB048,female,head,20260906,2,22.23262678139655,25.34375,23.454869877106,0.2326267813965508,3.34375,1.454869877105999
1841.F05609,20,1841,1841:CUB049,female,head,20260906,2,22.23262678139655,23.29375,22.998795061243943,2.232626781396551,3.2937499999999993,2.9987950612439427
1841.P16266,30,1841,1841:NAU155,female,hand,20260906,2,22.31317492560374,24.69375,23.156238555646915,7.6868250743962605,5.306249999999999,6.843761444353085
1841.P16449,20,1841,1841:NCS210,female,hand,20260906,2,22.31317492560374,26.525,26.078302707892256,2.3131749256037395,6.524999999999999,6.078302707892256
1841.P16447,20,1841,1841:NCS210,female,hand,20260906,2,22.31317492560374,24.225,26.352485158484424,2.3131749256037395,4.225000000000001,6.3524851584844235
10317.000015223,53,10317,10317:ee6b0199d11ab9c50774b9e56abce9e5b0601741d7922866f57f5c638ca8cf822c2cfa394a8707365a589b0a6368c20df23f66a6c845f66e662b0742e5937eb4,male,hand,20260906,2,43.48180374804393,45.73125,50.09770429794923,9.51819625195607,7.268749999999997,2.902295702050772
10317.000041346,46,10317,10317:e264e42ddf5814bac0981098f8e9a48fb9a1d3524b60bad0405e26151eceeaa0db735671ad5dc0c78c554c78e4d745510d94413264b20449f53a1fe1be4f0529,male,hand,20260906,2,43.48180374804393,45.84375,46.4623086731857,2.51819625195607,0.15625,0.4623086731857029
10317.000041345,46,10317,10317:e264e42ddf5814bac0981098f8e9a48fb9a1d3524b60bad0405e26151eceeaa0db735671ad5dc0c78c554c78e4d745510d94413264b20449f53a1fe1be4f0529,male,hand,20260906,2,43.48180374804393,43.98125,46.058835363055586,2.51819625195607,2.018749999999997,0.05883536305558579
10317.000069027,22,10317,10317:a6a72ae91b2b02c8ea4cfe12d58d98ebe5b424cd88d36f8b84e1deec1b971b6c50e1fbca139d0b8b67d6f73821c7922d555844d105af99dd4813cd966993df6f,male,head,20260906,2,42.85907424225057,38.06875,39.515976854244336,20.85907424225057,16.06875,17.515976854244336
10317.000015120,28,10317,10317:d031d7eaf91c489f64052f69777e1385468d8cbdc419eb3568de9547015ad04606d5d70ca9970521bd182907f9b00d2640e54727e0262ceaea9ccb7d9603385e,female,hand,20260906,2,49.85218232521317,44.775,48.74257886696936,21.85218232521317,16.775,20.74257886696936
1841.F05812,24,1841,1841:NAU109,male,head,20260906,2,24.06419185296993,26.975,21.677841727077055,0.06419185296993035,2.9750000000000014,2.3221582729229446
1841.P16526,22,1841,1841:CUB004,female,hand,20260906,2,22.31317492560374,24.45,23.43372879808227,0.3131749256037395,2.4499999999999993,1.4337287980822708
1841.P16520,20,1841,1841:CUB049,female,hand,20260906,2,22.31317492560374,22.025,24.387763360940163,2.3131749256037395,2.0249999999999986,4.387763360940163
10317.000014464,41,10317,10317:a6784c1d3806fcca45ba186c495c648cf0cf10b392f120efe7f26f9c0e66051dc675a9c077f1f39993f524f521e594b30048ca45ea6cbc19b96938f9734afb55,male,head,20260906,2,42.85907424225057,38.3125,40.49442092175582,1.8590742422505713,2.6875,0.5055790782441818
1841.F06468,36,1841,1841:CUB042,male,head,20260906,2,24.06419185296993,35.11875,23.281574450877695,11.93580814703007,0.8812500000000014,12.718425549122305
1841.F06399,22,1841,1841:CUB016,female,head,20260906,2,22.23262678139655,21.85625,22.636870945190154,0.2326267813965508,0.1437500000000007,0.6368709451901537
1841.F06397,22,1841,1841:CUB004,female,head,20260906,2,22.23262678139655,25.775,24.129795168850656,0.2326267813965508,3.7749999999999986,2.129795168850656
10317.000003421,38,10317,10317:2c1dc7180a23c9b4b53377ef49354e5a65ac187f6b2e4c844d48fd9ce66134f3da5f2dca02c0517797503a34ddc875a23897cd9d5727c990e46a58599759b35a,male,head,20260906,2,42.85907424225057,40.60625,42.74781981857621,4.859074242250571,2.606250000000003,4.747819818576211
1841.F05667,22,1841,1841:CUB004,female,head,20260906,2,22.23262678139655,22.35625,22.767428202826032,0.2326267813965508,0.3562499999999993,0.7674282028260322
1841.P15299,23,1841,1841:NCS243,male,hand,20260906,2,24.02128077810405,26.51875,20.51710038311875,1.0212807781040496,3.5187500000000007,2.4828996168812516
10317.000015326,35,10317,10317:6eb269d94d6e32fa517a561269634737fc4de40944d6d037a2c1e867bbe9e8d13686a131c81709f95eabe5834b99badd054994b1cf967842aaca451c97a22451,female,hand,20260906,2,49.85218232521317,39.4375,48.996835447448696,14.852182325213171,4.4375,13.996835447448696
10317.000015452,45,10317,10317:3483b70983107b3501a2fdeab0f7e00b06ec05b5a7afdf499c410267e4aa99ea36b3643db981cdf6f557435d6ff028c1059e2bc75261e6f468598f093fde8b72,male,head,20260906,2,42.85907424225057,45.54375,44.872388686624625,2.1409257577494287,0.5437500000000028,0.12761131337537535
10317.000015354,35,10317,10317:3e61f3e0bf34ee92653b3e1a4bce3fbbf22e7a5be5fc03a5c5d44f0d311d4f9ec4e1c0d98964bdbdf2f1d537fbd16c0b62503f50d8923e608eb8aacd64cb9fa3,male,hand,20260906,2,43.48180374804393,42.8875,45.31280066974098,8.48180374804393,7.887500000000003,10.31280066974098
10317.000015352,35,10317,10317:3e61f3e0bf34ee92653b3e1a4bce3fbbf22e7a5be5fc03a5c5d44f0d311d4f9ec4e1c0d98964bdbdf2f1d537fbd16c0b62503f50d8923e608eb8aacd64cb9fa3,male,head,20260906,2,42.85907424225057,46.1,47.299054767085735,7.859074242250571,11.100000000000001,12.299054767085735
10317.000015351,35,10317,10317:3e61f3e0bf34ee92653b3e1a4bce3fbbf22e7a5be5fc03a5c5d44f0d311d4f9ec4e1c0d98964bdbdf2f1d537fbd16c0b62503f50d8923e608eb8aacd64cb9fa3,male,hand,20260906,2,43.48180374804393,42.90625,45.16174818484263,8.48180374804393,7.90625,10.16174818484263
1841.F05623,22,1841,1841:CUB004,female,head,20260906,2,22.23262678139655,28.35625,23.33299260144784,0.2326267813965508,6.356249999999999,1.3329926014478417
1841.F05620,36,1841,1841:CUB042,male,head,20260906,2,24.06419185296993,32.50625,24.228875451900947,11.93580814703007,3.4937499999999986,11.771124548099053
1841.P16546,22,1841,1841:CUB004,female,hand,20260906,2,22.31317492560374,24.56875,26.569232505603615,0.3131749256037395,2.5687500000000014,4.569232505603615
1841.P16549,20,1841,1841:CUB049,female,hand,20260906,2,22.31317492560374,23.5125,24.753951252745964,2.3131749256037395,3.5124999999999993,4.7539512527459635
1841.F06446,21,1841,1841:CUB012,female,head,20260906,2,22.23262678139655,26.36875,26.567034725420807,1.2326267813965508,5.368749999999999,5.5670347254208075
1841.F06448,22,1841,1841:CUB016,female,head,20260906,2,22.23262678139655,22.8125,22.853644507063564,0.2326267813965508,0.8125,0.8536445070635637
10317.000068787,39,10317,10317:0610dc25baabfb768bd6465f009077ba740694d1c37591ea165a6eed61b038ba1fd9167c4f0efbd5cd490953bcd66ea07e9d8b594234539c2e566f09dd0e4699,male,head,20260906,2,42.85907424225057,38.29375,40.70518902372286,3.8590742422505713,0.7062499999999972,1.705189023722859
1841.F05133,30,1841,1841:NAU155,female,head,20260906,2,22.23262678139655,26.95625,24.276401459922937,7.767373218603449,3.0437499999999993,5.723598540077063
10317.000020534,34,10317,10317:6e4903f0be32c34121cd50c2891666fc8b26923970412591f3c900d7253a186450e745d33fc88b07a5c41c9992e15153f2c3fd7a20f01e43073e39ca8a3b4afe,male,head,20260906,2,42.85907424225057,48.2625,47.64404596633172,8.859074242250571,14.262500000000003,13.644045966331717
1841.P16247,30,1841,1841:NAU155,female,hand,20260906,2,22.31317492560374,26.125,25.59186606841677,7.6868250743962605,3.875,4.4081339315832295
10317.000015303,33,10317,10317:d440c033fc5b44bb83e8b5a7794daa4c8e7b24424bcd393f8e6a21ecc3792e9ddfa02679b7eb856a026af5426b34eb4083a5d61d8a1e5ffe59abee1fc9264b37,male,head,20260906,2,42.85907424225057,35.725,40.67974335032152,9.859074242250571,2.7250000000000014,7.679743350321523
10317.000015302,33,10317,10317:d440c033fc5b44bb83e8b5a7794daa4c8e7b24424bcd393f8e6a21ecc3792e9ddfa02679b7eb856a026af5426b34eb4083a5d61d8a1e5ffe59abee1fc9264b37,male,hand,20260906,2,43.48180374804393,38.90625,43.84402798753382,10.48180374804393,5.90625,10.84402798753382
10317.000015301,33,10317,10317:d440c033fc5b44bb83e8b5a7794daa4c8e7b24424bcd393f8e6a21ecc3792e9ddfa02679b7eb856a026af5426b34eb4083a5d61d8a1e5ffe59abee1fc9264b37,male,hand,20260906,2,43.48180374804393,38.2375,41.15973680456253,10.48180374804393,5.237499999999997,8.159736804562527
2010.1689,22,2010,2010:15,female,head,20260906,2,27.74210587187609,38.10625,32.51238167607903,5.742105871876088,16.106250000000003,10.51238167607903
1841.F06004,20,1841,1841:NCS210,female,head,20260906,2,22.23262678139655,24.05,25.385936369213773,2.232626781396551,4.050000000000001,5.385936369213773
1841.P16568,22,1841,1841:CUB048,female,hand,20260906,2,22.31317492560374,30.49375,24.901865731183396,0.3131749256037395,8.493749999999999,2.9018657311833955
1841.P16562,22,1841,1841:CUB048,female,hand,20260906,2,22.31317492560374,27.15625,25.57196137320311,0.3131749256037395,5.15625,3.5719613732031092
1841.P16567,20,1841,1841:CUB049,female,hand,20260906,2,22.31317492560374,22.0125,22.577195992478817,2.3131749256037395,2.0124999999999993,2.577195992478817
10317.000028916,73,10317,10317:f683242e74204128eb6f0c48f059f9cc0f82c39979573e92a85625acbd1daa1c25397a2b8f8904604e543f3f09aaad3960234f5612a616d2bc9c639e9be3e5b9,female,head,20260906,2,48.69028672502653,46.275,49.99813452970716,24.30971327497347,26.725,23.00186547029284
1841.P16601,21,1841,1841:CUB012,female,hand,20260906,2,22.31317492560374,24.15,25.959490790957,1.3131749256037395,3.1499999999999986,4.959490790956998
1841.F06034,23,1841,1841:NCS243,male,head,20260906,2,24.06419185296993,22.5625,19.35977258852604,1.0641918529699304,0.4375,3.6402274114739583
1841.P15997,36,1841,1841:CUB042,male,hand,20260906,2,24.02128077810405,33.65625,26.62317434113519,11.97871922189595,2.34375,9.37682565886481
1841.F06434,20,1841,1841:CUB049,female,head,20260906,2,22.23262678139655,22.76875,24.05199218767212,2.232626781396551,2.7687500000000007,4.05199218767212
10317.000049807,66,10317,10317:4863e557347469643abb13187a4c07e6d82a136b7e8ada704bcc1c6ea30fc2961e36855c2dfe883650d88cef48ae1161802be7c3b874b5f003569b1f51adc309,female,hand,20260906,2,49.85218232521317,44.83125,51.7984322949224,16.14781767478683,21.168750000000003,14.2015677050776
1841.P15377,23,1841,1841:NCS244,female,hand,20260906,2,22.31317492560374,24.2875,25.467870068686068,0.6868250743962605,1.2875000000000014,2.467870068686068
1841.F06489,21,1841,1841:CUB012,female,head,20260906,2,22.23262678139655,29.9625,29.301084200514783,1.2326267813965508,8.962499999999999,8.301084200514783
1841.P15378,22,1841,1841:NCS255,female,hand,20260906,2,22.31317492560374,22.54375,23.481599903005364,0.3131749256037395,0.5437499999999993,1.481599903005364
10317.000015330,35,10317,10317:6eb269d94d6e32fa517a561269634737fc4de40944d6d037a2c1e867bbe9e8d13686a131c81709f95eabe5834b99badd054994b1cf967842aaca451c97a22451,female,head,20260906,2,48.69028672502653,37.7375,45.100706180875726,13.690286725026532,2.737499999999997,10.100706180875726
10317.000030411,36,10317,10317:a1b4c9ec5f8710558bd4a7d34cd680ebd077aa972f77ae2c7a80904262a269846af690c0af56eec73473625b15e9b30c4413c0ced557f3aeebbcbdbbb0b28698,male,head,20260906,2,42.85907424225057,44.14375,43.15048515421481,6.859074242250571,8.143749999999997,7.150485154214813
1841.F06540,22,1841,1841:CUB004,female,head,20260906,2,22.23262678139655,25.65,23.802073786638573,0.2326267813965508,3.6499999999999986,1.802073786638573
1841.F06546,22,1841,1841:CUB048,female,head,20260906,2,22.23262678139655,24.46875,22.86013984330769,0.2326267813965508,2.46875,0.8601398433076888
1841.F06012,23,1841,1841:NCS244,female,head,20260906,2,22.23262678139655,24.925,22.420230737425634,0.7673732186034492,1.9250000000000007,0.5797692625743665
10317.000063152,25,10317,10317:3e74c911b962f0afc2cdf9be99137894321cd28afa86ae9be26bfba86712502c3e8a61b4db55401131c7c041ae071ba253516caa7a7f9fd61b5038eea71d7d41,female,head,20260906,2,48.69028672502653,31.83125,35.67685789794,23.69028672502653,6.831250000000001,10.676857897940003
1841.P15398,22,1841,1841:NCS255,female,hand,20260906,2,22.31317492560374,22.93125,24.646148939741728,0.3131749256037395,0.9312499999999986,2.646148939741728
1841.P15083,21,1841,1841:CUB012,female,hand,20260906,2,22.31317492560374,24.9625,29.99382731744463,1.3131749256037395,3.9624999999999986,8.99382731744463
1841.P15534,22,1841,1841:NAU116,male,hand,20260906,2,24.02128077810405,24.13125,21.26573492023171,2.0212807781040496,2.1312500000000014,0.7342650797682886
1841.F05898,24,1841,1841:NAU109,male,head,20260906,2,24.06419185296993,23.29375,21.689592408390904,0.06419185296993035,0.7062500000000007,2.3104075916090956
1841.P16396,30,1841,1841:NAU155,female,hand,20260906,2,22.31317492560374,26.81875,25.84347437086653,7.6868250743962605,3.1812499999999986,4.156525629133469
10317.000004053,54,10317,10317:7c2ab4fd0ff794379f970934bd5bd789fb515903877b15c3dd2422a09212fc3a5ad62b4d2a149d5d34564a6e8e0488a0c4b1d673016c8a9c4870363225cb4059,female,hand,20260906,2,49.85218232521317,38.9125,47.30647088378893,4.147817674786829,15.087499999999999,6.693529116211067
10317.000049239,56,10317,10317:bd91fc26c20a7652fc421fee2aa75624e4db7f68e0e4fde846745c30bb976e46e87f9660bdf0cea293a6b1ddf22122f6376d2be385445805fa204dd33e6dc905,male,head,20260906,2,42.85907424225057,47.4,43.395269180150144,13.140925757749429,8.600000000000001,12.604730819849856
10317.000005069,62,10317,10317:95709cc58235ffbd909b031216643693df4dbc827ae14fc247eebb0528bfbea20bc16e3572da9168ccfd0829b33c756aa63ed4ce9ba244ce6bdf5ef97c44e85f,female,head,20260906,2,48.69028672502653,47.83125,53.25687507522853,13.309713274973468,14.168750000000003,8.743124924771472
1841.P16399,24,1841,1841:NAU109,male,hand,20260906,2,24.02128077810405,24.01875,21.201793888481607,0.021280778104049602,0.01875000000000071,2.798206111518393
1841.P16424,22,1841,1841:NCS255,female,hand,20260906,2,22.31317492560374,22.85,24.27324693319601,0.3131749256037395,0.8500000000000014,2.2732469331960097
1841.P16507,22,1841,1841:CUB004,female,hand,20260906,2,22.31317492560374,32.2875,31.9846395009587,0.3131749256037395,10.287500000000001,9.9846395009587
1841.F06566,20,1841,1841:CUB049,female,head,20260906,2,22.23262678139655,22.65,23.17401238091977,2.232626781396551,2.6499999999999986,3.17401238091977
1841.P15512,24,1841,1841:NAU109,male,hand,20260906,2,24.02128077810405,23.025,21.09619297727678,0.021280778104049602,0.9750000000000014,2.903807022723221
1841.F05001,22,1841,1841:NCS255,female,head,20260906,2,22.23262678139655,22.25,23.68314522386994,0.2326267813965508,0.25,1.6831452238699391
1841.F06492,36,1841,1841:CUB042,male,head,20260906,2,24.06419185296993,29.4125,22.6001453157877,11.93580814703007,6.587499999999999,13.3998546842123
1841.P16098,30,1841,1841:NAU155,female,hand,20260906,2,22.31317492560374,23.8,24.73102532092753,7.6868250743962605,6.199999999999999,5.268974679072471
10317.000063159,25,10317,10317:3e74c911b962f0afc2cdf9be99137894321cd28afa86ae9be26bfba86712502c3e8a61b4db55401131c7c041ae071ba253516caa7a7f9fd61b5038eea71d7d41,female,hand,20260906,2,49.85218232521317,31.6,38.056703848609615,24.85218232521317,6.600000000000001,13.056703848609615
2010.1665,22,2010,2010:15,female,head,20260906,2,27.74210587187609,36.36875,27.075246004801105,5.742105871876088,14.368749999999999,5.075246004801105
1841.P16406,23,1841,1841:NCS244,female,hand,20260906,2,22.31317492560374,23.18125,23.81488715887547,0.6868250743962605,0.18124999999999858,0.8148871588754716
1841.F06509,22,1841,1841:CUB004,female,head,20260906,2,22.23262678139655,26.05,24.445639522440143,0.2326267813965508,4.050000000000001,2.4456395224401426
1841.F05051,22,1841,1841:NCS255,female,head,20260906,2,22.23262678139655,22.10625,22.381589664590656,0.2326267813965508,0.10624999999999929,0.38158966459065624
1841.F05055,22,1841,1841:NCS255,female,head,20260906,2,22.23262678139655,22.10625,22.95101421225322,0.2326267813965508,0.10624999999999929,0.9510142122532201
10317.000063291,29,10317,10317:c78075767b35e039a0b606f8a727e3fc3e2823715abe6a1c7c9956e664a6ff667e1ed5a2426907b56b3a7776221005afb7b5f38d5a651d25074abdbea76cec2f,male,hand,20260906,2,43.48180374804393,40.475,40.41984970302055,14.48180374804393,11.475000000000001,11.419849703020553
1841.P15743,30,1841,1841:NAU155,female,hand,20260906,2,22.31317492560374,24.7375,25.010553123261097,7.6868250743962605,5.262499999999999,4.989446876738903
1841.F06249,30,1841,1841:NAU155,female,head,20260906,2,22.23262678139655,26.11875,22.46258310123141,7.767373218603449,3.8812500000000014,7.537416898768591
10317.000015060,80,10317,10317:8dd14dd80ae9b69218b4942e80486ca4299a19f9342258835b868633bfa7bff6581b9102dd034b2a58f5ea1a74b8a2ec5b06b38aca104935d0e20a6925b670f2,unknown,hand,20260906,2,38.98356287149991,46.19375,49.49328736734021,41.01643712850009,33.80625,30.50671263265979
10317.000034581,22,10317,10317:1949c4d7f21b55f1e00af274c955be77947294d6ec424b2079e89205b36ed147727eed570662c7673f354f42b11ea00ee970e7e216e0a45d7e022359783d8aae,unknown,head,20260906,2,38.62898264944967,39.41875,39.842085136382295,16.628982649449668,17.418750000000003,17.842085136382295
1841.P16466,22,1841,1841:NCS255,female,hand,20260906,2,22.31317492560374,26.41875,25.596051322232015,0.3131749256037395,4.418749999999999,3.5960513222320145
1841.P16463,23,1841,1841:NCS243,male,hand,20260906,2,24.02128077810405,26.35625,22.194037836382417,1.0212807781040496,3.3562499999999993,0.8059621636175827
2010.1623,22,2010,2010:15,female,head,20260906,2,27.74210587187609,37.88125,28.401150818183392,5.742105871876088,15.881250000000001,6.4011508181833925
1841.F06521,20,1841,1841:CUB049,female,head,20260906,2,22.23262678139655,22.04375,23.01024283070664,2.232626781396551,2.0437499999999993,3.010242830706641
1841.F06529,22,1841,1841:CUB004,female,head,20260906,2,22.23262678139655,27.6875,23.319223799079634,0.2326267813965508,5.6875,1.3192237990796336
1841.P15087,36,1841,1841:CUB042,male,hand,20260906,2,24.02128077810405,34.925,25.513900585741112,11.97871922189595,1.0750000000000028,10.486099414258888
1841.P15229,21,1841,1841:CUB012,female,hand,20260906,2,22.31317492560374,27.65,28.48335171310149,1.3131749256037395,6.649999999999999,7.4833517131014915
1841.F05077,23,1841,1841:NCS243,male,head,20260906,2,24.06419185296993,25.65,20.237076888807927,1.0641918529699304,2.6499999999999986,2.762923111192073
1841.F05076,22,1841,1841:NCS255,female,head,20260906,2,22.23262678139655,25.1375,25.97505251111018,0.2326267813965508,3.1374999999999993,3.9750525111101815
1841.P15413,20,1841,1841:NCS210,female,hand,20260906,2,22.31317492560374,24.5125,26.033217022906697,2.3131749256037395,4.512499999999999,6.0332170229066975
1841.F06094,22,1841,1841:NCS255,female,head,20260906,2,22.23262678139655,25.86875,25.164842404967583,0.2326267813965508,3.8687499999999986,3.164842404967583
1841.F06574,22,1841,1841:CUB048,female,head,20260906,2,22.23262678139655,25.8375,23.58787358396472,0.2326267813965508,3.8374999999999986,1.5878735839647184
1841.P15208,22,1841,1841:CUB048,female,hand,20260906,2,22.31317492560374,26.2125,25.55391768880269,0.3131749256037395,4.212499999999999,3.5539176888026915
10317.000026508,76,10317,10317:a158faae1efddbd20bb064586e2ed359d9d89fe23e5776aaf6362e6a33b0760e24e9c69462baab420cef8bacb535b245b3687a18e94f0a8e346556bdb347fb67,male,head,20260906,2,42.85907424225057,44.1,43.74927433581606,33.14092575774943,31.9,32.25072566418394
10317.000015215,33,10317,10317:356171d003a70eda05dbc44ca7f1c23e803cbba14631a5247db7774ba0e837cd853a804b6bc41bc084b8849021f84c1c780ad04856231b70f72faf5ef5b4bcbf,male,hand,20260906,2,43.48180374804393,41.1625,42.79063977175626,10.48180374804393,8.162500000000001,9.790639771756261
10317.000015211,33,10317,10317:356171d003a70eda05dbc44ca7f1c23e803cbba14631a5247db7774ba0e837cd853a804b6bc41bc084b8849021f84c1c780ad04856231b70f72faf5ef5b4bcbf,male,head,20260906,2,42.85907424225057,39.9625,43.15659287550333,9.859074242250571,6.962499999999999,10.156592875503328
1841.P15926,21,1841,1841:CUB012,female,hand,20260906,2,22.31317492560374,24.8375,27.015606071440217,1.3131749256037395,3.8374999999999986,6.015606071440217
1841.P15925,22,1841,1841:CUB016,female,hand,20260906,2,22.31317492560374,22.275,23.72909583177319,0.3131749256037395,0.2749999999999986,1.72909583177319
1841.P15920,22,1841,1841:CUB004,female,hand,20260906,2,22.31317492560374,24.56875,23.896735724438635,0.3131749256037395,2.5687500000000014,1.896735724438635
1841.F06289,30,1841,1841:NAU155,female,head,20260906,2,22.23262678139655,23.71875,23.38008999173247,7.767373218603449,6.28125,6.6199100082675315
1841.F06286,30,1841,1841:NAU155,female,head,20260906,2,22.23262678139655,25.61875,24.485760891736803,7.767373218603449,4.381250000000001,5.514239108263197
1841.F05227,24,1841,1841:NAU109,male,head,20260906,2,24.06419185296993,23.05625,21.01459164510843,0.06419185296993035,0.9437500000000014,2.9854083548915717
1841.P16315,24,1841,1841:NAU109,male,hand,20260906,2,24.02128077810405,24.875,23.59359055816435,0.021280778104049602,0.875,0.406409441835649
1841.F06342,22,1841,1841:CUB048,female,head,20260906,2,22.23262678139655,27.34375,25.160049994273304,0.2326267813965508,5.34375,3.1600499942733045
1841.P15042,22,1841,1841:CUB016,female,hand,20260906,2,22.31317492560374,23.0375,24.154325333182072,0.3131749256037395,1.0375000000000014,2.154325333182072
1841.P15268,22,1841,1841:CUB048,female,hand,20260906,2,22.31317492560374,23.76875,25.12559894882672,0.3131749256037395,1.7687500000000007,3.1255989488267204
1841.P15263,22,1841,1841:CUB016,female,hand,20260906,2,22.31317492560374,23.1375,24.237858704731295,0.3131749256037395,1.1374999999999993,2.237858704731295
1841.F05031,23,1841,1841:NCS243,male,head,20260906,2,24.06419185296993,25.575,19.365478540322783,1.0641918529699304,2.5749999999999993,3.6345214596772166
10317.000028823,30,10317,10317:98f1f8c9217912fbbec5cd8e5c39acc05c729d5d4b5113f922efc048b9e4b68d2de8c43cb8721151f190923c84f990227a8cdf3359af1f0a5fc59ecd028dabf4,male,head,20260906,2,42.85907424225057,37.39375,38.50005837368541,12.859074242250571,7.393749999999997,8.500058373685413
1841.F05697,22,1841,1841:CUB048,female,head,20260906,2,22.23262678139655,24.0125,23.597944382404368,0.2326267813965508,2.0124999999999993,1.5979443824043678
1841.F05693,22,1841,1841:CUB016,female,head,20260906,2,22.23262678139655,22.99375,23.73964966418574,0.2326267813965508,0.9937499999999986,1.739649664185741
1841.P16107,24,1841,1841:NAU109,male,hand,20260906,2,24.02128077810405,23.45,21.025614779138273,0.021280778104049602,0.5500000000000007,2.974385220861727
2010.1308,27,2010,2010:7,female,head,20260906,2,27.74210587187609,37.25625,27.915007391317054,0.7421058718760882,10.256250000000001,0.9150073913170544
2010.1302,34,2010,2010:5,female,head,20260906,2,27.74210587187609,37.80625,31.53949762068446,6.257894128123912,3.8062499999999986,2.460502379315539
10317.000063236,31,10317,10317:9a6b1d64174bf2de76973d430737df42a6c1d222167a33cad37332ade7aaba03e2f1fd87dd65c5bda2ab171d6373490fa6395929f8ff33c6d5acdec0d7035388,male,head,20260906,2,42.85907424225057,38.29375,39.607632473849485,11.859074242250571,7.293750000000003,8.607632473849485
1841.P15288,20,1841,1841:CUB049,female,hand,20260906,2,22.31317492560374,25.26875,26.408072218757148,2.3131749256037395,5.268750000000001,6.408072218757148
1841.P15679,36,1841,1841:CUB042,male,hand,20260906,2,24.02128077810405,30.09375,21.82671882315419,11.97871922189595,5.90625,14.173281176845808
10317.000048405,28,10317,10317:4287cb26d2ebcaddb5129d95ff2d4ae496c47b0162672df93082abfc9303671b6d9332bfe211f6530019940e6d40144094a4bc4c012716375b5e72166c04b6e2,female,hand,20260906,2,49.85218232521317,50.23125,53.39060283361525,21.85218232521317,22.231250000000003,25.390602833615247
10317.000048407,28,10317,10317:4287cb26d2ebcaddb5129d95ff2d4ae496c47b0162672df93082abfc9303671b6d9332bfe211f6530019940e6d40144094a4bc4c012716375b5e72166c04b6e2,female,head,20260906,2,48.69028672502653,46.88125,48.193489029728,20.69028672502653,18.88125,20.193489029728
10317.000048406,28,10317,10317:4287cb26d2ebcaddb5129d95ff2d4ae496c47b0162672df93082abfc9303671b6d9332bfe211f6530019940e6d40144094a4bc4c012716375b5e72166c04b6e2,female,hand,20260906,2,49.85218232521317,45.65,51.479741058120894,21.85218232521317,17.65,23.479741058120894
1841.F05207,24,1841,1841:NAU109,male,head,20260906,2,24.06419185296993,25.85,22.10328909943999,0.06419185296993035,1.8500000000000014,1.8967109005600093
1841.F05209,24,1841,1841:NAU109,male,head,20260906,2,24.06419185296993,24.39375,22.222487376653852,0.06419185296993035,0.3937500000000007,1.7775126233461478
1841.P16597,22,1841,1841:CUB004,female,hand,20260906,2,22.31317492560374,29.78125,25.867799155131145,0.3131749256037395,7.78125,3.867799155131145
1841.P16598,22,1841,1841:CUB048,female,hand,20260906,2,22.31317492560374,26.03125,25.225737683805033,0.3131749256037395,4.03125,3.2257376838050327
1841.F06015,20,1841,1841:NCS210,female,head,20260906,2,22.23262678139655,24.46875,23.19696749292895,2.232626781396551,4.46875,3.1969674929289518
10317.000015187,27,10317,10317:cb8ea224a3bb7ef53bf08da62860c079b5996441cbbb6ef11fbe09454172198e57a65569937d0e57c98a2327cfe4b04a55969cdda8eed8fc5f998c2468e4920a,male,hand,20260906,2,43.48180374804393,41.14375,42.65844453852733,16.48180374804393,14.143749999999997,15.658444538527327
1841.F06588,20,1841,1841:CUB049,female,head,20260906,2,22.23262678139655,22.2125,21.940575033735,2.232626781396551,2.2124999999999986,1.9405750337350014
1841.P15068,22,1841,1841:CUB048,female,hand,20260906,2,22.31317492560374,31.58125,25.44312326391447,0.3131749256037395,9.58125,3.443123263914469
1841.F06329,22,1841,1841:CUB016,female,head,20260906,2,22.23262678139655,23.075,23.11199091163271,0.2326267813965508,1.0749999999999993,1.1119909116327094
1841.P15240,21,1841,1841:CUB012,female,hand,20260906,2,22.31317492560374,28.99375,28.390074676389023,1.3131749256037395,7.993749999999999,7.390074676389023
1841.P15264,22,1841,1841:CUB004,female,hand,20260906,2,22.31317492560374,24.94375,24.077466310714517,0.3131749256037395,2.9437500000000014,2.0774663107145166
1841.P16299,30,1841,1841:NAU155,female,hand,20260906,2,22.31317492560374,22.45625,25.082529594275044,7.6868250743962605,7.543749999999999,4.917470405724956
10317.000015118,28,10317,10317:d031d7eaf91c489f64052f69777e1385468d8cbdc419eb3568de9547015ad04606d5d70ca9970521bd182907f9b00d2640e54727e0262ceaea9ccb7d9603385e,female,hand,20260906,2,49.85218232521317,44.51875,49.80602220150823,21.85218232521317,16.518749999999997,21.806022201508227
10317.000015116,28,10317,10317:d031d7eaf91c489f64052f69777e1385468d8cbdc419eb3568de9547015ad04606d5d70ca9970521bd182907f9b00d2640e54727e0262ceaea9ccb7d9603385e,female,head,20260906,2,48.69028672502653,46.175,49.26748229958286,20.69028672502653,18.174999999999997,21.26748229958286
1841.F05671,20,1841,1841:CUB049,female,head,20260906,2,22.23262678139655,25.43125,27.154278125853192,2.232626781396551,5.431249999999999,7.1542781258531924
10317.000015453,46,10317,10317:3483b70983107b3501a2fdeab0f7e00b06ec05b5a7afdf499c410267e4aa99ea36b3643db981cdf6f557435d6ff028c1059e2bc75261e6f468598f093fde8b72,male,hand,20260906,2,43.48180374804393,39.8125,42.88281635542592,2.51819625195607,6.1875,3.1171836445740766
1841.F05452,30,1841,1841:NAU155,female,head,20260906,2,22.23262678139655,24.375,23.40395845499168,7.767373218603449,5.625,6.596041545008319
10317.000005234,55,10317,10317:45e54011490a1e8319d45ba35b5c9c687e4ec395fd00d5bd3b927f21b897135e002c9c488ced29f5644e9cc87c9d6d420ce68c9a95f88b151cd7a4c6182ead64,male,hand,20260906,2,43.48180374804393,43.8125,43.387276730598934,11.51819625195607,11.1875,11.612723269401066
10317.000040503,52,10317,10317:8fc2af33171964330de7e24811df360483b2193e73f509d9de0eca5c34aa9cc4a73311de7d0ba394fbed8d55f72394218e7b7026fd7da8c8ee1ebf0e637b2e85,female,head,20260906,2,48.69028672502653,42.68125,47.57118493543714,3.3097132749734683,9.318750000000001,4.428815064562862
10317.000040507,52,10317,10317:8fc2af33171964330de7e24811df360483b2193e73f509d9de0eca5c34aa9cc4a73311de7d0ba394fbed8d55f72394218e7b7026fd7da8c8ee1ebf0e637b2e85,female,hand,20260906,2,49.85218232521317,45.40625,47.230372736488725,2.147817674786829,6.59375,4.769627263511275
1841.P15002,22,1841,1841:CUB016,female,hand,20260906,2,22.31317492560374,21.55,23.4985623735963,0.3131749256037395,0.4499999999999993,1.4985623735963003
1841.F06308,22,1841,1841:CUB016,female,head,20260906,2,22.23262678139655,23.9375,23.055028536821183,0.2326267813965508,1.9375,1.0550285368211831
1841.F06306,20,1841,1841:CUB049,female,head,20260906,2,22.23262678139655,22.43125,23.7896811519607,2.232626781396551,2.4312499999999986,3.7896811519607
10317.000007105,53,10317,10317:ebedffb9e4d507d8cbaa7af0405caf451aa201d9746c76619a2a69f6b1c164e191af34fbad4f50a53bbb30a92cba77bf673b82db2b687fa2258240612900791e,male,hand,20260906,2,43.48180374804393,46.7875,48.22390184867893,9.51819625195607,6.212499999999999,4.776098151321072
10317.000007106,53,10317,10317:ebedffb9e4d507d8cbaa7af0405caf451aa201d9746c76619a2a69f6b1c164e191af34fbad4f50a53bbb30a92cba77bf673b82db2b687fa2258240612900791e,male,head,20260906,2,42.85907424225057,46.15,48.1469821345196,10.140925757749429,6.850000000000001,4.853017865480403
10317.000007103,53,10317,10317:ebedffb9e4d507d8cbaa7af0405caf451aa201d9746c76619a2a69f6b1c164e191af34fbad4f50a53bbb30a92cba77bf673b82db2b687fa2258240612900791e,male,hand,20260906,2,43.48180374804393,44.68125,49.514764002097046,9.51819625195607,8.318750000000001,3.4852359979029544
1841.F05431,30,1841,1841:NAU155,female,head,20260906,2,22.23262678139655,24.54375,23.61463349816932,7.767373218603449,5.456250000000001,6.385366501830681
2010.1347,34,2010,2010:5,female,head,20260906,2,27.74210587187609,36.8375,32.01373510026289,6.257894128123912,2.8374999999999986,1.9862648997371082
1841.F06323,22,1841,1841:CUB004,female,head,20260906,2,22.23262678139655,31.3125,22.846839731884433,0.2326267813965508,9.3125,0.8468397318844332
1841.F05092,23,1841,1841:NCS244,female,head,20260906,2,22.23262678139655,22.65,22.788476687854153,0.7673732186034492,0.3500000000000014,0.21152331214584663
10317.000079831,38,10317,10317:14023540704b6bc088ad4121fb1e4bb829db0af84dceeb6083083578533680a085ce6473901b2aa79e3843299e1ef69adfd4af41442ee2e3ba1981a43c5fea09,female,head,20260906,2,48.69028672502653,38.19375,43.13376235981975,10.690286725026532,0.19375000000000142,5.133762359819748
1841.P15342,20,1841,1841:NCS210,female,hand,20260906,2,22.31317492560374,26.9375,28.108947184941503,2.3131749256037395,6.9375,8.108947184941503
2010.1751,23,2010,2010:15,female,head,20260906,2,27.74210587187609,37.59375,31.105358331914175,4.742105871876088,14.59375,8.105358331914175
1841.P15029,20,1841,1841:CUB049,female,hand,20260906,2,22.31317492560374,21.7875,23.368749459439535,2.3131749256037395,1.7875000000000014,3.3687494594395346
1841.P15024,22,1841,1841:CUB048,female,hand,20260906,2,22.31317492560374,31.61875,23.360086336910214,0.3131749256037395,9.618749999999999,1.3600863369102143
10317.000049790,27,10317,10317:cb8ea224a3bb7ef53bf08da62860c079b5996441cbbb6ef11fbe09454172198e57a65569937d0e57c98a2327cfe4b04a55969cdda8eed8fc5f998c2468e4920a,male,head,20260906,2,42.85907424225057,43.63125,44.06594727351216,15.859074242250571,16.63125,17.06594727351216
1841.P15221,36,1841,1841:CUB042,male,hand,20260906,2,24.02128077810405,35.45625,26.57910896733752,11.97871922189595,0.5437500000000028,9.420891032662482
1841.F06466,22,1841,1841:CUB048,female,head,20260906,2,22.23262678139655,26.55,24.902792551098464,0.2326267813965508,4.550000000000001,2.9027925510984645
10317.000015058,80,10317,10317:8dd14dd80ae9b69218b4942e80486ca4299a19f9342258835b868633bfa7bff6581b9102dd034b2a58f5ea1a74b8a2ec5b06b38aca104935d0e20a6925b670f2,unknown,hand,20260906,2,38.98356287149991,50.0375,52.187577000660575,41.01643712850009,29.9625,27.812422999339425
1841.P15611,20,1841,1841:CUB049,female,hand,20260906,2,22.31317492560374,22.1625,22.490252801159848,2.3131749256037395,2.1625000000000014,2.4902528011598477
1841.P16416,23,1841,1841:NCS244,female,hand,20260906,2,22.31317492560374,25.2875,23.554699036649104,0.6868250743962605,2.2875000000000014,0.5546990366491045
10317.000013184,46,10317,10317:c1aeed7ec49ba28fab9705a2a7ef17c7dae7622554dfbffbae7e5be56e0b5ca0fba918409d646af5cd04454fb08cc22ab4f708b179204f985182cefea9e199bd,male,head,20260906,2,42.85907424225057,42.44375,43.66209111619638,3.1409257577494287,3.5562499999999986,2.337908883803621
1841.F06346,21,1841,1841:CUB012,female,head,20260906,2,22.23262678139655,26.775,26.66949250113867,1.2326267813965508,5.774999999999999,5.66949250113867
1841.P16187,24,1841,1841:NAU109,male,hand,20260906,2,24.02128077810405,22.48125,21.446201254666043,0.021280778104049602,1.5187500000000007,2.553798745333957
1841.P16186,24,1841,1841:NAU109,male,hand,20260906,2,24.02128077810405,24.56875,21.621586571189304,0.021280778104049602,0.5687500000000014,2.3784134288106955
10317.000004764,36,10317,10317:733d141620ab14d73e0aa4683aff41e7dfc3bae381840f02c270e108c123ae0e90bf1390da736c2d78815083080cfd4f47f1bacbfc2de5a20e1ea897fbb49593,male,hand,20260906,2,43.48180374804393,48.6375,47.153185116367325,7.48180374804393,12.637500000000003,11.153185116367325
1841.P15988,21,1841,1841:CUB012,female,hand,20260906,2,22.31317492560374,25.9375,26.266607618991504,1.3131749256037395,4.9375,5.266607618991504
1841.P15989,22,1841,1841:CUB004,female,hand,20260906,2,22.31317492560374,25.00625,23.829670525458297,0.3131749256037395,3.0062500000000014,1.8296705254582974
1841.P15369,22,1841,1841:NCS255,female,hand,20260906,2,22.31317492560374,21.69375,23.22423576878854,0.3131749256037395,0.3062499999999986,1.2242357687885388
1841.P16516,21,1841,1841:CUB012,female,hand,20260906,2,22.31317492560374,22.74375,24.12524480448443,1.3131749256037395,1.7437499999999986,3.1252448044844314
2010.1246,34,2010,2010:5,female,head,20260906,2,27.74210587187609,34.45,28.123046245783016,6.257894128123912,0.45000000000000284,5.876953754216984
10317.000028943,46,10317,10317:f418e55e3e56cef19b56c0429433fa84e94863f2dc63628da31cf79cf361518786dfccf3fb6ae6e69d5dda970371a55dfedfec2e4e44bf990c150a4b1010a10a,male,hand,20260906,2,43.48180374804393,41.54375,45.663592319364376,2.51819625195607,4.456249999999997,0.33640768063562376
10317.000028942,46,10317,10317:f418e55e3e56cef19b56c0429433fa84e94863f2dc63628da31cf79cf361518786dfccf3fb6ae6e69d5dda970371a55dfedfec2e4e44bf990c150a4b1010a10a,male,hand,20260906,2,43.48180374804393,45.05,45.10465998082553,2.51819625195607,0.9500000000000028,0.8953400191744691
1841.F06410,21,1841,1841:CUB012,female,head,20260906,2,22.23262678139655,27.1375,27.79812134164946,1.2326267813965508,6.137499999999999,6.798121341649459
1841.F06411,22,1841,1841:CUB048,female,head,20260906,2,22.23262678139655,25.84375,23.477066538997537,0.2326267813965508,3.84375,1.477066538997537
1841.F06414,36,1841,1841:CUB042,male,head,20260906,2,24.06419185296993,31.56875,22.871300332396007,11.93580814703007,4.431249999999999,13.128699667603993
1841.F06415,22,1841,1841:CUB016,female,head,20260906,2,22.23262678139655,23.0875,22.44850717995771,0.2326267813965508,1.0874999999999986,0.4485071799577085
1841.F06190,20,1841,1841:CUB049,female,head,20260906,2,22.23262678139655,22.54375,22.401541450161375,2.232626781396551,2.5437499999999993,2.4015414501613748
1841.P15231,22,1841,1841:CUB004,female,hand,20260906,2,22.31317492560374,27.63125,25.18741823785553,0.3131749256037395,5.631250000000001,3.1874182378555282
1841.F06060,23,1841,1841:NCS243,male,head,20260906,2,24.06419185296993,26.8875,19.61922855048578,1.0641918529699304,3.8874999999999993,3.3807714495142207
1841.F06062,20,1841,1841:NCS210,female,head,20260906,2,22.23262678139655,26.35,26.166458115813366,2.232626781396551,6.350000000000001,6.1664581158133664
1841.F06064,23,1841,1841:NCS243,male,head,20260906,2,24.06419185296993,24.60625,20.86501197918411,1.0641918529699304,1.6062499999999993,2.1349880208158893
1841.P15308,23,1841,1841:NCS243,male,hand,20260906,2,24.02128077810405,27.3875,24.283139677551,1.0212807781040496,4.387499999999999,1.2831396775509987
1841.P15306,20,1841,1841:NCS210,female,hand,20260906,2,22.31317492560374,23.09375,23.19100747576661,2.3131749256037395,3.09375,3.191007475766611
1841.P15304,23,1841,1841:NCS244,female,hand,20260906,2,22.31317492560374,21.74375,23.575410832197313,0.6868250743962605,1.2562500000000014,0.5754108321973135
10317.000004846,43,10317,10317:a17a75eada9222f4d52ce6eb301bb5f83a31b9f5c3f8169a805aa8db550330187a4d89b93a8a8f82115a4bcf6ab38541b4e58a7343862e089fdea11ac94f627a,male,head,20260906,2,42.85907424225057,42.46875,45.204162795531374,0.14092575774942873,0.53125,2.2041627955313743
10317.000005236,55,10317,10317:45e54011490a1e8319d45ba35b5c9c687e4ec395fd00d5bd3b927f21b897135e002c9c488ced29f5644e9cc87c9d6d420ce68c9a95f88b151cd7a4c6182ead64,male,head,20260906,2,42.85907424225057,41.4,42.30988870483927,12.140925757749429,13.600000000000001,12.690111295160733
1841.F06355,36,1841,1841:CUB042,male,head,20260906,2,24.06419185296993,27.80625,22.13285853103357,11.93580814703007,8.193750000000001,13.86714146896643
10317.000020763,51,10317,10317:271445d9d2f17a19777c6abc5576840700fc57ecb19654f09610d4d1187e722ba995215d7e0cdfd20bd17f6a11fcb5232973c72d5d66bf7a0933e78b7d8aeabc,female,head,20260906,2,48.69028672502653,50.875,51.36610905068232,2.3097132749734683,0.125,0.3661090506823186
1841.P16535,22,1841,1841:CUB016,female,hand,20260906,2,22.31317492560374,22.8875,23.07287795164723,0.3131749256037395,0.8874999999999993,1.0728779516472287
1841.P16536,36,1841,1841:CUB042,male,hand,20260906,2,24.02128077810405,28.1,21.8607425861061,11.97871922189595,7.899999999999999,14.139257413893901
1841.F06384,21,1841,1841:CUB038,female,head,20260906,3,22.4768043558311,22.08125,20.758311192214347,1.4768043558310993,1.0812500000000007,0.24168880778565338
1841.F05659,20,1841,1841:CUB010,female,head,20260906,3,22.4768043558311,23.46875,22.29836634059967,2.4768043558310993,3.46875,2.298366340599671
2010.2652,26,2010,2010:33,female,head,20260906,3,27.51800760149863,24.63125,25.713658432032805,1.5180076014986312,1.3687499999999986,0.28634156796719523
1841.P16345,25,1841,1841:NAU157,male,hand,20260906,3,25.03862499747077,25.425,25.532948315012113,0.03862499747076953,0.4250000000000007,0.5329483150121135
1841.P16557,20,1841,1841:CUB027,female,hand,20260906,3,22.40685263385533,22.61875,24.89526663029208,2.4068526338553298,2.6187499999999986,4.895266630292081
1841.P16555,20,1841,1841:CUB010,female,hand,20260906,3,22.40685263385533,22.825,23.672183987706493,2.4068526338553298,2.8249999999999993,3.672183987706493
1841.P16550,20,1841,1841:CUB010,female,hand,20260906,3,22.40685263385533,22.93125,23.857771750098657,2.4068526338553298,2.9312499999999986,3.8577717500986566
1841.F06456,20,1841,1841:CUB036,female,head,20260906,3,22.4768043558311,24.1125,23.70752916071267,2.4768043558310993,4.112500000000001,3.707529160712671
1841.F05105,22,1841,1841:NAU164,male,head,20260906,3,25.09495752441992,24.6375,20.181848071625115,3.0949575244199217,2.6374999999999993,1.8181519283748848
1841.F05102,22,1841,1841:NAU164,male,head,20260906,3,25.09495752441992,28.3375,22.468325653695437,3.0949575244199217,6.337499999999999,0.46832565369543744
10317.000063344,29,10317,10317:e8fffa963380c63cba1d064de83b3a91000831ddbab3f8b56168ee1903063a0900f0a9b07f79b2f4a728ad7af62c82a718d51b95ccc1f12d6d1d3ce257c151f7,female,head,20260906,3,48.56994081884291,35.3875,38.25974718517127,19.56994081884291,6.387500000000003,9.259747185171271
1841.F05594,32,1841,1841:NAU150,female,head,20260906,3,22.4768043558311,27.8,23.62772831310613,9.5231956441689,4.199999999999999,8.372271686893871
1841.F05593,21,1841,1841:NAU153,female,head,20260906,3,22.4768043558311,22.25,23.255887005276357,1.4768043558310993,1.25,2.2558870052763567
1841.F05831,32,1841,1841:NAU150,female,head,20260906,3,22.4768043558311,26.24375,24.985596998573815,9.5231956441689,5.756250000000001,7.014403001426185
10317.000002260,52,10317,10317:aa101e557d45d2c4a31a1d301fd4c574f8a5fc0833b116d35789d31262e1e05a55d401f9b79aeba4e9d3eba2940a8eb96f2f5b422ec59ccfd8c6811d9cd18c8d,female,head,20260906,3,48.56994081884291,43.61875,45.48660758048643,3.430059181157091,8.381250000000001,6.513392419513572
1841.P15972,21,1841,1841:CUB038,female,hand,20260906,3,22.40685263385533,25.01875,22.09558880911722,1.4068526338553298,4.018750000000001,1.0955888091172206
10317.000003207,56,10317,10317:8ce2fa4322344d737377931be840bf961f38b556f4fa437394b744900c1501895f7f56793071423d8af658d690902a9fb79c2d372eb011251cc952c8b26e075b,female,head,20260906,3,48.56994081884291,46.9,51.83246036015607,7.430059181157091,9.100000000000001,4.16753963984393
1841.F06006,21,1841,1841:NCS229,male,head,20260906,3,25.09495752441992,24.15,22.259940824200765,4.094957524419922,3.1499999999999986,1.2599408242007648
1841.F06232,25,1841,1841:NAU157,male,head,20260906,3,25.09495752441992,22.88125,19.169268833511303,0.09495752441992167,2.1187499999999986,5.830731166488697
10317.000005159,29,10317,10317:80ed9beefa64e1af619f5d370d79a21b435d10677f5b936ec3554234d47090f2a865337c8ff29f55d3cfc78a4c4fcf22efe713697872112639889bda9805a03e,male,hand,20260906,3,43.79919708270051,45.40625,46.66146201289442,14.799197082700509,16.40625,17.661462012894418
1841.F05574,23,1841,1841:NAU100,male,head,20260906,3,25.09495752441992,23.71875,20.216495274278415,2.0949575244199217,0.71875,2.783504725721585
1841.F06494,21,1841,1841:CUB038,female,head,20260906,3,22.4768043558311,24.03125,22.854855142131058,1.4768043558310993,3.03125,1.8548551421310577
1841.F06498,20,1841,1841:CUB010,female,head,20260906,3,22.4768043558311,23.39375,23.10137138865864,2.4768043558310993,3.3937500000000007,3.1013713886586416
1841.P15717,32,1841,1841:NAU150,female,hand,20260906,3,22.40685263385533,23.85625,25.497100937760536,9.59314736614467,8.14375,6.5028990622394645
10317.000005219,40,10317,10317:1d0709acc0c4aa263f168023a3a96ba1e15b95b6c4da81b87f5ddab0fd7d047df0459ece7e25369bc5583a334c204f19a8ed16ff150ddaef72703a971dafa3b9,male,hand,20260906,3,43.79919708270051,39.18125,41.8828517754533,3.799197082700509,0.8187500000000014,1.8828517754532967
1841.F05507,25,1841,1841:NAU157,male,head,20260906,3,25.09495752441992,27.05625,20.599323103888896,0.09495752441992167,2.0562499999999986,4.400676896111104
1841.F06441,20,1841,1841:CUB027,female,head,20260906,3,22.4768043558311,23.63125,22.63869542357556,2.4768043558310993,3.6312500000000014,2.638695423575559
1841.F06440,20,1841,1841:CUB027,female,head,20260906,3,22.4768043558311,23.9625,24.6664232969139,2.4768043558310993,3.9624999999999986,4.6664232969139015
10317.000015976,66,10317,10317:414c5f35ed69875718a4e654e86d9ae09236801e1b9600a2d4851f548bd46eec37144f9d5a5816365a76c4dcc4550e15afddf35bb18d7f072fece2fae39cd58b,male,head,20260906,3,43.290686067204994,47.54375,49.196762925468256,22.709313932795006,18.456249999999997,16.803237074531744
1841.F06573,21,1841,1841:CUB038,female,head,20260906,3,22.4768043558311,22.9625,23.730837475577644,1.4768043558310993,1.9624999999999986,2.730837475577644
1841.F06570,20,1841,1841:CUB036,female,head,20260906,3,22.4768043558311,22.1125,24.067584629530145,2.4768043558310993,2.1125000000000007,4.067584629530145
10317.000007695,53,10317,10317:2001cd96b41443702fff754af1697cfbdfad013781990354ba66abf4ba4c1619b3b03ab3cbeff986588254af06fd1bb16cb541da65af96468b507f8eedd4e51f,female,hand,20260906,3,50.18237238699654,39.95625,47.984548823727394,2.8176276130034594,13.043750000000003,5.015451176272606
10317.000007696,53,10317,10317:2001cd96b41443702fff754af1697cfbdfad013781990354ba66abf4ba4c1619b3b03ab3cbeff986588254af06fd1bb16cb541da65af96468b507f8eedd4e51f,female,hand,20260906,3,50.18237238699654,40.3375,48.39784100027563,2.8176276130034594,12.662500000000001,4.602158999724367
1841.F05554,21,1841,1841:NAU140,female,head,20260906,3,22.4768043558311,23.40625,22.82037660670982,1.4768043558310993,2.40625,1.8203766067098215
10317.000014492,38,10317,10317:8167c948b0e4857e3fbff706939d373dfab22f6bc351971e2c12e88b854e32580973e05481786c5d02d11e4a9e8f81f300e8ce5b8120172a96b4e37d555a8c90,male,head,20260906,3,43.290686067204994,42.6,43.17291703603908,5.2906860672049945,4.600000000000001,5.172917036039081
1841.F06464,20,1841,1841:CUB036,female,head,20260906,3,22.4768043558311,23.3375,24.35147661544858,2.4768043558310993,3.3374999999999986,4.351476615448579
1841.F05881,25,1841,1841:NAU157,male,head,20260906,3,25.09495752441992,22.3,19.657356529205497,0.09495752441992167,2.6999999999999993,5.342643470794503
10317.000041057,33,10317,10317:cc7a72730c7716b41648ac90728f72eb759bd32caaa07b60e4db721abd907a2e38b19314c602ce3a7b19a7634037bd360e4d54c532513a267152129589e536de,male,hand,20260906,3,43.79919708270051,38.53125,39.96181120253165,10.799197082700509,5.53125,6.961811202531649
10317.000068781,27,10317,10317:81381621a969782bdf9c1f120f5b0aff5f61963b498785f38baad9308e26b0be6260f7823e90d20fd377699c2619a523364a2456157fdbfffc70dd29d0b09941,male,hand,20260906,3,43.79919708270051,36.26875,40.39859404768319,16.79919708270051,9.268749999999997,13.39859404768319
10317.000063327,36,10317,10317:5cac11f98d016720bf90c511d008405a6bd9d9a9f5d68939414a0cad29cedd0b2aba4673b7615fc76fb17b76523634ebb166e93c77804249ebc70ba37d6de287,female,hand,20260906,3,50.18237238699654,35.48125,37.21492080289242,14.18237238699654,0.5187499999999972,1.214920802892422
10317.000036462,38,10317,10317:da8f8a7d664c63431a657d0d888c46bf1f7bec532219c7d97227d8de3bc94ea035161f6a5e94118648a14d399a93b7d0e7cb68f1add742cb0d0d825f410a501d,male,hand,20260906,3,43.79919708270051,46.46875,45.77900811846286,5.799197082700509,8.46875,7.779008118462862
10317.000063320,36,10317,10317:5cac11f98d016720bf90c511d008405a6bd9d9a9f5d68939414a0cad29cedd0b2aba4673b7615fc76fb17b76523634ebb166e93c77804249ebc70ba37d6de287,female,head,20260906,3,48.56994081884291,36.46875,41.26988212662341,12.569940818842909,0.46875,5.269882126623408
1841.P15504,20,1841,1841:CUB010,female,hand,20260906,3,22.40685263385533,23.75625,24.52500813516732,2.4068526338553298,3.7562500000000014,4.525008135167319
10317.000005361,67,10317,10317:673c8ce01f6c4b5120fb00380499db5eeb6a2fb55f33a66a36d79a28f321105b432b54532ecd02900640e027e6baa65fe94b194fa11f3a0eaf97f6abf95c9417,unknown,hand,20260906,3,44.14776242496778,40.0625,45.42726008132882,22.85223757503222,26.9375,21.572739918671182
1841.P16083,22,1841,1841:NAU164,male,hand,20260906,3,25.03862499747077,29.0875,23.659508918709165,3.0386249974707695,7.087499999999999,1.6595089187091645
10317.000003167,56,10317,10317:ca3c1391f1ca6877569a02ad1a4bb08ec17ce43eb36e67a75c7021c818e8b0fc35d4d9d4f88d36031ef5d86fe5d42f004195994d262cc11012d12140268e85ba,male,hand,20260906,3,43.79919708270051,47.88125,49.69458093688947,12.200802917299491,8.118749999999999,6.305419063110527
1841.P15759,20,1841,1841:NAU119,male,hand,20260906,3,25.03862499747077,22.9875,21.049321200295495,5.0386249974707695,2.9875000000000007,1.0493212002954948
10317.000063296,26,10317,10317:9a079253652d16fa017050fd68017b646c3c734b4c96ca593236c537806682233e513b33fb850475266ef28a5c34e9297ffbd213ef416263b306bfae257d1aef,male,head,20260906,3,43.290686067204994,38.6125,39.43685314917433,17.290686067204994,12.612499999999997,13.436853149174333
10317.000009093,35,10317,10317:360142d429f5a04200879be165fb723bf12539081381440cf759835fb3170ff29aaa9a46fc10cd08978857e2a1b86e035e65a80f5deb8234c611dcce54708792,male,head,20260906,3,43.290686067204994,41.03125,43.2873381039628,8.290686067204994,6.03125,8.287338103962803
10317.000066824,29,10317,10317:7f8b5599423e74bb4268af85d143fbeed68370b2eaa79f6e6facbcf10974040d6ef4afefb5ff2aab1f618ba97f2eecc39b0621fb60a556425670ca9606d4aa0c,male,head,20260906,3,43.290686067204994,34.8875,35.521945191486836,14.290686067204994,5.887500000000003,6.521945191486836
1841.F06543,20,1841,1841:CUB010,female,head,20260906,3,22.4768043558311,22.775,22.135371403367873,2.4768043558310993,2.7749999999999986,2.1353714033678735
1841.P15567,22,1841,1841:NAU164,male,hand,20260906,3,25.03862499747077,24.71875,22.5247759908076,3.0386249974707695,2.71875,0.5247759908076013
1841.F05519,20,1841,1841:NAU119,male,head,20260906,3,25.09495752441992,23.65,19.279234868268993,5.094957524419922,3.6499999999999986,0.7207651317310066
1841.F05514,20,1841,1841:NAU119,male,head,20260906,3,25.09495752441992,23.55625,21.094610934434073,5.094957524419922,3.5562499999999986,1.0946109344340726
1841.F05513,20,1841,1841:NAU119,male,head,20260906,3,25.09495752441992,22.725,20.26049521031211,5.094957524419922,2.7250000000000014,0.2604952103121114
1841.F05438,22,1841,1841:NAU164,male,head,20260906,3,25.09495752441992,24.79375,21.726372599049817,3.0949575244199217,2.7937499999999993,0.2736274009501827
10317.000009107,36,10317,10317:537aafb62a3a3b2aaa192863f0b56d8fa9e292bcf83e78ffff10ffa372470a7d9db35cb40b3e2ab58fbc446c04a2e5b7b934e0feab0f0dce92c02f9e59476330,male,head,20260906,3,43.290686067204994,42.89375,42.13059760985178,7.2906860672049945,6.893749999999997,6.130597609851783
1841.P15957,20,1841,1841:CUB010,female,hand,20260906,3,22.40685263385533,22.3,24.85479898418466,2.4068526338553298,2.3000000000000007,4.8547989841846615
1841.P16321,25,1841,1841:NAU157,male,hand,20260906,3,25.03862499747077,23.3,20.466313924768233,0.03862499747076953,1.6999999999999993,4.533686075231767
1841.F06082,21,1841,1841:NCS262,male,head,20260906,3,25.09495752441992,23.98125,19.90267786729597,4.094957524419922,2.9812499999999993,1.0973221327040292
1841.P15546,22,1841,1841:NAU164,male,hand,20260906,3,25.03862499747077,26.725,22.416874549406742,3.0386249974707695,4.725000000000001,0.4168745494067423
10317.000029487,62,10317,10317:1c1b943df02cc46512abc94ff23e6a911e98427d63e06b7083bbfc52367f051a310a8bc2a0c971a6302a5550414d984988f69258ecf789af12a5f5e19514d5cf,male,head,20260906,3,43.290686067204994,43.1875,45.383343066306054,18.709313932795006,18.8125,16.616656933693946
1841.F06274,32,1841,1841:NAU150,female,head,20260906,3,22.4768043558311,23.41875,23.51904702286524,9.5231956441689,8.58125,8.48095297713476
1841.F06276,32,1841,1841:NAU150,female,head,20260906,3,22.4768043558311,24.44375,24.630654821450303,9.5231956441689,7.556249999999999,7.369345178549697
1841.F06277,32,1841,1841:NAU150,female,head,20260906,3,22.4768043558311,26.025,24.935547472081954,9.5231956441689,5.975000000000001,7.064452527918046
1841.F05232,25,1841,1841:NAU157,male,head,20260906,3,25.09495752441992,25.5,19.18050345552985,0.09495752441992167,0.5,5.819496544470152
1841.P15213,20,1841,1841:CUB027,female,hand,20260906,3,22.40685263385533,21.9125,24.08921727493878,2.4068526338553298,1.9125000000000014,4.089217274938779
1841.P16173,25,1841,1841:NAU157,male,hand,20260906,3,25.03862499747077,32.9,30.77645870677787,0.03862499747076953,7.899999999999999,5.77645870677787
10317.000007766,37,10317,10317:33f6eb641f0e5c66654a93864fec0950724028557f530a644e104dc1d7f29bec16c25352f4cffae510cf433760537423b71c5a032a7e279e0c197c4df1d601a4,male,head,20260906,3,43.290686067204994,42.075,44.12150483380062,6.2906860672049945,5.075000000000003,7.121504833800621
10317.000007764,37,10317,10317:33f6eb641f0e5c66654a93864fec0950724028557f530a644e104dc1d7f29bec16c25352f4cffae510cf433760537423b71c5a032a7e279e0c197c4df1d601a4,male,head,20260906,3,43.290686067204994,39.2125,40.1774738804382,6.2906860672049945,2.2124999999999986,3.1774738804381997
10317.000007760,38,10317,10317:33f6eb641f0e5c66654a93864fec0950724028557f530a644e104dc1d7f29bec16c25352f4cffae510cf433760537423b71c5a032a7e279e0c197c4df1d601a4,male,head,20260906,3,43.290686067204994,43.64375,42.68675367835568,5.2906860672049945,5.643749999999997,4.686753678355679
1841.F05219,20,1841,1841:NAU119,male,head,20260906,3,25.09495752441992,23.18125,20.952847837054644,5.094957524419922,3.1812499999999986,0.9528478370546445
1841.F05218,32,1841,1841:NAU150,female,head,20260906,3,22.4768043558311,25.11875,24.7012170497013,9.5231956441689,6.881250000000001,7.298782950298701
1841.P16580,21,1841,1841:CUB038,female,hand,20260906,3,22.40685263385533,23.94375,25.91567781907135,1.4068526338553298,2.9437500000000014,4.915677819071352
1841.P16583,20,1841,1841:CUB036,female,hand,20260906,3,22.40685263385533,23.75625,26.11833293347735,2.4068526338553298,3.7562500000000014,6.118332933477351
1841.P16586,20,1841,1841:CUB027,female,hand,20260906,3,22.40685263385533,23.825,26.095284733047908,2.4068526338553298,3.8249999999999993,6.095284733047908
1841.F06598,20,1841,1841:CUB010,female,head,20260906,3,22.4768043558311,24.33125,22.538612325655095,2.4768043558310993,4.331250000000001,2.5386123256550945
1841.P15057,20,1841,1841:CUB036,female,hand,20260906,3,22.40685263385533,24.29375,25.508440462859426,2.4068526338553298,4.293749999999999,5.508440462859426
10317.000051534,32,10317,10317:e6e5e53d1a49b2c6511917e62c6123eb734a4571e659825bd125323520a41405bcfee1e3c00e87a30d6cc80dd238a6b93e170970d11ec86eafa0326cdd2dcc04,male,head,20260906,3,43.290686067204994,45.25,48.93556749413648,11.290686067204994,13.25,16.935567494136478
1841.F06330,20,1841,1841:CUB027,female,head,20260906,3,22.4768043558311,23.2125,24.26494206201911,2.4768043558310993,3.2124999999999986,4.264942062019109
1841.F06335,21,1841,1841:CUB038,female,head,20260906,3,22.4768043558311,23.2625,22.440887646719872,1.4768043558310993,2.2624999999999993,1.4408876467198724
1841.F06339,20,1841,1841:CUB010,female,head,20260906,3,22.4768043558311,23.45,22.915464079232866,2.4768043558310993,3.4499999999999993,2.9154640792328657
1841.P15275,21,1841,1841:CUB038,female,hand,20260906,3,22.40685263385533,24.6125,26.010724186205564,1.4068526338553298,3.6125000000000007,5.0107241862055645
1841.F05682,20,1841,1841:CUB027,female,head,20260906,3,22.4768043558311,23.2,23.123755410495928,2.4768043558310993,3.1999999999999993,3.123755410495928
1841.F05977,18,1841,1841:NCS232,female,head,20260906,3,22.4768043558311,25.3875,22.66774858076032,4.476804355831099,7.387499999999999,4.667748580760321
10317.000063224,27,10317,10317:d7b643e267e7874c9fe80600f02183b6cd3019f0fda406b979f05d309d5050c0a106d81fd0d61ac23e2600faaf7da552f0258df8aa6be5e41a39e6b37828c99d,female,head,20260906,3,48.56994081884291,36.66875,39.897806766055865,21.56994081884291,9.668750000000003,12.897806766055865
1841.P16349,21,1841,1841:NAU153,female,hand,20260906,3,22.40685263385533,22.70625,23.304981034765927,1.4068526338553298,1.7062500000000007,2.3049810347659268
1841.P15070,20,1841,1841:CUB036,female,hand,20260906,3,22.40685263385533,23.85,26.07492369468915,2.4068526338553298,3.8500000000000014,6.074923694689151
1841.P15075,21,1841,1841:CUB038,female,hand,20260906,3,22.40685263385533,23.525,24.76900060727003,1.4068526338553298,2.5249999999999986,3.76900060727003
1841.P15250,20,1841,1841:CUB010,female,hand,20260906,3,22.40685263385533,23.2875,25.31426249689451,2.4068526338553298,3.2875000000000014,5.314262496894511
1841.P15252,21,1841,1841:CUB038,female,hand,20260906,3,22.40685263385533,24.5,26.29520933189403,1.4068526338553298,3.5,5.2952093318940285
1841.F06237,20,1841,1841:NAU119,male,head,20260906,3,25.09495752441992,22.68125,19.561744291458652,5.094957524419922,2.6812499999999986,0.4382557085413481
1841.P16287,32,1841,1841:NAU150,female,hand,20260906,3,22.40685263385533,26.53125,26.346859478946776,9.59314736614467,5.46875,5.653140521053224
1841.F05400,22,1841,1841:NAU164,male,head,20260906,3,25.09495752441992,26.68125,22.356800985786517,3.0949575244199217,4.681249999999999,0.3568009857865171
10317.000049733,36,10317,10317:79bbc1c5c663e0434d917d65535beeb68d902da75556dbb9bc561129718387ed15c630d65f4716cbeb02ed871a1e5044d2cd04da381361681f4a0793ca85598d,male,hand,20260906,3,43.79919708270051,41.39375,44.549585951715834,7.799197082700509,5.393749999999997,8.549585951715834
10317.000049732,36,10317,10317:79bbc1c5c663e0434d917d65535beeb68d902da75556dbb9bc561129718387ed15c630d65f4716cbeb02ed871a1e5044d2cd04da381361681f4a0793ca85598d,male,hand,20260906,3,43.79919708270051,42.43125,45.6576713647169,7.799197082700509,6.431249999999999,9.657671364716897
1841.P15014,20,1841,1841:CUB036,female,hand,20260906,3,22.40685263385533,25.45625,26.03363695227064,2.4068526338553298,5.456250000000001,6.033636952270641
1841.F06372,20,1841,1841:CUB010,female,head,20260906,3,22.4768043558311,27.7625,23.041582273002344,2.4768043558310993,7.762499999999999,3.0415822730023443
10317.000069015,24,10317,10317:5bdd4aaf66380106e9a8cb6501a1fb4b37d078e2284e7a3cc179877b6b0db9ae596a7d760657f364b5592c1578ae5b8068df09c4ebd6be82e32cfcd9e5fd6c55,male,head,20260906,3,43.290686067204994,35.59375,36.015291785449826,19.290686067204994,11.59375,12.015291785449826
1841.P15602,21,1841,1841:NAU153,female,hand,20260906,3,22.40685263385533,21.53125,24.372975512395705,1.4068526338553298,0.53125,3.372975512395705
1841.P15940,20,1841,1841:CUB036,female,hand,20260906,3,22.40685263385533,23.83125,24.01133254441155,2.4068526338553298,3.8312500000000007,4.011332544411552
1841.P16078,25,1841,1841:NAU157,male,hand,20260906,3,25.03862499747077,26.09375,23.56941203408971,0.03862499747076953,1.09375,1.4305879659102914
1841.F05180,32,1841,1841:NAU150,female,head,20260906,3,22.4768043558311,26.43125,26.97378433755855,9.5231956441689,5.568750000000001,5.026215662441452
10317.000003029,32,10317,10317:fa11b389cb9170b533e6a9c56b69f18fa8798f2970218ed97fe0be0906826592de8a478773a5037053f08aa21d349fcf39e64c85dbd26bd904614d8dd6335cae,male,head,20260906,3,43.290686067204994,44.0625,44.7176950744604,11.290686067204994,12.0625,12.717695074460401
10317.000003025,44,10317,10317:99e188b8ec5527a3ad82cb7cca4318dabe62c69e2ab959f3d9bd68b4ac2521f3f32364757e49c2f7ee2f82a39fb74f6008ab75e1b82c5f6b2bf1ba4869f0b4ff,male,head,20260906,3,43.290686067204994,39.2,45.042408202904255,0.7093139327950055,4.799999999999997,1.0424082029042552
1841.P15039,20,1841,1841:CUB027,female,hand,20260906,3,22.40685263385533,22.3625,25.066070071534753,2.4068526338553298,2.3625000000000007,5.066070071534753
10317.000049768,66,10317,10317:5e5f5fc79a512a180eb0cd63fa75b7307715996b1aff58edbefb0ed0d6548904bf74f95a466efb9525a910f69150d98cfae7b1c55b9bf3e278b402a8439e8d4c,male,head,20260906,3,43.290686067204994,37.60625,40.11773843129232,22.709313932795006,28.393749999999997,25.882261568707683
10317.000049767,66,10317,10317:5e5f5fc79a512a180eb0cd63fa75b7307715996b1aff58edbefb0ed0d6548904bf74f95a466efb9525a910f69150d98cfae7b1c55b9bf3e278b402a8439e8d4c,male,hand,20260906,3,43.79919708270051,49.16875,48.76340852955049,22.20080291729949,16.831249999999997,17.23659147044951
10317.000049766,66,10317,10317:5e5f5fc79a512a180eb0cd63fa75b7307715996b1aff58edbefb0ed0d6548904bf74f95a466efb9525a910f69150d98cfae7b1c55b9bf3e278b402a8439e8d4c,male,hand,20260906,3,43.79919708270051,45.0375,42.954919247513565,22.20080291729949,20.9625,23.045080752486435
10317.000005359,67,10317,10317:673c8ce01f6c4b5120fb00380499db5eeb6a2fb55f33a66a36d79a28f321105b432b54532ecd02900640e027e6baa65fe94b194fa11f3a0eaf97f6abf95c9417,unknown,head,20260906,3,41.31584625812665,42.3125,45.27570241507309,25.684153741873352,24.6875,21.72429758492691
1841.P15295,20,1841,1841:CUB027,female,hand,20260906,3,22.40685263385533,23.05,24.484833696756628,2.4068526338553298,3.0500000000000007,4.484833696756628
1841.F05621,23,1841,1841:CUB013,male,head,20260906,3,25.09495752441992,26.09375,20.578711368216915,2.0949575244199217,3.09375,2.421288631783085
1841.F05447,25,1841,1841:NAU157,male,head,20260906,3,25.09495752441992,26.925,21.13477608502872,0.09495752441992167,1.9250000000000007,3.8652239149712813
1841.F05445,21,1841,1841:NAU153,female,head,20260906,3,22.4768043558311,21.85625,22.912279328142574,1.4768043558310993,0.8562499999999993,1.9122793281425743
1841.F06168,20,1841,1841:CUB036,female,head,20260906,3,22.4768043558311,21.93125,22.82217185282565,2.4768043558310993,1.9312499999999986,2.822171852825651
10317.000005262,28,10317,10317:9d5f397f06d407dcb0aa1ac134a406dcc9d133b7241030bf81c3cb01f3341e891530737a66d2693596ab16f97b05b66c20bc630d57221b89a0ecb2db01c1f747,male,head,20260906,3,43.290686067204994,42.6375,44.82812021461535,15.290686067204994,14.637500000000003,16.828120214615353
1841.P15600,32,1841,1841:NAU150,female,hand,20260906,3,22.40685263385533,27.06875,26.531262523723193,9.59314736614467,4.931249999999999,5.468737476276807
10317.000012183,20,10317,10317:dcec02861cff21f48d1c5f3ed86756b2b4a7b0454ada0eebaf563693a8cb77d2a15532e24b80dea64c7e2834c1e81a8c3544105283aac287a4f258b2e279673f,unknown,head,20260906,3,41.31584625812665,39.01875,42.4907691096613,21.315846258126648,19.018749999999997,22.4907691096613
1841.F05294,25,1841,1841:NAU157,male,head,20260906,3,25.09495752441992,26.0,20.520119335643106,0.09495752441992167,1.0,4.4798806643568945
1841.F05876,25,1841,1841:NAU157,male,head,20260906,3,25.09495752441992,23.1375,19.115437166896587,0.09495752441992167,1.8625000000000007,5.884562833103413
1841.P16508,20,1841,1841:CUB027,female,hand,20260906,3,22.40685263385533,22.86875,24.148574270741225,2.4068526338553298,2.8687499999999986,4.148574270741225
1841.P16059,20,1841,1841:NAU119,male,hand,20260906,3,25.03862499747077,23.0875,23.13933357171985,5.0386249974707695,3.0874999999999986,3.139333571719849
1841.P16506,21,1841,1841:CUB038,female,hand,20260906,3,22.40685263385533,23.05,22.14962429669305,1.4068526338553298,2.0500000000000007,1.1496242966930517
10317.000030149,27,10317,10317:1a5e088d33b2528cfe40203fda9bfcd0dc35268782b9d69c13311dd8036aba48919cd2bc59d125b4622ddb34b727a0f4ee6ab054d9cba2d3fd100fcbe69d7a21,female,head,20260906,3,48.56994081884291,36.56875,44.71350313984272,21.56994081884291,9.568750000000001,17.71350313984272
10317.000023967,37,10317,10317:9992b77d3934e6dedb1d00b22ce9dc2dbe00f7d81c1170230af7cace8324f4a479f87014fc077e6d8426aed7c84ab99cb32e3b88919ce65bb012aef6e28c6a0a,male,head,20260906,3,43.290686067204994,44.5125,45.06738428279951,6.2906860672049945,7.512500000000003,8.067384282799509
1841.F05467,21,1841,1841:NAU153,female,head,20260906,3,22.4768043558311,21.83125,22.63725453425584,1.4768043558310993,0.8312500000000007,1.6372545342558418
1841.P16337,32,1841,1841:NAU150,female,hand,20260906,3,22.40685263385533,27.36875,26.355235161785405,9.59314736614467,4.631250000000001,5.644764838214595
1841.P15311,21,1841,1841:NCS229,male,hand,20260906,3,25.03862499747077,25.19375,21.56917281107672,4.0386249974707695,4.193750000000001,0.5691728110767187
1841.F06351,20,1841,1841:CUB036,female,head,20260906,3,22.4768043558311,22.10625,23.500752842060844,2.4768043558310993,2.1062499999999993,3.5007528420608445
1841.P15783,22,1841,1841:NAU164,male,hand,20260906,3,25.03862499747077,27.1375,22.853027910827375,3.0386249974707695,5.137499999999999,0.8530279108273753
1841.F05665,21,1841,1841:CUB038,female,head,20260906,3,22.4768043558311,23.8875,25.660395189855784,1.4768043558310993,2.8874999999999993,4.660395189855784
1841.F05832,21,1841,1841:NAU153,female,head,20260906,3,22.4768043558311,22.61875,21.0500200956228,1.4768043558310993,1.6187499999999986,0.05002009562279852
1841.P16014,32,1841,1841:NAU150,female,hand,20260906,3,22.40685263385533,23.45625,24.64158280265606,9.59314736614467,8.54375,7.35841719734394
10317.000028937,50,10317,10317:4cd17ea33fe6b5736aded648ee2e6f2a14b3d6cfdc57435287f768540fd8a367a68d60e2f6cfbacb0a70e046163d74ba126bb1261c5a2fcd5f87bfd14bb4c7ae,female,head,20260906,3,48.56994081884291,46.80625,50.519936895549655,1.430059181157091,3.1937500000000014,0.5199368955496553
10317.000015978,66,10317,10317:414c5f35ed69875718a4e654e86d9ae09236801e1b9600a2d4851f548bd46eec37144f9d5a5816365a76c4dcc4550e15afddf35bb18d7f072fece2fae39cd58b,male,hand,20260906,3,43.79919708270051,47.9125,48.822483847708234,22.20080291729949,18.0875,17.177516152291766
10317.000007829,37,10317,10317:33f6eb641f0e5c66654a93864fec0950724028557f530a644e104dc1d7f29bec16c25352f4cffae510cf433760537423b71c5a032a7e279e0c197c4df1d601a4,male,head,20260906,3,43.290686067204994,38.075,41.49082882619073,6.2906860672049945,1.0750000000000028,4.490828826190729
1841.P16228,32,1841,1841:NAU150,female,hand,20260906,3,22.40685263385533,24.31875,24.35987037435085,9.59314736614467,7.681249999999999,7.640129625649148
1841.P16227,21,1841,1841:NAU153,female,hand,20260906,3,22.40685263385533,22.1125,23.502245477456025,1.4068526338553298,1.1125000000000007,2.502245477456025
1841.P15132,18,1841,1841:NCS232,female,hand,20260906,3,22.40685263385533,24.9375,23.830113135267577,4.40685263385533,6.9375,5.8301131352675775
1841.F06557,20,1841,1841:CUB010,female,head,20260906,3,22.4768043558311,25.6625,23.90391857100588,2.4768043558310993,5.662500000000001,3.9039185710058817
1841.F05580,21,1841,1841:NAU153,female,head,20260906,3,22.4768043558311,22.725,23.196807658549417,1.4768043558310993,1.7250000000000014,2.1968076585494174
1841.F06488,21,1841,1841:CUB038,female,head,20260906,3,22.4768043558311,26.9625,23.429561014158914,1.4768043558310993,5.962499999999999,2.4295610141589137
1841.P16565,21,1841,1841:CUB038,female,hand,20260906,3,22.40685263385533,22.26875,24.68270242095212,1.4068526338553298,1.2687500000000007,3.6827024209521184
10317.000031912,54,10317,10317:0c3091f23d30ee5b470301f691493df51f63050506428f17d14304a92cb2773c926aa8302e810812195b2fb3442ae4405b25774e783a0dea0554adffa5e317c5,female,hand,20260906,3,50.18237238699654,42.4625,49.91063075120032,3.8176276130034594,11.537500000000001,4.089369248799677
10317.000031910,54,10317,10317:0c3091f23d30ee5b470301f691493df51f63050506428f17d14304a92cb2773c926aa8302e810812195b2fb3442ae4405b25774e783a0dea0554adffa5e317c5,female,head,20260906,3,48.56994081884291,41.025,49.806298383101094,5.430059181157091,12.975000000000001,4.193701616898906
10317.000026072,42,10317,10317:d8c91d966b0e79c63575c2bf1ca811089c2e6f59c115850da307c43a39d0d4f9e3fea903d8a626f02f4f4d5d7f4da9fc7117333b148c82d8342d4ba550b09c59,female,head,20260906,3,48.56994081884291,43.70625,47.4733361190691,6.569940818842909,1.7062499999999972,5.473336119069103
1841.F05110,20,1841,1841:NAU119,male,head,20260906,3,25.09495752441992,22.28125,21.19600689392953,5.094957524419922,2.28125,1.1960068939295283
10317.000063351,29,10317,10317:e8fffa963380c63cba1d064de83b3a91000831ddbab3f8b56168ee1903063a0900f0a9b07f79b2f4a728ad7af62c82a718d51b95ccc1f12d6d1d3ce257c151f7,female,hand,20260906,3,50.18237238699654,32.4875,36.154227962671825,21.18237238699654,3.487499999999997,7.1542279626718255
2010.2690,26,2010,2010:33,female,head,20260906,3,27.51800760149863,24.4875,25.643096828377075,1.5180076014986312,1.5124999999999993,0.35690317162292473
1841.F05567,22,1841,1841:NAU164,male,head,20260906,3,25.09495752441992,24.99375,21.332566771895777,3.0949575244199217,2.9937499999999986,0.6674332281042226
1841.F06345,20,1841,1841:CUB036,female,head,20260906,3,22.4768043558311,22.4375,23.3308505213268,2.4768043558310993,2.4375,3.3308505213267985
1841.F05170,25,1841,1841:NAU157,male,head,20260906,3,25.09495752441992,25.15,20.361333071844257,0.09495752441992167,0.14999999999999858,4.638666928155743
1841.P15392,21,1841,1841:NCS262,male,hand,20260906,3,25.03862499747077,23.0,21.855617270993367,4.0386249974707695,2.0,0.8556172709933669
10317.000005161,29,10317,10317:80ed9beefa64e1af619f5d370d79a21b435d10677f5b936ec3554234d47090f2a865337c8ff29f55d3cfc78a4c4fcf22efe713697872112639889bda9805a03e,male,head,20260906,3,43.290686067204994,47.30625,47.031818894825456,14.290686067204994,18.30625,18.031818894825456
10317.000005160,29,10317,10317:80ed9beefa64e1af619f5d370d79a21b435d10677f5b936ec3554234d47090f2a865337c8ff29f55d3cfc78a4c4fcf22efe713697872112639889bda9805a03e,male,hand,20260906,3,43.79919708270051,47.18125,47.73400472868387,14.799197082700509,18.18125,18.73400472868387
1841.F05543,22,1841,1841:NAU164,male,head,20260906,3,25.09495752441992,24.94375,20.975465579806823,3.0949575244199217,2.9437500000000014,1.0245344201931772
1841.F05615,20,1841,1841:CUB027,female,head,20260906,3,22.4768043558311,23.91875,24.78429229149519,2.4768043558310993,3.9187499999999993,4.784292291495191
10317.000041062,33,10317,10317:cc7a72730c7716b41648ac90728f72eb759bd32caaa07b60e4db721abd907a2e38b19314c602ce3a7b19a7634037bd360e4d54c532513a267152129589e536de,male,hand,20260906,3,43.79919708270051,40.59375,41.43466344661013,10.799197082700509,7.59375,8.43466344661013
1841.P15706,21,1841,1841:NAU153,female,hand,20260906,3,22.40685263385533,23.65,22.07857872928361,1.4068526338553298,2.6499999999999986,1.0785787292836098
1841.P15707,21,1841,1841:NAU153,female,hand,20260906,3,22.40685263385533,22.38125,23.97482143045582,1.4068526338553298,1.3812500000000014,2.974821430455819
1841.F06208,25,1841,1841:NAU157,male,head,20260906,3,25.09495752441992,26.25,21.472104356505675,0.09495752441992167,1.25,3.5278956434943254
10317.000068998,29,10317,10317:fad8ec3f3e1d0020041ba9c117373e6abfd242b0ece7d768af390422eb907827a7ac8fb22732c500478dcf1ab82bd83ed997d23b1233bce38d043d35edf8f47c,unknown,hand,20260906,3,44.14776242496778,37.3125,37.21291559779832,15.14776242496778,8.3125,8.212915597798322
10317.000068991,29,10317,10317:fad8ec3f3e1d0020041ba9c117373e6abfd242b0ece7d768af390422eb907827a7ac8fb22732c500478dcf1ab82bd83ed997d23b1233bce38d043d35edf8f47c,unknown,head,20260906,3,41.31584625812665,39.1875,43.94931900325312,12.315846258126648,10.1875,14.949319003253123
1841.F06568,21,1841,1841:CUB038,female,head,20260906,3,22.4768043558311,22.14375,22.248184764250652,1.4768043558310993,1.1437500000000007,1.2481847642506523
1841.F06563,20,1841,1841:CUB027,female,head,20260906,3,22.4768043558311,23.175,23.13330049119737,2.4768043558310993,3.1750000000000007,3.133300491197371
1841.P15515,20,1841,1841:NAU119,male,hand,20260906,3,25.03862499747077,22.1875,22.52029037664505,5.0386249974707695,2.1875,2.5202903766450504
1841.P15513,25,1841,1841:NAU157,male,hand,20260906,3,25.03862499747077,32.25,22.967543761998137,0.03862499747076953,7.25,2.0324562380018634
1841.P15511,20,1841,1841:NAU119,male,hand,20260906,3,25.03862499747077,22.31875,22.434403622717504,5.0386249974707695,2.3187500000000014,2.434403622717504
10317.000010131,58,10317,10317:18f2e49afddb67b3c360c48826bfc2787ccc26e275825c6dd9afebc62893f5e57bcee0a02aedb777006db6eb53183d6c85508ad34d318c8120de7628c5f74232,female,head,20260906,3,48.56994081884291,45.7875,48.54196622936899,9.430059181157091,12.212499999999999,9.458033770631012
1841.P15724,32,1841,1841:NAU150,female,hand,20260906,3,22.40685263385533,27.79375,26.53724860784732,9.59314736614467,4.206250000000001,5.462751392152679
1841.P15727,25,1841,1841:NAU157,male,hand,20260906,3,25.03862499747077,26.55,21.48372334190735,0.03862499747076953,1.5500000000000007,3.51627665809265
1841.F06225,21,1841,1841:NAU153,female,head,20260906,3,22.4768043558311,22.2875,23.89253573621608,1.4768043558310993,1.2875000000000014,2.892535736216079
10317.000031898,34,10317,10317:f7d599694238b74a09daca6c98fc12816a2f8fb52871032650e28d1b3817096404a96c1f0c84c57d6c558db1c22e281e2af87b6fe26c5b1727f23ea6fd789556,male,head,20260906,3,43.290686067204994,37.39375,40.58077190152066,9.290686067204994,3.393749999999997,6.580771901520663
10317.000005221,40,10317,10317:1d0709acc0c4aa263f168023a3a96ba1e15b95b6c4da81b87f5ddab0fd7d047df0459ece7e25369bc5583a334c204f19a8ed16ff150ddaef72703a971dafa3b9,male,hand,20260906,3,43.79919708270051,40.6125,42.950319807738246,3.799197082700509,0.6124999999999972,2.9503198077382464
10317.000005222,40,10317,10317:1d0709acc0c4aa263f168023a3a96ba1e15b95b6c4da81b87f5ddab0fd7d047df0459ece7e25369bc5583a334c204f19a8ed16ff150ddaef72703a971dafa3b9,male,head,20260906,3,43.290686067204994,40.03125,42.04368254304213,3.2906860672049945,0.03125,2.043682543042131
10317.000009650,53,10317,10317:b565af2054e502f6e52e66e3de2b5e2199b3a8637ef66233b06e6fe02859801a1bae272653dde3b99ca69985f5434f1a2cdf4fde7507455f5740cc3df03b878c,female,head,20260906,3,48.56994081884291,42.95625,46.049960374318445,4.430059181157091,10.043750000000003,6.950039625681555
1841.F06505,20,1841,1841:CUB010,female,head,20260906,3,22.4768043558311,23.7625,23.07786933984064,2.4768043558310993,3.7624999999999993,3.077869339840639
1841.F06502,21,1841,1841:CUB038,female,head,20260906,3,22.4768043558311,22.6875,21.222068022405264,1.4768043558310993,1.6875,0.22206802240526358
1841.F06503,20,1841,1841:CUB027,female,head,20260906,3,22.4768043558311,22.21875,23.131103357858947,2.4768043558310993,2.21875,3.1311033578589473
1841.P15572,21,1841,1841:NAU153,female,hand,20260906,3,22.40685263385533,21.8875,23.988456218948116,1.4068526338553298,0.8874999999999993,2.988456218948116
10317.000020406,21,10317,10317:067f46a4c1905f4c5da538e403fcc7d5af159a01e7cf12222f38ba20baa75d47585bf073da073889ebf123e47d4d51985f22c2591db7d64cd298c3fefa779aaa,female,head,20260906,3,48.56994081884291,35.15,41.630978683055794,27.56994081884291,14.149999999999999,20.630978683055794
1841.P15963,20,1841,1841:CUB010,female,hand,20260906,3,22.40685263385533,25.3,24.716741687575215,2.4068526338553298,5.300000000000001,4.716741687575215
1841.P15960,20,1841,1841:CUB036,female,hand,20260906,3,22.40685263385533,22.4875,23.987954149743327,2.4068526338553298,2.4875000000000007,3.9879541497433273
1841.P15748,22,1841,1841:NAU164,male,hand,20260906,3,25.03862499747077,26.61875,23.284724557874927,3.0386249974707695,4.618749999999999,1.2847245578749273
10317.000063219,34,10317,10317:a392cbf64e250298f990fe6714ca17e38472972feee9471db99da4dfcfd1fe8b106d9ec41e004081362ba7728e8ac7a9d25f3b658d31bc856798d1c4eabb81c0,male,hand,20260906,3,43.79919708270051,36.1625,39.516367704852485,9.799197082700509,2.1625000000000014,5.516367704852485
10317.000066831,29,10317,10317:7f8b5599423e74bb4268af85d143fbeed68370b2eaa79f6e6facbcf10974040d6ef4afefb5ff2aab1f618ba97f2eecc39b0621fb60a556425670ca9606d4aa0c,male,hand,20260906,3,43.79919708270051,34.5375,33.38026880156388,14.799197082700509,5.537500000000001,4.380268801563879
10317.000003320,68,10317,10317:296d3619f89620d7a1813eded08db85d465fbadcd5c992b8a0df0a8fa6163430bd5551d6a56e69f72d9f2bd4931877236ea9dc795fe08d7859973e3711bf2616,female,head,20260906,3,48.56994081884291,45.5,45.84706786548962,19.43005918115709,22.5,22.15293213451038
1841.P15081,21,1841,1841:CUB038,female,hand,20260906,3,22.40685263385533,27.73125,25.665344490360813,1.4068526338553298,6.731249999999999,4.665344490360813
1841.P15080,20,1841,1841:CUB010,female,hand,20260906,3,22.40685263385533,22.56875,23.462479381993976,2.4068526338553298,2.5687500000000014,3.462479381993976
1841.P15226,20,1841,1841:CUB036,female,hand,20260906,3,22.40685263385533,25.3125,25.64666818644785,2.4068526338553298,5.3125,5.646668186447851
1841.F05075,20,1841,1841:NAU119,male,head,20260906,3,25.09495752441992,23.45625,20.843780510601658,5.094957524419922,3.4562500000000007,0.8437805106016576
10317.000031072,52,10317,10317:704472fc9c96c860a14513fc1c6660f72e2d159bd1dcf6011fcde0750d69d6ace9a9260923b171897ac72f33ec8c0d03721a0dcd0c676e8988974e6e22e4265a,male,hand,20260906,3,43.79919708270051,42.61875,46.339393362125946,8.200802917299491,9.381250000000001,5.660606637874054
1841.P15919,20,1841,1841:CUB027,female,hand,20260906,3,22.40685263385533,23.86875,25.551218886347097,2.4068526338553298,3.8687499999999986,5.5512188863470975
1841.P15766,32,1841,1841:NAU150,female,hand,20260906,3,22.40685263385533,25.66875,24.696871250361916,9.59314736614467,6.331250000000001,7.303128749638084
1841.F06263,25,1841,1841:NAU157,male,head,20260906,3,25.09495752441992,29.3375,20.32640874817903,0.09495752441992167,4.337499999999999,4.6735912518209695
1841.F05604,20,1841,1841:CUB036,female,head,20260906,3,22.4768043558311,23.7,23.81800901142529,2.4768043558310993,3.6999999999999993,3.818009011425289
10317.000005260,28,10317,10317:9d5f397f06d407dcb0aa1ac134a406dcc9d133b7241030bf81c3cb01f3341e891530737a66d2693596ab16f97b05b66c20bc630d57221b89a0ecb2db01c1f747,male,hand,20260906,3,43.79919708270051,42.3625,46.50027681523305,15.799197082700509,14.362499999999997,18.50027681523305
10317.000005261,28,10317,10317:9d5f397f06d407dcb0aa1ac134a406dcc9d133b7241030bf81c3cb01f3341e891530737a66d2693596ab16f97b05b66c20bc630d57221b89a0ecb2db01c1f747,male,hand,20260906,3,43.79919708270051,43.05625,45.2852601915797,15.799197082700509,15.056249999999999,17.285260191579702
1841.P16332,25,1841,1841:NAU157,male,hand,20260906,3,25.03862499747077,27.4125,25.1434383910044,0.03862499747076953,2.4125000000000014,0.14343839100439837
10317.000063303,26,10317,10317:9a079253652d16fa017050fd68017b646c3c734b4c96ca593236c537806682233e513b33fb850475266ef28a5c34e9297ffbd213ef416263b306bfae257d1aef,male,hand,20260906,3,43.79919708270051,34.66875,39.10965862194992,17.79919708270051,8.668750000000003,13.109658621949919
1841.P15206,20,1841,1841:CUB036,female,hand,20260906,3,22.40685263385533,22.3375,23.995680488703943,2.4068526338553298,2.3374999999999986,3.995680488703943
1841.P15202,20,1841,1841:CUB036,female,hand,20260906,3,22.40685263385533,25.975,25.930116155811284,2.4068526338553298,5.975000000000001,5.930116155811284
1841.P16166,25,1841,1841:NAU157,male,hand,20260906,3,25.03862499747077,28.28125,22.71621479897712,0.03862499747076953,3.28125,2.28378520102288
1841.F06284,21,1841,1841:NAU153,female,head,20260906,3,22.4768043558311,22.425,23.612342174631937,1.4768043558310993,1.4250000000000007,2.6123421746319373
1841.F06202,32,1841,1841:NAU150,female,head,20260906,3,22.4768043558311,28.425,26.663423119030927,9.5231956441689,3.5749999999999993,5.336576880969073
10317.000004059,66,10317,10317:f57b4981ac785615aba8f290342788db9294e4ab6b643dfb22eed77da0a189aacfb59ca5f5cf63c481d99849f549972a540d8f2170fbc94b25f2f659ad1687d8,male,hand,20260906,3,43.79919708270051,42.80625,47.22562340353433,22.20080291729949,23.19375,18.77437659646567
10317.000004058,66,10317,10317:f57b4981ac785615aba8f290342788db9294e4ab6b643dfb22eed77da0a189aacfb59ca5f5cf63c481d99849f549972a540d8f2170fbc94b25f2f659ad1687d8,male,head,20260906,3,43.290686067204994,45.00625,49.47375403714575,22.709313932795006,20.99375,16.526245962854247
10317.000015015,41,10317,10317:ce1fd98484e30049ab6a9f362cff6bacde2a68b949d54142b56fe830f015c8ec656e789dfe4d793ec0abc652ccb025d8f245a86aa12b68a7664f1f34156f22d4,male,head,20260906,3,43.290686067204994,48.425,45.78267704440111,2.2906860672049945,7.424999999999997,4.782677044401112
1841.P15047,20,1841,1841:CUB027,female,hand,20260906,3,22.40685263385533,22.775,23.67589282129719,2.4068526338553298,2.7749999999999986,3.6758928212971895
1841.P16106,25,1841,1841:NAU157,male,hand,20260906,3,25.03862499747077,40.475,32.401008267947304,0.03862499747076953,15.475000000000001,7.401008267947304
10317.000006972,61,10317,10317:71663baf1b46589d68296c0b2c93208b950a8d8f87dd95255336d0e162d3d45a6922f6512a1dbbbdecd027ff264b625773e6d10d54f1a7750050d3b813d4eadd,female,hand,20260906,3,50.18237238699654,38.51875,48.09156938193108,10.81762761300346,22.481250000000003,12.90843061806892
10317.000014510,36,10317,10317:afc4cc1e970ef3c7c09dfc377d86b8cb6dd2b6fc250e40ad216859b782525e9a89692b141ec60d853e30f94d919e6d74c8ef2a10c87061cbb48939ce1a8ab53a,female,head,20260906,3,48.56994081884291,39.6625,44.68718084538703,12.569940818842909,3.6625000000000014,8.687180845387033
10317.000014513,43,10317,10317:945445118eb28a47d0311468e8170b2c68dd921cbb868623641758d82330a5f89defc8f3631f8c7f925da369315c0e442e1b32d12fae4688f05b9a40c0167080,male,head,20260906,3,43.290686067204994,37.03125,42.10374457762257,0.29068606720499446,5.96875,0.8962554223774291
1841.P15908,21,1841,1841:CUB038,female,hand,20260906,3,22.40685263385533,23.1125,24.37514453765804,1.4068526338553298,2.1125000000000007,3.3751445376580413
10317.000069022,23,10317,10317:5bdd4aaf66380106e9a8cb6501a1fb4b37d078e2284e7a3cc179877b6b0db9ae596a7d760657f364b5592c1578ae5b8068df09c4ebd6be82e32cfcd9e5fd6c55,male,hand,20260906,3,43.79919708270051,36.48125,37.95801564266543,20.79919708270051,13.481250000000003,14.95801564266543
1841.P15672,20,1841,1841:CUB036,female,hand,20260906,3,22.40685263385533,23.775,26.868202782847852,2.4068526338553298,3.7749999999999986,6.8682027828478525
1841.P16426,20,1841,1841:NAU119,male,hand,20260906,3,25.03862499747077,22.975,21.906683999317725,5.0386249974707695,2.9750000000000014,1.9066839993177247
1841.P16379,21,1841,1841:NAU153,female,hand,20260906,3,22.40685263385533,22.06875,24.231514791253858,1.4068526338553298,1.0687500000000014,3.2315147912538578
1841.P16595,20,1841,1841:CUB010,female,hand,20260906,3,22.40685263385533,24.06875,23.08651052843441,2.4068526338553298,4.068750000000001,3.0865105284344097
10317.000063231,27,10317,10317:d7b643e267e7874c9fe80600f02183b6cd3019f0fda406b979f05d309d5050c0a106d81fd0d61ac23e2600faaf7da552f0258df8aa6be5e41a39e6b37828c99d,female,hand,20260906,3,50.18237238699654,37.575,41.869868658762925,23.18237238699654,10.575000000000003,14.869868658762925
1841.P15241,23,1841,1841:CUB013,male,hand,20260906,3,25.03862499747077,34.2375,23.759909480347357,2.0386249974707695,11.237499999999997,0.759909480347357
2010.2516,26,2010,2010:33,female,head,20260906,3,27.51800760149863,33.9625,28.50050088966245,1.5180076014986312,7.962499999999999,2.500500889662451
1841.P16290,21,1841,1841:NAU153,female,hand,20260906,3,22.40685263385533,21.79375,23.81536449816749,1.4068526338553298,0.7937499999999993,2.81536449816749
1841.F05415,20,1841,1841:NAU119,male,head,20260906,3,25.09495752441992,22.05625,20.732841284990126,5.094957524419922,2.0562499999999986,0.7328412849901262
1841.F05414,32,1841,1841:NAU150,female,head,20260906,3,22.4768043558311,24.6,22.961074646043343,9.5231956441689,7.399999999999999,9.038925353956657
1841.P16129,25,1841,1841:NAU157,male,hand,20260906,3,25.03862499747077,34.1625,25.71688144511098,0.03862499747076953,9.162500000000001,0.7168814451109817
10317.000005890,56,10317,10317:33ba8a7afe558034e3f527d8bcded781b3a03f65b84046973746dc39322e5974f8eea69a05cf01664cb731c14698655a03f89a9740b6d8a90c6d209b076ef538,male,hand,20260906,3,43.79919708270051,42.1,44.861441904436674,12.200802917299491,13.899999999999999,11.138558095563326
10317.000063212,34,10317,10317:a392cbf64e250298f990fe6714ca17e38472972feee9471db99da4dfcfd1fe8b106d9ec41e004081362ba7728e8ac7a9d25f3b658d31bc856798d1c4eabb81c0,male,head,20260906,3,43.290686067204994,33.5625,39.13916299793779,9.290686067204994,0.4375,5.139162997937788
10317.000031935,40,10317,10317:1975e7358673c93bbe5c29e1d1c529a83458e54503ca2e451dd8757d3f8bb013669586401169beb5fc69b14ab9cb93ec3b7361560a74fadc26bf03b377c16c85,female,head,20260906,3,48.56994081884291,38.125,45.419367558675155,8.569940818842909,1.875,5.419367558675155
1841.F05455,21,1841,1841:NAU153,female,head,20260906,3,22.4768043558311,22.7875,22.521369810765737,1.4768043558310993,1.7875000000000014,1.5213698107657372
1841.P15580,23,1841,1841:NAU100,male,hand,20260906,3,25.03862499747077,25.1,20.39335404862005,2.0386249974707695,2.1000000000000014,2.6066459513799494
1841.P16354,22,1841,1841:NAU164,male,hand,20260906,3,25.03862499747077,28.85625,24.521345574497705,3.0386249974707695,6.856249999999999,2.5213455744977047
10317.000005363,67,10317,10317:673c8ce01f6c4b5120fb00380499db5eeb6a2fb55f33a66a36d79a28f321105b432b54532ecd02900640e027e6baa65fe94b194fa11f3a0eaf97f6abf95c9417,unknown,hand,20260906,3,44.14776242496778,44.5125,48.00316232186592,22.85223757503222,22.487499999999997,18.996837678134078
1841.F05433,32,1841,1841:NAU150,female,head,20260906,3,22.4768043558311,25.05,22.40554721668938,9.5231956441689,6.949999999999999,9.594452783310619
1841.F05432,32,1841,1841:NAU150,female,head,20260906,3,22.4768043558311,25.71875,24.035119185614104,9.5231956441689,6.28125,7.9648808143858965
1841.F05434,20,1841,1841:NAU119,male,head,20260906,3,25.09495752441992,23.35625,21.264975742323088,5.094957524419922,3.3562499999999993,1.264975742323088
10317.000049729,36,10317,10317:79bbc1c5c663e0434d917d65535beeb68d902da75556dbb9bc561129718387ed15c630d65f4716cbeb02ed871a1e5044d2cd04da381361681f4a0793ca85598d,male,head,20260906,3,43.290686067204994,41.75625,42.876629325534054,7.2906860672049945,5.756250000000001,6.876629325534054
1841.P15022,20,1841,1841:CUB010,female,hand,20260906,3,22.40685263385533,23.44375,23.83574354426898,2.4068526338553298,3.4437500000000014,3.835743544268979
1841.P15021,20,1841,1841:CUB027,female,hand,20260906,3,22.40685263385533,22.09375,25.565636755752827,2.4068526338553298,2.09375,5.565636755752827
10317.000015293,29,10317,10317:fac33038e7fdc9cea92cfafa3a1c3f21658eba746fdc582552dc90cf29de5130fdb07560083b3745b42ab1b35c0098ade96b984095fd4c6ab41f086f38fdf732,male,head,20260906,3,43.290686067204994,42.11875,43.477107062063745,14.290686067204994,13.118749999999999,14.477107062063745
10317.000015292,29,10317,10317:fac33038e7fdc9cea92cfafa3a1c3f21658eba746fdc582552dc90cf29de5130fdb07560083b3745b42ab1b35c0098ade96b984095fd4c6ab41f086f38fdf732,male,hand,20260906,3,43.79919708270051,40.6125,42.97087615718926,14.799197082700509,11.612499999999997,13.97087615718926
10317.000015291,29,10317,10317:fac33038e7fdc9cea92cfafa3a1c3f21658eba746fdc582552dc90cf29de5130fdb07560083b3745b42ab1b35c0098ade96b984095fd4c6ab41f086f38fdf732,male,hand,20260906,3,43.79919708270051,45.45,43.97444485604224,14.799197082700509,16.450000000000003,14.97444485604224
1841.P16251,20,1841,1841:NAU119,male,hand,20260906,3,25.03862499747077,23.13125,20.80839918698152,5.0386249974707695,3.1312500000000014,0.8083991869815215
1841.P16257,25,1841,1841:NAU157,male,hand,20260906,3,25.03862499747077,26.7,21.590420827191295,0.03862499747076953,1.6999999999999993,3.409579172808705
1841.F05848,21,1841,1841:NAU153,female,head,20260906,3,22.4768043558311,22.475,22.74754686947683,1.4768043558310993,1.4750000000000014,1.7475468694768317
1841.P16063,22,1841,1841:NAU164,male,hand,20260906,3,25.03862499747077,28.54375,22.484616026707883,3.0386249974707695,6.543749999999999,0.48461602670788295
10317.000030487,69,10317,10317:08b8c7c89d71fbf3c7c45e4e838c5e9f6a9275be245ff743f08495d4e80cd9e519926d3080aa03f7db3b66c131808ba6bc500ce102040e341c7b930462457631,female,head,20260906,3,48.56994081884291,45.7625,48.92318346789767,20.43005918115709,23.237499999999997,20.076816532102328
10317.000009540,53,10317,10317:58d4b73b2478e68af9ec6ecd6f84a5c5b12f4bc9800c9f70889f2bf166a48e6c18a19edff402e2d4ba36c6c10a1cb0f060bef325706d3ec31b9f0e301d253e1a,female,head,20260906,3,48.56994081884291,49.08125,52.48249748043631,4.430059181157091,3.918750000000003,0.517502519563692
1841.F06439,20,1841,1841:CUB027,female,head,20260906,3,22.4768043558311,23.05625,24.1583032862864,2.4768043558310993,3.0562499999999986,4.158303286286401
1841.F06589,20,1841,1841:CUB027,female,head,20260906,3,22.4768043558311,23.625,25.867234814686793,2.4768043558310993,3.625,5.8672348146867925
1841.F05611,20,1841,1841:CUB036,female,head,20260906,3,22.4768043558311,24.275,24.443127160267533,2.4768043558310993,4.274999999999999,4.443127160267533
1841.P16276,32,1841,1841:NAU150,female,hand,20260906,3,22.40685263385533,25.58125,25.85400677912468,9.59314736614467,6.418749999999999,6.145993220875319
1841.P16270,32,1841,1841:NAU150,female,hand,20260906,3,22.40685263385533,26.3625,25.84522860842085,9.59314736614467,5.637499999999999,6.15477139157915
1841.F05476,25,1841,1841:NAU157,male,head,20260906,3,25.09495752441992,24.6375,20.350981186649793,0.09495752441992167,0.3625000000000007,4.649018813350207
1841.F05645,21,1841,1841:CUB038,female,head,20260906,3,22.4768043558311,23.33125,23.34940356004989,1.4768043558310993,2.3312500000000007,2.3494035600498897
1841.P16180,32,1841,1841:NAU150,female,hand,20260906,3,22.40685263385533,27.35625,26.051378966389876,9.59314736614467,4.643750000000001,5.948621033610124
1841.P16182,20,1841,1841:NAU119,male,hand,20260906,3,25.03862499747077,23.60625,23.079070304683665,5.0386249974707695,3.6062499999999993,3.0790703046836647
1841.F05640,20,1841,1841:CUB036,female,head,20260906,3,22.4768043558311,25.21875,24.09767305947858,2.4768043558310993,5.21875,4.097673059478581
1841.F05288,25,1841,1841:NAU157,male,head,20260906,3,25.09495752441992,24.0,19.1796388290712,0.09495752441992167,1.0,5.820361170928798
1841.F05287,25,1841,1841:NAU157,male,head,20260906,3,25.09495752441992,26.0,20.22856634511751,0.09495752441992167,1.0,4.77143365488249
1841.F05866,22,1841,1841:NAU164,male,head,20260906,3,25.09495752441992,27.48125,22.257099895239087,3.0949575244199217,5.481249999999999,0.2570998952390866
1841.F05867,25,1841,1841:NAU157,male,head,20260906,3,25.09495752441992,30.0875,21.17850715129139,0.09495752441992167,5.087499999999999,3.8214928487086084
1841.F06419,20,1841,1841:CUB036,female,head,20260906,3,22.4768043558311,23.30625,24.43992833798604,2.4768043558310993,3.3062499999999986,4.439928337986039
1841.F06417,20,1841,1841:CUB010,female,head,20260906,3,22.4768043558311,24.25,22.33478014476841,2.4768043558310993,4.25,2.334780144768409
10317.000005651,65,10317,10317:5e5f5fc79a512a180eb0cd63fa75b7307715996b1aff58edbefb0ed0d6548904bf74f95a466efb9525a910f69150d98cfae7b1c55b9bf3e278b402a8439e8d4c,male,hand,20260906,3,43.79919708270051,51.875,50.494467038984624,21.20080291729949,13.125,14.505532961015376
10317.000005650,65,10317,10317:5e5f5fc79a512a180eb0cd63fa75b7307715996b1aff58edbefb0ed0d6548904bf74f95a466efb9525a910f69150d98cfae7b1c55b9bf3e278b402a8439e8d4c,male,hand,20260906,3,43.79919708270051,49.6125,50.280882629997095,21.20080291729949,15.387500000000003,14.719117370002905
10317.000005652,65,10317,10317:5e5f5fc79a512a180eb0cd63fa75b7307715996b1aff58edbefb0ed0d6548904bf74f95a466efb9525a910f69150d98cfae7b1c55b9bf3e278b402a8439e8d4c,male,head,20260906,3,43.290686067204994,48.50625,48.71732756005688,21.709313932795006,16.49375,16.28267243994312
1841.F05502,20,1841,1841:CUB010,female,head,20260906,3,22.4768043558311,22.775,23.09871876763912,2.4768043558310993,2.7749999999999986,3.09871876763912
1841.P15790,25,1841,1841:NAU157,male,hand,20260906,3,25.03862499747077,25.875,21.223439343427543,0.03862499747076953,0.875,3.7765606565724568
1841.P15792,20,1841,1841:NAU119,male,hand,20260906,3,25.03862499747077,23.44375,21.51125078969497,5.0386249974707695,3.4437500000000014,1.5112507896949694
1841.P15797,21,1841,1841:NAU153,female,hand,20260906,3,22.40685263385533,22.54375,23.27944928556041,1.4068526338553298,1.5437499999999993,2.2794492855604105
1841.P16530,20,1841,1841:CUB010,female,hand,20260906,3,22.40685263385533,22.51875,23.09564165897385,2.4068526338553298,2.5187500000000007,3.0956416589738502
1841.P16214,25,1841,1841:NAU157,male,hand,20260906,3,25.03862499747077,28.99375,22.7386018123968,0.03862499747076953,3.9937499999999986,2.2613981876031986
1841.P16213,25,1841,1841:NAU157,male,hand,20260906,3,25.03862499747077,27.3625,20.476918674881624,0.03862499747076953,2.3625000000000007,4.523081325118376
1841.F05802,25,1841,1841:NAU157,male,head,20260906,3,25.09495752441992,24.10625,20.02939561450468,0.09495752441992167,0.8937500000000007,4.970604385495321
1841.F06472,22,1841,1841:CUB007,female,head,20260906,4,22.4658076549923,22.74375,21.81262765329234,0.46580765499230026,0.7437499999999986,0.18737234670766156
10317.000004984,61,10317,10317:4fcea5cd0a1bce2d5eabe662e771f90edf941650014bd56668c6086d789fa2cff4cfcf939a865e51ba74bb1cbabc385ec9acbcc1b41ee41e0ddd437171849719,female,head,20260906,4,48.1236528470322,42.53125,47.65477481719267,12.876347152967803,18.46875,13.345225182807333
1841.F05126,21,1841,1841:NAU154,female,head,20260906,4,22.4658076549923,24.56875,25.77906601285432,1.4658076549923003,3.5687500000000014,4.779066012854319
1841.P16237,22,1841,1841:NAU130,female,hand,20260906,4,22.482219411252427,21.91875,23.767891125474844,0.4822194112524265,0.08125000000000071,1.7678911254748435
1841.P16234,20,1841,1841:NAU121,female,hand,20260906,4,22.482219411252427,24.11875,26.57391001724622,2.4822194112524265,4.118749999999999,6.57391001724622
1841.P16496,27,1841,1841:NCS214,male,hand,20260906,4,24.252474280971093,25.29375,22.446870615508377,2.747525719028907,1.7062500000000007,4.553129384491623
1841.P16494,23,1841,1841:NCS203,female,hand,20260906,4,22.482219411252427,26.13125,25.792494078422607,0.5177805887475735,3.1312500000000014,2.7924940784226067
1841.P15336,23,1841,1841:NCS203,female,hand,20260906,4,22.482219411252427,25.8125,25.47410967921433,0.5177805887475735,2.8125,2.4741096792143296
1841.P15145,19,1841,1841:NCS233,male,hand,20260906,4,24.252474280971093,25.08125,21.81391314221386,5.252474280971093,6.081250000000001,2.8139131422138597
1841.F05825,20,1841,1841:NAU115,male,head,20260906,4,24.56398828627261,23.29375,20.489475632404343,4.563988286272611,3.2937499999999993,0.4894756324043428
1841.F05350,21,1841,1841:NCS247,unknown,head,20260906,4,23.65033840650724,24.3,19.87506788405474,2.6503384065072417,3.3000000000000007,1.1249321159452599
1841.F05828,32,1841,1841:NAU102,unknown,head,20260906,4,23.65033840650724,22.45625,18.773287275851807,8.349661593492758,9.54375,13.226712724148193
10317.000006913,50,10317,10317:9efe5bb96e044b67cb80fc4069443555b8751175a7004a0a040349274f4aeacaa0bdcc77fe15bf3b071a944c2c9d4c02decf67f559f2a2d31615e4e98ed3e904,unknown,head,20260906,4,39.22927163620456,43.025,41.39484194465145,10.770728363795442,6.975000000000001,8.605158055348546
1841.P16554,20,1841,1841:CUB037,female,hand,20260906,4,22.482219411252427,25.55,28.781169388092305,2.4822194112524265,5.550000000000001,8.781169388092305
1841.F05109,21,1841,1841:NAU124,female,head,20260906,4,22.4658076549923,21.64375,23.280649270654266,1.4658076549923003,0.6437500000000007,2.2806492706542656
1841.F05106,37,1841,1841:NAU148,male,head,20260906,4,24.56398828627261,24.475,17.17685816518939,12.436011713727389,12.524999999999999,19.82314183481061
2010.2046,34,2010,2010:25,female,head,20260906,4,27.631891342884863,38.01875,32.97705526623937,6.368108657115137,4.018749999999997,1.0229447337606317
1841.P15125,19,1841,1841:NCS233,male,hand,20260906,4,24.252474280971093,26.8625,21.62461541742817,5.252474280971093,7.862500000000001,2.6246154174281706
1841.P15122,27,1841,1841:NCS214,male,hand,20260906,4,24.252474280971093,28.75,23.527737635062273,2.747525719028907,1.75,3.472262364937727
1841.F05373,19,1841,1841:NCS233,male,head,20260906,4,24.56398828627261,22.64375,17.589176868913736,5.563988286272611,3.6437500000000007,1.4108231310862642
1841.P16577,29,1841,1841:CUB011,female,hand,20260906,4,22.482219411252427,23.25625,25.35452563149267,6.5177805887475735,5.743749999999999,3.6454743685073296
10317.000014679,45,10317,10317:766b16ee6b65383664f73d4720f92c408604f3862a3ca0910ef13758df6833a4e132f7a6a180a0e66a7a0de4de722b7c7dcbbdfe09b051de250e1c70364291e9,female,head,20260906,4,48.1236528470322,39.90625,44.10658753361731,3.123652847032197,5.09375,0.8934124663826921
1841.F06504,20,1841,1841:CUB037,female,head,20260906,4,22.4658076549923,23.1125,22.78009428202523,2.4658076549923003,3.1125000000000007,2.7800942820252317
10317.000005637,32,10317,10317:8e6d5660e04b428afe96bc9b82f94ffbde8b593ec7e7a39e6d802ccde219bc29f29c18ff10e18b4c6a067ce34878d5cc2b0addc2b1e539d565c014f00b4d3452,unknown,hand,20260906,4,47.362923531878906,38.85,42.84466117069153,15.362923531878906,6.850000000000001,10.84466117069153
10317.000005636,32,10317,10317:8e6d5660e04b428afe96bc9b82f94ffbde8b593ec7e7a39e6d802ccde219bc29f29c18ff10e18b4c6a067ce34878d5cc2b0addc2b1e539d565c014f00b4d3452,unknown,hand,20260906,4,47.362923531878906,40.5125,40.975478312368566,15.362923531878906,8.512500000000003,8.975478312368566
10317.000005634,32,10317,10317:8e6d5660e04b428afe96bc9b82f94ffbde8b593ec7e7a39e6d802ccde219bc29f29c18ff10e18b4c6a067ce34878d5cc2b0addc2b1e539d565c014f00b4d3452,unknown,head,20260906,4,39.22927163620456,36.91875,40.24327117675798,7.229271636204558,4.918750000000003,8.243271176757979
1841.F05162,21,1841,1841:NAU161,male,head,20260906,4,24.56398828627261,25.06875,19.23080531517853,3.563988286272611,4.068750000000001,1.7691946848214712
1841.F06552,21,1841,1841:CUB044,male,head,20260906,4,24.56398828627261,21.8625,17.995893459385925,3.563988286272611,0.8625000000000007,3.0041065406140746
1841.F06005,27,1841,1841:NCS253,female,head,20260906,4,22.4658076549923,29.4375,27.415493081509215,4.5341923450077,2.4375,0.41549308150921505
1841.F06559,21,1841,1841:CUB044,male,head,20260906,4,24.56398828627261,27.375,20.96515150955183,3.563988286272611,6.375,0.0348484904481694
1841.F06558,29,1841,1841:CUB011,female,head,20260906,4,22.4658076549923,24.325,23.09051675302166,6.5341923450077,4.675000000000001,5.90948324697834
1841.P15435,19,1841,1841:NCS241,female,hand,20260906,4,22.482219411252427,25.2125,25.832067765533527,3.4822194112524265,6.212499999999999,6.832067765533527
10317.000015151,25,10317,10317:bf103398cbf34d2fdf0ce89d2a4729ec061457ba078a27fff88e775557fa7a6206e6693e016f411dfc8700f10c5787107d76b31f1914db25cee356c3ffb2ee1c,male,hand,20260906,4,43.1489490231802,40.975,41.633606870291814,18.1489490231802,15.975000000000001,16.633606870291814
1841.F05570,20,1841,1841:NAU121,female,head,20260906,4,22.4658076549923,21.91875,21.61445079044962,2.4658076549923003,1.9187499999999993,1.6144507904496201
1841.F05409,22,1841,1841:NAU133,male,head,20260906,4,24.56398828627261,27.0625,21.49089086238881,2.563988286272611,5.0625,0.5091091376111905
1841.P15719,22,1841,1841:NAU133,male,hand,20260906,4,24.252474280971093,27.3625,20.076794080851975,2.252474280971093,5.362500000000001,1.9232059191480246
1841.P15714,22,1841,1841:NAU130,female,hand,20260906,4,22.482219411252427,21.8,23.63286040875824,0.4822194112524265,0.1999999999999993,1.6328604087582406
1841.P15716,21,1841,1841:NAU154,female,hand,20260906,4,22.482219411252427,25.25,23.67873430025637,1.4822194112524265,4.25,2.6787343002563695
1841.F05145,20,1841,1841:NAU115,male,head,20260906,4,24.56398828627261,22.55,19.70273965673989,4.563988286272611,2.5500000000000007,0.29726034326010975
1841.P16439,23,1841,1841:NCS203,female,hand,20260906,4,22.482219411252427,28.2125,29.27775494323984,0.5177805887475735,5.212499999999999,6.277754943239842
1841.F05505,20,1841,1841:NAU115,male,head,20260906,4,24.56398828627261,22.63125,19.05599134294316,4.563988286272611,2.6312500000000014,0.9440086570568411
1841.F06575,21,1841,1841:CUB044,male,head,20260906,4,24.56398828627261,24.45625,19.646044757117732,3.563988286272611,3.4562500000000007,1.353955242882268
2010.1488,27,2010,2010:1,female,head,20260906,4,27.631891342884863,40.225,30.580223529616617,0.6318913428848631,13.225000000000001,3.5802235296166174
1841.F05555,21,1841,1841:NAU161,male,head,20260906,4,24.56398828627261,23.4,19.179344871176752,3.563988286272611,2.3999999999999986,1.8206551288232475
1841.F05882,21,1841,1841:NAU151,male,head,20260906,4,24.56398828627261,23.5625,19.674298619647978,3.563988286272611,2.5625,1.3257013803520223
1841.F06461,20,1841,1841:CUB037,female,head,20260906,4,22.4658076549923,22.88125,21.556461085230545,2.4658076549923003,2.8812500000000014,1.556461085230545
1841.P16473,19,1841,1841:NCS233,male,hand,20260906,4,24.252474280971093,23.525,20.147752813367735,5.252474280971093,4.524999999999999,1.1477528133677346
1841.P15735,21,1841,1841:NAU124,female,hand,20260906,4,22.482219411252427,21.84375,24.358105961625704,1.4822194112524265,0.84375,3.3581059616257036
1841.P15733,21,1841,1841:NAU161,male,hand,20260906,4,24.252474280971093,23.18125,20.71984331291399,3.252474280971093,2.1812499999999986,0.28015668708600927
1841.P15731,22,1841,1841:NAU133,male,hand,20260906,4,24.252474280971093,23.4875,21.714861224343984,2.252474280971093,1.4875000000000007,0.28513877565601575
1841.F06212,20,1841,1841:NAU115,male,head,20260906,4,24.56398828627261,23.525,18.65671480229981,4.563988286272611,3.5249999999999986,1.3432851977001903
1841.F06216,20,1841,1841:NAU121,female,head,20260906,4,22.4658076549923,23.5375,21.72828536512064,2.4658076549923003,3.5375000000000014,1.728285365120641
10317.000002497,37,10317,10317:247ebb14f6dfcf8839f209aeb66c1f16f579162fc35aab08f18db6328b9ebbe7785cbc9394ed8d5c92ea65a93f9129469fbd86e96009e7e4f2ac54540bbf9d4f,male,head,20260906,4,41.097687556358494,39.25625,40.51864908489229,4.097687556358494,2.2562500000000014,3.5186490848922887
1841.P16414,23,1841,1841:NCS203,female,hand,20260906,4,22.482219411252427,24.73125,25.6679618021578,0.5177805887475735,1.7312499999999993,2.6679618021578015
1841.P16413,27,1841,1841:NCS253,female,hand,20260906,4,22.482219411252427,26.05,27.598147451215283,4.5177805887475735,0.9499999999999993,0.5981474512152829
2010.2027,34,2010,2010:25,female,head,20260906,4,27.631891342884863,37.875,28.68012477949644,6.368108657115137,3.875,5.319875220503562
2010.1617,28,2010,2010:13,female,head,20260906,4,27.631891342884863,39.96875,30.902197695910615,0.36810865711513685,11.96875,2.9021976959106155
1841.P16579,21,1841,1841:CUB044,male,hand,20260906,4,24.252474280971093,24.6375,22.09260401306993,3.252474280971093,3.6374999999999993,1.0926040130699306
10317.000063188,38,10317,10317:441ac85e1bd02fd74bfe5cd7d33fc7e79af9e5986e7d55e177b00f2dadef7b37442c83e626aa9eec53feaf0e250a42f14f03b147a269cd1c57142e99e994ff08,male,head,20260906,4,41.097687556358494,40.4375,36.699052770581154,3.097687556358494,2.4375,1.3009472294188456
2010.2255,22,2010,2010:27,female,head,20260906,4,27.631891342884863,38.91875,29.13605619242281,5.631891342884863,16.918750000000003,7.13605619242281
1841.P15506,20,1841,1841:NAU115,male,hand,20260906,4,24.252474280971093,23.55,19.74556530833858,4.252474280971093,3.5500000000000007,0.2544346916614195
1841.P15507,32,1841,1841:NAU102,unknown,hand,20260906,4,23.49497228466003,24.2375,22.10660655238824,8.50502771533997,7.762499999999999,9.89339344761176
1841.F05532,22,1841,1841:NAU130,female,head,20260906,4,22.4658076549923,21.54375,21.65296048357633,0.46580765499230026,0.4562500000000007,0.3470395164236706
1841.F05656,21,1841,1841:CUB044,male,head,20260906,4,24.56398828627261,27.8625,20.12692493830804,3.563988286272611,6.862500000000001,0.87307506169196
1841.P16088,22,1841,1841:NAU133,male,hand,20260906,4,24.252474280971093,24.33125,24.72578785092676,2.252474280971093,2.3312500000000007,2.7257878509267606
1841.P16085,20,1841,1841:NAU115,male,hand,20260906,4,24.252474280971093,21.98125,20.516917892952566,4.252474280971093,1.9812499999999993,0.5169178929525664
1841.F06181,29,1841,1841:CUB011,female,head,20260906,4,22.4658076549923,24.16875,21.152880910164793,6.5341923450077,4.831250000000001,7.847119089835207
1841.P15747,20,1841,1841:NAU121,female,hand,20260906,4,22.482219411252427,24.35,26.867186435063463,2.4822194112524265,4.350000000000001,6.867186435063463
1841.P15966,29,1841,1841:CUB011,female,hand,20260906,4,22.482219411252427,23.5375,26.676298259643733,6.5177805887475735,5.462499999999999,2.3237017403562668
1841.F06247,21,1841,1841:NAU124,female,head,20260906,4,22.4658076549923,25.53125,25.55759402945308,1.4658076549923003,4.53125,4.557594029453082
1841.F06536,20,1841,1841:CUB037,female,head,20260906,4,22.4658076549923,22.25625,22.720770585674497,2.4658076549923003,2.2562500000000014,2.7207705856744973
1841.P15562,21,1841,1841:NAU161,male,hand,20260906,4,24.252474280971093,23.05625,20.508618181738488,3.252474280971093,2.0562499999999986,0.4913818182615124
2010.1402,27,2010,2010:1,female,head,20260906,4,27.631891342884863,41.7375,27.74987251015512,0.6318913428848631,14.737499999999997,0.7498725101551216
1841.P15777,20,1841,1841:NAU121,female,hand,20260906,4,22.482219411252427,22.84375,24.529210521092395,2.4822194112524265,2.84375,4.529210521092395
1841.F06259,20,1841,1841:NAU121,female,head,20260906,4,22.4658076549923,22.86875,23.38342527191889,2.4658076549923003,2.8687499999999986,3.3834252719188918
1841.P15569,20,1841,1841:NAU121,female,hand,20260906,4,22.482219411252427,22.23125,24.818659756671355,2.4822194112524265,2.2312499999999993,4.818659756671355
1841.F06253,20,1841,1841:NAU121,female,head,20260906,4,22.4658076549923,23.94375,23.755070269145826,2.4658076549923003,3.9437500000000014,3.7550702691458255
1841.F06250,20,1841,1841:NAU121,female,head,20260906,4,22.4658076549923,23.50625,23.215388579948147,2.4658076549923003,3.5062500000000014,3.215388579948147
1841.P15563,20,1841,1841:NAU121,female,hand,20260906,4,22.482219411252427,22.425,24.871178021555423,2.4822194112524265,2.4250000000000007,4.871178021555423
1841.P16451,22,1841,1841:NAU130,female,hand,20260906,4,22.482219411252427,22.13125,23.79588833295482,0.4822194112524265,0.13125000000000142,1.7958883329548208
1841.P16322,21,1841,1841:NAU161,male,hand,20260906,4,24.252474280971093,22.2,20.20471716446096,3.252474280971093,1.1999999999999993,0.7952828355390409
1841.P16327,32,1841,1841:NAU102,unknown,hand,20260906,4,23.49497228466003,31.025,21.195056792471025,8.50502771533997,0.9750000000000014,10.804943207528975
1841.F05517,20,1841,1841:NAU121,female,head,20260906,4,22.4658076549923,23.625,23.517703931215365,2.4658076549923003,3.625,3.5177039312153653
1841.F05512,32,1841,1841:NAU102,unknown,head,20260906,4,23.65033840650724,24.5625,19.60118111547235,8.349661593492758,7.4375,12.39881888452765
2010.1653,28,2010,2010:13,female,head,20260906,4,27.631891342884863,42.95625,31.874768709790267,0.36810865711513685,14.956249999999997,3.874768709790267
10317.000003085,53,10317,10317:8665422eb8a1ffd2fa3c26bdc0bd4cb3cd47439a5631922ac7af3c45be2274db8dfab19dc80c4bb5237d7035d95768044a90af2a19499f5e5af50d527a6174c7,female,hand,20260906,4,51.09643925685862,44.76875,48.790816917796946,1.9035607431413766,8.231250000000003,4.2091830822030545
1841.F06299,22,1841,1841:NAU133,male,head,20260906,4,24.56398828627261,24.14375,19.21818165958987,2.563988286272611,2.1437500000000007,2.7818183404101298
1841.F06085,23,1841,1841:NCS203,female,head,20260906,4,22.4658076549923,26.33125,23.01879887003448,0.5341923450076997,3.3312500000000007,0.01879887003448033
1841.P15093,22,1841,1841:CUB007,female,hand,20260906,4,22.482219411252427,23.05625,23.785355093015625,0.4822194112524265,1.0562499999999986,1.7853550930156246
1841.F05060,23,1841,1841:NCS203,female,head,20260906,4,22.4658076549923,27.26875,24.18353120576098,0.5341923450076997,4.268750000000001,1.1835312057609784
1841.F05063,23,1841,1841:NCS203,female,head,20260906,4,22.4658076549923,24.775,22.86717720487735,0.5341923450076997,1.7749999999999986,0.1328227951226495
1841.F05065,23,1841,1841:NCS203,female,head,20260906,4,22.4658076549923,31.24375,23.342433368742764,0.5341923450076997,8.243749999999999,0.3424333687427641
1841.F05068,23,1841,1841:NCS203,female,head,20260906,4,22.4658076549923,27.025,23.937453667935493,0.5341923450076997,4.024999999999999,0.9374536679354932
1841.F05937,19,1841,1841:NCS233,male,head,20260906,4,24.56398828627261,22.33125,20.173487805776976,5.563988286272611,3.3312500000000007,1.1734878057769755
1841.P16158,22,1841,1841:NAU133,male,hand,20260906,4,24.252474280971093,27.8375,24.836735078349648,2.252474280971093,5.837499999999999,2.8367350783496477
1841.P16462,27,1841,1841:NCS253,female,hand,20260906,4,22.482219411252427,36.6375,28.53407016571537,4.5177805887475735,9.637500000000003,1.5340701657153701
1841.P15939,22,1841,1841:CUB007,female,hand,20260906,4,22.482219411252427,25.5,27.124271000857732,0.4822194112524265,3.5,5.124271000857732
1841.F06270,22,1841,1841:NAU130,female,head,20260906,4,22.4658076549923,22.65625,21.247375847844783,0.46580765499230026,0.65625,0.7526241521552173
1841.F06271,37,1841,1841:NAU148,male,head,20260906,4,24.56398828627261,24.4,19.344468933570084,12.436011713727389,12.600000000000001,17.655531066429916
10317.000015308,36,10317,10317:feea3e83f7040193068cefe3fbcc20f2ea1091f85bfe70ce251294e52b9fe96590bdfd79bae84e89f8a0e8adb68da76d13e4c631cd02e8440870e7ffa4c40c5d,female,head,20260906,4,48.1236528470322,40.49375,44.16971140532473,12.123652847032197,4.493749999999999,8.169711405324733
1841.P16306,20,1841,1841:NAU115,male,hand,20260906,4,24.252474280971093,21.7125,20.156430822420948,4.252474280971093,1.7124999999999986,0.15643082242094764
1841.P15211,20,1841,1841:CUB037,female,hand,20260906,4,22.482219411252427,23.80625,24.830151824266835,2.4822194112524265,3.8062499999999986,4.830151824266835
1841.P15216,22,1841,1841:CUB007,female,hand,20260906,4,22.482219411252427,21.83125,24.706134951895898,0.4822194112524265,0.1687499999999993,2.7061349518958977
1841.P15217,20,1841,1841:CUB037,female,hand,20260906,4,22.482219411252427,23.64375,24.510345636652435,2.4822194112524265,3.6437500000000007,4.510345636652435
1841.F05004,23,1841,1841:NCS203,female,head,20260906,4,22.4658076549923,24.975,23.125027225984443,0.5341923450076997,1.9750000000000014,0.12502722598444294
1841.F05003,27,1841,1841:NCS253,female,head,20260906,4,22.4658076549923,36.1,24.968149923245864,4.5341923450077,9.100000000000001,2.031850076754136
2010.2149,22,2010,2010:27,female,head,20260906,4,27.631891342884863,38.10625,28.580169972070532,5.631891342884863,16.106250000000003,6.580169972070532
1841.F05910,19,1841,1841:NCS233,male,head,20260906,4,24.56398828627261,23.00625,19.75409673062977,5.563988286272611,4.006250000000001,0.7540967306297688
1841.P16175,21,1841,1841:NAU161,male,hand,20260906,4,24.252474280971093,22.55,21.796383953068737,3.252474280971093,1.5500000000000007,0.7963839530687373
1841.F05430,20,1841,1841:NAU115,male,head,20260906,4,24.56398828627261,22.13125,18.831454120244288,4.563988286272611,2.1312500000000014,1.1685458797557118
1841.F06293,22,1841,1841:NAU133,male,head,20260906,4,24.56398828627261,24.65,19.0905500963104,2.563988286272611,2.6499999999999986,2.9094499036896018
1841.F06290,22,1841,1841:NAU133,male,head,20260906,4,24.56398828627261,23.7125,19.943186927303422,2.563988286272611,1.7124999999999986,2.0568130726965776
1841.F06296,37,1841,1841:NAU148,male,head,20260906,4,24.56398828627261,26.4625,20.9184327010208,12.436011713727389,10.537500000000001,16.0815672989792
1841.F06294,37,1841,1841:NAU148,male,head,20260906,4,24.56398828627261,25.2375,21.863160898431175,12.436011713727389,11.7625,15.136839101568825
1841.P15914,29,1841,1841:CUB011,female,hand,20260906,4,22.482219411252427,22.66875,25.472126478055532,6.5177805887475735,6.331250000000001,3.5278735219444677
1841.P15775,20,1841,1841:NAU115,male,hand,20260906,4,24.252474280971093,22.575,22.244881825298062,4.252474280971093,2.5749999999999993,2.2448818252980622
10317.000040126,46,10317,10317:103ec97d34a8daf110102310e23be292392f51db75531458f8f135039cb11fbaeed1ebd8c2cbfd97772d62c72352ab5c467dccf59885d5c82f03531039a41827,female,head,20260906,4,48.1236528470322,41.13125,46.401228186657434,2.123652847032197,4.868749999999999,0.4012281866574341
1841.P16365,32,1841,1841:NAU102,unknown,hand,20260906,4,23.49497228466003,23.825,19.50239685913334,8.50502771533997,8.175,12.497603140866659
1841.P16367,22,1841,1841:NAU130,female,hand,20260906,4,22.482219411252427,22.40625,23.707058279577566,0.4822194112524265,0.40625,1.7070582795775664
1841.P16362,20,1841,1841:NAU115,male,hand,20260906,4,24.252474280971093,21.76875,20.5437395853356,4.252474280971093,1.7687500000000007,0.5437395853356009
1841.P16369,21,1841,1841:NAU154,female,hand,20260906,4,22.482219411252427,24.025,25.31083318799845,1.4822194112524265,3.0249999999999986,4.310833187998451
1841.P16589,21,1841,1841:CUB044,male,hand,20260906,4,24.252474280971093,24.20625,21.79067014916732,3.252474280971093,3.2062500000000007,0.7906701491673189
10317.000051536,37,10317,10317:ff0768b01a1b6fd95f392b3c03b42f32fff2e917781b9ebb95b1bc13edfb801fc07ff383bd863ecb6e436ef6280bcfe138564e3de25075730af8842b4f95ecab,female,head,20260906,4,48.1236528470322,46.48125,47.505415728940136,11.123652847032197,9.481250000000003,10.505415728940136
1841.P15585,37,1841,1841:NAU148,male,hand,20260906,4,24.252474280971093,22.59375,19.767919975501457,12.747525719028907,14.40625,17.232080024498543
10317.000005457,48,10317,10317:9f89ce9cb3dd20b1b698031ff7eb1f66511855e4c05edd9fc525916e365f4d81ff5e46e5432e82c4e4cc62f66a9167138f3bce9a784b0404333ee6c82e195bd6,male,hand,20260906,4,43.1489490231802,43.7375,45.51348469821817,4.851050976819799,4.262500000000003,2.4865153017818287
1841.F05024,27,1841,1841:NCS253,female,head,20260906,4,22.4658076549923,35.6,26.21047617604014,4.5341923450077,8.600000000000001,0.7895238239598612
1841.F05680,22,1841,1841:CUB007,female,head,20260906,4,22.4658076549923,24.95625,23.096761901930037,0.46580765499230026,2.9562500000000007,1.0967619019300372
1841.F05686,20,1841,1841:CUB037,female,head,20260906,4,22.4658076549923,24.9,24.031399597003468,2.4658076549923003,4.899999999999999,4.0313995970034675
1841.P15556,21,1841,1841:CUB044,male,hand,20260906,4,24.252474280971093,31.03125,27.305909069784896,3.252474280971093,10.03125,6.305909069784896
1841.P15559,21,1841,1841:NAU154,female,hand,20260906,4,22.482219411252427,22.6,23.42294149075844,1.4822194112524265,1.6000000000000014,2.42294149075844
1841.F05974,27,1841,1841:NCS214,male,head,20260906,4,24.56398828627261,30.4875,22.52173815819177,2.436011713727389,3.4875000000000007,4.47826184180823
2010.1319,27,2010,2010:1,female,head,20260906,4,27.631891342884863,39.0875,30.679894808120512,0.6318913428848631,12.087499999999999,3.679894808120512
10317.000013240,61,10317,10317:a84b06b11ebbd693b0e846d7e1ba1453494db9a71f5caf6fec89add9c1975ce94b16e1f8ac9b930f61e3219bcfc133702ec58308eee167152209a8c2852123c9,male,head,20260906,4,41.097687556358494,42.51875,42.70516559745395,19.902312443641506,18.481250000000003,18.29483440254605
1841.F06106,21,1841,1841:CUB044,male,head,20260906,4,24.56398828627261,23.09375,19.17583930076484,3.563988286272611,2.09375,1.8241606992351613
10317.000005021,30,10317,10317:2c781cf584aee5d39efce29589579b7dd2febe3a4bfa62c60433de1447518df5880335cd63d2437a93a394f955e59f77d49504cf3a905aa0691d531a5832b69b,female,hand,20260906,4,51.09643925685862,42.40625,48.07516454189245,21.096439256858623,12.40625,18.07516454189245
1841.P16452,27,1841,1841:NCS253,female,hand,20260906,4,22.482219411252427,29.18125,27.58136162966263,4.5177805887475735,2.1812499999999986,0.5813616296626307
10317.000005458,47,10317,10317:9f89ce9cb3dd20b1b698031ff7eb1f66511855e4c05edd9fc525916e365f4d81ff5e46e5432e82c4e4cc62f66a9167138f3bce9a784b0404333ee6c82e195bd6,male,head,20260906,4,41.097687556358494,38.45625,45.31831578552991,5.902312443641506,8.543750000000003,1.6816842144700885
1841.F05256,21,1841,1841:NAU161,male,head,20260906,4,24.56398828627261,23.33125,20.817549141298567,3.563988286272611,2.3312500000000007,0.18245085870143285
1841.P15071,20,1841,1841:CUB037,female,hand,20260906,4,22.482219411252427,22.45625,23.258746481012476,2.4822194112524265,2.4562500000000007,3.2587464810124764
1841.F06316,22,1841,1841:CUB007,female,head,20260906,4,22.4658076549923,22.16875,22.55276226456864,0.46580765499230026,0.1687499999999993,0.5527622645686385
1841.P15257,20,1841,1841:CUB037,female,hand,20260906,4,22.482219411252427,24.1,24.005327872949383,2.4822194112524265,4.100000000000001,4.005327872949383
1841.P15251,21,1841,1841:CUB044,male,hand,20260906,4,24.252474280971093,30.1125,24.091910625064493,3.252474280971093,9.1125,3.091910625064493
10317.000068806,30,10317,10317:219fdff6b9dcec67c1aa0b866cb025d68ac35295256f63c520911912293fe0849d61cd408675c0305a5c92df708363f8172fc8e6969982b5a49c4e44d28547fb,female,hand,20260906,4,51.09643925685862,44.35,48.82529701653839,21.096439256858623,14.350000000000001,18.825297016538393
1841.P16288,37,1841,1841:NAU148,male,hand,20260906,4,24.252474280971093,27.94375,22.276077489200365,12.747525719028907,9.056249999999999,14.723922510799635
1841.P16284,22,1841,1841:NAU133,male,hand,20260906,4,24.252474280971093,22.30625,22.233506130039924,2.252474280971093,0.3062499999999986,0.23350613003992393
1841.F05405,37,1841,1841:NAU148,male,head,20260906,4,24.56398828627261,24.9125,21.07643160831757,12.436011713727389,12.087499999999999,15.92356839168243
1841.F05408,21,1841,1841:NAU154,female,head,20260906,4,22.4658076549923,23.8875,24.6165987376184,1.4658076549923003,2.8874999999999993,3.6165987376184
10317.000005420,54,10317,10317:d63484fec8c78056306a841bf283219a2f4dd6eb40568afb6e401ef1dd5a23f563b4e42b92eda0d4b87cc502d1158abf83fac1a38b7a4166f4374fd6ec75beaa,female,head,20260906,4,48.1236528470322,40.525,44.4539706741421,5.876347152967803,13.475000000000001,9.546029325857901
10317.000005421,54,10317,10317:d63484fec8c78056306a841bf283219a2f4dd6eb40568afb6e401ef1dd5a23f563b4e42b92eda0d4b87cc502d1158abf83fac1a38b7a4166f4374fd6ec75beaa,female,hand,20260906,4,51.09643925685862,38.6875,47.04956623235452,2.9035607431413766,15.3125,6.950433767645478
1841.P16324,21,1841,1841:NAU151,male,hand,20260906,4,24.252474280971093,24.51875,24.233329590936258,3.252474280971093,3.5187500000000007,3.2333295909362576
1841.P16454,23,1841,1841:NCS203,female,hand,20260906,4,22.482219411252427,30.64375,28.55666154090925,0.5177805887475735,7.643750000000001,5.55666154090925
1841.F06377,21,1841,1841:CUB044,male,head,20260906,4,24.56398828627261,22.95,19.034596673457713,3.563988286272611,1.9499999999999993,1.9654033265422868
2010.2868,23,2010,2010:39,female,head,20260906,4,27.631891342884863,30.0875,26.721692990470014,4.631891342884863,7.087499999999999,3.7216929904700145
10317.000049839,69,10317,10317:c9253f884608fc319fe8569e8e2979bb54c91a0e0d3c4ff7a4b8f149c7372a1c77029903e0508684d15d336da510bcc78d1e9c1aecbf85c0b6bc664b85990a20,female,hand,20260906,4,51.09643925685862,46.71875,54.09835143348725,17.903560743141377,22.28125,14.901648566512748
1841.P15355,23,1841,1841:NCS203,female,hand,20260906,4,22.482219411252427,29.4125,28.384938682766418,0.5177805887475735,6.412500000000001,5.384938682766418
1841.P15604,21,1841,1841:CUB044,male,hand,20260906,4,24.252474280971093,22.225,22.004372218198355,3.252474280971093,1.2250000000000014,1.0043722181983554
1841.F05421,22,1841,1841:NAU130,female,head,20260906,4,22.4658076549923,23.99375,24.557741988736662,0.46580765499230026,1.9937499999999986,2.5577419887366624
1841.F05423,21,1841,1841:NAU161,male,head,20260906,4,24.56398828627261,23.1375,19.406904975606945,3.563988286272611,2.1374999999999993,1.5930950243930546
1841.F05424,20,1841,1841:NAU121,female,head,20260906,4,22.4658076549923,23.13125,21.150617572956683,2.4658076549923003,3.1312500000000014,1.1506175729566834
1841.F05426,21,1841,1841:NAU124,female,head,20260906,4,22.4658076549923,22.6125,22.013647816340892,1.4658076549923003,1.6125000000000007,1.0136478163408924
2010.2800,23,2010,2010:39,female,head,20260906,4,27.631891342884863,26.7375,25.681475965517997,4.631891342884863,3.7375000000000007,2.681475965517997
1841.P16079,22,1841,1841:NAU130,female,hand,20260906,4,22.482219411252427,22.09375,23.73901292939168,0.4822194112524265,0.09375,1.7390129293916807
1841.P15350,27,1841,1841:NCS253,female,hand,20260906,4,22.482219411252427,24.8625,27.40665435444382,4.5177805887475735,2.1374999999999993,0.4066543544438197
1841.P15031,21,1841,1841:CUB044,male,hand,20260906,4,24.252474280971093,23.15,21.168564098811437,3.252474280971093,2.1499999999999986,0.1685640988114372
1841.F06426,22,1841,1841:CUB007,female,head,20260906,4,22.4658076549923,23.7375,22.634563048557087,0.46580765499230026,1.7375000000000007,0.6345630485570872
1841.F05457,37,1841,1841:NAU148,male,head,20260906,4,24.56398828627261,23.6,17.50817343982574,12.436011713727389,13.399999999999999,19.49182656017426
10317.000004928,55,10317,10317:169fc8e4a87bbb9fd81677779eb46fc8c4e57700e8a9fe6448edd4c1b573f6c2885cef43b7349fe9fa37dfd3379bc8b84b536aefeb7c6610a495bc898a20d1b7,female,hand,20260906,4,51.09643925685862,38.60625,47.37986795107135,3.9035607431413766,16.393749999999997,7.620132048928653
1841.F05980,27,1841,1841:NCS214,male,head,20260906,4,24.56398828627261,32.94375,23.631436030540986,2.436011713727389,5.943750000000001,3.3685639694590144
1841.P16244,37,1841,1841:NAU148,male,hand,20260906,4,24.252474280971093,24.71875,24.300800853948896,12.747525719028907,12.28125,12.699199146051104
1841.F05993,19,1841,1841:NCS233,male,head,20260906,4,24.56398828627261,25.24375,20.05981628070271,5.563988286272611,6.243749999999999,1.0598162807027087
1841.F05995,27,1841,1841:NCS214,male,head,20260906,4,24.56398828627261,28.35,22.822772725116884,2.436011713727389,1.3500000000000014,4.177227274883116
1841.F05858,21,1841,1841:NAU161,male,head,20260906,4,24.56398828627261,22.5,18.88246104700604,3.563988286272611,1.5,2.1175389529939608
10317.000040147,34,10317,10317:338bb7890bb4108f90b5027f8ffed6cd6fd3fb3d5a8f0bfa9f16a9dc184403e392c5429f663b0c7929ed1a431187e38fb9303f5d93da105fda803ec085f157e6,male,head,20260906,4,41.097687556358494,40.16875,39.97104545854458,7.097687556358494,6.168750000000003,5.97104545854458
1841.P15993,21,1841,1841:CUB044,male,hand,20260906,4,24.252474280971093,25.7125,21.21829097391239,3.252474280971093,4.712499999999999,0.2182909739123886
1841.P15996,22,1841,1841:CUB007,female,hand,20260906,4,22.482219411252427,25.75,26.49630727149888,0.4822194112524265,3.75,4.496307271498878
1841.P15192,19,1841,1841:NCS233,male,hand,20260906,4,24.252474280971093,23.3625,22.568084684981415,5.252474280971093,4.362500000000001,3.5680846849814145
2010.2828,23,2010,2010:39,female,head,20260906,4,27.631891342884863,25.06875,24.848281024399057,4.631891342884863,2.0687500000000014,1.848281024399057
1841.F05293,32,1841,1841:NAU102,unknown,head,20260906,4,23.65033840650724,25.5,20.479996113837387,8.349661593492758,6.5,11.520003886162613
10317.000048386,59,10317,10317:7e311968682a8a9e2268ae2d13c8b70ca7ce45f11d29b24932473b816f814e56f115793ba0ca9a91710fda8ae01664aab7b94207e18484fb0b45616cab408ea5,female,head,20260906,4,48.1236528470322,51.21875,52.04362149914997,10.876347152967803,7.78125,6.956378500850029
10317.000048387,59,10317,10317:7e311968682a8a9e2268ae2d13c8b70ca7ce45f11d29b24932473b816f814e56f115793ba0ca9a91710fda8ae01664aab7b94207e18484fb0b45616cab408ea5,female,hand,20260906,4,51.09643925685862,40.5625,48.697115110245086,7.903560743141377,18.4375,10.302884889754914
10317.000048388,21,10317,10317:30d7ca7c505d10cb4c76c0443a75de8f2f826d67386377db4fa33b8983b7e1be84ec36794891a1993f919a1c5c528a78e39e90c8c94320bc3b555e3aa3643685,female,head,20260906,4,48.1236528470322,45.61875,51.52152733286028,27.123652847032197,24.61875,30.52152733286028
10317.000048389,21,10317,10317:30d7ca7c505d10cb4c76c0443a75de8f2f826d67386377db4fa33b8983b7e1be84ec36794891a1993f919a1c5c528a78e39e90c8c94320bc3b555e3aa3643685,female,hand,20260906,4,51.09643925685862,42.46875,49.4411539220724,30.096439256858623,21.46875,28.441153922072402
1841.P15801,20,1841,1841:NAU121,female,hand,20260906,4,22.482219411252427,21.70625,23.775729299166425,2.4822194112524265,1.7062500000000007,3.775729299166425
10317.000010743,57,10317,10317:e3d63efad86b6ba5702575dbdf508760336727d94a56fa3563ac83a3936884e3760920dec88797bbb8362b8e7199a290f7746e80e9991d22fa187e1e4b2b0f25,male,head,20260906,4,41.097687556358494,44.9125,45.58739916483204,15.902312443641506,12.087499999999999,11.412600835167957
1841.F06406,20,1841,1841:CUB037,female,head,20260906,4,22.4658076549923,22.35625,21.648152508454995,2.4658076549923003,2.3562499999999993,1.648152508454995
1841.F06400,29,1841,1841:CUB011,female,head,20260906,4,22.4658076549923,24.5125,25.825121272743424,6.5341923450077,4.487500000000001,3.1748787272565764
1841.F05601,20,1841,1841:CUB037,female,head,20260906,4,22.4658076549923,23.21875,22.782573089118337,2.4658076549923003,3.21875,2.782573089118337
1841.F05607,20,1841,1841:CUB037,female,head,20260906,4,22.4658076549923,22.14375,21.119005985246744,2.4658076549923003,2.1437500000000007,1.1190059852467442
1841.P16262,20,1841,1841:NAU121,female,hand,20260906,4,22.482219411252427,24.8125,26.333314766407476,2.4822194112524265,4.8125,6.333314766407476
1841.F05463,21,1841,1841:NAU124,female,head,20260906,4,22.4658076549923,22.95625,23.63665395573626,1.4658076549923003,1.9562500000000007,2.6366539557362607
1841.P16199,21,1841,1841:NAU161,male,hand,20260906,4,24.252474280971093,23.5875,22.28359335559127,3.252474280971093,2.5874999999999986,1.2835933555912717
2010.1394,27,2010,2010:1,female,head,20260906,4,27.631891342884863,38.40625,28.083352635081937,0.6318913428848631,11.40625,1.083352635081937
1841.P16440,23,1841,1841:NCS203,female,hand,20260906,4,22.482219411252427,24.9125,25.667640021808275,0.5177805887475735,1.9125000000000014,2.6676400218082748
10317.000005419,54,10317,10317:d63484fec8c78056306a841bf283219a2f4dd6eb40568afb6e401ef1dd5a23f563b4e42b92eda0d4b87cc502d1158abf83fac1a38b7a4166f4374fd6ec75beaa,female,hand,20260906,4,51.09643925685862,40.38125,47.5624179858428,2.9035607431413766,13.618749999999999,6.437582014157201
10317.000040124,46,10317,10317:103ec97d34a8daf110102310e23be292392f51db75531458f8f135039cb11fbaeed1ebd8c2cbfd97772d62c72352ab5c467dccf59885d5c82f03531039a41827,female,hand,20260906,4,51.09643925685862,38.49375,46.09444478326768,5.096439256858623,7.506250000000001,0.09444478326768291
1841.P15171,27,1841,1841:NCS214,male,hand,20260906,4,24.252474280971093,29.71875,24.520098870701197,2.747525719028907,2.71875,2.4799011292988027
1841.P15172,19,1841,1841:NCS233,male,hand,20260906,4,24.252474280971093,22.49375,20.80983664024599,5.252474280971093,3.4937499999999986,1.8098366402459902
1841.F05818,22,1841,1841:NAU130,female,head,20260906,4,22.4658076549923,22.0125,21.89927995231686,0.46580765499230026,0.01249999999999929,0.10072004768314002
1841.F05814,32,1841,1841:NAU102,unknown,head,20260906,4,23.65033840650724,24.0625,20.01281487681746,8.349661593492758,7.9375,11.987185123182542
1841.F05817,20,1841,1841:NAU115,male,head,20260906,4,24.56398828627261,22.875,19.282668803021917,4.563988286272611,2.875,0.7173311969780833
1841.F05816,21,1841,1841:NAU154,female,head,20260906,4,22.4658076549923,24.375,25.03085266599963,1.4658076549923003,3.375,4.030852665999632
1841.F05810,32,1841,1841:NAU102,unknown,head,20260906,4,23.65033840650724,21.8375,18.13908409180894,8.349661593492758,10.162500000000001,13.86091590819106
1841.F06396,20,1841,1841:CUB037,female,head,20260906,4,22.4658076549923,22.975,22.506068358290985,2.4658076549923003,2.9750000000000014,2.5060683582909853
1841.F06393,22,1841,1841:CUB007,female,head,20260906,4,22.4658076549923,21.65625,21.3936691329934,0.46580765499230026,0.34375,0.6063308670066014
1841.P15614,21,1841,1841:CUB044,male,hand,20260906,4,24.252474280971093,24.71875,22.77035627550302,3.252474280971093,3.71875,1.770356275503019
1841.P15347,27,1841,1841:NCS253,female,hand,20260906,4,22.482219411252427,27.925,28.11674883151774,4.5177805887475735,0.9250000000000007,1.1167488315177394
1841.F05957,18,1841,1841:NCS221,female,head,20260906,4,22.4658076549923,25.81875,23.20435893036139,4.4658076549923,7.818750000000001,5.204358930361391
1841.P15782,22,1841,1841:NAU133,male,hand,20260906,4,24.252474280971093,23.63125,21.14840807934081,2.252474280971093,1.6312500000000014,0.8515919206591889
1841.P15787,37,1841,1841:NAU148,male,hand,20260906,4,24.252474280971093,24.93125,20.409536407433297,12.747525719028907,12.068750000000001,16.590463592566703
1841.P15784,21,1841,1841:NAU154,female,hand,20260906,4,22.482219411252427,23.625,26.119539843442386,1.4822194112524265,2.625,5.119539843442386
1841.P15785,22,1841,1841:NAU130,female,hand,20260906,4,22.482219411252427,22.44375,24.333747893488955,0.4822194112524265,0.4437500000000014,2.3337478934889546
1841.P15788,22,1841,1841:NAU130,female,hand,20260906,4,22.482219411252427,21.43125,24.08947075381861,0.4822194112524265,0.5687500000000014,2.0894707538186097
1841.P15789,21,1841,1841:NAU161,male,hand,20260906,4,24.252474280971093,23.36875,21.21352798882183,3.252474280971093,2.3687499999999986,0.21352798882183066
1841.P16204,37,1841,1841:NAU148,male,hand,20260906,4,24.252474280971093,25.9,18.58861168387111,12.747525719028907,11.100000000000001,18.41138831612889
1841.F05481,22,1841,1841:NAU130,female,head,20260906,4,22.4658076549923,22.65625,21.433778393788653,0.46580765499230026,0.65625,0.5662216062113465
1841.P15159,27,1841,1841:NCS214,male,hand,20260906,4,24.252474280971093,27.6375,24.626362422279893,2.747525719028907,0.6374999999999993,2.373637577720107
1841.P15158,19,1841,1841:NCS233,male,hand,20260906,4,24.252474280971093,24.375,21.699887517822557,5.252474280971093,5.375,2.6998875178225568
1841.P15156,27,1841,1841:NCS214,male,hand,20260906,4,24.252474280971093,25.7,21.432798196025644,2.747525719028907,1.3000000000000007,5.567201803974356
10317.000027703,68,10317,10317:f4417cf9261b7cf7eafdfa7c1e4c2f0b04b7f6a0a74833597eb9f455b64175009de471b6099ea840835964becfbbea46fda6746deaeb30cc1b29201c1259072e,male,head,20260906,4,41.097687556358494,43.70625,42.7476114854577,26.902312443641506,24.293750000000003,25.252388514542297
1841.P15152,19,1841,1841:NCS233,male,hand,20260906,4,24.252474280971093,30.29375,25.354989014291995,5.252474280971093,11.29375,6.354989014291995
1841.F05343,21,1841,1841:NAU154,female,head,20260906,4,22.4658076549923,25.78125,23.1619839724749,1.4658076549923003,4.78125,2.1619839724749
1841.F05838,32,1841,1841:NAU102,unknown,head,20260906,4,23.65033840650724,23.33125,18.701780663241667,8.349661593492758,8.66875,13.298219336758333
2010.1218,27,2010,2010:1,female,head,20260906,4,27.631891342884863,38.2625,28.691667485685393,0.6318913428848631,11.262500000000003,1.691667485685393
1841.F06445,21,1841,1841:CUB044,male,head,20260906,4,24.56398828627261,23.3125,20.1054312356018,3.563988286272611,2.3125,0.8945687643982012
1841.F05136,22,1841,1841:NAU130,female,head,20260906,4,22.4658076549923,21.95,23.056732346899597,0.46580765499230026,0.05000000000000071,1.0567323468995973
1841.P16229,20,1841,1841:NAU121,female,hand,20260906,4,22.482219411252427,22.80625,25.714463299703265,2.4822194112524265,2.8062499999999986,5.714463299703265
1841.P16225,37,1841,1841:NAU148,male,hand,20260906,4,24.252474280971093,27.16875,20.731192738667932,12.747525719028907,9.83125,16.268807261332068
1841.P16482,27,1841,1841:NCS253,female,hand,20260906,4,22.482219411252427,28.14375,28.84713162626918,4.5177805887475735,1.1437500000000007,1.8471316262691815
1841.P15109,27,1841,1841:NCS214,male,hand,20260906,4,24.252474280971093,33.31875,24.970161026698133,2.747525719028907,6.318750000000001,2.0298389733018674
1841.P15105,18,1841,1841:NCS221,female,hand,20260906,4,22.482219411252427,27.13125,26.778550650238145,4.4822194112524265,9.131250000000001,8.778550650238145
1841.F05845,22,1841,1841:NAU133,male,head,20260906,4,24.56398828627261,23.225,19.462483549023887,2.563988286272611,1.2250000000000014,2.5375164509761134
1841.P15130,19,1841,1841:NCS233,male,hand,20260906,4,24.252474280971093,25.14375,20.234919783182512,5.252474280971093,6.143750000000001,1.2349197831825123
10317.000003299,61,10317,10317:e7639c4697365b2cdd0af17e85e19fae656bebe2ca231e4057397460de8a06886fbdc663413a68e30c542241a5d4a8765a2affefbadf0e387eda6d67a72749a0,male,head,20260906,4,41.097687556358494,42.125,42.4999100650983,19.902312443641506,18.875,18.500089934901702
1841.F06059,27,1841,1841:NCS253,female,head,20260906,4,22.4658076549923,28.075,25.320192651666417,4.5341923450077,1.0749999999999993,1.6798073483335827
1841.F06055,27,1841,1841:NCS253,female,head,20260906,4,22.4658076549923,33.63125,29.083324309584796,4.5341923450077,6.631250000000001,2.083324309584796
1841.P15683,29,1841,1841:CUB011,female,hand,20260906,4,22.482219411252427,23.86875,25.709350231156005,6.5177805887475735,5.131250000000001,3.290649768843995
1841.F05583,22,1841,1841:NAU133,male,head,20260906,4,24.56398828627261,23.0875,18.63235212237288,2.563988286272611,1.0874999999999986,3.367647877627121
1841.F05588,21,1841,1841:NAU124,female,head,20260906,4,22.4658076549923,22.175,23.532734863349095,1.4658076549923003,1.1750000000000007,2.532734863349095
1841.F05361,24,1841,1841:NCS245,female,head,20260906,4,22.4658076549923,26.03125,22.947713338216715,1.5341923450076997,2.03125,1.0522866617832847
1841.F06484,22,1841,1841:CUB007,female,head,20260906,4,22.4658076549923,22.5125,21.86431700200142,0.46580765499230026,0.5124999999999993,0.13568299799857897
1841.P16561,21,1841,1841:CUB044,male,hand,20260906,4,24.252474280971093,23.9375,23.607317366838984,3.252474280971093,2.9375,2.607317366838984
2010.2946,23,2010,2010:39,female,head,20260906,4,27.631891342884863,24.95625,24.516905972383363,4.631891342884863,1.9562500000000007,1.5169059723833627
1841.F05111,20,1841,1841:NAU121,female,head,20260906,4,22.4658076549923,23.88125,22.387877686662087,2.4658076549923003,3.8812500000000014,2.3878776866620868
1841.F05113,21,1841,1841:NAU124,female,head,20260906,4,22.4658076549923,25.36875,26.98967601165412,1.4658076549923003,4.368749999999999,5.989676011654119
1841.F05116,21,1841,1841:NAU124,female,head,20260906,4,22.4658076549923,22.81875,24.98177789796017,1.4658076549923003,1.8187500000000014,3.9817778979601712
1841.P15279,22,1841,1841:CUB007,female,hand,20260906,4,22.482219411252427,24.6625,26.328471500705348,0.4822194112524265,2.6625000000000014,4.328471500705348
1841.P15117,27,1841,1841:NCS214,male,hand,20260906,4,24.252474280971093,30.9375,24.939498306515738,2.747525719028907,3.9375,2.0605016934842624
1841.P15114,27,1841,1841:NCS214,male,hand,20260906,4,24.252474280971093,25.88125,23.52877101036084,2.747525719028907,1.1187499999999986,3.4712289896391617
1841.F06039,23,1841,1841:NCS203,female,head,20260906,4,22.4658076549923,26.5875,22.6827500049519,0.5341923450076997,3.5874999999999986,0.31724999504810114
1841.P15803,21,1841,1841:NAU154,female,hand,20260906,4,22.482219411252427,23.4125,24.335361602341617,1.4822194112524265,2.4125000000000014,3.3353616023416173
1841.F05569,20,1841,1841:NAU115,male,head,20260906,4,24.56398828627261,21.91875,17.733860088367923,4.563988286272611,1.9187499999999993,2.2661399116320773
1841.F05568,37,1841,1841:NAU148,male,head,20260906,4,24.56398828627261,23.925,19.528593056771005,12.436011713727389,13.075,17.471406943228995
1841.F05560,21,1841,1841:NAU154,female,head,20260906,4,22.4658076549923,22.26875,21.9979117306275,1.4658076549923003,1.2687500000000007,0.9979117306275
1841.F05562,21,1841,1841:NAU124,female,head,20260906,4,22.4658076549923,23.40625,23.86650338962186,1.4658076549923003,2.40625,2.8665033896218617
1841.F05565,20,1841,1841:NAU121,female,head,20260906,4,22.4658076549923,22.35625,22.338416680519263,2.4658076549923003,2.3562499999999993,2.3384166805192628
10317.000015152,25,10317,10317:bf103398cbf34d2fdf0ce89d2a4729ec061457ba078a27fff88e775557fa7a6206e6693e016f411dfc8700f10c5787107d76b31f1914db25cee356c3ffb2ee1c,male,hand,20260906,4,43.1489490231802,40.99375,43.462801029749166,18.1489490231802,15.993749999999999,18.462801029749166
1841.P15195,19,1841,1841:NCS233,male,hand,20260906,4,24.252474280971093,23.75625,21.728825665738253,5.252474280971093,4.756250000000001,2.7288256657382526
10317.000015154,25,10317,10317:bf103398cbf34d2fdf0ce89d2a4729ec061457ba078a27fff88e775557fa7a6206e6693e016f411dfc8700f10c5787107d76b31f1914db25cee356c3ffb2ee1c,male,head,20260906,4,41.097687556358494,39.49375,38.79085784413037,16.097687556358494,14.493749999999999,13.790857844130372
1841.F06437,21,1841,1841:CUB044,male,head,20260906,4,24.56398828627261,26.16875,19.573361490052378,3.563988286272611,5.168749999999999,1.4266385099476224
1841.F05314,23,1841,1841:NCS203,female,head,20260906,4,22.4658076549923,27.925,24.778591951167243,0.5341923450076997,4.925000000000001,1.7785919511672432
10317.000033403,37,10317,10317:8a84e546f33305e110f2059f0c1a87a533d58f09e3ae2fd4519dcf3418d8d566956b23eebebef879dda59b2ae8ba5c775acf7a5181d6b381697b949a1c8cefc6,male,head,20260906,4,41.097687556358494,42.375,41.88141042118824,4.097687556358494,5.375,4.881410421188242
10317.000038318,45,10317,10317:3b7d34b44f72e95e00448cb043d5340d44117ce7280c30460dfe394894b0822d4c1583a47eb25eb49e50c149a7e5dc6a736132da19792ffbd2156208e0e9cebf,male,head,20260906,4,41.097687556358494,45.4125,43.47652383726225,3.902312443641506,0.4125000000000014,1.5234761627377509
1841.F06548,20,1841,1841:CUB037,female,head,20260906,4,22.4658076549923,24.50625,24.15031176740852,2.4658076549923003,4.506250000000001,4.150311767408521
1841.P15395,23,1841,1841:NCS203,female,hand,20260906,4,22.482219411252427,29.55,27.790198108245864,0.5177805887475735,6.550000000000001,4.790198108245864
1841.P15399,19,1841,1841:NCS233,male,hand,20260906,4,24.252474280971093,23.10625,20.729434150660342,5.252474280971093,4.106249999999999,1.7294341506603423
10317.000005167,60,10317,10317:c05d316c7a234de92fd6181929f128efb782363ffe6c343358fc3ab402b473dbf8a8138a22044ea3b02099711ecfa77358776132a3ed110a1b2153eeb178378a,male,head,20260906,4,41.097687556358494,43.54375,44.4722915593617,18.902312443641506,16.456249999999997,15.5277084406383
10317.000005166,60,10317,10317:c05d316c7a234de92fd6181929f128efb782363ffe6c343358fc3ab402b473dbf8a8138a22044ea3b02099711ecfa77358776132a3ed110a1b2153eeb178378a,male,hand,20260906,4,43.1489490231802,48.29375,48.91107418851439,16.8510509768198,11.706249999999997,11.088925811485609
10317.000005165,60,10317,10317:c05d316c7a234de92fd6181929f128efb782363ffe6c343358fc3ab402b473dbf8a8138a22044ea3b02099711ecfa77358776132a3ed110a1b2153eeb178378a,male,hand,20260906,4,43.1489490231802,49.6625,50.30521792656124,16.8510509768198,10.337499999999999,9.694782073438759
10317.000012382,48,10317,10317:d4747c80cbabfa6a118ab9e828a6e01176aee5c6477c84e90565dd41303cee3f4da5c8eb4c5a5b1abcf05c6ade5c8588fb990c110d1249108ffee63923f0759d,male,hand,20260906,4,43.1489490231802,39.26875,40.718660598577976,4.851050976819799,8.731250000000003,7.281339401422024
1841.F05542,21,1841,1841:CUB044,male,head,20260906,4,24.56398828627261,25.00625,19.417409552571204,3.563988286272611,4.006250000000001,1.582590447428796
1841.P15533,22,1841,1841:NAU130,female,hand,20260906,4,22.482219411252427,21.9125,24.08958725634821,0.4822194112524265,0.08749999999999858,2.08958725634821
1841.P15532,21,1841,1841:NAU154,female,hand,20260906,4,22.482219411252427,22.74375,23.997704808656547,1.4822194112524265,1.7437499999999986,2.9977048086565468
1841.P15537,20,1841,1841:NAU115,male,hand,20260906,4,24.252474280971093,25.00625,22.378864491405228,4.252474280971093,5.006250000000001,2.3788644914052277
1841.F05891,20,1841,1841:NAU121,female,head,20260906,4,22.4658076549923,21.7375,22.937966910905075,2.4658076549923003,1.7375000000000007,2.9379669109050752
1841.F05328,19,1841,1841:NCS208,female,head,20260906,4,22.4658076549923,25.78125,25.451209711820315,3.4658076549923003,6.78125,6.451209711820315
10317.000015283,61,10317,10317:6cafcd38bd5d8a7ae3e097e4e76d4ec0177aa5a4b23e460bcf27496334ea6f015f92f32d33219a9b3815853580c7fa17f6fff3d39827358ac992dd98bc09b99f,male,head,20260906,4,41.097687556358494,43.5375,42.86416184569522,19.902312443641506,17.4625,18.13583815430478
10317.000015285,61,10317,10317:6cafcd38bd5d8a7ae3e097e4e76d4ec0177aa5a4b23e460bcf27496334ea6f015f92f32d33219a9b3815853580c7fa17f6fff3d39827358ac992dd98bc09b99f,male,hand,20260906,4,43.1489490231802,43.2125,44.83900800709757,17.8510509768198,17.7875,16.16099199290243
1841.P15709,21,1841,1841:NAU161,male,hand,20260906,4,24.252474280971093,23.26875,21.28255328111083,3.252474280971093,2.2687500000000007,0.2825532811108289
1841.F06201,37,1841,1841:NAU148,male,head,20260906,4,24.56398828627261,25.175,16.18352152811781,12.436011713727389,11.825,20.81647847188219
1841.F06205,21,1841,1841:NAU124,female,head,20260906,4,22.4658076549923,22.725,23.8736962030758,1.4658076549923003,1.7250000000000014,2.8736962030757986
10317.000028314,57,10317,10317:22d2760f969511df810ec5b468e81eb97e8822f3d303b2f72a874ee4196f9a705e1460b3be27a0a183fa9f8847872de4f8bf255567a7def57c62e260e4d758f0,male,head,20260906,4,41.097687556358494,39.5625,39.80444766719956,15.902312443641506,17.4375,17.19555233280044
1841.F05158,22,1841,1841:NAU133,male,head,20260906,4,24.56398828627261,25.1875,20.46086856091921,2.563988286272611,3.1875,1.5391314390807906
1841.P16184,32,1841,1841:NAU102,unknown,hand,20260906,4,23.49497228466003,22.3,20.92605459290762,8.50502771533997,9.7,11.073945407092381
10317.000049004,28,10317,10317:1c1595cde947e2229328634b1257ec5f5c6bf890d5eb88d65618fda2567f5b28fe935303746ce0cd8771db48dc0a929a39b186bfef9fe0ee516d2a408a7ff58d,female,hand,20260906,4,51.09643925685862,35.35625,46.03949362464092,23.096439256858623,7.356250000000003,18.03949362464092
10317.000049005,28,10317,10317:1c1595cde947e2229328634b1257ec5f5c6bf890d5eb88d65618fda2567f5b28fe935303746ce0cd8771db48dc0a929a39b186bfef9fe0ee516d2a408a7ff58d,female,hand,20260906,4,51.09643925685862,37.4125,46.19390567981948,23.096439256858623,9.412500000000001,18.19390567981948
10317.000049008,28,10317,10317:1c1595cde947e2229328634b1257ec5f5c6bf890d5eb88d65618fda2567f5b28fe935303746ce0cd8771db48dc0a929a39b186bfef9fe0ee516d2a408a7ff58d,female,head,20260906,4,48.1236528470322,42.20625,47.14855762371034,20.123652847032197,14.206249999999997,19.14855762371034
1841.P15519,20,1841,1841:NAU121,female,hand,20260906,4,22.482219411252427,26.60625,25.030102114207885,2.4822194112524265,6.606249999999999,5.030102114207885
1841.F05523,20,1841,1841:NAU115,male,head,20260906,4,24.56398828627261,24.60625,18.970998580145196,4.563988286272611,4.606249999999999,1.0290014198548043
1841.P16093,21,1841,1841:NAU124,female,hand,20260906,4,22.482219411252427,22.86875,26.911629654789227,1.4822194112524265,1.8687499999999986,5.911629654789227
1841.P16094,37,1841,1841:NAU148,male,hand,20260906,4,24.252474280971093,24.79375,19.308781877314697,12.747525719028907,12.20625,17.691218122685303
1841.P15720,21,1841,1841:NAU124,female,hand,20260906,4,22.482219411252427,23.45,23.118423769533656,1.4822194112524265,2.4499999999999993,2.1184237695336563
1841.F06224,37,1841,1841:NAU148,male,head,20260906,4,24.56398828627261,26.19375,16.110500426409647,12.436011713727389,10.806249999999999,20.889499573590353
1841.P16401,21,1841,1841:NAU124,female,hand,20260906,4,22.482219411252427,23.275,26.78123847213759,1.4822194112524265,2.2749999999999986,5.781238472137591
1841.P16404,23,1841,1841:NCS203,female,hand,20260906,4,22.482219411252427,26.13125,27.31775158775052,0.5177805887475735,3.1312500000000014,4.3177515877505215
1841.F06507,22,1841,1841:CUB007,female,head,20260906,4,22.4658076549923,21.23125,21.18819505584816,0.46580765499230026,0.7687500000000007,0.8118049441518416
1841.F06500,29,1841,1841:CUB011,female,head,20260906,4,22.4658076549923,24.275,24.588705704619617,6.5341923450077,4.725000000000001,4.411294295380383
10317.000063196,38,10317,10317:441ac85e1bd02fd74bfe5cd7d33fc7e79af9e5986e7d55e177b00f2dadef7b37442c83e626aa9eec53feaf0e250a42f14f03b147a269cd1c57142e99e994ff08,male,hand,20260906,4,43.1489490231802,45.16875,44.907105836175056,5.148949023180201,7.168750000000003,6.907105836175056
1841.F05548,22,1841,1841:NAU130,female,head,20260906,4,22.4658076549923,22.4875,21.36180323524926,0.46580765499230026,0.4875000000000007,0.6381967647507416
1841.F05091,27,1841,1841:NCS253,female,head,20260906,4,22.4658076549923,28.3875,28.429596826205348,4.5341923450077,1.3874999999999993,1.4295968262053478
1841.P15579,21,1841,1841:NAU124,female,hand,20260906,4,22.482219411252427,24.25,25.809587830827365,1.4822194112524265,3.25,4.809587830827365
1841.P15570,20,1841,1841:NAU115,male,hand,20260906,4,24.252474280971093,24.45,19.908033787460628,4.252474280971093,4.449999999999999,0.0919662125393721
1841.P15573,21,1841,1841:NAU124,female,hand,20260906,4,22.482219411252427,23.95625,25.46074402971232,1.4822194112524265,2.9562500000000007,4.46074402971232
1841.F05053,27,1841,1841:NCS253,female,head,20260906,4,22.4658076549923,30.60625,26.67489493133375,4.5341923450077,3.6062499999999993,0.3251050686662502
1841.F05056,21,1841,1841:NAU161,male,head,20260906,4,24.56398828627261,25.3375,19.8831891231978,3.563988286272611,4.337499999999999,1.1168108768022016
1841.P15361,27,1841,1841:NCS253,female,hand,20260906,4,22.482219411252427,27.43125,29.93282798295001,4.5177805887475735,0.4312499999999986,2.932827982950009
1841.F06242,37,1841,1841:NAU148,male,head,20260906,4,24.56398828627261,27.99375,20.055320007664506,12.436011713727389,9.006250000000001,16.944679992335494
1841.F05268,37,1841,1841:NAU148,male,head,20260906,4,24.56398828627261,24.50625,18.182776829545062,12.436011713727389,12.493749999999999,18.817223170454938
1841.F05894,20,1841,1841:NAU115,male,head,20260906,4,24.56398828627261,25.0125,18.219292865340385,4.563988286272611,5.012499999999999,1.7807071346596146
1841.F05321,27,1841,1841:NCS253,female,head,20260906,4,22.4658076549923,30.5,28.22485661638956,4.5341923450077,3.5,1.224856616389559
1841.F06523,22,1841,1841:CUB007,female,head,20260906,4,22.4658076549923,23.2,21.897713239737648,0.46580765499230026,1.1999999999999993,0.10228676026235206
1841.P15223,29,1841,1841:CUB011,female,hand,20260906,4,22.482219411252427,22.4,24.745035207165785,6.5177805887475735,6.600000000000001,4.254964792834215
1841.P15550,22,1841,1841:NAU130,female,hand,20260906,4,22.482219411252427,21.7625,23.669266674734946,0.4822194112524265,0.2375000000000007,1.6692666747349456
1841.F05389,19,1841,1841:NCS241,female,head,20260906,4,22.4658076549923,24.41875,22.9056041758832,3.4658076549923003,5.418749999999999,3.9056041758832016
1841.F05925,27,1841,1841:NCS214,male,head,20260906,4,24.56398828627261,29.73125,23.50460123177681,2.436011713727389,2.7312499999999993,3.4953987682231897
1841.F05927,19,1841,1841:NCS233,male,head,20260906,4,24.56398828627261,24.00625,17.39767648404022,5.563988286272611,5.006250000000001,1.6023235159597817
10317.000063279,30,10317,10317:891ba49891c93e012ced08e68550251a74e2939dbec3af58e67b97d73d2d0f32fd7530e785db3ae620b3a125927c31d18d0e6c08bfe00778a19646a44083e9e7,male,hand,20260906,4,43.1489490231802,39.7375,38.088779660117495,13.1489490231802,9.737499999999997,8.088779660117495
10317.000012954,63,10317,10317:9d63053308a543f47f4cbdce91e1eacc49775ab0a34b4fe6f4f120e15d3d44f6915ce2e76324bbbb7aba1077216d23ad37b43118ddc87124bf0fd47327d12161,female,head,20260906,4,48.1236528470322,47.6875,49.13786680593997,14.876347152967803,15.3125,13.862133194060029
1841.P16267,20,1841,1841:NAU121,female,hand,20260906,4,22.482219411252427,23.6625,25.993330883650675,2.4822194112524265,3.6625000000000014,5.993330883650675
1841.P16445,21,1841,1841:NAU161,male,hand,20260906,4,24.252474280971093,24.35,20.68165330180832,3.252474280971093,3.3500000000000014,0.3183466981916787
1841.F05465,21,1841,1841:NAU154,female,head,20260906,4,22.4658076549923,24.0,21.87932076721488,1.4658076549923003,3.0,0.8793207672148817
1841.F05012,27,1841,1841:NCS214,male,head,20260906,4,24.56398828627261,26.6875,21.27003530287016,2.436011713727389,0.3125,5.729964697129841
1841.F05907,19,1841,1841:NCS233,male,head,20260906,4,24.56398828627261,22.95,19.35549438561945,5.563988286272611,3.9499999999999993,0.35549438561945124
1841.F05903,27,1841,1841:NCS214,male,head,20260906,4,24.56398828627261,27.50625,21.526671404374092,2.436011713727389,0.5062500000000014,5.473328595625908
1841.F05901,19,1841,1841:NCS233,male,head,20260906,4,24.56398828627261,25.01875,23.613897499142546,5.563988286272611,6.018750000000001,4.613897499142546
1841.P16160,32,1841,1841:NAU102,unknown,hand,20260906,4,23.49497228466003,21.79375,20.436582034534464,8.50502771533997,10.20625,11.563417965465536
1841.F06285,21,1841,1841:NAU154,female,head,20260906,4,22.4658076549923,22.8,24.160141760897893,1.4658076549923003,1.8000000000000007,3.1601417608978934
1841.F06287,21,1841,1841:NAU161,male,head,20260906,4,24.56398828627261,23.63125,20.315766854545675,3.563988286272611,2.6312500000000014,0.6842331454543249
1841.F05226,32,1841,1841:NAU102,unknown,head,20260906,4,23.65033840650724,24.10625,18.86617835601562,8.349661593492758,7.893750000000001,13.13382164398438
10317.000023667,41,10317,10317:4f4512f9ca8dd41284a2463c8496ef3405ebc0188c8fcb1bacb236d71b61de04174823da6ad26715031b7936e03c152bc15cd335c36b25dee976cfdc089dd6e2,male,head,20260906,4,41.097687556358494,44.1625,43.57780648948891,0.09768755635849402,3.1625000000000014,2.577806489488907
1841.P16311,32,1841,1841:NAU102,unknown,hand,20260906,4,23.49497228466003,23.1875,21.23256237693015,8.50502771533997,8.8125,10.76743762306985
1841.P16312,37,1841,1841:NAU148,male,hand,20260906,4,24.252474280971093,22.825,19.318186370734683,12.747525719028907,14.175,17.681813629265317
1841.P16317,21,1841,1841:NAU154,female,hand,20260906,4,22.482219411252427,23.48125,23.417379755357537,1.4822194112524265,2.4812499999999993,2.417379755357537
1841.P15041,22,1841,1841:CUB007,female,hand,20260906,4,22.482219411252427,22.43125,24.429948784556984,0.4822194112524265,0.4312499999999986,2.4299487845569843
1841.P15043,21,1841,1841:CUB044,male,hand,20260906,4,24.252474280971093,23.5875,22.01986479608337,3.252474280971093,2.5874999999999986,1.0198647960833718
10317.000002722,67,10317,10317:552862a47c1f4572c6de06ef045a0b5dfe8124f8167b59fc9e3602a42e27303ea444e307e4d303917535cb422622610350e6897ddbc33a1a70a49944b51adc14,male,head,20260906,4,41.097687556358494,40.34375,40.42689472895312,25.902312443641506,26.65625,26.573105271046877
1841.P15269,21,1841,1841:CUB044,male,hand,20260906,4,24.252474280971093,31.3625,22.61316981351133,3.252474280971093,10.3625,1.6131698135113304
1841.P15598,22,1841,1841:NAU133,male,hand,20260906,4,24.252474280971093,33.40625,25.743758688278003,2.252474280971093,11.40625,3.743758688278003
10317.000068854,31,10317,10317:8d85619d1e25428067315418f5821569f94dd8cc697ce5e8952a81c8abc325ca2f69b743c1d3539e71093dc8dadc81905dc33874b12ef6d990d55c610bfb1eb3,male,hand,20260906,4,43.1489490231802,34.7125,37.88065694681568,12.1489490231802,3.7124999999999986,6.880656946815677
1841.F05030,19,1841,1841:NCS233,male,head,20260906,4,24.56398828627261,25.95,19.1942374260635,5.563988286272611,6.949999999999999,0.19423742606349848
1841.F05036,22,1841,1841:NAU130,female,head,20260906,4,22.4658076549923,22.73125,22.599927325267547,0.46580765499230026,0.7312499999999993,0.5999273252675472
1841.F05964,19,1841,1841:NCS233,male,head,20260906,4,24.56398828627261,24.3875,20.28885276808206,5.563988286272611,5.387499999999999,1.2888527680820587
1841.P16101,20,1841,1841:NAU121,female,hand,20260906,4,22.482219411252427,24.25,25.68282643414071,2.4822194112524265,4.25,5.682826434140711
1841.P16103,21,1841,1841:NAU154,female,hand,20260906,4,22.482219411252427,21.73125,23.58594039106597,1.4822194112524265,0.7312499999999993,2.5859403910659715
1841.P16102,21,1841,1841:NAU124,female,hand,20260906,4,22.482219411252427,23.075,24.09608072450899,1.4822194112524265,2.0749999999999993,3.0960807245089903
1841.F06119,21,1841,1841:CUB044,male,head,20260906,4,24.56398828627261,22.66875,19.254275596895447,3.563988286272611,1.6687499999999993,1.7457244031045533
10317.000068847,30,10317,10317:8d85619d1e25428067315418f5821569f94dd8cc697ce5e8952a81c8abc325ca2f69b743c1d3539e71093dc8dadc81905dc33874b12ef6d990d55c610bfb1eb3,male,head,20260906,4,41.097687556358494,36.0375,37.300539222606986,11.097687556358494,6.037500000000001,7.300539222606986
1841.P15904,20,1841,1841:CUB037,female,hand,20260906,4,22.482219411252427,23.3125,23.16131390090031,2.4822194112524265,3.3125,3.1613139009003106
1841.F05200,22,1841,1841:NAU133,male,head,20260906,4,24.56398828627261,24.15625,19.11067349976598,2.563988286272611,2.15625,2.88932650023402
1841.F05202,21,1841,1841:NAU161,male,head,20260906,4,24.56398828627261,23.8375,20.841658307514734,3.563988286272611,2.8374999999999986,0.15834169248526564
1841.P16395,22,1841,1841:NAU130,female,hand,20260906,4,22.482219411252427,22.54375,25.464904195846877,0.4822194112524265,0.5437499999999993,3.464904195846877
1841.P16377,22,1841,1841:NAU133,male,hand,20260906,4,24.252474280971093,31.4,26.809595500960384,2.252474280971093,9.399999999999999,4.809595500960384
1841.P16371,20,1841,1841:NAU121,female,hand,20260906,4,22.482219411252427,22.725,26.663180954979097,2.4822194112524265,2.7250000000000014,6.663180954979097
1841.P16397,32,1841,1841:NAU102,unknown,hand,20260906,4,23.49497228466003,22.61875,21.41449038032424,8.50502771533997,9.381250000000001,10.585509619675761
1841.P16378,20,1841,1841:NAU115,male,hand,20260906,4,24.252474280971093,21.65625,20.686992266135142,4.252474280971093,1.65625,0.6869922661351424
1841.F05885,37,1841,1841:NAU148,male,head,20260906,4,24.56398828627261,23.74375,18.67998641374447,12.436011713727389,13.256250000000001,18.32001358625553
1841.F06585,29,1841,1841:CUB011,female,head,20260906,4,22.4658076549923,22.91875,22.7829524143516,6.5341923450077,6.081250000000001,6.217047585648402
1841.F06582,21,1841,1841:CUB044,male,head,20260906,4,24.56398828627261,27.1375,20.037852486527527,3.563988286272611,6.137499999999999,0.9621475134724733
1841.P15067,22,1841,1841:CUB007,female,hand,20260906,4,22.482219411252427,26.30625,25.64454541844423,0.4822194112524265,4.306249999999999,3.644545418444231
10317.000003385,57,10317,10317:e36b03fa22764e26a56edd5b75a454e7ebf99d597c381d00186fa32b482bff3046c06024a335a9f1c29fb95217a131573eb7860fa709d5a472294e56d5762d4c,female,head,20260906,4,48.1236528470322,47.38125,51.90022522879103,8.876347152967803,9.618749999999999,5.0997747712089705
1841.F06326,29,1841,1841:CUB011,female,head,20260906,4,22.4658076549923,22.5,22.456801163548608,6.5341923450077,6.5,6.543198836451392
1841.P16294,21,1841,1841:NAU161,male,hand,20260906,4,24.252474280971093,26.1875,22.322291397253448,3.252474280971093,5.1875,1.3222913972534478
1841.P16297,22,1841,1841:NAU133,male,hand,20260906,4,24.252474280971093,26.35625,23.44708008191945,2.252474280971093,4.356249999999999,1.4470800819194487
1841.P16296,21,1841,1841:NAU154,female,hand,20260906,4,22.482219411252427,26.09375,25.17806055606211,1.4822194112524265,5.09375,4.1780605560621105
1841.P16293,22,1841,1841:NAU133,male,hand,20260906,4,24.252474280971093,22.4625,21.037086129085267,2.252474280971093,0.4624999999999986,0.9629138709147327
2010.2114,34,2010,2010:25,female,head,20260906,4,27.631891342884863,38.43125,27.926169467395464,6.368108657115137,4.431249999999999,6.073830532604536
1841.F05419,20,1841,1841:NAU121,female,head,20260906,4,22.4658076549923,22.6,22.086943169546537,2.4658076549923003,2.6000000000000014,2.0869431695465366
10317.000068799,30,10317,10317:219fdff6b9dcec67c1aa0b866cb025d68ac35295256f63c520911912293fe0849d61cd408675c0305a5c92df708363f8172fc8e6969982b5a49c4e44d28547fb,female,head,20260906,4,48.1236528470322,41.2625,47.890013174944094,18.123652847032197,11.262500000000003,17.890013174944094
1841.P16034,21,1841,1841:NAU161,male,hand,20260906,4,24.252474280971093,22.91875,21.72462706992288,3.252474280971093,1.9187499999999993,0.7246270699228816
1841.P15005,29,1841,1841:CUB011,female,hand,20260906,4,22.482219411252427,24.18125,26.82392733631379,6.5177805887475735,4.818750000000001,2.1760726636862096
1841.P15004,20,1841,1841:CUB037,female,hand,20260906,4,22.482219411252427,22.1,23.27397729952044,2.4822194112524265,2.1000000000000014,3.273977299520439
1841.F06303,20,1841,1841:CUB037,female,head,20260906,4,22.4658076549923,23.16875,21.303219647286504,2.4658076549923003,3.1687499999999993,1.3032196472865039
10317.000049840,69,10317,10317:c9253f884608fc319fe8569e8e2979bb54c91a0e0d3c4ff7a4b8f149c7372a1c77029903e0508684d15d336da510bcc78d1e9c1aecbf85c0b6bc664b85990a20,female,hand,20260906,4,51.09643925685862,45.94375,52.67166589253922,17.903560743141377,23.05625,16.328334107460783
10317.000049841,69,10317,10317:c9253f884608fc319fe8569e8e2979bb54c91a0e0d3c4ff7a4b8f149c7372a1c77029903e0508684d15d336da510bcc78d1e9c1aecbf85c0b6bc664b85990a20,female,head,20260906,4,48.1236528470322,51.575,53.284515368079504,20.876347152967803,17.424999999999997,15.715484631920496
1841.F05439,21,1841,1841:NAU161,male,head,20260906,4,24.56398828627261,24.48125,19.69377727159064,3.563988286272611,3.4812499999999993,1.3062227284093595
1841.F06210,37,1841,1841:NAU148,male,head,20260906,4,24.56398828627261,25.9625,17.504272661388846,12.436011713727389,11.037500000000001,19.495727338611154
1841.F06211,22,1841,1841:NAU130,female,head,20260906,4,22.4658076549923,21.875,22.699031800206324,0.46580765499230026,0.125,0.699031800206324
10317.000072315,42,10317,10317:0cded5ec882014d599e408a086631081c42e2f070234c9e90d7244cf5e39d7d4150b713faf80aed64afaf4dd8ff14b76e9e204f93500060792828269add5de56,female,head,20260906,4,48.1236528470322,43.69375,47.28300761314616,6.123652847032197,1.6937500000000014,5.283007613146161
1841.F06368,29,1841,1841:CUB011,female,head,20260906,4,22.4658076549923,22.1,22.35761584047905,6.5341923450077,6.899999999999999,6.642384159520951
1841.F06360,22,1841,1841:CUB007,female,head,20260906,4,22.4658076549923,22.8875,21.301619835407283,0.46580765499230026,0.8874999999999993,0.6983801645927166
1841.F05636,22,1841,1841:CUB007,female,head,20260906,4,22.4658076549923,22.625,22.319510714584226,0.46580765499230026,0.625,0.31951071458422575
1841.F05986,19,1841,1841:NCS233,male,head,20260906,4,24.56398828627261,23.31875,17.954017018271855,5.563988286272611,4.318750000000001,1.0459829817281445
1841.F05985,27,1841,1841:NCS214,male,head,20260906,4,24.56398828627261,32.83125,20.8339073978458,2.436011713727389,5.831249999999997,6.166092602154201
1841.F05984,27,1841,1841:NCS214,male,head,20260906,4,24.56398828627261,34.0625,21.16328152668952,2.436011713727389,7.0625,5.83671847331048
1841.F05410,22,1841,1841:NAU133,male,head,20260906,4,24.56398828627261,23.68125,18.65219320414108,2.563988286272611,1.6812499999999986,3.3478067958589186
1841.F05520,21,1841,1841:NAU154,female,head,20260906,4,22.4658076549923,24.23125,25.061280258279453,1.4658076549923003,3.2312499999999993,4.061280258279453
1841.P16552,21,1841,1841:CUB044,male,hand,20260906,4,24.252474280971093,23.95625,21.090057179448525,3.252474280971093,2.9562500000000007,0.0900571794485252
10317.000048390,21,10317,10317:30d7ca7c505d10cb4c76c0443a75de8f2f826d67386377db4fa33b8983b7e1be84ec36794891a1993f919a1c5c528a78e39e90c8c94320bc3b555e3aa3643685,female,hand,20260906,4,51.09643925685862,44.34375,52.265292278899906,30.096439256858623,23.34375,31.265292278899906
1841.F05843,22,1841,1841:NAU130,female,head,20260906,4,22.4658076549923,22.2625,22.055350882437775,0.46580765499230026,0.2624999999999993,0.055350882437775084
1841.P16553,29,1841,1841:CUB011,female,hand,20260906,4,22.482219411252427,25.0375,26.103060508420135,6.5177805887475735,3.9624999999999986,2.8969394915798645
1841.P16068,21,1841,1841:NAU124,female,hand,20260906,4,22.482219411252427,23.26875,23.99969972271187,1.4822194112524265,2.2687500000000007,2.9996997227118705
1841.F05617,29,1841,1841:CUB011,female,head,20260906,4,22.4658076549923,23.94375,23.31206464793704,6.5341923450077,5.056249999999999,5.687935352062961
1841.P15400,27,1841,1841:NCS253,female,hand,20260906,4,22.482219411252427,33.74375,29.3672664489256,4.5177805887475735,6.743749999999999,2.3672664489256015
1841.P16279,37,1841,1841:NAU148,male,hand,20260906,4,24.252474280971093,27.00625,22.678487467209717,12.747525719028907,9.993749999999999,14.321512532790283
1841.P16278,21,1841,1841:NAU124,female,hand,20260906,4,22.482219411252427,23.425,25.270389198871584,1.4822194112524265,2.4250000000000007,4.270389198871584
1841.P16275,37,1841,1841:NAU148,male,hand,20260906,4,24.252474280971093,24.14375,21.47832324553356,12.747525719028907,12.85625,15.52167675446644
1841.P16272,22,1841,1841:NAU130,female,hand,20260906,4,22.482219411252427,22.9125,23.761824982015938,0.4822194112524265,0.9125000000000014,1.7618249820159377
1841.F05471,20,1841,1841:NAU121,female,head,20260906,4,22.4658076549923,22.0,22.586223772236437,2.4658076549923003,2.0,2.586223772236437
1841.F05475,22,1841,1841:NAU133,male,head,20260906,4,24.56398828627261,25.59375,20.106464510392325,2.563988286272611,3.59375,1.8935354896076753
1841.F05474,22,1841,1841:NAU130,female,head,20260906,4,22.4658076549923,22.40625,21.94235429324282,0.46580765499230026,0.40625,0.057645706757181614
1841.F05647,21,1841,1841:CUB044,male,head,20260906,4,24.56398828627261,23.19375,19.58484248771387,3.563988286272611,2.1937500000000014,1.4151575122861288
1841.P15985,20,1841,1841:CUB037,female,hand,20260906,4,22.482219411252427,32.2875,30.290775816491127,2.4822194112524265,12.287500000000001,10.290775816491127
1841.P15981,22,1841,1841:CUB007,female,hand,20260906,4,22.482219411252427,22.525,23.321505818743287,0.4822194112524265,0.5249999999999986,1.3215058187432867
1841.P15362,27,1841,1841:NCS253,female,hand,20260906,4,22.482219411252427,30.7875,30.68741648692176,4.5177805887475735,3.7875000000000014,3.6874164869217587
1841.F05808,21,1841,1841:NAU154,female,head,20260906,4,22.4658076549923,23.31875,24.24352438614351,1.4658076549923003,2.3187500000000014,3.243524386143509
1841.F05804,21,1841,1841:NAU124,female,head,20260906,4,22.4658076549923,22.9875,24.13667010924305,1.4658076549923003,1.9875000000000007,3.136670109243049
1841.P16519,22,1841,1841:CUB007,female,hand,20260906,4,22.482219411252427,22.43125,25.79819524303245,0.4822194112524265,0.4312499999999986,3.798195243032449
1841.P16513,29,1841,1841:CUB011,female,hand,20260906,4,22.482219411252427,23.09375,25.08237655025071,6.5177805887475735,5.90625,3.917623449749289
10317.000033792,27,10317,10317:a8d1e0c8b099dac9041d9cebdac9c0de56819da44b2a634063806e8ed4697d1075a1ad1a75dcb472c0667686ae7dad37b98268caf960b4805fdd05c287c202df,male,head,20260906,4,41.097687556358494,40.08125,40.9357856694687,14.097687556358494,13.081249999999997,13.9357856694687
10317.000049130,48,10317,10317:9f89ce9cb3dd20b1b698031ff7eb1f66511855e4c05edd9fc525916e365f4d81ff5e46e5432e82c4e4cc62f66a9167138f3bce9a784b0404333ee6c82e195bd6,male,head,20260906,4,41.097687556358494,43.1375,41.2462243022037,6.902312443641506,4.862499999999997,6.7537756977963
10317.000049131,48,10317,10317:9f89ce9cb3dd20b1b698031ff7eb1f66511855e4c05edd9fc525916e365f4d81ff5e46e5432e82c4e4cc62f66a9167138f3bce9a784b0404333ee6c82e195bd6,male,hand,20260906,4,43.1489490231802,44.7125,44.52301478216479,4.851050976819799,3.2875000000000014,3.4769852178352068
10317.000049132,48,10317,10317:9f89ce9cb3dd20b1b698031ff7eb1f66511855e4c05edd9fc525916e365f4d81ff5e46e5432e82c4e4cc62f66a9167138f3bce9a784b0404333ee6c82e195bd6,male,hand,20260906,4,43.1489490231802,43.6375,43.159201484344734,4.851050976819799,4.362499999999997,4.8407985156552655
1841.P15796,37,1841,1841:NAU148,male,hand,20260906,4,24.252474280971093,23.975,18.317829565873144,12.747525719028907,13.024999999999999,18.682170434126856
1841.P15799,21,1841,1841:NAU154,female,hand,20260906,4,22.482219411252427,22.5875,23.69355401487912,1.4822194112524265,1.5874999999999986,2.693554014879119
1841.P16537,20,1841,1841:CUB037,female,hand,20260906,4,22.482219411252427,22.1125,23.943324926528906,2.4822194112524265,2.1125000000000007,3.9433249265289056
1841.P15425,23,1841,1841:NCS203,female,hand,20260906,4,22.482219411252427,29.06875,28.058355177846337,0.5177805887475735,6.068750000000001,5.058355177846337
1841.P15424,19,1841,1841:NCS208,female,hand,20260906,4,22.482219411252427,24.2375,26.718292129740952,3.4822194112524265,5.237500000000001,7.718292129740952
1841.P15422,21,1841,1841:NCS247,unknown,hand,20260906,4,23.49497228466003,24.45625,24.241459999182982,2.4949722846600295,3.4562500000000007,3.2414599991829824
1841.P15429,24,1841,1841:NCS245,female,hand,20260906,4,22.482219411252427,25.3625,25.75826234331148,1.5177805887475735,1.3625000000000007,1.758262343311479
1841.P16217,37,1841,1841:NAU148,male,hand,20260906,4,24.252474280971093,27.59375,24.530288701837726,12.747525719028907,9.40625,12.469711298162274
1841.P16211,21,1841,1841:NAU124,female,hand,20260906,4,22.482219411252427,22.4,25.716661416435617,1.4822194112524265,1.3999999999999986,4.716661416435617
1841.P16212,20,1841,1841:NAU115,male,hand,20260906,4,24.252474280971093,24.525,21.23133432792997,4.252474280971093,4.524999999999999,1.2313343279299716
1841.F05490,21,1841,1841:NAU161,male,head,20260906,4,24.56398828627261,23.8125,18.430709684607464,3.563988286272611,2.8125,2.5692903153925357
1841.P15166,27,1841,1841:NCS214,male,hand,20260906,4,24.252474280971093,30.54375,24.662249650169777,2.747525719028907,3.5437499999999993,2.3377503498302232
1841.F06063,23,1841,1841:NCS203,female,head,20260906,4,22.4658076549923,26.70625,24.10022623307458,0.5341923450076997,3.7062500000000007,1.1002262330745793
1841.F06068,27,1841,1841:NCS253,female,head,20260906,4,22.4658076549923,31.6375,27.02426380565587,4.5341923450077,4.637499999999999,0.024263805655870385
1841.P15300,27,1841,1841:NCS253,female,hand,20260906,4,22.482219411252427,29.03125,28.70815240663759,4.5177805887475735,2.03125,1.7081524066375913
2010.1260,27,2010,2010:1,female,head,20260906,4,27.631891342884863,38.69375,26.44954500464474,0.6318913428848631,11.693750000000001,0.5504549953552598
1841.P16533,22,1841,1841:CUB007,female,hand,20260906,4,22.482219411252427,27.5875,32.175268808634485,0.4822194112524265,5.587499999999999,10.175268808634485
1841.P16534,20,1841,1841:CUB037,female,hand,20260906,4,22.482219411252427,23.08125,23.633315981278116,2.4822194112524265,3.0812500000000007,3.633315981278116
1841.F05416,21,1841,1841:NAU154,female,head,20260906,4,22.4658076549923,23.49375,24.597080427759867,1.4658076549923003,2.4937499999999986,3.5970804277598667
1841.F05094,23,1841,1841:NCS203,female,head,20260906,4,22.4658076549923,24.1875,23.07611649042225,0.5341923450076997,1.1875,0.0761164904222511
1841.F05357,20,1841,1841:NCS210,female,head,20260907,0,22.30432291005156,25.037933163701933,23.083824324433103,2.3043229100515603,5.037933163701933,3.0838243244331025
10317.000049806,66,10317,10317:4863e557347469643abb13187a4c07e6d82a136b7e8ada704bcc1c6ea30fc2961e36855c2dfe883650d88cef48ae1161802be7c3b874b5f003569b1f51adc309,female,head,20260907,0,47.893127921419435,46.63066744762986,48.18796818969783,18.106872078580565,19.36933255237014,17.812031810302173
1841.F05659,20,1841,1841:CUB010,female,head,20260907,0,22.30432291005156,23.470990578738505,22.33533095964456,2.3043229100515603,3.4709905787385047,2.3353309596445584
1841.F05651,21,1841,1841:CUB029,male,head,20260907,0,25.05889840239144,24.749430045036668,23.319742891173835,4.0588984023914385,3.749430045036668,2.319742891173835
1841.F05650,20,1841,1841:CUB051,male,head,20260907,0,25.05889840239144,27.10719390515045,21.617302872093596,5.0588984023914385,7.107193905150449,1.617302872093596
1841.P16499,23,1841,1841:NCS244,female,hand,20260907,0,22.397428333501587,25.33745877383282,25.051834270614968,0.6025716664984131,2.3374587738328216,2.051834270614968
1841.P15327,20,1841,1841:NCS210,female,hand,20260907,0,22.397428333501587,24.79299212072651,27.499985937803256,2.397428333501587,4.79299212072651,7.499985937803256
10317.000020453,42,10317,10317:717a010ecae247e17c0d75cdc08151d79ef870155f338e469f89c0489311881fcd9a409c1f2f17cbfdb5c5e655cd7b7ba153016ff78cd3d0326a1da4bbbbe1b4,male,head,20260907,0,42.51678304385714,46.52991581985837,44.59295676866606,0.5167830438571386,4.529915819858367,2.5929567686660633
1841.P16345,25,1841,1841:NAU157,male,hand,20260907,0,25.18435120059359,27.117920811316942,25.082342691523095,0.18435120059358923,2.1179208113169423,0.08234269152309537
1841.F05825,20,1841,1841:NAU115,male,head,20260907,0,25.05889840239144,24.00810160223763,20.727153355707628,5.0588984023914385,4.00810160223763,0.7271533557076282
10317.000005565,53,10317,10317:2bbbda8f68f57e1c57d3e97ada9c16a61165e5a3a31f556df77429e4efca7c8de4a4dd989152a974f15603348945abd6a2335caec0d3d6fe9e7136e3865909bc,male,hand,20260907,0,43.03455138178261,44.94668823932034,49.66281666741217,9.965448618217387,8.053311760679662,3.337183332587827
10317.000005564,53,10317,10317:2bbbda8f68f57e1c57d3e97ada9c16a61165e5a3a31f556df77429e4efca7c8de4a4dd989152a974f15603348945abd6a2335caec0d3d6fe9e7136e3865909bc,male,head,20260907,0,42.51678304385714,43.5840548585728,43.20022165171616,10.483216956142861,9.415945141427201,9.799778348283837
10317.000005566,53,10317,10317:2bbbda8f68f57e1c57d3e97ada9c16a61165e5a3a31f556df77429e4efca7c8de4a4dd989152a974f15603348945abd6a2335caec0d3d6fe9e7136e3865909bc,male,hand,20260907,0,43.03455138178261,43.36358245821434,45.01402732783249,9.965448618217387,9.636417541785661,7.985972672167513
10317.000006913,50,10317,10317:9efe5bb96e044b67cb80fc4069443555b8751175a7004a0a040349274f4aeacaa0bdcc77fe15bf3b071a944c2c9d4c02decf67f559f2a2d31615e4e98ed3e904,unknown,head,20260907,0,40.70058040728239,45.40756319536027,44.69863926103728,9.299419592717612,4.592436804639732,5.301360738962721
1841.P16555,20,1841,1841:CUB010,female,hand,20260907,0,22.397428333501587,23.760000184660115,23.779012943636964,2.397428333501587,3.7600001846601145,3.779012943636964
1841.P16550,20,1841,1841:CUB010,female,hand,20260907,0,22.397428333501587,22.438431772815964,23.195608705420995,2.397428333501587,2.4384317728159637,3.1956087054209945
2010.2046,34,2010,2010:25,female,head,20260907,0,27.27915981320906,35.89010193538803,28.817448199082644,6.720840186790941,1.8901019353880315,5.182551800917356
1841.F06026,20,1841,1841:NCS210,female,head,20260907,0,22.30432291005156,25.962786756748148,25.33222737302102,2.3043229100515603,5.962786756748148,5.33222737302102
1841.F05590,28,1841,1841:NAU103,female,head,20260907,0,22.30432291005156,28.705718538521484,20.403134818974586,5.69567708994844,0.7057185385214844,7.596865181025414
10317.000068979,34,10317,10317:39f71cf33f09de164d937b070afbdb0ae6316326fe838edc8aeebb9c941d1edd0c4b841e5e1b5c435cf9310595d4cb9a17a4d2777234628da9e9e7e1cc78e36f,male,head,20260907,0,42.51678304385714,36.504117535921225,37.260137030671345,8.516783043857139,2.5041175359212247,3.260137030671345
10317.000005637,32,10317,10317:8e6d5660e04b428afe96bc9b82f94ffbde8b593ec7e7a39e6d802ccde219bc29f29c18ff10e18b4c6a067ce34878d5cc2b0addc2b1e539d565c014f00b4d3452,unknown,hand,20260907,0,46.3608073096528,40.47444532062483,44.847579887296234,14.360807309652799,8.474445320624831,12.847579887296234
10317.000005636,32,10317,10317:8e6d5660e04b428afe96bc9b82f94ffbde8b593ec7e7a39e6d802ccde219bc29f29c18ff10e18b4c6a067ce34878d5cc2b0addc2b1e539d565c014f00b4d3452,unknown,hand,20260907,0,46.3608073096528,39.40680686527165,43.17846711539599,14.360807309652799,7.406806865271648,11.17846711539599
10317.000005634,32,10317,10317:8e6d5660e04b428afe96bc9b82f94ffbde8b593ec7e7a39e6d802ccde219bc29f29c18ff10e18b4c6a067ce34878d5cc2b0addc2b1e539d565c014f00b4d3452,unknown,head,20260907,0,40.70058040728239,37.82128479767957,42.08955547778067,8.700580407282388,5.821284797679567,10.08955547778067
1841.P16544,20,1841,1841:CUB051,male,hand,20260907,0,25.18435120059359,28.843111315767565,24.20207654243451,5.184351200593589,8.843111315767565,4.2020765424345115
10317.000003410,49,10317,10317:d1910a1a76a8f78681bcb07a5bd97d35113c3770a82cd58a4cc41bbd0f24a54931c4699e445992cd3590ec9d1ae2db92ad3f118ade23b3ab902226bfb6b6915f,male,head,20260907,0,42.51678304385714,45.13091568055569,45.38437192370736,6.483216956142861,3.869084319444312,3.615628076292637
1841.P16543,21,1841,1841:CUB020,female,hand,20260907,0,22.397428333501587,30.09842802595482,26.45861330422925,1.397428333501587,9.09842802595482,5.4586133042292495
1841.P16542,20,1841,1841:CUB008,male,hand,20260907,0,25.18435120059359,23.255549242424237,22.182730613396977,5.184351200593589,3.2555492424242374,2.182730613396977
1841.F06552,21,1841,1841:CUB044,male,head,20260907,0,25.05889840239144,22.601995539183036,19.917401155451255,4.0588984023914385,1.6019955391830365,1.0825988445487447
1841.F06555,20,1841,1841:CUB051,male,head,20260907,0,25.05889840239144,25.41094322344323,22.898143363636425,5.0588984023914385,5.41094322344323,2.898143363636425
1841.F06559,21,1841,1841:CUB044,male,head,20260907,0,25.05889840239144,29.61502668470649,19.5567659225085,4.0588984023914385,8.61502668470649,1.4432340774914998
1841.F06232,25,1841,1841:NAU157,male,head,20260907,0,25.05889840239144,23.38799431527254,18.887734042097676,0.05889840239143851,1.6120056847274604,6.1122659579023235
1841.F06233,26,1841,1841:NAU146,female,head,20260907,0,22.30432291005156,26.037171041113815,24.475818433421168,3.6956770899484397,0.037171041113815306,1.5241815665788323
2010.2215,23,2010,2010:31,female,head,20260907,0,27.27915981320906,36.25990270115884,25.708165472498703,4.279159813209059,13.259902701158843,2.7081654724987025
1841.F06498,20,1841,1841:CUB010,female,head,20260907,0,22.30432291005156,23.99131308999416,23.363562454380244,2.3043229100515603,3.9913130899941613,3.3635624543802436
1841.F06499,20,1841,1841:CUB008,male,head,20260907,0,25.05889840239144,22.938023521187713,20.705943093365377,5.0588984023914385,2.938023521187713,0.7059430933653772
1841.F05145,20,1841,1841:NAU115,male,head,20260907,0,25.05889840239144,23.377872353341104,20.187634347373987,5.0588984023914385,3.377872353341104,0.18763434737398654
10317.000005219,40,10317,10317:1d0709acc0c4aa263f168023a3a96ba1e15b95b6c4da81b87f5ddab0fd7d047df0459ece7e25369bc5583a334c204f19a8ed16ff150ddaef72703a971dafa3b9,male,hand,20260907,0,43.03455138178261,39.66960817058346,42.5218864157484,3.034551381782613,0.3303918294165413,2.521886415748398
10317.000049828,37,10317,10317:810a1cfb40a1b8da310e777113e7a6fa79ef435b2348c768e4213fd5c5dc7e3b2dfebad107eeb75d35a31c7a30a00b8e06c8bf1e32f03c95301328ac8be56fbf,male,head,20260907,0,42.51678304385714,44.65025344315853,45.134822625644766,5.516783043857139,7.650253443158533,8.134822625644766
1841.P15325,20,1841,1841:NCS210,female,hand,20260907,0,22.397428333501587,25.52378577946012,26.119762306369164,2.397428333501587,5.52378577946012,6.119762306369164
1841.F05050,20,1841,1841:NCS210,female,head,20260907,0,22.30432291005156,24.359867474233276,22.86478569020677,2.3043229100515603,4.359867474233276,2.8647856902067694
1841.F05507,25,1841,1841:NAU157,male,head,20260907,0,25.05889840239144,25.69185851485769,21.61299318247083,0.05889840239143851,0.6918585148576888,3.387006817529169
1841.F05505,20,1841,1841:NAU115,male,head,20260907,0,25.05889840239144,22.917657516095023,19.788592356331545,5.0588984023914385,2.917657516095023,0.21140764366845488
10317.000015976,66,10317,10317:414c5f35ed69875718a4e654e86d9ae09236801e1b9600a2d4851f548bd46eec37144f9d5a5816365a76c4dcc4550e15afddf35bb18d7f072fece2fae39cd58b,male,head,20260907,0,42.51678304385714,47.6022184500943,48.359549679885305,23.48321695614286,18.3977815499057,17.640450320114695
1841.F06575,21,1841,1841:CUB044,male,head,20260907,0,25.05889840239144,24.80840925269477,21.66718701466007,4.0588984023914385,3.8084092526947693,0.6671870146600689
1841.F05086,23,1841,1841:NCS244,female,head,20260907,0,22.30432291005156,22.80125512508325,22.391227949553056,0.6956770899484397,0.19874487491674842,0.6087720504469445
1841.P15528,20,1841,1841:NAU141,female,hand,20260907,0,22.397428333501587,25.947807612973072,28.497103824043094,2.397428333501587,5.947807612973072,8.497103824043094
1841.F05554,21,1841,1841:NAU140,female,head,20260907,0,22.30432291005156,25.042967747632265,23.147655120615266,1.3043229100515603,4.0429677476322645,2.1476551206152656
1841.F05881,25,1841,1841:NAU157,male,head,20260907,0,25.05889840239144,23.664315508139524,19.86576755427672,0.05889840239143851,1.3356844918604764,5.134232445723281
10317.000003105,30,10317,10317:5917a22ca19367d0c27accc713d8781a073c9c1934d011ac6932648afb15315a7093a032134132de091a4406951dc0cf1616e1458c99936fe5356f19385255c0,male,head,20260907,0,42.51678304385714,42.24167492358215,42.89111838421929,12.516783043857139,12.241674923582153,12.89111838421929
10317.000068781,27,10317,10317:81381621a969782bdf9c1f120f5b0aff5f61963b498785f38baad9308e26b0be6260f7823e90d20fd377699c2619a523364a2456157fdbfffc70dd29d0b09941,male,hand,20260907,0,43.03455138178261,38.35059446286642,39.638340859872926,16.034551381782613,11.350594462866418,12.638340859872926
1841.F06212,20,1841,1841:NAU115,male,head,20260907,0,25.05889840239144,24.625630128046073,21.02724009564656,5.0588984023914385,4.6256301280460725,1.0272400956465617
10317.000068986,34,10317,10317:39f71cf33f09de164d937b070afbdb0ae6316326fe838edc8aeebb9c941d1edd0c4b841e5e1b5c435cf9310595d4cb9a17a4d2777234628da9e9e7e1cc78e36f,male,hand,20260907,0,43.03455138178261,37.46409873888426,34.42980866095924,9.034551381782613,3.4640987388842603,0.42980866095923886
10317.000002497,37,10317,10317:247ebb14f6dfcf8839f209aeb66c1f16f579162fc35aab08f18db6328b9ebbe7785cbc9394ed8d5c92ea65a93f9129469fbd86e96009e7e4f2ac54540bbf9d4f,male,head,20260907,0,42.51678304385714,41.31375075762767,42.60038746678599,5.516783043857139,4.313750757627673,5.600387466785989
2010.2027,34,2010,2010:25,female,head,20260907,0,27.27915981320906,33.83293524630413,27.36406881532236,6.720840186790941,0.16706475369586826,6.635931184677641
1841.P16579,21,1841,1841:CUB044,male,hand,20260907,0,25.18435120059359,23.987831630175393,23.231930705521066,4.184351200593589,2.9878316301753927,2.2319307055210658
10317.000063327,36,10317,10317:5cac11f98d016720bf90c511d008405a6bd9d9a9f5d68939414a0cad29cedd0b2aba4673b7615fc76fb17b76523634ebb166e93c77804249ebc70ba37d6de287,female,hand,20260907,0,49.64699133136904,34.31698322026496,37.390673785898315,13.646991331369037,1.6830167797350413,1.390673785898315
10317.000063320,36,10317,10317:5cac11f98d016720bf90c511d008405a6bd9d9a9f5d68939414a0cad29cedd0b2aba4673b7615fc76fb17b76523634ebb166e93c77804249ebc70ba37d6de287,female,head,20260907,0,47.893127921419435,35.06750871329699,38.67696759375027,11.893127921419435,0.9324912867030122,2.6769675937502697
1841.P15504,20,1841,1841:CUB010,female,hand,20260907,0,22.397428333501587,24.2895557399096,24.815431814835375,2.397428333501587,4.2895557399095985,4.8154318148353745
1841.P15506,20,1841,1841:NAU115,male,hand,20260907,0,25.18435120059359,24.569934284465536,22.43200390187545,5.184351200593589,4.5699342844655355,2.4320039018754507
1841.F05536,28,1841,1841:NAU103,female,head,20260907,0,22.30432291005156,24.85671149256989,22.801883504073203,5.69567708994844,3.1432885074301105,5.198116495926797
1841.F05531,20,1841,1841:NAU141,female,head,20260907,0,22.30432291005156,24.39902266804722,23.321001645258995,2.3043229100515603,4.39902266804722,3.3210016452589954
1841.F05656,21,1841,1841:CUB044,male,head,20260907,0,25.05889840239144,29.14202501625804,19.92886469063101,4.0588984023914385,8.142025016258039,1.0711353093689908
1841.P16085,20,1841,1841:NAU115,male,hand,20260907,0,25.18435120059359,22.72124282059316,22.21714274903136,5.184351200593589,2.7212428205931616,2.2171427490313604
1841.P16000,21,1841,1841:CUB029,male,hand,20260907,0,25.18435120059359,23.755468849981717,21.831818799237013,4.184351200593589,2.7554688499817175,0.8318187992370127
1841.P16475,23,1841,1841:NCS244,female,hand,20260907,0,22.397428333501587,22.009989628427135,23.75718218262423,0.6025716664984131,0.9900103715728648,0.7571821826242306
1841.F06543,20,1841,1841:CUB010,female,head,20260907,0,22.30432291005156,22.67041963245088,23.097036971492297,2.3043229100515603,2.67041963245088,3.0970369714922974
1841.F06533,20,1841,1841:CUB008,male,head,20260907,0,25.05889840239144,23.527413385225888,20.921324222070336,5.0588984023914385,3.5274133852258878,0.9213242220703357
10317.000008202,47,10317,10317:7cc5c069db6eab6ca70adb3c38c792d60541ae6bc238d37452ba179cd855f4eef887ff1ee7a82c8e3ed38d80f5ec6216acf1971f02f4a9426720ed8515710296,male,head,20260907,0,42.51678304385714,46.18008473727811,44.373972917907054,4.483216956142861,0.8199152627218922,2.6260270820929463
10317.000009107,36,10317,10317:537aafb62a3a3b2aaa192863f0b56d8fa9e292bcf83e78ffff10ffa372470a7d9db35cb40b3e2ab58fbc446c04a2e5b7b934e0feab0f0dce92c02f9e59476330,male,head,20260907,0,42.51678304385714,39.667346546701665,40.45821405620315,6.516783043857139,3.6673465467016655,4.458214056203147
1841.P15957,20,1841,1841:CUB010,female,hand,20260907,0,22.397428333501587,22.89450984779109,24.26675690017587,2.397428333501587,2.8945098477910918,4.266756900175871
1841.P15954,20,1841,1841:CUB008,male,hand,20260907,0,25.18435120059359,25.00166713239783,24.295888555658333,5.184351200593589,5.001667132397831,4.295888555658333
1841.P15959,21,1841,1841:CUB029,male,hand,20260907,0,25.18435120059359,24.744809020475135,25.869914616282497,4.184351200593589,3.7448090204751345,4.869914616282497
1841.F06093,23,1841,1841:NCS244,female,head,20260907,0,22.30432291005156,23.435925064975216,22.85576379133728,0.6956770899484397,0.43592506497521555,0.14423620866271847
1841.P16321,25,1841,1841:NAU157,male,hand,20260907,0,25.18435120059359,23.249261329405243,20.578045717303024,0.18435120059358923,1.7507386705947567,4.421954282696976
1841.P15682,20,1841,1841:CUB051,male,hand,20260907,0,25.18435120059359,30.37787380205579,23.394060185758153,5.184351200593589,10.377873802055792,3.3940601857581534
1841.P15090,20,1841,1841:CUB008,male,hand,20260907,0,25.18435120059359,23.79209500568876,22.848815187851365,5.184351200593589,3.7920950056887612,2.848815187851365
1841.P15540,28,1841,1841:NAU103,female,hand,20260907,0,22.397428333501587,26.33703631438007,25.37213866828134,5.602571666498413,1.6629636856199284,2.627861331718659
10317.000029487,62,10317,10317:1c1b943df02cc46512abc94ff23e6a911e98427d63e06b7083bbfc52367f051a310a8bc2a0c971a6302a5550414d984988f69258ecf789af12a5f5e19514d5cf,male,head,20260907,0,42.51678304385714,41.91124328456378,44.03160090488776,19.48321695614286,20.08875671543622,17.96839909511224
10317.000015222,53,10317,10317:ee6b0199d11ab9c50774b9e56abce9e5b0601741d7922866f57f5c638ca8cf822c2cfa394a8707365a589b0a6368c20df23f66a6c845f66e662b0742e5937eb4,male,hand,20260907,0,43.03455138178261,44.311329476197855,46.55573262486994,9.965448618217387,8.688670523802145,6.44426737513006
10317.000015221,53,10317,10317:ee6b0199d11ab9c50774b9e56abce9e5b0601741d7922866f57f5c638ca8cf822c2cfa394a8707365a589b0a6368c20df23f66a6c845f66e662b0742e5937eb4,male,head,20260907,0,42.51678304385714,46.273533216863385,46.850538624476535,10.483216956142861,6.726466783136615,6.149461375523465
1841.P15934,21,1841,1841:CUB029,male,hand,20260907,0,25.18435120059359,23.87176153299315,22.05194184972168,4.184351200593589,2.871761532993151,1.051941849721679
1841.F05639,20,1841,1841:CUB008,male,head,20260907,0,25.05889840239144,23.68002434146735,20.336944754557994,5.0588984023914385,3.6800243414673517,0.3369447545579938
10317.000006732,55,10317,10317:ed020761c7ba4f7a64f3ebf12adc7f8dad56d9bd7b209c08e63fb95be9af9360fa3cebe2bcedac211a2b46ffd9478544970ca36098a278521a67c91e153cdc45,female,head,20260907,0,47.893127921419435,37.67693199856168,43.03167696347772,7.106872078580565,17.323068001438322,11.968323036522278
1841.F05232,25,1841,1841:NAU157,male,head,20260907,0,25.05889840239144,28.671754563546035,20.030222279214,0.05889840239143851,3.6717545635460347,4.9697777207859986
1841.P16306,20,1841,1841:NAU115,male,hand,20260907,0,25.18435120059359,23.53185928042546,22.07134697592739,5.184351200593589,3.5318592804254614,2.0713469759273906
1841.F05101,28,1841,1841:NAU103,female,head,20260907,0,22.30432291005156,28.226882629213694,23.576781175533807,5.69567708994844,0.2268826292136943,4.423218824466193
1841.F05008,20,1841,1841:NCS210,female,head,20260907,0,22.30432291005156,23.23790464743589,22.13366770294894,2.3043229100515603,3.23790464743589,2.133667702948941
1841.F05009,20,1841,1841:NCS210,female,head,20260907,0,22.30432291005156,28.64681154425639,24.6493914647758,2.3043229100515603,8.64681154425639,4.6493914647758
1841.P16173,25,1841,1841:NAU157,male,hand,20260907,0,25.18435120059359,32.07347211871909,30.733578097344303,0.18435120059358923,7.0734721187190885,5.733578097344303
1841.P16177,28,1841,1841:NAU103,female,hand,20260907,0,22.397428333501587,29.988931316113018,23.520352080699112,5.602571666498413,1.9889313161130175,4.479647919300888
1841.F05430,20,1841,1841:NAU115,male,head,20260907,0,25.05889840239144,23.649322187208213,21.359654094188222,5.0588984023914385,3.649322187208213,1.3596540941882225
10317.000063243,31,10317,10317:9a6b1d64174bf2de76973d430737df42a6c1d222167a33cad37332ade7aaba03e2f1fd87dd65c5bda2ab171d6373490fa6395929f8ff33c6d5acdec0d7035388,male,hand,20260907,0,43.03455138178261,36.79776382842761,41.018764970640056,12.034551381782613,5.7977638284276125,10.018764970640056
1841.P15912,20,1841,1841:CUB051,male,hand,20260907,0,25.18435120059359,28.307794862134756,23.12861582224532,5.184351200593589,8.307794862134756,3.128615822245319
2010.2318,23,2010,2010:31,female,head,20260907,0,27.27915981320906,27.177655635914626,25.835728339400585,4.279159813209059,4.1776556359146255,2.8357283394005854
1841.P15953,20,1841,1841:CUB008,male,hand,20260907,0,25.18435120059359,23.452507009620497,22.73712696142979,5.184351200593589,3.452507009620497,2.737126961429791
10317.000009079,24,10317,10317:78d12b80b1c72aca05eb432fc60c9d17e9d26e9976af5f011f95b27013837975271da44deb87ae11ab5d17f776090675276d08a78b15a8ad0920edeb6e7b75b0,male,head,20260907,0,42.51678304385714,40.90455224410128,41.2444666955916,18.51678304385714,16.904552244101282,17.244466695591598
1841.P15775,20,1841,1841:NAU115,male,hand,20260907,0,25.18435120059359,23.87978017295205,23.658114656958567,5.184351200593589,3.8797801729520494,3.658114656958567
1841.F05211,28,1841,1841:NAU103,female,head,20260907,0,22.30432291005156,26.584323317452668,22.5823937728687,5.69567708994844,1.415676682547332,5.4176062271313015
1841.P16362,20,1841,1841:NAU115,male,hand,20260907,0,25.18435120059359,23.140608488733488,21.795132669221296,5.184351200593589,3.1406084887334877,1.7951326692212959
1841.P16589,21,1841,1841:CUB044,male,hand,20260907,0,25.18435120059359,23.363536966505727,22.673328429023258,4.184351200593589,2.363536966505727,1.6733284290232575
1841.F06354,20,1841,1841:CUB051,male,head,20260907,0,25.05889840239144,26.265564495757513,21.194385665567392,5.0588984023914385,6.265564495757513,1.194385665567392
1841.F06598,20,1841,1841:CUB010,female,head,20260907,0,22.30432291005156,23.50883906024531,23.773322266232036,2.3043229100515603,3.508839060245311,3.773322266232036
1841.P15058,20,1841,1841:CUB051,male,hand,20260907,0,25.18435120059359,26.5801480724137,21.73321001773204,5.184351200593589,6.580148072413699,1.7332100177320413
1841.P15053,20,1841,1841:CUB008,male,hand,20260907,0,25.18435120059359,23.08637001680273,21.29474572402316,5.184351200593589,3.0863700168027286,1.2947457240231586
10317.000051534,32,10317,10317:e6e5e53d1a49b2c6511917e62c6123eb734a4571e659825bd125323520a41405bcfee1e3c00e87a30d6cc80dd238a6b93e170970d11ec86eafa0326cdd2dcc04,male,head,20260907,0,42.51678304385714,45.28718617646119,47.748603479365606,10.516783043857139,13.28718617646119,15.748603479365606
1841.F06331,21,1841,1841:CUB029,male,head,20260907,0,25.05889840239144,23.50943024126824,21.73877641070218,4.0588984023914385,2.509430241268241,0.7387764107021795
1841.F06339,20,1841,1841:CUB010,female,head,20260907,0,22.30432291005156,23.051807335842263,22.783758212629728,2.3043229100515603,3.0518073358422626,2.783758212629728
1841.P15589,28,1841,1841:NAU103,female,hand,20260907,0,22.397428333501587,25.54437757401912,23.34557293707988,5.602571666498413,2.4556224259808808,4.654427062920121
1841.P15556,21,1841,1841:CUB044,male,hand,20260907,0,25.18435120059359,30.54523388552942,24.41436800480565,4.184351200593589,9.54523388552942,3.414368004805649
1841.F06102,20,1841,1841:CUB008,male,head,20260907,0,25.05889840239144,23.99192522489765,20.610526425578172,5.0588984023914385,3.991925224897649,0.6105264255781719
1841.F06106,21,1841,1841:CUB044,male,head,20260907,0,25.05889840239144,24.16901069977817,20.441401781173788,4.0588984023914385,3.1690106997781697,0.5585982188262122
1841.P15072,20,1841,1841:CUB008,male,hand,20260907,0,25.18435120059359,23.93128024669796,23.54660977187254,5.184351200593589,3.931280246697959,3.5466097718725393
1841.F06312,20,1841,1841:CUB051,male,head,20260907,0,25.05889840239144,27.067690233071666,22.226203688621172,5.0588984023914385,7.067690233071666,2.2262036886211725
1841.P15250,20,1841,1841:CUB010,female,hand,20260907,0,22.397428333501587,25.38009349676185,24.394999062457945,2.397428333501587,5.380093496761852,4.394999062457945
1841.P15251,21,1841,1841:CUB044,male,hand,20260907,0,25.18435120059359,31.27075663058031,24.15788627983604,4.184351200593589,10.270756630580308,3.1578862798360383
1841.P15253,21,1841,1841:CUB029,male,hand,20260907,0,25.18435120059359,23.99134482289166,22.81259806196557,4.184351200593589,2.9913448228916586,1.81259806196557
1841.F05041,23,1841,1841:NCS244,female,head,20260907,0,22.30432291005156,22.363140331890325,22.226680012214967,0.6956770899484397,0.6368596681096754,0.7733199877850332
1841.F05046,20,1841,1841:NCS210,female,head,20260907,0,22.30432291005156,24.941307773109237,22.235787410188188,2.3043229100515603,4.941307773109237,2.2357874101881876
1841.F06377,21,1841,1841:CUB044,male,head,20260907,0,25.05889840239144,24.570294549200806,18.63528590730385,4.0588984023914385,3.5702945492008062,2.3647140926961505
10317.000049733,36,10317,10317:79bbc1c5c663e0434d917d65535beeb68d902da75556dbb9bc561129718387ed15c630d65f4716cbeb02ed871a1e5044d2cd04da381361681f4a0793ca85598d,male,hand,20260907,0,43.03455138178261,40.86455248657123,45.676345571717505,7.034551381782613,4.8645524865712275,9.676345571717505
10317.000049732,36,10317,10317:79bbc1c5c663e0434d917d65535beeb68d902da75556dbb9bc561129718387ed15c630d65f4716cbeb02ed871a1e5044d2cd04da381361681f4a0793ca85598d,male,hand,20260907,0,43.03455138178261,44.19207534241204,48.26952867666685,7.034551381782613,8.19207534241204,12.269528676666852
1841.F06372,20,1841,1841:CUB010,female,head,20260907,0,22.30432291005156,28.17032054734696,22.112958393197196,2.3043229100515603,8.170320547346961,2.1129583931971965
1841.P15604,21,1841,1841:CUB044,male,hand,20260907,0,25.18435120059359,23.90898535296295,23.491354761273037,4.184351200593589,2.908985352962951,2.491354761273037
1841.P15237,20,1841,1841:CUB008,male,hand,20260907,0,25.18435120059359,26.68481107434233,22.926006871353948,5.184351200593589,6.684811074342331,2.926006871353948
1841.P15942,21,1841,1841:CUB029,male,hand,20260907,0,25.18435120059359,22.575642329023488,21.139209488713817,4.184351200593589,1.5756423290234878,0.1392094887138171
10317.000048954,40,10317,10317:1044942a7b8a90539218b4698c4b9c3fcdfa273fbbaae3fd79cc45fa05997f6e566261c304f4eb18014b4d7f09e95259f47b9afe6b589a6d2fabfacc7e2a09b7,male,head,20260907,0,42.51678304385714,38.11570956546037,41.46407133648835,2.5167830438571386,1.8842904345396292,1.4640713364883524
10317.000048956,40,10317,10317:1044942a7b8a90539218b4698c4b9c3fcdfa273fbbaae3fd79cc45fa05997f6e566261c304f4eb18014b4d7f09e95259f47b9afe6b589a6d2fabfacc7e2a09b7,male,hand,20260907,0,43.03455138178261,39.51583571393432,43.01527606639311,3.034551381782613,0.48416428606567763,3.0152760663931133
10317.000048957,40,10317,10317:1044942a7b8a90539218b4698c4b9c3fcdfa273fbbaae3fd79cc45fa05997f6e566261c304f4eb18014b4d7f09e95259f47b9afe6b589a6d2fabfacc7e2a09b7,male,hand,20260907,0,43.03455138178261,42.153564465391675,43.125764055713006,3.034551381782613,2.153564465391675,3.125764055713006
1841.P16072,28,1841,1841:NAU103,female,hand,20260907,0,22.397428333501587,25.421239308936688,26.005572344328673,5.602571666498413,2.5787606910633123,1.994427655671327
1841.P16078,25,1841,1841:NAU157,male,hand,20260907,0,25.18435120059359,28.207299436674436,24.80398625253726,0.18435120059358923,3.207299436674436,0.19601374746273947
1841.P15031,21,1841,1841:CUB044,male,hand,20260907,0,25.18435120059359,24.474138951326452,23.561891863803737,4.184351200593589,3.4741389513264522,2.561891863803737
1841.P15032,20,1841,1841:CUB008,male,hand,20260907,0,25.18435120059359,24.425078509113423,22.445691839418163,5.184351200593589,4.425078509113423,2.4456918394181635
1841.F06421,21,1841,1841:CUB029,male,head,20260907,0,25.05889840239144,24.13322799188149,21.544073201517627,4.0588984023914385,3.1332279918814905,0.5440732015176266
1841.F06428,20,1841,1841:CUB008,male,head,20260907,0,25.05889840239144,23.59560593919969,20.499181517043596,5.0588984023914385,3.5956059391996895,0.4991815170435956
1841.F05191,26,1841,1841:NAU146,female,head,20260907,0,22.30432291005156,25.3690676289867,22.929684713165905,3.6956770899484397,0.6309323710133015,3.070315286834095
1841.F05447,25,1841,1841:NAU157,male,head,20260907,0,25.05889840239144,29.888878068883876,21.865469596456403,0.05889840239143851,4.888878068883876,3.1345304035435966
10317.000041369,42,10317,10317:c9f8653bd4ebdf70f189788ed1bc962f7b89716eac15b10fba77e815cba9483cbb0ce452ea8acd0cd27b17a9a599ec7023e375a67fa1551bb8a70af168495dd3,male,head,20260907,0,42.51678304385714,39.833352882048295,41.77057564795595,0.5167830438571386,2.1666471179517046,0.22942435204404887
1841.P15993,21,1841,1841:CUB044,male,hand,20260907,0,25.18435120059359,26.74289653055278,20.8113665973471,4.184351200593589,5.74289653055278,0.18863340265290063
1841.F05294,25,1841,1841:NAU157,male,head,20260907,0,25.05889840239144,27.307671692335067,21.277797317178237,0.05889840239143851,2.3076716923350666,3.722202682821763
1841.F05064,23,1841,1841:NCS244,female,head,20260907,0,22.30432291005156,23.86344317498269,23.493063779038728,0.6956770899484397,0.8634431749826916,0.493063779038728
1841.F05876,25,1841,1841:NAU157,male,head,20260907,0,25.05889840239144,24.628369083024246,19.9374785882264,0.05889840239143851,0.3716309169757537,5.062521411773599
1841.F05871,28,1841,1841:NAU103,female,head,20260907,0,22.30432291005156,26.463853204944723,23.90806219938321,5.69567708994844,1.5361467950552772,4.09193780061679
1841.P16503,20,1841,1841:NCS210,female,hand,20260907,0,22.397428333501587,23.980696438977695,25.36846062016918,2.397428333501587,3.980696438977695,5.368460620169181
1841.P16502,20,1841,1841:NCS210,female,hand,20260907,0,22.397428333501587,25.95931591925763,25.816244944734127,2.397428333501587,5.95931591925763,5.816244944734127
10317.000030149,27,10317,10317:1a5e088d33b2528cfe40203fda9bfcd0dc35268782b9d69c13311dd8036aba48919cd2bc59d125b4622ddb34b727a0f4ee6ab054d9cba2d3fd100fcbe69d7a21,female,head,20260907,0,47.893127921419435,39.86561908979789,46.27654444243231,20.893127921419435,12.865619089797889,19.27654444243231
1841.F06409,21,1841,1841:CUB029,male,head,20260907,0,25.05889840239144,22.502306721258396,20.831637612811388,4.0588984023914385,1.502306721258396,0.16836238718861196
1841.P16196,26,1841,1841:NAU146,female,hand,20260907,0,22.397428333501587,28.97622838966587,26.70875581708311,3.602571666498413,2.97622838966587,0.7087558170831088
1841.P16194,26,1841,1841:NAU146,female,hand,20260907,0,22.397428333501587,27.322045780340837,27.017434193445073,3.602571666498413,1.3220457803408365,1.017434193445073
1841.P16449,20,1841,1841:NCS210,female,hand,20260907,0,22.397428333501587,27.327789732224467,25.399556364175655,2.397428333501587,7.327789732224467,5.399556364175655
1841.P16447,20,1841,1841:NCS210,female,hand,20260907,0,22.397428333501587,26.385260995812462,25.103555626616338,2.397428333501587,6.385260995812462,5.1035556266163375
10317.000015223,53,10317,10317:ee6b0199d11ab9c50774b9e56abce9e5b0601741d7922866f57f5c638ca8cf822c2cfa394a8707365a589b0a6368c20df23f66a6c845f66e662b0742e5937eb4,male,hand,20260907,0,43.03455138178261,47.11613934301778,50.24059224310304,9.965448618217387,5.883860656982222,2.7594077568969624
1841.F05817,20,1841,1841:NAU115,male,head,20260907,0,25.05889840239144,23.385511231007563,20.414608652576824,5.0588984023914385,3.3855112310075626,0.414608652576824
1841.F06353,21,1841,1841:CUB029,male,head,20260907,0,25.05889840239144,23.50372537185038,21.65719453639284,4.0588984023914385,2.503725371850379,0.65719453639284
1841.F06352,20,1841,1841:CUB008,male,head,20260907,0,25.05889840239144,22.25674603174604,20.234787946511847,5.0588984023914385,2.25674603174604,0.23478794651184742
1841.F06356,20,1841,1841:CUB008,male,head,20260907,0,25.05889840239144,23.420119134337888,20.905935845148104,5.0588984023914385,3.420119134337888,0.9059358451481039
1841.F06394,21,1841,1841:CUB029,male,head,20260907,0,25.05889840239144,24.71580390386074,19.694194266115773,4.0588984023914385,3.7158039038607384,1.3058057338842275
1841.F06462,20,1841,1841:CUB051,male,head,20260907,0,25.05889840239144,25.386361543549036,23.095604126283625,5.0588984023914385,5.386361543549036,3.095604126283625
10317.000002610,56,10317,10317:dd3fbf0f2c96e9182d8538806757f0f2102c6124dfeb04c9fa449391b445968553d59114033b794df4532c7b77765fba1b12c00969628c268640fc23848b7978,female,head,20260907,0,47.893127921419435,44.0935927140642,46.94306470229997,8.106872078580565,11.9064072859358,9.05693529770003
1841.P15614,21,1841,1841:CUB044,male,hand,20260907,0,25.18435120059359,26.920734356104425,23.833919424158236,4.184351200593589,5.9207343561044254,2.8339194241582355
1841.F05957,18,1841,1841:NCS221,female,head,20260907,0,22.30432291005156,27.186125276662388,24.30612456681251,4.30432291005156,9.186125276662388,6.30612456681251
1841.F05660,20,1841,1841:CUB008,male,head,20260907,0,25.05889840239144,25.285849557735705,21.736494949102173,5.0588984023914385,5.285849557735705,1.7364949491021733
1841.F05830,26,1841,1841:NAU146,female,head,20260907,0,22.30432291005156,27.794388148293912,24.303607802846315,3.6956770899484397,1.794388148293912,1.6963921971536848
1841.F05836,28,1841,1841:NAU103,female,head,20260907,0,22.30432291005156,28.414616960347654,23.122447981460407,5.69567708994844,0.4146169603476544,4.877552018539593
1841.P16013,26,1841,1841:NAU146,female,hand,20260907,0,22.397428333501587,30.917283107517495,27.58149137478955,3.602571666498413,4.917283107517495,1.5814913747895503
10317.000028937,50,10317,10317:4cd17ea33fe6b5736aded648ee2e6f2a14b3d6cfdc57435287f768540fd8a367a68d60e2f6cfbacb0a70e046163d74ba126bb1261c5a2fcd5f87bfd14bb4c7ae,female,head,20260907,0,47.893127921419435,47.670682452824614,50.04198352114652,2.1068720785805652,2.3293175471753855,0.04198352114651982
10317.000015978,66,10317,10317:414c5f35ed69875718a4e654e86d9ae09236801e1b9600a2d4851f548bd46eec37144f9d5a5816365a76c4dcc4550e15afddf35bb18d7f072fece2fae39cd58b,male,hand,20260907,0,43.03455138178261,46.997511386302534,47.484691936988334,22.965448618217387,19.002488613697466,18.515308063011666
1841.F06445,21,1841,1841:CUB044,male,head,20260907,0,25.05889840239144,25.015984298982744,21.588105358273857,4.0588984023914385,4.015984298982744,0.5881053582738573
10317.000015303,33,10317,10317:d440c033fc5b44bb83e8b5a7794daa4c8e7b24424bcd393f8e6a21ecc3792e9ddfa02679b7eb856a026af5426b34eb4083a5d61d8a1e5ffe59abee1fc9264b37,male,head,20260907,0,42.51678304385714,36.337285749292754,38.672467359731726,9.516783043857139,3.3372857492927537,5.672467359731726
10317.000015302,33,10317,10317:d440c033fc5b44bb83e8b5a7794daa4c8e7b24424bcd393f8e6a21ecc3792e9ddfa02679b7eb856a026af5426b34eb4083a5d61d8a1e5ffe59abee1fc9264b37,male,hand,20260907,0,43.03455138178261,38.46691968559061,40.79549085804344,10.034551381782613,5.466919685590611,7.795490858043443
10317.000015301,33,10317,10317:d440c033fc5b44bb83e8b5a7794daa4c8e7b24424bcd393f8e6a21ecc3792e9ddfa02679b7eb856a026af5426b34eb4083a5d61d8a1e5ffe59abee1fc9264b37,male,hand,20260907,0,43.03455138178261,37.32480367104255,41.79217052381681,10.034551381782613,4.324803671042552,8.792170523816807
1841.P15105,18,1841,1841:NCS221,female,hand,20260907,0,22.397428333501587,25.98947745116404,25.67115798018962,4.397428333501587,7.9894774511640385,7.671157980189619
10317.000007034,43,10317,10317:24db95a0fff05317ac8b5599cf1761f34d17a8c471ebd2076362229133486e3aacd033d8185a95ec741839e8194f0f1ea58128c7c0ff69e8f994f15d4f5e3f1d,male,head,20260907,0,42.51678304385714,43.136116805230536,43.55159709355109,0.4832169561428614,0.13611680523053593,0.5515970935510879
10317.000005431,36,10317,10317:ca094c456996ab8a9ad0f33489c86fed9f280451a6cc84da275911ae7897e6bad66f0f5976a12854a9da9b8e65cc31dc6c689b846ae257ca5841dd6d1296e0ec,unknown,hand,20260907,0,46.3608073096528,44.562446784854515,43.451908618023715,10.360807309652799,8.562446784854515,7.451908618023715
10317.000005430,36,10317,10317:ca094c456996ab8a9ad0f33489c86fed9f280451a6cc84da275911ae7897e6bad66f0f5976a12854a9da9b8e65cc31dc6c689b846ae257ca5841dd6d1296e0ec,unknown,hand,20260907,0,46.3608073096528,42.432068512047564,45.442496557619435,10.360807309652799,6.4320685120475645,9.442496557619435
10317.000005432,36,10317,10317:ca094c456996ab8a9ad0f33489c86fed9f280451a6cc84da275911ae7897e6bad66f0f5976a12854a9da9b8e65cc31dc6c689b846ae257ca5841dd6d1296e0ec,unknown,head,20260907,0,40.70058040728239,42.423610621951084,41.9260939430248,4.700580407282388,6.4236106219510845,5.926093943024803
1841.F06557,20,1841,1841:CUB010,female,head,20260907,0,22.30432291005156,24.727242082876273,22.299096303834364,2.3043229100515603,4.727242082876273,2.2990963038343644
1841.F06004,20,1841,1841:NCS210,female,head,20260907,0,22.30432291005156,24.611983397525684,23.022081311631982,2.3043229100515603,4.611983397525684,3.0220813116319825
1841.F05361,24,1841,1841:NCS245,female,head,20260907,0,22.30432291005156,25.755192855390227,24.180943895146203,1.6956770899484397,1.7551928553902272,0.18094389514620346
1841.F06485,20,1841,1841:CUB008,male,head,20260907,0,25.05889840239144,22.84888167246224,21.10630293753561,5.0588984023914385,2.848881672462241,1.1063029375356095
1841.P16561,21,1841,1841:CUB044,male,hand,20260907,0,25.18435120059359,25.41489148310841,23.514722924166637,4.184351200593589,4.414891483108409,2.5147229241666373
10317.000002874,72,10317,10317:9b31e31bf0d472e6a54940cdb8e6b0d019f0fb7b65bd335d54bd01c9fab69bd4d1dc62daf2e3866ab5fbff6c481867676633b204ea04a415899d3087ff6041b9,male,hand,20260907,0,43.03455138178261,39.068220465487826,42.63871259401861,28.965448618217387,32.931779534512174,29.361287405981393
1841.F05117,26,1841,1841:NAU146,female,head,20260907,0,22.30432291005156,24.6660520920965,23.081984369164186,3.6956770899484397,1.3339479079035002,2.9180156308358143
10317.000049825,38,10317,10317:810a1cfb40a1b8da310e777113e7a6fa79ef435b2348c768e4213fd5c5dc7e3b2dfebad107eeb75d35a31c7a30a00b8e06c8bf1e32f03c95301328ac8be56fbf,male,hand,20260907,0,43.03455138178261,44.59221168193477,43.057572007921,5.034551381782613,6.592211681934771,5.057572007921003
1841.F05569,20,1841,1841:NAU115,male,head,20260907,0,25.05889840239144,23.090283718018085,19.27116356406384,5.0588984023914385,3.0902837180180853,0.7288364359361594
1841.F06437,21,1841,1841:CUB044,male,head,20260907,0,25.05889840239144,26.434110119894683,21.230048969333716,4.0588984023914385,5.434110119894683,0.23004896933371555
10317.000049807,66,10317,10317:4863e557347469643abb13187a4c07e6d82a136b7e8ada704bcc1c6ea30fc2961e36855c2dfe883650d88cef48ae1161802be7c3b874b5f003569b1f51adc309,female,hand,20260907,0,49.64699133136904,43.59991119633251,49.26792087479576,16.353008668630963,22.400088803667487,16.732079125204237
1841.P15377,23,1841,1841:NCS244,female,hand,20260907,0,22.397428333501587,24.58609663910651,25.534905508259193,0.6025716664984131,1.5860966391065112,2.534905508259193
1841.F05177,26,1841,1841:NAU146,female,head,20260907,0,22.30432291005156,26.848162640056024,26.374116048231432,3.6956770899484397,0.8481626400560245,0.3741160482314321
1841.F05170,25,1841,1841:NAU157,male,head,20260907,0,25.05889840239144,27.05089307895809,21.32696697941996,0.05889840239143851,2.05089307895809,3.673033020580039
1841.F06012,23,1841,1841:NCS244,female,head,20260907,0,22.30432291005156,24.627447864635364,23.41519370657535,0.6956770899484397,1.6274478646353643,0.4151937065753515
1841.F06545,20,1841,1841:CUB051,male,head,20260907,0,25.05889840239144,25.380137284080305,22.179196337530836,5.0588984023914385,5.3801372840803054,2.1791963375308363
10317.000005167,60,10317,10317:c05d316c7a234de92fd6181929f128efb782363ffe6c343358fc3ab402b473dbf8a8138a22044ea3b02099711ecfa77358776132a3ed110a1b2153eeb178378a,male,head,20260907,0,42.51678304385714,45.100881743640784,46.24714570018165,17.48321695614286,14.899118256359216,13.752854299818353
10317.000005166,60,10317,10317:c05d316c7a234de92fd6181929f128efb782363ffe6c343358fc3ab402b473dbf8a8138a22044ea3b02099711ecfa77358776132a3ed110a1b2153eeb178378a,male,hand,20260907,0,43.03455138178261,47.50554229960223,49.610405227871176,16.965448618217387,12.494457700397767,10.389594772128824
10317.000005165,60,10317,10317:c05d316c7a234de92fd6181929f128efb782363ffe6c343358fc3ab402b473dbf8a8138a22044ea3b02099711ecfa77358776132a3ed110a1b2153eeb178378a,male,hand,20260907,0,43.03455138178261,51.00931738886278,51.313004197857474,16.965448618217387,8.990682611137217,8.686995802142526
1841.F05542,21,1841,1841:CUB044,male,head,20260907,0,25.05889840239144,24.374189961171883,20.244373519717342,4.0588984023914385,3.374189961171883,0.7556264802826576
1841.P15537,20,1841,1841:NAU115,male,hand,20260907,0,25.18435120059359,23.417767204116153,21.058244522921864,5.184351200593589,3.417767204116153,1.0582445229218642
1841.F05896,26,1841,1841:NAU146,female,head,20260907,0,22.30432291005156,24.286263403279268,24.15642145151903,3.6956770899484397,1.7137365967207323,1.84357854848097
1841.F06208,25,1841,1841:NAU157,male,head,20260907,0,25.05889840239144,27.69495266885891,22.14170427634104,0.05889840239143851,2.6949526688589103,2.8582957236589586
1841.P16394,28,1841,1841:NAU103,female,hand,20260907,0,22.397428333501587,24.913536999261364,23.14461490774268,5.602571666498413,3.086463000738636,4.855385092257318
2010.2244,23,2010,2010:31,female,head,20260907,0,27.27915981320906,39.987810073748086,29.823499713231016,4.279159813209059,16.987810073748086,6.823499713231016
1841.P15513,25,1841,1841:NAU157,male,hand,20260907,0,25.18435120059359,31.074889042602432,23.44399283927804,0.18435120059358923,6.0748890426024325,1.5560071607219612
1841.F05523,20,1841,1841:NAU115,male,head,20260907,0,25.05889840239144,26.59516372516372,21.782151724511625,5.0588984023914385,6.595163725163719,1.7821517245116247
1841.P15727,25,1841,1841:NAU157,male,hand,20260907,0,25.18435120059359,29.092150314373537,22.32001548224872,0.18435120059358923,4.092150314373537,2.6799845177512793
2010.2380,23,2010,2010:31,female,head,20260907,0,27.27915981320906,28.626398066540805,26.176386853235353,4.279159813209059,5.626398066540805,3.1763868532353534
10317.000005221,40,10317,10317:1d0709acc0c4aa263f168023a3a96ba1e15b95b6c4da81b87f5ddab0fd7d047df0459ece7e25369bc5583a334c204f19a8ed16ff150ddaef72703a971dafa3b9,male,hand,20260907,0,43.03455138178261,41.15824704858241,41.85783906427123,3.034551381782613,1.1582470485824103,1.8578390642712321
10317.000005222,40,10317,10317:1d0709acc0c4aa263f168023a3a96ba1e15b95b6c4da81b87f5ddab0fd7d047df0459ece7e25369bc5583a334c204f19a8ed16ff150ddaef72703a971dafa3b9,male,head,20260907,0,42.51678304385714,42.556664944062014,42.403476800878295,2.5167830438571386,2.556664944062014,2.4034768008782947
1841.P16406,23,1841,1841:NCS244,female,hand,20260907,0,22.397428333501587,23.14114270227322,24.641595036368436,0.6025716664984131,0.14114270227322123,1.641595036368436
1841.F06505,20,1841,1841:CUB010,female,head,20260907,0,22.30432291005156,23.482303373709623,22.877943437509114,2.3043229100515603,3.482303373709623,2.8779434375091135
1841.P15570,20,1841,1841:NAU115,male,hand,20260907,0,25.18435120059359,25.2103946631767,23.163674274130535,5.184351200593589,5.2103946631767,3.1636742741305355
1841.P15963,20,1841,1841:CUB010,female,hand,20260907,0,22.397428333501587,24.80143294758783,24.408256546421978,2.397428333501587,4.801432947587831,4.408256546421978
1841.P15965,21,1841,1841:CUB029,male,hand,20260907,0,25.18435120059359,24.124071902099228,24.24464352640865,4.184351200593589,3.124071902099228,3.2446435264086517
1841.P15969,20,1841,1841:CUB051,male,hand,20260907,0,25.18435120059359,36.37176396091785,25.473868894651343,5.184351200593589,16.371763960917853,5.473868894651343
10317.000015064,71,10317,10317:6cd87aca8624e2efe119e5484586386f10cb61ed4a7920dd13cefe68783228eafa46cdc995f2272c25a121fc11cdb971265f86ad6cd99e0d151e6744a5db135c,female,head,20260907,0,47.893127921419435,46.045881865541006,49.02991704695018,23.106872078580565,24.954118134458994,21.97008295304982
10317.000015061,71,10317,10317:6cd87aca8624e2efe119e5484586386f10cb61ed4a7920dd13cefe68783228eafa46cdc995f2272c25a121fc11cdb971265f86ad6cd99e0d151e6744a5db135c,female,hand,20260907,0,49.64699133136904,45.274090758467715,49.333953957385035,21.353008668630963,25.725909241532285,21.666046042614965
10317.000015062,71,10317,10317:6cd87aca8624e2efe119e5484586386f10cb61ed4a7920dd13cefe68783228eafa46cdc995f2272c25a121fc11cdb971265f86ad6cd99e0d151e6744a5db135c,female,hand,20260907,0,49.64699133136904,48.31728589174951,50.46781946437445,21.353008668630963,22.682714108250487,20.53218053562555
1841.F05267,26,1841,1841:NAU146,female,head,20260907,0,22.30432291005156,24.819561152480546,22.39228708674145,3.6956770899484397,1.1804388475194543,3.607712913258549
1841.F05894,20,1841,1841:NAU115,male,head,20260907,0,25.05889840239144,22.770535523504268,19.244282539519887,5.0588984023914385,2.770535523504268,0.7557174604801133
1841.P16545,20,1841,1841:CUB051,male,hand,20260907,0,25.18435120059359,26.0422851199046,23.12738084653663,5.184351200593589,6.0422851199046015,3.1273808465366315
1841.P15080,20,1841,1841:CUB010,female,hand,20260907,0,22.397428333501587,22.894786922503116,23.74762893013956,2.397428333501587,2.8947869225031155,3.747628930139559
2010.2294,23,2010,2010:31,female,head,20260907,0,27.27915981320906,27.51780624510195,25.917817268505196,4.279159813209059,4.517806245101951,2.917817268505196
1841.P15413,20,1841,1841:NCS210,female,hand,20260907,0,22.397428333501587,25.191399526148935,25.34438239211897,2.397428333501587,5.191399526148935,5.34438239211897
1841.P15948,20,1841,1841:CUB008,male,hand,20260907,0,25.18435120059359,22.931130163239537,21.472145056399057,5.184351200593589,2.931130163239537,1.4721450563990572
1841.P15764,28,1841,1841:NAU103,female,hand,20260907,0,22.397428333501587,27.71105352853447,23.31084630457602,5.602571666498413,0.288946471465529,4.689153695423979
1841.F06263,25,1841,1841:NAU157,male,head,20260907,0,25.05889840239144,29.611231124532292,20.13631485799971,0.05889840239143851,4.611231124532292,4.863685142000289
1841.F05247,28,1841,1841:NAU103,female,head,20260907,0,22.30432291005156,29.790055499293015,23.62324888593629,5.69567708994844,1.7900554992930147,4.376751114063708
1841.P16332,25,1841,1841:NAU157,male,hand,20260907,0,25.18435120059359,27.822554098861666,25.05388708561844,0.18435120059358923,2.8225540988616658,0.05388708561844169
1841.F05469,28,1841,1841:NAU103,female,head,20260907,0,22.30432291005156,27.327126196870307,24.088262517521535,5.69567708994844,0.6728738031296935,3.9117374824784648
10317.000033105,37,10317,10317:d0877d5558ae6f23aaebeb97d4f2a1816b79dbb8359440bb51b3f59ad2316a7771768fe5cddd4ede663af3eb0a7e38d2b521a40f417c3ea7bd1a63ed195e9e9c,male,head,20260907,0,42.51678304385714,41.05161471143209,41.25530716827641,5.516783043857139,4.051614711432087,4.25530716827641
10317.000063483,25,10317,10317:a7eb0dd2ec940ca9c3d8c905ee11b3f312886d2373352bf10804121fdb76ae9277a91ce4ea0f346e0c8b67c66e30cabba094db785b990ac67b6fa4ea8b65aeda,female,hand,20260907,0,49.64699133136904,31.99151987562447,38.02540238895298,24.646991331369037,6.991519875624469,13.025402388952983
10317.000015217,46,10317,10317:dd55969d0664a6b5a0188fc460aa56c9db31fb38d59b1bc6cab8778141628932862c52634d68f1f637d42f51131e7fa48bfb164ddc9f18e878a3cf6cc8bb0a20,female,hand,20260907,0,49.64699133136904,46.222252940839155,50.58605040039422,3.646991331369037,0.22225294083915514,4.586050400394221
10317.000015216,46,10317,10317:dd55969d0664a6b5a0188fc460aa56c9db31fb38d59b1bc6cab8778141628932862c52634d68f1f637d42f51131e7fa48bfb164ddc9f18e878a3cf6cc8bb0a20,female,hand,20260907,0,49.64699133136904,46.02827774641534,49.900404400954294,3.646991331369037,0.0282777464153412,3.9004044009542937
10317.000015219,46,10317,10317:dd55969d0664a6b5a0188fc460aa56c9db31fb38d59b1bc6cab8778141628932862c52634d68f1f637d42f51131e7fa48bfb164ddc9f18e878a3cf6cc8bb0a20,female,head,20260907,0,47.893127921419435,47.579362609700325,47.92078932371245,1.8931279214194348,1.5793626097003255,1.920789323712448
1841.P16166,25,1841,1841:NAU157,male,hand,20260907,0,25.18435120059359,29.077550315074507,23.069299736439607,0.18435120059358923,4.077550315074507,1.930700263560393
10317.000068763,34,10317,10317:64e4e987fbbcb4c2194cdd7c106261ec20cfbf2772d835c97eb6311237552ac6be0e79cdb6ed23e686e25afe5db5d7ca46016b14f6939798b7664d7af99914c7,male,head,20260907,0,42.51678304385714,38.458262261259904,39.910468084998385,8.516783043857139,4.458262261259904,5.910468084998385
1841.P16318,26,1841,1841:NAU146,female,hand,20260907,0,22.397428333501587,28.14301425593777,26.28553694781265,3.602571666498413,2.1430142559377714,0.2855369478126484
1841.P16319,26,1841,1841:NAU146,female,hand,20260907,0,22.397428333501587,27.719273936494556,25.472273412502044,3.602571666498413,1.719273936494556,0.5277265874979555
1841.F06340,21,1841,1841:CUB029,male,head,20260907,0,25.05889840239144,22.89081494893995,20.545994243414857,4.0588984023914385,1.8908149489399513,0.4540057565851434
1841.P15043,21,1841,1841:CUB044,male,hand,20260907,0,25.18435120059359,24.63703740795025,22.459330645031304,4.184351200593589,3.637037407950249,1.4593306450313044
1841.P15269,21,1841,1841:CUB044,male,hand,20260907,0,25.18435120059359,29.65413199031732,23.98865347322596,4.184351200593589,8.654131990317321,2.988653473225959
10317.000068854,31,10317,10317:8d85619d1e25428067315418f5821569f94dd8cc697ce5e8952a81c8abc325ca2f69b743c1d3539e71093dc8dadc81905dc33874b12ef6d990d55c610bfb1eb3,male,hand,20260907,0,43.03455138178261,36.195642062099495,39.28439959122508,12.034551381782613,5.195642062099495,8.284399591225082
1841.P16092,26,1841,1841:NAU146,female,hand,20260907,0,22.397428333501587,26.46846135543914,24.657358280107488,3.602571666498413,0.468461355439139,1.3426417198925122
1841.P16106,25,1841,1841:NAU157,male,hand,20260907,0,25.18435120059359,36.60889016547251,33.234426102943786,0.18435120059358923,11.60889016547251,8.234426102943786
1841.P16100,26,1841,1841:NAU146,female,hand,20260907,0,22.397428333501587,23.235090899597484,24.137318895789953,3.602571666498413,2.764909100402516,1.862681104210047
1841.F06119,21,1841,1841:CUB044,male,head,20260907,0,25.05889840239144,23.83892924783549,21.49539183821115,4.0588984023914385,2.838929247835491,0.49539183821115174
10317.000063236,31,10317,10317:9a6b1d64174bf2de76973d430737df42a6c1d222167a33cad37332ade7aaba03e2f1fd87dd65c5bda2ab171d6373490fa6395929f8ff33c6d5acdec0d7035388,male,head,20260907,0,42.51678304385714,37.064434413740194,39.45742319568477,11.516783043857139,6.064434413740194,8.457423195684768
10317.000068847,30,10317,10317:8d85619d1e25428067315418f5821569f94dd8cc697ce5e8952a81c8abc325ca2f69b743c1d3539e71093dc8dadc81905dc33874b12ef6d990d55c610bfb1eb3,male,head,20260907,0,42.51678304385714,36.483847027596155,40.09642388768891,12.516783043857139,6.4838470275961555,10.096423887688907
1841.P15907,20,1841,1841:CUB008,male,hand,20260907,0,25.18435120059359,24.18416369272068,22.383571011504845,5.184351200593589,4.184163692720681,2.383571011504845
1841.P15674,20,1841,1841:CUB008,male,hand,20260907,0,25.18435120059359,24.51168111789097,21.170567997456857,5.184351200593589,4.511681117890969,1.1705679974568568
1841.F05206,26,1841,1841:NAU146,female,head,20260907,0,22.30432291005156,26.35047540133478,24.090461845895447,3.6956770899484397,0.35047540133477995,1.9095381541045526
1841.P16378,20,1841,1841:NAU115,male,hand,20260907,0,25.18435120059359,23.43825588610951,21.971659988005765,5.184351200593589,3.438255886109509,1.971659988005765
1841.P16595,20,1841,1841:CUB010,female,hand,20260907,0,22.397428333501587,24.32421933968808,22.838791461192464,2.397428333501587,4.3242193396880815,2.8387914611924643
1841.F06015,20,1841,1841:NCS210,female,head,20260907,0,22.30432291005156,23.9040994162088,22.60209838073646,2.3043229100515603,3.904099416208801,2.602098380736461
1841.F06582,21,1841,1841:CUB044,male,head,20260907,0,25.05889840239144,28.673736768531164,24.288103458430644,4.0588984023914385,7.673736768531164,3.288103458430644
1841.P15244,20,1841,1841:CUB051,male,hand,20260907,0,25.18435120059359,30.405226310658293,22.78851689951351,5.184351200593589,10.405226310658293,2.7885168995135103
1841.P15249,20,1841,1841:CUB008,male,hand,20260907,0,25.18435120059359,24.875581746906473,22.88020513252499,5.184351200593589,4.875581746906473,2.8802051325249884
2010.2114,34,2010,2010:25,female,head,20260907,0,27.27915981320906,40.76459679298752,26.76714057894244,6.720840186790941,6.764596792987518,7.232859421057562
1841.P16129,25,1841,1841:NAU157,male,hand,20260907,0,25.18435120059359,33.66340281745123,26.023330591638455,0.18435120059358923,8.663402817451228,1.0233305916384552
1841.F05675,21,1841,1841:CUB029,male,head,20260907,0,25.05889840239144,26.009638208843175,21.87313469398676,4.0588984023914385,5.009638208843175,0.8731346939867599
1841.P15008,21,1841,1841:CUB029,male,hand,20260907,0,25.18435120059359,23.826115843919148,22.650896279958328,4.184351200593589,2.8261158439191476,1.650896279958328
1841.F06305,20,1841,1841:CUB008,male,head,20260907,0,25.05889840239144,24.64571456308148,21.413802262893256,5.0588984023914385,4.64571456308148,1.413802262893256
10317.000031099,55,10317,10317:c652f7d5d732f3e629d4d90cf706462d9f50414ad33c8efbe370e13cba2467159fd00b1af99fda0aaa19aab27b068e2d581735424ec0b886d2867320bad0e931,male,head,20260907,0,42.51678304385714,43.698703529465305,44.7186575388698,12.483216956142861,11.301296470534695,10.281342461130201
10317.000068770,34,10317,10317:64e4e987fbbcb4c2194cdd7c106261ec20cfbf2772d835c97eb6311237552ac6be0e79cdb6ed23e686e25afe5db5d7ca46016b14f6939798b7664d7af99914c7,male,hand,20260907,0,43.03455138178261,37.89690916263253,37.60425965296384,9.034551381782613,3.8969091626325323,3.60425965296384
10317.000072315,42,10317,10317:0cded5ec882014d599e408a086631081c42e2f070234c9e90d7244cf5e39d7d4150b713faf80aed64afaf4dd8ff14b76e9e204f93500060792828269add5de56,female,head,20260907,0,47.893127921419435,41.91067538822929,47.21025049910745,5.893127921419435,0.0893246117707065,5.2102504991074525
1841.F05092,23,1841,1841:NCS244,female,head,20260907,0,22.30432291005156,22.55862293956045,22.14158798562478,0.6956770899484397,0.4413770604395495,0.8584120143752187
10317.000079831,38,10317,10317:14023540704b6bc088ad4121fb1e4bb829db0af84dceeb6083083578533680a085ce6473901b2aa79e3843299e1ef69adfd4af41442ee2e3ba1981a43c5fea09,female,head,20260907,0,47.893127921419435,39.57274528265051,42.453565211015906,9.893127921419435,1.5727452826505086,4.453565211015906
1841.P15342,20,1841,1841:NCS210,female,hand,20260907,0,22.397428333501587,26.71014847489111,25.85434376483703,2.397428333501587,6.71014847489111,5.854343764837029
10317.000049729,36,10317,10317:79bbc1c5c663e0434d917d65535beeb68d902da75556dbb9bc561129718387ed15c630d65f4716cbeb02ed871a1e5044d2cd04da381361681f4a0793ca85598d,male,head,20260907,0,42.51678304385714,43.334345480293024,44.46167173032641,6.516783043857139,7.334345480293024,8.461671730326408
1841.P15023,21,1841,1841:CUB029,male,hand,20260907,0,25.18435120059359,25.03959546367461,23.70841320381737,4.184351200593589,4.039595463674608,2.7084132038173685
1841.P15022,20,1841,1841:CUB010,female,hand,20260907,0,22.397428333501587,23.379900637556897,24.15923503745649,2.397428333501587,3.379900637556897,4.15923503745649
1841.F06367,21,1841,1841:CUB029,male,head,20260907,0,25.05889840239144,24.83301624630959,20.91660529075557,4.0588984023914385,3.8330162463095903,0.08339470924443049
1841.F06361,20,1841,1841:CUB008,male,head,20260907,0,25.05889840239144,22.988210400710393,19.950984100266176,5.0588984023914385,2.9882104007103933,0.04901589973382414
1841.P15289,21,1841,1841:CUB029,male,hand,20260907,0,25.18435120059359,29.299942601714815,27.77720618401786,4.184351200593589,8.299942601714815,6.77720618401786
10317.000063476,25,10317,10317:a7eb0dd2ec940ca9c3d8c905ee11b3f312886d2373352bf10804121fdb76ae9277a91ce4ea0f346e0c8b67c66e30cabba094db785b990ac67b6fa4ea8b65aeda,female,head,20260907,0,47.893127921419435,35.699923980963675,36.8360292997881,22.893127921419435,10.699923980963675,11.836029299788102
1841.P16253,26,1841,1841:NAU146,female,hand,20260907,0,22.397428333501587,25.85159690136252,25.828729117707624,3.602571666498413,0.14840309863748047,0.17127088229237586
1841.P16257,25,1841,1841:NAU157,male,hand,20260907,0,25.18435120059359,27.78178847653922,22.52165804020575,0.18435120059358923,2.7817884765392193,2.4783419597942498
1841.F06170,20,1841,1841:CUB008,male,head,20260907,0,25.05889840239144,23.447662649850137,21.38246629450865,5.0588984023914385,3.4476626498501375,1.3824662945086494
1841.F06175,20,1841,1841:CUB051,male,head,20260907,0,25.05889840239144,24.400276172969193,22.006338431990855,5.0588984023914385,4.400276172969193,2.006338431990855
10317.000027751,54,10317,10317:3f3189bfab92107b05a629ba1be6aad212c75b4525d50b0789f4272ba27b446de5cf079bf1c30b52182f0e4ded874c59bc8e41d483192937641083f6a37b6a67,female,head,20260907,0,47.893127921419435,43.485964861934974,47.41384213106756,6.106872078580565,10.514035138065026,6.586157868932439
1841.P15612,20,1841,1841:CUB008,male,hand,20260907,0,25.18435120059359,23.86983498476605,21.54721528606432,5.184351200593589,3.869834984766051,1.5472152860643185
1841.P16552,21,1841,1841:CUB044,male,hand,20260907,0,25.18435120059359,25.466999745423657,20.35079465923439,4.184351200593589,4.4669997454236565,0.6492053407656115
1841.P16416,23,1841,1841:NCS244,female,hand,20260907,0,22.397428333501587,23.450370357787627,24.488203880681056,0.6025716664984131,0.4503703577876266,1.4882038806810556
1841.P16348,28,1841,1841:NAU103,female,hand,20260907,0,22.397428333501587,29.60712079876141,26.565482225826955,5.602571666498413,1.607120798761411,1.4345177741730453
10317.000013184,46,10317,10317:c1aeed7ec49ba28fab9705a2a7ef17c7dae7622554dfbffbae7e5be56e0b5ca0fba918409d646af5cd04454fb08cc22ab4f708b179204f985182cefea9e199bd,male,head,20260907,0,42.51678304385714,44.16000096130811,42.9634981459839,3.4832169561428614,1.839999038691893,3.0365018540161017
10317.000030487,69,10317,10317:08b8c7c89d71fbf3c7c45e4e838c5e9f6a9275be245ff743f08495d4e80cd9e519926d3080aa03f7db3b66c131808ba6bc500ce102040e341c7b930462457631,female,head,20260907,0,47.893127921419435,46.79056406618284,48.61184063050744,21.106872078580565,22.20943593381716,20.388159369492563
10317.000009059,50,10317,10317:d2b0d78183a7fb7003716446b4a9280723b3b3e47823c3e6d1a251d445558a0bbde902b411f4f4015c7f8faa15d573d3a103491eb53d1fb0ff68fedb2e2dd4d7,female,head,20260907,0,47.893127921419435,37.61667888770149,43.7600001815732,2.1068720785805652,12.38332111229851,6.239999818426803
1841.F05476,25,1841,1841:NAU157,male,head,20260907,0,25.05889840239144,25.104161516480595,20.854233172098017,0.05889840239143851,0.10416151648059468,4.1457668279019835
1841.P16181,28,1841,1841:NAU103,female,hand,20260907,0,22.397428333501587,28.277882855153308,26.132741720214756,5.602571666498413,0.27788285515330813,1.8672582797852435
1841.F05647,21,1841,1841:CUB044,male,head,20260907,0,25.05889840239144,23.902598038141775,21.386408391823625,4.0588984023914385,2.9025980381417753,0.3864083918236254
10317.000036125,42,10317,10317:a1cd5635deef381a3388b606e82458a3d030c613a5d1605e912e298677c648fec4c0630fde5c78738c54d9c48767cbe35d882d96bb7fe8a5bb995fbff088cd25,female,head,20260907,0,47.893127921419435,44.23855908241486,45.28391214540897,5.893127921419435,2.2385590824148593,3.2839121454089693
1841.F05288,25,1841,1841:NAU157,male,head,20260907,0,25.05889840239144,25.82844956140888,19.408727711357887,0.05889840239143851,0.8284495614088812,5.591272288642113
1841.F05287,25,1841,1841:NAU157,male,head,20260907,0,25.05889840239144,27.36843719984543,19.261873691082055,0.05889840239143851,2.368437199845431,5.738126308917945
1841.F05867,25,1841,1841:NAU157,male,head,20260907,0,25.05889840239144,30.35982879760319,21.956069452933683,0.05889840239143851,5.359828797603189,3.043930547066317
10317.000033792,27,10317,10317:a8d1e0c8b099dac9041d9cebdac9c0de56819da44b2a634063806e8ed4697d1075a1ad1a75dcb472c0667686ae7dad37b98268caf960b4805fdd05c287c202df,male,head,20260907,0,42.51678304385714,40.85737124816349,41.305131381959555,15.516783043857139,13.857371248163489,14.305131381959555
1841.F06413,20,1841,1841:CUB008,male,head,20260907,0,25.05889840239144,25.0057931100225,22.84478443026955,5.0588984023914385,5.005793110022498,2.8447844302695486
1841.F06417,20,1841,1841:CUB010,female,head,20260907,0,22.30432291005156,24.075405284119995,21.8532710099973,2.3043229100515603,4.075405284119995,1.8532710099973002
1841.F05502,20,1841,1841:CUB010,female,head,20260907,0,22.30432291005156,22.4688713023088,22.29580766971753,2.3043229100515603,2.4688713023087985,2.2958076697175294
1841.P15790,25,1841,1841:NAU157,male,hand,20260907,0,25.18435120059359,26.611201531274467,21.99348316659138,0.18435120059358923,1.6112015312744674,3.0065168334086216
1841.P16530,20,1841,1841:CUB010,female,hand,20260907,0,22.397428333501587,22.69655753968254,24.438698351367965,2.397428333501587,2.6965575396825407,4.4386983513679645
1841.P15429,24,1841,1841:NCS245,female,hand,20260907,0,22.397428333501587,24.67280053127019,25.089287757345108,1.602571666498413,0.672800531270191,1.089287757345108
1841.P16214,25,1841,1841:NAU157,male,hand,20260907,0,25.18435120059359,30.332720941939098,23.362051393059215,0.18435120059358923,5.3327209419390975,1.6379486069407854
1841.P16213,25,1841,1841:NAU157,male,hand,20260907,0,25.18435120059359,27.582575453682797,23.17857825346016,0.18435120059358923,2.5825754536827965,1.8214217465398406
1841.P16212,20,1841,1841:NAU115,male,hand,20260907,0,25.18435120059359,26.182394587642744,21.69613304358334,5.184351200593589,6.182394587642744,1.696133043583341
10317.000040133,65,10317,10317:2b9cd37b03a34e4fed908599b8aedfd4277f38cd704e2625664f495885508a6c40fe8b88f3c9b254c454e5fdcaeef45ed360aa3202dd2bd6326d6e5df964004a,male,head,20260907,0,42.51678304385714,47.17282105910603,45.76407993174308,22.48321695614286,17.827178940893972,19.235920068256917
1841.F06062,20,1841,1841:NCS210,female,head,20260907,0,22.30432291005156,27.34853171773309,23.299696432554864,2.3043229100515603,7.348531717733088,3.299696432554864
1841.P15306,20,1841,1841:NCS210,female,hand,20260907,0,22.397428333501587,23.81501806751102,26.638880611735942,2.397428333501587,3.8150180675110192,6.638880611735942
1841.P15304,23,1841,1841:NCS244,female,hand,20260907,0,22.397428333501587,22.667326232794977,25.164748977618085,0.6025716664984131,0.33267376720502284,2.1647489776180855
10317.000063380,40,10317,10317:df013012aa4de39f899aadbdfdd44572d593e9fa5238274ea143331982f2a039f09b846fef6ce0988eeda26205379399dfdb557ef64371f78334d6ee7beed928,male,head,20260907,0,42.51678304385714,34.469544803492305,37.65621229090158,2.5167830438571386,5.530455196507695,2.3437877090984216
10317.000063387,40,10317,10317:df013012aa4de39f899aadbdfdd44572d593e9fa5238274ea143331982f2a039f09b846fef6ce0988eeda26205379399dfdb557ef64371f78334d6ee7beed928,male,hand,20260907,0,43.03455138178261,34.30877472532085,35.88687453327421,3.034551381782613,5.691225274679148,4.113125466725791
1841.F05802,25,1841,1841:NAU157,male,head,20260907,0,25.05889840239144,25.12578954032079,21.39259018113147,0.05889840239143851,0.12578954032078826,3.607409818868529
10317.000003638,58,10317,10317:c9e234a8b8023dc52f81b36210303deb253ee13dabc6022044eb5536429962a7f2dc5854ff06cadbb8969d2e2464fe3ed6ff0808a6c48037574abd2313962f88,female,head,20260907,1,48.8251818348013,47.85,52.21141539872664,9.174818165198701,10.149999999999999,5.788584601273357
1841.F06380,36,1841,1841:CUB042,male,head,20260907,1,24.24715830127231,22.29375,20.776470383803908,11.75284169872769,13.70625,15.223529616196092
1841.F06381,21,1841,1841:CUB012,female,head,20260907,1,22.650341691694734,25.4375,27.478859071618174,1.6503416916947344,4.4375,6.478859071618174
1841.F06382,23,1841,1841:CUB028,male,head,20260907,1,24.24715830127231,22.68125,19.689000048472263,1.2471583012723109,0.3187500000000014,3.3109999515277373
1841.F06384,21,1841,1841:CUB038,female,head,20260907,1,22.650341691694734,22.6625,23.076331483506113,1.6503416916947344,1.6625000000000014,2.076331483506113
1841.F05947,18,1841,1841:NCS213,female,head,20260907,1,22.650341691694734,24.975,23.743712098552336,4.650341691694734,6.975000000000001,5.743712098552336
1841.P15149,18,1841,1841:NCS213,female,hand,20260907,1,22.702738770098804,23.2625,23.57697206631883,4.702738770098804,5.262499999999999,5.576972066318831
1841.F05828,32,1841,1841:NAU102,unknown,head,20260907,1,22.635627002717538,23.38125,17.65772512886099,9.364372997282462,8.618749999999999,14.342274871139011
1841.P16554,20,1841,1841:CUB037,female,hand,20260907,1,22.702738770098804,25.575,26.231816080797145,2.7027387700988044,5.574999999999999,6.231816080797145
10317.000068943,39,10317,10317:aa8c21f5078bc7371b21ffbe19854212c26e4ba8b087307ab121b615566704bf41428d321554791b675f216db7f7d1922190d57c119c58c01ff5e6a1b7a11da3,male,head,20260907,1,42.18545826801498,38.725,38.77444804828557,3.185458268014983,0.2749999999999986,0.22555195171442932
1841.F06452,21,1841,1841:CUB003,female,head,20260907,1,22.650341691694734,25.38125,23.956503916135695,1.6503416916947344,4.381250000000001,2.956503916135695
1841.F06459,23,1841,1841:CUB028,male,head,20260907,1,24.24715830127231,23.9125,21.16728173256255,1.2471583012723109,0.9125000000000014,1.8327182674374498
1841.F05109,21,1841,1841:NAU124,female,head,20260907,1,22.650341691694734,24.30625,25.74788658431012,1.6503416916947344,3.3062499999999986,4.74788658431012
2010.1361,27,2010,2010:7,female,head,20260907,1,27.246575169857778,38.28125,30.07970301473399,0.2465751698577776,11.28125,3.0797030147339903
1841.P15124,18,1841,1841:NCS213,female,hand,20260907,1,22.702738770098804,22.3875,23.26280335862331,4.702738770098804,4.387499999999999,5.262803358623309
1841.P15121,18,1841,1841:NCS213,female,hand,20260907,1,22.702738770098804,23.2625,23.285539851346822,4.702738770098804,5.262499999999999,5.285539851346822
1841.F05597,19,1841,1841:NAU107,female,head,20260907,1,22.650341691694734,22.6375,22.143523139916123,3.6503416916947344,3.6374999999999993,3.143523139916123
1841.P16576,21,1841,1841:CUB003,female,hand,20260907,1,22.702738770098804,26.5,25.18298613837868,1.7027387700988044,5.5,4.182986138378681
1841.F06504,20,1841,1841:CUB037,female,head,20260907,1,22.650341691694734,23.025,22.43082865945118,2.6503416916947344,3.0249999999999986,2.43082865945118
1841.F05162,21,1841,1841:NAU161,male,head,20260907,1,24.24715830127231,22.775,19.870710256363836,3.247158301272311,1.7749999999999986,1.1292897436361642
1841.P15972,21,1841,1841:CUB038,female,hand,20260907,1,22.702738770098804,24.40625,24.663437758230053,1.7027387700988044,3.40625,3.663437758230053
10317.000005159,29,10317,10317:80ed9beefa64e1af619f5d370d79a21b435d10677f5b936ec3554234d47090f2a865337c8ff29f55d3cfc78a4c4fcf22efe713697872112639889bda9805a03e,male,hand,20260907,1,43.17424423708506,43.55625,44.11190340583397,14.174244237085063,14.556249999999999,15.11190340583397
10317.000015151,25,10317,10317:bf103398cbf34d2fdf0ce89d2a4729ec061457ba078a27fff88e775557fa7a6206e6693e016f411dfc8700f10c5787107d76b31f1914db25cee356c3ffb2ee1c,male,hand,20260907,1,43.17424423708506,39.65,42.84297933664245,18.174244237085063,14.649999999999999,17.84297933664245
1841.F06494,21,1841,1841:CUB038,female,head,20260907,1,22.650341691694734,22.88125,23.0969666957715,1.6503416916947344,1.8812500000000014,2.096966695771499
1841.F06577,36,1841,1841:CUB042,male,head,20260907,1,24.24715830127231,31.9875,22.16793731110237,11.75284169872769,4.012499999999999,13.83206268889763
1841.F06573,21,1841,1841:CUB038,female,head,20260907,1,22.650341691694734,22.00625,22.308380377304736,1.6503416916947344,1.0062500000000014,1.3083803773047364
2010.1488,27,2010,2010:1,female,head,20260907,1,27.246575169857778,39.18125,30.048617264925227,0.2465751698577776,12.181249999999999,3.0486172649252268
1841.P15525,19,1841,1841:NAU107,female,hand,20260907,1,22.702738770098804,24.325,23.29488087886402,3.7027387700988044,5.324999999999999,4.294880878864021
1841.F05555,21,1841,1841:NAU161,male,head,20260907,1,24.24715830127231,23.98125,20.19874468518091,3.247158301272311,2.9812499999999993,0.8012553148190911
10317.000014492,38,10317,10317:8167c948b0e4857e3fbff706939d373dfab22f6bc351971e2c12e88b854e32580973e05481786c5d02d11e4a9e8f81f300e8ce5b8120172a96b4e37d555a8c90,male,head,20260907,1,42.18545826801498,41.56875,41.69597761315957,4.185458268014983,3.5687500000000014,3.6959776131595703
1841.F06461,20,1841,1841:CUB037,female,head,20260907,1,22.650341691694734,23.6375,22.01656424717765,2.6503416916947344,3.6374999999999993,2.0165642471776515
10317.000012153,39,10317,10317:11a164f633168118e0565026872fa35afedfe2bae4497973a70320675455a4b33dc3ad7a7c30d5087e7928b80c4f712a6b4192465f4342ce940fa7e45758084d,female,hand,20260907,1,48.87842114694861,40.65625,44.86507164627781,9.878421146948611,1.65625,5.865071646277812
1841.P15737,19,1841,1841:NAU107,female,hand,20260907,1,22.702738770098804,21.86875,23.26893387844449,3.7027387700988044,2.8687499999999986,4.268933878444489
1841.P15735,21,1841,1841:NAU124,female,hand,20260907,1,22.702738770098804,23.01875,23.54428247903589,1.7027387700988044,2.0187500000000007,2.544282479035889
1841.P15733,21,1841,1841:NAU161,male,hand,20260907,1,24.137371240648196,23.50625,19.983020041694328,3.1373712406481964,2.5062500000000014,1.0169799583056722
10317.000010809,63,10317,10317:4f1f526cf557e60e9ce5eb0de9d3dd98225fb7747813f64b3d82c6051d735e3b82dfb7abb4f089fb6d86848d907502d663cb4d69dad26574b00e58d0fc884610,male,head,20260907,1,42.18545826801498,40.9,44.010345462830855,20.814541731985017,22.1,18.989654537169145
10317.000005235,55,10317,10317:45e54011490a1e8319d45ba35b5c9c687e4ec395fd00d5bd3b927f21b897135e002c9c488ced29f5644e9cc87c9d6d420ce68c9a95f88b151cd7a4c6182ead64,male,hand,20260907,1,43.17424423708506,39.19375,44.13359793239819,11.825755762914937,15.806249999999999,10.866402067601811
10317.000015057,80,10317,10317:8dd14dd80ae9b69218b4942e80486ca4299a19f9342258835b868633bfa7bff6581b9102dd034b2a58f5ea1a74b8a2ec5b06b38aca104935d0e20a6925b670f2,unknown,head,20260907,1,37.1173129807584,52.23125,50.547437691508314,42.8826870192416,27.768749999999997,29.452562308491686
1841.F06309,21,1841,1841:CUB003,female,head,20260907,1,22.650341691694734,24.06875,24.238737222625907,1.6503416916947344,3.0687500000000014,3.2387372226259075
1841.F05648,21,1841,1841:CUB012,female,head,20260907,1,22.650341691694734,27.11875,26.32667358097965,1.6503416916947344,6.118749999999999,5.3266735809796515
1841.F05646,36,1841,1841:CUB042,male,head,20260907,1,24.24715830127231,33.0375,23.6345098368836,11.75284169872769,2.9624999999999986,12.365490163116402
1841.F06519,21,1841,1841:CUB012,female,head,20260907,1,22.650341691694734,25.025,25.349796470271865,1.6503416916947344,4.024999999999999,4.3497964702718654
1841.F06514,36,1841,1841:CUB042,male,head,20260907,1,24.24715830127231,27.3375,22.865743539101967,11.75284169872769,8.662500000000001,13.134256460898033
10317.000036462,38,10317,10317:da8f8a7d664c63431a657d0d888c46bf1f7bec532219c7d97227d8de3bc94ea035161f6a5e94118648a14d399a93b7d0e7cb68f1add742cb0d0d825f410a501d,male,hand,20260907,1,43.17424423708506,41.33125,44.86473506537224,5.1742442370850625,3.331249999999997,6.864735065372237
1841.P15507,32,1841,1841:NAU102,unknown,hand,20260907,1,22.690907106257644,24.25,18.855952529599772,9.309092893742356,7.75,13.144047470400228
10317.000068818,23,10317,10317:aa700130bf2ad84f7dfbd70f11a1ed544685dac3b0af8c4231219413d86330f5973915da8180c4eaa587cffc3aa156c9dafbf597461ddd6251fef35831bd365a,male,hand,20260907,1,43.17424423708506,38.85625,38.6971788211958,20.174244237085063,15.856250000000003,15.697178821195799
2010.1288,34,2010,2010:5,female,head,20260907,1,27.246575169857778,37.6625,27.89378399215982,6.753424830142222,3.6625000000000014,6.106216007840182
1841.F06186,36,1841,1841:CUB042,male,head,20260907,1,24.24715830127231,30.8,21.791968296863843,11.75284169872769,5.199999999999999,14.208031703136157
1841.P15759,20,1841,1841:NAU119,male,hand,20260907,1,24.137371240648196,22.00625,19.89560594598821,4.137371240648196,2.0062500000000014,0.10439405401179158
1841.P15962,36,1841,1841:CUB042,male,hand,20260907,1,24.137371240648196,28.95625,23.128055880730333,11.862628759351804,7.043749999999999,12.871944119269667
10317.000009093,35,10317,10317:360142d429f5a04200879be165fb723bf12539081381440cf759835fb3170ff29aaa9a46fc10cd08978857e2a1b86e035e65a80f5deb8234c611dcce54708792,male,head,20260907,1,42.18545826801498,38.8375,42.453245645338114,7.185458268014983,3.8374999999999986,7.453245645338114
1841.F06247,21,1841,1841:NAU124,female,head,20260907,1,22.650341691694734,28.54375,26.07353156667692,1.6503416916947344,7.543749999999999,5.07353156667692
1841.F06536,20,1841,1841:CUB037,female,head,20260907,1,22.650341691694734,22.44375,24.055581259988877,2.6503416916947344,2.4437500000000014,4.055581259988877
1841.P15562,21,1841,1841:NAU161,male,hand,20260907,1,24.137371240648196,22.54375,20.164592112731345,3.1373712406481964,1.5437499999999993,0.835407887268655
1841.F05519,20,1841,1841:NAU119,male,head,20260907,1,24.24715830127231,22.8375,21.29738288495466,4.247158301272311,2.8374999999999986,1.2973828849546614
1841.F05514,20,1841,1841:NAU119,male,head,20260907,1,24.24715830127231,22.44375,19.83961239958323,4.247158301272311,2.4437500000000014,0.1603876004167688
1841.F05513,20,1841,1841:NAU119,male,head,20260907,1,24.24715830127231,23.3375,18.976561174959627,4.247158301272311,3.3374999999999986,1.0234388250403725
2010.1402,27,2010,2010:1,female,head,20260907,1,27.246575169857778,41.51875,27.28124876197247,0.2465751698577776,14.518749999999997,0.2812487619724706
1841.F05250,19,1841,1841:NAU107,female,head,20260907,1,22.650341691694734,24.1125,25.14294102304394,3.6503416916947344,5.112500000000001,6.142941023043939
1841.P16322,21,1841,1841:NAU161,male,hand,20260907,1,24.137371240648196,21.84375,20.406772453672975,3.1373712406481964,0.84375,0.5932275463270251
1841.P16327,32,1841,1841:NAU102,unknown,hand,20260907,1,22.690907106257644,30.19375,17.137442562540432,9.309092893742356,1.8062499999999986,14.862557437459568
1841.F05512,32,1841,1841:NAU102,unknown,head,20260907,1,22.635627002717538,25.025,17.441978766275952,9.364372997282462,6.975000000000001,14.558021233724048
10317.000066848,27,10317,10317:73bf3573928ab6f8e0dbef1783c99aa8c96f8a341909051dbaaf5e003778464fdf40cee56b971bea2c557859ebdc3351dddc89230df6458726716c8fe13e3583,female,head,20260907,1,48.8251818348013,39.1625,36.76176404132861,21.8251818348013,12.162500000000001,9.761764041328611
1841.F06082,21,1841,1841:NCS262,male,head,20260907,1,24.24715830127231,23.925,18.561139415764774,3.247158301272311,2.9250000000000007,2.4388605842352256
1841.F05932,18,1841,1841:NCS213,female,head,20260907,1,22.650341691694734,25.4125,23.935174898322472,4.650341691694734,7.412500000000001,5.935174898322472
1841.F05936,18,1841,1841:NCS213,female,head,20260907,1,22.650341691694734,25.625,25.247165411576297,4.650341691694734,7.625,7.247165411576297
2010.1462,34,2010,2010:5,female,head,20260907,1,27.246575169857778,36.70625,27.728865224501376,6.753424830142222,2.706249999999997,6.2711347754986235
1841.P15938,21,1841,1841:CUB012,female,hand,20260907,1,22.702738770098804,26.2125,27.664985661418346,1.7027387700988044,5.212499999999999,6.664985661418346
1841.P15018,36,1841,1841:CUB042,male,hand,20260907,1,24.137371240648196,31.725,21.5971930894512,11.862628759351804,4.274999999999999,14.4028069105488
10317.000043162,86,10317,10317:969959b6a56c892088c6fec4a090bc9d7786704432d85dd70c0b376f3082c1743c5522532f4a6139e760de6add314a67dddb22fcaef7e05d6f73095cd5be1d95,female,hand,20260907,1,48.87842114694861,47.43125,54.00863741449635,37.12157885305139,38.56875,31.99136258550365
10317.000049833,61,10317,10317:d37889cdecdba46fdb19bb31c950ed36c9b3a1da31fbac08e9ee2ff35bc8af2ce5a4b24631b63e876500eb54df716ba82caddd429a437e61d996dab1bd51de32,female,hand,20260907,1,48.87842114694861,39.49375,45.928447520144296,12.121578853051389,21.50625,15.071552479855704
1841.P15211,20,1841,1841:CUB037,female,hand,20260907,1,22.702738770098804,23.45625,23.51134269641656,2.7027387700988044,3.4562500000000007,3.511342696416559
1841.P15217,20,1841,1841:CUB037,female,hand,20260907,1,22.702738770098804,22.675,23.44676032847691,2.7027387700988044,2.6750000000000007,3.446760328476909
1841.P16175,21,1841,1841:NAU161,male,hand,20260907,1,24.137371240648196,22.76875,21.306809915703667,3.1373712406481964,1.7687500000000007,0.306809915703667
10317.000069075,22,10317,10317:62da411fb1daa598c9de6fec6d4999096c07c935e32acd264bd45573737d7ca012c560ebc6a3ff42a617cdb54d7d364fb719fc379b15ab5e772bbf3a7356dbde,female,head,20260907,1,48.8251818348013,36.0875,39.94236750044667,26.8251818348013,14.087499999999999,17.94236750044667
1841.F06292,19,1841,1841:NAU107,female,head,20260907,1,22.650341691694734,21.95,22.027711296284675,3.6503416916947344,2.9499999999999993,3.027711296284675
10317.000040126,46,10317,10317:103ec97d34a8daf110102310e23be292392f51db75531458f8f135039cb11fbaeed1ebd8c2cbfd97772d62c72352ab5c467dccf59885d5c82f03531039a41827,female,head,20260907,1,48.8251818348013,39.9875,44.90053238044557,2.825181834801299,6.012500000000003,1.0994676195544315
1841.F05219,20,1841,1841:NAU119,male,head,20260907,1,24.24715830127231,22.53125,20.62493603015408,4.247158301272311,2.53125,0.6249360301540783
1841.P16365,32,1841,1841:NAU102,unknown,hand,20260907,1,22.690907106257644,24.325,18.299600381869165,9.309092893742356,7.675000000000001,13.700399618130835
1841.P16580,21,1841,1841:CUB038,female,hand,20260907,1,22.702738770098804,22.8125,24.907456796225603,1.7027387700988044,1.8125,3.9074567962256026
1841.P16582,36,1841,1841:CUB042,male,hand,20260907,1,24.137371240648196,32.19375,24.893977598526146,11.862628759351804,3.8062499999999986,11.106022401473854
10317.000002877,39,10317,10317:f73c970ebbe4576dac4346e12bd70d852fd2fad299e544aaabe76119ae6772ae189eebd9acc9c024c6a0bf917496f24b6520712b5200889e9afdeb9ed347f9e9,female,head,20260907,1,48.8251818348013,45.125,50.47664317856105,9.825181834801299,6.125,11.476643178561048
1841.F06591,21,1841,1841:CUB012,female,head,20260907,1,22.650341691694734,27.3125,26.347018769686173,1.6503416916947344,6.3125,5.347018769686173
1841.F06590,23,1841,1841:CUB028,male,head,20260907,1,24.24715830127231,23.68125,19.95671245935146,1.2471583012723109,0.6812499999999986,3.0432875406485387
1841.P15052,21,1841,1841:CUB003,female,hand,20260907,1,22.702738770098804,23.6875,25.161024090131612,1.7027387700988044,2.6875,4.161024090131612
1841.P15050,21,1841,1841:CUB012,female,hand,20260907,1,22.702738770098804,23.7875,24.894686092575743,1.7027387700988044,2.7875000000000014,3.8946860925757427
1841.F06335,21,1841,1841:CUB038,female,head,20260907,1,22.650341691694734,23.43125,22.63736062198839,1.6503416916947344,2.4312499999999986,1.637360621988389
1841.F06337,23,1841,1841:CUB028,male,head,20260907,1,24.24715830127231,21.66875,19.69899030096889,1.2471583012723109,1.3312500000000007,3.301009699031109
1841.F06338,21,1841,1841:CUB003,female,head,20260907,1,22.650341691694734,25.1875,23.659243111988943,1.6503416916947344,4.1875,2.6592431119889426
1841.P15275,21,1841,1841:CUB038,female,hand,20260907,1,22.702738770098804,25.3375,26.229958355759432,1.7027387700988044,4.337499999999999,5.2299583557594325
1841.P15272,21,1841,1841:CUB003,female,hand,20260907,1,22.702738770098804,22.86875,23.17529310354532,1.7027387700988044,1.8687499999999986,2.1752931035453216
10317.000005457,48,10317,10317:9f89ce9cb3dd20b1b698031ff7eb1f66511855e4c05edd9fc525916e365f4d81ff5e46e5432e82c4e4cc62f66a9167138f3bce9a784b0404333ee6c82e195bd6,male,hand,20260907,1,43.17424423708506,42.2,42.36164941583997,4.8257557629149375,5.799999999999997,5.63835058416003
1841.F05686,20,1841,1841:CUB037,female,head,20260907,1,22.650341691694734,24.75625,23.741929730611115,2.6503416916947344,4.756250000000001,3.7419297306111154
2010.1319,27,2010,2010:1,female,head,20260907,1,27.246575169857778,38.26875,28.87158363771253,0.2465751698577776,11.268749999999997,1.8715836377125292
10317.000013240,61,10317,10317:a84b06b11ebbd693b0e846d7e1ba1453494db9a71f5caf6fec89add9c1975ce94b16e1f8ac9b930f61e3219bcfc133702ec58308eee167152209a8c2852123c9,male,head,20260907,1,42.18545826801498,39.15625,42.03924894727967,18.814541731985017,21.84375,18.960751052720333
1841.P16341,19,1841,1841:NAU107,female,hand,20260907,1,22.702738770098804,22.94375,24.508144030606775,3.7027387700988044,3.9437500000000014,5.5081440306067755
10317.000005458,47,10317,10317:9f89ce9cb3dd20b1b698031ff7eb1f66511855e4c05edd9fc525916e365f4d81ff5e46e5432e82c4e4cc62f66a9167138f3bce9a784b0404333ee6c82e195bd6,male,head,20260907,1,42.18545826801498,40.5875,43.21834170893948,4.814541731985017,6.412500000000001,3.7816582910605234
1841.F05256,21,1841,1841:NAU161,male,head,20260907,1,24.24715830127231,24.0875,20.7100014529371,3.247158301272311,3.0874999999999986,0.2899985470629005
1841.P15071,20,1841,1841:CUB037,female,hand,20260907,1,22.702738770098804,22.25625,24.03916044669429,2.7027387700988044,2.2562500000000014,4.039160446694289
1841.P15073,36,1841,1841:CUB042,male,hand,20260907,1,24.137371240648196,31.59375,22.45447854417827,11.862628759351804,4.40625,13.545521455821731
1841.P15075,21,1841,1841:CUB038,female,hand,20260907,1,22.702738770098804,24.19375,23.151515786684495,1.7027387700988044,3.1937500000000014,2.151515786684495
1841.F06317,21,1841,1841:CUB012,female,head,20260907,1,22.650341691694734,25.48125,24.8631644032602,1.6503416916947344,4.481249999999999,3.8631644032601997
1841.P15256,36,1841,1841:CUB042,male,hand,20260907,1,24.137371240648196,34.6,23.27050810995219,11.862628759351804,1.3999999999999986,12.729491890047811
1841.P15257,20,1841,1841:CUB037,female,hand,20260907,1,22.702738770098804,23.9125,22.889622667412556,2.7027387700988044,3.9125000000000014,2.8896226674125565
1841.P15252,21,1841,1841:CUB038,female,hand,20260907,1,22.702738770098804,24.35,24.698371481018423,1.7027387700988044,3.3500000000000014,3.698371481018423
1841.F06237,20,1841,1841:NAU119,male,head,20260907,1,24.24715830127231,23.95625,18.01073232920682,4.247158301272311,3.9562500000000007,1.9892676707931791
10317.000068806,30,10317,10317:219fdff6b9dcec67c1aa0b866cb025d68ac35295256f63c520911912293fe0849d61cd408675c0305a5c92df708363f8172fc8e6969982b5a49c4e44d28547fb,female,hand,20260907,1,48.87842114694861,45.25,49.78033214901391,18.87842114694861,15.25,19.78033214901391
10317.000007117,60,10317,10317:2c2e468c2481938c25962a208bec11d9f0eeca11f8a06d48aa50be31a747dd0327f6137458e4dfda584fc42b4c5f35613440eef5b177a1d0569e16e7432648dd,male,head,20260907,1,42.18545826801498,43.725,44.371391655135554,17.814541731985017,16.275,15.628608344864446
10317.000007115,60,10317,10317:2c2e468c2481938c25962a208bec11d9f0eeca11f8a06d48aa50be31a747dd0327f6137458e4dfda584fc42b4c5f35613440eef5b177a1d0569e16e7432648dd,male,hand,20260907,1,43.17424423708506,39.7125,42.596052588640575,16.825755762914937,20.2875,17.403947411359425
10317.000007119,60,10317,10317:2c2e468c2481938c25962a208bec11d9f0eeca11f8a06d48aa50be31a747dd0327f6137458e4dfda584fc42b4c5f35613440eef5b177a1d0569e16e7432648dd,male,hand,20260907,1,43.17424423708506,41.86875,45.14408266449163,16.825755762914937,18.13125,14.855917335508373
1841.P16281,19,1841,1841:NAU107,female,hand,20260907,1,22.702738770098804,22.425,23.36969293237505,3.7027387700988044,3.4250000000000007,4.369692932375049
10317.000046210,26,10317,10317:2cadcc9c9bb4b3018c35f7012a5f45417f5e7d3c5a8205a3e266e3994e6d3a312146e795ee10a538d9dcde6a356e15798fdfc96aea7f23df2c8c505d8bb465a4,female,head,20260907,1,48.8251818348013,38.23125,43.09169511299006,22.8251818348013,12.231250000000003,17.09169511299006
1841.P16137,19,1841,1841:NAU107,female,hand,20260907,1,22.702738770098804,23.45625,24.4955215519258,3.7027387700988044,4.456250000000001,5.495521551925801
10317.000003336,74,10317,10317:cc74256c990c430993cd5fc5079433232702a5006ee4a770421edf6482fee08db076f06f1fcf83bacf50a1a592d1fbd51c3edee6f558ab60369868d09a642c78,female,hand,20260907,1,48.87842114694861,40.525,46.5778039497548,25.12157885305139,33.475,27.422196050245198
10317.000015183,55,10317,10317:45e54011490a1e8319d45ba35b5c9c687e4ec395fd00d5bd3b927f21b897135e002c9c488ced29f5644e9cc87c9d6d420ce68c9a95f88b151cd7a4c6182ead64,male,hand,20260907,1,43.17424423708506,42.9125,42.04267872230099,11.825755762914937,12.087499999999999,12.957321277699009
10317.000015182,55,10317,10317:45e54011490a1e8319d45ba35b5c9c687e4ec395fd00d5bd3b927f21b897135e002c9c488ced29f5644e9cc87c9d6d420ce68c9a95f88b151cd7a4c6182ead64,male,head,20260907,1,42.18545826801498,40.14375,40.13355237934816,12.814541731985017,14.856250000000003,14.86644762065184
10317.000015184,55,10317,10317:45e54011490a1e8319d45ba35b5c9c687e4ec395fd00d5bd3b927f21b897135e002c9c488ced29f5644e9cc87c9d6d420ce68c9a95f88b151cd7a4c6182ead64,male,hand,20260907,1,43.17424423708506,36.6,41.655024079963425,11.825755762914937,18.4,13.344975920036575
1841.P15010,21,1841,1841:CUB012,female,hand,20260907,1,22.702738770098804,25.55625,24.598489395292013,1.7027387700988044,4.556249999999999,3.598489395292013
10317.000049831,61,10317,10317:d37889cdecdba46fdb19bb31c950ed36c9b3a1da31fbac08e9ee2ff35bc8af2ce5a4b24631b63e876500eb54df716ba82caddd429a437e61d996dab1bd51de32,female,head,20260907,1,48.8251818348013,43.55,47.11860104132375,12.174818165198701,17.450000000000003,13.88139895867625
1841.F05423,21,1841,1841:NAU161,male,head,20260907,1,24.24715830127231,23.29375,20.3854018276582,3.247158301272311,2.2937499999999993,0.6145981723418004
1841.F05426,21,1841,1841:NAU124,female,head,20260907,1,22.650341691694734,23.06875,24.99267512809486,1.6503416916947344,2.0687500000000014,3.9926751280948594
1841.F05635,21,1841,1841:CUB012,female,head,20260907,1,22.650341691694734,24.29375,23.868390365621224,1.6503416916947344,3.2937499999999993,2.8683903656212237
10317.000017775,56,10317,10317:95161bf754ca78bbc6736e1276a0c069dd937e05defae03a23b5b34bc3f3e0325898e86cd7fd838de6514fbeb888d6634c7497e3855ab1d45839d35295e2ba95,male,head,20260907,1,42.18545826801498,44.39375,44.72630621705386,13.814541731985017,11.606250000000003,11.27369378294614
10317.000002088,52,10317,10317:d12b3488162547d96d3669a939c33c47bb7e94f9db76d64dbd76d7bcd6ccf5dc1c2202772cb5712605a51d28e9a8109105db0a01b5d13f55512047b95056356b,male,head,20260907,1,42.18545826801498,42.825,46.553685256012734,9.814541731985017,9.174999999999997,5.446314743987266
1841.F05990,18,1841,1841:NCS213,female,head,20260907,1,22.650341691694734,24.75,23.3701363902195,4.650341691694734,6.75,5.3701363902195
10317.000022189,57,10317,10317:83129c2b229f0d9fb6e870c62c2b01797d6f2d1e18875a4474c1d621fd4239f0509c12f293d0febfee93496a315d1b8ed8f7d66b9046ea392b2913819b93632c,female,head,20260907,1,48.8251818348013,40.6875,44.51685667801782,8.174818165198701,16.3125,12.483143321982183
10317.000063450,29,10317,10317:012c33f74519c193ec10f17ef58846a7db07b462e5497db82c40fedc4ca3edac7e3c610143fdb11e0e0617da7dcd562ee2bf2be850227286ef06ab72c6361d25,male,head,20260907,1,42.18545826801498,50.46875,51.5457177685923,13.185458268014983,21.46875,22.545717768592297
1841.F05858,21,1841,1841:NAU161,male,head,20260907,1,24.24715830127231,23.0375,19.99211662506783,3.247158301272311,2.0375000000000014,1.0078833749321703
1841.F05293,32,1841,1841:NAU102,unknown,head,20260907,1,22.635627002717538,24.08125,17.715740440550384,9.364372997282462,7.918749999999999,14.284259559449616
1841.P16059,20,1841,1841:NAU119,male,hand,20260907,1,24.137371240648196,23.75625,21.901537840804508,4.137371240648196,3.7562500000000014,1.901537840804508
1841.P16506,21,1841,1841:CUB038,female,hand,20260907,1,22.702738770098804,23.19375,23.11938689575216,1.7027387700988044,2.1937500000000014,2.119386895752161
10317.000007131,39,10317,10317:8b672a386ead28ace9c7eaea68003a8d0be6651cf9544c799a49155c372bc6524d53fd7aae5b008caced52ac352c5fe0a4810a846032621cf2d9fc79200e1218,unknown,hand,20260907,1,38.93422250130329,42.33125,42.331917991266046,0.06577749869671123,3.331249999999997,3.331917991266046
1841.F06407,21,1841,1841:CUB003,female,head,20260907,1,22.650341691694734,25.9,25.297591552258083,1.6503416916947344,4.899999999999999,4.297591552258083
1841.F06406,20,1841,1841:CUB037,female,head,20260907,1,22.650341691694734,22.125,22.423486815811337,2.6503416916947344,2.125,2.423486815811337
1841.F06405,23,1841,1841:CUB028,male,head,20260907,1,24.24715830127231,22.6875,20.07494851798183,1.2471583012723109,0.3125,2.9250514820181692
1841.F06403,23,1841,1841:CUB028,male,head,20260907,1,24.24715830127231,22.7125,19.717962584072612,1.2471583012723109,0.2875000000000014,3.2820374159273875
10317.000023967,37,10317,10317:9992b77d3934e6dedb1d00b22ce9dc2dbe00f7d81c1170230af7cace8324f4a479f87014fc077e6d8426aed7c84ab99cb32e3b88919ce65bb012aef6e28c6a0a,male,head,20260907,1,42.18545826801498,43.41875,43.825164980188234,5.185458268014983,6.418750000000003,6.825164980188234
1841.F05601,20,1841,1841:CUB037,female,head,20260907,1,22.650341691694734,24.525,23.517747650308472,2.6503416916947344,4.524999999999999,3.517747650308472
1841.F05603,21,1841,1841:CUB003,female,head,20260907,1,22.650341691694734,22.70625,23.17573405863453,1.6503416916947344,1.7062500000000007,2.1757340586345286
1841.F05605,23,1841,1841:CUB028,male,head,20260907,1,24.24715830127231,22.85,21.614783329339595,1.2471583012723109,0.14999999999999858,1.3852166706604052
1841.F05607,20,1841,1841:CUB037,female,head,20260907,1,22.650341691694734,22.6375,22.42547661221366,2.6503416916947344,2.6374999999999993,2.425476612213661
1841.F05463,21,1841,1841:NAU124,female,head,20260907,1,22.650341691694734,23.3875,23.992686811639572,1.6503416916947344,2.3874999999999993,2.9926868116395724
1841.P16197,19,1841,1841:NAU107,female,hand,20260907,1,22.702738770098804,22.1125,22.557532718394413,3.7027387700988044,3.1125000000000007,3.5575327183944125
1841.P16199,21,1841,1841:NAU161,male,hand,20260907,1,24.137371240648196,25.19375,23.062997571083965,3.1373712406481964,4.193750000000001,2.062997571083965
2010.1394,27,2010,2010:1,female,head,20260907,1,27.246575169857778,38.43125,30.050104420409664,0.2465751698577776,11.431249999999999,3.0501044204096637
10317.000040124,46,10317,10317:103ec97d34a8daf110102310e23be292392f51db75531458f8f135039cb11fbaeed1ebd8c2cbfd97772d62c72352ab5c467dccf59885d5c82f03531039a41827,female,hand,20260907,1,48.87842114694861,40.875,45.651532350711534,2.878421146948611,5.125,0.34846764928846596
1841.P15177,18,1841,1841:NCS213,female,hand,20260907,1,22.702738770098804,23.0375,23.893296078971694,4.702738770098804,5.037500000000001,5.893296078971694
1841.F05814,32,1841,1841:NAU102,unknown,head,20260907,1,22.635627002717538,24.38125,17.448679923668124,9.364372997282462,7.618749999999999,14.551320076331876
1841.F05810,32,1841,1841:NAU102,unknown,head,20260907,1,22.635627002717538,22.86875,17.479232092170875,9.364372997282462,9.131250000000001,14.520767907829125
10317.000007113,60,10317,10317:2c2e468c2481938c25962a208bec11d9f0eeca11f8a06d48aa50be31a747dd0327f6137458e4dfda584fc42b4c5f35613440eef5b177a1d0569e16e7432648dd,male,hand,20260907,1,43.17424423708506,39.59375,46.34440835414763,16.825755762914937,20.40625,13.655591645852368
10317.000007112,60,10317,10317:2c2e468c2481938c25962a208bec11d9f0eeca11f8a06d48aa50be31a747dd0327f6137458e4dfda584fc42b4c5f35613440eef5b177a1d0569e16e7432648dd,male,hand,20260907,1,43.17424423708506,44.9625,46.99295440591207,16.825755762914937,15.037500000000001,13.007045594087927
2010.2777,24,2010,2010:37,female,head,20260907,1,27.246575169857778,26.98125,26.00984348304709,3.2465751698577776,2.9812499999999993,2.0098434830470886
10317.000007110,60,10317,10317:2c2e468c2481938c25962a208bec11d9f0eeca11f8a06d48aa50be31a747dd0327f6137458e4dfda584fc42b4c5f35613440eef5b177a1d0569e16e7432648dd,male,head,20260907,1,42.18545826801498,42.9625,44.98153625130149,17.814541731985017,17.0375,15.018463748698508
10317.000014464,41,10317,10317:a6784c1d3806fcca45ba186c495c648cf0cf10b392f120efe7f26f9c0e66051dc675a9c077f1f39993f524f521e594b30048ca45ea6cbc19b96938f9734afb55,male,head,20260907,1,42.18545826801498,34.66875,39.50741244626317,1.1854582680149832,6.331249999999997,1.4925875537368327
1841.F06468,36,1841,1841:CUB042,male,head,20260907,1,24.24715830127231,33.85,23.366526648288485,11.75284169872769,2.1499999999999986,12.633473351711515
1841.F06396,20,1841,1841:CUB037,female,head,20260907,1,22.650341691694734,24.16875,22.26502650205217,2.6503416916947344,4.168749999999999,2.2650265020521694
10317.000005646,65,10317,10317:98e719bb087e2058ac8f1e380218232d306e4f5c7d2359784abda5fddf02926beb32a6c0ba8383dd0026ec1f0d372d68007114cdd2512a3abb3d77158fa6f4d1,female,hand,20260907,1,48.87842114694861,43.325,48.7382083611139,16.12157885305139,21.674999999999997,16.261791638886102
10317.000005644,65,10317,10317:98e719bb087e2058ac8f1e380218232d306e4f5c7d2359784abda5fddf02926beb32a6c0ba8383dd0026ec1f0d372d68007114cdd2512a3abb3d77158fa6f4d1,female,head,20260907,1,48.8251818348013,43.45,47.1230198558462,16.1748181651987,21.549999999999997,17.876980144153798
10317.000005645,65,10317,10317:98e719bb087e2058ac8f1e380218232d306e4f5c7d2359784abda5fddf02926beb32a6c0ba8383dd0026ec1f0d372d68007114cdd2512a3abb3d77158fa6f4d1,female,hand,20260907,1,48.87842114694861,43.75,48.64970638613578,16.12157885305139,21.25,16.350293613864217
10317.000020708,38,10317,10317:06cf6f63a01f0bbf35a097b00d8e378ca6a8df068d8f99cb73feead69c041664f4cbec9fbc91e7f587844c43d5c16bab7d422b2890e7a2805db632fccecc39a0,female,hand,20260907,1,48.87842114694861,41.09375,42.248457037122265,10.878421146948611,3.09375,4.2484570371222645
1841.P15789,21,1841,1841:NAU161,male,hand,20260907,1,24.137371240648196,25.1,20.24981460512749,3.1373712406481964,4.100000000000001,0.7501853948725099
1841.F05665,21,1841,1841:CUB038,female,head,20260907,1,22.650341691694734,25.375,25.593174649971072,1.6503416916947344,4.375,4.593174649971072
1841.F05662,21,1841,1841:CUB003,female,head,20260907,1,22.650341691694734,23.39375,23.224056381726825,1.6503416916947344,2.3937500000000007,2.2240563817268253
10317.000015354,35,10317,10317:3e61f3e0bf34ee92653b3e1a4bce3fbbf22e7a5be5fc03a5c5d44f0d311d4f9ec4e1c0d98964bdbdf2f1d537fbd16c0b62503f50d8923e608eb8aacd64cb9fa3,male,hand,20260907,1,43.17424423708506,42.73125,45.02646309312088,8.174244237085063,7.731250000000003,10.026463093120881
10317.000015352,35,10317,10317:3e61f3e0bf34ee92653b3e1a4bce3fbbf22e7a5be5fc03a5c5d44f0d311d4f9ec4e1c0d98964bdbdf2f1d537fbd16c0b62503f50d8923e608eb8aacd64cb9fa3,male,head,20260907,1,42.18545826801498,46.7625,47.479845185307695,7.185458268014983,11.762500000000003,12.479845185307695
10317.000015351,35,10317,10317:3e61f3e0bf34ee92653b3e1a4bce3fbbf22e7a5be5fc03a5c5d44f0d311d4f9ec4e1c0d98964bdbdf2f1d537fbd16c0b62503f50d8923e608eb8aacd64cb9fa3,male,hand,20260907,1,43.17424423708506,43.4625,44.133493363774775,8.174244237085063,8.462499999999999,9.133493363774775
1841.F05835,19,1841,1841:NAU107,female,head,20260907,1,22.650341691694734,24.16875,23.27053139172628,3.6503416916947344,5.168749999999999,4.27053139172628
1841.F05838,32,1841,1841:NAU102,unknown,head,20260907,1,22.635627002717538,24.0375,18.77315718472727,9.364372997282462,7.962499999999999,13.226842815272729
2010.1218,27,2010,2010:1,female,head,20260907,1,27.246575169857778,38.19375,29.07519512595234,0.2465751698577776,11.193750000000001,2.075195125952341
1841.F05620,36,1841,1841:CUB042,male,head,20260907,1,24.24715830127231,30.41875,24.953878769945835,11.75284169872769,5.581250000000001,11.046121230054165
1841.P16016,19,1841,1841:NAU107,female,hand,20260907,1,22.702738770098804,22.825,24.155193007779463,3.7027387700988044,3.8249999999999993,5.155193007779463
10317.000028935,49,10317,10317:59c5a0dcd9d6d45203241bf0d68b0edca829b4582f84f330ac3af24222033b834f16c878479c24ee630d0f140e43b819dacac90ab05a15289947fda4549dfdec,male,head,20260907,1,42.18545826801498,47.6625,47.817912962194576,6.814541731985017,1.3374999999999986,1.1820870378054238
10317.000068950,39,10317,10317:aa8c21f5078bc7371b21ffbe19854212c26e4ba8b087307ab121b615566704bf41428d321554791b675f216db7f7d1922190d57c119c58c01ff5e6a1b7a11da3,male,hand,20260907,1,43.17424423708506,37.6125,37.56571106384173,4.1742442370850625,1.3875000000000028,1.4342889361582678
1841.F06446,21,1841,1841:CUB012,female,head,20260907,1,22.650341691694734,27.375,27.778927305620755,1.6503416916947344,6.375,6.778927305620755
1841.F05588,21,1841,1841:NAU124,female,head,20260907,1,22.650341691694734,22.5,24.45745803843819,1.6503416916947344,1.5,3.4574580384381903
1841.F05365,18,1841,1841:NCS213,female,head,20260907,1,22.650341691694734,23.16875,23.618733545558328,4.650341691694734,5.168749999999999,5.618733545558328
1841.F06488,21,1841,1841:CUB038,female,head,20260907,1,22.650341691694734,25.83125,23.92032186057931,1.6503416916947344,4.831250000000001,2.9203218605793104
1841.P16565,21,1841,1841:CUB038,female,hand,20260907,1,22.702738770098804,23.675,24.852367714427757,1.7027387700988044,2.6750000000000007,3.852367714427757
2010.2902,24,2010,2010:37,female,head,20260907,1,27.246575169857778,26.0625,25.202434602682317,3.2465751698577776,2.0625,1.2024346026823167
1841.F05110,20,1841,1841:NAU119,male,head,20260907,1,24.24715830127231,22.5875,20.529841031393516,4.247158301272311,2.5874999999999986,0.5298410313935165
1841.F05113,21,1841,1841:NAU124,female,head,20260907,1,22.650341691694734,24.975,26.52485427344968,1.6503416916947344,3.9750000000000014,5.52485427344968
1841.F05116,21,1841,1841:NAU124,female,head,20260907,1,22.650341691694734,23.89375,26.410875703473117,1.6503416916947344,2.8937500000000007,5.410875703473117
1841.P16600,21,1841,1841:CUB003,female,hand,20260907,1,22.702738770098804,26.88125,25.53093798192706,1.7027387700988044,5.881250000000001,4.53093798192706
1841.P16601,21,1841,1841:CUB012,female,hand,20260907,1,22.702738770098804,24.09375,23.825840046445705,1.7027387700988044,3.09375,2.8258400464457054
1841.P15111,18,1841,1841:NCS213,female,hand,20260907,1,22.702738770098804,24.575,24.570249334517943,4.702738770098804,6.574999999999999,6.570249334517943
1841.P15990,23,1841,1841:CUB028,male,hand,20260907,1,24.137371240648196,22.6875,20.449523668242904,1.1373712406481964,0.3125,2.550476331757096
1841.P15997,36,1841,1841:CUB042,male,hand,20260907,1,24.137371240648196,34.16875,26.633145277430664,11.862628759351804,1.8312499999999972,9.366854722569336
1841.F05562,21,1841,1841:NAU124,female,head,20260907,1,22.650341691694734,22.7125,25.058175877920934,1.6503416916947344,1.7124999999999986,4.0581758779209345
10317.000015152,25,10317,10317:bf103398cbf34d2fdf0ce89d2a4729ec061457ba078a27fff88e775557fa7a6206e6693e016f411dfc8700f10c5787107d76b31f1914db25cee356c3ffb2ee1c,male,hand,20260907,1,43.17424423708506,42.39375,44.773180468175624,18.174244237085063,17.393749999999997,19.773180468175624
10317.000015154,25,10317,10317:bf103398cbf34d2fdf0ce89d2a4729ec061457ba078a27fff88e775557fa7a6206e6693e016f411dfc8700f10c5787107d76b31f1914db25cee356c3ffb2ee1c,male,head,20260907,1,42.18545826801498,40.96875,41.1553601060592,17.185458268014983,15.96875,16.1553601060592
1841.F06489,21,1841,1841:CUB012,female,head,20260907,1,22.650341691694734,29.95,27.538833879539332,1.6503416916947344,8.95,6.538833879539332
10317.000033403,37,10317,10317:8a84e546f33305e110f2059f0c1a87a533d58f09e3ae2fd4519dcf3418d8d566956b23eebebef879dda59b2ae8ba5c775acf7a5181d6b381697b949a1c8cefc6,male,head,20260907,1,42.18545826801498,42.7,44.907724945201906,5.185458268014983,5.700000000000003,7.907724945201906
1841.F06548,20,1841,1841:CUB037,female,head,20260907,1,22.650341691694734,24.0375,23.697100864188997,2.6503416916947344,4.037500000000001,3.6971008641889966
1841.P15392,21,1841,1841:NCS262,male,hand,20260907,1,24.137371240648196,22.075,21.05154554013493,3.1373712406481964,1.0749999999999993,0.0515455401349314
10317.000005161,29,10317,10317:80ed9beefa64e1af619f5d370d79a21b435d10677f5b936ec3554234d47090f2a865337c8ff29f55d3cfc78a4c4fcf22efe713697872112639889bda9805a03e,male,head,20260907,1,42.18545826801498,45.275,44.54244495532617,13.185458268014983,16.275,15.542444955326168
10317.000005160,29,10317,10317:80ed9beefa64e1af619f5d370d79a21b435d10677f5b936ec3554234d47090f2a865337c8ff29f55d3cfc78a4c4fcf22efe713697872112639889bda9805a03e,male,hand,20260907,1,43.17424423708506,47.0375,47.46026681228174,14.174244237085063,18.0375,18.460266812281738
1841.P15083,21,1841,1841:CUB012,female,hand,20260907,1,22.702738770098804,24.45625,28.333682511944144,1.7027387700988044,3.4562500000000007,7.333682511944144
1841.F05613,23,1841,1841:CUB028,male,head,20260907,1,24.24715830127231,25.175,21.348442341506782,1.2471583012723109,2.1750000000000007,1.6515576584932177
1841.P15708,19,1841,1841:NAU107,female,hand,20260907,1,22.702738770098804,22.65,23.808769576376605,3.7027387700988044,3.6499999999999986,4.808769576376605
1841.P15709,21,1841,1841:NAU161,male,hand,20260907,1,24.137371240648196,23.5625,21.300519064817703,3.1373712406481964,2.5625,0.30051906481770274
1841.F06205,21,1841,1841:NAU124,female,head,20260907,1,22.650341691694734,23.5125,25.053649945382123,1.6503416916947344,2.5124999999999993,4.053649945382123
10317.000028314,57,10317,10317:22d2760f969511df810ec5b468e81eb97e8822f3d303b2f72a874ee4196f9a705e1460b3be27a0a183fa9f8847872de4f8bf255567a7def57c62e260e4d758f0,male,head,20260907,1,42.18545826801498,41.50625,42.33050097784249,14.814541731985017,15.493749999999999,14.66949902215751
1841.F05155,19,1841,1841:NAU107,female,head,20260907,1,22.650341691694734,23.6875,23.117376066331953,3.6503416916947344,4.6875,4.117376066331953
1841.F06568,21,1841,1841:CUB038,female,head,20260907,1,22.650341691694734,22.29375,23.64669214576297,1.6503416916947344,1.2937499999999993,2.6466921457629695
1841.P16184,32,1841,1841:NAU102,unknown,hand,20260907,1,22.690907106257644,24.04375,17.873670870664753,9.309092893742356,7.956250000000001,14.126329129335247
1841.P15515,20,1841,1841:NAU119,male,hand,20260907,1,24.137371240648196,22.41875,20.835026866207897,4.137371240648196,2.4187499999999993,0.8350268662078975
1841.P15511,20,1841,1841:NAU119,male,hand,20260907,1,24.137371240648196,23.29375,21.323292904369406,4.137371240648196,3.2937499999999993,1.3232929043694064
1841.F05521,19,1841,1841:NAU107,female,head,20260907,1,22.650341691694734,23.5625,21.636318438020105,3.6503416916947344,4.5625,2.636318438020105
1841.F06492,36,1841,1841:CUB042,male,head,20260907,1,24.24715830127231,28.4125,20.835233659561723,11.75284169872769,7.587499999999999,15.164766340438277
1841.P16093,21,1841,1841:NAU124,female,hand,20260907,1,22.702738770098804,23.14375,24.837853237059544,1.7027387700988044,2.1437500000000007,3.8378532370595444
10317.000069003,22,10317,10317:6c9d8d2f421f87624a87ae9bbee457570d9633bf4eaf97f36b65a13462bc290706c4dec83b825a291b12b7a777d237b75c8f935a0f1de4e6ee5b105ab5de7c0c,male,head,20260907,1,42.18545826801498,34.9125,36.004007600246126,20.185458268014983,12.912500000000001,14.004007600246126
1841.P15720,21,1841,1841:NAU124,female,hand,20260907,1,22.702738770098804,22.99375,22.49520958407136,1.7027387700988044,1.9937499999999986,1.495209584071361
10317.000031898,34,10317,10317:f7d599694238b74a09daca6c98fc12816a2f8fb52871032650e28d1b3817096404a96c1f0c84c57d6c558db1c22e281e2af87b6fe26c5b1727f23ea6fd789556,male,head,20260907,1,42.18545826801498,36.94375,41.846567994547165,8.185458268014983,2.9437500000000014,7.846567994547165
1841.P16401,21,1841,1841:NAU124,female,hand,20260907,1,22.702738770098804,23.76875,26.07797408943831,1.7027387700988044,2.7687500000000007,5.07797408943831
1841.F06502,21,1841,1841:CUB038,female,head,20260907,1,22.650341691694734,23.83125,22.752388018482225,1.6503416916947344,2.8312500000000007,1.7523880184822254
1841.P15579,21,1841,1841:NAU124,female,hand,20260907,1,22.702738770098804,23.85625,25.2696956908431,1.7027387700988044,2.8562499999999993,4.2696956908431005
1841.P15573,21,1841,1841:NAU124,female,hand,20260907,1,22.702738770098804,24.85625,23.7498793286382,1.7027387700988044,3.8562499999999993,2.749879328638201
1841.F05056,21,1841,1841:NAU161,male,head,20260907,1,24.24715830127231,25.4625,20.833505243101747,3.247158301272311,4.462499999999999,0.16649475689825266
1841.F06436,21,1841,1841:CUB003,female,head,20260907,1,22.650341691694734,25.7125,24.33394459166051,1.6503416916947344,4.712499999999999,3.3339445916605115
10317.000063219,34,10317,10317:a392cbf64e250298f990fe6714ca17e38472972feee9471db99da4dfcfd1fe8b106d9ec41e004081362ba7728e8ac7a9d25f3b658d31bc856798d1c4eabb81c0,male,hand,20260907,1,43.17424423708506,35.55,37.24756537782413,9.174244237085063,1.5499999999999972,3.247565377824131
10317.000015060,80,10317,10317:8dd14dd80ae9b69218b4942e80486ca4299a19f9342258835b868633bfa7bff6581b9102dd034b2a58f5ea1a74b8a2ec5b06b38aca104935d0e20a6925b670f2,unknown,hand,20260907,1,38.93422250130329,48.6375,50.17842654154698,41.06577749869671,31.362499999999997,29.821573458453017
1841.F06526,23,1841,1841:CUB028,male,head,20260907,1,24.24715830127231,23.35,21.40660478934686,1.2471583012723109,0.3500000000000014,1.5933952106531386
1841.P15087,36,1841,1841:CUB042,male,hand,20260907,1,24.137371240648196,34.30625,25.05461446668299,11.862628759351804,1.6937500000000014,10.945385533317008
1841.P15081,21,1841,1841:CUB038,female,hand,20260907,1,22.702738770098804,27.56875,25.27542725714979,1.7027387700988044,6.568750000000001,4.27542725714979
1841.P15229,21,1841,1841:CUB012,female,hand,20260907,1,22.702738770098804,27.4125,29.376708940391577,1.7027387700988044,6.412500000000001,8.376708940391577
1841.F05075,20,1841,1841:NAU119,male,head,20260907,1,24.24715830127231,23.4625,19.948087158547,4.247158301272311,3.4624999999999986,0.05191284145299946
1841.P15941,23,1841,1841:CUB028,male,hand,20260907,1,24.137371240648196,22.625,20.115172584497056,1.1373712406481964,0.375,2.8848274155029436
1841.P15945,21,1841,1841:CUB003,female,hand,20260907,1,22.702738770098804,25.21875,23.04482224322968,1.7027387700988044,4.21875,2.0448222432296816
1841.P16445,21,1841,1841:NAU161,male,hand,20260907,1,24.137371240648196,23.95625,20.56361459658805,3.1373712406481964,2.9562500000000007,0.43638540341195053
10317.000066855,27,10317,10317:73bf3573928ab6f8e0dbef1783c99aa8c96f8a341909051dbaaf5e003778464fdf40cee56b971bea2c557859ebdc3351dddc89230df6458726716c8fe13e3583,female,hand,20260907,1,48.87842114694861,36.8125,38.49200043065399,21.87842114694861,9.8125,11.492000430653988
1841.P15207,23,1841,1841:CUB028,male,hand,20260907,1,24.137371240648196,24.4125,22.254823092983788,1.1373712406481964,1.4125000000000014,0.7451769070162122
1841.P15205,21,1841,1841:CUB003,female,hand,20260907,1,22.702738770098804,29.20625,30.66605722728256,1.7027387700988044,8.20625,9.666057227282561
1841.P15201,23,1841,1841:CUB028,male,hand,20260907,1,24.137371240648196,23.79375,22.21790640571153,1.1373712406481964,0.7937499999999993,0.7820935942884688
1841.F05909,18,1841,1841:NCS213,female,head,20260907,1,22.650341691694734,22.69375,23.411188497948377,4.650341691694734,4.693750000000001,5.411188497948377
1841.P16160,32,1841,1841:NAU102,unknown,hand,20260907,1,22.690907106257644,23.05,18.8268653100604,9.309092893742356,8.95,13.173134689939602
10317.000069082,22,10317,10317:62da411fb1daa598c9de6fec6d4999096c07c935e32acd264bd45573737d7ca012c560ebc6a3ff42a617cdb54d7d364fb719fc379b15ab5e772bbf3a7356dbde,female,hand,20260907,1,48.87842114694861,33.575,40.413516621052224,26.87842114694861,11.575000000000003,18.413516621052224
1841.P15926,21,1841,1841:CUB012,female,hand,20260907,1,22.702738770098804,24.41875,27.483772525761495,1.7027387700988044,3.4187499999999993,6.483772525761495
1841.F06287,21,1841,1841:NAU161,male,head,20260907,1,24.24715830127231,24.05,20.44031288880387,3.247158301272311,3.0500000000000007,0.5596871111961299
10317.000033429,62,10317,10317:1b595cbd54b82f80c4b023585b3a8baad15d027aab0c5b04a69b8c3e9e5d48bfcb2d532872548685bc12d0c706255362bb8a230524186fc6cc64f429295eb166,female,hand,20260907,1,48.87842114694861,49.6125,54.36783190056126,13.121578853051389,12.387500000000003,7.6321680994387435
1841.F05226,32,1841,1841:NAU102,unknown,head,20260907,1,22.635627002717538,25.08125,16.497647549633637,9.364372997282462,6.918749999999999,15.502352450366363
10317.000023667,41,10317,10317:4f4512f9ca8dd41284a2463c8496ef3405ebc0188c8fcb1bacb236d71b61de04174823da6ad26715031b7936e03c152bc15cd335c36b25dee976cfdc089dd6e2,male,head,20260907,1,42.18545826801498,42.18125,45.407251797550266,1.1854582680149832,1.1812499999999986,4.407251797550266
1841.P16311,32,1841,1841:NAU102,unknown,hand,20260907,1,22.690907106257644,24.29375,18.858682375638324,9.309092893742356,7.706250000000001,13.141317624361676
10317.000004059,66,10317,10317:f57b4981ac785615aba8f290342788db9294e4ab6b643dfb22eed77da0a189aacfb59ca5f5cf63c481d99849f549972a540d8f2170fbc94b25f2f659ad1687d8,male,hand,20260907,1,43.17424423708506,45.0,46.37791001065296,22.825755762914937,21.0,19.62208998934704
10317.000004058,66,10317,10317:f57b4981ac785615aba8f290342788db9294e4ab6b643dfb22eed77da0a189aacfb59ca5f5cf63c481d99849f549972a540d8f2170fbc94b25f2f659ad1687d8,male,head,20260907,1,42.18545826801498,45.38125,48.44165194906657,23.814541731985017,20.61875,17.558348050933432
10317.000071442,22,10317,10317:3f7869fcd99617b9f2bf18fbf0bd9979e5887887afaedf57e4fde973b8756b3be0e2e24ed76f875086eaf6c006b354b48c001d1a162093cbffe2caa0db0ecffc,male,head,20260907,1,42.18545826801498,39.325,41.953138272321176,20.185458268014983,17.325000000000003,19.953138272321176
10317.000002722,67,10317,10317:552862a47c1f4572c6de06ef045a0b5dfe8124f8167b59fc9e3602a42e27303ea444e307e4d303917535cb422622610350e6897ddbc33a1a70a49944b51adc14,male,head,20260907,1,42.18545826801498,40.375,40.53878164248676,24.814541731985017,26.625,26.46121835751324
1841.P15596,19,1841,1841:NAU107,female,hand,20260907,1,22.702738770098804,22.75,23.466269613301424,3.7027387700988044,3.75,4.466269613301424
1841.P15267,21,1841,1841:CUB003,female,hand,20260907,1,22.702738770098804,23.81875,24.746388751850596,1.7027387700988044,2.8187500000000014,3.7463887518505956
1841.P15059,23,1841,1841:CUB028,male,hand,20260907,1,24.137371240648196,23.64375,22.643639229974458,1.1373712406481964,0.6437500000000007,0.35636077002554245
1841.F05692,21,1841,1841:CUB003,female,head,20260907,1,22.650341691694734,23.2375,22.981130097862017,1.6503416916947344,2.2375000000000007,1.9811300978620174
1841.F05969,18,1841,1841:NCS213,female,head,20260907,1,22.650341691694734,22.9,22.671144442500616,4.650341691694734,4.899999999999999,4.671144442500616
1841.P16102,21,1841,1841:NAU124,female,hand,20260907,1,22.702738770098804,23.91875,23.83511079183377,1.7027387700988044,2.9187499999999993,2.8351107918337703
10317.000006972,61,10317,10317:71663baf1b46589d68296c0b2c93208b950a8d8f87dd95255336d0e162d3d45a6922f6512a1dbbbdecd027ff264b625773e6d10d54f1a7750050d3b813d4eadd,female,hand,20260907,1,48.87842114694861,39.2875,46.15924843447574,12.121578853051389,21.7125,14.840751565524258
2010.1308,27,2010,2010:7,female,head,20260907,1,27.246575169857778,35.80625,28.82630455281922,0.2465751698577776,8.806249999999999,1.82630455281922
2010.1302,34,2010,2010:5,female,head,20260907,1,27.246575169857778,39.25625,30.79694716909531,6.753424830142222,5.256250000000001,3.2030528309046886
1841.P15904,20,1841,1841:CUB037,female,hand,20260907,1,22.702738770098804,22.80625,22.866884263125932,2.7027387700988044,2.8062499999999986,2.8668842631259324
1841.P15908,21,1841,1841:CUB038,female,hand,20260907,1,22.702738770098804,23.425,23.7593980142507,1.7027387700988044,2.4250000000000007,2.7593980142506993
1841.P15909,21,1841,1841:CUB003,female,hand,20260907,1,22.702738770098804,24.4,24.455348082671645,1.7027387700988044,3.3999999999999986,3.4553480826716445
10317.000004056,52,10317,10317:6d4586a1f7c90185bb4ec90e82083cc45b12d79db4919f699dc24cc403347dfd5df17e6008b69cf2b3109ddb41512f4d7a52c91b647c1b59bfd31e8057bfcb0f,male,hand,20260907,1,43.17424423708506,43.71875,46.67745806027187,8.825755762914937,8.28125,5.322541939728133
1841.P15679,36,1841,1841:CUB042,male,hand,20260907,1,24.137371240648196,30.15625,21.90945083602235,11.862628759351804,5.84375,14.090549163977649
10317.000048405,28,10317,10317:4287cb26d2ebcaddb5129d95ff2d4ae496c47b0162672df93082abfc9303671b6d9332bfe211f6530019940e6d40144094a4bc4c012716375b5e72166c04b6e2,female,hand,20260907,1,48.87842114694861,48.9875,55.316844967899144,20.87842114694861,20.987499999999997,27.316844967899144
10317.000048407,28,10317,10317:4287cb26d2ebcaddb5129d95ff2d4ae496c47b0162672df93082abfc9303671b6d9332bfe211f6530019940e6d40144094a4bc4c012716375b5e72166c04b6e2,female,head,20260907,1,48.8251818348013,42.125,48.90617436300991,20.8251818348013,14.125,20.90617436300991
10317.000048406,28,10317,10317:4287cb26d2ebcaddb5129d95ff2d4ae496c47b0162672df93082abfc9303671b6d9332bfe211f6530019940e6d40144094a4bc4c012716375b5e72166c04b6e2,female,hand,20260907,1,48.87842114694861,46.35625,51.53554836871672,20.87842114694861,18.356250000000003,23.535548368716718
1841.F05201,19,1841,1841:NAU107,female,head,20260907,1,22.650341691694734,22.86875,22.122429585266865,3.6503416916947344,3.8687499999999986,3.1224295852668646
1841.F05202,21,1841,1841:NAU161,male,head,20260907,1,24.24715830127231,26.1625,21.103828304658283,3.247158301272311,5.162500000000001,0.10382830465828263
1841.P16426,20,1841,1841:NAU119,male,hand,20260907,1,24.137371240648196,23.2125,21.601712106852705,4.137371240648196,3.2124999999999986,1.6017121068527054
1841.P16373,20,1841,1841:NAU128,female,hand,20260907,1,22.702738770098804,25.8375,26.055436306583008,2.7027387700988044,5.837499999999999,6.055436306583008
1841.P16397,32,1841,1841:NAU102,unknown,hand,20260907,1,22.690907106257644,23.49375,19.229535578986564,9.309092893742356,8.506250000000001,12.770464421013436
1841.P16590,23,1841,1841:CUB028,male,hand,20260907,1,24.137371240648196,23.58125,20.38380599707048,1.1373712406481964,0.5812500000000007,2.6161940029295216
1841.F06586,21,1841,1841:CUB003,female,head,20260907,1,22.650341691694734,24.14375,23.22254227715321,1.6503416916947344,3.1437500000000007,2.2225422771532095
1841.F06581,21,1841,1841:CUB003,female,head,20260907,1,22.650341691694734,27.06875,26.747516240273043,1.6503416916947344,6.068750000000001,5.747516240273043
1841.P15240,21,1841,1841:CUB012,female,hand,20260907,1,22.702738770098804,27.34375,28.74580942946791,1.7027387700988044,6.34375,7.745809429467911
10317.000007122,60,10317,10317:2c2e468c2481938c25962a208bec11d9f0eeca11f8a06d48aa50be31a747dd0327f6137458e4dfda584fc42b4c5f35613440eef5b177a1d0569e16e7432648dd,male,hand,20260907,1,43.17424423708506,43.50625,48.11745296724515,16.825755762914937,16.49375,11.88254703275485
10317.000007123,60,10317,10317:2c2e468c2481938c25962a208bec11d9f0eeca11f8a06d48aa50be31a747dd0327f6137458e4dfda584fc42b4c5f35613440eef5b177a1d0569e16e7432648dd,male,hand,20260907,1,43.17424423708506,44.71875,46.49797426341558,16.825755762914937,15.28125,13.502025736584422
10317.000007121,60,10317,10317:2c2e468c2481938c25962a208bec11d9f0eeca11f8a06d48aa50be31a747dd0327f6137458e4dfda584fc42b4c5f35613440eef5b177a1d0569e16e7432648dd,male,head,20260907,1,42.18545826801498,53.05,51.2326345166931,17.814541731985017,6.950000000000003,8.767365483306897
1841.P16294,21,1841,1841:NAU161,male,hand,20260907,1,24.137371240648196,26.43125,24.488419028079075,3.1373712406481964,5.431249999999999,3.4884190280790754
1841.F05941,18,1841,1841:NCS213,female,head,20260907,1,22.650341691694734,26.69375,24.20927349593628,4.650341691694734,8.693750000000001,6.20927349593628
1841.F05415,20,1841,1841:NAU119,male,head,20260907,1,24.24715830127231,23.19375,19.828302122528974,4.247158301272311,3.1937500000000014,0.1716978774710256
10317.000068799,30,10317,10317:219fdff6b9dcec67c1aa0b866cb025d68ac35295256f63c520911912293fe0849d61cd408675c0305a5c92df708363f8172fc8e6969982b5a49c4e44d28547fb,female,head,20260907,1,48.8251818348013,41.275,45.88872167251056,18.8251818348013,11.274999999999999,15.888721672510563
10317.000063212,34,10317,10317:a392cbf64e250298f990fe6714ca17e38472972feee9471db99da4dfcfd1fe8b106d9ec41e004081362ba7728e8ac7a9d25f3b658d31bc856798d1c4eabb81c0,male,head,20260907,1,42.18545826801498,34.71875,38.83685803077012,8.185458268014983,0.71875,4.836858030770117
10317.000005234,55,10317,10317:45e54011490a1e8319d45ba35b5c9c687e4ec395fd00d5bd3b927f21b897135e002c9c488ced29f5644e9cc87c9d6d420ce68c9a95f88b151cd7a4c6182ead64,male,hand,20260907,1,43.17424423708506,38.875,42.545865699949765,11.825755762914937,16.125,12.454134300050235
1841.P16034,21,1841,1841:NAU161,male,hand,20260907,1,24.137371240648196,23.3625,21.8056341577127,3.1373712406481964,2.3625000000000007,0.8056341577126993
1841.F05496,19,1841,1841:NAU107,female,head,20260907,1,22.650341691694734,23.5375,22.2910759892231,3.6503416916947344,4.537500000000001,3.291075989223099
1841.P15004,20,1841,1841:CUB037,female,hand,20260907,1,22.702738770098804,22.4375,23.809565060059892,2.7027387700988044,2.4375,3.8095650600598923
1841.P15007,21,1841,1841:CUB003,female,hand,20260907,1,22.702738770098804,23.1875,24.372836762294945,1.7027387700988044,2.1875,3.372836762294945
1841.P15001,23,1841,1841:CUB028,male,hand,20260907,1,24.137371240648196,22.13125,20.876874523867183,1.1373712406481964,0.8687499999999986,2.1231254761328167
1841.P15003,23,1841,1841:CUB028,male,hand,20260907,1,24.137371240648196,22.90625,21.40125964107538,1.1373712406481964,0.09375,1.5987403589246192
1841.F06303,20,1841,1841:CUB037,female,head,20260907,1,22.650341691694734,24.35625,22.797291748655176,2.6503416916947344,4.356249999999999,2.7972917486551765
10317.000068811,23,10317,10317:aa700130bf2ad84f7dfbd70f11a1ed544685dac3b0af8c4231219413d86330f5973915da8180c4eaa587cffc3aa156c9dafbf597461ddd6251fef35831bd365a,male,head,20260907,1,42.18545826801498,35.725,37.83932389114759,19.185458268014983,12.725000000000001,14.839323891147593
1841.F05439,21,1841,1841:NAU161,male,head,20260907,1,24.24715830127231,25.19375,19.10607139204427,3.247158301272311,4.193750000000001,1.8939286079557291
1841.F05434,20,1841,1841:NAU119,male,head,20260907,1,24.24715830127231,23.725,21.12620291527234,4.247158301272311,3.7250000000000014,1.1262029152723407
2010.1347,34,2010,2010:5,female,head,20260907,1,27.246575169857778,36.16875,29.376173591013934,6.753424830142222,2.168750000000003,4.623826408986066
1841.P15025,21,1841,1841:CUB003,female,hand,20260907,1,22.702738770098804,25.0,25.843662861152367,1.7027387700988044,4.0,4.843662861152367
1841.P15221,36,1841,1841:CUB042,male,hand,20260907,1,24.137371240648196,33.2625,25.709741077531874,11.862628759351804,2.737499999999997,10.290258922468126
1841.F05987,18,1841,1841:NCS213,female,head,20260907,1,22.650341691694734,23.175,22.92798036586788,4.650341691694734,5.175000000000001,4.927980365867882
10317.000015058,80,10317,10317:8dd14dd80ae9b69218b4942e80486ca4299a19f9342258835b868633bfa7bff6581b9102dd034b2a58f5ea1a74b8a2ec5b06b38aca104935d0e20a6925b670f2,unknown,hand,20260907,1,38.93422250130329,52.35625,53.00770509111385,41.06577749869671,27.643749999999997,26.99229490888615
1841.P16251,20,1841,1841:NAU119,male,hand,20260907,1,24.137371240648196,22.9375,20.752475863859377,4.137371240648196,2.9375,0.7524758638593774
1841.P16068,21,1841,1841:NAU124,female,hand,20260907,1,22.702738770098804,22.4375,24.48102948662696,1.7027387700988044,1.4375,3.4810294866269587
10317.000009540,53,10317,10317:58d4b73b2478e68af9ec6ecd6f84a5c5b12f4bc9800c9f70889f2bf166a48e6c18a19edff402e2d4ba36c6c10a1cb0f060bef325706d3ec31b9f0e301d253e1a,female,head,20260907,1,48.8251818348013,48.21875,53.72842387115839,4.174818165198701,4.78125,0.728423871158391
1841.F06346,21,1841,1841:CUB012,female,head,20260907,1,22.650341691694734,27.05,25.825359873402128,1.6503416916947344,6.050000000000001,4.825359873402128
1841.P15407,18,1841,1841:NCS213,female,hand,20260907,1,22.702738770098804,23.575,23.731600154039334,4.702738770098804,5.574999999999999,5.731600154039334
1841.P16278,21,1841,1841:NAU124,female,hand,20260907,1,22.702738770098804,24.73125,24.98704738735685,1.7027387700988044,3.7312499999999993,3.9870473873568493
1841.F05470,19,1841,1841:NAU107,female,head,20260907,1,22.650341691694734,23.925,23.780686742841183,3.6503416916947344,4.925000000000001,4.7806867428411834
1841.F05645,21,1841,1841:CUB038,female,head,20260907,1,22.650341691694734,24.00625,25.189067958300217,1.6503416916947344,3.0062500000000014,4.1890679583002175
1841.P16182,20,1841,1841:NAU119,male,hand,20260907,1,24.137371240648196,24.4,21.47670605704235,4.137371240648196,4.399999999999999,1.4767060570423496
1841.P15988,21,1841,1841:CUB012,female,hand,20260907,1,22.702738770098804,26.61875,26.48383909917312,1.7027387700988044,5.618749999999999,5.483839099173121
1841.P15985,20,1841,1841:CUB037,female,hand,20260907,1,22.702738770098804,30.125,28.60703383565751,2.7027387700988044,10.125,8.60703383565751
1841.P15181,18,1841,1841:NCS213,female,hand,20260907,1,22.702738770098804,26.64375,22.888060171271817,4.702738770098804,8.64375,4.8880601712718175
1841.F05804,21,1841,1841:NAU124,female,head,20260907,1,22.650341691694734,23.30625,25.118174065967217,1.6503416916947344,2.3062499999999986,4.118174065967217
1841.P16516,21,1841,1841:CUB012,female,hand,20260907,1,22.702738770098804,23.84375,25.190833929499476,1.7027387700988044,2.84375,4.190833929499476
10317.000007128,39,10317,10317:8b672a386ead28ace9c7eaea68003a8d0be6651cf9544c799a49155c372bc6524d53fd7aae5b008caced52ac352c5fe0a4810a846032621cf2d9fc79200e1218,unknown,head,20260907,1,37.1173129807584,45.23125,41.64369399907844,1.882687019241601,6.231250000000003,2.6436939990784367
10317.000007129,39,10317,10317:8b672a386ead28ace9c7eaea68003a8d0be6651cf9544c799a49155c372bc6524d53fd7aae5b008caced52ac352c5fe0a4810a846032621cf2d9fc79200e1218,unknown,hand,20260907,1,38.93422250130329,44.59375,43.71724935536977,0.06577749869671123,5.59375,4.717249355369773
2010.1246,34,2010,2010:5,female,head,20260907,1,27.246575169857778,35.65,28.533601247727383,6.753424830142222,1.6499999999999986,5.466398752272617
10317.000028943,46,10317,10317:f418e55e3e56cef19b56c0429433fa84e94863f2dc63628da31cf79cf361518786dfccf3fb6ae6e69d5dda970371a55dfedfec2e4e44bf990c150a4b1010a10a,male,hand,20260907,1,43.17424423708506,44.0375,45.88952236582374,2.8257557629149375,1.9624999999999986,0.110477634176263
10317.000028942,46,10317,10317:f418e55e3e56cef19b56c0429433fa84e94863f2dc63628da31cf79cf361518786dfccf3fb6ae6e69d5dda970371a55dfedfec2e4e44bf990c150a4b1010a10a,male,hand,20260907,1,43.17424423708506,45.2,48.24381963532433,2.8257557629149375,0.7999999999999972,2.2438196353243285
10317.000063440,30,10317,10317:012c33f74519c193ec10f17ef58846a7db07b462e5497db82c40fedc4ca3edac7e3c610143fdb11e0e0617da7dcd562ee2bf2be850227286ef06ab72c6361d25,male,head,20260907,1,42.18545826801498,37.125,37.10522461301907,12.185458268014983,7.125,7.105224613019068
10317.000063447,30,10317,10317:012c33f74519c193ec10f17ef58846a7db07b462e5497db82c40fedc4ca3edac7e3c610143fdb11e0e0617da7dcd562ee2bf2be850227286ef06ab72c6361d25,male,hand,20260907,1,43.17424423708506,38.2625,42.02831470539474,13.174244237085063,8.262500000000003,12.028314705394742
1841.F06410,21,1841,1841:CUB012,female,head,20260907,1,22.650341691694734,25.525,27.814962769044676,1.6503416916947344,4.524999999999999,6.814962769044676
1841.F06414,36,1841,1841:CUB042,male,head,20260907,1,24.24715830127231,29.5375,20.48490320474085,11.75284169872769,6.462499999999999,15.51509679525915
10317.000049130,48,10317,10317:9f89ce9cb3dd20b1b698031ff7eb1f66511855e4c05edd9fc525916e365f4d81ff5e46e5432e82c4e4cc62f66a9167138f3bce9a784b0404333ee6c82e195bd6,male,head,20260907,1,42.18545826801498,43.5125,42.010398613536225,5.814541731985017,4.487499999999997,5.989601386463775
10317.000049131,48,10317,10317:9f89ce9cb3dd20b1b698031ff7eb1f66511855e4c05edd9fc525916e365f4d81ff5e46e5432e82c4e4cc62f66a9167138f3bce9a784b0404333ee6c82e195bd6,male,hand,20260907,1,43.17424423708506,40.375,42.87309516563849,4.8257557629149375,7.625,5.126904834361511
10317.000049132,48,10317,10317:9f89ce9cb3dd20b1b698031ff7eb1f66511855e4c05edd9fc525916e365f4d81ff5e46e5432e82c4e4cc62f66a9167138f3bce9a784b0404333ee6c82e195bd6,male,hand,20260907,1,43.17424423708506,41.675,41.38047759528229,4.8257557629149375,6.325000000000003,6.6195224047177135
1841.P15792,20,1841,1841:NAU119,male,hand,20260907,1,24.137371240648196,22.56875,20.331569465467577,4.137371240648196,2.5687500000000014,0.3315694654675774
1841.P16531,23,1841,1841:CUB028,male,hand,20260907,1,24.137371240648196,23.06875,21.10999676042935,1.1373712406481964,0.06875000000000142,1.8900032395706496
1841.P16537,20,1841,1841:CUB037,female,hand,20260907,1,22.702738770098804,22.5875,23.275603880322393,2.7027387700988044,2.5874999999999986,3.275603880322393
1841.P16211,21,1841,1841:NAU124,female,hand,20260907,1,22.702738770098804,23.075,25.491520308864008,1.7027387700988044,2.0749999999999993,4.491520308864008
1841.F05490,21,1841,1841:NAU161,male,head,20260907,1,24.24715830127231,22.79375,20.289260041958443,3.247158301272311,1.7937499999999993,0.7107399580415574
1841.P15168,18,1841,1841:NCS213,female,hand,20260907,1,22.702738770098804,23.85,23.25787059791314,4.702738770098804,5.850000000000001,5.25787059791314
1841.P15163,18,1841,1841:NCS213,female,hand,20260907,1,22.702738770098804,24.3625,24.657323614933823,4.702738770098804,6.362500000000001,6.657323614933823
10317.000005236,55,10317,10317:45e54011490a1e8319d45ba35b5c9c687e4ec395fd00d5bd3b927f21b897135e002c9c488ced29f5644e9cc87c9d6d420ce68c9a95f88b151cd7a4c6182ead64,male,head,20260907,1,42.18545826801498,40.3375,41.38977530718918,12.814541731985017,14.662500000000001,13.610224692810817
1841.F06355,36,1841,1841:CUB042,male,head,20260907,1,24.24715830127231,26.76875,20.8082894090872,11.75284169872769,9.23125,15.191710590912798
10317.000009724,39,10317,10317:8b672a386ead28ace9c7eaea68003a8d0be6651cf9544c799a49155c372bc6524d53fd7aae5b008caced52ac352c5fe0a4810a846032621cf2d9fc79200e1218,unknown,hand,20260907,1,38.93422250130329,42.3875,40.77585847792713,0.06577749869671123,3.387500000000003,1.7758584779271303
1841.F05806,20,1841,1841:NAU128,female,head,20260907,1,22.650341691694734,23.625,23.04095978149498,2.6503416916947344,3.625,3.04095978149498
2010.1260,27,2010,2010:1,female,head,20260907,1,27.246575169857778,35.575,26.825698606462502,0.2465751698577776,8.575000000000003,0.17430139353749752
1841.P16534,20,1841,1841:CUB037,female,hand,20260907,1,22.702738770098804,24.2,24.65463701895609,2.7027387700988044,4.199999999999999,4.654637018956091
1841.P16536,36,1841,1841:CUB042,male,hand,20260907,1,24.137371240648196,26.5625,22.372020948252104,11.862628759351804,9.4375,13.627979051747896
10317.000009725,39,10317,10317:8b672a386ead28ace9c7eaea68003a8d0be6651cf9544c799a49155c372bc6524d53fd7aae5b008caced52ac352c5fe0a4810a846032621cf2d9fc79200e1218,unknown,head,20260907,1,37.1173129807584,44.75,42.979937320276974,1.882687019241601,5.75,3.9799373202769743
10317.000009722,39,10317,10317:8b672a386ead28ace9c7eaea68003a8d0be6651cf9544c799a49155c372bc6524d53fd7aae5b008caced52ac352c5fe0a4810a846032621cf2d9fc79200e1218,unknown,hand,20260907,1,38.93422250130329,45.29375,42.0809354326524,0.06577749869671123,6.293750000000003,3.080935432652403
1841.F06479,22,1841,1841:CUB040,male,head,20260907,2,24.40790725636508,25.6,20.86374327313297,2.4079072563650783,3.6000000000000014,1.1362567268670283
10317.000087026,50,10317,10317:9556b26ba73292c840427f56d0913d9372bd8a0285daab53c83800b8972dbbba507f9182b997a497c8a055076429cf80e4a5a7c313c7b1a6d508774a769bb61d,male,hand,20260907,2,44.45501722661544,43.55,44.69119419686514,5.544982773384561,6.450000000000003,5.3088058031348595
1841.F05120,20,1841,1841:NAU110,female,head,20260907,2,21.675673218981053,27.9,22.266003577919378,1.6756732189810535,7.899999999999999,2.2660035779193777
1841.F05124,20,1841,1841:NAU110,female,head,20260907,2,21.675673218981053,28.25,22.32830978437817,1.6756732189810535,8.25,2.3283097843781704
1841.F05126,21,1841,1841:NAU154,female,head,20260907,2,21.675673218981053,26.95,23.115418523782896,0.6756732189810535,5.949999999999999,2.115418523782896
1841.P16237,22,1841,1841:NAU130,female,hand,20260907,2,21.71747609617344,22.05,24.681656336747896,0.28252390382656145,0.05000000000000071,2.6816563367478956
1841.P16491,22,1841,1841:NCS212,female,hand,20260907,2,21.71747609617344,24.93125,26.467446642610724,0.28252390382656145,2.9312499999999986,4.467446642610724
2010.2652,26,2010,2010:33,female,head,20260907,2,27.494274735564623,24.75,25.617587240835785,1.4942747355646233,1.25,0.3824127591642146
1841.F05820,30,1841,1841:NAU108,female,head,20260907,2,21.675673218981053,37.29375,26.598541892363304,8.324326781018947,7.293750000000003,3.401458107636696
1841.P16557,20,1841,1841:CUB027,female,hand,20260907,2,21.71747609617344,23.40625,24.802637117634536,1.7174760961734385,3.40625,4.802637117634536
1841.P16559,41,1841,1841:CUB050,female,hand,20260907,2,21.71747609617344,28.14375,27.1068732821109,19.28252390382656,12.85625,13.8931267178891
1841.F06456,20,1841,1841:CUB036,female,head,20260907,2,21.675673218981053,24.25625,22.274518881631582,1.6756732189810535,4.256250000000001,2.2745188816315824
1841.F06458,21,1841,1841:CUB026,male,head,20260907,2,24.40790725636508,23.675,20.712959998685243,3.4079072563650783,2.6750000000000007,0.2870400013147574
10317.000063344,29,10317,10317:e8fffa963380c63cba1d064de83b3a91000831ddbab3f8b56168ee1903063a0900f0a9b07f79b2f4a728ad7af62c82a718d51b95ccc1f12d6d1d3ce257c151f7,female,head,20260907,2,48.29283646538926,34.2125,36.522393682413664,19.292836465389257,5.212499999999999,7.522393682413664
1841.F05594,32,1841,1841:NAU150,female,head,20260907,2,21.675673218981053,27.5625,23.34975763150452,10.324326781018947,4.4375,8.65024236849548
1841.F05595,21,1841,1841:NAU113,female,head,20260907,2,21.675673218981053,23.51875,21.829900728746516,0.6756732189810535,2.5187500000000007,0.8299007287465159
1841.F05831,32,1841,1841:NAU150,female,head,20260907,2,21.675673218981053,26.1875,24.16711674622583,10.324326781018947,5.8125,7.83288325377417
10317.000015451,46,10317,10317:3483b70983107b3501a2fdeab0f7e00b06ec05b5a7afdf499c410267e4aa99ea36b3643db981cdf6f557435d6ff028c1059e2bc75261e6f468598f093fde8b72,male,hand,20260907,2,44.45501722661544,53.1625,56.41618579669303,1.544982773384561,7.162500000000001,10.416185796693028
1841.P16577,29,1841,1841:CUB011,female,hand,20260907,2,21.71747609617344,21.94375,24.92544902214456,7.2825239038265615,7.056249999999999,4.074550977855441
1841.P16572,22,1841,1841:CUB040,male,hand,20260907,2,24.4099372604461,25.60625,24.648722933924624,2.4099372604460996,3.6062499999999993,2.648722933924624
1841.F06556,41,1841,1841:CUB050,female,head,20260907,2,21.675673218981053,27.65625,25.49293714189354,19.324326781018947,13.34375,15.507062858106458
1841.F06558,29,1841,1841:CUB011,female,head,20260907,2,21.675673218981053,23.5125,23.92393677748608,7.3243267810189465,5.487500000000001,5.07606322251392
1841.P15435,19,1841,1841:NCS241,female,hand,20260907,2,21.71747609617344,23.59375,25.737925487503823,2.7174760961734385,4.59375,6.737925487503823
1841.F06482,21,1841,1841:CUB000,female,head,20260907,2,21.675673218981053,23.4875,22.11884868535246,0.6756732189810535,2.4875000000000007,1.1188486853524608
1841.F06493,21,1841,1841:CUB000,female,head,20260907,2,21.675673218981053,25.05,23.56403471801327,0.6756732189810535,4.050000000000001,2.5640347180132714
1841.F06497,21,1841,1841:CUB000,female,head,20260907,2,21.675673218981053,21.75,20.56452152854542,0.6756732189810535,0.75,0.4354784714545801
1841.P15712,20,1841,1841:NAU110,female,hand,20260907,2,21.71747609617344,24.6125,24.309978382363408,1.7174760961734385,4.612500000000001,4.309978382363408
1841.P15714,22,1841,1841:NAU130,female,hand,20260907,2,21.71747609617344,22.1375,24.19711545852236,0.28252390382656145,0.1374999999999993,2.1971154585223616
1841.P15717,32,1841,1841:NAU150,female,hand,20260907,2,21.71747609617344,23.95,25.413686612596248,10.282523903826561,8.05,6.586313387403752
1841.P15716,21,1841,1841:NAU154,female,hand,20260907,2,21.71747609617344,24.5875,23.86495453827026,0.7174760961734385,3.5874999999999986,2.8649545382702613
1841.P16380,30,1841,1841:NAU108,female,hand,20260907,2,21.71747609617344,24.5625,25.78952610473005,8.282523903826561,5.4375,4.210473895269949
1841.F06441,20,1841,1841:CUB027,female,head,20260907,2,21.675673218981053,22.5125,22.96374304233821,1.6756732189810535,2.5124999999999993,2.9637430423382085
1841.F06440,20,1841,1841:CUB027,female,head,20260907,2,21.675673218981053,23.50625,23.844262808088384,1.6756732189810535,3.5062500000000014,3.8442628080883843
1841.F06570,20,1841,1841:CUB036,female,head,20260907,2,21.675673218981053,21.75,22.86695405654399,1.6756732189810535,1.75,2.866954056543989
10317.000048946,25,10317,10317:fd658c211decf8560568703bb1621dc7ab2972b0403502579cb6058df268644a35e2777929b99fcec24a21c8dac8e433694e070c10166c3c162dc7d93491b7c9,unknown,hand,20260907,2,49.735733673177656,44.50625,47.3951275309801,24.735733673177656,19.50625,22.395127530980098
10317.000048947,25,10317,10317:fd658c211decf8560568703bb1621dc7ab2972b0403502579cb6058df268644a35e2777929b99fcec24a21c8dac8e433694e070c10166c3c162dc7d93491b7c9,unknown,head,20260907,2,41.08524692438384,46.075,45.39584187507565,16.08524692438384,21.075000000000003,20.395841875075646
1841.P15520,20,1841,1841:NAU110,female,hand,20260907,2,21.71747609617344,28.95625,23.02633661656632,1.7174760961734385,8.95625,3.0263366165663186
1841.F05553,20,1841,1841:NAU110,female,head,20260907,2,21.675673218981053,27.075,22.14762506887427,1.6756732189810535,7.074999999999999,2.1476250688742695
1841.F06464,20,1841,1841:CUB036,female,head,20260907,2,21.675673218981053,23.25,22.92834587387046,1.6756732189810535,3.25,2.928345873870459
1841.F05882,21,1841,1841:NAU151,male,head,20260907,2,24.40790725636508,24.03125,19.51526258393984,3.4079072563650783,3.03125,1.4847374160601596
1841.F05889,33,1841,1841:NAU144,male,head,20260907,2,24.40790725636508,25.16875,21.149758399362867,8.592092743634922,7.831250000000001,11.850241600637133
10317.000041057,33,10317,10317:cc7a72730c7716b41648ac90728f72eb759bd32caaa07b60e4db721abd907a2e38b19314c602ce3a7b19a7634037bd360e4d54c532513a267152129589e536de,male,hand,20260907,2,44.45501722661544,38.03125,40.707123640462015,11.455017226615439,5.03125,7.707123640462015
1841.P16066,20,1841,1841:NAU110,female,hand,20260907,2,21.71747609617344,27.21875,24.750267161280423,1.7174760961734385,7.21875,4.750267161280423
1841.P16419,22,1841,1841:NCS212,female,hand,20260907,2,21.71747609617344,23.6625,23.26452363276035,0.28252390382656145,1.6625000000000014,1.2645236327603513
1841.P16411,22,1841,1841:NCS212,female,hand,20260907,2,21.71747609617344,22.85,24.269922554825666,0.28252390382656145,0.8500000000000014,2.2699225548256656
2010.1617,28,2010,2010:13,female,head,20260907,2,27.494274735564623,41.9,31.44103660546495,0.5057252644353767,13.899999999999999,3.4410366054649515
1841.F06510,21,1841,1841:CUB000,female,head,20260907,2,21.675673218981053,24.8875,23.93302146032247,0.6756732189810535,3.8874999999999993,2.9330214603224682
2010.2255,22,2010,2010:27,female,head,20260907,2,27.494274735564623,38.8375,30.21416123166361,5.494274735564623,16.8375,8.21416123166361
1841.F05537,30,1841,1841:NAU108,female,head,20260907,2,21.675673218981053,26.3625,25.645862778788494,8.324326781018947,3.6374999999999993,4.354137221211506
1841.F05532,22,1841,1841:NAU130,female,head,20260907,2,21.675673218981053,21.94375,21.95595488372967,0.3243267810189465,0.05624999999999858,0.04404511627032903
1841.F05533,22,1841,1841:NAU116,male,head,20260907,2,24.40790725636508,21.45625,19.38698566762755,2.4079072563650783,0.5437499999999993,2.613014332372451
1841.P16086,20,1841,1841:NAU110,female,hand,20260907,2,21.71747609617344,28.1125,26.46309352300073,1.7174760961734385,8.1125,6.46309352300073
1841.F06181,29,1841,1841:CUB011,female,head,20260907,2,21.675673218981053,24.925,24.19269152287794,7.3243267810189465,4.074999999999999,4.80730847712206
1841.P15976,21,1841,1841:CUB000,female,hand,20260907,2,21.71747609617344,24.475,26.82097866191243,0.7174760961734385,3.4750000000000014,5.820978661912431
1841.P15966,29,1841,1841:CUB011,female,hand,20260907,2,21.71747609617344,22.175,24.87533181925043,7.2825239038265615,6.824999999999999,4.12466818074957
1841.F05276,24,1841,1841:NAU109,male,head,20260907,2,24.40790725636508,25.68125,21.258304947489545,0.4079072563650783,1.6812499999999986,2.7416950525104546
1841.F05278,24,1841,1841:NAU109,male,head,20260907,2,24.40790725636508,23.5875,21.160459133936666,0.4079072563650783,0.4125000000000014,2.8395408660633343
10317.000066824,29,10317,10317:7f8b5599423e74bb4268af85d143fbeed68370b2eaa79f6e6facbcf10974040d6ef4afefb5ff2aab1f618ba97f2eecc39b0621fb60a556425670ca9606d4aa0c,male,head,20260907,2,42.10485097427183,37.00625,34.8456340816178,13.104850974271827,8.006250000000001,5.845634081617803
1841.F06531,21,1841,1841:CUB026,male,head,20260907,2,24.40790725636508,23.85,19.83070095703172,3.4079072563650783,2.8500000000000014,1.1692990429682801
1841.F06537,41,1841,1841:CUB050,female,head,20260907,2,21.675673218981053,26.88125,27.007939471291103,19.324326781018947,14.118749999999999,13.992060528708897
1841.F05515,20,1841,1841:NAU110,female,head,20260907,2,21.675673218981053,28.25625,23.780923055516173,1.6756732189810535,8.256250000000001,3.7809230555161726
1841.F05510,24,1841,1841:NAU109,male,head,20260907,2,24.40790725636508,25.1125,20.3443519191728,0.4079072563650783,1.1125000000000007,3.6556480808271985
10317.000005597,74,10317,10317:7ba032cf20a095821627a110ab26bb5c1b92a9eec7dc65f29d2b0b7c0f2dece8e620882864fff5d7d829b5d72d5061c1b402d6fba6e4e8a623373670f402b87e,male,hand,20260907,2,44.45501722661544,45.8875,47.25159192788116,29.54498277338456,28.112499999999997,26.748408072118842
1841.F05436,20,1841,1841:NAU110,female,head,20260907,2,21.675673218981053,28.4125,21.447801569092963,1.6756732189810535,8.412500000000001,1.447801569092963
10317.000063284,29,10317,10317:c78075767b35e039a0b606f8a727e3fc3e2823715abe6a1c7c9956e664a6ff667e1ed5a2426907b56b3a7776221005afb7b5f38d5a651d25074abdbea76cec2f,male,head,20260907,2,42.10485097427183,37.1125,38.53835348370625,13.104850974271827,8.112499999999997,9.538353483706253
1841.P15955,22,1841,1841:CUB040,male,hand,20260907,2,24.4099372604461,21.9625,21.118721779240463,2.4099372604460996,0.03750000000000142,0.8812782207595369
1841.F05258,33,1841,1841:NAU144,male,head,20260907,2,24.40790725636508,24.16875,19.941580492836295,8.592092743634922,8.83125,13.058419507163705
1841.F06052,22,1841,1841:NCS212,female,head,20260907,2,21.675673218981053,23.1625,21.744064118477283,0.3243267810189465,1.1625000000000014,0.25593588152271707
1841.P16329,30,1841,1841:NAU108,female,hand,20260907,2,21.71747609617344,22.45625,25.519659034941757,8.282523903826561,7.543749999999999,4.480340965058243
1841.P16328,30,1841,1841:NAU108,female,hand,20260907,2,21.71747609617344,40.85,29.605090110896512,8.282523903826561,10.850000000000001,0.3949098891034879
1841.P16320,33,1841,1841:NAU144,male,hand,20260907,2,24.4099372604461,21.41875,20.450586836333287,8.5900627395539,11.58125,12.549413163666713
1841.P16451,22,1841,1841:NAU130,female,hand,20260907,2,21.71747609617344,21.9875,24.181663728032913,0.28252390382656145,0.01249999999999929,2.1816637280329125
1841.P16325,33,1841,1841:NAU144,male,hand,20260907,2,24.4099372604461,23.725,21.49586451088567,8.5900627395539,9.274999999999999,11.50413548911433
1841.P16326,24,1841,1841:NAU109,male,hand,20260907,2,24.4099372604461,24.15,21.10210828806956,0.40993726044609957,0.14999999999999858,2.8978917119304413
1841.F05043,22,1841,1841:NCS212,female,head,20260907,2,21.675673218981053,22.03125,22.255473765552864,0.3243267810189465,0.03125,0.25547376555286405
2010.1653,28,2010,2010:13,female,head,20260907,2,27.494274735564623,42.45625,30.964146952071275,0.5057252644353767,14.456249999999997,2.9641469520712747
10317.000003085,53,10317,10317:8665422eb8a1ffd2fa3c26bdc0bd4cb3cd47439a5631922ac7af3c45be2274db8dfab19dc80c4bb5237d7035d95768044a90af2a19499f5e5af50d527a6174c7,female,hand,20260907,2,51.94862836076935,42.16875,49.11121318658374,1.051371639230652,10.831249999999997,3.88878681341626
1841.P15096,21,1841,1841:CUB000,female,hand,20260907,2,21.71747609617344,23.24375,26.293763576213024,0.7174760961734385,2.2437499999999986,5.293763576213024
1841.P15091,21,1841,1841:CUB000,female,hand,20260907,2,21.71747609617344,22.49375,24.34901860740927,0.7174760961734385,1.4937499999999986,3.3490186074092705
1841.P15549,30,1841,1841:NAU108,female,hand,20260907,2,21.71747609617344,25.40625,27.614443997830325,8.282523903826561,4.59375,2.3855560021696753
1841.P16157,24,1841,1841:NAU109,male,hand,20260907,2,24.4099372604461,23.19375,24.39880216892932,0.40993726044609957,0.8062499999999986,0.3988021689293184
1841.P15932,21,1841,1841:CUB026,male,hand,20260907,2,24.4099372604461,21.8875,20.48594461441283,3.4099372604460996,0.8874999999999993,0.5140553855871701
1841.F06274,32,1841,1841:NAU150,female,head,20260907,2,21.675673218981053,23.1625,22.29357157451809,10.324326781018947,8.837499999999999,9.70642842548191
1841.F06276,32,1841,1841:NAU150,female,head,20260907,2,21.675673218981053,24.34375,22.966271387504264,10.324326781018947,7.65625,9.033728612495736
1841.F06277,32,1841,1841:NAU150,female,head,20260907,2,21.675673218981053,25.15,25.28502024517774,10.324326781018947,6.850000000000001,6.714979754822259
1841.F06270,22,1841,1841:NAU130,female,head,20260907,2,21.675673218981053,22.6625,20.80282458284138,0.3243267810189465,0.6625000000000014,1.1971754171586184
10317.000005079,33,10317,10317:a29fd754368cde4d06c428f68fac03a5f07bc4192f8ad6f00b4dead3a90b4f2a07cda53d353c8eebcdf472b25a87cc69592d2bcf0fae7f901a0ee6e9cff063c9,male,head,20260907,2,42.10485097427183,41.425,39.81605489596981,9.104850974271827,8.424999999999997,6.816054895969813
1841.P16307,33,1841,1841:NAU144,male,hand,20260907,2,24.4099372604461,22.0625,20.53100277176549,8.5900627395539,10.9375,12.46899722823451
1841.P16305,33,1841,1841:NAU144,male,hand,20260907,2,24.4099372604461,24.43125,20.973743957343267,8.5900627395539,8.568750000000001,12.026256042656733
1841.P16304,33,1841,1841:NAU144,male,hand,20260907,2,24.4099372604461,22.41875,21.190373128989226,8.5900627395539,10.58125,11.809626871010774
1841.P15213,20,1841,1841:CUB027,female,hand,20260907,2,21.71747609617344,22.63125,25.28172725878994,1.7174760961734385,2.6312500000000014,5.281727258789939
10317.000069142,34,10317,10317:2fe8dc51162640ecda81c266c7b13a12fa0b362550125c042231ebf311ae65b5597119ff4c21bc3e0d2daf7c54569db93c6d59b2cd8c7abd7c7e43d806b66718,male,hand,20260907,2,44.45501722661544,38.81875,44.92502027930083,10.455017226615439,4.818750000000001,10.925020279300831
10317.000068842,36,10317,10317:1828cb0e8db79ff7771af2763605e12af956358756170093e17230a4ffb081fdfb2040dc65ff286b54429aedd73f9630fd5d98b9a5ad628c6116a74fb994dcf8,male,hand,20260907,2,44.45501722661544,37.8875,41.48483502253453,8.455017226615439,1.8875000000000028,5.484835022534533
1841.F05006,22,1841,1841:NCS212,female,head,20260907,2,21.675673218981053,23.78125,23.36904292012916,0.3243267810189465,1.78125,1.3690429201291607
2010.2149,22,2010,2010:27,female,head,20260907,2,27.494274735564623,38.6,28.93856944015639,5.494274735564623,16.6,6.938569440156389
1841.P16174,24,1841,1841:NAU109,male,hand,20260907,2,24.4099372604461,25.59375,23.35546649317251,0.40993726044609957,1.59375,0.6445335068274893
1841.P15914,29,1841,1841:CUB011,female,hand,20260907,2,21.71747609617344,22.075,24.761607778573932,7.2825239038265615,6.925000000000001,4.238392221426068
1841.P15258,21,1841,1841:CUB026,male,hand,20260907,2,24.4099372604461,21.98125,21.37437100872146,3.4099372604460996,0.9812499999999993,0.3743710087214609
1841.F05213,30,1841,1841:NAU108,female,head,20260907,2,21.675673218981053,21.575,22.090649704192497,8.324326781018947,8.425,7.909350295807503
1841.F05218,32,1841,1841:NAU150,female,head,20260907,2,21.675673218981053,24.66875,24.23787815224572,10.324326781018947,7.331250000000001,7.76212184775428
1841.P16367,22,1841,1841:NAU130,female,hand,20260907,2,21.71747609617344,21.75625,24.5836292718615,0.28252390382656145,0.24374999999999858,2.5836292718615006
1841.P16366,33,1841,1841:NAU144,male,hand,20260907,2,24.4099372604461,23.90625,21.90356282395584,8.5900627395539,9.09375,11.096437176044159
1841.P16369,21,1841,1841:NAU154,female,hand,20260907,2,21.71747609617344,24.3125,26.63649954941134,0.7174760961734385,3.3125,5.63649954941134
1841.P16581,21,1841,1841:CUB000,female,hand,20260907,2,21.71747609617344,24.49375,26.72914294641665,0.7174760961734385,3.4937499999999986,5.729142946416651
1841.P16583,20,1841,1841:CUB036,female,hand,20260907,2,21.71747609617344,23.98125,24.48596644397124,1.7174760961734385,3.9812499999999993,4.48596644397124
1841.P16586,20,1841,1841:CUB027,female,hand,20260907,2,21.71747609617344,22.4625,26.30143823840443,1.7174760961734385,2.4624999999999986,6.30143823840443
1841.P15057,20,1841,1841:CUB036,female,hand,20260907,2,21.71747609617344,22.75625,25.155078659541477,1.7174760961734385,2.7562500000000014,5.155078659541477
10317.000049876,74,10317,10317:7ba032cf20a095821627a110ab26bb5c1b92a9eec7dc65f29d2b0b7c0f2dece8e620882864fff5d7d829b5d72d5061c1b402d6fba6e4e8a623373670f402b87e,male,head,20260907,2,42.10485097427183,49.53125,48.78472990880505,31.895149025728173,24.46875,25.215270091194952
1841.F06330,20,1841,1841:CUB027,female,head,20260907,2,21.675673218981053,23.2625,23.65316555526408,1.6756732189810535,3.2624999999999993,3.6531655552640814
1841.F05029,22,1841,1841:NCS212,female,head,20260907,2,21.675673218981053,21.50625,22.48706535836992,0.3243267810189465,0.4937499999999986,0.4870653583699216
1841.P15277,21,1841,1841:CUB026,male,hand,20260907,2,24.4099372604461,24.9375,22.082516082753592,3.4099372604460996,3.9375,1.0825160827535925
1841.F05689,21,1841,1841:CUB026,male,head,20260907,2,24.40790725636508,23.2125,20.04327645893033,3.4079072563650783,2.2124999999999986,0.9567235410696711
1841.F05682,20,1841,1841:CUB027,female,head,20260907,2,21.675673218981053,23.08125,23.847753441601608,1.6756732189810535,3.0812500000000007,3.8477534416016077
1841.F05684,21,1841,1841:CUB026,male,head,20260907,2,24.40790725636508,24.00625,21.422811812090025,3.4079072563650783,3.0062500000000014,0.42281181209002483
1841.P15554,20,1841,1841:NAU110,female,hand,20260907,2,21.71747609617344,25.59375,28.487462798125883,1.7174760961734385,5.59375,8.487462798125883
1841.P15559,21,1841,1841:NAU154,female,hand,20260907,2,21.71747609617344,22.7875,22.93933438547371,0.7174760961734385,1.7875000000000014,1.9393343854737104
1841.F05977,18,1841,1841:NCS232,female,head,20260907,2,21.675673218981053,25.98125,24.330073973748796,3.6756732189810535,7.981249999999999,6.330073973748796
1841.F06109,41,1841,1841:CUB050,female,head,20260907,2,21.675673218981053,28.425,24.56075748994508,19.324326781018947,12.575,16.43924251005492
1841.P16343,30,1841,1841:NAU108,female,hand,20260907,2,21.71747609617344,24.03125,24.80935208427976,8.282523903826561,5.96875,5.190647915720241
1841.P16340,24,1841,1841:NAU109,male,hand,20260907,2,24.4099372604461,28.5,23.706540072695365,0.40993726044609957,4.5,0.2934599273046352
2010.1814,34,2010,2010:17,female,head,20260907,2,27.494274735564623,36.925,28.013493916901464,6.505725264435377,2.924999999999997,5.986506083098536
10317.000005021,30,10317,10317:2c781cf584aee5d39efce29589579b7dd2febe3a4bfa62c60433de1447518df5880335cd63d2437a93a394f955e59f77d49504cf3a905aa0691d531a5832b69b,female,hand,20260907,2,51.94862836076935,41.775,47.41247695759537,21.948628360769348,11.774999999999999,17.412476957595374
1841.P15070,20,1841,1841:CUB036,female,hand,20260907,2,21.71747609617344,23.0625,25.17137425294937,1.7174760961734385,3.0625,5.17137425294937
1841.P15076,21,1841,1841:CUB000,female,hand,20260907,2,21.71747609617344,22.7875,24.146859324940912,0.7174760961734385,1.7875000000000014,3.1468593249409125
1841.P15077,21,1841,1841:CUB000,female,hand,20260907,2,21.71747609617344,26.26875,27.613870481716805,0.7174760961734385,5.268750000000001,6.6138704817168055
1841.F06311,21,1841,1841:CUB026,male,head,20260907,2,24.40790725636508,23.225,20.412863106164707,3.4079072563650783,2.2250000000000014,0.587136893835293
1841.F06319,21,1841,1841:CUB000,female,head,20260907,2,21.675673218981053,25.70625,23.61133712176335,0.6756732189810535,4.706250000000001,2.6113371217633485
1841.F05340,22,1841,1841:NCS212,female,head,20260907,2,21.675673218981053,29.325,27.125528901816864,0.3243267810189465,7.324999999999999,5.125528901816864
1841.P16287,32,1841,1841:NAU150,female,hand,20260907,2,21.71747609617344,25.26875,26.650883962937783,10.282523903826561,6.731249999999999,5.349116037062217
10317.000069034,22,10317,10317:a6a72ae91b2b02c8ea4cfe12d58d98ebe5b424cd88d36f8b84e1deec1b971b6c50e1fbca139d0b8b67d6f73821c7922d555844d105af99dd4813cd966993df6f,male,hand,20260907,2,44.45501722661544,36.11875,39.080069089092945,22.45501722661544,14.118749999999999,17.080069089092945
1841.F05408,21,1841,1841:NAU154,female,head,20260907,2,21.675673218981053,23.9125,21.91545165233459,0.6756732189810535,2.9125000000000014,0.915451652334589
1841.P16324,21,1841,1841:NAU151,male,hand,20260907,2,24.4099372604461,24.225,22.337332553515463,3.4099372604460996,3.2250000000000014,1.3373325535154628
1841.F06123,41,1841,1841:CUB050,female,head,20260907,2,21.675673218981053,32.2625,24.37434466737954,19.324326781018947,8.737499999999997,16.62565533262046
1841.P15020,22,1841,1841:CUB040,male,hand,20260907,2,24.4099372604461,33.825,30.324793884862977,2.4099372604460996,11.825000000000003,8.324793884862977
2010.1715,22,2010,2010:15,female,head,20260907,2,27.494274735564623,36.66875,28.37186703032879,5.494274735564623,14.668750000000003,6.37186703032879
10317.000005598,74,10317,10317:7ba032cf20a095821627a110ab26bb5c1b92a9eec7dc65f29d2b0b7c0f2dece8e620882864fff5d7d829b5d72d5061c1b402d6fba6e4e8a623373670f402b87e,male,hand,20260907,2,44.45501722661544,45.48125,47.34140320064181,29.54498277338456,28.518749999999997,26.658596799358193
10317.000005594,74,10317,10317:7ba032cf20a095821627a110ab26bb5c1b92a9eec7dc65f29d2b0b7c0f2dece8e620882864fff5d7d829b5d72d5061c1b402d6fba6e4e8a623373670f402b87e,male,head,20260907,2,42.10485097427183,43.15,44.16566611306855,31.895149025728173,30.85,29.834333886931447
1841.P15014,20,1841,1841:CUB036,female,hand,20260907,2,21.71747609617344,24.9875,23.92210203219267,1.7174760961734385,4.987500000000001,3.9221020321926687
1841.P15011,41,1841,1841:CUB050,female,hand,20260907,2,21.71747609617344,27.29375,27.83493085329746,19.28252390382656,13.70625,13.165069146702539
1841.F06378,21,1841,1841:CUB000,female,head,20260907,2,21.675673218981053,24.89375,23.35995762278784,0.6756732189810535,3.8937500000000007,2.3599576227878387
1841.F05421,22,1841,1841:NAU130,female,head,20260907,2,21.675673218981053,22.75625,24.19761281587869,0.3243267810189465,0.7562500000000014,2.1976128158786885
10317.000027763,32,10317,10317:cc923c4395f942a7be06745a9437731d12a282545bc59fe0b238fef4ed14300cab1a65ed16964ba9a8f4c846101d7788077d138343a7acc82f00e6b9375b6efb,male,hand,20260907,2,44.45501722661544,42.69375,45.155119826451326,12.455017226615439,10.693750000000001,13.155119826451326
1841.P15940,20,1841,1841:CUB036,female,hand,20260907,2,21.71747609617344,22.60625,25.252616206559317,1.7174760961734385,2.6062499999999993,5.252616206559317
10317.000072302,41,10317,10317:400d83c79d0086701c4c33b64a7e55f4f464325c35db42f0fed54c6d6f796d9b7943607ae3434897302c87033bd2704c82d5bed240c95f743566d2b3fd469f57,female,head,20260907,2,48.29283646538926,42.2,43.96173220099682,7.292836465389257,1.2000000000000028,2.9617322009968206
1841.P16079,22,1841,1841:NAU130,female,hand,20260907,2,21.71747609617344,22.55625,25.216799480455535,0.28252390382656145,0.5562499999999986,3.216799480455535
1841.F05180,32,1841,1841:NAU150,female,head,20260907,2,21.675673218981053,26.73125,25.69927119571959,10.324326781018947,5.268750000000001,6.300728804280411
2010.1728,22,2010,2010:15,female,head,20260907,2,27.494274735564623,39.0,31.419756187657654,5.494274735564623,17.0,9.419756187657654
1841.P15039,20,1841,1841:CUB027,female,hand,20260907,2,21.71747609617344,23.05625,26.1389537034518,1.7174760961734385,3.0562499999999986,6.138953703451801
1841.P15036,21,1841,1841:CUB026,male,hand,20260907,2,24.4099372604461,23.1375,20.52043272472909,3.4099372604460996,2.1374999999999993,0.4795672752709095
1841.P15037,41,1841,1841:CUB050,female,hand,20260907,2,21.71747609617344,26.7375,29.29376573029065,19.28252390382656,14.2625,11.706234269709348
1841.P15030,41,1841,1841:CUB050,female,hand,20260907,2,21.71747609617344,27.3875,28.14209046614643,19.28252390382656,13.6125,12.857909533853569
1841.F06425,22,1841,1841:CUB040,male,head,20260907,2,24.40790725636508,23.075,21.094844870001,2.4079072563650783,1.0749999999999993,0.9051551299989988
1841.F06424,22,1841,1841:CUB040,male,head,20260907,2,24.40790725636508,25.73125,20.177076605332587,2.4079072563650783,3.7312499999999993,1.8229233946674128
1841.P15295,20,1841,1841:CUB027,female,hand,20260907,2,21.71747609617344,23.925,26.17046474376153,1.7174760961734385,3.9250000000000007,6.170464743761531
1841.P15297,22,1841,1841:CUB040,male,hand,20260907,2,24.4099372604461,25.2625,23.334891988201495,2.4099372604460996,3.2624999999999993,1.3348919882014947
1841.F05852,24,1841,1841:NAU109,male,head,20260907,2,24.40790725636508,23.71875,21.39674629272997,0.4079072563650783,0.28125,2.6032537072700315
1841.F06168,20,1841,1841:CUB036,female,head,20260907,2,21.675673218981053,21.68125,21.460607910709584,1.6756732189810535,1.6812499999999986,1.4606079107095837
1841.P15999,21,1841,1841:CUB026,male,hand,20260907,2,24.4099372604461,23.775,23.08115253506983,3.4099372604460996,2.7749999999999986,2.0811525350698297
1841.P15600,32,1841,1841:NAU150,female,hand,20260907,2,21.71747609617344,27.8125,25.465872862717713,10.282523903826561,4.1875,6.534127137282287
10317.000048388,21,10317,10317:30d7ca7c505d10cb4c76c0443a75de8f2f826d67386377db4fa33b8983b7e1be84ec36794891a1993f919a1c5c528a78e39e90c8c94320bc3b555e3aa3643685,female,head,20260907,2,48.29283646538926,44.425,49.89773467546634,27.292836465389257,23.424999999999997,28.89773467546634
10317.000048389,21,10317,10317:30d7ca7c505d10cb4c76c0443a75de8f2f826d67386377db4fa33b8983b7e1be84ec36794891a1993f919a1c5c528a78e39e90c8c94320bc3b555e3aa3643685,female,hand,20260907,2,51.94862836076935,42.4375,49.8322477184495,30.948628360769348,21.4375,28.8322477184495
1841.F05874,24,1841,1841:NAU109,male,head,20260907,2,24.40790725636508,24.525,21.133164841363907,0.4079072563650783,0.5249999999999986,2.8668351586360927
1841.P16508,20,1841,1841:CUB027,female,hand,20260907,2,21.71747609617344,22.1,24.22519004615145,1.7174760961734385,2.1000000000000014,4.22519004615145
1841.P16504,21,1841,1841:CUB000,female,hand,20260907,2,21.71747609617344,23.7125,25.123888184200627,0.7174760961734385,2.7124999999999986,4.123888184200627
10317.000010743,57,10317,10317:e3d63efad86b6ba5702575dbdf508760336727d94a56fa3563ac83a3936884e3760920dec88797bbb8362b8e7199a290f7746e80e9991d22fa187e1e4b2b0f25,male,head,20260907,2,42.10485097427183,46.93125,46.61767394738142,14.895149025728173,10.068750000000001,10.38232605261858
1841.F05246,33,1841,1841:NAU144,male,head,20260907,2,24.40790725636508,24.4875,18.45055257181633,8.592092743634922,8.5125,14.549447428183669
1841.F06400,29,1841,1841:CUB011,female,head,20260907,2,21.675673218981053,24.98125,24.72247901792091,7.3243267810189465,4.018750000000001,4.277520982079089
1841.P16337,32,1841,1841:NAU150,female,hand,20260907,2,21.71747609617344,25.8375,25.68946190780874,10.282523903826561,6.162500000000001,6.310538092191258
1841.P16335,33,1841,1841:NAU144,male,hand,20260907,2,24.4099372604461,24.43125,22.114518174254336,8.5900627395539,8.568750000000001,10.885481825745664
10317.000041346,46,10317,10317:e264e42ddf5814bac0981098f8e9a48fb9a1d3524b60bad0405e26151eceeaa0db735671ad5dc0c78c554c78e4d745510d94413264b20449f53a1fe1be4f0529,male,hand,20260907,2,44.45501722661544,43.81875,47.25715170913946,1.544982773384561,2.1812499999999986,1.2571517091394568
10317.000041345,46,10317,10317:e264e42ddf5814bac0981098f8e9a48fb9a1d3524b60bad0405e26151eceeaa0db735671ad5dc0c78c554c78e4d745510d94413264b20449f53a1fe1be4f0529,male,hand,20260907,2,44.45501722661544,43.8875,45.80223458484908,1.544982773384561,2.112499999999997,0.1977654151509185
10317.000069027,22,10317,10317:a6a72ae91b2b02c8ea4cfe12d58d98ebe5b424cd88d36f8b84e1deec1b971b6c50e1fbca139d0b8b67d6f73821c7922d555844d105af99dd4813cd966993df6f,male,head,20260907,2,42.10485097427183,36.31875,38.14204700474403,20.104850974271827,14.318750000000001,16.14204700474403
10317.000015120,28,10317,10317:d031d7eaf91c489f64052f69777e1385468d8cbdc419eb3568de9547015ad04606d5d70ca9970521bd182907f9b00d2640e54727e0262ceaea9ccb7d9603385e,female,hand,20260907,2,51.94862836076935,43.0,49.545161109811914,23.948628360769348,15.0,21.545161109811914
1841.F05819,33,1841,1841:NAU144,male,head,20260907,2,24.40790725636508,23.2875,19.266574275657693,8.592092743634922,9.712499999999999,13.733425724342307
1841.F05818,22,1841,1841:NAU130,female,head,20260907,2,21.675673218981053,21.6,22.10084275401918,0.3243267810189465,0.3999999999999986,0.10084275401917964
1841.F05816,21,1841,1841:NAU154,female,head,20260907,2,21.675673218981053,24.3375,23.982787280343125,0.6756732189810535,3.3374999999999986,2.982787280343125
1841.F05813,20,1841,1841:NAU110,female,head,20260907,2,21.675673218981053,26.775,22.4578207041452,1.6756732189810535,6.774999999999999,2.457820704145199
1841.F05812,24,1841,1841:NAU109,male,head,20260907,2,24.40790725636508,26.075,20.33464943004916,0.4079072563650783,2.0749999999999993,3.6653505699508386
1841.P16527,21,1841,1841:CUB026,male,hand,20260907,2,24.4099372604461,22.35,21.603098308457103,3.4099372604460996,1.3500000000000014,0.6030983084571027
1841.F06351,20,1841,1841:CUB036,female,head,20260907,2,21.675673218981053,22.2625,22.07975394529706,1.6756732189810535,2.2624999999999993,2.0797539452970604
1841.F06467,22,1841,1841:CUB040,male,head,20260907,2,24.40790725636508,26.14375,21.81619978918117,2.4079072563650783,4.143750000000001,0.18380021081883058
1841.F06391,21,1841,1841:CUB026,male,head,20260907,2,24.40790725636508,22.58125,20.68888220605528,3.4079072563650783,1.5812500000000007,0.31111779394472094
1841.P15610,41,1841,1841:CUB050,female,hand,20260907,2,21.71747609617344,28.63125,28.65760817801595,19.28252390382656,12.368749999999999,12.342391821984052
1841.P15784,21,1841,1841:NAU154,female,hand,20260907,2,21.71747609617344,23.71875,26.55790248021191,0.7174760961734385,2.71875,5.5579024802119115
1841.P15785,22,1841,1841:NAU130,female,hand,20260907,2,21.71747609617344,22.36875,24.979044012083733,0.28252390382656145,0.3687499999999986,2.979044012083733
1841.P15788,22,1841,1841:NAU130,female,hand,20260907,2,21.71747609617344,21.75625,23.703472625138467,0.28252390382656145,0.24374999999999858,1.7034726251384669
1841.F05664,22,1841,1841:CUB040,male,head,20260907,2,24.40790725636508,25.79375,20.65321232576003,2.4079072563650783,3.7937499999999993,1.3467876742399696
1841.F05661,21,1841,1841:CUB000,female,head,20260907,2,21.675673218981053,24.2375,23.36894196438687,0.6756732189810535,3.2375000000000007,2.3689419643868703
10317.000015326,35,10317,10317:6eb269d94d6e32fa517a561269634737fc4de40944d6d037a2c1e867bbe9e8d13686a131c81709f95eabe5834b99badd054994b1cf967842aaca451c97a22451,female,hand,20260907,2,51.94862836076935,42.01875,51.750544515235035,16.948628360769348,7.018749999999997,16.750544515235035
1841.F05481,22,1841,1841:NAU130,female,head,20260907,2,21.675673218981053,23.0,23.577251488416973,0.3243267810189465,1.0,1.577251488416973
10317.000015452,45,10317,10317:3483b70983107b3501a2fdeab0f7e00b06ec05b5a7afdf499c410267e4aa99ea36b3643db981cdf6f557435d6ff028c1059e2bc75261e6f468598f093fde8b72,male,head,20260907,2,42.10485097427183,46.03125,45.87613226178138,2.8951490257281733,1.03125,0.8761322617813789
10317.000031066,42,10317,10317:7335b37622ba1bdd7e488bc6758f7c8fd36c26e43d8fdb09f00e1ae18ff0959bc7f4f27508aebf68b1a500bbc62282d5389c9d49419171cf9e9c946f433596f6,male,hand,20260907,2,44.45501722661544,41.13125,42.2363224566589,2.455017226615439,0.8687499999999986,0.23632245665889684
2010.3117,31,2010,2010:41,female,head,20260907,2,27.494274735564623,34.5375,25.889920316115365,3.5057252644353767,3.5375000000000014,5.110079683884635
1841.F05833,30,1841,1841:NAU108,female,head,20260907,2,21.675673218981053,24.28125,25.046789980448253,8.324326781018947,5.71875,4.953210019551747
1841.F05343,21,1841,1841:NAU154,female,head,20260907,2,21.675673218981053,23.59375,23.29037543743116,0.6756732189810535,2.59375,2.290375437431159
1841.F05345,22,1841,1841:NCS212,female,head,20260907,2,21.675673218981053,25.7625,26.850867765948855,0.3243267810189465,3.7624999999999993,4.8508677659488555
1841.F05834,30,1841,1841:NAU108,female,head,20260907,2,21.675673218981053,27.3125,26.960994778034777,8.324326781018947,2.6875,3.0390052219652226
1841.F05628,41,1841,1841:CUB050,female,head,20260907,2,21.675673218981053,26.36875,23.625649676841395,19.324326781018947,14.631250000000001,17.374350323158605
1841.P16014,32,1841,1841:NAU150,female,hand,20260907,2,21.71747609617344,23.38125,24.61489371657504,10.282523903826561,8.618749999999999,7.38510628342496
1841.F05442,20,1841,1841:NAU110,female,head,20260907,2,21.675673218981053,26.53125,23.163247999715605,1.6756732189810535,6.53125,3.1632479997156047
1841.F05644,22,1841,1841:CUB040,male,head,20260907,2,24.40790725636508,29.85,19.766970392176074,2.4079072563650783,7.850000000000001,2.2330296078239265
1841.F05136,22,1841,1841:NAU130,female,head,20260907,2,21.675673218981053,21.59375,23.02375800625665,0.3243267810189465,0.40625,1.0237580062566494
1841.P16228,32,1841,1841:NAU150,female,hand,20260907,2,21.71747609617344,23.625,24.981996678950622,10.282523903826561,8.375,7.0180033210493775
1841.P16488,22,1841,1841:NCS212,female,hand,20260907,2,21.71747609617344,21.33125,24.862323540472808,0.28252390382656145,0.6687499999999993,2.862323540472808
1841.F05841,30,1841,1841:NAU108,female,head,20260907,2,21.675673218981053,23.9125,25.62730133176804,8.324326781018947,6.087499999999999,4.372698668231958
2010.1689,22,2010,2010:15,female,head,20260907,2,27.494274735564623,38.54375,31.6797618624543,5.494274735564623,16.543750000000003,9.6797618624543
1841.P15132,18,1841,1841:NCS232,female,hand,20260907,2,21.71747609617344,24.2875,24.90241230910731,3.7174760961734385,6.287500000000001,6.902412309107309
10317.000003299,61,10317,10317:e7639c4697365b2cdd0af17e85e19fae656bebe2ca231e4057397460de8a06886fbdc663413a68e30c542241a5d4a8765a2affefbadf0e387eda6d67a72749a0,male,head,20260907,2,42.10485097427183,43.025,44.28198099125392,18.895149025728173,17.975,16.718019008746083
1841.P15683,29,1841,1841:CUB011,female,hand,20260907,2,21.71747609617344,22.4875,25.406787000752388,7.2825239038265615,6.512499999999999,3.593212999247612
1841.F06550,22,1841,1841:CUB040,male,head,20260907,2,24.40790725636508,26.66875,20.903388423095755,2.4079072563650783,4.668749999999999,1.0966115769042446
1841.F06483,21,1841,1841:CUB000,female,head,20260907,2,21.675673218981053,23.26875,23.077422960784418,0.6756732189810535,2.2687500000000007,2.0774229607844177
1841.P16569,41,1841,1841:CUB050,female,hand,20260907,2,21.71747609617344,30.10625,28.273714912038145,19.28252390382656,10.89375,12.726285087961855
1841.P16566,41,1841,1841:CUB050,female,hand,20260907,2,21.71747609617344,25.84375,26.2222548593891,19.28252390382656,15.15625,14.7777451406109
10317.000028916,73,10317,10317:f683242e74204128eb6f0c48f059f9cc0f82c39979573e92a85625acbd1daa1c25397a2b8f8904604e543f3f09aaad3960234f5612a616d2bc9c639e9be3e5b9,female,head,20260907,2,48.29283646538926,45.0625,48.86685523607109,24.707163534610743,27.9375,24.13314476392891
2010.3092,31,2010,2010:41,female,head,20260907,2,27.494274735564623,37.94375,29.109878646736583,3.5057252644353767,6.943750000000001,1.8901213532634173
1841.P16602,22,1841,1841:CUB040,male,hand,20260907,2,24.4099372604461,27.5375,23.1145565438984,2.4099372604460996,5.537500000000001,1.1145565438983986
10317.000063351,29,10317,10317:e8fffa963380c63cba1d064de83b3a91000831ddbab3f8b56168ee1903063a0900f0a9b07f79b2f4a728ad7af62c82a718d51b95ccc1f12d6d1d3ce257c151f7,female,hand,20260907,2,51.94862836076935,32.5625,37.71962936010141,22.948628360769348,3.5625,8.719629360101408
1841.P15803,21,1841,1841:NAU154,female,hand,20260907,2,21.71747609617344,22.40625,25.08307262393701,0.7174760961734385,1.40625,4.08307262393701
2010.2690,26,2010,2010:33,female,head,20260907,2,27.494274735564623,24.5125,25.746138826566053,1.4942747355646233,1.4875000000000007,0.2538611734339469
1841.F05560,21,1841,1841:NAU154,female,head,20260907,2,21.675673218981053,22.6375,22.720266284009803,0.6756732189810535,1.6374999999999993,1.7202662840098029
1841.F06345,20,1841,1841:CUB036,female,head,20260907,2,21.675673218981053,21.73125,21.945196274279994,1.6756732189810535,1.7312499999999993,1.9451962742799935
1841.F06435,41,1841,1841:CUB050,female,head,20260907,2,21.675673218981053,31.1125,25.81146510261844,19.324326781018947,9.8875,15.188534897381562
10317.000005088,34,10317,10317:b74b978649567cb54fc875fffd91ae1e96fe51d67ba3b37beafd17700ef6cc8174703285ab46d656b674c96a535fb1c24429eee1b4c50b47eedb924ba7c66a50,male,head,20260907,2,42.10485097427183,45.25625,45.94805103929516,8.104850974271827,11.256250000000001,11.948051039295159
10317.000005084,34,10317,10317:b74b978649567cb54fc875fffd91ae1e96fe51d67ba3b37beafd17700ef6cc8174703285ab46d656b674c96a535fb1c24429eee1b4c50b47eedb924ba7c66a50,male,hand,20260907,2,44.45501722661544,44.90625,48.39593800642875,10.455017226615439,10.90625,14.39593800642875
10317.000005086,34,10317,10317:b74b978649567cb54fc875fffd91ae1e96fe51d67ba3b37beafd17700ef6cc8174703285ab46d656b674c96a535fb1c24429eee1b4c50b47eedb924ba7c66a50,male,hand,20260907,2,44.45501722661544,44.125,46.834877478691475,10.455017226615439,10.125,12.834877478691475
10317.000005081,33,10317,10317:a29fd754368cde4d06c428f68fac03a5f07bc4192f8ad6f00b4dead3a90b4f2a07cda53d353c8eebcdf472b25a87cc69592d2bcf0fae7f901a0ee6e9cff063c9,male,hand,20260907,2,44.45501722661544,37.28125,43.420127952592075,11.455017226615439,4.28125,10.420127952592075
10317.000005083,33,10317,10317:a29fd754368cde4d06c428f68fac03a5f07bc4192f8ad6f00b4dead3a90b4f2a07cda53d353c8eebcdf472b25a87cc69592d2bcf0fae7f901a0ee6e9cff063c9,male,hand,20260907,2,44.45501722661544,38.925,43.89159546048461,11.455017226615439,5.924999999999997,10.89159546048461
10317.000015330,35,10317,10317:6eb269d94d6e32fa517a561269634737fc4de40944d6d037a2c1e867bbe9e8d13686a131c81709f95eabe5834b99badd054994b1cf967842aaca451c97a22451,female,head,20260907,2,48.29283646538926,40.73125,46.84742187264798,13.292836465389257,5.731250000000003,11.847421872647978
10317.000027366,37,10317,10317:482345a32e3a7b9b720d6fdc686fc3e70d753e64e43afd362ef02e1fc5dd37b501623bdb8a16c51af559d1fc8a5f1aea69b6791e90ce65954b3ece776b8e4868,male,hand,20260907,2,44.45501722661544,45.54375,46.90090229753408,7.455017226615439,8.543750000000003,9.900902297534081
1841.P15533,22,1841,1841:NAU130,female,hand,20260907,2,21.71747609617344,22.28125,24.88554164497295,0.28252390382656145,0.28125,2.8855416449729496
1841.P15532,21,1841,1841:NAU154,female,hand,20260907,2,21.71747609617344,22.59375,23.774114141013868,0.7174760961734385,1.59375,2.774114141013868
1841.P15534,22,1841,1841:NAU116,male,hand,20260907,2,24.4099372604461,23.4125,22.4270925221488,2.4099372604460996,1.4125000000000014,0.42709252214880067
1841.F05619,21,1841,1841:CUB000,female,head,20260907,2,21.675673218981053,25.35625,24.73692258746133,0.6756732189810535,4.356249999999999,3.736922587461329
1841.F05615,20,1841,1841:CUB027,female,head,20260907,2,21.675673218981053,23.36875,25.167920094520607,1.6756732189810535,3.3687499999999986,5.167920094520607
1841.F05893,33,1841,1841:NAU144,male,head,20260907,2,24.40790725636508,23.95,18.274606563694384,8.592092743634922,9.05,14.725393436305616
1841.F05898,24,1841,1841:NAU109,male,head,20260907,2,24.40790725636508,23.45,20.68325095369895,0.4079072563650783,0.5500000000000007,3.3167490463010516
1841.P16393,33,1841,1841:NAU144,male,hand,20260907,2,24.4099372604461,22.8,20.652456774897473,8.5900627395539,10.2,12.347543225102527
10317.000041062,33,10317,10317:cc7a72730c7716b41648ac90728f72eb759bd32caaa07b60e4db721abd907a2e38b19314c602ce3a7b19a7634037bd360e4d54c532513a267152129589e536de,male,hand,20260907,2,44.45501722661544,38.28125,43.47154556665163,11.455017226615439,5.28125,10.471545566651628
10317.000004053,54,10317,10317:7c2ab4fd0ff794379f970934bd5bd789fb515903877b15c3dd2422a09212fc3a5ad62b4d2a149d5d34564a6e8e0488a0c4b1d673016c8a9c4870363225cb4059,female,hand,20260907,2,51.94862836076935,43.35,49.13261086784418,2.051371639230652,10.649999999999999,4.867389132155822
2010.3050,31,2010,2010:41,female,head,20260907,2,27.494274735564623,37.36875,28.71323091525557,3.5057252644353767,6.368749999999999,2.2867690847444315
1841.F05157,20,1841,1841:NAU110,female,head,20260907,2,21.675673218981053,27.48125,21.594353945847935,1.6756732189810535,7.481249999999999,1.594353945847935
10317.000068998,29,10317,10317:fad8ec3f3e1d0020041ba9c117373e6abfd242b0ece7d768af390422eb907827a7ac8fb22732c500478dcf1ab82bd83ed997d23b1233bce38d043d35edf8f47c,unknown,hand,20260907,2,49.735733673177656,40.26875,38.071307691498745,20.735733673177656,11.268749999999997,9.071307691498745
10317.000068991,29,10317,10317:fad8ec3f3e1d0020041ba9c117373e6abfd242b0ece7d768af390422eb907827a7ac8fb22732c500478dcf1ab82bd83ed997d23b1233bce38d043d35edf8f47c,unknown,head,20260907,2,41.08524692438384,40.125,43.467918653743624,12.085246924383839,11.125,14.467918653743624
1841.P16399,24,1841,1841:NAU109,male,hand,20260907,2,24.4099372604461,23.325,22.52913823914182,0.40993726044609957,0.6750000000000007,1.470861760858181
1841.F06563,20,1841,1841:CUB027,female,head,20260907,2,21.675673218981053,24.9375,23.17873107018988,1.6756732189810535,4.9375,3.1787310701898797
1841.F06565,41,1841,1841:CUB050,female,head,20260907,2,21.675673218981053,27.35625,24.967719725482063,19.324326781018947,13.64375,16.032280274517937
1841.P15517,33,1841,1841:NAU144,male,hand,20260907,2,24.4099372604461,26.69375,22.035035559115684,8.5900627395539,6.306249999999999,10.964964440884316
1841.P15512,24,1841,1841:NAU109,male,hand,20260907,2,24.4099372604461,21.8625,20.573557840821337,0.40993726044609957,2.1374999999999993,3.426442159178663
1841.F05527,33,1841,1841:NAU144,male,head,20260907,2,24.40790725636508,24.825,19.005694984474687,8.592092743634922,8.175,13.994305015525313
1841.P16099,20,1841,1841:NAU110,female,hand,20260907,2,21.71747609617344,28.93125,24.78176281553551,1.7174760961734385,8.931249999999999,4.781762815535512
1841.P15724,32,1841,1841:NAU150,female,hand,20260907,2,21.71747609617344,25.825,26.325325953318774,10.282523903826561,6.175000000000001,5.6746740466812255
1841.P15728,20,1841,1841:NAU110,female,hand,20260907,2,21.71747609617344,27.71875,23.765764078299217,1.7174760961734385,7.71875,3.7657640782992168
2010.1665,22,2010,2010:15,female,head,20260907,2,27.494274735564623,35.95625,26.48740166597036,5.494274735564623,13.956249999999997,4.48740166597036
1841.F06503,20,1841,1841:CUB027,female,head,20260907,2,21.675673218981053,22.61875,23.32110077349194,1.6756732189810535,2.6187499999999986,3.3211007734919384
1841.F06500,29,1841,1841:CUB011,female,head,20260907,2,21.675673218981053,25.09375,24.396917860195497,7.3243267810189465,3.90625,4.603082139804503
1841.F05548,22,1841,1841:NAU130,female,head,20260907,2,21.675673218981053,21.55,22.652439301223836,0.3243267810189465,0.4499999999999993,0.6524393012238363
10317.000069135,34,10317,10317:2fe8dc51162640ecda81c266c7b13a12fa0b362550125c042231ebf311ae65b5597119ff4c21bc3e0d2daf7c54569db93c6d59b2cd8c7abd7c7e43d806b66718,male,head,20260907,2,42.10485097427183,39.70625,40.44935555453213,8.104850974271827,5.706249999999997,6.449355554532133
1841.F05058,22,1841,1841:NCS212,female,head,20260907,2,21.675673218981053,23.0625,22.527584513375835,0.3243267810189465,1.0625,0.5275845133758352
10317.000020406,21,10317,10317:067f46a4c1905f4c5da538e403fcc7d5af159a01e7cf12222f38ba20baa75d47585bf073da073889ebf123e47d4d51985f22c2591db7d64cd298c3fefa779aaa,female,head,20260907,2,48.29283646538926,34.54375,40.365232688016114,27.292836465389257,13.543750000000003,19.365232688016114
10317.000015253,34,10317,10317:b74b978649567cb54fc875fffd91ae1e96fe51d67ba3b37beafd17700ef6cc8174703285ab46d656b674c96a535fb1c24429eee1b4c50b47eedb924ba7c66a50,male,hand,20260907,2,44.45501722661544,42.9,44.37660409896016,10.455017226615439,8.899999999999999,10.376604098960158
10317.000015252,34,10317,10317:b74b978649567cb54fc875fffd91ae1e96fe51d67ba3b37beafd17700ef6cc8174703285ab46d656b674c96a535fb1c24429eee1b4c50b47eedb924ba7c66a50,male,head,20260907,2,42.10485097427183,42.075,41.21236898534289,8.104850974271827,8.075000000000003,7.212368985342891
10317.000015255,34,10317,10317:b74b978649567cb54fc875fffd91ae1e96fe51d67ba3b37beafd17700ef6cc8174703285ab46d656b674c96a535fb1c24429eee1b4c50b47eedb924ba7c66a50,male,hand,20260907,2,44.45501722661544,40.6625,44.50043765883563,10.455017226615439,6.662500000000001,10.50043765883563
10317.000063291,29,10317,10317:c78075767b35e039a0b606f8a727e3fc3e2823715abe6a1c7c9956e664a6ff667e1ed5a2426907b56b3a7776221005afb7b5f38d5a651d25074abdbea76cec2f,male,hand,20260907,2,44.45501722661544,42.73125,42.12304829123221,15.455017226615439,13.731250000000003,13.123048291232209
1841.P15960,20,1841,1841:CUB036,female,hand,20260907,2,21.71747609617344,21.2125,24.819699109894493,1.7174760961734385,1.2124999999999986,4.8196991098944935
1841.P15742,20,1841,1841:NAU110,female,hand,20260907,2,21.71747609617344,28.9625,24.578259862681225,1.7174760961734385,8.962499999999999,4.578259862681225
2010.1623,22,2010,2010:15,female,head,20260907,2,27.494274735564623,37.31875,28.441233737308313,5.494274735564623,15.318750000000001,6.441233737308313
10317.000066831,29,10317,10317:7f8b5599423e74bb4268af85d143fbeed68370b2eaa79f6e6facbcf10974040d6ef4afefb5ff2aab1f618ba97f2eecc39b0621fb60a556425670ca9606d4aa0c,male,hand,20260907,2,44.45501722661544,35.11875,33.44379290039458,15.455017226615439,6.118749999999999,4.443792900394577
10317.000003320,68,10317,10317:296d3619f89620d7a1813eded08db85d465fbadcd5c992b8a0df0a8fa6163430bd5551d6a56e69f72d9f2bd4931877236ea9dc795fe08d7859973e3711bf2616,female,head,20260907,2,48.29283646538926,42.2125,46.815209663235834,19.707163534610743,25.7875,21.184790336764166
1841.F06520,21,1841,1841:CUB026,male,head,20260907,2,24.40790725636508,23.74375,19.186887691595864,3.4079072563650783,2.7437499999999986,1.8131123084041363
1841.P15086,22,1841,1841:CUB040,male,hand,20260907,2,24.4099372604461,27.91875,23.72227070306331,2.4099372604460996,5.918749999999999,1.7222707030633089
1841.P15223,29,1841,1841:CUB011,female,hand,20260907,2,21.71747609617344,22.13125,26.13549650733036,7.2825239038265615,6.868749999999999,2.864503492669641
1841.P15550,22,1841,1841:NAU130,female,hand,20260907,2,21.71747609617344,21.34375,24.11490049537356,0.28252390382656145,0.65625,2.1149004953735613
1841.P15224,22,1841,1841:CUB040,male,hand,20260907,2,24.4099372604461,25.96875,22.243509267630593,2.4099372604460996,3.96875,0.24350926763059277
1841.P15226,20,1841,1841:CUB036,female,hand,20260907,2,21.71747609617344,25.35,25.633457068664903,1.7174760961734385,5.350000000000001,5.633457068664903
1841.F05389,19,1841,1841:NCS241,female,head,20260907,2,21.675673218981053,23.9625,22.477657136846048,2.6756732189810535,4.962499999999999,3.477657136846048
1841.P16146,33,1841,1841:NAU144,male,hand,20260907,2,24.4099372604461,22.20625,21.959607917889603,8.5900627395539,10.79375,11.040392082110397
1841.P15919,20,1841,1841:CUB027,female,hand,20260907,2,21.71747609617344,23.65625,26.224212907089985,1.7174760961734385,3.65625,6.224212907089985
10317.000063279,30,10317,10317:891ba49891c93e012ced08e68550251a74e2939dbec3af58e67b97d73d2d0f32fd7530e785db3ae620b3a125927c31d18d0e6c08bfe00778a19646a44083e9e7,male,hand,20260907,2,44.45501722661544,37.125,40.20617902865743,14.455017226615439,7.125,10.20617902865743
1841.P15766,32,1841,1841:NAU150,female,hand,20260907,2,21.71747609617344,22.9375,24.724125278132245,10.282523903826561,9.0625,7.275874721867755
1841.F05604,20,1841,1841:CUB036,female,head,20260907,2,21.675673218981053,23.3125,21.54203028887589,1.6756732189810535,3.3125,1.542030288875889
1841.F05465,21,1841,1841:NAU154,female,head,20260907,2,21.675673218981053,23.2125,21.932378613580376,0.6756732189810535,2.2124999999999986,0.9323786135803758
1841.P15206,20,1841,1841:CUB036,female,hand,20260907,2,21.71747609617344,22.5125,23.56157813126808,1.7174760961734385,2.5124999999999993,3.5615781312680816
1841.P15202,20,1841,1841:CUB036,female,hand,20260907,2,21.71747609617344,26.0875,25.044525877777826,1.7174760961734385,6.087499999999999,5.044525877777826
1841.P15200,41,1841,1841:CUB050,female,hand,20260907,2,21.71747609617344,26.7,26.43235231551633,19.28252390382656,14.3,14.56764768448367
2010.3011,31,2010,2010:41,female,head,20260907,2,27.494274735564623,36.3,27.043652498498503,3.5057252644353767,5.299999999999997,3.9563475015014973
10317.000026508,76,10317,10317:a158faae1efddbd20bb064586e2ed359d9d89fe23e5776aaf6362e6a33b0760e24e9c69462baab420cef8bacb535b245b3687a18e94f0a8e346556bdb347fb67,male,head,20260907,2,42.10485097427183,43.59375,44.03787966353323,33.89514902572817,32.40625,31.962120336466768
1841.P15923,21,1841,1841:CUB000,female,hand,20260907,2,21.71747609617344,26.39375,27.73671848014248,0.7174760961734385,5.393750000000001,6.736718480142478
1841.F06285,21,1841,1841:NAU154,female,head,20260907,2,21.675673218981053,23.59375,22.39193004016626,0.6756732189810535,2.59375,1.3919300401662618
1841.F06202,32,1841,1841:NAU150,female,head,20260907,2,21.675673218981053,24.25,24.03353700776569,10.324326781018947,7.75,7.966462992234309
1841.F05227,24,1841,1841:NAU109,male,head,20260907,2,24.40790725636508,24.21875,20.376825649772048,0.4079072563650783,0.21875,3.623174350227952
1841.P16310,20,1841,1841:NAU110,female,hand,20260907,2,21.71747609617344,29.28125,23.883730697333796,1.7174760961734385,9.28125,3.883730697333796
1841.P16315,24,1841,1841:NAU109,male,hand,20260907,2,24.4099372604461,24.625,21.561558210908636,0.40993726044609957,0.625,2.438441789091364
1841.P16316,33,1841,1841:NAU144,male,hand,20260907,2,24.4099372604461,22.375,20.91478744930035,8.5900627395539,10.625,12.085212550699652
1841.P16317,21,1841,1841:NAU154,female,hand,20260907,2,21.71747609617344,22.7375,24.53522972117078,0.7174760961734385,1.7375000000000007,3.5352297211707793
10317.000015015,41,10317,10317:ce1fd98484e30049ab6a9f362cff6bacde2a68b949d54142b56fe830f015c8ec656e789dfe4d793ec0abc652ccb025d8f245a86aa12b68a7664f1f34156f22d4,male,head,20260907,2,42.10485097427183,48.025,47.50779281374355,1.1048509742718267,7.024999999999999,6.507792813743549
1841.P15045,22,1841,1841:CUB040,male,hand,20260907,2,24.4099372604461,22.5875,22.68811541820667,2.4099372604460996,0.5874999999999986,0.6881154182066709
1841.P15047,20,1841,1841:CUB027,female,hand,20260907,2,21.71747609617344,22.70625,24.674558070039375,1.7174760961734385,2.7062500000000007,4.6745580700393745
1841.P15597,21,1841,1841:NAU113,female,hand,20260907,2,21.71747609617344,24.1875,24.824967485895066,0.7174760961734385,3.1875,3.8249674858950655
1841.P15260,21,1841,1841:CUB000,female,hand,20260907,2,21.71747609617344,25.55625,26.00709344469007,0.7174760961734385,4.556249999999999,5.007093444690071
1841.F05084,22,1841,1841:NCS212,female,head,20260907,2,21.675673218981053,22.69375,22.25800547759912,0.3243267810189465,0.6937500000000014,0.25800547759912007
1841.P16442,22,1841,1841:NCS212,female,hand,20260907,2,21.71747609617344,23.60625,25.34363175863844,0.28252390382656145,1.6062499999999993,3.343631758638441
1841.F05036,22,1841,1841:NAU130,female,head,20260907,2,21.675673218981053,22.43125,21.76095428788045,0.3243267810189465,0.4312499999999986,0.23904571211955172
10317.000028823,30,10317,10317:98f1f8c9217912fbbec5cd8e5c39acc05c729d5d4b5113f922efc048b9e4b68d2de8c43cb8721151f190923c84f990227a8cdf3359af1f0a5fc59ecd028dabf4,male,head,20260907,2,42.10485097427183,35.89375,38.55235335096528,12.104850974271827,5.893749999999997,8.552353350965276
1841.P16104,30,1841,1841:NAU108,female,hand,20260907,2,21.71747609617344,22.925,26.983750421043048,8.282523903826561,7.074999999999999,3.016249578956952
1841.P16107,24,1841,1841:NAU109,male,hand,20260907,2,24.4099372604461,23.6125,21.69845729474852,0.40993726044609957,0.3874999999999993,2.3015427052514816
1841.P16103,21,1841,1841:NAU154,female,hand,20260907,2,21.71747609617344,22.4875,22.920539289967625,0.7174760961734385,1.4875000000000007,1.9205392899676248
1841.P15310,22,1841,1841:NCS212,female,hand,20260907,2,21.71747609617344,22.2,25.88468451602577,0.28252390382656145,0.1999999999999993,3.8846845160257715
10317.000014513,43,10317,10317:945445118eb28a47d0311468e8170b2c68dd921cbb868623641758d82330a5f89defc8f3631f8c7f925da369315c0e442e1b32d12fae4688f05b9a40c0167080,male,head,20260907,2,42.10485097427183,36.45,36.92399397967737,0.8951490257281733,6.549999999999997,6.07600602032263
1841.P15672,20,1841,1841:CUB036,female,hand,20260907,2,21.71747609617344,22.83125,23.5469844893868,1.7174760961734385,2.8312500000000007,3.5469844893868014
1841.F05207,24,1841,1841:NAU109,male,head,20260907,2,24.40790725636508,24.575,21.187073403320124,0.4079072563650783,0.5749999999999993,2.812926596679876
1841.F05209,24,1841,1841:NAU109,male,head,20260907,2,24.40790725636508,24.13125,20.88415067341945,0.4079072563650783,0.13125000000000142,3.1158493265805483
1841.P16395,22,1841,1841:NAU130,female,hand,20260907,2,21.71747609617344,21.8875,25.02983058363902,0.28252390382656145,0.11250000000000071,3.0298305836390185
1841.P16370,20,1841,1841:NAU110,female,hand,20260907,2,21.71747609617344,32.7375,23.62467201765621,1.7174760961734385,12.737499999999997,3.6246720176562093
1841.F05884,20,1841,1841:NAU110,female,head,20260907,2,21.675673218981053,27.475,23.657827347048336,1.6756732189810535,7.475000000000001,3.657827347048336
1841.F06584,22,1841,1841:CUB040,male,head,20260907,2,24.40790725636508,24.9375,19.883743779347338,2.4079072563650783,2.9375,2.1162562206526623
1841.F06585,29,1841,1841:CUB011,female,head,20260907,2,21.675673218981053,22.8,21.152255486999326,7.3243267810189465,6.199999999999999,7.8477445130006735
1841.F06580,21,1841,1841:CUB000,female,head,20260907,2,21.675673218981053,25.025,24.602062964946587,0.6756732189810535,4.024999999999999,3.6020629649465867
1841.P15060,22,1841,1841:CUB040,male,hand,20260907,2,24.4099372604461,25.93125,23.07049759230799,2.4099372604460996,3.9312499999999986,1.0704975923079907
10317.000003385,57,10317,10317:e36b03fa22764e26a56edd5b75a454e7ebf99d597c381d00186fa32b482bff3046c06024a335a9f1c29fb95217a131573eb7860fa709d5a472294e56d5762d4c,female,head,20260907,2,48.29283646538926,47.88125,52.26309681329776,8.707163534610743,9.118749999999999,4.736903186702243
1841.F06326,29,1841,1841:CUB011,female,head,20260907,2,21.675673218981053,22.26875,23.009651245138365,7.3243267810189465,6.731249999999999,5.990348754861635
2010.2516,26,2010,2010:33,female,head,20260907,2,27.494274735564623,33.79375,29.21229626283446,1.4942747355646233,7.793750000000003,3.2122962628344602
10317.000068835,36,10317,10317:1828cb0e8db79ff7771af2763605e12af956358756170093e17230a4ffb081fdfb2040dc65ff286b54429aedd73f9630fd5d98b9a5ad628c6116a74fb994dcf8,male,head,20260907,2,42.10485097427183,39.625,38.53495672391813,6.104850974271827,3.625,2.5349567239181283
1841.P16296,21,1841,1841:NAU154,female,hand,20260907,2,21.71747609617344,26.2,22.97349381811726,0.7174760961734385,5.199999999999999,1.9734938181172588
10317.000015118,28,10317,10317:d031d7eaf91c489f64052f69777e1385468d8cbdc419eb3568de9547015ad04606d5d70ca9970521bd182907f9b00d2640e54727e0262ceaea9ccb7d9603385e,female,hand,20260907,2,51.94862836076935,41.9375,51.171741897563514,23.948628360769348,13.9375,23.171741897563514
10317.000015116,28,10317,10317:d031d7eaf91c489f64052f69777e1385468d8cbdc419eb3568de9547015ad04606d5d70ca9970521bd182907f9b00d2640e54727e0262ceaea9ccb7d9603385e,female,head,20260907,2,48.29283646538926,47.425,50.21542970061591,20.292836465389257,19.424999999999997,22.215429700615907
1841.F05414,32,1841,1841:NAU150,female,head,20260907,2,21.675673218981053,23.76875,22.950687777388534,10.324326781018947,8.23125,9.049312222611466
1841.P16122,33,1841,1841:NAU144,male,hand,20260907,2,24.4099372604461,25.96875,20.27790005085962,8.5900627395539,7.03125,12.722099949140379
10317.000005890,56,10317,10317:33ba8a7afe558034e3f527d8bcded781b3a03f65b84046973746dc39322e5974f8eea69a05cf01664cb731c14698655a03f89a9740b6d8a90c6d209b076ef538,male,hand,20260907,2,44.45501722661544,44.575,47.82014413829228,11.544982773384561,11.424999999999997,8.179855861707722
10317.000015453,46,10317,10317:3483b70983107b3501a2fdeab0f7e00b06ec05b5a7afdf499c410267e4aa99ea36b3643db981cdf6f557435d6ff028c1059e2bc75261e6f468598f093fde8b72,male,hand,20260907,2,44.45501722661544,43.4375,46.10017945182311,1.544982773384561,2.5625,0.10017945182310939
2010.3180,31,2010,2010:41,female,head,20260907,2,27.494274735564623,36.41875,29.249491152618333,3.5057252644353767,5.418750000000003,1.750508847381667
1841.P16356,30,1841,1841:NAU108,female,hand,20260907,2,21.71747609617344,24.63125,26.86803112350007,8.282523903826561,5.368749999999999,3.131968876499929
2010.1803,34,2010,2010:17,female,head,20260907,2,27.494274735564623,35.38125,28.193054825626607,6.505725264435377,1.3812500000000014,5.806945174373393
1841.P16524,21,1841,1841:CUB026,male,hand,20260907,2,24.4099372604461,24.81875,22.066302726495437,3.4099372604460996,3.8187500000000014,1.0663027264954366
1841.P15005,29,1841,1841:CUB011,female,hand,20260907,2,21.71747609617344,24.63125,28.50531464585101,7.2825239038265615,4.368749999999999,0.4946853541489915
10317.000007105,53,10317,10317:ebedffb9e4d507d8cbaa7af0405caf451aa201d9746c76619a2a69f6b1c164e191af34fbad4f50a53bbb30a92cba77bf673b82db2b687fa2258240612900791e,male,hand,20260907,2,44.45501722661544,47.46875,48.15922747097367,8.544982773384561,5.53125,4.8407725290263315
10317.000007106,53,10317,10317:ebedffb9e4d507d8cbaa7af0405caf451aa201d9746c76619a2a69f6b1c164e191af34fbad4f50a53bbb30a92cba77bf673b82db2b687fa2258240612900791e,male,head,20260907,2,42.10485097427183,45.0875,44.19898999291634,10.895149025728173,7.912500000000001,8.801010007083661
10317.000007103,53,10317,10317:ebedffb9e4d507d8cbaa7af0405caf451aa201d9746c76619a2a69f6b1c164e191af34fbad4f50a53bbb30a92cba77bf673b82db2b687fa2258240612900791e,male,hand,20260907,2,44.45501722661544,47.71875,51.533224462797705,8.544982773384561,5.28125,1.4667755372022953
1841.F05433,32,1841,1841:NAU150,female,head,20260907,2,21.675673218981053,23.9,22.430486327248307,10.324326781018947,8.100000000000001,9.569513672751693
1841.F05432,32,1841,1841:NAU150,female,head,20260907,2,21.675673218981053,23.7375,22.6908100089736,10.324326781018947,8.2625,9.3091899910264
1841.F06211,22,1841,1841:NAU130,female,head,20260907,2,21.675673218981053,22.64375,22.177016414404633,0.3243267810189465,0.6437500000000007,0.17701641440463334
2010.1751,23,2010,2010:15,female,head,20260907,2,27.494274735564623,37.7625,27.395072950585902,4.494274735564623,14.762500000000003,4.395072950585902
1841.P15021,20,1841,1841:CUB027,female,hand,20260907,2,21.71747609617344,21.9125,24.781319133138975,1.7174760961734385,1.9125000000000014,4.781319133138975
1841.F06368,29,1841,1841:CUB011,female,head,20260907,2,21.675673218981053,21.15,22.233260646343886,7.3243267810189465,7.850000000000001,6.766739353656114
1841.F06362,22,1841,1841:CUB040,male,head,20260907,2,24.40790725636508,24.825,20.182007769421613,2.4079072563650783,2.8249999999999993,1.8179922305783869
1841.P15283,22,1841,1841:CUB040,male,hand,20260907,2,24.4099372604461,25.2125,23.173795689884138,2.4099372604460996,3.2124999999999986,1.1737956898841375
1841.P15281,41,1841,1841:CUB050,female,hand,20260907,2,21.71747609617344,31.90625,28.645899913276143,19.28252390382656,9.09375,12.354100086723857
1841.P15222,21,1841,1841:CUB000,female,hand,20260907,2,21.71747609617344,25.85,28.088004697833195,0.7174760961734385,4.850000000000001,7.088004697833195
1841.F05520,21,1841,1841:NAU154,female,head,20260907,2,21.675673218981053,25.40625,22.866753709562285,0.6756732189810535,4.40625,1.8667537095622855
1841.P15618,41,1841,1841:CUB050,female,hand,20260907,2,21.71747609617344,30.1625,29.235693065345924,19.28252390382656,10.837499999999999,11.764306934654076
10317.000048390,21,10317,10317:30d7ca7c505d10cb4c76c0443a75de8f2f826d67386377db4fa33b8983b7e1be84ec36794891a1993f919a1c5c528a78e39e90c8c94320bc3b555e3aa3643685,female,hand,20260907,2,51.94862836076935,47.0375,51.81519466323597,30.948628360769348,26.0375,30.81519466323597
1841.F05843,22,1841,1841:NAU130,female,head,20260907,2,21.675673218981053,21.69375,21.382220695024483,0.3243267810189465,0.3062499999999986,0.6177793049755174
1841.F05840,33,1841,1841:NAU144,male,head,20260907,2,24.40790725636508,24.35,18.977772709429285,8.592092743634922,8.649999999999999,14.022227290570715
1841.P16553,29,1841,1841:CUB011,female,hand,20260907,2,21.71747609617344,22.7125,25.979317304422448,7.2825239038265615,6.287500000000001,3.020682695577552
1841.F05849,33,1841,1841:NAU144,male,head,20260907,2,24.40790725636508,26.45,20.29048192888728,8.592092743634922,6.550000000000001,12.709518071112718
1841.F06432,41,1841,1841:CUB050,female,head,20260907,2,21.675673218981053,29.3,27.376202017628035,19.324326781018947,11.7,13.623797982371965
1841.F06433,21,1841,1841:CUB026,male,head,20260907,2,24.40790725636508,22.79375,18.273854597980296,3.4079072563650783,1.7937499999999993,2.7261454020197036
1841.F06439,20,1841,1841:CUB027,female,head,20260907,2,21.675673218981053,22.25,22.471250651696383,1.6756732189810535,2.25,2.4712506516963835
1841.F06589,20,1841,1841:CUB027,female,head,20260907,2,21.675673218981053,23.2125,25.06218863003287,1.6756732189810535,3.2124999999999986,5.062188630032871
1841.F05617,29,1841,1841:CUB011,female,head,20260907,2,21.675673218981053,22.825,22.72872285267259,7.3243267810189465,6.175000000000001,6.27127714732741
1841.F05611,20,1841,1841:CUB036,female,head,20260907,2,21.675673218981053,23.5375,23.380731806963635,1.6756732189810535,3.5375000000000014,3.3807318069636345
10317.000027250,26,10317,10317:35ad3a0f8be46af7197f78a77d7f387c0c7eaf6f1a077f0e0176fc9111103db539f114ea70834449cb5b086a49f41113f54c36fb5bbd31c5afcbf0a1d618fe92,male,head,20260907,2,42.10485097427183,39.225,41.733279176828745,16.104850974271827,13.225000000000001,15.733279176828745
1841.P16276,32,1841,1841:NAU150,female,hand,20260907,2,21.71747609617344,24.61875,24.68874516274405,10.282523903826561,7.381250000000001,7.311254837255952
1841.P16272,22,1841,1841:NAU130,female,hand,20260907,2,21.71747609617344,23.1625,24.84780643088636,0.28252390382656145,1.1625000000000014,2.8478064308863615
1841.P16270,32,1841,1841:NAU150,female,hand,20260907,2,21.71747609617344,26.8875,26.81917417787097,10.282523903826561,5.112500000000001,5.18082582212903
1841.F05477,20,1841,1841:NAU110,female,head,20260907,2,21.675673218981053,26.7,21.856256946719753,1.6756732189810535,6.699999999999999,1.8562569467197534
1841.F05474,22,1841,1841:NAU130,female,head,20260907,2,21.675673218981053,22.05625,21.79024822555411,0.3243267810189465,0.05624999999999858,0.20975177444589121
1841.F06031,22,1841,1841:NCS212,female,head,20260907,2,21.675673218981053,23.36875,22.53828570894198,0.3243267810189465,1.3687499999999986,0.5382857089419808
1841.P16187,24,1841,1841:NAU109,male,hand,20260907,2,24.4099372604461,22.2625,20.98042532960637,0.40993726044609957,1.7375000000000007,3.019574670393631
1841.P16186,24,1841,1841:NAU109,male,hand,20260907,2,24.4099372604461,26.0625,22.745587372588066,0.40993726044609957,2.0625,1.2544126274119343
1841.P16180,32,1841,1841:NAU150,female,hand,20260907,2,21.71747609617344,28.43125,27.0018670846043,10.282523903826561,3.5687500000000014,4.998132915395701
1841.F05640,20,1841,1841:CUB036,female,head,20260907,2,21.675673218981053,23.00625,23.23247684874036,1.6756732189810535,3.0062500000000014,3.2324768487403617
10317.000004764,36,10317,10317:733d141620ab14d73e0aa4683aff41e7dfc3bae381840f02c270e108c123ae0e90bf1390da736c2d78815083080cfd4f47f1bacbfc2de5a20e1ea897fbb49593,male,hand,20260907,2,44.45501722661544,47.28125,48.65298375182561,8.455017226615439,11.28125,12.652983751825609
1841.P15365,22,1841,1841:NCS212,female,hand,20260907,2,21.71747609617344,22.95625,23.723457217357396,0.28252390382656145,0.9562500000000007,1.7234572173573959
1841.F05808,21,1841,1841:NAU154,female,head,20260907,2,21.675673218981053,23.49375,22.801467062579533,0.6756732189810535,2.4937499999999986,1.8014670625795333
1841.F05869,30,1841,1841:NAU108,female,head,20260907,2,21.675673218981053,23.1625,24.318477610572305,8.324326781018947,6.837499999999999,5.681522389427695
1841.F05864,33,1841,1841:NAU144,male,head,20260907,2,24.40790725636508,24.2875,17.88320016412055,8.592092743634922,8.712499999999999,15.116799835879451
1841.P16513,29,1841,1841:CUB011,female,hand,20260907,2,21.71747609617344,22.61875,24.69940135934209,7.2825239038265615,6.381250000000001,4.30059864065791
1841.F06419,20,1841,1841:CUB036,female,head,20260907,2,21.675673218981053,22.775,23.3029042495748,1.6756732189810535,2.7749999999999986,3.3029042495748016
1841.F06416,41,1841,1841:CUB050,female,head,20260907,2,21.675673218981053,26.20625,24.78785982489216,19.324326781018947,14.79375,16.21214017510784
10317.000005654,35,10317,10317:8606c4dd2d9371a4b109521ba900732b745ba94bf06c0047a2b8189bb5e157e1f6bcb5d5ed855b3e972841afb6a38ae24f88d3995e2f6c362286bd69d07c83ed,female,hand,20260907,2,51.94862836076935,38.8125,47.93120628912695,16.948628360769348,3.8125,12.931206289126948
10317.000005657,35,10317,10317:8606c4dd2d9371a4b109521ba900732b745ba94bf06c0047a2b8189bb5e157e1f6bcb5d5ed855b3e972841afb6a38ae24f88d3995e2f6c362286bd69d07c83ed,female,head,20260907,2,48.29283646538926,39.59375,44.71640701829822,13.292836465389257,4.59375,9.71640701829822
10317.000005656,35,10317,10317:8606c4dd2d9371a4b109521ba900732b745ba94bf06c0047a2b8189bb5e157e1f6bcb5d5ed855b3e972841afb6a38ae24f88d3995e2f6c362286bd69d07c83ed,female,hand,20260907,2,51.94862836076935,38.91875,47.838293041629605,16.948628360769348,3.918750000000003,12.838293041629605
1841.P15799,21,1841,1841:NAU154,female,hand,20260907,2,21.71747609617344,22.13125,24.200306035598956,0.7174760961734385,1.1312500000000014,3.200306035598956
1841.P15427,22,1841,1841:NCS212,female,hand,20260907,2,21.71747609617344,22.16875,24.155961637729188,0.28252390382656145,0.1687499999999993,2.155961637729188
1841.P15420,22,1841,1841:NCS212,female,hand,20260907,2,21.71747609617344,23.7,26.926410633803773,0.28252390382656145,1.6999999999999993,4.926410633803773
1841.F05676,41,1841,1841:CUB050,female,head,20260907,2,21.675673218981053,31.9,25.307211264023593,19.324326781018947,9.100000000000001,15.692788735976407
1841.F05679,22,1841,1841:CUB040,male,head,20260907,2,24.40790725636508,26.69375,20.181866197198396,2.4079072563650783,4.693750000000001,1.8181338028016043
1841.P15054,21,1841,1841:CUB026,male,hand,20260907,2,24.4099372604461,24.08125,22.897933972688435,3.4099372604460996,3.0812500000000007,1.8979339726884348
10317.000004846,43,10317,10317:a17a75eada9222f4d52ce6eb301bb5f83a31b9f5c3f8169a805aa8db550330187a4d89b93a8a8f82115a4bcf6ab38541b4e58a7343862e089fdea11ac94f627a,male,head,20260907,2,42.10485097427183,41.55625,43.55486737104455,0.8951490257281733,1.4437500000000014,0.5548673710445513
1841.F05805,33,1841,1841:NAU144,male,head,20260907,2,24.40790725636508,23.625,19.269553024583708,8.592092743634922,9.375,13.730446975416292
1841.F05803,33,1841,1841:NAU144,male,head,20260907,2,24.40790725636508,24.53125,20.045336710212815,8.592092743634922,8.46875,12.954663289787185
1841.F05416,21,1841,1841:NAU154,female,head,20260907,2,21.675673218981053,25.05625,22.280789580779455,0.6756732189810535,4.056249999999999,1.2807895807794552
1841.F05822,33,1841,1841:NAU144,male,head,20260907,2,24.40790725636508,24.01875,21.30337892408069,8.592092743634922,8.98125,11.69662107591931
1841.F06472,22,1841,1841:CUB007,female,head,20260907,3,22.349464528634226,21.84375,23.126871794962373,0.3494645286342255,0.15625,1.1268717949623728
1841.F06389,23,1841,1841:CUB053,female,head,20260907,3,22.349464528634226,25.2375,24.184728376917935,0.6505354713657745,2.2375000000000007,1.1847283769179349
10317.000004984,61,10317,10317:4fcea5cd0a1bce2d5eabe662e771f90edf941650014bd56668c6086d789fa2cff4cfcf939a865e51ba74bb1cbabc385ec9acbcc1b41ee41e0ddd437171849719,female,head,20260907,3,47.51926136895253,43.825,48.02041436744537,13.480738631047473,17.174999999999997,12.979585632554631
1841.P15440,22,1841,1841:NCS202,female,hand,20260907,3,22.297653843714563,24.5125,23.315604067598652,0.2976538437145635,2.5124999999999993,1.3156040675986524
1841.F05658,22,1841,1841:CUB016,female,head,20260907,3,22.349464528634226,25.0,25.008148386497812,0.3494645286342255,3.0,3.008148386497812
1841.P16234,20,1841,1841:NAU121,female,hand,20260907,3,22.297653843714563,23.64375,25.78555825351551,2.2976538437145635,3.6437500000000007,5.785558253515511
1841.P16497,22,1841,1841:NCS255,female,hand,20260907,3,22.297653843714563,22.1625,22.398349174282533,0.2976538437145635,0.16250000000000142,0.3983491742825329
1841.P16496,27,1841,1841:NCS214,male,hand,20260907,3,24.94535008965013,26.7375,23.828038126700612,2.0546499103498697,0.2624999999999993,3.171961873299388
1841.P16494,23,1841,1841:NCS203,female,hand,20260907,3,22.297653843714563,26.35625,23.92473486129364,0.7023461562854365,3.3562499999999993,0.9247348612936399
1841.P15331,23,1841,1841:NCS243,male,hand,20260907,3,24.94535008965013,23.1,21.057966723949463,1.9453500896501303,0.10000000000000142,1.9420332760505374
1841.P15336,23,1841,1841:NCS203,female,hand,20260907,3,22.297653843714563,23.6,24.262851848192312,0.7023461562854365,0.6000000000000014,1.2628518481923123
1841.P15145,19,1841,1841:NCS233,male,hand,20260907,3,24.94535008965013,24.66875,21.455222932447622,5.94535008965013,5.668749999999999,2.4552229324476222
1841.F06045,23,1841,1841:NCS243,male,head,20260907,3,25.006100787327405,26.6,21.154198471894844,2.006100787327405,3.6000000000000014,1.8458015281051559
1841.P15320,23,1841,1841:NCS243,male,hand,20260907,3,24.94535008965013,26.175,21.100616098044075,1.9453500896501303,3.1750000000000007,1.8993839019559253
2010.3168,31,2010,2010:43,female,head,20260907,3,27.40046319613207,37.3,29.10725479107121,3.599536803867931,6.299999999999997,1.8927452089287904
10317.000015209,60,10317,10317:f85c35ccb1de86d528e1bc924109d3f1ef2725eff131fffbb4f955f2bf62f99d01df00160e393e9c7ca1eba714fcb5547b4952bd7ca8fbba07e51e58be5c6410,unknown,hand,20260907,3,39.179777231940186,45.0875,44.76472179473284,20.820222768059814,14.912500000000001,15.235278205267157
1841.F05350,21,1841,1841:NCS247,unknown,head,20260907,3,25.060358033704215,24.4,16.917878492482387,4.060358033704215,3.3999999999999986,4.082121507517613
1841.F05351,22,1841,1841:NCS202,female,head,20260907,3,22.349464528634226,24.3,24.809358005873065,0.3494645286342255,2.3000000000000007,2.809358005873065
1841.P16003,23,1841,1841:CUB053,female,hand,20260907,3,22.297653843714563,26.06875,25.11376605972531,0.7023461562854365,3.0687500000000014,2.113766059725311
10317.000049906,69,10317,10317:f468dfbfdc239f0e3bbe1de592c866535d2e70f74b05af2999cd5ac5b39818383c58a904146c605bc773f87fac2da08ddde7d4bedced3110d5c1d3b15657f73e,male,head,20260907,3,43.26788735612373,45.61875,45.02898794957078,25.73211264387627,23.38125,23.971012050429223
1841.F06454,23,1841,1841:CUB053,female,head,20260907,3,22.349464528634226,28.86875,25.539986375304405,0.6505354713657745,5.868749999999999,2.539986375304405
1841.F05105,22,1841,1841:NAU164,male,head,20260907,3,25.006100787327405,25.65625,20.73412057002004,3.006100787327405,3.65625,1.265879429979961
1841.F05102,22,1841,1841:NAU164,male,head,20260907,3,25.006100787327405,28.75625,22.80362192433685,3.006100787327405,6.756250000000001,0.8036219243368485
1841.P15125,19,1841,1841:NCS233,male,hand,20260907,3,24.94535008965013,25.525,21.149554178872062,5.94535008965013,6.524999999999999,2.1495541788720622
1841.P15122,27,1841,1841:NCS214,male,hand,20260907,3,24.94535008965013,27.575,24.104791537812098,2.0546499103498697,0.5749999999999993,2.8952084621879024
1841.F05373,19,1841,1841:NCS233,male,head,20260907,3,25.006100787327405,23.49375,21.680036812601433,6.006100787327405,4.493749999999999,2.6800368126014327
10317.000002260,52,10317,10317:aa101e557d45d2c4a31a1d301fd4c574f8a5fc0833b116d35789d31262e1e05a55d401f9b79aeba4e9d3eba2940a8eb96f2f5b422ec59ccfd8c6811d9cd18c8d,female,head,20260907,3,47.51926136895253,40.60625,43.78755501231362,4.480738631047473,11.393749999999997,8.212444987686382
10317.000003207,56,10317,10317:8ce2fa4322344d737377931be840bf961f38b556f4fa437394b744900c1501895f7f56793071423d8af658d690902a9fb79c2d372eb011251cc952c8b26e075b,female,head,20260907,3,47.51926136895253,50.39375,51.244810468382454,8.480738631047473,5.606250000000003,4.755189531617546
2010.1566,35,2010,2010:9,female,head,20260907,3,27.40046319613207,36.19375,27.983100164274653,7.599536803867931,1.1937500000000014,7.016899835725347
1841.F06002,23,1841,1841:NCS243,male,head,20260907,3,25.006100787327405,23.1,20.41052596518344,2.006100787327405,0.10000000000000142,2.5894740348165612
1841.F06006,21,1841,1841:NCS229,male,head,20260907,3,25.006100787327405,24.21875,20.271933414255464,4.006100787327405,3.21875,0.7280665857445356
1841.F06005,27,1841,1841:NCS253,female,head,20260907,3,22.349464528634226,29.94375,26.203765130295174,4.6505354713657745,2.9437500000000014,0.7962348697048256
1841.F06009,23,1841,1841:NCS243,male,head,20260907,3,25.006100787327405,28.75625,23.35506884620997,2.006100787327405,5.756250000000001,0.3550688462099707
1841.F05570,20,1841,1841:NAU121,female,head,20260907,3,22.349464528634226,21.05625,22.349955198538613,2.3494645286342255,1.0562499999999986,2.3499551985386127
1841.F05574,23,1841,1841:NAU100,male,head,20260907,3,25.006100787327405,23.8875,19.488298071489385,2.006100787327405,0.8874999999999993,3.5117019285106146
1841.P16439,23,1841,1841:NCS203,female,hand,20260907,3,22.297653843714563,27.35625,26.12228397242519,0.7023461562854365,4.356249999999999,3.1222839724251905
1841.P16383,21,1841,1841:NAU106,female,hand,20260907,3,22.297653843714563,22.3125,24.837338969298763,1.2976538437145635,1.3125,3.837338969298763
1841.P16432,23,1841,1841:NCS243,male,hand,20260907,3,24.94535008965013,26.8875,22.3166508367154,1.9453500896501303,3.8874999999999993,0.6833491632845998
1841.P16435,22,1841,1841:NCS255,female,hand,20260907,3,22.297653843714563,22.49375,24.885548376160013,0.2976538437145635,0.4937499999999986,2.8855483761600134
10317.000063308,25,10317,10317:42aad521c038df949fad8060826afdde769401bb8b33ad632fd3209cd6d04c4e5106446ce4aef7bc16b30a904ca2d9896b24cf2ebff3881ae31264873b61c661,male,head,20260907,3,43.26788735612373,38.71875,37.14188926425256,18.26788735612373,13.71875,12.141889264252562
1841.P15385,22,1841,1841:NCS255,female,hand,20260907,3,22.297653843714563,24.25625,24.566763185332967,0.2976538437145635,2.2562500000000014,2.5667631853329667
2010.3272,31,2010,2010:43,female,head,20260907,3,27.40046319613207,38.23125,28.59819859920377,3.599536803867931,7.231250000000003,2.4018014007962307
1841.P15521,21,1841,1841:NAU106,female,hand,20260907,3,22.297653843714563,24.8125,27.307990591088004,1.2976538437145635,3.8125,6.307990591088004
1841.P16473,19,1841,1841:NCS233,male,hand,20260907,3,24.94535008965013,24.5875,20.250799059603697,5.94535008965013,5.587499999999999,1.2507990596036969
1841.F06216,20,1841,1841:NAU121,female,head,20260907,3,22.349464528634226,22.95,22.86928634339925,2.3494645286342255,2.9499999999999993,2.8692863433992493
1841.P16417,22,1841,1841:NCS255,female,hand,20260907,3,22.297653843714563,22.54375,24.061290397045504,0.2976538437145635,0.5437499999999993,2.0612903970455037
1841.P16414,23,1841,1841:NCS203,female,hand,20260907,3,22.297653843714563,24.46875,25.510831269240196,0.7023461562854365,1.46875,2.510831269240196
1841.P16413,27,1841,1841:NCS253,female,hand,20260907,3,22.297653843714563,26.3,25.114543639206182,4.7023461562854365,0.6999999999999993,1.8854563607938175
1841.F06517,20,1841,1841:CUB005,female,head,20260907,3,22.349464528634226,23.30625,23.254909134072125,2.3494645286342255,3.3062499999999986,3.2549091340721255
10317.000063188,38,10317,10317:441ac85e1bd02fd74bfe5cd7d33fc7e79af9e5986e7d55e177b00f2dadef7b37442c83e626aa9eec53feaf0e250a42f14f03b147a269cd1c57142e99e994ff08,male,head,20260907,3,43.26788735612373,36.74375,38.694317426158186,5.26788735612373,1.2562500000000014,0.6943174261581859
1841.P15505,22,1841,1841:NAU137,female,hand,20260907,3,22.297653843714563,21.8875,23.012364316195363,0.2976538437145635,0.11250000000000071,1.012364316195363
1841.F05530,21,1841,1841:NAU106,female,head,20260907,3,22.349464528634226,24.0625,22.75478782700487,1.3494645286342255,3.0625,1.7547878270048685
10317.000005361,67,10317,10317:673c8ce01f6c4b5120fb00380499db5eeb6a2fb55f33a66a36d79a28f321105b432b54532ecd02900640e027e6baa65fe94b194fa11f3a0eaf97f6abf95c9417,unknown,hand,20260907,3,39.179777231940186,42.1,41.49271141728282,27.820222768059814,24.9,25.50728858271718
1841.P16081,22,1841,1841:NAU137,female,hand,20260907,3,22.297653843714563,23.1125,21.79847047271203,0.2976538437145635,1.1125000000000007,0.20152952728797047
1841.P16083,22,1841,1841:NAU164,male,hand,20260907,3,24.94535008965013,32.59375,26.62586667430295,2.9453500896501303,10.59375,4.6258666743029515
10317.000048369,30,10317,10317:0c2dd9543685a21b0e6e26055bb6623e91dd2d77a34a450a1f4c666e6c8726990361f37c3c84c16b86b8d7ac7ac715d380ccc2006772a5e62b5bda6c41b96f13,male,head,20260907,3,43.26788735612373,37.59375,40.24354223838794,13.26788735612373,7.59375,10.243542238387938
2010.1420,35,2010,2010:9,female,head,20260907,3,27.40046319613207,37.95625,28.30022389041772,7.599536803867931,2.956249999999997,6.699776109582281
1841.P15753,22,1841,1841:NAU137,female,hand,20260907,3,22.297653843714563,23.8875,23.45877098749713,0.2976538437145635,1.8874999999999993,1.4587709874971289
10317.000063296,26,10317,10317:9a079253652d16fa017050fd68017b646c3c734b4c96ca593236c537806682233e513b33fb850475266ef28a5c34e9297ffbd213ef416263b306bfae257d1aef,male,head,20260907,3,43.26788735612373,36.79375,37.65858556334514,17.26788735612373,10.793750000000003,11.658585563345142
1841.P15747,20,1841,1841:NAU121,female,hand,20260907,3,22.297653843714563,23.65625,25.870724164986942,2.2976538437145635,3.65625,5.870724164986942
1841.F05274,21,1841,1841:NAU106,female,head,20260907,3,22.349464528634226,28.26875,26.511826494794125,1.3494645286342255,7.268750000000001,5.511826494794125
1841.F06532,22,1841,1841:CUB016,female,head,20260907,3,22.349464528634226,20.90625,22.211881322096193,0.3494645286342255,1.09375,0.21188132209619326
1841.F06539,23,1841,1841:CUB053,female,head,20260907,3,22.349464528634226,23.0875,23.623647392421137,0.6505354713657745,0.08749999999999858,0.6236473924211374
10317.000049908,69,10317,10317:f468dfbfdc239f0e3bbe1de592c866535d2e70f74b05af2999cd5ac5b39818383c58a904146c605bc773f87fac2da08ddde7d4bedced3110d5c1d3b15657f73e,male,hand,20260907,3,42.784686049577715,41.825,43.35651681915176,26.215313950422285,27.174999999999997,25.643483180848243
1841.P15567,22,1841,1841:NAU164,male,hand,20260907,3,24.94535008965013,25.71875,22.803494832893264,2.9453500896501303,3.71875,0.8034948328932643
1841.P15561,21,1841,1841:NAU106,female,hand,20260907,3,22.297653843714563,25.96875,26.744575456618993,1.2976538437145635,4.96875,5.744575456618993
1841.F05438,22,1841,1841:NAU164,male,head,20260907,3,25.006100787327405,24.09375,22.205385834664032,3.006100787327405,2.09375,0.20538583466403182
1841.P15967,20,1841,1841:CUB005,female,hand,20260907,3,22.297653843714563,27.525,23.488467822788877,2.2976538437145635,7.524999999999999,3.488467822788877
10317.000015186,26,10317,10317:cb8ea224a3bb7ef53bf08da62860c079b5996441cbbb6ef11fbe09454172198e57a65569937d0e57c98a2327cfe4b04a55969cdda8eed8fc5f998c2468e4920a,male,hand,20260907,3,42.784686049577715,39.33125,42.52257733539541,16.784686049577715,13.331249999999997,16.52257733539541
10317.000015188,26,10317,10317:cb8ea224a3bb7ef53bf08da62860c079b5996441cbbb6ef11fbe09454172198e57a65569937d0e57c98a2327cfe4b04a55969cdda8eed8fc5f998c2468e4920a,male,head,20260907,3,43.26788735612373,37.28125,40.905354416730894,17.26788735612373,11.28125,14.905354416730894
1841.P15777,20,1841,1841:NAU121,female,hand,20260907,3,22.297653843714563,23.75,24.619733895532804,2.2976538437145635,3.75,4.619733895532804
1841.F06259,20,1841,1841:NAU121,female,head,20260907,3,22.349464528634226,23.6375,23.779168186705274,2.3494645286342255,3.6374999999999993,3.7791681867052738
1841.P15569,20,1841,1841:NAU121,female,hand,20260907,3,22.297653843714563,23.04375,23.17728514589743,2.2976538437145635,3.0437499999999993,3.1772851458974287
1841.F06252,22,1841,1841:NAU137,female,head,20260907,3,22.349464528634226,23.75,23.015148324842738,0.3494645286342255,1.75,1.0151483248427375
1841.F06253,20,1841,1841:NAU121,female,head,20260907,3,22.349464528634226,24.0375,23.029156093487977,2.3494645286342255,4.037500000000001,3.029156093487977
1841.F06250,20,1841,1841:NAU121,female,head,20260907,3,22.349464528634226,23.54375,22.4697948513247,2.3494645286342255,3.5437499999999993,2.4697948513247
1841.P15563,20,1841,1841:NAU121,female,hand,20260907,3,22.297653843714563,23.85625,24.86225312884194,2.2976538437145635,3.8562499999999993,4.862253128841939
2010.2602,21,2010,2010:35,female,head,20260907,3,27.40046319613207,36.04375,27.235036625378697,6.400463196132069,15.043750000000003,6.235036625378697
10317.000029543,48,10317,10317:c86071d17549b1edea0c1ee4fd08d1f8f445ff93e7557a199712b7b28cc1547cf0bf2fbe6c28e355b5a962568aa61b5f158ed2022969d51ccb413287f708fe10,female,head,20260907,3,47.51926136895253,40.38125,43.70624324764791,0.4807386310474726,7.618749999999999,4.293756752352088
1841.F05517,20,1841,1841:NAU121,female,head,20260907,3,22.349464528634226,23.48125,23.611725105948523,2.3494645286342255,3.4812499999999993,3.6117251059485227
1841.F06450,20,1841,1841:CUB005,female,head,20260907,3,22.349464528634226,23.25625,23.777046048257485,2.3494645286342255,3.2562500000000014,3.7770460482574855
1841.F06451,23,1841,1841:CUB053,female,head,20260907,3,22.349464528634226,26.44375,25.552554611147112,0.6505354713657745,3.4437500000000014,2.5525546111471122
10317.000066843,27,10317,10317:75e7facbcee6190c9bd0ec55d33af511592981c1851bc62c90ffa060b30d59451c3407b0344a1357b33b8a653eb1ab6517c15e9f6f193c447e3882c2ada31e9a,male,hand,20260907,3,42.784686049577715,33.21875,36.10898953088378,15.784686049577715,6.21875,9.108989530883782
1841.F06088,22,1841,1841:NCS255,female,head,20260907,3,22.349464528634226,22.90625,23.78113151988576,0.3494645286342255,0.90625,1.7811315198857613
1841.F06085,23,1841,1841:NCS203,female,head,20260907,3,22.349464528634226,26.25,25.749609200523857,0.6505354713657745,3.25,2.7496092005238566
1841.P15093,22,1841,1841:CUB007,female,hand,20260907,3,22.297653843714563,23.35625,23.573718057642072,0.2976538437145635,1.3562499999999993,1.573718057642072
1841.P15546,22,1841,1841:NAU164,male,hand,20260907,3,24.94535008965013,27.8125,24.48287876898542,2.9453500896501303,5.8125,2.482878768985419
1841.P15238,20,1841,1841:CUB005,female,hand,20260907,3,22.297653843714563,26.1125,23.960779434969385,2.2976538437145635,6.112500000000001,3.9607794349693854
1841.F05060,23,1841,1841:NCS203,female,head,20260907,3,22.349464528634226,28.09375,23.566976785178536,0.6505354713657745,5.09375,0.5669767851785359
1841.F05063,23,1841,1841:NCS203,female,head,20260907,3,22.349464528634226,23.95625,23.3387576691502,0.6505354713657745,0.9562500000000007,0.3387576691502012
1841.F05065,23,1841,1841:NCS203,female,head,20260907,3,22.349464528634226,29.275,22.897096205966022,0.6505354713657745,6.274999999999999,0.10290379403397765
1841.F05066,22,1841,1841:NCS255,female,head,20260907,3,22.349464528634226,22.5125,23.96009315078451,0.3494645286342255,0.5124999999999993,1.960093150784509
1841.F05068,23,1841,1841:NCS203,female,head,20260907,3,22.349464528634226,25.51875,23.70527488415435,0.6505354713657745,2.5187500000000007,0.705274884154349
1841.F05937,19,1841,1841:NCS233,male,head,20260907,3,25.006100787327405,22.4,21.24485912027412,6.006100787327405,3.3999999999999986,2.2448591202741213
1841.P16154,21,1841,1841:NAU106,female,hand,20260907,3,22.297653843714563,24.325,25.224351113705215,1.2976538437145635,3.3249999999999993,4.2243511137052145
1841.P16462,27,1841,1841:NCS253,female,hand,20260907,3,22.297653843714563,38.2875,29.732764762815872,4.7023461562854365,11.287500000000001,2.732764762815872
1841.P15939,22,1841,1841:CUB007,female,hand,20260907,3,22.297653843714563,25.23125,24.20277442531625,0.2976538437145635,3.2312499999999993,2.2027744253162496
1841.P15936,23,1841,1841:CUB053,female,hand,20260907,3,22.297653843714563,24.4625,25.30990948508556,0.7023461562854365,1.4624999999999986,2.3099094850855586
10317.000005291,69,10317,10317:f468dfbfdc239f0e3bbe1de592c866535d2e70f74b05af2999cd5ac5b39818383c58a904146c605bc773f87fac2da08ddde7d4bedced3110d5c1d3b15657f73e,male,hand,20260907,3,42.784686049577715,42.2875,44.37456241165224,26.215313950422285,26.7125,24.625437588347758
10317.000007078,48,10317,10317:63aa1010fee4655f80a2fd1ca92db0c9c662b7ff7dfeccd99a08edb7b7f5af8b2df1c92465690a27ee6aad1207495376abce78f3ddeffc05da0acb099f8efdb8,male,hand,20260907,3,42.784686049577715,39.0625,40.94929702424005,5.215313950422285,8.9375,7.050702975759947
10317.000007079,48,10317,10317:63aa1010fee4655f80a2fd1ca92db0c9c662b7ff7dfeccd99a08edb7b7f5af8b2df1c92465690a27ee6aad1207495376abce78f3ddeffc05da0acb099f8efdb8,male,hand,20260907,3,42.784686049577715,41.1,41.26414290029532,5.215313950422285,6.899999999999999,6.735857099704681
1841.P16303,21,1841,1841:NAU106,female,hand,20260907,3,22.297653843714563,23.9375,24.996941899015468,1.2976538437145635,2.9375,3.996941899015468
1841.P15218,20,1841,1841:CUB005,female,hand,20260907,3,22.297653843714563,23.15,23.46472902765595,2.2976538437145635,3.1499999999999986,3.464729027655949
1841.P15215,23,1841,1841:CUB053,female,hand,20260907,3,22.297653843714563,23.91875,25.76718509380266,0.7023461562854365,0.9187499999999993,2.7671850938026594
1841.P15216,22,1841,1841:CUB007,female,hand,20260907,3,22.297653843714563,21.76875,23.46928816245945,0.2976538437145635,0.2312499999999993,1.4692881624594492
1841.F05004,23,1841,1841:NCS203,female,head,20260907,3,22.349464528634226,25.6375,22.503346184957483,0.6505354713657745,2.6374999999999993,0.49665381504251727
1841.F05003,27,1841,1841:NCS253,female,head,20260907,3,22.349464528634226,35.7875,25.649257829025448,4.6505354713657745,8.787500000000001,1.3507421709745522
10317.000015207,60,10317,10317:f85c35ccb1de86d528e1bc924109d3f1ef2725eff131fffbb4f955f2bf62f99d01df00160e393e9c7ca1eba714fcb5547b4952bd7ca8fbba07e51e58be5c6410,unknown,hand,20260907,3,39.179777231940186,42.575,41.433491908184166,20.820222768059814,17.424999999999997,18.566508091815834
10317.000015208,60,10317,10317:f85c35ccb1de86d528e1bc924109d3f1ef2725eff131fffbb4f955f2bf62f99d01df00160e393e9c7ca1eba714fcb5547b4952bd7ca8fbba07e51e58be5c6410,unknown,head,20260907,3,38.693369583228304,41.6375,43.948775023751075,21.306630416771696,18.362499999999997,16.051224976248925
1841.F05910,19,1841,1841:NCS233,male,head,20260907,3,25.006100787327405,23.2,21.943665432600863,6.006100787327405,4.199999999999999,2.943665432600863
10317.000032844,34,10317,10317:2f99bf4f7ec4110bbb356ecafe18a81cf99c407dc04127efbbe24227d256b81c690640ad22fa2a115f1adb9a603c2509999f0325292f5ad6c80144726ff29fb3,male,head,20260907,3,43.26788735612373,45.625,43.251773992318206,9.26788735612373,11.625,9.251773992318206
1841.P16170,22,1841,1841:NAU137,female,hand,20260907,3,22.297653843714563,21.83125,22.273422728394547,0.2976538437145635,0.1687499999999993,0.2734227283945465
10317.000007766,37,10317,10317:33f6eb641f0e5c66654a93864fec0950724028557f530a644e104dc1d7f29bec16c25352f4cffae510cf433760537423b71c5a032a7e279e0c197c4df1d601a4,male,head,20260907,3,43.26788735612373,40.0,42.95641455903602,6.26788735612373,3.0,5.95641455903602
10317.000007764,37,10317,10317:33f6eb641f0e5c66654a93864fec0950724028557f530a644e104dc1d7f29bec16c25352f4cffae510cf433760537423b71c5a032a7e279e0c197c4df1d601a4,male,head,20260907,3,43.26788735612373,38.2875,38.66341352450807,6.26788735612373,1.2875000000000014,1.6634135245080728
10317.000007760,38,10317,10317:33f6eb641f0e5c66654a93864fec0950724028557f530a644e104dc1d7f29bec16c25352f4cffae510cf433760537423b71c5a032a7e279e0c197c4df1d601a4,male,head,20260907,3,43.26788735612373,45.26875,44.22047432083879,5.26788735612373,7.268749999999997,6.22047432083879
1841.P15913,22,1841,1841:CUB016,female,hand,20260907,3,22.297653843714563,23.05,23.27977753783348,0.2976538437145635,1.0500000000000007,1.2797775378334784
1841.F05216,22,1841,1841:NAU137,female,head,20260907,3,22.349464528634226,22.4625,22.761473489148138,0.3494645286342255,0.4624999999999986,0.7614734891481376
1841.F06592,20,1841,1841:CUB005,female,head,20260907,3,22.349464528634226,22.44375,22.830932464800792,2.3494645286342255,2.4437500000000014,2.8309324648007923
1841.P15056,23,1841,1841:CUB053,female,hand,20260907,3,22.297653843714563,28.3,25.65370696462131,0.7023461562854365,5.300000000000001,2.6537069646213105
1841.P15055,20,1841,1841:CUB005,female,hand,20260907,3,22.297653843714563,24.18125,23.74733327802487,2.2976538437145635,4.181249999999999,3.7473332780248683
10317.000051536,37,10317,10317:ff0768b01a1b6fd95f392b3c03b42f32fff2e917781b9ebb95b1bc13edfb801fc07ff383bd863ecb6e436ef6280bcfe138564e3de25075730af8842b4f95ecab,female,head,20260907,3,47.51926136895253,42.44375,46.45408127256909,10.519261368952527,5.443750000000001,9.454081272569091
1841.F06333,23,1841,1841:CUB053,female,head,20260907,3,22.349464528634226,31.48125,28.539720368181506,0.6505354713657745,8.48125,5.539720368181506
1841.P15278,22,1841,1841:CUB016,female,hand,20260907,3,22.297653843714563,24.4875,24.12024533313938,0.2976538437145635,2.4875000000000007,2.12024533313938
1841.F05024,27,1841,1841:NCS253,female,head,20260907,3,22.349464528634226,34.29375,27.901856223808572,4.6505354713657745,7.293750000000003,0.9018562238085721
1841.F05025,22,1841,1841:NCS255,female,head,20260907,3,22.349464528634226,23.1125,23.324522348253787,0.3494645286342255,1.1125000000000007,1.3245223482537867
1841.F05680,22,1841,1841:CUB007,female,head,20260907,3,22.349464528634226,23.26875,21.934657175074204,0.3494645286342255,1.2687500000000007,0.06534282492579635
1841.F05683,23,1841,1841:CUB053,female,head,20260907,3,22.349464528634226,25.00625,28.497020280912853,0.6505354713657745,2.0062500000000014,5.497020280912853
1841.F05974,27,1841,1841:NCS214,male,head,20260907,3,25.006100787327405,31.3125,24.0765028300274,1.993899212672595,4.3125,2.923497169972599
1841.P16342,21,1841,1841:NAU106,female,hand,20260907,3,22.297653843714563,22.3,23.71739358821237,1.2976538437145635,1.3000000000000007,2.7173935882123708
1841.P16452,27,1841,1841:NCS253,female,hand,20260907,3,22.297653843714563,31.38125,25.767550865625292,4.7023461562854365,4.381250000000001,1.2324491343747077
1841.F06316,22,1841,1841:CUB007,female,head,20260907,3,22.349464528634226,23.95,25.29811162905196,0.3494645286342255,1.9499999999999993,3.2981116290519594
1841.P16450,22,1841,1841:NCS255,female,hand,20260907,3,22.297653843714563,22.09375,24.17816152679197,0.2976538437145635,0.09375,2.178161526791971
1841.F05400,22,1841,1841:NAU164,male,head,20260907,3,25.006100787327405,28.8,21.84410638007725,3.006100787327405,6.800000000000001,0.1558936199227503
2010.1377,35,2010,2010:9,female,head,20260907,3,27.40046319613207,37.1375,30.79307933066871,7.599536803867931,2.137500000000003,4.206920669331289
1841.P16454,23,1841,1841:NCS203,female,hand,20260907,3,22.297653843714563,31.4625,25.91559272574409,0.7023461562854365,8.462499999999999,2.915592725744091
1841.F06127,23,1841,1841:CUB053,female,head,20260907,3,22.349464528634226,26.7625,25.449281656280576,0.6505354713657745,3.7624999999999993,2.4492816562805757
2010.2868,23,2010,2010:39,female,head,20260907,3,27.40046319613207,30.09375,27.01096377046119,4.400463196132069,7.09375,4.0109637704611885
1841.P15012,23,1841,1841:CUB053,female,hand,20260907,3,22.297653843714563,24.9875,24.70186134992293,0.7023461562854365,1.9875000000000007,1.701861349922929
1841.P15013,22,1841,1841:CUB016,female,hand,20260907,3,22.297653843714563,23.39375,24.398453038491407,0.2976538437145635,1.3937500000000007,2.3984530384914073
10317.000063416,36,10317,10317:702fbc8dfcb76217e73344a0a11dd54afca4b678302097929bc6cc1cadce5d5fc80da1e599a9d752eea1f081540d8b89772bcb670f71f2d38a11bdce484be812,female,head,20260907,3,47.51926136895253,38.04375,38.546758088505214,11.519261368952527,2.043750000000003,2.5467580885052143
10317.000049839,69,10317,10317:c9253f884608fc319fe8569e8e2979bb54c91a0e0d3c4ff7a4b8f149c7372a1c77029903e0508684d15d336da510bcc78d1e9c1aecbf85c0b6bc664b85990a20,female,hand,20260907,3,48.17329121532879,46.58125,50.13365916832636,20.82670878467121,22.418750000000003,18.86634083167364
1841.P15355,23,1841,1841:NCS203,female,hand,20260907,3,22.297653843714563,31.1875,25.192180533285732,0.7023461562854365,8.1875,2.1921805332857325
10317.000023059,74,10317,10317:7903469fb68001b987d8ac0d762e78777829661f7bb380ee87598fe94e18cb4f57d8029bf74c2f1db263f07017cfe1291af68c5ba65cfcdfc3998fff8bf67e81,female,head,20260907,3,47.51926136895253,42.91875,44.90279241508233,26.480738631047473,31.081249999999997,29.09720758491767
1841.F05424,20,1841,1841:NAU121,female,head,20260907,3,22.349464528634226,22.7,21.615380886168328,2.3494645286342255,2.6999999999999993,1.615380886168328
1841.P15370,23,1841,1841:NCS243,male,hand,20260907,3,24.94535008965013,27.35,20.571888486719185,1.9453500896501303,4.350000000000001,2.4281115132808146
1841.P15354,23,1841,1841:NCS243,male,hand,20260907,3,24.94535008965013,24.0125,21.249118501448432,1.9453500896501303,1.0124999999999993,1.7508814985515677
1841.F06079,22,1841,1841:NCS255,female,head,20260907,3,22.349464528634226,23.025,23.90639809052413,0.3494645286342255,1.0249999999999986,1.9063980905241316
1841.F06086,22,1841,1841:NCS255,female,head,20260907,3,22.349464528634226,23.425,22.819257058528905,0.3494645286342255,1.4250000000000007,0.8192570585289047
2010.2800,23,2010,2010:39,female,head,20260907,3,27.40046319613207,28.33125,25.93596253136867,4.400463196132069,5.331250000000001,2.93596253136867
1841.F05854,21,1841,1841:NAU106,female,head,20260907,3,22.349464528634226,25.4125,26.228586619544934,1.3494645286342255,4.412500000000001,5.228586619544934
1841.F05857,21,1841,1841:NAU106,female,head,20260907,3,22.349464528634226,27.775,25.98423218826036,1.3494645286342255,6.774999999999999,4.984232188260361
1841.P15350,27,1841,1841:NCS253,female,hand,20260907,3,22.297653843714563,25.10625,25.091286264339587,4.7023461562854365,1.8937500000000007,1.9087137356604131
10317.000003029,32,10317,10317:fa11b389cb9170b533e6a9c56b69f18fa8798f2970218ed97fe0be0906826592de8a478773a5037053f08aa21d349fcf39e64c85dbd26bd904614d8dd6335cae,male,head,20260907,3,43.26788735612373,42.76875,40.8704465788709,11.26788735612373,10.768749999999997,8.870446578870897
10317.000003025,44,10317,10317:99e188b8ec5527a3ad82cb7cca4318dabe62c69e2ab959f3d9bd68b4ac2521f3f32364757e49c2f7ee2f82a39fb74f6008ab75e1b82c5f6b2bf1ba4869f0b4ff,male,head,20260907,3,43.26788735612373,41.275,43.94799022596612,0.7321126438762704,2.7250000000000014,0.052009774033876965
1841.F06420,22,1841,1841:CUB016,female,head,20260907,3,22.349464528634226,24.9125,24.44418217349461,0.3494645286342255,2.9125000000000014,2.4441821734946103
1841.F06426,22,1841,1841:CUB007,female,head,20260907,3,22.349464528634226,22.8375,23.27238538313365,0.3494645286342255,0.8374999999999986,1.2723853831336491
10317.000049768,66,10317,10317:5e5f5fc79a512a180eb0cd63fa75b7307715996b1aff58edbefb0ed0d6548904bf74f95a466efb9525a910f69150d98cfae7b1c55b9bf3e278b402a8439e8d4c,male,head,20260907,3,43.26788735612373,36.09375,39.41168523184926,22.73211264387627,29.90625,26.588314768150738
10317.000049767,66,10317,10317:5e5f5fc79a512a180eb0cd63fa75b7307715996b1aff58edbefb0ed0d6548904bf74f95a466efb9525a910f69150d98cfae7b1c55b9bf3e278b402a8439e8d4c,male,hand,20260907,3,42.784686049577715,45.35,47.150586789355785,23.215313950422285,20.65,18.849413210644215
10317.000049766,66,10317,10317:5e5f5fc79a512a180eb0cd63fa75b7307715996b1aff58edbefb0ed0d6548904bf74f95a466efb9525a910f69150d98cfae7b1c55b9bf3e278b402a8439e8d4c,male,hand,20260907,3,42.784686049577715,39.625,40.75989878376214,23.215313950422285,26.375,25.24010121623786
10317.000049763,52,10317,10317:00069244bd1f2b8987ec0be407f83eec727bd40dde9ff15d05497f7db0f60f551d4af74463256aae7abd00d1a3180ca506bd16e684d859304c2864b1c7e4a8f6,male,head,20260907,3,43.26788735612373,48.4,47.99268955281849,8.73211264387627,3.6000000000000014,4.00731044718151
10317.000049762,52,10317,10317:00069244bd1f2b8987ec0be407f83eec727bd40dde9ff15d05497f7db0f60f551d4af74463256aae7abd00d1a3180ca506bd16e684d859304c2864b1c7e4a8f6,male,hand,20260907,3,42.784686049577715,40.9375,42.85406225093194,9.215313950422285,11.0625,9.145937749068061
10317.000005359,67,10317,10317:673c8ce01f6c4b5120fb00380499db5eeb6a2fb55f33a66a36d79a28f321105b432b54532ecd02900640e027e6baa65fe94b194fa11f3a0eaf97f6abf95c9417,unknown,head,20260907,3,38.693369583228304,41.7375,41.506910721987225,28.306630416771696,25.262500000000003,25.493089278012775
1841.F05980,27,1841,1841:NCS214,male,head,20260907,3,25.006100787327405,32.475,21.193452581301425,1.993899212672595,5.475000000000001,5.806547418698575
1841.F05993,19,1841,1841:NCS233,male,head,20260907,3,25.006100787327405,24.7875,21.32027401772924,6.006100787327405,5.787500000000001,2.32027401772924
1841.F05995,27,1841,1841:NCS214,male,head,20260907,3,25.006100787327405,28.23125,25.41075981150827,1.993899212672595,1.2312499999999993,1.589240188491729
10317.000040147,34,10317,10317:338bb7890bb4108f90b5027f8ffed6cd6fd3fb3d5a8f0bfa9f16a9dc184403e392c5429f663b0c7929ed1a431187e38fb9303f5d93da105fda803ec085f157e6,male,head,20260907,3,43.26788735612373,38.48125,41.51302881240492,9.26788735612373,4.481250000000003,7.513028812404919
1841.P15996,22,1841,1841:CUB007,female,hand,20260907,3,22.297653843714563,25.6375,25.488608654892964,0.2976538437145635,3.6374999999999993,3.488608654892964
1841.P15994,22,1841,1841:CUB016,female,hand,20260907,3,22.297653843714563,21.88125,23.450129045484267,0.2976538437145635,0.11874999999999858,1.4501290454842675
1841.P15192,19,1841,1841:NCS233,male,hand,20260907,3,24.94535008965013,23.6,21.802608918751556,5.94535008965013,4.600000000000001,2.802608918751556
2010.2828,23,2010,2010:39,female,head,20260907,3,27.40046319613207,25.6875,25.109415685601252,4.400463196132069,2.6875,2.1094156856012525
10317.000012183,20,10317,10317:dcec02861cff21f48d1c5f3ed86756b2b4a7b0454ada0eebaf563693a8cb77d2a15532e24b80dea64c7e2834c1e81a8c3544105283aac287a4f258b2e279673f,unknown,head,20260907,3,38.693369583228304,37.725,40.120686900733894,18.693369583228304,17.725,20.120686900733894
10317.000048386,59,10317,10317:7e311968682a8a9e2268ae2d13c8b70ca7ce45f11d29b24932473b816f814e56f115793ba0ca9a91710fda8ae01664aab7b94207e18484fb0b45616cab408ea5,female,head,20260907,3,47.51926136895253,47.65,49.965608919584184,11.480738631047473,11.350000000000001,9.034391080415816
10317.000048387,59,10317,10317:7e311968682a8a9e2268ae2d13c8b70ca7ce45f11d29b24932473b816f814e56f115793ba0ca9a91710fda8ae01664aab7b94207e18484fb0b45616cab408ea5,female,hand,20260907,3,48.17329121532879,41.55625,44.1418257339197,10.826708784671212,17.44375,14.858174266080297
1841.P15801,20,1841,1841:NAU121,female,hand,20260907,3,22.297653843714563,21.975,22.375507419816152,2.2976538437145635,1.9750000000000014,2.3755074198161523
10317.000049121,62,10317,10317:cf42e22cb0b5def3e5fb85e3eedb9fec63ec3614a7783d0ac195975b575a9863d801522f080d492d8032502dfbef61ba79d17264597f600354ba3cb662748955,male,head,20260907,3,43.26788735612373,45.2375,42.95193930027072,18.73211264387627,16.762500000000003,19.048060699729277
1841.F05608,23,1841,1841:CUB053,female,head,20260907,3,22.349464528634226,23.8875,24.16577907044145,0.6505354713657745,0.8874999999999993,1.1657790704414488
1841.P16262,20,1841,1841:NAU121,female,hand,20260907,3,22.297653843714563,26.00625,25.259502293140713,2.2976538437145635,6.006250000000001,5.259502293140713
1841.F05468,22,1841,1841:NAU137,female,head,20260907,3,22.349464528634226,22.96875,22.23608624645942,0.3494645286342255,0.96875,0.23608624645941845
1841.P16440,23,1841,1841:NCS203,female,hand,20260907,3,22.297653843714563,24.54375,23.49637610540746,0.7023461562854365,1.5437499999999993,0.49637610540746024
1841.P15171,27,1841,1841:NCS214,male,hand,20260907,3,24.94535008965013,27.6125,23.56916025082904,2.0546499103498697,0.6125000000000007,3.4308397491709606
1841.P15172,19,1841,1841:NCS233,male,hand,20260907,3,24.94535008965013,23.55,20.58666038974607,5.94535008965013,4.550000000000001,1.5866603897460685
1841.P15311,21,1841,1841:NCS229,male,hand,20260907,3,24.94535008965013,24.0,21.40077424584524,3.9453500896501303,3.0,0.40077424584524124
2010.3131,31,2010,2010:43,female,head,20260907,3,27.40046319613207,33.2375,26.658453725593063,3.599536803867931,2.237499999999997,4.341546274406937
1841.P16522,20,1841,1841:CUB005,female,hand,20260907,3,22.297653843714563,23.34375,23.68437638519298,2.2976538437145635,3.34375,3.68437638519298
10317.000004206,76,10317,10317:e4f690795c66a065feccd07de0128f89746b411eb215789f6c7c9bd18b20cd831f9b9a7e3b8af5952b3c56c532534d3f1045f353d46b4b79876a0f6c8b58df96,female,hand,20260907,3,48.17329121532879,53.0,58.82139037867138,27.82670878467121,23.0,17.17860962132862
1841.F06399,22,1841,1841:CUB016,female,head,20260907,3,22.349464528634226,22.65,21.706276942628374,0.3494645286342255,0.6499999999999986,0.29372305737162563
1841.F06393,22,1841,1841:CUB007,female,head,20260907,3,22.349464528634226,22.7125,22.72122393130156,0.3494645286342255,0.7124999999999986,0.7212239313015587
10317.000003421,38,10317,10317:2c1dc7180a23c9b4b53377ef49354e5a65ac187f6b2e4c844d48fd9ce66134f3da5f2dca02c0517797503a34ddc875a23897cd9d5727c990e46a58599759b35a,male,head,20260907,3,43.26788735612373,42.09375,43.0697077773206,5.26788735612373,4.09375,5.069707777320602
1841.P15347,27,1841,1841:NCS253,female,hand,20260907,3,22.297653843714563,28.675,25.462127295213385,4.7023461562854365,1.6750000000000007,1.537872704786615
1841.P15783,22,1841,1841:NAU164,male,hand,20260907,3,24.94535008965013,28.1125,22.964279971493987,2.9453500896501303,6.112500000000001,0.9642799714939869
10317.000015363,43,10317,10317:3fec78757c5821d558096acce3e9df6968ae564264912c66f6a851727ebd63c36eee0764c3d1e47c0813cb5998caa14cb2bec75ca8716e8e3437768b86b408aa,male,head,20260907,3,43.26788735612373,38.5125,40.768502131462625,0.2678873561237296,4.487499999999997,2.2314978685373745
10317.000015365,43,10317,10317:3fec78757c5821d558096acce3e9df6968ae564264912c66f6a851727ebd63c36eee0764c3d1e47c0813cb5998caa14cb2bec75ca8716e8e3437768b86b408aa,male,hand,20260907,3,42.784686049577715,40.9375,43.377843009871405,0.21531395042228496,2.0625,0.3778430098714054
1841.P16200,21,1841,1841:NAU106,female,hand,20260907,3,22.297653843714563,23.625,23.587024732014424,1.2976538437145635,2.625,2.5870247320144237
1841.P15299,23,1841,1841:NCS243,male,hand,20260907,3,24.94535008965013,27.50625,22.0821843530715,1.9453500896501303,4.506250000000001,0.9178156469284993
1841.F05484,21,1841,1841:NAU106,female,head,20260907,3,22.349464528634226,23.31875,24.09653498867,1.3494645286342255,2.3187500000000014,3.096534988670001
1841.P15159,27,1841,1841:NCS214,male,hand,20260907,3,24.94535008965013,27.9125,24.439731561295996,2.0546499103498697,0.9125000000000014,2.5602684387040036
1841.P15158,19,1841,1841:NCS233,male,hand,20260907,3,24.94535008965013,24.1625,22.891140143776447,5.94535008965013,5.162500000000001,3.891140143776447
1841.P15156,27,1841,1841:NCS214,male,hand,20260907,3,24.94535008965013,26.95,23.10497255931914,2.0546499103498697,0.05000000000000071,3.8950274406808596
10317.000027703,68,10317,10317:f4417cf9261b7cf7eafdfa7c1e4c2f0b04b7f6a0a74833597eb9f455b64175009de471b6099ea840835964becfbbea46fda6746deaeb30cc1b29201c1259072e,male,head,20260907,3,43.26788735612373,45.075,44.45105768708764,24.73211264387627,22.924999999999997,23.54894231291236
1841.P15152,19,1841,1841:NCS233,male,hand,20260907,3,24.94535008965013,26.55625,24.37849537845107,5.94535008965013,7.556249999999999,5.3784953784510705
10317.000002212,69,10317,10317:576a03c295c356d35a0d25b2110dd88b3617bd98ae2ff786f650e35db756be0c2368e573093bcfce63e963af568b1198c749606c6e11a98ea707a8a38b2cb1b3,female,hand,20260907,3,48.17329121532879,46.675,51.48221154358946,20.82670878467121,22.325000000000003,17.517788456410543
1841.F06448,22,1841,1841:CUB016,female,head,20260907,3,22.349464528634226,23.18125,23.623094828850313,0.3494645286342255,1.1812499999999986,1.6230948288503129
10317.000007829,37,10317,10317:33f6eb641f0e5c66654a93864fec0950724028557f530a644e104dc1d7f29bec16c25352f4cffae510cf433760537423b71c5a032a7e279e0c197c4df1d601a4,male,head,20260907,3,43.26788735612373,37.75,40.725565067877774,6.26788735612373,0.75,3.725565067877774
1841.P16229,20,1841,1841:NAU121,female,hand,20260907,3,22.297653843714563,24.11875,24.309351852024427,2.2976538437145635,4.118749999999999,4.309351852024427
10317.000020534,34,10317,10317:6e4903f0be32c34121cd50c2891666fc8b26923970412591f3c900d7253a186450e745d33fc88b07a5c41c9992e15153f2c3fd7a20f01e43073e39ca8a3b4afe,male,head,20260907,3,43.26788735612373,42.59375,44.74938493003804,9.26788735612373,8.59375,10.74938493003804
1841.P16482,27,1841,1841:NCS253,female,hand,20260907,3,22.297653843714563,29.6875,28.199820819063216,4.7023461562854365,2.6875,1.1998208190632162
1841.P15109,27,1841,1841:NCS214,male,hand,20260907,3,24.94535008965013,34.15625,24.095887925246053,2.0546499103498697,7.15625,2.9041120747539466
10317.000015465,69,10317,10317:f468dfbfdc239f0e3bbe1de592c866535d2e70f74b05af2999cd5ac5b39818383c58a904146c605bc773f87fac2da08ddde7d4bedced3110d5c1d3b15657f73e,male,hand,20260907,3,42.784686049577715,42.93125,44.45436180060226,26.215313950422285,26.06875,24.545638199397743
1841.P15130,19,1841,1841:NCS233,male,hand,20260907,3,24.94535008965013,23.80625,20.235546807925417,5.94535008965013,4.806249999999999,1.2355468079254166
1841.F06059,27,1841,1841:NCS253,female,head,20260907,3,22.349464528634226,24.7375,24.93345204161745,4.6505354713657745,2.2624999999999993,2.06654795838255
1841.F06055,27,1841,1841:NCS253,female,head,20260907,3,22.349464528634226,30.475,27.88215353426647,4.6505354713657745,3.4750000000000014,0.8821535342664717
1841.F06484,22,1841,1841:CUB007,female,head,20260907,3,22.349464528634226,22.5625,22.68604024623297,0.3494645286342255,0.5625,0.6860402462329702
1841.F06481,20,1841,1841:CUB005,female,head,20260907,3,22.349464528634226,23.1375,22.50998916825616,2.3494645286342255,3.1374999999999993,2.5099891682561584
1841.P16563,23,1841,1841:CUB053,female,hand,20260907,3,22.297653843714563,25.56875,26.127512256046355,0.7023461562854365,2.5687500000000014,3.127512256046355
1841.P16564,20,1841,1841:CUB005,female,hand,20260907,3,22.297653843714563,23.5625,23.863614210046233,2.2976538437145635,3.5625,3.863614210046233
10317.000026072,42,10317,10317:d8c91d966b0e79c63575c2bf1ca811089c2e6f59c115850da307c43a39d0d4f9e3fea903d8a626f02f4f4d5d7f4da9fc7117333b148c82d8342d4ba550b09c59,female,head,20260907,3,47.51926136895253,42.78125,46.87476107682382,5.519261368952527,0.78125,4.874761076823823
2010.2946,23,2010,2010:39,female,head,20260907,3,27.40046319613207,26.0625,25.226862164657284,4.400463196132069,3.0625,2.226862164657284
1841.F05111,20,1841,1841:NAU121,female,head,20260907,3,22.349464528634226,24.33125,22.973903830181023,2.3494645286342255,4.331250000000001,2.9739038301810226
1841.F05119,21,1841,1841:NAU106,female,head,20260907,3,22.349464528634226,22.91875,23.153570359700733,1.3494645286342255,1.9187499999999993,2.1535703597007334
1841.P15279,22,1841,1841:CUB007,female,hand,20260907,3,22.297653843714563,23.50625,24.35642061018531,0.2976538437145635,1.5062500000000014,2.3564206101853102
1841.P15117,27,1841,1841:NCS214,male,hand,20260907,3,24.94535008965013,34.025,24.995607327093367,2.0546499103498697,7.024999999999999,2.004392672906633
1841.P15114,27,1841,1841:NCS214,male,hand,20260907,3,24.94535008965013,27.10625,23.03772142274989,2.0546499103498697,0.10624999999999929,3.9622785772501103
1841.F06039,23,1841,1841:NCS203,female,head,20260907,3,22.349464528634226,25.23125,23.611712316825855,0.6505354713657745,2.2312499999999993,0.6117123168258551
1841.F06034,23,1841,1841:NCS243,male,head,20260907,3,25.006100787327405,22.125,20.060066643355633,2.006100787327405,0.875,2.9399333566443673
1841.F05561,21,1841,1841:NAU106,female,head,20260907,3,22.349464528634226,23.20625,23.678594177376993,1.3494645286342255,2.2062500000000007,2.6785941773769935
1841.F05565,20,1841,1841:NAU121,female,head,20260907,3,22.349464528634226,22.2125,22.972720048352837,2.3494645286342255,2.2124999999999986,2.972720048352837
1841.F05567,22,1841,1841:NAU164,male,head,20260907,3,25.006100787327405,27.7875,22.688805052088274,3.006100787327405,5.787500000000001,0.6888050520882736
1841.P15195,19,1841,1841:NCS233,male,hand,20260907,3,24.94535008965013,23.45,22.155285511339734,5.94535008965013,4.449999999999999,3.1552855113397342
1841.F05314,23,1841,1841:NCS203,female,head,20260907,3,22.349464528634226,27.6875,24.550169479861623,0.6505354713657745,4.6875,1.5501694798616228
1841.P15378,22,1841,1841:NCS255,female,hand,20260907,3,22.297653843714563,21.89375,23.208060973479135,0.2976538437145635,0.10624999999999929,1.2080609734791352
10317.000063152,25,10317,10317:3e74c911b962f0afc2cdf9be99137894321cd28afa86ae9be26bfba86712502c3e8a61b4db55401131c7c041ae071ba253516caa7a7f9fd61b5038eea71d7d41,female,head,20260907,3,47.51926136895253,32.925,34.7855415600389,22.519261368952527,7.924999999999997,9.7855415600389
1841.P15395,23,1841,1841:NCS203,female,hand,20260907,3,22.297653843714563,27.86875,24.818499634442507,0.7023461562854365,4.868749999999999,1.8184996344425066
1841.P15399,19,1841,1841:NCS233,male,hand,20260907,3,24.94535008965013,23.9375,21.62728290302257,5.94535008965013,4.9375,2.6272829030225715
1841.P15398,22,1841,1841:NCS255,female,hand,20260907,3,22.297653843714563,23.425,23.572462476767893,0.2976538437145635,1.4250000000000007,1.5724624767678925
1841.F05543,22,1841,1841:NAU164,male,head,20260907,3,25.006100787327405,26.58125,23.404197852709167,3.006100787327405,4.581250000000001,1.4041978527091672
1841.P15530,22,1841,1841:NAU137,female,hand,20260907,3,22.297653843714563,23.6875,23.085268680875902,0.2976538437145635,1.6875,1.0852686808759024
1841.F05891,20,1841,1841:NAU121,female,head,20260907,3,22.349464528634226,23.16875,23.095089031301672,2.3494645286342255,3.1687499999999993,3.095089031301672
1841.P15704,21,1841,1841:NAU106,female,hand,20260907,3,22.297653843714563,22.825,24.276379196712952,1.2976538437145635,1.8249999999999993,3.276379196712952
1841.F05151,22,1841,1841:NAU137,female,head,20260907,3,22.349464528634226,23.4,21.61176943090929,0.3494645286342255,1.3999999999999986,0.38823056909070885
1841.P16424,22,1841,1841:NCS255,female,hand,20260907,3,22.297653843714563,22.5,23.63399282283412,0.2976538437145635,0.5,1.63399282283412
10317.000063315,25,10317,10317:42aad521c038df949fad8060826afdde769401bb8b33ad632fd3209cd6d04c4e5106446ce4aef7bc16b30a904ca2d9896b24cf2ebff3881ae31264873b61c661,male,hand,20260907,3,42.784686049577715,37.01875,36.58875867114959,17.784686049577715,12.018749999999997,11.588758671149591
1841.F06560,20,1841,1841:CUB005,female,head,20260907,3,22.349464528634226,24.9,23.0877020540814,2.3494645286342255,4.899999999999999,3.087702054081401
1841.F06564,23,1841,1841:CUB053,female,head,20260907,3,22.349464528634226,22.71875,23.18423346708712,0.6505354713657745,0.28125,0.18423346708712174
1841.P15519,20,1841,1841:NAU121,female,hand,20260907,3,22.297653843714563,28.88125,25.29618177093212,2.2976538437145635,8.881250000000001,5.296181770932119
1841.F05001,22,1841,1841:NCS255,female,head,20260907,3,22.349464528634226,23.1625,22.168689337311047,0.3494645286342255,1.1625000000000014,0.16868933731104718
1841.F05529,22,1841,1841:NAU137,female,head,20260907,3,22.349464528634226,22.975,22.592933839246577,0.3494645286342255,0.9750000000000014,0.5929338392465766
10317.000014483,35,10317,10317:93f03cfc2b6cd24d3e180ee0e8ddfaeabf4cd6cc8b2903861331b9492f02b3479c33fd6cf6ffb699ef212d9c6ec30f938596135b291ff81bd334193c180f7858,female,head,20260907,3,47.51926136895253,42.1,46.43070802178342,12.519261368952527,7.100000000000001,11.430708021783417
10317.000002296,59,10317,10317:1cdc297c8f2ba505978edaff0ca8a91960f6e37bcadd2d77435d2c65097bb57ad3ff6cc0fa9a2fb4694f352f0371cbd3faae7bad89ff335242858790807507c1,female,hand,20260907,3,48.17329121532879,47.79375,49.645288685278565,10.826708784671212,11.206249999999997,9.354711314721435
10317.000063159,25,10317,10317:3e74c911b962f0afc2cdf9be99137894321cd28afa86ae9be26bfba86712502c3e8a61b4db55401131c7c041ae071ba253516caa7a7f9fd61b5038eea71d7d41,female,hand,20260907,3,48.17329121532879,31.9125,36.689137904162365,23.17329121532879,6.912500000000001,11.689137904162365
10317.000003441,50,10317,10317:bd5a894e45bb2eb6713f65d285f8814cb96d0de3ef15bb170f5968bc039588919fa9f9ed4ad18689cb92997342c0e17279efd41f4e2f858e6075291cd2fd04d7,female,hand,20260907,3,48.17329121532879,42.8125,45.8287979277132,1.8267087846712116,7.1875,4.171202072286803
1841.P16404,23,1841,1841:NCS203,female,hand,20260907,3,22.297653843714563,26.1125,25.346532279231425,0.7023461562854365,3.1125000000000007,2.3465322792314254
1841.F06507,22,1841,1841:CUB007,female,head,20260907,3,22.349464528634226,22.08125,22.799989416727843,0.3494645286342255,0.08125000000000071,0.7999894167278434
10317.000063196,38,10317,10317:441ac85e1bd02fd74bfe5cd7d33fc7e79af9e5986e7d55e177b00f2dadef7b37442c83e626aa9eec53feaf0e250a42f14f03b147a269cd1c57142e99e994ff08,male,hand,20260907,3,42.784686049577715,48.0,44.09086660187286,4.784686049577715,10.0,6.090866601872861
1841.F05091,27,1841,1841:NCS253,female,head,20260907,3,22.349464528634226,28.91875,26.327561532756643,4.6505354713657745,1.9187499999999993,0.6724384672433565
1841.F05051,22,1841,1841:NCS255,female,head,20260907,3,22.349464528634226,21.8375,23.061851386720896,0.3494645286342255,0.16250000000000142,1.061851386720896
1841.F05053,27,1841,1841:NCS253,female,head,20260907,3,22.349464528634226,33.8125,25.583768957869204,4.6505354713657745,6.8125,1.4162310421307964
1841.F05500,22,1841,1841:NAU137,female,head,20260907,3,22.349464528634226,22.35625,21.870226166141997,0.3494645286342255,0.3562499999999993,0.12977383385800323
1841.F05055,22,1841,1841:NCS255,female,head,20260907,3,22.349464528634226,22.4875,22.784762769323972,0.3494645286342255,0.4875000000000007,0.7847627693239723
1841.P15361,27,1841,1841:NCS253,female,hand,20260907,3,22.297653843714563,29.975,27.87406267595079,4.7023461562854365,2.9750000000000014,0.874062675950789
1841.P15748,22,1841,1841:NAU164,male,hand,20260907,3,24.94535008965013,27.46875,23.015964491965985,2.9453500896501303,5.46875,1.0159644919659847
10317.000035234,69,10317,10317:f468dfbfdc239f0e3bbe1de592c866535d2e70f74b05af2999cd5ac5b39818383c58a904146c605bc773f87fac2da08ddde7d4bedced3110d5c1d3b15657f73e,male,head,20260907,3,43.26788735612373,43.15625,44.51508898565039,25.73211264387627,25.84375,24.484911014349613
10317.000049905,69,10317,10317:f468dfbfdc239f0e3bbe1de592c866535d2e70f74b05af2999cd5ac5b39818383c58a904146c605bc773f87fac2da08ddde7d4bedced3110d5c1d3b15657f73e,male,hand,20260907,3,42.784686049577715,40.575,42.268501786996794,26.215313950422285,28.424999999999997,26.731498213003206
1841.P16466,22,1841,1841:NCS255,female,hand,20260907,3,22.297653843714563,25.55625,23.43887915630884,0.2976538437145635,3.5562499999999986,1.4388791563088397
1841.P16463,23,1841,1841:NCS243,male,hand,20260907,3,24.94535008965013,24.925,20.278952016553845,1.9453500896501303,1.9250000000000007,2.721047983446155
1841.F05321,27,1841,1841:NCS253,female,head,20260907,3,22.349464528634226,31.925,25.24992059987696,4.6505354713657745,4.925000000000001,1.7500794001230418
10317.000066836,27,10317,10317:75e7facbcee6190c9bd0ec55d33af511592981c1851bc62c90ffa060b30d59451c3407b0344a1357b33b8a653eb1ab6517c15e9f6f193c447e3882c2ada31e9a,male,head,20260907,3,43.26788735612373,34.80625,33.46033250114246,16.26788735612373,7.806249999999999,6.46033250114246
1841.P16556,23,1841,1841:CUB053,female,hand,20260907,3,22.297653843714563,22.93125,24.131854674260673,0.7023461562854365,0.06875000000000142,1.1318546742606728
1841.F06523,22,1841,1841:CUB007,female,head,20260907,3,22.349464528634226,22.88125,23.49615407540236,0.3494645286342255,0.8812500000000014,1.4961540754023588
1841.P15085,20,1841,1841:CUB005,female,hand,20260907,3,22.297653843714563,23.4,23.164215129708353,2.2976538437145635,3.3999999999999986,3.164215129708353
1841.F05077,23,1841,1841:NCS243,male,head,20260907,3,25.006100787327405,25.73125,21.685087428323225,2.006100787327405,2.7312499999999993,1.3149125716767749
1841.F05076,22,1841,1841:NCS255,female,head,20260907,3,22.349464528634226,26.2125,25.78904228554277,0.3494645286342255,4.212499999999999,3.78904228554277
1841.F05925,27,1841,1841:NCS214,male,head,20260907,3,25.006100787327405,29.5875,24.787456125969783,1.993899212672595,2.5874999999999986,2.2125438740302172
1841.F05927,19,1841,1841:NCS233,male,head,20260907,3,25.006100787327405,23.43125,20.110285905317554,6.006100787327405,4.431249999999999,1.1102859053175536
1841.F06291,21,1841,1841:NAU106,female,head,20260907,3,22.349464528634226,23.0375,22.79851362602178,1.3494645286342255,2.0375000000000014,1.79851362602178
10317.000031072,52,10317,10317:704472fc9c96c860a14513fc1c6660f72e2d159bd1dcf6011fcde0750d69d6ace9a9260923b171897ac72f33ec8c0d03721a0dcd0c676e8988974e6e22e4265a,male,hand,20260907,3,42.784686049577715,42.40625,43.81060661660066,9.215313950422285,9.59375,8.189393383399342
2010.1474,35,2010,2010:9,female,head,20260907,3,27.40046319613207,34.5875,29.97409808396042,7.599536803867931,0.4125000000000014,5.0259019160395795
1841.P15762,22,1841,1841:NAU137,female,hand,20260907,3,22.297653843714563,21.625,22.381903984876097,0.2976538437145635,0.375,0.38190398487609656
10317.000012954,63,10317,10317:9d63053308a543f47f4cbdce91e1eacc49775ab0a34b4fe6f4f120e15d3d44f6915ce2e76324bbbb7aba1077216d23ad37b43118ddc87124bf0fd47327d12161,female,head,20260907,3,47.51926136895253,49.00625,51.30554872132041,15.480738631047473,13.993749999999999,11.694451278679587
1841.P16267,20,1841,1841:NAU121,female,hand,20260907,3,22.297653843714563,23.99375,24.15365940673107,2.2976538437145635,3.9937499999999986,4.1536594067310695
1841.F06094,22,1841,1841:NCS255,female,head,20260907,3,22.349464528634226,25.3125,24.047419765464017,0.3494645286342255,3.3125,2.047419765464017
10317.000063303,26,10317,10317:9a079253652d16fa017050fd68017b646c3c734b4c96ca593236c537806682233e513b33fb850475266ef28a5c34e9297ffbd213ef416263b306bfae257d1aef,male,hand,20260907,3,42.784686049577715,35.6375,35.86349748145285,16.784686049577715,9.637500000000003,9.863497481452853
1841.F05012,27,1841,1841:NCS214,male,head,20260907,3,25.006100787327405,26.93125,22.413933454510897,1.993899212672595,0.06875000000000142,4.586066545489103
1841.F05907,19,1841,1841:NCS233,male,head,20260907,3,25.006100787327405,22.925,20.942614875373913,6.006100787327405,3.9250000000000007,1.9426148753739128
1841.F05903,27,1841,1841:NCS214,male,head,20260907,3,25.006100787327405,26.7875,23.73121439070888,1.993899212672595,0.21249999999999858,3.2687856092911183
1841.F05901,19,1841,1841:NCS233,male,head,20260907,3,25.006100787327405,25.25,22.483240240158043,6.006100787327405,6.25,3.483240240158043
1841.P15925,22,1841,1841:CUB016,female,hand,20260907,3,22.297653843714563,23.2125,24.40842817227531,0.2976538437145635,1.2124999999999986,2.408428172275311
10317.000005289,69,10317,10317:f468dfbfdc239f0e3bbe1de592c866535d2e70f74b05af2999cd5ac5b39818383c58a904146c605bc773f87fac2da08ddde7d4bedced3110d5c1d3b15657f73e,male,head,20260907,3,43.26788735612373,43.5375,44.40922177133142,25.73211264387627,25.4625,24.590778228668583
10317.000007080,48,10317,10317:63aa1010fee4655f80a2fd1ca92db0c9c662b7ff7dfeccd99a08edb7b7f5af8b2df1c92465690a27ee6aad1207495376abce78f3ddeffc05da0acb099f8efdb8,male,head,20260907,3,43.26788735612373,39.4,39.07131410905649,4.73211264387627,8.600000000000001,8.928685890943513
1841.F05229,22,1841,1841:NAU137,female,head,20260907,3,22.349464528634226,21.91875,22.199778918198668,0.3494645286342255,0.08125000000000071,0.19977891819866755
1841.F05223,21,1841,1841:NAU106,female,head,20260907,3,22.349464528634226,22.225,23.724090368357206,1.3494645286342255,1.2250000000000014,2.7240903683572064
10317.000028832,36,10317,10317:3c63e41945a68fe74a43d054231d84ae90b185102915cbf4e13a11155b618c9d46daa02e507790f8529e4ff507dcc94f8b67e321b3ad761e17dfadff23c89742,male,head,20260907,3,43.26788735612373,39.35,40.21051207848117,7.26788735612373,3.3500000000000014,4.210512078481173
1841.P15041,22,1841,1841:CUB007,female,hand,20260907,3,22.297653843714563,22.6125,22.89522101386782,0.2976538437145635,0.6125000000000007,0.8952210138678183
1841.P15042,22,1841,1841:CUB016,female,hand,20260907,3,22.297653843714563,21.71875,23.505512430590535,0.2976538437145635,0.28125,1.5055124305905352
1841.P15263,22,1841,1841:CUB016,female,hand,20260907,3,22.297653843714563,22.50625,23.47339543905564,0.2976538437145635,0.5062500000000014,1.4733954390556399
1841.P15262,20,1841,1841:CUB005,female,hand,20260907,3,22.297653843714563,23.30625,23.745611751165203,2.2976538437145635,3.3062499999999986,3.745611751165203
1841.F05031,23,1841,1841:NCS243,male,head,20260907,3,25.006100787327405,26.4125,19.17211136889415,2.006100787327405,3.4125000000000014,3.82788863110585
1841.F05030,19,1841,1841:NCS233,male,head,20260907,3,25.006100787327405,24.6375,20.999354940103142,6.006100787327405,5.637499999999999,1.9993549401031423
1841.F05694,20,1841,1841:CUB005,female,head,20260907,3,22.349464528634226,26.5125,26.3605438159517,2.3494645286342255,6.512499999999999,6.360543815951701
1841.F05693,22,1841,1841:CUB016,female,head,20260907,3,22.349464528634226,22.61875,25.370868878027437,0.3494645286342255,0.6187499999999986,3.370868878027437
1841.F05964,19,1841,1841:NCS233,male,head,20260907,3,25.006100787327405,24.54375,20.86270830223923,6.006100787327405,5.543749999999999,1.8627083022392306
1841.P16101,20,1841,1841:NAU121,female,hand,20260907,3,22.297653843714563,23.66875,24.08217043861346,2.2976538437145635,3.6687499999999993,4.08217043861346
10317.000049759,52,10317,10317:00069244bd1f2b8987ec0be407f83eec727bd40dde9ff15d05497f7db0f60f551d4af74463256aae7abd00d1a3180ca506bd16e684d859304c2864b1c7e4a8f6,male,hand,20260907,3,42.784686049577715,42.24375,43.263989660219174,9.215313950422285,9.756250000000001,8.736010339780826
10317.000014510,36,10317,10317:afc4cc1e970ef3c7c09dfc377d86b8cb6dd2b6fc250e40ad216859b782525e9a89692b141ec60d853e30f94d919e6d74c8ef2a10c87061cbb48939ce1a8ab53a,female,head,20260907,3,47.51926136895253,38.88125,42.875983854349755,11.519261368952527,2.8812500000000014,6.875983854349755
1841.F05559,22,1841,1841:NAU137,female,head,20260907,3,22.349464528634226,21.8,23.827871651440127,0.3494645286342255,0.1999999999999993,1.8278716514401268
1841.P16371,20,1841,1841:NAU121,female,hand,20260907,3,22.297653843714563,23.91875,25.057682840292028,2.2976538437145635,3.9187499999999993,5.057682840292028
1841.P16596,20,1841,1841:CUB005,female,hand,20260907,3,22.297653843714563,24.2375,23.367319661005645,2.2976538437145635,4.237500000000001,3.367319661005645
10317.000015187,27,10317,10317:cb8ea224a3bb7ef53bf08da62860c079b5996441cbbb6ef11fbe09454172198e57a65569937d0e57c98a2327cfe4b04a55969cdda8eed8fc5f998c2468e4920a,male,hand,20260907,3,42.784686049577715,39.0125,41.0898414790359,15.784686049577715,12.012500000000003,14.089841479035897
1841.P15067,22,1841,1841:CUB007,female,hand,20260907,3,22.297653843714563,25.675,23.363902715158662,0.2976538437145635,3.6750000000000007,1.3639027151586625
1841.P15066,23,1841,1841:CUB053,female,hand,20260907,3,22.297653843714563,26.0375,24.048396143554218,0.7023461562854365,3.0375000000000014,1.0483961435542177
1841.F06329,22,1841,1841:CUB016,female,head,20260907,3,22.349464528634226,23.55,22.80612961688496,0.3494645286342255,1.5500000000000007,0.8061296168849594
1841.F05412,21,1841,1841:NAU106,female,head,20260907,3,22.349464528634226,25.25,26.124718453340023,1.3494645286342255,4.25,5.124718453340023
1841.F05419,20,1841,1841:NAU121,female,head,20260907,3,22.349464528634226,22.75625,24.945309343854095,2.3494645286342255,2.7562500000000014,4.945309343854095
1841.P15580,23,1841,1841:NAU100,male,hand,20260907,3,24.94535008965013,24.175,21.099504137951342,1.9453500896501303,1.1750000000000007,1.9004958620486576
1841.P16354,22,1841,1841:NAU164,male,hand,20260907,3,24.94535008965013,29.99375,23.764531534752997,2.9453500896501303,7.993749999999999,1.7645315347529973
1841.P15002,22,1841,1841:CUB016,female,hand,20260907,3,22.297653843714563,21.5625,23.600040422341557,0.2976538437145635,0.4375,1.6000404223415572
1841.F06308,22,1841,1841:CUB016,female,head,20260907,3,22.349464528634226,23.36875,24.03179222404603,0.3494645286342255,1.3687499999999986,2.031792224046029
10317.000049840,69,10317,10317:c9253f884608fc319fe8569e8e2979bb54c91a0e0d3c4ff7a4b8f149c7372a1c77029903e0508684d15d336da510bcc78d1e9c1aecbf85c0b6bc664b85990a20,female,hand,20260907,3,48.17329121532879,45.45,49.7431555562844,20.82670878467121,23.549999999999997,19.2568444437156
10317.000049841,69,10317,10317:c9253f884608fc319fe8569e8e2979bb54c91a0e0d3c4ff7a4b8f149c7372a1c77029903e0508684d15d336da510bcc78d1e9c1aecbf85c0b6bc664b85990a20,female,head,20260907,3,47.51926136895253,49.51875,51.34050505319359,21.480738631047473,19.481250000000003,17.65949494680641
10317.000005363,67,10317,10317:673c8ce01f6c4b5120fb00380499db5eeb6a2fb55f33a66a36d79a28f321105b432b54532ecd02900640e027e6baa65fe94b194fa11f3a0eaf97f6abf95c9417,unknown,hand,20260907,3,39.179777231940186,44.85,42.92918749242027,27.820222768059814,22.15,24.07081250757973
10317.000009042,46,10317,10317:df6f20fb4f08ca5e4d0752d216fd11416c51dcc4d2843a31934d166a9e80964e8a8ebaa924df11dde7c18ceb71cdaa8a5809afe436eae6c92ebcf896c5c92b64,female,hand,20260907,3,48.17329121532879,42.65,45.28850897342341,2.1732912153287884,3.3500000000000014,0.7114910265765886
1841.P15634,23,1841,1841:CUB053,female,hand,20260907,3,22.297653843714563,22.0,24.724144970195056,0.7023461562854365,1.0,1.7241449701950557
1841.F06365,20,1841,1841:CUB005,female,head,20260907,3,22.349464528634226,23.98125,23.616643665456422,2.3494645286342255,3.9812499999999993,3.6166436654564222
1841.F06360,22,1841,1841:CUB007,female,head,20260907,3,22.349464528634226,23.20625,21.93262599132199,0.3494645286342255,1.2062500000000007,0.06737400867800858
1841.P15284,23,1841,1841:CUB053,female,hand,20260907,3,22.297653843714563,27.00625,28.47422648716692,0.7023461562854365,4.006250000000001,5.47422648716692
10317.000049790,27,10317,10317:cb8ea224a3bb7ef53bf08da62860c079b5996441cbbb6ef11fbe09454172198e57a65569937d0e57c98a2327cfe4b04a55969cdda8eed8fc5f998c2468e4920a,male,head,20260907,3,43.26788735612373,43.66875,43.01503724507211,16.26788735612373,16.668750000000003,16.015037245072108
10317.000005290,69,10317,10317:f468dfbfdc239f0e3bbe1de592c866535d2e70f74b05af2999cd5ac5b39818383c58a904146c605bc773f87fac2da08ddde7d4bedced3110d5c1d3b15657f73e,male,hand,20260907,3,42.784686049577715,41.2125,44.3760247540886,26.215313950422285,27.7875,24.623975245911403
1841.F05630,20,1841,1841:CUB005,female,head,20260907,3,22.349464528634226,23.35625,23.393559667063325,2.3494645286342255,3.3562499999999993,3.3935596670633252
10317.000015293,29,10317,10317:fac33038e7fdc9cea92cfafa3a1c3f21658eba746fdc582552dc90cf29de5130fdb07560083b3745b42ab1b35c0098ade96b984095fd4c6ab41f086f38fdf732,male,head,20260907,3,43.26788735612373,41.45,42.23273743395346,14.26788735612373,12.450000000000003,13.23273743395346
10317.000015292,29,10317,10317:fac33038e7fdc9cea92cfafa3a1c3f21658eba746fdc582552dc90cf29de5130fdb07560083b3745b42ab1b35c0098ade96b984095fd4c6ab41f086f38fdf732,male,hand,20260907,3,42.784686049577715,37.58125,41.41187837731102,13.784686049577715,8.581249999999997,12.41187837731102
10317.000015291,29,10317,10317:fac33038e7fdc9cea92cfafa3a1c3f21658eba746fdc582552dc90cf29de5130fdb07560083b3745b42ab1b35c0098ade96b984095fd4c6ab41f086f38fdf732,male,hand,20260907,3,42.784686049577715,41.36875,41.296120545934606,13.784686049577715,12.368749999999999,12.296120545934606
1841.F05636,22,1841,1841:CUB007,female,head,20260907,3,22.349464528634226,22.43125,22.414507631173016,0.3494645286342255,0.4312499999999986,0.4145076311730165
1841.F05986,19,1841,1841:NCS233,male,head,20260907,3,25.006100787327405,23.425,20.796036573863784,6.006100787327405,4.425000000000001,1.796036573863784
1841.F05985,27,1841,1841:NCS214,male,head,20260907,3,25.006100787327405,31.0875,23.156527938020083,1.993899212672595,4.087499999999999,3.8434720619799165
1841.F05984,27,1841,1841:NCS214,male,head,20260907,3,25.006100787327405,35.39375,22.27132586376677,1.993899212672595,8.393749999999997,4.728674136233231
10317.000035236,69,10317,10317:f468dfbfdc239f0e3bbe1de592c866535d2e70f74b05af2999cd5ac5b39818383c58a904146c605bc773f87fac2da08ddde7d4bedced3110d5c1d3b15657f73e,male,hand,20260907,3,42.784686049577715,44.01875,45.81862041386279,26.215313950422285,24.981250000000003,23.18137958613721
10317.000015463,69,10317,10317:f468dfbfdc239f0e3bbe1de592c866535d2e70f74b05af2999cd5ac5b39818383c58a904146c605bc773f87fac2da08ddde7d4bedced3110d5c1d3b15657f73e,male,head,20260907,3,43.26788735612373,40.5625,39.97103727798723,25.73211264387627,28.4375,29.02896272201277
10317.000015464,69,10317,10317:f468dfbfdc239f0e3bbe1de592c866535d2e70f74b05af2999cd5ac5b39818383c58a904146c605bc773f87fac2da08ddde7d4bedced3110d5c1d3b15657f73e,male,hand,20260907,3,42.784686049577715,40.525,42.94720216988074,26.215313950422285,28.475,26.05279783011926
1841.P16063,22,1841,1841:NAU164,male,hand,20260907,3,24.94535008965013,29.45,24.896697602210633,2.9453500896501303,7.449999999999999,2.896697602210633
1841.P16065,21,1841,1841:NAU106,female,hand,20260907,3,22.297653843714563,24.16875,25.02084238415425,1.2976538437145635,3.1687499999999993,4.02084238415425
10317.000063422,36,10317,10317:702fbc8dfcb76217e73344a0a11dd54afca4b678302097929bc6cc1cadce5d5fc80da1e599a9d752eea1f081540d8b89772bcb670f71f2d38a11bdce484be812,female,hand,20260907,3,48.17329121532879,37.89375,39.69323264853479,12.173291215328788,1.8937499999999972,3.6932326485347886
10317.000049119,62,10317,10317:cf42e22cb0b5def3e5fb85e3eedb9fec63ec3614a7783d0ac195975b575a9863d801522f080d492d8032502dfbef61ba79d17264597f600354ba3cb662748955,male,hand,20260907,3,42.784686049577715,53.50625,54.225097781154446,19.215313950422285,8.493749999999999,7.774902218845554
1841.F05612,20,1841,1841:CUB005,female,head,20260907,3,22.349464528634226,26.85625,24.734223854722583,2.3494645286342255,6.856249999999999,4.734223854722583
1841.P15400,27,1841,1841:NCS253,female,hand,20260907,3,22.297653843714563,32.3875,29.219780588289233,4.7023461562854365,5.387500000000003,2.2197805882892325
1841.F05471,20,1841,1841:NAU121,female,head,20260907,3,22.349464528634226,22.66875,24.331280245843335,2.3494645286342255,2.6687499999999993,4.331280245843335
1841.P16183,22,1841,1841:NAU137,female,hand,20260907,3,22.297653843714563,23.15,22.647052616539938,0.2976538437145635,1.1499999999999986,0.6470526165399377
1841.P15981,22,1841,1841:CUB007,female,hand,20260907,3,22.297653843714563,22.93125,22.486214767343583,0.2976538437145635,0.9312499999999986,0.4862147673435828
1841.P15369,22,1841,1841:NCS255,female,hand,20260907,3,22.297653843714563,21.9125,21.977713553513833,0.2976538437145635,0.08749999999999858,0.02228644648616651
1841.P15362,27,1841,1841:NCS253,female,hand,20260907,3,22.297653843714563,30.3125,29.508953692098626,4.7023461562854365,3.3125,2.5089536920986255
1841.F05866,22,1841,1841:NAU164,male,head,20260907,3,25.006100787327405,26.9,23.76757286376411,3.006100787327405,4.899999999999999,1.7675728637641086
1841.P16519,22,1841,1841:CUB007,female,hand,20260907,3,22.297653843714563,23.85,27.584349807287996,0.2976538437145635,1.8500000000000014,5.584349807287996
1841.P16510,20,1841,1841:CUB005,female,hand,20260907,3,22.297653843714563,24.58125,23.209821614751434,2.2976538437145635,4.581250000000001,3.2098216147514336
1841.F05486,22,1841,1841:NAU137,female,head,20260907,3,22.349464528634226,23.7125,22.822032179349947,0.3494645286342255,1.7124999999999986,0.8220321793499465
1841.F06412,23,1841,1841:CUB053,female,head,20260907,3,22.349464528634226,24.9625,25.133711893510625,0.6505354713657745,1.9624999999999986,2.1337118935106254
1841.F06415,22,1841,1841:CUB016,female,head,20260907,3,22.349464528634226,21.96875,22.242445554466872,0.3494645286342255,0.03125,0.24244555446687244
1841.F06511,20,1841,1841:CUB005,female,head,20260907,3,22.349464528634226,23.34375,22.686057072476405,2.3494645286342255,3.34375,2.6860570724764052
10317.000005651,65,10317,10317:5e5f5fc79a512a180eb0cd63fa75b7307715996b1aff58edbefb0ed0d6548904bf74f95a466efb9525a910f69150d98cfae7b1c55b9bf3e278b402a8439e8d4c,male,hand,20260907,3,42.784686049577715,45.10625,47.74028017454258,22.215313950422285,19.893749999999997,17.259719825457417
10317.000005650,65,10317,10317:5e5f5fc79a512a180eb0cd63fa75b7307715996b1aff58edbefb0ed0d6548904bf74f95a466efb9525a910f69150d98cfae7b1c55b9bf3e278b402a8439e8d4c,male,hand,20260907,3,42.784686049577715,42.9125,45.467666291622585,22.215313950422285,22.0875,19.532333708377415
10317.000005652,65,10317,10317:5e5f5fc79a512a180eb0cd63fa75b7307715996b1aff58edbefb0ed0d6548904bf74f95a466efb9525a910f69150d98cfae7b1c55b9bf3e278b402a8439e8d4c,male,head,20260907,3,43.26788735612373,47.24375,46.277920086676296,21.73211264387627,17.75625,18.722079913323704
1841.P15793,22,1841,1841:NAU137,female,hand,20260907,3,22.297653843714563,22.3125,22.952616277280015,0.2976538437145635,0.3125,0.9526162772800149
1841.P15798,21,1841,1841:NAU106,female,hand,20260907,3,22.297653843714563,25.39375,27.113967090233334,1.2976538437145635,4.393750000000001,6.113967090233334
1841.P15425,23,1841,1841:NCS203,female,hand,20260907,3,22.297653843714563,28.25625,24.756639003675815,0.7023461562854365,5.256250000000001,1.756639003675815
1841.P15422,21,1841,1841:NCS247,unknown,hand,20260907,3,24.990251405439604,22.60625,19.22268400765471,3.9902514054396043,1.6062499999999993,1.7773159923452901
1841.P16218,22,1841,1841:NAU137,female,hand,20260907,3,22.297653843714563,23.4875,22.94797487217621,0.2976538437145635,1.4875000000000007,0.9479748721762107
1841.F05491,22,1841,1841:NAU137,female,head,20260907,3,22.349464528634226,22.35625,22.335016588831007,0.3494645286342255,0.3562499999999993,0.3350165888310066
1841.P15166,27,1841,1841:NCS214,male,hand,20260907,3,24.94535008965013,30.6125,23.801709487065303,2.0546499103498697,3.6125000000000007,3.1982905129346975
1841.F06060,23,1841,1841:NCS243,male,head,20260907,3,25.006100787327405,28.85,20.767828780552566,2.006100787327405,5.850000000000001,2.2321712194474337
1841.F06063,23,1841,1841:NCS203,female,head,20260907,3,22.349464528634226,28.75,23.885374192462617,0.6505354713657745,5.75,0.8853741924626171
1841.F06064,23,1841,1841:NCS243,male,head,20260907,3,25.006100787327405,24.2125,22.18177895283475,2.006100787327405,1.2124999999999986,0.8182210471652489
1841.P15308,23,1841,1841:NCS243,male,hand,20260907,3,24.94535008965013,26.29375,21.447011486725827,1.9453500896501303,3.2937499999999993,1.5529885132741725
1841.F06068,27,1841,1841:NCS253,female,head,20260907,3,22.349464528634226,32.93125,24.937835889018544,4.6505354713657745,5.931249999999999,2.062164110981456
1841.P15300,27,1841,1841:NCS253,female,hand,20260907,3,22.297653843714563,26.3875,26.28839846588239,4.7023461562854365,0.6125000000000007,0.7116015341176087
2010.3105,31,2010,2010:43,female,head,20260907,3,27.40046319613207,38.0375,30.56306266086544,3.599536803867931,7.037500000000001,0.436937339134559
10317.000020763,51,10317,10317:271445d9d2f17a19777c6abc5576840700fc57ecb19654f09610d4d1187e722ba995215d7e0cdfd20bd17f6a11fcb5232973c72d5d66bf7a0933e78b7d8aeabc,female,head,20260907,3,47.51926136895253,43.5375,50.06059204883895,3.4807386310474726,7.462499999999999,0.9394079511610514
1841.P15551,22,1841,1841:NAU137,female,hand,20260907,3,22.297653843714563,23.05625,24.248376908135295,0.2976538437145635,1.0562499999999986,2.2483769081352953
1841.P16533,22,1841,1841:CUB007,female,hand,20260907,3,22.297653843714563,28.1875,29.285964932604056,0.2976538437145635,6.1875,7.285964932604056
1841.P16535,22,1841,1841:CUB016,female,hand,20260907,3,22.297653843714563,21.39375,23.25103272101308,0.2976538437145635,0.6062499999999993,1.251032721013079
1841.F05094,23,1841,1841:NCS203,female,head,20260907,3,22.349464528634226,25.725,23.46865456133367,0.6505354713657745,2.7250000000000014,0.46865456133366834
1841.F06478,20,1841,1841:CUB049,female,head,20260907,4,22.368043275528674,22.48125,24.240166330465787,2.3680432755286738,2.4812499999999993,4.240166330465787
1841.F06476,23,1841,1841:CUB056,male,head,20260907,4,23.068401314115853,23.40625,21.124599024939915,0.06840131411585304,0.40625,1.875400975060085
1841.F06474,22,1841,1841:CUB048,female,head,20260907,4,22.368043275528674,26.35625,25.974411795698163,0.3680432755286738,4.356249999999999,3.9744117956981633
1841.F06471,21,1841,1841:CUB032,female,head,20260907,4,22.368043275528674,22.89375,24.673485243794293,1.3680432755286738,1.8937500000000007,3.6734852437942926
1841.F06385,22,1841,1841:CUB048,female,head,20260907,4,22.368043275528674,24.46875,23.95889796136116,0.3680432755286738,2.46875,1.95889796136116
10317.000068792,39,10317,10317:0610dc25baabfb768bd6465f009077ba740694d1c37591ea165a6eed61b038ba1fd9167c4f0efbd5cd490953bcd66ea07e9d8b594234539c2e566f09dd0e4699,male,hand,20260907,4,42.25043716602058,35.53125,39.59036676306915,3.250437166020582,3.46875,0.5903667630691487
1841.P16235,55,1841,1841:NAU149,male,hand,20260907,4,23.04277640236896,34.50625,22.286938264273815,31.95722359763104,20.49375,32.713061735726185
1841.F05564,30,1841,1841:NAU155,female,head,20260907,4,22.368043275528674,23.4375,20.658310101629343,7.631956724471326,6.5625,9.341689898370657
1841.P15324,20,1841,1841:NCS263,male,hand,20260907,4,23.04277640236896,28.0125,26.09761762292714,3.042776402368961,8.0125,6.097617622927139
2010.1953,32,2010,2010:19,female,head,20260907,4,27.62003189007862,43.91875,33.21316615480655,4.3799681099213785,11.918750000000003,1.2131661548065509
1841.F05821,55,1841,1841:NAU149,male,head,20260907,4,23.068401314115853,30.0375,24.11776996619287,31.931598685884147,24.9625,30.88223003380713
10317.000004238,58,10317,10317:37d8f6f7e4e484018175eb77bb7510245502c3c3d85c9a1874de9d25b0c5fe27d21dbcbe36e8c6663360590a8287912cd7e945311f2e50e46afc4ca3b709cc02,male,head,20260907,4,42.077199836728866,42.95,43.40494605312582,15.922800163271134,15.049999999999997,14.595053946874181
1841.F06139,22,1841,1841:CUB048,female,head,20260907,4,22.368043275528674,23.75,23.79846363164008,0.3680432755286738,1.75,1.7984636316400788
10317.000004236,58,10317,10317:37d8f6f7e4e484018175eb77bb7510245502c3c3d85c9a1874de9d25b0c5fe27d21dbcbe36e8c6663360590a8287912cd7e945311f2e50e46afc4ca3b709cc02,male,hand,20260907,4,42.25043716602058,45.18125,45.99473054922944,15.749562833979418,12.818750000000001,12.005269450770562
10317.000004237,58,10317,10317:37d8f6f7e4e484018175eb77bb7510245502c3c3d85c9a1874de9d25b0c5fe27d21dbcbe36e8c6663360590a8287912cd7e945311f2e50e46afc4ca3b709cc02,male,hand,20260907,4,42.25043716602058,44.7125,44.28807025889386,15.749562833979418,13.287500000000001,13.71192974110614
10317.000049240,56,10317,10317:bd91fc26c20a7652fc421fee2aa75624e4db7f68e0e4fde846745c30bb976e46e87f9660bdf0cea293a6b1ddf22122f6376d2be385445805fa204dd33e6dc905,male,hand,20260907,4,42.25043716602058,47.45625,45.73525667022604,13.749562833979418,8.543750000000003,10.264743329773957
10317.000049241,56,10317,10317:bd91fc26c20a7652fc421fee2aa75624e4db7f68e0e4fde846745c30bb976e46e87f9660bdf0cea293a6b1ddf22122f6376d2be385445805fa204dd33e6dc905,male,hand,20260907,4,42.25043716602058,45.08125,43.731165095957195,13.749562833979418,10.918750000000003,12.268834904042805
1841.F05106,37,1841,1841:NAU148,male,head,20260907,4,23.068401314115853,24.0875,19.584326755365566,13.931598685884147,12.912500000000001,17.415673244634434
1841.F05104,20,1841,1841:NAU123,male,head,20260907,4,23.068401314115853,23.80625,19.29490653770091,3.068401314115853,3.8062499999999986,0.7050934622990894
10317.000010182,33,10317,10317:723b6b9cc65e7b32325680590272929f0ac00ca96b80b0fab7d4f3aa989891c4e461f3d54e5d04cec753535eff24d840aca7c4484f9aaf9507e8c09d37fc902b,unknown,head,20260907,4,42.717468307565376,42.3625,44.100191482594994,9.717468307565376,9.362499999999997,11.100191482594994
1841.P15693,20,1841,1841:CUB049,female,hand,20260907,4,22.43371230544315,21.90625,25.42509569975548,2.4337123054431515,1.90625,5.425095699755481
10317.000063164,29,10317,10317:03c0867966fe2299eb3b09291d5f0834310bdf5fceed9c9b7b397570bf8f2d2adaeb945c824ff0cb407abaf691b8173cfa03c4f8eb17e6dd9f6eda17502e66e4,male,head,20260907,4,42.077199836728866,35.45,35.473685060475695,13.077199836728866,6.450000000000003,6.473685060475695
10317.000023128,41,10317,10317:d05b6995db48f6c9db978b1b5ca6e64fdb449b3a00c92813c529766f03bd685a588b170ad83cf571cc7835590556a3954f74f0426fa772dd2e7a9a365c327784,male,head,20260907,4,42.077199836728866,43.8,46.847517445683046,1.077199836728866,2.799999999999997,5.847517445683046
1841.F05593,21,1841,1841:NAU153,female,head,20260907,4,22.368043275528674,22.29375,22.198543523477376,1.3680432755286738,1.2937499999999993,1.198543523477376
1841.F05598,20,1841,1841:NAU123,male,head,20260907,4,23.068401314115853,23.4,20.361872106911633,3.068401314115853,3.3999999999999986,0.3618721069116333
10317.000015501,58,10317,10317:39bccde315a4d2e26bd21d11d8612666496433302b42a988f2e86dbe04d585b4ed30f82357ad21121e121b84ba5b37d2ecaf536b10e6faf7bae853217d2e1db6,male,hand,20260907,4,42.25043716602058,40.875,43.21924196743149,15.749562833979418,17.125,14.780758032568507
1841.P16574,20,1841,1841:CUB049,female,hand,20260907,4,22.43371230544315,21.94375,23.43658690716588,2.4337123054431515,1.9437500000000014,3.4365869071658786
10317.000014679,45,10317,10317:766b16ee6b65383664f73d4720f92c408604f3862a3ca0910ef13758df6833a4e132f7a6a180a0e66a7a0de4de722b7c7dcbbdfe09b051de250e1c70364291e9,female,head,20260907,4,47.45439007776902,40.9875,44.39365535957416,2.4543900777690197,4.012500000000003,0.6063446404258386
1841.F05161,55,1841,1841:NAU149,male,head,20260907,4,23.068401314115853,27.625,22.682697636550195,31.931598685884147,27.375,32.317302363449805
1841.F06551,20,1841,1841:CUB049,female,head,20260907,4,22.368043275528674,21.6,22.806703361857075,2.3680432755286738,1.6000000000000014,2.8067033618570747
1841.F05571,30,1841,1841:NAU155,female,head,20260907,4,22.368043275528674,23.26875,21.3873407495591,7.631956724471326,6.731249999999999,8.612659250440899
1841.F05576,30,1841,1841:NAU155,female,head,20260907,4,22.368043275528674,26.775,21.34661027787297,7.631956724471326,3.2250000000000014,8.65338972212703
1841.F05844,55,1841,1841:NAU149,male,head,20260907,4,23.068401314115853,32.20625,24.772173882173107,31.931598685884147,22.793750000000003,30.227826117826893
10317.000041070,31,10317,10317:71e5fd7acb649ca95a67898db0fec25f330aaadd054f9606a2bf895d9748f5f2dbb072b66b2f8cbb341c64bf56f1d46adf1543d0cd7406a94c113f4c63d7e45a,female,hand,20260907,4,49.93404536395226,36.65625,42.75538598828144,18.934045363952258,5.65625,11.75538598828144
1841.F05409,22,1841,1841:NAU133,male,head,20260907,4,23.068401314115853,26.94375,19.768576597594972,1.068401314115853,4.943750000000001,2.231423402405028
1841.F06495,22,1841,1841:CUB004,female,head,20260907,4,22.368043275528674,26.41875,25.29039334800565,0.3680432755286738,4.418749999999999,3.290393348005651
1841.P15719,22,1841,1841:NAU133,male,hand,20260907,4,23.04277640236896,28.46875,19.35812049753084,1.0427764023689612,6.46875,2.641879502469159
1841.P15710,20,1841,1841:NAU123,male,hand,20260907,4,23.04277640236896,22.25625,19.639039326832883,3.042776402368961,2.2562500000000014,0.3609606731671171
1841.P16436,20,1841,1841:NCS263,male,hand,20260907,4,23.04277640236896,24.31875,22.45132781215053,3.042776402368961,4.318750000000001,2.451327812150531
1841.F06579,21,1841,1841:CUB033,female,head,20260907,4,22.368043275528674,23.3,26.39042767593583,1.3680432755286738,2.3000000000000007,5.390427675935829
10317.000007695,53,10317,10317:2001cd96b41443702fff754af1697cfbdfad013781990354ba66abf4ba4c1619b3b03ab3cbeff986588254af06fd1bb16cb541da65af96468b507f8eedd4e51f,female,hand,20260907,4,49.93404536395226,38.89375,47.25418981718628,3.065954636047742,14.106250000000003,5.74581018281372
10317.000007696,53,10317,10317:2001cd96b41443702fff754af1697cfbdfad013781990354ba66abf4ba4c1619b3b03ab3cbeff986588254af06fd1bb16cb541da65af96468b507f8eedd4e51f,female,hand,20260907,4,49.93404536395226,41.23125,45.77058379096972,3.065954636047742,11.768749999999997,7.229416209030283
1841.P15383,20,1841,1841:NCS263,male,hand,20260907,4,23.04277640236896,26.08125,22.624309819725685,3.042776402368961,6.081250000000001,2.624309819725685
1841.P15731,22,1841,1841:NAU133,male,hand,20260907,4,23.04277640236896,22.96875,19.856735060611395,1.0427764023689612,0.96875,2.1432649393886045
1841.F06215,20,1841,1841:NAU123,male,head,20260907,4,23.068401314115853,23.6875,18.436381768325703,3.068401314115853,3.6875,1.5636182316742975
1841.P15006,21,1841,1841:CUB032,female,hand,20260907,4,22.43371230544315,23.13125,24.696518100246905,1.4337123054431515,2.1312500000000014,3.696518100246905
10317.000034638,64,10317,10317:b03b7d707e125ba38f6ae4345eb6389f63c2caed719f3d69552e392dbe3d40c17b9f8b97c1e801df3731171dea8ebdb990b7f88d87da78c626beccba0003cf7f,female,head,20260907,4,47.45439007776902,41.75625,51.368122175354074,16.54560992223098,22.24375,12.631877824645926
10317.000034639,64,10317,10317:b03b7d707e125ba38f6ae4345eb6389f63c2caed719f3d69552e392dbe3d40c17b9f8b97c1e801df3731171dea8ebdb990b7f88d87da78c626beccba0003cf7f,female,hand,20260907,4,49.93404536395226,42.5625,49.81639847923552,14.065954636047742,21.4375,14.183601520764483
1841.F05826,20,1841,1841:NAU123,male,head,20260907,4,23.068401314115853,21.8875,20.214144297016965,3.068401314115853,1.8874999999999993,0.2141442970169649
1841.P16088,22,1841,1841:NAU133,male,hand,20260907,4,23.04277640236896,24.04375,22.11600021999365,1.0427764023689612,2.0437499999999993,0.1160002199936514
1841.P16089,20,1841,1841:NAU123,male,hand,20260907,4,23.04277640236896,29.68125,26.81970501623983,3.042776402368961,9.681249999999999,6.81970501623983
10317.000003167,56,10317,10317:ca3c1391f1ca6877569a02ad1a4bb08ec17ce43eb36e67a75c7021c818e8b0fc35d4d9d4f88d36031ef5d86fe5d42f004195994d262cc11012d12140268e85ba,male,hand,20260907,4,42.25043716602058,45.96875,46.54116631575626,13.749562833979418,10.03125,9.458833684243743
1841.P15757,20,1841,1841:NAU123,male,hand,20260907,4,23.04277640236896,22.1125,20.424313167646226,3.042776402368961,2.1125000000000007,0.4243131676462255
1841.P15975,21,1841,1841:CUB032,female,hand,20260907,4,22.43371230544315,22.61875,24.93020260536972,1.4337123054431515,1.6187499999999986,3.9302026053697183
1841.P15978,22,1841,1841:CUB048,female,hand,20260907,4,22.43371230544315,26.2875,25.52391315094992,0.43371230544315154,4.287500000000001,3.5239131509499195
10317.000015381,34,10317,10317:88f4fbcf0ceb456e7f8e8447af039f0dc2670ad52972600d23a04b60152370409f6b57086023803ce52591376f998806f80e260d50d06764bbb66d26d1b5553e,female,hand,20260907,4,49.93404536395226,38.39375,45.77715769140583,15.934045363952258,4.393749999999997,11.777157691405833
10317.000015383,34,10317,10317:88f4fbcf0ceb456e7f8e8447af039f0dc2670ad52972600d23a04b60152370409f6b57086023803ce52591376f998806f80e260d50d06764bbb66d26d1b5553e,female,head,20260907,4,47.45439007776902,39.875,44.81805260511326,13.45439007776902,5.875,10.818052605113259
10317.000015382,34,10317,10317:88f4fbcf0ceb456e7f8e8447af039f0dc2670ad52972600d23a04b60152370409f6b57086023803ce52591376f998806f80e260d50d06764bbb66d26d1b5553e,female,hand,20260907,4,49.93404536395226,41.375,48.070965962405744,15.934045363952258,7.375,14.070965962405744
1841.F05279,20,1841,1841:NAU123,male,head,20260907,4,23.068401314115853,22.1875,21.26144871896711,3.068401314115853,2.1875,1.2614487189671095
10317.000069111,29,10317,10317:03c0867966fe2299eb3b09291d5f0834310bdf5fceed9c9b7b397570bf8f2d2adaeb945c824ff0cb407abaf691b8173cfa03c4f8eb17e6dd9f6eda17502e66e4,male,head,20260907,4,42.077199836728866,31.325,32.563111970628256,13.077199836728866,2.3249999999999993,3.563111970628256
10317.000069118,29,10317,10317:03c0867966fe2299eb3b09291d5f0834310bdf5fceed9c9b7b397570bf8f2d2adaeb945c824ff0cb407abaf691b8173cfa03c4f8eb17e6dd9f6eda17502e66e4,male,hand,20260907,4,42.25043716602058,34.3625,34.05027471292544,13.250437166020582,5.362499999999997,5.050274712925443
1841.P16477,20,1841,1841:NCS263,male,hand,20260907,4,23.04277640236896,24.225,21.717987416586052,3.042776402368961,4.225000000000001,1.7179874165860518
1841.F06530,22,1841,1841:CUB004,female,head,20260907,4,22.368043275528674,25.85625,24.167290949625414,0.3680432755286738,3.8562499999999993,2.1672909496254142
1841.F06534,21,1841,1841:CUB033,female,head,20260907,4,22.368043275528674,24.90625,23.284521416955148,1.3680432755286738,3.90625,2.2845214169551475
1841.F06538,20,1841,1841:CUB049,female,head,20260907,4,22.368043275528674,22.75625,24.262212437304317,2.3680432755286738,2.7562500000000014,4.262212437304317
1841.P15566,30,1841,1841:NAU155,female,hand,20260907,4,22.43371230544315,26.1875,25.05995958861873,7.5662876945568485,3.8125,4.940040411381268
10317.000008200,46,10317,10317:48d391496558e01a0104b2b5a59686340e1e6a0399c13717e18c37dc683db8cf9db7b16ae3e331f1f78373cf02cfc7c9565ca3f6b2d6eae259d9401e7d93b863,female,head,20260907,4,47.45439007776902,41.3875,46.285261072096496,1.4543900777690197,4.612499999999997,0.2852610720964961
1841.P15956,21,1841,1841:CUB033,female,hand,20260907,4,22.43371230544315,21.75,24.259404793244645,1.4337123054431515,0.75,3.259404793244645
1841.P15951,22,1841,1841:CUB048,female,hand,20260907,4,22.43371230544315,26.2875,28.338804770263632,0.43371230544315154,4.287500000000001,6.338804770263632
1841.P15770,30,1841,1841:NAU155,female,hand,20260907,4,22.43371230544315,24.98125,23.75938014868731,7.5662876945568485,5.018750000000001,6.24061985131269
1841.F06254,20,1841,1841:NAU123,male,head,20260907,4,23.068401314115853,22.6375,19.907864040935497,3.068401314115853,2.6374999999999993,0.09213595906450323
1841.F06299,22,1841,1841:NAU133,male,head,20260907,4,23.068401314115853,23.875,19.61384157472893,1.068401314115853,1.875,2.38615842527107
10317.000022099,41,10317,10317:e4503538e12701b45b371c7ed670bd3ae6eba6dbfd41e21b14c030e3e6c626aaaf69513c82f4fb7a3e531ea834a73f16c57799fb90f66a9da07d8b3b8dc4b486,male,head,20260907,4,42.077199836728866,44.43125,48.432389306826394,1.077199836728866,3.4312499999999986,7.432389306826394
10317.000015212,34,10317,10317:356171d003a70eda05dbc44ca7f1c23e803cbba14631a5247db7774ba0e837cd853a804b6bc41bc084b8849021f84c1c780ad04856231b70f72faf5ef5b4bcbf,male,hand,20260907,4,42.25043716602058,37.81875,40.886758147811065,8.250437166020582,3.8187500000000014,6.886758147811065
1841.P15098,22,1841,1841:CUB048,female,hand,20260907,4,22.43371230544315,25.3625,24.80698679045818,0.43371230544315154,3.3625000000000007,2.806986790458179
1841.P15095,23,1841,1841:CUB056,male,hand,20260907,4,23.04277640236896,23.48125,24.131469725420512,0.042776402368961186,0.4812499999999993,1.1314697254205122
1841.P15092,23,1841,1841:CUB056,male,hand,20260907,4,23.04277640236896,25.9,22.73215724182511,0.042776402368961186,2.8999999999999986,0.2678427581748899
1841.P15548,20,1841,1841:NAU123,male,hand,20260907,4,23.04277640236896,22.575,21.267033146209567,3.042776402368961,2.5749999999999993,1.2670331462095668
1841.P16539,22,1841,1841:CUB004,female,hand,20260907,4,22.43371230544315,31.625,25.656231243458137,0.43371230544315154,9.625,3.656231243458137
1841.P16158,22,1841,1841:NAU133,male,hand,20260907,4,23.04277640236896,24.96875,22.293178010262302,1.0427764023689612,2.96875,0.2931780102623023
1841.P15935,21,1841,1841:CUB033,female,hand,20260907,4,22.43371230544315,23.775,25.98845112834793,1.4337123054431515,2.7749999999999986,4.988451128347929
1841.P15931,21,1841,1841:CUB032,female,hand,20260907,4,22.43371230544315,22.76875,24.726069819354937,1.4337123054431515,1.7687500000000007,3.7260698193549366
1841.F06271,37,1841,1841:NAU148,male,head,20260907,4,23.068401314115853,23.6875,20.973068363516504,13.931598685884147,13.3125,16.026931636483496
10317.000015308,36,10317,10317:feea3e83f7040193068cefe3fbcc20f2ea1091f85bfe70ce251294e52b9fe96590bdfd79bae84e89f8a0e8adb68da76d13e4c631cd02e8440870e7ffa4c40c5d,female,head,20260907,4,47.45439007776902,37.69375,43.825726111126606,11.45439007776902,1.6937500000000014,7.825726111126606
10317.000005071,62,10317,10317:95709cc58235ffbd909b031216643693df4dbc827ae14fc247eebb0528bfbea20bc16e3572da9168ccfd0829b33c756aa63ed4ce9ba244ce6bdf5ef97c44e85f,female,hand,20260907,4,49.93404536395226,46.99375,47.61352959963118,12.065954636047742,15.006250000000001,14.386470400368822
10317.000005070,62,10317,10317:95709cc58235ffbd909b031216643693df4dbc827ae14fc247eebb0528bfbea20bc16e3572da9168ccfd0829b33c756aa63ed4ce9ba244ce6bdf5ef97c44e85f,female,hand,20260907,4,49.93404536395226,43.65,50.986187383610215,12.065954636047742,18.35,11.013812616389785
2010.1851,32,2010,2010:19,female,head,20260907,4,27.62003189007862,42.89375,32.7863329951183,4.3799681099213785,10.893749999999997,0.7863329951183005
10317.000066867,29,10317,10317:03c0867966fe2299eb3b09291d5f0834310bdf5fceed9c9b7b397570bf8f2d2adaeb945c824ff0cb407abaf691b8173cfa03c4f8eb17e6dd9f6eda17502e66e4,male,hand,20260907,4,42.25043716602058,32.03125,31.23052308629281,13.250437166020582,3.03125,2.230523086292809
10317.000066866,29,10317,10317:03c0867966fe2299eb3b09291d5f0834310bdf5fceed9c9b7b397570bf8f2d2adaeb945c824ff0cb407abaf691b8173cfa03c4f8eb17e6dd9f6eda17502e66e4,male,hand,20260907,4,42.25043716602058,35.93125,37.63924155745512,13.250437166020582,6.931249999999999,8.639241557455122
10317.000066861,29,10317,10317:03c0867966fe2299eb3b09291d5f0834310bdf5fceed9c9b7b397570bf8f2d2adaeb945c824ff0cb407abaf691b8173cfa03c4f8eb17e6dd9f6eda17502e66e4,male,head,20260907,4,42.077199836728866,33.68125,31.54105455972396,13.077199836728866,4.681249999999999,2.5410545597239604
10317.000066868,29,10317,10317:03c0867966fe2299eb3b09291d5f0834310bdf5fceed9c9b7b397570bf8f2d2adaeb945c824ff0cb407abaf691b8173cfa03c4f8eb17e6dd9f6eda17502e66e4,male,hand,20260907,4,42.25043716602058,33.49375,32.80454128825254,13.250437166020582,4.493749999999999,3.804541288252537
10317.000003535,46,10317,10317:4aa35b33ec066f163b8daeb1b8200f17ece0f58ed4de27fc1acf828c8864cb5dfb93c989fb4315cfe8721c8eed0e468a5da3102ea9bc9c107e0b214c031f5e1d,female,hand,20260907,4,49.93404536395226,45.31875,50.33591117074785,3.934045363952258,0.6812499999999986,4.335911170747849
2010.2229,22,2010,2010:29,female,head,20260907,4,27.62003189007862,36.4875,27.45801869551619,5.6200318900786215,14.487499999999997,5.458018695516191
1841.P16176,20,1841,1841:NAU123,male,hand,20260907,4,23.04277640236896,22.48125,21.55483032030095,3.042776402368961,2.4812499999999993,1.554830320300951
1841.F06293,22,1841,1841:NAU133,male,head,20260907,4,23.068401314115853,24.825,19.770138198906977,1.068401314115853,2.8249999999999993,2.2298618010930227
1841.F06290,22,1841,1841:NAU133,male,head,20260907,4,23.068401314115853,23.525,19.75624413229516,1.068401314115853,1.5249999999999986,2.2437558677048415
1841.F06296,37,1841,1841:NAU148,male,head,20260907,4,23.068401314115853,25.04375,22.401196038237444,13.931598685884147,11.95625,14.598803961762556
1841.F06294,37,1841,1841:NAU148,male,head,20260907,4,23.068401314115853,24.05625,20.92323131732634,13.931598685884147,12.943750000000001,16.07676868267366
1841.P15917,20,1841,1841:CUB049,female,hand,20260907,4,22.43371230544315,22.2,24.52516617738961,2.4337123054431515,2.1999999999999993,4.525166177389611
10317.000062190,29,10317,10317:03c0867966fe2299eb3b09291d5f0834310bdf5fceed9c9b7b397570bf8f2d2adaeb945c824ff0cb407abaf691b8173cfa03c4f8eb17e6dd9f6eda17502e66e4,male,head,20260907,4,42.077199836728866,31.76875,33.985404033188175,13.077199836728866,2.7687500000000007,4.985404033188175
1841.F05002,20,1841,1841:NCS263,male,head,20260907,4,23.068401314115853,29.75625,20.540834135569327,3.068401314115853,9.756250000000001,0.5408341355693267
1841.P15774,55,1841,1841:NAU149,male,hand,20260907,4,23.04277640236896,28.075,23.46344563691634,31.95722359763104,26.925,31.53655436308366
1841.P16588,20,1841,1841:CUB049,female,hand,20260907,4,22.43371230544315,22.975,24.81172502662841,2.4337123054431515,2.9750000000000014,4.811725026628409
1841.F06597,22,1841,1841:CUB048,female,head,20260907,4,22.368043275528674,25.6,24.643019835498436,0.3680432755286738,3.6000000000000014,2.6430198354984356
1841.F06599,22,1841,1841:CUB004,female,head,20260907,4,22.368043275528674,26.1875,24.29108637106338,0.3680432755286738,4.1875,2.291086371063379
1841.P15273,21,1841,1841:CUB032,female,hand,20260907,4,22.43371230544315,24.2875,24.837783968403183,1.4337123054431515,3.2875000000000014,3.8377839684031834
1841.P15582,30,1841,1841:NAU155,female,hand,20260907,4,22.43371230544315,22.95625,23.12998169062466,7.5662876945568485,7.043749999999999,6.8700183093753395
1841.P15585,37,1841,1841:NAU148,male,hand,20260907,4,23.04277640236896,22.59375,21.353157731834045,13.957223597631039,14.40625,15.646842268165955
1841.P15587,30,1841,1841:NAU155,female,hand,20260907,4,22.43371230544315,29.83125,28.58454842652947,7.5662876945568485,0.1687499999999993,1.4154515734705306
10317.000068823,29,10317,10317:03c0867966fe2299eb3b09291d5f0834310bdf5fceed9c9b7b397570bf8f2d2adaeb945c824ff0cb407abaf691b8173cfa03c4f8eb17e6dd9f6eda17502e66e4,male,head,20260907,4,42.077199836728866,32.9375,34.0323387506079,13.077199836728866,3.9375,5.032338750607899
10317.000069058,31,10317,10317:198ec54664604b9ea87e10f11a6d8349037bf3b4e018e7fb9998979245d8f2079c24bef91d79183b5ff2e19efdc4c846a59dec7189d1fe7235717e66307e1a72,male,hand,20260907,4,42.25043716602058,34.225,37.8354222094944,11.250437166020582,3.2250000000000014,6.8354222094944035
10317.000069051,31,10317,10317:198ec54664604b9ea87e10f11a6d8349037bf3b4e018e7fb9998979245d8f2079c24bef91d79183b5ff2e19efdc4c846a59dec7189d1fe7235717e66307e1a72,male,head,20260907,4,42.077199836728866,34.35,37.23757650880748,11.077199836728866,3.3500000000000014,6.237576508807479
10317.000063224,27,10317,10317:d7b643e267e7874c9fe80600f02183b6cd3019f0fda406b979f05d309d5050c0a106d81fd0d61ac23e2600faaf7da552f0258df8aa6be5e41a39e6b37828c99d,female,head,20260907,4,47.45439007776902,35.0375,39.10534629451479,20.45439007776902,8.037500000000001,12.105346294514788
1841.F06107,20,1841,1841:CUB049,female,head,20260907,4,22.368043275528674,22.44375,23.42049954829624,2.3680432755286738,2.4437500000000014,3.4204995482962417
1841.P16349,21,1841,1841:NAU153,female,hand,20260907,4,22.43371230544315,23.08125,22.787037194447745,1.4337123054431515,2.0812500000000007,1.7870371944477448
1841.F06230,55,1841,1841:NAU149,male,head,20260907,4,23.068401314115853,29.0375,23.112677369327507,31.931598685884147,25.9625,31.887322630672493
1841.F05252,55,1841,1841:NAU149,male,head,20260907,4,23.068401314115853,25.9375,22.025656025276717,31.931598685884147,29.0625,32.97434397472328
1841.P15074,22,1841,1841:CUB004,female,hand,20260907,4,22.43371230544315,26.10625,26.637962266055645,0.43371230544315154,4.106249999999999,4.637962266055645
1841.P15079,20,1841,1841:CUB049,female,hand,20260907,4,22.43371230544315,23.6625,24.365568762295126,2.4337123054431515,3.6625000000000014,4.365568762295126
1841.F06310,21,1841,1841:CUB033,female,head,20260907,4,22.368043275528674,27.38125,24.854250853355744,1.3680432755286738,6.381250000000001,3.854250853355744
10317.000005578,33,10317,10317:356171d003a70eda05dbc44ca7f1c23e803cbba14631a5247db7774ba0e837cd853a804b6bc41bc084b8849021f84c1c780ad04856231b70f72faf5ef5b4bcbf,male,hand,20260907,4,42.25043716602058,39.39375,41.61619931828034,9.250437166020582,6.393749999999997,8.616199318280337
10317.000005574,33,10317,10317:356171d003a70eda05dbc44ca7f1c23e803cbba14631a5247db7774ba0e837cd853a804b6bc41bc084b8849021f84c1c780ad04856231b70f72faf5ef5b4bcbf,male,head,20260907,4,42.077199836728866,42.5,42.64653879235603,9.077199836728866,9.5,9.646538792356033
1841.P15210,20,1841,1841:CUB049,female,hand,20260907,4,22.43371230544315,22.7,24.49395174845355,2.4337123054431515,2.6999999999999993,4.493951748453551
1841.P16288,37,1841,1841:NAU148,male,hand,20260907,4,23.04277640236896,25.05,22.13188581500862,13.957223597631039,11.95,14.86811418499138
1841.P16286,55,1841,1841:NAU149,male,hand,20260907,4,23.04277640236896,25.625,22.05104434326087,31.95722359763104,29.375,32.94895565673913
1841.P16284,22,1841,1841:NAU133,male,hand,20260907,4,23.04277640236896,22.45625,21.40071268667163,1.0427764023689612,0.4562500000000007,0.5992873133283716
10317.000069039,33,10317,10317:65a6735483d4ca756511921efab48bd0d5eefe9702c613c1e3f7065f8b20659da904045df6fb243bf7e1be352dea97d0ceb0c7ccdca5fabb1fd01324d1e414cf,male,head,20260907,4,42.077199836728866,34.58125,38.93854499015203,9.077199836728866,1.5812499999999972,5.938544990152032
1841.F05403,20,1841,1841:NAU123,male,head,20260907,4,23.068401314115853,23.9,19.84006088539467,3.068401314115853,3.8999999999999986,0.15993911460532928
1841.F05405,37,1841,1841:NAU148,male,head,20260907,4,23.068401314115853,25.30625,21.101054135392857,13.931598685884147,11.693750000000001,15.898945864607143
1841.F05049,20,1841,1841:NCS263,male,head,20260907,4,23.068401314115853,27.55625,20.552867797463577,3.068401314115853,7.556249999999999,0.552867797463577
10317.000005420,54,10317,10317:d63484fec8c78056306a841bf283219a2f4dd6eb40568afb6e401ef1dd5a23f563b4e42b92eda0d4b87cc502d1158abf83fac1a38b7a4166f4374fd6ec75beaa,female,head,20260907,4,47.45439007776902,38.95,46.06975696041936,6.54560992223098,15.049999999999997,7.930243039580638
10317.000005421,54,10317,10317:d63484fec8c78056306a841bf283219a2f4dd6eb40568afb6e401ef1dd5a23f563b4e42b92eda0d4b87cc502d1158abf83fac1a38b7a4166f4374fd6ec75beaa,female,hand,20260907,4,49.93404536395226,40.2875,47.67037391452114,4.065954636047742,13.712499999999999,6.329626085478857
1841.P16453,20,1841,1841:NCS263,male,hand,20260907,4,23.04277640236896,24.2875,21.555816309537686,3.042776402368961,4.287500000000001,1.5558163095376862
10317.000069015,24,10317,10317:5bdd4aaf66380106e9a8cb6501a1fb4b37d078e2284e7a3cc179877b6b0db9ae596a7d760657f364b5592c1578ae5b8068df09c4ebd6be82e32cfcd9e5fd6c55,male,head,20260907,4,42.077199836728866,35.3625,34.07233045038929,18.077199836728866,11.362499999999997,10.072330450389288
1841.F05425,55,1841,1841:NAU149,male,head,20260907,4,23.068401314115853,30.65625,23.31216490379229,31.931598685884147,24.34375,31.68783509620771
1841.P16573,21,1841,1841:CUB032,female,hand,20260907,4,22.43371230544315,24.275,25.005221327968854,1.4337123054431515,3.2749999999999986,4.005221327968854
10317.000005577,34,10317,10317:356171d003a70eda05dbc44ca7f1c23e803cbba14631a5247db7774ba0e837cd853a804b6bc41bc084b8849021f84c1c780ad04856231b70f72faf5ef5b4bcbf,male,hand,20260907,4,42.25043716602058,38.05,41.35330179653616,8.250437166020582,4.049999999999997,7.353301796536158
1841.P15602,21,1841,1841:NAU153,female,hand,20260907,4,22.43371230544315,21.35,23.14613742591211,1.4337123054431515,0.3500000000000014,2.1461374259121087
1841.P15356,20,1841,1841:NCS263,male,hand,20260907,4,23.04277640236896,25.93125,22.26619921963732,3.042776402368961,5.931249999999999,2.2661992196373184
1841.P15608,22,1841,1841:CUB048,female,hand,20260907,4,22.43371230544315,28.94375,30.46249198814667,0.43371230544315154,6.943750000000001,8.46249198814667
10317.000069063,29,10317,10317:03c0867966fe2299eb3b09291d5f0834310bdf5fceed9c9b7b397570bf8f2d2adaeb945c824ff0cb407abaf691b8173cfa03c4f8eb17e6dd9f6eda17502e66e4,male,head,20260907,4,42.077199836728866,33.4125,33.26489005243239,13.077199836728866,4.412500000000001,4.264890052432392
10317.000003339,73,10317,10317:b8164f6522d265b137471f7142d4362a35a7a4dfd6f21aada5888456dda2bfbdda36900f4edf71d621587e3c79a92da70f421d07fe905890c57c4ec4d421335e,female,hand,20260907,4,49.93404536395226,50.575,50.99193813126039,23.065954636047742,22.424999999999997,22.00806186873961
1841.F05850,30,1841,1841:NAU155,female,head,20260907,4,22.368043275528674,24.7875,23.63934082695572,7.631956724471326,5.212499999999999,6.360659173044279
1841.P15038,21,1841,1841:CUB033,female,hand,20260907,4,22.43371230544315,24.16875,26.60010693970463,1.4337123054431515,3.1687499999999993,5.600106939704631
1841.F06422,21,1841,1841:CUB033,female,head,20260907,4,22.368043275528674,22.775,22.826783184940464,1.3680432755286738,1.7749999999999986,1.8267831849404637
1841.P15294,21,1841,1841:CUB033,female,hand,20260907,4,22.43371230544315,26.025,24.506941478561384,1.4337123054431515,5.024999999999999,3.5069414785613837
1841.F05621,23,1841,1841:CUB013,male,head,20260907,4,23.068401314115853,26.2625,19.00910044629221,0.06840131411585304,3.2624999999999993,3.9908995537077914
1841.F05457,37,1841,1841:NAU148,male,head,20260907,4,23.068401314115853,22.24375,19.27937532270682,13.931598685884147,14.756250000000001,17.72062467729318
1841.F05456,55,1841,1841:NAU149,male,head,20260907,4,23.068401314115853,31.725,22.502256159834605,31.931598685884147,23.275,32.4977438401654
10317.000004928,55,10317,10317:169fc8e4a87bbb9fd81677779eb46fc8c4e57700e8a9fe6448edd4c1b573f6c2885cef43b7349fe9fa37dfd3379bc8b84b536aefeb7c6610a495bc898a20d1b7,female,hand,20260907,4,49.93404536395226,40.74375,46.11496402863744,5.065954636047742,14.256250000000001,8.885035971362562
1841.F05445,21,1841,1841:NAU153,female,head,20260907,4,22.368043275528674,22.2375,22.642775353388508,1.3680432755286738,1.2375000000000007,1.642775353388508
1841.P16246,20,1841,1841:NAU123,male,hand,20260907,4,23.04277640236896,27.03125,23.081864536285188,3.042776402368961,7.03125,3.081864536285188
1841.P16244,37,1841,1841:NAU148,male,hand,20260907,4,23.04277640236896,25.73125,23.463014964022907,13.957223597631039,11.26875,13.536985035977093
1841.P15998,23,1841,1841:CUB056,male,hand,20260907,4,23.04277640236896,27.56875,23.26206063851248,0.042776402368961186,4.568750000000001,0.2620606385124802
10317.000005262,28,10317,10317:9d5f397f06d407dcb0aa1ac134a406dcc9d133b7241030bf81c3cb01f3341e891530737a66d2693596ab16f97b05b66c20bc630d57221b89a0ecb2db01c1f747,male,head,20260907,4,42.077199836728866,39.775,44.18460961255148,14.077199836728866,11.774999999999999,16.184609612551483
1841.F06404,21,1841,1841:CUB032,female,head,20260907,4,22.368043275528674,23.33125,23.151008624191967,1.3680432755286738,2.3312500000000007,2.1510086241919666
1841.F05606,22,1841,1841:CUB048,female,head,20260907,4,22.368043275528674,26.4,24.090376734776957,0.3680432755286738,4.399999999999999,2.0903767347769566
1841.F05609,20,1841,1841:CUB049,female,head,20260907,4,22.368043275528674,22.59375,23.422096749538134,2.3680432755286738,2.59375,3.4220967495381345
1841.P16266,30,1841,1841:NAU155,female,hand,20260907,4,22.43371230544315,24.34375,22.71059958501987,7.5662876945568485,5.65625,7.289400414980129
1841.F05467,21,1841,1841:NAU153,female,head,20260907,4,22.368043275528674,21.9875,22.043302264685707,1.3680432755286738,0.9875000000000007,1.0433022646857069
1841.F05461,55,1841,1841:NAU149,male,head,20260907,4,23.068401314115853,27.64375,20.258185096144736,31.931598685884147,27.35625,34.741814903855264
1841.F05652,21,1841,1841:CUB032,female,head,20260907,4,22.368043275528674,24.15,22.264197444337533,1.3680432755286738,3.1499999999999986,1.2641974443375332
10317.000005419,54,10317,10317:d63484fec8c78056306a841bf283219a2f4dd6eb40568afb6e401ef1dd5a23f563b4e42b92eda0d4b87cc502d1158abf83fac1a38b7a4166f4374fd6ec75beaa,female,hand,20260907,4,49.93404536395226,40.0625,48.303092302190095,4.065954636047742,13.9375,5.696907697809905
10317.000036735,63,10317,10317:0195d329f030b0250f2e009ac656b8ee7c006c3a064b6d08770ecd7067bf4098cd0fb82f552a671d583f26002b4f2753d6bca1b02521b55faac3ba0bc1e64d8a,male,head,20260907,4,42.077199836728866,43.5125,43.429312037505525,20.922800163271134,19.487499999999997,19.570687962494475
10317.000036732,63,10317,10317:0195d329f030b0250f2e009ac656b8ee7c006c3a064b6d08770ecd7067bf4098cd0fb82f552a671d583f26002b4f2753d6bca1b02521b55faac3ba0bc1e64d8a,male,head,20260907,4,42.077199836728866,41.86875,42.211686202187174,20.922800163271134,21.13125,20.788313797812826
1841.P16526,22,1841,1841:CUB004,female,hand,20260907,4,22.43371230544315,24.2,26.017662696928376,0.43371230544315154,2.1999999999999993,4.017662696928376
1841.P16525,23,1841,1841:CUB056,male,hand,20260907,4,23.04277640236896,25.38125,23.768612942042697,0.042776402368961186,2.3812500000000014,0.7686129420426973
1841.P16521,23,1841,1841:CUB056,male,hand,20260907,4,23.04277640236896,24.66875,22.73543484536669,0.042776402368961186,1.6687499999999993,0.2645651546333099
1841.P16520,20,1841,1841:CUB049,female,hand,20260907,4,22.43371230544315,23.10625,23.35390112999652,2.4337123054431515,3.1062499999999993,3.353901129996519
1841.F06398,23,1841,1841:CUB056,male,head,20260907,4,23.068401314115853,27.3,20.972444855499734,0.06840131411585304,4.300000000000001,2.0275551445002655
1841.F06397,22,1841,1841:CUB004,female,head,20260907,4,22.368043275528674,24.625,23.726370147713695,0.3680432755286738,2.625,1.7263701477136948
1841.P15782,22,1841,1841:NAU133,male,hand,20260907,4,23.04277640236896,23.68125,20.393898080006377,1.0427764023689612,1.6812499999999986,1.6061019199936233
1841.P15787,37,1841,1841:NAU148,male,hand,20260907,4,23.04277640236896,23.58125,20.254292864035943,13.957223597631039,13.41875,16.745707135964057
1841.F05667,22,1841,1841:CUB004,female,head,20260907,4,22.368043275528674,22.48125,23.377592725133898,0.3680432755286738,0.4812499999999993,1.3775927251338977
1841.P16204,37,1841,1841:NAU148,male,hand,20260907,4,23.04277640236896,25.19375,20.171703328262556,13.957223597631039,11.806249999999999,16.828296671737444
1841.F05487,20,1841,1841:NAU123,male,head,20260907,4,23.068401314115853,22.7625,19.469163899319973,3.068401314115853,2.7624999999999993,0.5308361006800268
1841.F05832,21,1841,1841:NAU153,female,head,20260907,4,22.368043275528674,22.59375,21.40212949701152,1.3680432755286738,1.59375,0.40212949701151857
1841.F05629,21,1841,1841:CUB033,female,head,20260907,4,22.368043275528674,22.76875,22.604961709105584,1.3680432755286738,1.7687500000000007,1.6049617091055843
1841.F05623,22,1841,1841:CUB004,female,head,20260907,4,22.368043275528674,27.11875,24.599776051590265,0.3680432755286738,5.118749999999999,2.599776051590265
1841.P16546,22,1841,1841:CUB004,female,hand,20260907,4,22.43371230544315,22.825,25.746186204379136,0.43371230544315154,0.8249999999999993,3.7461862043791356
1841.P16541,21,1841,1841:CUB033,female,hand,20260907,4,22.43371230544315,24.225,27.46650735612084,1.4337123054431515,3.2250000000000014,6.4665073561208395
1841.P16015,55,1841,1841:NAU149,male,hand,20260907,4,23.04277640236896,24.7,23.20020997138321,31.95722359763104,30.3,31.79979002861679
1841.P16549,20,1841,1841:CUB049,female,hand,20260907,4,22.43371230544315,23.55625,25.21147631504573,2.4337123054431515,3.5562499999999986,5.211476315045729
10317.000068787,39,10317,10317:0610dc25baabfb768bd6465f009077ba740694d1c37591ea165a6eed61b038ba1fd9167c4f0efbd5cd490953bcd66ea07e9d8b594234539c2e566f09dd0e4699,male,head,20260907,4,42.077199836728866,37.34375,39.13357244267772,3.077199836728866,1.65625,0.13357244267771762
1841.F05133,30,1841,1841:NAU155,female,head,20260907,4,22.368043275528674,24.6,22.48617750446511,7.631956724471326,5.399999999999999,7.513822495534889
10317.000027340,55,10317,10317:41b53357cf00f0544b996f91bab7388aca97716b29b77d7791386ae687cbc26a2ab336f6353bae77995bc81fe3b1eb0b8fedcde9199244073099ff039c21ac0d,male,head,20260907,4,42.077199836728866,39.85,44.05430568831076,12.922800163271134,15.149999999999999,10.945694311689238
1841.P16225,37,1841,1841:NAU148,male,hand,20260907,4,23.04277640236896,26.05,20.34477994598279,13.957223597631039,10.95,16.65522005401721
1841.P16227,21,1841,1841:NAU153,female,hand,20260907,4,22.43371230544315,22.4,24.06338977564486,1.4337123054431515,1.3999999999999986,3.063389775644861
1841.P16222,20,1841,1841:NAU123,male,hand,20260907,4,23.04277640236896,23.7,23.617706071046552,3.042776402368961,3.6999999999999993,3.617706071046552
1841.P16247,30,1841,1841:NAU155,female,hand,20260907,4,22.43371230544315,25.525,25.87896976510865,7.5662876945568485,4.475000000000001,4.12103023489135
1841.F05845,22,1841,1841:NAU133,male,head,20260907,4,23.068401314115853,23.5625,20.63081975350477,1.068401314115853,1.5625,1.3691802464952296
1841.F06057,20,1841,1841:NCS263,male,head,20260907,4,23.068401314115853,27.46875,21.287640334936455,3.068401314115853,7.46875,1.2876403349364551
1841.F05583,22,1841,1841:NAU133,male,head,20260907,4,23.068401314115853,22.7875,18.70279182191954,1.068401314115853,0.7875000000000014,3.29720817808046
1841.F05580,21,1841,1841:NAU153,female,head,20260907,4,22.368043275528674,22.15625,22.83861789498876,1.3680432755286738,1.15625,1.8386178949887615
1841.P16568,22,1841,1841:CUB048,female,hand,20260907,4,22.43371230544315,27.725,26.134551394165207,0.43371230544315154,5.725000000000001,4.134551394165207
1841.P16562,22,1841,1841:CUB048,female,hand,20260907,4,22.43371230544315,26.7625,26.6878252766212,0.43371230544315154,4.762499999999999,4.687825276621201
1841.P16567,20,1841,1841:CUB049,female,hand,20260907,4,22.43371230544315,22.93125,23.407508257526644,2.4337123054431515,2.9312499999999986,3.4075082575266435
10317.000031912,54,10317,10317:0c3091f23d30ee5b470301f691493df51f63050506428f17d14304a92cb2773c926aa8302e810812195b2fb3442ae4405b25774e783a0dea0554adffa5e317c5,female,hand,20260907,4,49.93404536395226,41.96875,49.71969085827193,4.065954636047742,12.03125,4.280309141728068
10317.000031910,54,10317,10317:0c3091f23d30ee5b470301f691493df51f63050506428f17d14304a92cb2773c926aa8302e810812195b2fb3442ae4405b25774e783a0dea0554adffa5e317c5,female,head,20260907,4,47.45439007776902,41.65,47.85270957912607,6.54560992223098,12.350000000000001,6.147290420873929
1841.P16603,21,1841,1841:CUB033,female,hand,20260907,4,22.43371230544315,22.6375,22.413781575436975,1.4337123054431515,1.6374999999999993,1.4137815754369747
10317.000063171,29,10317,10317:03c0867966fe2299eb3b09291d5f0834310bdf5fceed9c9b7b397570bf8f2d2adaeb945c824ff0cb407abaf691b8173cfa03c4f8eb17e6dd9f6eda17502e66e4,male,hand,20260907,4,42.25043716602058,35.0625,36.062772412862905,13.250437166020582,6.0625,7.0627724128629055
1841.F05568,37,1841,1841:NAU148,male,head,20260907,4,23.068401314115853,23.3875,20.496389628866886,13.931598685884147,13.6125,16.503610371133114
2010.2201,22,2010,2010:29,female,head,20260907,4,27.62003189007862,33.9125,27.1099556062486,5.6200318900786215,11.912500000000001,5.109955606248601
10317.000047841,56,10317,10317:0bcb4e3d31b0b117c3b6fa86fc51584ae6a9aa505a981882486f137cc53b9ca3d82e6e63f354b102ed104a17e902d66783bd63854c3549b887a4be67e55128ab,female,hand,20260907,4,49.93404536395226,40.91875,46.41559414685964,6.065954636047742,15.081249999999997,9.58440585314036
1841.F06434,20,1841,1841:CUB049,female,head,20260907,4,22.368043275528674,22.00625,24.275545473273624,2.3680432755286738,2.0062500000000014,4.275545473273624
1841.F06487,21,1841,1841:CUB032,female,head,20260907,4,22.368043275528674,24.025,24.00772196746465,1.3680432755286738,3.0249999999999986,3.0077219674646507
2010.2072,32,2010,2010:19,female,head,20260907,4,27.62003189007862,46.125,35.303737016326245,4.3799681099213785,14.125,3.303737016326245
10317.000038318,45,10317,10317:3b7d34b44f72e95e00448cb043d5340d44117ce7280c30460dfe394894b0822d4c1583a47eb25eb49e50c149a7e5dc6a736132da19792ffbd2156208e0e9cebf,male,head,20260907,4,42.077199836728866,44.88125,48.097521069167314,2.922800163271134,0.11874999999999858,3.097521069167314
10317.000030411,36,10317,10317:a1b4c9ec5f8710558bd4a7d34cd680ebd077aa972f77ae2c7a80904262a269846af690c0af56eec73473625b15e9b30c4413c0ced557f3aeebbcbdbbb0b28698,male,head,20260907,4,42.077199836728866,43.775,42.07308778375461,6.077199836728866,7.774999999999999,6.073087783754609
1841.F06540,22,1841,1841:CUB004,female,head,20260907,4,22.368043275528674,24.5,23.63459773204563,0.3680432755286738,2.5,1.6345977320456306
1841.F06546,22,1841,1841:CUB048,female,head,20260907,4,22.368043275528674,25.90625,24.45088180019101,0.3680432755286738,3.90625,2.4508818001910093
1841.F06019,20,1841,1841:NCS263,male,head,20260907,4,23.068401314115853,28.03125,22.582416329685447,3.068401314115853,8.03125,2.582416329685447
10317.000012382,48,10317,10317:d4747c80cbabfa6a118ab9e828a6e01176aee5c6477c84e90565dd41303cee3f4da5c8eb4c5a5b1abcf05c6ade5c8588fb990c110d1249108ffee63923f0759d,male,hand,20260907,4,42.25043716602058,38.4375,41.89962108267359,5.749562833979418,9.5625,6.10037891732641
1841.P15531,20,1841,1841:NAU123,male,hand,20260907,4,23.04277640236896,30.03125,27.028127812493995,3.042776402368961,10.03125,7.028127812493995
1841.F05328,19,1841,1841:NCS208,female,head,20260907,4,22.368043275528674,25.6125,25.081862688793905,3.3680432755286738,6.612500000000001,6.081862688793905
10317.000015283,61,10317,10317:6cafcd38bd5d8a7ae3e097e4e76d4ec0177aa5a4b23e460bcf27496334ea6f015f92f32d33219a9b3815853580c7fa17f6fff3d39827358ac992dd98bc09b99f,male,head,20260907,4,42.077199836728866,44.45,41.19151627233869,18.922800163271134,16.549999999999997,19.80848372766131
10317.000015285,61,10317,10317:6cafcd38bd5d8a7ae3e097e4e76d4ec0177aa5a4b23e460bcf27496334ea6f015f92f32d33219a9b3815853580c7fa17f6fff3d39827358ac992dd98bc09b99f,male,hand,20260907,4,42.25043716602058,44.51875,43.5929194701255,18.749562833979418,16.481250000000003,17.4070805298745
10317.000041069,31,10317,10317:71e5fd7acb649ca95a67898db0fec25f330aaadd054f9606a2bf895d9748f5f2dbb072b66b2f8cbb341c64bf56f1d46adf1543d0cd7406a94c113f4c63d7e45a,female,hand,20260907,4,49.93404536395226,39.35625,45.859202999169334,18.934045363952258,8.356250000000003,14.859202999169334
2010.1902,32,2010,2010:19,female,head,20260907,4,27.62003189007862,36.76875,30.181269546032983,4.3799681099213785,4.768749999999997,1.8187304539670173
1841.P16396,30,1841,1841:NAU155,female,hand,20260907,4,22.43371230544315,25.5375,25.32380962595312,7.5662876945568485,4.462499999999999,4.676190374046879
10317.000049239,56,10317,10317:bd91fc26c20a7652fc421fee2aa75624e4db7f68e0e4fde846745c30bb976e46e87f9660bdf0cea293a6b1ddf22122f6376d2be385445805fa204dd33e6dc905,male,head,20260907,4,42.077199836728866,44.46875,44.672756381960696,13.922800163271134,11.53125,11.327243618039304
10317.000036739,59,10317,10317:8fb4ad789829b8aa6b773eff2956b29d9986e3c6ee0cd5f3125d47adf2ee4adc1008098b5be94b225ac5137bcae428f6b84ede1db0d7bfe5dda5fe7f31fa3514,male,hand,20260907,4,42.25043716602058,40.36875,42.18856341169985,16.749562833979418,18.63125,16.811436588300147
1841.P15706,21,1841,1841:NAU153,female,hand,20260907,4,22.43371230544315,22.19375,21.64772956139731,1.4337123054431515,1.1937500000000014,0.6477295613973091
1841.P15707,21,1841,1841:NAU153,female,hand,20260907,4,22.43371230544315,22.625,23.498531843634517,1.4337123054431515,1.625,2.4985318436345167
1841.F06201,37,1841,1841:NAU148,male,head,20260907,4,23.068401314115853,24.56875,17.245284860096888,13.931598685884147,12.431249999999999,19.754715139903112
1841.F05158,22,1841,1841:NAU133,male,head,20260907,4,23.068401314115853,25.8,20.831419786051892,1.068401314115853,3.8000000000000007,1.1685802139481076
10317.000005069,62,10317,10317:95709cc58235ffbd909b031216643693df4dbc827ae14fc247eebb0528bfbea20bc16e3572da9168ccfd0829b33c756aa63ed4ce9ba244ce6bdf5ef97c44e85f,female,head,20260907,4,47.45439007776902,50.225,52.31758250713492,14.54560992223098,11.774999999999999,9.682417492865078
1841.P16391,55,1841,1841:NAU149,male,hand,20260907,4,23.04277640236896,29.48125,22.769181564351516,31.95722359763104,25.51875,32.23081843564849
1841.P16507,22,1841,1841:CUB004,female,hand,20260907,4,22.43371230544315,34.45625,34.76435105406758,0.43371230544315154,12.456249999999997,12.764351054067582
1841.F06566,20,1841,1841:CUB049,female,head,20260907,4,22.368043275528674,22.4375,23.552639032487654,2.3680432755286738,2.4375,3.5526390324876544
1841.F06567,21,1841,1841:CUB032,female,head,20260907,4,22.368043275528674,23.51875,24.820990630372407,1.3680432755286738,2.5187500000000007,3.820990630372407
10317.000049004,28,10317,10317:1c1595cde947e2229328634b1257ec5f5c6bf890d5eb88d65618fda2567f5b28fe935303746ce0cd8771db48dc0a929a39b186bfef9fe0ee516d2a408a7ff58d,female,hand,20260907,4,49.93404536395226,34.6375,44.70885276228229,21.934045363952258,6.637500000000003,16.70885276228229
10317.000049005,28,10317,10317:1c1595cde947e2229328634b1257ec5f5c6bf890d5eb88d65618fda2567f5b28fe935303746ce0cd8771db48dc0a929a39b186bfef9fe0ee516d2a408a7ff58d,female,hand,20260907,4,49.93404536395226,38.3125,46.08098727317957,21.934045363952258,10.3125,18.080987273179574
10317.000049008,28,10317,10317:1c1595cde947e2229328634b1257ec5f5c6bf890d5eb88d65618fda2567f5b28fe935303746ce0cd8771db48dc0a929a39b186bfef9fe0ee516d2a408a7ff58d,female,head,20260907,4,47.45439007776902,38.175,44.44085220356027,19.45439007776902,10.174999999999997,16.44085220356027
1841.F05525,20,1841,1841:NAU123,male,head,20260907,4,23.068401314115853,23.00625,19.39075247347524,3.068401314115853,3.0062500000000014,0.6092475265247614
10317.000010131,58,10317,10317:18f2e49afddb67b3c360c48826bfc2787ccc26e275825c6dd9afebc62893f5e57bcee0a02aedb777006db6eb53183d6c85508ad34d318c8120de7628c5f74232,female,head,20260907,4,47.45439007776902,42.69375,46.10854259877295,10.54560992223098,15.306249999999999,11.89145740122705
1841.F06490,23,1841,1841:CUB056,male,head,20260907,4,23.068401314115853,25.825,21.33936265332241,0.06840131411585304,2.8249999999999993,1.6606373466775892
1841.P16098,30,1841,1841:NAU155,female,hand,20260907,4,22.43371230544315,24.425,22.915628483588133,7.5662876945568485,5.574999999999999,7.084371516411867
1841.P16094,37,1841,1841:NAU148,male,hand,20260907,4,23.04277640236896,24.075,20.492723712525176,13.957223597631039,12.925,16.507276287474824
1841.P15726,55,1841,1841:NAU149,male,hand,20260907,4,23.04277640236896,30.225,24.337660098778347,31.95722359763104,24.775,30.662339901221653
1841.F06226,55,1841,1841:NAU149,male,head,20260907,4,23.068401314115853,27.275,22.6628235346648,31.931598685884147,27.725,32.337176465335205
1841.F06225,21,1841,1841:NAU153,female,head,20260907,4,22.368043275528674,21.75625,22.770047058874734,1.3680432755286738,0.7562500000000014,1.7700470588747343
1841.F06224,37,1841,1841:NAU148,male,head,20260907,4,23.068401314115853,24.84375,18.209556761335296,13.931598685884147,12.15625,18.790443238664704
1841.F06220,20,1841,1841:NAU123,male,head,20260907,4,23.068401314115853,22.8375,20.07709946201062,3.068401314115853,2.8374999999999986,0.07709946201061868
10317.000009650,53,10317,10317:b565af2054e502f6e52e66e3de2b5e2199b3a8637ef66233b06e6fe02859801a1bae272653dde3b99ca69985f5434f1a2cdf4fde7507455f5740cc3df03b878c,female,head,20260907,4,47.45439007776902,42.36875,46.08081242275469,5.54560992223098,10.631250000000001,6.91918757724531
1841.F06508,23,1841,1841:CUB056,male,head,20260907,4,23.068401314115853,28.1625,20.930479995559523,0.06840131411585304,5.162500000000001,2.069520004440477
1841.F06509,22,1841,1841:CUB004,female,head,20260907,4,22.368043275528674,25.90625,25.804317691055974,0.3680432755286738,3.90625,3.8043176910559744
10317.000049845,35,10317,10317:88f4fbcf0ceb456e7f8e8447af039f0dc2670ad52972600d23a04b60152370409f6b57086023803ce52591376f998806f80e260d50d06764bbb66d26d1b5553e,female,hand,20260907,4,49.93404536395226,36.2375,43.948455905161815,14.934045363952258,1.2374999999999972,8.948455905161815
1841.P15572,21,1841,1841:NAU153,female,hand,20260907,4,22.43371230544315,22.29375,23.125847083406896,1.4337123054431515,1.2937499999999993,2.125847083406896
1841.F05059,20,1841,1841:NCS263,male,head,20260907,4,23.068401314115853,27.00625,20.765904399429633,3.068401314115853,7.006250000000001,0.7659043994296333
10317.000049745,64,10317,10317:b03b7d707e125ba38f6ae4345eb6389f63c2caed719f3d69552e392dbe3d40c17b9f8b97c1e801df3731171dea8ebdb990b7f88d87da78c626beccba0003cf7f,female,head,20260907,4,47.45439007776902,46.71875,50.052405542296825,16.54560992223098,17.28125,13.947594457703175
1841.P15743,30,1841,1841:NAU155,female,hand,20260907,4,22.43371230544315,24.61875,24.30797144723016,7.5662876945568485,5.381250000000001,5.692028552769841
1841.P15740,55,1841,1841:NAU149,male,hand,20260907,4,23.04277640236896,24.8125,22.891458564104116,31.95722359763104,30.1875,32.10854143589589
1841.F06249,30,1841,1841:NAU155,female,head,20260907,4,22.368043275528674,26.09375,22.896266920607676,7.631956724471326,3.90625,7.103733079392324
1841.F06243,55,1841,1841:NAU149,male,head,20260907,4,23.068401314115853,31.1875,24.04218862968869,31.931598685884147,23.8125,30.95781137031131
1841.F06242,37,1841,1841:NAU148,male,head,20260907,4,23.068401314115853,27.76875,20.555035942374655,13.931598685884147,9.23125,16.444964057625345
1841.F05268,37,1841,1841:NAU148,male,head,20260907,4,23.068401314115853,24.21875,18.297492809804293,13.931598685884147,12.78125,18.702507190195707
10317.000006851,73,10317,10317:7705669a351542f9add9390a0a093824f81095a819993d82ab0d00eb2120ac34a953c451ff892c8c30e3f1b8f7630625d2ebb4d0e8512526a243025795e51eb7,male,head,20260907,4,42.077199836728866,39.5625,43.104258922315566,30.922800163271134,33.4375,29.895741077684434
10317.000034581,22,10317,10317:1949c4d7f21b55f1e00af274c955be77947294d6ec424b2079e89205b36ed147727eed570662c7673f354f42b11ea00ee970e7e216e0a45d7e022359783d8aae,unknown,head,20260907,4,42.717468307565376,36.05625,39.85598699625723,20.717468307565376,14.056249999999999,17.85598699625723
1841.P16464,20,1841,1841:NCS263,male,hand,20260907,4,23.04277640236896,25.7625,22.90377978094401,3.042776402368961,5.762499999999999,2.90377978094401
1841.P16465,20,1841,1841:NCS263,male,hand,20260907,4,23.04277640236896,28.6625,22.29766603274599,3.042776402368961,8.662500000000001,2.2976660327459903
2010.1447,25,2010,2010:3,female,head,20260907,4,27.62003189007862,37.475,31.23927623079691,2.6200318900786215,12.475000000000001,6.239276230796911
10317.000003550,72,10317,10317:fcb45b6f64ab0b3167524aaa234945c75702e9f45b361a7f3af87c2938b4b5bf8244dd705f8119adf55ee8532be48dc7d72387952b30d9ccda48bdc05fec5797,female,hand,20260907,4,49.93404536395226,49.39375,51.51946880600673,22.065954636047742,22.606250000000003,20.480531193993272
1841.F06524,23,1841,1841:CUB056,male,head,20260907,4,23.068401314115853,26.3875,20.51875919870582,0.06840131411585304,3.3874999999999993,2.481240801294181
1841.F06521,20,1841,1841:CUB049,female,head,20260907,4,22.368043275528674,22.7875,23.053111317271497,2.3680432755286738,2.7875000000000014,3.0531113172714974
1841.F06522,23,1841,1841:CUB056,male,head,20260907,4,23.068401314115853,22.4125,22.2312652807911,0.06840131411585304,0.5874999999999986,0.7687347192089007
1841.F06529,22,1841,1841:CUB004,female,head,20260907,4,22.368043275528674,26.075,22.16996121433061,0.3680432755286738,4.074999999999999,0.16996121433060907
1841.P15084,21,1841,1841:CUB032,female,hand,20260907,4,22.43371230544315,24.2,25.03922315276824,1.4337123054431515,3.1999999999999993,4.0392231527682405
10317.000062197,29,10317,10317:03c0867966fe2299eb3b09291d5f0834310bdf5fceed9c9b7b397570bf8f2d2adaeb945c824ff0cb407abaf691b8173cfa03c4f8eb17e6dd9f6eda17502e66e4,male,hand,20260907,4,42.25043716602058,31.9875,35.59391810320818,13.250437166020582,2.9875000000000007,6.593918103208182
10317.000005260,28,10317,10317:9d5f397f06d407dcb0aa1ac134a406dcc9d133b7241030bf81c3cb01f3341e891530737a66d2693596ab16f97b05b66c20bc630d57221b89a0ecb2db01c1f747,male,hand,20260907,4,42.25043716602058,42.4375,47.614018138002635,14.250437166020582,14.4375,19.614018138002635
10317.000005261,28,10317,10317:9d5f397f06d407dcb0aa1ac134a406dcc9d133b7241030bf81c3cb01f3341e891530737a66d2693596ab16f97b05b66c20bc630d57221b89a0ecb2db01c1f747,male,hand,20260907,4,42.25043716602058,41.475,45.471471139183855,14.250437166020582,13.475000000000001,17.471471139183855
1841.P16339,55,1841,1841:NAU149,male,hand,20260907,4,23.04277640236896,28.94375,24.785671868013857,31.95722359763104,26.05625,30.214328131986143
1841.P16448,20,1841,1841:NCS263,male,hand,20260907,4,23.04277640236896,24.69375,23.271631116544697,3.042776402368961,4.693750000000001,3.2716311165446967
1841.F06092,20,1841,1841:NCS263,male,head,20260907,4,23.068401314115853,26.53125,21.52016559919108,3.068401314115853,6.53125,1.5201655991910812
1841.F06574,22,1841,1841:CUB048,female,head,20260907,4,22.368043275528674,25.08125,25.05569423818173,0.3680432755286738,3.0812500000000007,3.0556942381817294
1841.P15209,21,1841,1841:CUB033,female,hand,20260907,4,22.43371230544315,27.16875,26.59045867100007,1.4337123054431515,6.168749999999999,5.590458671000071
1841.P15208,22,1841,1841:CUB048,female,hand,20260907,4,22.43371230544315,27.7375,27.01664009661904,0.43371230544315154,5.737500000000001,5.016640096619039
10317.000015215,33,10317,10317:356171d003a70eda05dbc44ca7f1c23e803cbba14631a5247db7774ba0e837cd853a804b6bc41bc084b8849021f84c1c780ad04856231b70f72faf5ef5b4bcbf,male,hand,20260907,4,42.25043716602058,39.60625,42.616360096081685,9.250437166020582,6.606250000000003,9.616360096081685
10317.000015211,33,10317,10317:356171d003a70eda05dbc44ca7f1c23e803cbba14631a5247db7774ba0e837cd853a804b6bc41bc084b8849021f84c1c780ad04856231b70f72faf5ef5b4bcbf,male,head,20260907,4,42.077199836728866,40.275,39.55210476667395,9.077199836728866,7.274999999999999,6.552104766673949
2010.1989,32,2010,2010:19,female,head,20260907,4,27.62003189007862,42.35625,31.4756730656059,4.3799681099213785,10.356250000000003,0.5243269343941002
1841.P16165,55,1841,1841:NAU149,male,hand,20260907,4,23.04277640236896,26.2625,22.995011925919492,31.95722359763104,28.7375,32.00498807408051
1841.P15928,21,1841,1841:CUB033,female,hand,20260907,4,22.43371230544315,24.9125,25.621042103627214,1.4337123054431515,3.9125000000000014,4.6210421036272145
1841.P15922,21,1841,1841:CUB033,female,hand,20260907,4,22.43371230544315,23.975,24.60452413088523,1.4337123054431515,2.9750000000000014,3.604524130885231
1841.P15920,22,1841,1841:CUB004,female,hand,20260907,4,22.43371230544315,24.51875,23.985665817314,0.43371230544315154,2.5187500000000007,1.9856658173140005
1841.F06289,30,1841,1841:NAU155,female,head,20260907,4,22.368043275528674,23.975,23.44865132367108,7.631956724471326,6.024999999999999,6.551348676328921
1841.F06288,55,1841,1841:NAU149,male,head,20260907,4,23.068401314115853,32.13125,24.466816691365636,31.931598685884147,22.86875,30.533183308634364
1841.F06282,55,1841,1841:NAU149,male,head,20260907,4,23.068401314115853,29.7375,22.95094097309081,31.931598685884147,25.2625,32.04905902690919
1841.F06284,21,1841,1841:NAU153,female,head,20260907,4,22.368043275528674,21.96875,22.084052580977193,1.3680432755286738,0.96875,1.0840525809771933
1841.F06286,30,1841,1841:NAU155,female,head,20260907,4,22.368043275528674,25.86875,21.30828068346552,7.631956724471326,4.131250000000001,8.691719316534481
10317.000033426,26,10317,10317:bf31604fc742f42563e14f529efdb4bf456a2196957cdd5f7a03e77220b2f7cc72b439053c8c0b4e94997264dacb9d6c2dc062250570be1d1ee1d113328653f1,female,hand,20260907,4,49.93404536395226,37.7875,43.23879856510985,23.934045363952258,11.787500000000001,17.238798565109853
1841.P16312,37,1841,1841:NAU148,male,hand,20260907,4,23.04277640236896,22.775,19.66127209123384,13.957223597631039,14.225000000000001,17.33872790876616
1841.P16313,20,1841,1841:NAU123,male,hand,20260907,4,23.04277640236896,31.26875,30.304663737510463,3.042776402368961,11.26875,10.304663737510463
1841.F06342,22,1841,1841:CUB048,female,head,20260907,4,22.368043275528674,26.65625,24.356034974105633,0.3680432755286738,4.65625,2.356034974105633
1841.F06343,21,1841,1841:CUB032,female,head,20260907,4,22.368043275528674,26.38125,24.239225237282007,1.3680432755286738,5.381250000000001,3.2392252372820067
1841.P15268,22,1841,1841:CUB048,female,hand,20260907,4,22.43371230544315,24.46875,24.08528912303157,0.43371230544315154,2.46875,2.0852891230315684
1841.P15599,20,1841,1841:NAU123,male,hand,20260907,4,23.04277640236896,23.64375,19.557792896768593,3.042776402368961,3.6437500000000007,0.4422071032314072
1841.P15598,22,1841,1841:NAU133,male,hand,20260907,4,23.04277640236896,29.61875,25.0425164655738,1.0427764023689612,7.618749999999999,3.042516465573801
1841.F05038,20,1841,1841:NCS263,male,head,20260907,4,23.068401314115853,26.8125,24.5972026331155,3.068401314115853,6.8125,4.597202633115501
1841.F05033,20,1841,1841:NCS263,male,head,20260907,4,23.068401314115853,35.625,21.02244546366709,3.068401314115853,15.625,1.0224454636670899
1841.F05034,20,1841,1841:NCS263,male,head,20260907,4,23.068401314115853,31.75,20.674458465532812,3.068401314115853,11.75,0.6744584655328119
1841.F05697,22,1841,1841:CUB048,female,head,20260907,4,22.368043275528674,24.8625,24.017221850497307,0.3680432755286738,2.8625000000000007,2.0172218504973074
1841.F05550,20,1841,1841:NAU123,male,head,20260907,4,23.068401314115853,21.7875,19.0122629437199,3.068401314115853,1.7875000000000014,0.9877370562800998
1841.P15906,21,1841,1841:CUB032,female,hand,20260907,4,22.43371230544315,22.79375,23.13959513776422,1.4337123054431515,1.7937499999999993,2.1395951377642213
1841.P15288,20,1841,1841:CUB049,female,hand,20260907,4,22.43371230544315,27.45,27.146588595357674,2.4337123054431515,7.449999999999999,7.146588595357674
10317.000069022,23,10317,10317:5bdd4aaf66380106e9a8cb6501a1fb4b37d078e2284e7a3cc179877b6b0db9ae596a7d760657f364b5592c1578ae5b8068df09c4ebd6be82e32cfcd9e5fd6c55,male,hand,20260907,4,42.25043716602058,34.675,36.36273832137091,19.250437166020582,11.674999999999997,13.362738321370912
1841.F05200,22,1841,1841:NAU133,male,head,20260907,4,23.068401314115853,23.3125,19.6790510002586,1.068401314115853,1.3125,2.3209489997414003
1841.P16377,22,1841,1841:NAU133,male,hand,20260907,4,23.04277640236896,29.00625,28.578846386436624,1.0427764023689612,7.006250000000001,6.578846386436624
1841.P16379,21,1841,1841:NAU153,female,hand,20260907,4,22.43371230544315,22.0125,24.543162817649048,1.4337123054431515,1.0124999999999993,3.5431628176490477
1841.F05885,37,1841,1841:NAU148,male,head,20260907,4,23.068401314115853,23.30625,20.855033351838117,13.931598685884147,13.693750000000001,16.144966648161883
1841.P16591,21,1841,1841:CUB033,female,hand,20260907,4,22.43371230544315,23.1625,24.435972276898603,1.4337123054431515,2.1625000000000014,3.435972276898603
1841.P16597,22,1841,1841:CUB004,female,hand,20260907,4,22.43371230544315,27.375,26.893756251895912,0.43371230544315154,5.375,4.893756251895912
1841.P16598,22,1841,1841:CUB048,female,hand,20260907,4,22.43371230544315,25.21875,25.370568484725,0.43371230544315154,3.21875,3.3705684847249984
10317.000063231,27,10317,10317:d7b643e267e7874c9fe80600f02183b6cd3019f0fda406b979f05d309d5050c0a106d81fd0d61ac23e2600faaf7da552f0258df8aa6be5e41a39e6b37828c99d,female,hand,20260907,4,49.93404536395226,36.125,40.84709040858473,22.934045363952258,9.125,13.847090408584727
1841.F06583,21,1841,1841:CUB033,female,head,20260907,4,22.368043275528674,22.175,22.918355075542465,1.3680432755286738,1.1750000000000007,1.9183550755424648
1841.F06588,20,1841,1841:CUB049,female,head,20260907,4,22.368043275528674,21.8625,21.9019797900968,2.3680432755286738,1.8625000000000007,1.9019797900967994
1841.P15068,22,1841,1841:CUB048,female,hand,20260907,4,22.43371230544315,30.43125,27.526299015213468,0.43371230544315154,8.431249999999999,5.526299015213468
1841.P15065,21,1841,1841:CUB032,female,hand,20260907,4,22.43371230544315,22.65625,26.065161867427832,1.4337123054431515,1.65625,5.0651618674278325
1841.P15063,23,1841,1841:CUB056,male,hand,20260907,4,23.04277640236896,25.0,24.507913714512373,0.042776402368961186,2.0,1.507913714512373
1841.F06320,21,1841,1841:CUB033,female,head,20260907,4,22.368043275528674,24.6875,23.78409853226531,1.3680432755286738,3.6875,2.784098532265311
1841.F06324,21,1841,1841:CUB033,female,head,20260907,4,22.368043275528674,24.05625,23.063577393671952,1.3680432755286738,3.0562499999999986,2.0635773936719524
1841.P15241,23,1841,1841:CUB013,male,hand,20260907,4,23.04277640236896,33.35,20.109401205545733,0.042776402368961186,10.350000000000001,2.8905987944542666
1841.F06297,55,1841,1841:NAU149,male,head,20260907,4,23.068401314115853,24.91875,22.328709925506395,31.931598685884147,30.08125,32.671290074493605
10317.000068830,29,10317,10317:03c0867966fe2299eb3b09291d5f0834310bdf5fceed9c9b7b397570bf8f2d2adaeb945c824ff0cb407abaf691b8173cfa03c4f8eb17e6dd9f6eda17502e66e4,male,hand,20260907,4,42.25043716602058,31.925,33.974227723057574,13.250437166020582,2.9250000000000007,4.974227723057574
1841.P15264,22,1841,1841:CUB004,female,hand,20260907,4,22.43371230544315,23.94375,24.706962370333123,0.43371230544315154,1.9437500000000014,2.706962370333123
1841.P16299,30,1841,1841:NAU155,female,hand,20260907,4,22.43371230544315,22.85625,23.62390079403111,7.5662876945568485,7.143750000000001,6.376099205968892
1841.P16298,55,1841,1841:NAU149,male,hand,20260907,4,23.04277640236896,33.025,26.514107846539595,31.95722359763104,21.975,28.485892153460405
1841.P16295,55,1841,1841:NAU149,male,hand,20260907,4,23.04277640236896,27.84375,20.729736118030896,31.95722359763104,27.15625,34.2702638819691
1841.P16297,22,1841,1841:NAU133,male,hand,20260907,4,23.04277640236896,26.825,22.5865553738412,1.0427764023689612,4.824999999999999,0.5865553738412004
1841.P16290,21,1841,1841:NAU153,female,hand,20260907,4,22.43371230544315,22.49375,23.703925573545373,1.4337123054431515,1.4937499999999986,2.703925573545373
1841.P16293,22,1841,1841:NAU133,male,hand,20260907,4,23.04277640236896,22.49375,20.375828693827597,1.0427764023689612,0.4937499999999986,1.6241713061724035
10317.000069046,33,10317,10317:65a6735483d4ca756511921efab48bd0d5eefe9702c613c1e3f7065f8b20659da904045df6fb243bf7e1be352dea97d0ceb0c7ccdca5fabb1fd01324d1e414cf,male,hand,20260907,4,42.25043716602058,33.15625,34.27228745150819,9.250437166020582,0.15625,1.2722874515081912
10317.000031935,40,10317,10317:1975e7358673c93bbe5c29e1d1c529a83458e54503ca2e451dd8757d3f8bb013669586401169beb5fc69b14ab9cb93ec3b7361560a74fadc26bf03b377c16c85,female,head,20260907,4,47.45439007776902,41.575,45.392953001761875,7.45439007776902,1.5750000000000028,5.3929530017618745
1841.F05455,21,1841,1841:NAU153,female,head,20260907,4,22.368043275528674,22.61875,23.039292223800853,1.3680432755286738,1.6187499999999986,2.039292223800853
1841.F05674,21,1841,1841:CUB033,female,head,20260907,4,22.368043275528674,24.7875,22.838286390664713,1.3680432755286738,3.7875000000000014,1.838286390664713
1841.F05671,20,1841,1841:CUB049,female,head,20260907,4,22.368043275528674,25.575,25.49941478494292,2.3680432755286738,5.574999999999999,5.499414784942921
1841.F05452,30,1841,1841:NAU155,female,head,20260907,4,22.368043275528674,24.65625,23.148544435314644,7.631956724471326,5.34375,6.851455564685356
1841.P16523,23,1841,1841:CUB056,male,hand,20260907,4,23.04277640236896,24.55625,23.178838776852707,0.042776402368961186,1.5562499999999986,0.17883877685270733
10317.000040503,52,10317,10317:8fc2af33171964330de7e24811df360483b2193e73f509d9de0eca5c34aa9cc4a73311de7d0ba394fbed8d55f72394218e7b7026fd7da8c8ee1ebf0e637b2e85,female,head,20260907,4,47.45439007776902,41.78125,44.60543708696972,4.54560992223098,10.21875,7.394562913030278
10317.000040507,52,10317,10317:8fc2af33171964330de7e24811df360483b2193e73f509d9de0eca5c34aa9cc4a73311de7d0ba394fbed8d55f72394218e7b7026fd7da8c8ee1ebf0e637b2e85,female,hand,20260907,4,49.93404536395226,41.7375,45.088876169405424,2.065954636047742,10.262500000000003,6.911123830594576
1841.F06301,21,1841,1841:CUB032,female,head,20260907,4,22.368043275528674,23.75625,22.46640625148081,1.3680432755286738,2.7562500000000014,1.4664062514808087
1841.F06306,20,1841,1841:CUB049,female,head,20260907,4,22.368043275528674,22.6,22.741576482129897,2.3680432755286738,2.6000000000000014,2.741576482129897
10317.000049844,35,10317,10317:88f4fbcf0ceb456e7f8e8447af039f0dc2670ad52972600d23a04b60152370409f6b57086023803ce52591376f998806f80e260d50d06764bbb66d26d1b5553e,female,head,20260907,4,47.45439007776902,40.39375,45.65295464018329,12.45439007776902,5.393749999999997,10.652954640183289
10317.000049848,35,10317,10317:88f4fbcf0ceb456e7f8e8447af039f0dc2670ad52972600d23a04b60152370409f6b57086023803ce52591376f998806f80e260d50d06764bbb66d26d1b5553e,female,hand,20260907,4,49.93404536395226,39.65625,46.96609863700204,14.934045363952258,4.65625,11.966098637002041
1841.F05431,30,1841,1841:NAU155,female,head,20260907,4,22.368043275528674,23.4875,20.952535063060747,7.631956724471326,6.512499999999999,9.047464936939253
1841.F06323,22,1841,1841:CUB004,female,head,20260907,4,22.368043275528674,28.75,24.030833832463017,0.3680432755286738,6.75,2.030833832463017
1841.F06210,37,1841,1841:NAU148,male,head,20260907,4,23.068401314115853,23.8875,19.356419369740237,13.931598685884147,13.1125,17.643580630259763
10317.000069070,29,10317,10317:03c0867966fe2299eb3b09291d5f0834310bdf5fceed9c9b7b397570bf8f2d2adaeb945c824ff0cb407abaf691b8173cfa03c4f8eb17e6dd9f6eda17502e66e4,male,hand,20260907,4,42.25043716602058,44.54375,44.47831562205988,13.250437166020582,15.543750000000003,15.478315622059881
1841.P15029,20,1841,1841:CUB049,female,hand,20260907,4,22.43371230544315,22.31875,24.934534892263542,2.4337123054431515,2.3187500000000014,4.934534892263542
1841.P15024,22,1841,1841:CUB048,female,hand,20260907,4,22.43371230544315,29.48125,24.896681976025775,0.43371230544315154,7.481249999999999,2.896681976025775
1841.F06363,21,1841,1841:CUB032,female,head,20260907,4,22.368043275528674,22.85625,22.739768903340497,1.3680432755286738,1.8562499999999993,1.7397689033404973
1841.P15280,23,1841,1841:CUB056,male,hand,20260907,4,23.04277640236896,25.21875,21.58165035088172,0.042776402368961186,2.21875,1.41834964911828
10317.000015503,58,10317,10317:39bccde315a4d2e26bd21d11d8612666496433302b42a988f2e86dbe04d585b4ed30f82357ad21121e121b84ba5b37d2ecaf536b10e6faf7bae853217d2e1db6,male,head,20260907,4,42.077199836728866,38.81875,40.58333070715971,15.922800163271134,19.18125,17.41666929284029
10317.000015502,58,10317,10317:39bccde315a4d2e26bd21d11d8612666496433302b42a988f2e86dbe04d585b4ed30f82357ad21121e121b84ba5b37d2ecaf536b10e6faf7bae853217d2e1db6,male,hand,20260907,4,42.25043716602058,42.7125,44.12224701414627,15.749562833979418,15.287500000000001,13.877752985853732
1841.F06465,23,1841,1841:CUB056,male,head,20260907,4,23.068401314115853,25.475,21.43824912990478,0.06840131411585304,2.4750000000000014,1.5617508700952207
1841.F06466,22,1841,1841:CUB048,female,head,20260907,4,22.368043275528674,27.3625,24.81414356149763,0.3680432755286738,5.362500000000001,2.8141435614976302
1841.F05410,22,1841,1841:NAU133,male,head,20260907,4,23.068401314115853,24.23125,18.912545759313915,1.068401314115853,2.2312499999999993,3.0874542406860854
1841.P15611,20,1841,1841:CUB049,female,hand,20260907,4,22.43371230544315,22.08125,23.826119967289003,2.4337123054431515,2.0812500000000007,3.826119967289003
1841.F05848,21,1841,1841:NAU153,female,head,20260907,4,22.368043275528674,22.2625,23.12503820087453,1.3680432755286738,1.2624999999999993,2.125038200874531
1841.F06349,21,1841,1841:CUB033,female,head,20260907,4,22.368043275528674,23.29375,23.337567698957137,1.3680432755286738,2.2937499999999993,2.3375676989571375
1841.P16279,37,1841,1841:NAU148,male,hand,20260907,4,23.04277640236896,26.96875,23.91397143133172,13.957223597631039,10.03125,13.08602856866828
1841.P16275,37,1841,1841:NAU148,male,hand,20260907,4,23.04277640236896,23.18125,22.097578671252737,13.957223597631039,13.818750000000001,14.902421328747263
1841.F05475,22,1841,1841:NAU133,male,head,20260907,4,23.068401314115853,24.8375,20.08099595589361,1.068401314115853,2.8374999999999986,1.9190040441063907
1841.P15989,22,1841,1841:CUB004,female,hand,20260907,4,22.43371230544315,22.7,22.30140160561346,0.43371230544315154,0.6999999999999993,0.3014016056134601
2010.1840,32,2010,2010:19,female,head,20260907,4,27.62003189007862,45.70625,34.18717234108832,4.3799681099213785,13.706249999999997,2.1871723410883206
10317.000006853,74,10317,10317:7705669a351542f9add9390a0a093824f81095a819993d82ab0d00eb2120ac34a953c451ff892c8c30e3f1b8f7630625d2ebb4d0e8512526a243025795e51eb7,male,hand,20260907,4,42.25043716602058,42.325,42.28663957898612,31.749562833979418,31.674999999999997,31.71336042101388
10317.000011979,53,10317,10317:86f38a5d916420ce42057d5012ab6e7b63fe17dce6c5bbd26d4d6b33da03f0c707be225d1759b8991e4a3e2158e96c5ba68e85dfe1ef7f47fcce7ba1ec47ff2e,female,head,20260907,4,47.45439007776902,43.38125,46.687858586040505,5.54560992223098,9.618749999999999,6.312141413959495
10317.000009071,31,10317,10317:48fd24a3221f83a24f4307730fea531db77cc72647a64a29ffcf0dd97f7305deea2b1e3c1cba32b3cbe473a91330373f80b78deedad17f887fccce56f5ebe393,male,head,20260907,4,42.077199836728866,45.38125,45.60199470068613,11.077199836728866,14.381250000000001,14.601994700686127
10317.000009073,31,10317,10317:48fd24a3221f83a24f4307730fea531db77cc72647a64a29ffcf0dd97f7305deea2b1e3c1cba32b3cbe473a91330373f80b78deedad17f887fccce56f5ebe393,male,hand,20260907,4,42.25043716602058,42.175,43.823034489347904,11.250437166020582,11.174999999999997,12.823034489347904
10317.000048360,64,10317,10317:38b52d80745205082d2b0768d21dd49bd97b0762ddb17ec4e549c69b3b75f17167733bf4a73fe6fdc52037e40d6b89fc512dffe4c7ea605af2290fac125f6726,female,head,20260907,4,47.45439007776902,46.89375,50.696994706302235,16.54560992223098,17.106250000000003,13.303005293697765
1841.F06411,22,1841,1841:CUB048,female,head,20260907,4,22.368043275528674,25.7625,23.70489041245791,0.3680432755286738,3.7624999999999993,1.7048904124579103
10317.000020770,63,10317,10317:10c8546946a2e2010a75c89453b040665e96df1bb29926bbc6a4b848240f3496cf382414067385add4d4efb3f09315e48b6000a82bc428ab354207875c319ac4,female,head,20260907,4,47.45439007776902,41.4,46.05602282900171,15.54560992223098,21.6,16.943977170998288
1841.P15797,21,1841,1841:NAU153,female,hand,20260907,4,22.43371230544315,22.49375,22.866709610628643,1.4337123054431515,1.4937499999999986,1.866709610628643
1841.P15796,37,1841,1841:NAU148,male,hand,20260907,4,23.04277640236896,23.50625,18.240631234754893,13.957223597631039,13.493749999999999,18.759368765245107
1841.P15424,19,1841,1841:NCS208,female,hand,20260907,4,22.43371230544315,23.45,24.453069283489583,3.4337123054431515,4.449999999999999,5.453069283489583
1841.F06190,20,1841,1841:CUB049,female,head,20260907,4,22.368043275528674,23.0,24.9184527411401,2.3680432755286738,3.0,4.918452741140101
1841.F05672,23,1841,1841:CUB056,male,head,20260907,4,23.068401314115853,25.475,21.037008847982214,0.06840131411585304,2.4750000000000014,1.9629911520177856
1841.P16215,55,1841,1841:NAU149,male,hand,20260907,4,23.04277640236896,27.05625,23.432521299188767,31.95722359763104,27.94375,31.567478700811233
1841.P16217,37,1841,1841:NAU148,male,hand,20260907,4,23.04277640236896,26.725,22.90698460299715,13.957223597631039,10.274999999999999,14.093015397002851
1841.P16210,20,1841,1841:NAU123,male,hand,20260907,4,23.04277640236896,29.5,25.79530685086739,3.042776402368961,9.5,5.795306850867391
1841.P16219,55,1841,1841:NAU149,male,hand,20260907,4,23.04277640236896,27.30625,24.504106861227164,31.95722359763104,27.69375,30.495893138772836
1841.P15231,22,1841,1841:CUB004,female,hand,20260907,4,22.43371230544315,26.11875,24.370776506095844,0.43371230544315154,4.118749999999999,2.3707765060958437
1841.F06380,36,1841,1841:CUB042,male,head,20260908,0,25.13958165263923,24.10625,22.19532763508022,10.86041834736077,11.89375,13.804672364919782
1841.F05947,18,1841,1841:NCS213,female,head,20260908,0,22.430800690649065,24.1625,23.859023820517734,4.430800690649065,6.162500000000001,5.859023820517734
10317.000068792,39,10317,10317:0610dc25baabfb768bd6465f009077ba740694d1c37591ea165a6eed61b038ba1fd9167c4f0efbd5cd490953bcd66ea07e9d8b594234539c2e566f09dd0e4699,male,hand,20260908,0,43.94124480731217,39.80625,41.398311303897245,4.941244807312167,0.8062499999999986,2.398311303897245
1841.P15440,22,1841,1841:NCS202,female,hand,20260908,0,22.328701447759556,26.6875,25.186902632484472,0.32870144775955623,4.6875,3.186902632484472
1841.F05658,22,1841,1841:CUB016,female,head,20260908,0,22.430800690649065,24.71875,24.051384779239363,0.4308006906490647,2.71875,2.0513847792393634
1841.F05120,20,1841,1841:NAU110,female,head,20260908,0,22.430800690649065,31.71875,24.464493832913305,2.4308006906490647,11.71875,4.4644938329133055
1841.F05124,20,1841,1841:NAU110,female,head,20260908,0,22.430800690649065,31.0125,22.655619563377275,2.4308006906490647,11.0125,2.6556195633772752
1841.P16237,22,1841,1841:NAU130,female,hand,20260908,0,22.328701447759556,23.6375,23.7020430830404,0.32870144775955623,1.6374999999999993,1.702043083040401
1841.F05564,30,1841,1841:NAU155,female,head,20260908,0,22.430800690649065,25.08125,21.002774554174003,7.569199309350935,4.918749999999999,8.997225445825997
1841.P15331,23,1841,1841:NCS243,male,hand,20260908,0,25.08375727791583,23.5125,21.706662899969647,2.0837572779158293,0.5124999999999993,1.293337100030353
1841.P15149,18,1841,1841:NCS213,female,hand,20260908,0,22.328701447759556,24.325,23.957676022433528,4.328701447759556,6.324999999999999,5.957676022433528
1841.F06045,23,1841,1841:NCS243,male,head,20260908,0,25.13958165263923,25.53125,19.928482911000792,2.1395816526392295,2.53125,3.071517088999208
1841.P15324,20,1841,1841:NCS263,male,hand,20260908,0,25.08375727791583,32.0625,28.51773423746491,5.083757277915829,12.0625,8.51773423746491
1841.P15320,23,1841,1841:NCS243,male,hand,20260908,0,25.08375727791583,25.25625,22.06040401521243,2.0837572779158293,2.2562500000000014,0.9395959847875694
1841.F05351,22,1841,1841:NCS202,female,head,20260908,0,22.430800690649065,25.70625,23.670659555309477,0.4308006906490647,3.7062500000000007,1.6706595553094772
1841.P16557,20,1841,1841:CUB027,female,hand,20260908,0,22.328701447759556,24.18125,25.67679319314024,2.3287014477595562,4.181249999999999,5.6767931931402416
1841.F06452,21,1841,1841:CUB003,female,head,20260908,0,22.430800690649065,25.3625,24.155172083502187,1.4308006906490647,4.362500000000001,3.155172083502187
1841.F05104,20,1841,1841:NAU123,male,head,20260908,0,25.13958165263923,25.21875,20.571049768653307,5.1395816526392295,5.21875,0.5710497686533067
2010.1361,27,2010,2010:7,female,head,20260908,0,28.21743853884741,38.1875,31.545120643946696,1.2174385388474107,11.1875,4.545120643946696
1841.P15124,18,1841,1841:NCS213,female,hand,20260908,0,22.328701447759556,22.84375,23.66107536280696,4.328701447759556,4.84375,5.661075362806962
1841.P15121,18,1841,1841:NCS213,female,hand,20260908,0,22.328701447759556,24.15,22.404628511998112,4.328701447759556,6.149999999999999,4.404628511998112
1841.F05598,20,1841,1841:NAU123,male,head,20260908,0,25.13958165263923,25.075,19.66432215561157,5.1395816526392295,5.074999999999999,0.3356778443884316
10317.000015451,46,10317,10317:3483b70983107b3501a2fdeab0f7e00b06ec05b5a7afdf499c410267e4aa99ea36b3643db981cdf6f557435d6ff028c1059e2bc75261e6f468598f093fde8b72,male,hand,20260908,0,43.94124480731217,51.1125,57.49660086525394,2.0587551926878334,5.112499999999997,11.496600865253939
1841.P16576,21,1841,1841:CUB003,female,hand,20260908,0,22.328701447759556,28.84375,25.012532997632764,1.3287014477595562,7.84375,4.012532997632764
1841.P16577,29,1841,1841:CUB011,female,hand,20260908,0,22.328701447759556,23.4875,24.731234563977292,6.671298552240444,5.512499999999999,4.268765436022708
1841.P16542,20,1841,1841:CUB008,male,hand,20260908,0,25.08375727791583,21.725,22.378602722485077,5.083757277915829,1.7250000000000014,2.378602722485077
1841.F06002,23,1841,1841:NCS243,male,head,20260908,0,25.13958165263923,22.88125,20.996889475282583,2.1395816526392295,0.11874999999999858,2.0031105247174175
1841.F06552,21,1841,1841:CUB044,male,head,20260908,0,25.13958165263923,21.80625,19.226447988013724,4.1395816526392295,0.8062499999999986,1.7735520119862755
1841.F06559,21,1841,1841:CUB044,male,head,20260908,0,25.13958165263923,27.08125,20.208369909198375,4.1395816526392295,6.081250000000001,0.7916300908016254
1841.F06558,29,1841,1841:CUB011,female,head,20260908,0,22.430800690649065,23.78125,24.791999564469677,6.569199309350935,5.21875,4.208000435530323
1841.F06009,23,1841,1841:NCS243,male,head,20260908,0,25.13958165263923,28.3625,22.30242254957409,2.1395816526392295,5.362500000000001,0.6975774504259107
1841.F05571,30,1841,1841:NAU155,female,head,20260908,0,22.430800690649065,23.825,22.45661093138318,7.569199309350935,6.175000000000001,7.543389068616818
1841.F05576,30,1841,1841:NAU155,female,head,20260908,0,22.430800690649065,27.24375,21.4257316198015,7.569199309350935,2.7562500000000014,8.5742683801985
2010.2215,23,2010,2010:31,female,head,20260908,0,28.21743853884741,36.14375,28.428883141001393,5.217438538847411,13.143749999999997,5.428883141001393
1841.F06482,21,1841,1841:CUB000,female,head,20260908,0,22.430800690649065,22.9375,22.23243282357452,1.4308006906490647,1.9375,1.2324328235745199
1841.F06493,21,1841,1841:CUB000,female,head,20260908,0,22.430800690649065,27.1375,25.62754470846772,1.4308006906490647,6.137499999999999,4.62754470846772
1841.F06497,21,1841,1841:CUB000,female,head,20260908,0,22.430800690649065,22.61875,21.388809446062915,1.4308006906490647,1.6187499999999986,0.3888094460629148
1841.F06499,20,1841,1841:CUB008,male,head,20260908,0,25.13958165263923,24.125,20.767593129544593,5.1395816526392295,4.125,0.7675931295445935
1841.P15710,20,1841,1841:NAU123,male,hand,20260908,0,25.08375727791583,23.425,20.885840915085776,5.083757277915829,3.4250000000000007,0.885840915085776
1841.P15712,20,1841,1841:NAU110,female,hand,20260908,0,22.328701447759556,25.8375,23.110606623663305,2.3287014477595562,5.837499999999999,3.1106066236633048
1841.P15714,22,1841,1841:NAU130,female,hand,20260908,0,22.328701447759556,22.2625,23.838414574395102,0.32870144775955623,0.2624999999999993,1.8384145743951024
1841.P16432,23,1841,1841:NCS243,male,hand,20260908,0,25.08375727791583,26.25,22.46402473378133,2.0837572779158293,3.25,0.5359752662186708
1841.P16436,20,1841,1841:NCS263,male,hand,20260908,0,25.08375727791583,24.7875,23.999836415025204,5.083757277915829,4.787500000000001,3.9998364150252037
1841.F06441,20,1841,1841:CUB027,female,head,20260908,0,22.430800690649065,24.38125,24.295593428385153,2.4308006906490647,4.381250000000001,4.295593428385153
1841.F06440,20,1841,1841:CUB027,female,head,20260908,0,22.430800690649065,23.48125,24.86416219658489,2.4308006906490647,3.4812499999999993,4.864162196584889
1841.F06577,36,1841,1841:CUB042,male,head,20260908,0,25.13958165263923,32.51875,21.6804017580167,10.86041834736077,3.481250000000003,14.3195982419833
1841.F06575,21,1841,1841:CUB044,male,head,20260908,0,25.13958165263923,25.5375,20.895158587596303,4.1395816526392295,4.537500000000001,0.10484141240369738
1841.P15383,20,1841,1841:NCS263,male,hand,20260908,0,25.08375727791583,27.05625,21.323142644032167,5.083757277915829,7.056249999999999,1.323142644032167
2010.1488,27,2010,2010:1,female,head,20260908,0,28.21743853884741,42.0625,30.83555207307565,1.2174385388474107,15.0625,3.8355520730756503
1841.P15520,20,1841,1841:NAU110,female,hand,20260908,0,22.328701447759556,30.4,22.215524849356697,2.3287014477595562,10.399999999999999,2.2155248493566972
1841.F05553,20,1841,1841:NAU110,female,head,20260908,0,22.430800690649065,27.05625,22.969336830624513,2.4308006906490647,7.056249999999999,2.9693368306245134
1841.F05554,21,1841,1841:NAU140,female,head,20260908,0,22.430800690649065,24.475,23.477118556084015,1.4308006906490647,3.4750000000000014,2.477118556084015
1841.F05882,21,1841,1841:NAU151,male,head,20260908,0,25.13958165263923,24.0375,20.09210924845804,4.1395816526392295,3.0375000000000014,0.9078907515419594
1841.P16066,20,1841,1841:NAU110,female,hand,20260908,0,22.328701447759556,29.3,23.280814827089795,2.3287014477595562,9.3,3.280814827089795
10317.000068781,27,10317,10317:81381621a969782bdf9c1f120f5b0aff5f61963b498785f38baad9308e26b0be6260f7823e90d20fd377699c2619a523364a2456157fdbfffc70dd29d0b09941,male,hand,20260908,0,43.94124480731217,36.9875,38.8838853551201,16.941244807312167,9.987499999999997,11.8838853551201
1841.F06215,20,1841,1841:NAU123,male,head,20260908,0,25.13958165263923,23.7375,19.32001913385183,5.1395816526392295,3.7375000000000007,0.6799808661481705
10317.000005235,55,10317,10317:45e54011490a1e8319d45ba35b5c9c687e4ec395fd00d5bd3b927f21b897135e002c9c488ced29f5644e9cc87c9d6d420ce68c9a95f88b151cd7a4c6182ead64,male,hand,20260908,0,43.94124480731217,40.425,40.55111974729799,11.058755192687833,14.575000000000003,14.448880252702011
1841.F06309,21,1841,1841:CUB003,female,head,20260908,0,22.430800690649065,23.475,23.03623999256016,1.4308006906490647,2.4750000000000014,2.0362399925601586
1841.P16579,21,1841,1841:CUB044,male,hand,20260908,0,25.08375727791583,23.2625,22.764143193410657,4.083757277915829,2.2624999999999993,1.764143193410657
1841.F05646,36,1841,1841:CUB042,male,head,20260908,0,25.13958165263923,32.8,24.18031724181953,10.86041834736077,3.200000000000003,11.81968275818047
1841.F06514,36,1841,1841:CUB042,male,head,20260908,0,25.13958165263923,28.2125,22.558895595536008,10.86041834736077,7.787500000000001,13.441104404463992
1841.F06510,21,1841,1841:CUB000,female,head,20260908,0,22.430800690649065,27.35,26.56180922807584,1.4308006906490647,6.350000000000001,5.561809228075841
10317.000063188,38,10317,10317:441ac85e1bd02fd74bfe5cd7d33fc7e79af9e5986e7d55e177b00f2dadef7b37442c83e626aa9eec53feaf0e250a42f14f03b147a269cd1c57142e99e994ff08,male,head,20260908,0,41.86956487216707,40.39375,39.30862526509516,3.869564872167068,2.393749999999997,1.3086252650951593
1841.F05826,20,1841,1841:NAU123,male,head,20260908,0,25.13958165263923,22.725,19.99660057682208,5.1395816526392295,2.7250000000000014,0.0033994231779210793
1841.F05532,22,1841,1841:NAU130,female,head,20260908,0,22.430800690649065,22.25,22.28141532577155,0.4308006906490647,0.25,0.28141532577155104
1841.F05656,21,1841,1841:CUB044,male,head,20260908,0,25.13958165263923,27.81875,21.1969832262967,4.1395816526392295,6.818750000000001,0.19698322629670173
1841.P16089,20,1841,1841:NAU123,male,hand,20260908,0,25.08375727791583,31.3875,30.60763511219958,5.083757277915829,11.3875,10.607635112199581
1841.P16086,20,1841,1841:NAU110,female,hand,20260908,0,22.328701447759556,28.8625,26.05960440184656,2.3287014477595562,8.8625,6.05960440184656
1841.F06181,29,1841,1841:CUB011,female,head,20260908,0,22.430800690649065,26.31875,24.173742158702417,6.569199309350935,2.6812499999999986,4.826257841297583
1841.F06186,36,1841,1841:CUB042,male,head,20260908,0,25.13958165263923,30.95,21.841598634479684,10.86041834736077,5.050000000000001,14.158401365520316
1841.P15757,20,1841,1841:NAU123,male,hand,20260908,0,25.08375727791583,22.76875,20.735445543409902,5.083757277915829,2.7687500000000007,0.7354455434099023
1841.P15976,21,1841,1841:CUB000,female,hand,20260908,0,22.328701447759556,26.06875,26.928474608309564,1.3287014477595562,5.068750000000001,5.928474608309564
1841.P15759,20,1841,1841:NAU119,male,hand,20260908,0,25.08375727791583,23.6375,20.89844295535917,5.083757277915829,3.6374999999999993,0.8984429553591688
10317.000063296,26,10317,10317:9a079253652d16fa017050fd68017b646c3c734b4c96ca593236c537806682233e513b33fb850475266ef28a5c34e9297ffbd213ef416263b306bfae257d1aef,male,head,20260908,0,41.86956487216707,37.50625,39.96407165729069,15.869564872167068,11.506250000000001,13.964071657290688
1841.P15962,36,1841,1841:CUB042,male,hand,20260908,0,25.08375727791583,29.63125,25.312223084492583,10.91624272208417,6.368749999999999,10.687776915507417
1841.P15966,29,1841,1841:CUB011,female,hand,20260908,0,22.328701447759556,24.0125,24.037331753823683,6.671298552240444,4.987500000000001,4.962668246176317
1841.F05276,24,1841,1841:NAU109,male,head,20260908,0,25.13958165263923,26.51875,21.65346817766049,1.1395816526392295,2.5187500000000007,2.346531822339511
1841.F05279,20,1841,1841:NAU123,male,head,20260908,0,25.13958165263923,23.08125,19.962461248781665,5.1395816526392295,3.0812500000000007,0.037538751218335165
1841.F05278,24,1841,1841:NAU109,male,head,20260908,0,25.13958165263923,25.45,22.95274633338578,1.1395816526392295,1.4499999999999993,1.0472536666142211
1841.P16477,20,1841,1841:NCS263,male,hand,20260908,0,25.08375727791583,24.18125,23.382972012500975,5.083757277915829,4.181249999999999,3.382972012500975
10317.000066824,29,10317,10317:7f8b5599423e74bb4268af85d143fbeed68370b2eaa79f6e6facbcf10974040d6ef4afefb5ff2aab1f618ba97f2eecc39b0621fb60a556425670ca9606d4aa0c,male,head,20260908,0,41.86956487216707,36.55625,35.375739520078056,12.869564872167068,7.556249999999999,6.375739520078056
1841.F06533,20,1841,1841:CUB008,male,head,20260908,0,25.13958165263923,24.1375,21.172258367453345,5.1395816526392295,4.137499999999999,1.1722583674533453
1841.F06532,22,1841,1841:CUB016,female,head,20260908,0,22.430800690649065,22.2,22.13209015794921,0.4308006906490647,0.1999999999999993,0.13209015794921086
1841.P15566,30,1841,1841:NAU155,female,hand,20260908,0,22.328701447759556,28.84375,23.597992717407493,7.671298552240444,1.15625,6.402007282592507
1841.F05519,20,1841,1841:NAU119,male,head,20260908,0,25.13958165263923,22.8625,20.65092880922937,5.1395816526392295,2.8625000000000007,0.6509288092293701
1841.F05514,20,1841,1841:NAU119,male,head,20260908,0,25.13958165263923,23.3625,21.07289279581808,5.1395816526392295,3.3625000000000007,1.0728927958180812
1841.F05515,20,1841,1841:NAU110,female,head,20260908,0,22.430800690649065,31.05625,23.24210134788848,2.4308006906490647,11.056249999999999,3.242101347888479
1841.F05510,24,1841,1841:NAU109,male,head,20260908,0,25.13958165263923,26.33125,21.299698267518444,1.1395816526392295,2.3312500000000007,2.700301732481556
1841.F05513,20,1841,1841:NAU119,male,head,20260908,0,25.13958165263923,23.21875,19.01218887640578,5.1395816526392295,3.21875,0.98781112359422
1841.F05436,20,1841,1841:NAU110,female,head,20260908,0,22.430800690649065,32.125,24.48755035818571,2.4308006906490647,12.125,4.487550358185711
2010.1402,27,2010,2010:1,female,head,20260908,0,28.21743853884741,40.74375,28.716050892497535,1.2174385388474107,13.743749999999999,1.7160508924975346
10317.000009107,36,10317,10317:537aafb62a3a3b2aaa192863f0b56d8fa9e292bcf83e78ffff10ffa372470a7d9db35cb40b3e2ab58fbc446c04a2e5b7b934e0feab0f0dce92c02f9e59476330,male,head,20260908,0,41.86956487216707,40.66875,41.69974809906002,5.869564872167068,4.668750000000003,5.699748099060017
1841.P15954,20,1841,1841:CUB008,male,hand,20260908,0,25.08375727791583,23.6,22.097480815208804,5.083757277915829,3.6000000000000014,2.0974808152088045
1841.P15770,30,1841,1841:NAU155,female,hand,20260908,0,22.328701447759556,26.68125,24.95046905132141,7.671298552240444,3.3187500000000014,5.049530948678591
1841.F06254,20,1841,1841:NAU123,male,head,20260908,0,25.13958165263923,22.875,19.488892638257298,5.1395816526392295,2.875,0.5111073617427024
2010.2602,21,2010,2010:35,female,head,20260908,0,28.21743853884741,33.49375,27.83650246555886,7.217438538847411,12.493749999999999,6.836502465558858
1841.P16451,22,1841,1841:NAU130,female,hand,20260908,0,22.328701447759556,22.08125,23.574638043022816,0.32870144775955623,0.08125000000000071,1.5746380430228157
1841.P16326,24,1841,1841:NAU109,male,hand,20260908,0,25.08375727791583,23.90625,22.935867968612268,1.0837572779158293,0.09375,1.0641320313877323
10317.000003085,53,10317,10317:8665422eb8a1ffd2fa3c26bdc0bd4cb3cd47439a5631922ac7af3c45be2274db8dfab19dc80c4bb5237d7035d95768044a90af2a19499f5e5af50d527a6174c7,female,hand,20260908,0,48.93183358491968,44.925,48.360792249669984,4.06816641508032,8.075000000000003,4.639207750330016
1841.F06082,21,1841,1841:NCS262,male,head,20260908,0,25.13958165263923,23.45625,20.989721135529713,4.1395816526392295,2.4562500000000007,0.01027886447028692
1841.P15096,21,1841,1841:CUB000,female,hand,20260908,0,22.328701447759556,23.76875,25.6396230978605,1.3287014477595562,2.7687500000000007,4.6396230978605
1841.P15090,20,1841,1841:CUB008,male,hand,20260908,0,25.08375727791583,23.76875,22.54614617925491,5.083757277915829,3.7687500000000007,2.5461461792549116
1841.P15091,21,1841,1841:CUB000,female,hand,20260908,0,22.328701447759556,23.825,24.701339633807663,1.3287014477595562,2.8249999999999993,3.701339633807663
1841.P15548,20,1841,1841:NAU123,male,hand,20260908,0,25.08375727791583,22.51875,21.52097002219296,5.083757277915829,2.5187500000000007,1.5209700221929587
10317.000029487,62,10317,10317:1c1b943df02cc46512abc94ff23e6a911e98427d63e06b7083bbfc52367f051a310a8bc2a0c971a6302a5550414d984988f69258ecf789af12a5f5e19514d5cf,male,head,20260908,0,41.86956487216707,40.325,43.37263330519989,20.130435127832932,21.674999999999997,18.62736669480011
10317.000015222,53,10317,10317:ee6b0199d11ab9c50774b9e56abce9e5b0601741d7922866f57f5c638ca8cf822c2cfa394a8707365a589b0a6368c20df23f66a6c845f66e662b0742e5937eb4,male,hand,20260908,0,43.94124480731217,44.55,47.62866986519582,9.058755192687833,8.450000000000003,5.371330134804182
10317.000015221,53,10317,10317:ee6b0199d11ab9c50774b9e56abce9e5b0601741d7922866f57f5c638ca8cf822c2cfa394a8707365a589b0a6368c20df23f66a6c845f66e662b0742e5937eb4,male,head,20260908,0,41.86956487216707,48.35625,48.44053872498313,11.130435127832932,4.643749999999997,4.559461275016872
1841.F05932,18,1841,1841:NCS213,female,head,20260908,0,22.430800690649065,25.63125,23.988410183924874,4.430800690649065,7.631250000000001,5.988410183924874
1841.F05936,18,1841,1841:NCS213,female,head,20260908,0,22.430800690649065,25.09375,24.026712726116596,4.430800690649065,7.09375,6.026712726116596
1841.P16157,24,1841,1841:NAU109,male,hand,20260908,0,25.08375727791583,24.1125,24.00620861904523,1.0837572779158293,0.11250000000000071,0.006208619045228403
1841.F06270,22,1841,1841:NAU130,female,head,20260908,0,22.430800690649065,21.925,22.8985468763169,0.4308006906490647,0.07499999999999929,0.8985468763168996
1841.F05639,20,1841,1841:CUB008,male,head,20260908,0,25.13958165263923,22.88125,20.834544392004315,5.1395816526392295,2.8812500000000014,0.8345443920043145
10317.000005071,62,10317,10317:95709cc58235ffbd909b031216643693df4dbc827ae14fc247eebb0528bfbea20bc16e3572da9168ccfd0829b33c756aa63ed4ce9ba244ce6bdf5ef97c44e85f,female,hand,20260908,0,48.93183358491968,42.66875,47.89473448351429,13.06816641508032,19.331249999999997,14.105265516485709
10317.000005070,62,10317,10317:95709cc58235ffbd909b031216643693df4dbc827ae14fc247eebb0528bfbea20bc16e3572da9168ccfd0829b33c756aa63ed4ce9ba244ce6bdf5ef97c44e85f,female,hand,20260908,0,48.93183358491968,45.40625,50.414793279704895,13.06816641508032,16.59375,11.585206720295105
1841.P15018,36,1841,1841:CUB042,male,hand,20260908,0,25.08375727791583,33.29375,21.744945555235468,10.91624272208417,2.706249999999997,14.255054444764532
10317.000007078,48,10317,10317:63aa1010fee4655f80a2fd1ca92db0c9c662b7ff7dfeccd99a08edb7b7f5af8b2df1c92465690a27ee6aad1207495376abce78f3ddeffc05da0acb099f8efdb8,male,hand,20260908,0,43.94124480731217,37.38125,41.72434324390352,4.058755192687833,10.618749999999999,6.275656756096481
10317.000007079,48,10317,10317:63aa1010fee4655f80a2fd1ca92db0c9c662b7ff7dfeccd99a08edb7b7f5af8b2df1c92465690a27ee6aad1207495376abce78f3ddeffc05da0acb099f8efdb8,male,hand,20260908,0,43.94124480731217,40.0375,43.99049092708553,4.058755192687833,7.962499999999999,4.009509072914469
10317.000006732,55,10317,10317:ed020761c7ba4f7a64f3ebf12adc7f8dad56d9bd7b209c08e63fb95be9af9360fa3cebe2bcedac211a2b46ffd9478544970ca36098a278521a67c91e153cdc45,female,head,20260908,0,48.6684281429694,38.95625,43.58542129234406,6.331571857030603,16.043750000000003,11.414578707655942
1841.P15213,20,1841,1841:CUB027,female,hand,20260908,0,22.328701447759556,23.1125,24.93434861988495,2.3287014477595562,3.1125000000000007,4.93434861988495
1841.P16174,24,1841,1841:NAU109,male,hand,20260908,0,25.08375727791583,25.5375,22.63385415550901,1.0837572779158293,1.5375000000000014,1.3661458444909904
1841.P16176,20,1841,1841:NAU123,male,hand,20260908,0,25.08375727791583,24.475,22.14618471643326,5.083757277915829,4.475000000000001,2.146184716433261
1841.P15913,22,1841,1841:CUB016,female,hand,20260908,0,22.328701447759556,22.46875,25.508435271511285,0.32870144775955623,0.46875,3.508435271511285
1841.P15914,29,1841,1841:CUB011,female,hand,20260908,0,22.328701447759556,24.39375,25.39672845213232,6.671298552240444,4.606249999999999,3.6032715478676813
1841.F05002,20,1841,1841:NCS263,male,head,20260908,0,25.13958165263923,28.59375,21.09125523128417,5.1395816526392295,8.59375,1.091255231284169
2010.2318,23,2010,2010:31,female,head,20260908,0,28.21743853884741,24.4,26.80312662637304,5.217438538847411,1.3999999999999986,3.8031266263730394
1841.P15953,20,1841,1841:CUB008,male,hand,20260908,0,25.08375727791583,23.2125,21.962981124761946,5.083757277915829,3.2124999999999986,1.9629811247619458
1841.F05219,20,1841,1841:NAU119,male,head,20260908,0,25.13958165263923,22.98125,20.83136335627825,5.1395816526392295,2.9812499999999993,0.8313633562782492
1841.P16367,22,1841,1841:NAU130,female,hand,20260908,0,22.328701447759556,23.2,23.941685884555884,0.32870144775955623,1.1999999999999993,1.9416858845558842
1841.P16581,21,1841,1841:CUB000,female,hand,20260908,0,22.328701447759556,26.075,28.69336128151024,1.3287014477595562,5.074999999999999,7.693361281510239
1841.P16582,36,1841,1841:CUB042,male,hand,20260908,0,25.08375727791583,31.58125,24.04254798372441,10.91624272208417,4.418749999999999,11.957452016275589
1841.P16586,20,1841,1841:CUB027,female,hand,20260908,0,22.328701447759556,23.38125,24.95537963939329,2.3287014477595562,3.3812500000000014,4.955379639393289
1841.P16589,21,1841,1841:CUB044,male,hand,20260908,0,25.08375727791583,23.3125,23.186904037957316,4.083757277915829,2.3125,2.1869040379573157
1841.P15052,21,1841,1841:CUB003,female,hand,20260908,0,22.328701447759556,25.525,24.435350954105942,1.3287014477595562,4.524999999999999,3.4353509541059424
1841.P15053,20,1841,1841:CUB008,male,hand,20260908,0,25.08375727791583,22.35,19.888198122053,5.083757277915829,2.3500000000000014,0.11180187794699847
1841.F06330,20,1841,1841:CUB027,female,head,20260908,0,22.430800690649065,23.81875,24.240604575049577,2.4308006906490647,3.8187500000000014,4.240604575049577
1841.F06338,21,1841,1841:CUB003,female,head,20260908,0,22.430800690649065,26.35,24.345696158924905,1.4308006906490647,5.350000000000001,3.3456961589249055
1841.P15272,21,1841,1841:CUB003,female,hand,20260908,0,22.328701447759556,23.375,24.62967812218994,1.3287014477595562,2.375,3.62967812218994
1841.P15582,30,1841,1841:NAU155,female,hand,20260908,0,22.328701447759556,23.28125,23.502834669508296,7.671298552240444,6.71875,6.497165330491704
1841.P15587,30,1841,1841:NAU155,female,hand,20260908,0,22.328701447759556,31.0375,27.86012206487492,7.671298552240444,1.0375000000000014,2.1398779351250816
10317.000005457,48,10317,10317:9f89ce9cb3dd20b1b698031ff7eb1f66511855e4c05edd9fc525916e365f4d81ff5e46e5432e82c4e4cc62f66a9167138f3bce9a784b0404333ee6c82e195bd6,male,hand,20260908,0,43.94124480731217,44.025,43.50896300985029,4.058755192687833,3.9750000000000014,4.491036990149709
1841.P15278,22,1841,1841:CUB016,female,hand,20260908,0,22.328701447759556,24.35,24.1666199614406,0.32870144775955623,2.3500000000000014,2.166619961440599
1841.F05682,20,1841,1841:CUB027,female,head,20260908,0,22.430800690649065,22.2875,23.78608957314435,2.4308006906490647,2.2875000000000014,3.7860895731443485
1841.P15556,21,1841,1841:CUB044,male,hand,20260908,0,25.08375727791583,32.31875,26.50262894568143,4.083757277915829,11.318750000000001,5.50262894568143
1841.P15554,20,1841,1841:NAU110,female,hand,20260908,0,22.328701447759556,27.825,26.764314661082945,2.3287014477595562,7.824999999999999,6.764314661082945
2010.1319,27,2010,2010:1,female,head,20260908,0,28.21743853884741,39.0,32.27667225939622,1.2174385388474107,12.0,5.276672259396221
1841.F06102,20,1841,1841:CUB008,male,head,20260908,0,25.13958165263923,23.71875,20.694809209814817,5.1395816526392295,3.71875,0.6948092098148173
1841.F06106,21,1841,1841:CUB044,male,head,20260908,0,25.13958165263923,23.275,19.049117038013364,4.1395816526392295,2.2749999999999986,1.9508829619866361
1841.P16340,24,1841,1841:NAU109,male,hand,20260908,0,25.08375727791583,30.975,23.717233596690917,1.0837572779158293,6.975000000000001,0.28276640330908265
10317.000005458,47,10317,10317:9f89ce9cb3dd20b1b698031ff7eb1f66511855e4c05edd9fc525916e365f4d81ff5e46e5432e82c4e4cc62f66a9167138f3bce9a784b0404333ee6c82e195bd6,male,head,20260908,0,41.86956487216707,41.71875,43.29512672450144,5.130435127832932,5.28125,3.7048732754985565
1841.P15072,20,1841,1841:CUB008,male,hand,20260908,0,25.08375727791583,25.2375,22.509869657257987,5.083757277915829,5.237500000000001,2.509869657257987
1841.P15073,36,1841,1841:CUB042,male,hand,20260908,0,25.08375727791583,30.475,22.203503342996427,10.91624272208417,5.524999999999999,13.796496657003573
1841.P15076,21,1841,1841:CUB000,female,hand,20260908,0,22.328701447759556,23.13125,25.36260804441013,1.3287014477595562,2.1312500000000014,4.3626080444101305
1841.P15077,21,1841,1841:CUB000,female,hand,20260908,0,22.328701447759556,26.40625,27.366140198283738,1.3287014477595562,5.40625,6.366140198283738
1841.F06319,21,1841,1841:CUB000,female,head,20260908,0,22.430800690649065,25.54375,25.688786261341797,1.4308006906490647,4.543749999999999,4.6887862613417965
1841.P15256,36,1841,1841:CUB042,male,hand,20260908,0,25.08375727791583,37.29375,24.44003064696736,10.91624272208417,1.2937500000000028,11.559969353032638
1841.P15251,21,1841,1841:CUB044,male,hand,20260908,0,25.08375727791583,29.68125,24.511112731365827,4.083757277915829,8.681249999999999,3.5111127313658272
1841.F06237,20,1841,1841:NAU119,male,head,20260908,0,25.13958165263923,22.9125,19.07551607359123,5.1395816526392295,2.9125000000000014,0.9244839264087688
10317.000069034,22,10317,10317:a6a72ae91b2b02c8ea4cfe12d58d98ebe5b424cd88d36f8b84e1deec1b971b6c50e1fbca139d0b8b67d6f73821c7922d555844d105af99dd4813cd966993df6f,male,hand,20260908,0,43.94124480731217,37.81875,37.912743090532395,21.941244807312167,15.818750000000001,15.912743090532395
1841.F05403,20,1841,1841:NAU123,male,head,20260908,0,25.13958165263923,24.30625,20.1546872515944,5.1395816526392295,4.306249999999999,0.15468725159439956
1841.F05049,20,1841,1841:NCS263,male,head,20260908,0,25.13958165263923,27.78125,21.14804840032032,5.1395816526392295,7.78125,1.1480484003203202
1841.P16453,20,1841,1841:NCS263,male,hand,20260908,0,25.08375727791583,25.34375,21.77332347717437,5.083757277915829,5.34375,1.773323477174369
1841.P16324,21,1841,1841:NAU151,male,hand,20260908,0,25.08375727791583,24.70625,23.74400591958877,4.083757277915829,3.7062500000000007,2.744005919588769
1841.F06377,21,1841,1841:CUB044,male,head,20260908,0,25.13958165263923,23.78125,19.880775568277233,4.1395816526392295,2.78125,1.1192244317227669
10317.000015183,55,10317,10317:45e54011490a1e8319d45ba35b5c9c687e4ec395fd00d5bd3b927f21b897135e002c9c488ced29f5644e9cc87c9d6d420ce68c9a95f88b151cd7a4c6182ead64,male,hand,20260908,0,43.94124480731217,44.6375,44.22393536019145,11.058755192687833,10.362499999999997,10.776064639808553
10317.000015182,55,10317,10317:45e54011490a1e8319d45ba35b5c9c687e4ec395fd00d5bd3b927f21b897135e002c9c488ced29f5644e9cc87c9d6d420ce68c9a95f88b151cd7a4c6182ead64,male,head,20260908,0,41.86956487216707,38.28125,41.280780933107344,13.130435127832932,16.71875,13.719219066892656
10317.000015184,55,10317,10317:45e54011490a1e8319d45ba35b5c9c687e4ec395fd00d5bd3b927f21b897135e002c9c488ced29f5644e9cc87c9d6d420ce68c9a95f88b151cd7a4c6182ead64,male,hand,20260908,0,43.94124480731217,39.225,43.30880001989308,11.058755192687833,15.774999999999999,11.691199980106923
1841.P15013,22,1841,1841:CUB016,female,hand,20260908,0,22.328701447759556,24.0375,26.04690158656473,0.32870144775955623,2.0375000000000014,4.046901586564729
1841.F06378,21,1841,1841:CUB000,female,head,20260908,0,22.430800690649065,26.41875,22.980652357559027,1.4308006906490647,5.418749999999999,1.980652357559027
1841.P15604,21,1841,1841:CUB044,male,hand,20260908,0,25.08375727791583,23.64375,22.376711968777258,4.083757277915829,2.6437500000000007,1.3767119687772578
1841.P15237,20,1841,1841:CUB008,male,hand,20260908,0,25.08375727791583,25.75625,22.76484075271477,5.083757277915829,5.756250000000001,2.7648407527147683
1841.F05421,22,1841,1841:NAU130,female,head,20260908,0,22.430800690649065,23.8375,25.589492867542425,0.4308006906490647,1.8374999999999986,3.5894928675424254
1841.P15370,23,1841,1841:NCS243,male,hand,20260908,0,25.08375727791583,26.55,23.737690467311943,2.0837572779158293,3.5500000000000007,0.7376904673119427
1841.P15354,23,1841,1841:NCS243,male,hand,20260908,0,25.08375727791583,24.86875,23.40751486597384,2.0837572779158293,1.8687499999999986,0.407514865973841
1841.P15356,20,1841,1841:NCS263,male,hand,20260908,0,25.08375727791583,27.6625,22.27756349456594,5.083757277915829,7.662500000000001,2.277563494565939
10317.000048954,40,10317,10317:1044942a7b8a90539218b4698c4b9c3fcdfa273fbbaae3fd79cc45fa05997f6e566261c304f4eb18014b4d7f09e95259f47b9afe6b589a6d2fabfacc7e2a09b7,male,head,20260908,0,41.86956487216707,38.375,39.667928990264194,1.869564872167068,1.625,0.33207100973580594
10317.000048956,40,10317,10317:1044942a7b8a90539218b4698c4b9c3fcdfa273fbbaae3fd79cc45fa05997f6e566261c304f4eb18014b4d7f09e95259f47b9afe6b589a6d2fabfacc7e2a09b7,male,hand,20260908,0,43.94124480731217,36.28125,42.91611481137633,3.9412448073121666,3.71875,2.9161148113763318
10317.000048957,40,10317,10317:1044942a7b8a90539218b4698c4b9c3fcdfa273fbbaae3fd79cc45fa05997f6e566261c304f4eb18014b4d7f09e95259f47b9afe6b589a6d2fabfacc7e2a09b7,male,hand,20260908,0,43.94124480731217,39.3125,42.949672682044685,3.9412448073121666,0.6875,2.9496726820446852
1841.F05850,30,1841,1841:NAU155,female,head,20260908,0,22.430800690649065,25.96875,24.6064661171269,7.569199309350935,4.03125,5.3935338828731005
1841.P16079,22,1841,1841:NAU130,female,hand,20260908,0,22.328701447759556,22.1625,24.343146749287172,0.32870144775955623,0.16250000000000142,2.343146749287172
10317.000003025,44,10317,10317:99e188b8ec5527a3ad82cb7cca4318dabe62c69e2ab959f3d9bd68b4ac2521f3f32364757e49c2f7ee2f82a39fb74f6008ab75e1b82c5f6b2bf1ba4869f0b4ff,male,head,20260908,0,41.86956487216707,39.36875,42.68480929282116,2.130435127832932,4.631250000000001,1.315190707178843
1841.P15039,20,1841,1841:CUB027,female,hand,20260908,0,22.328701447759556,23.18125,24.792258568503083,2.3287014477595562,3.1812499999999986,4.792258568503083
1841.P15031,21,1841,1841:CUB044,male,hand,20260908,0,25.08375727791583,24.2875,23.166190054133548,4.083757277915829,3.2875000000000014,2.1661900541335477
1841.P15032,20,1841,1841:CUB008,male,hand,20260908,0,25.08375727791583,23.46875,21.90564886718171,5.083757277915829,3.46875,1.9056488671817107
1841.F06420,22,1841,1841:CUB016,female,head,20260908,0,22.430800690649065,25.175,24.050206584654624,0.4308006906490647,3.1750000000000007,2.0502065846546245
1841.F06428,20,1841,1841:CUB008,male,head,20260908,0,25.13958165263923,23.05625,20.736257842923457,5.1395816526392295,3.0562499999999986,0.7362578429234574
1841.P15295,20,1841,1841:CUB027,female,hand,20260908,0,22.328701447759556,24.0125,25.477262071516343,2.3287014477595562,4.012499999999999,5.477262071516343
1841.P16246,20,1841,1841:NAU123,male,hand,20260908,0,25.08375727791583,26.78125,25.032840947561528,5.083757277915829,6.78125,5.032840947561528
1841.F05990,18,1841,1841:NCS213,female,head,20260908,0,22.430800690649065,24.19375,22.49332152869541,4.430800690649065,6.193750000000001,4.493321528695411
1841.F05852,24,1841,1841:NAU109,male,head,20260908,0,25.13958165263923,24.025,20.54416270586332,1.1395816526392295,0.02499999999999858,3.4558372941366784
1841.P15993,21,1841,1841:CUB044,male,hand,20260908,0,25.08375727791583,25.10625,21.885525890215764,4.083757277915829,4.106249999999999,0.8855258902157637
1841.P15994,22,1841,1841:CUB016,female,hand,20260908,0,22.328701447759556,22.6875,24.74291640267666,0.32870144775955623,0.6875,2.7429164026766593
10317.000005262,28,10317,10317:9d5f397f06d407dcb0aa1ac134a406dcc9d133b7241030bf81c3cb01f3341e891530737a66d2693596ab16f97b05b66c20bc630d57221b89a0ecb2db01c1f747,male,head,20260908,0,41.86956487216707,40.90625,43.97238540425522,13.869564872167068,12.90625,15.97238540425522
10317.000048386,59,10317,10317:7e311968682a8a9e2268ae2d13c8b70ca7ce45f11d29b24932473b816f814e56f115793ba0ca9a91710fda8ae01664aab7b94207e18484fb0b45616cab408ea5,female,head,20260908,0,48.6684281429694,48.43125,53.82703845499814,10.331571857030603,10.568750000000001,5.172961545001861
10317.000048387,59,10317,10317:7e311968682a8a9e2268ae2d13c8b70ca7ce45f11d29b24932473b816f814e56f115793ba0ca9a91710fda8ae01664aab7b94207e18484fb0b45616cab408ea5,female,hand,20260908,0,48.93183358491968,40.65625,49.34750844330247,10.06816641508032,18.34375,9.652491556697527
10317.000048388,21,10317,10317:30d7ca7c505d10cb4c76c0443a75de8f2f826d67386377db4fa33b8983b7e1be84ec36794891a1993f919a1c5c528a78e39e90c8c94320bc3b555e3aa3643685,female,head,20260908,0,48.6684281429694,44.5125,49.64957686558205,27.668428142969397,23.512500000000003,28.64957686558205
10317.000048389,21,10317,10317:30d7ca7c505d10cb4c76c0443a75de8f2f826d67386377db4fa33b8983b7e1be84ec36794891a1993f919a1c5c528a78e39e90c8c94320bc3b555e3aa3643685,female,hand,20260908,0,48.93183358491968,39.6125,48.61454763351868,27.93183358491968,18.612499999999997,27.614547633518683
1841.F05874,24,1841,1841:NAU109,male,head,20260908,0,25.13958165263923,25.05,23.079769557632545,1.1395816526392295,1.0500000000000007,0.9202304423674548
1841.P16508,20,1841,1841:CUB027,female,hand,20260908,0,22.328701447759556,22.8625,23.245773482269296,2.3287014477595562,2.8625000000000007,3.2457734822692963
1841.P16504,21,1841,1841:CUB000,female,hand,20260908,0,22.328701447759556,25.9125,25.583375376040607,1.3287014477595562,4.912500000000001,4.583375376040607
1841.P16059,20,1841,1841:NAU119,male,hand,20260908,0,25.08375727791583,23.05,22.931092712650074,5.083757277915829,3.0500000000000007,2.9310927126500737
10317.000007131,39,10317,10317:8b672a386ead28ace9c7eaea68003a8d0be6651cf9544c799a49155c372bc6524d53fd7aae5b008caced52ac352c5fe0a4810a846032621cf2d9fc79200e1218,unknown,hand,20260908,0,46.87779727578943,43.43125,47.08455488913871,7.877797275789433,4.431249999999999,8.084554889138708
10317.000030149,27,10317,10317:1a5e088d33b2528cfe40203fda9bfcd0dc35268782b9d69c13311dd8036aba48919cd2bc59d125b4622ddb34b727a0f4ee6ab054d9cba2d3fd100fcbe69d7a21,female,head,20260908,0,48.6684281429694,41.14375,44.323505346390256,21.668428142969397,14.143749999999997,17.323505346390256
1841.F06407,21,1841,1841:CUB003,female,head,20260908,0,22.430800690649065,27.24375,24.708656948777215,1.4308006906490647,6.243749999999999,3.7086569487772145
1841.F06400,29,1841,1841:CUB011,female,head,20260908,0,22.430800690649065,24.9875,25.103041489415236,6.569199309350935,4.012499999999999,3.8969585105847635
1841.F05603,21,1841,1841:CUB003,female,head,20260908,0,22.430800690649065,23.2,24.534322458434023,1.4308006906490647,2.1999999999999993,3.5343224584340227
1841.P16266,30,1841,1841:NAU155,female,hand,20260908,0,22.328701447759556,24.95,23.074281915480753,7.671298552240444,5.050000000000001,6.9257180845192465
2010.1394,27,2010,2010:1,female,head,20260908,0,28.21743853884741,38.225,30.86970412305742,1.2174385388474107,11.225000000000001,3.8697041230574207
10317.000015223,53,10317,10317:ee6b0199d11ab9c50774b9e56abce9e5b0601741d7922866f57f5c638ca8cf822c2cfa394a8707365a589b0a6368c20df23f66a6c845f66e662b0742e5937eb4,male,hand,20260908,0,43.94124480731217,46.74375,48.33350147719458,9.058755192687833,6.256250000000001,4.666498522805419
1841.P15177,18,1841,1841:NCS213,female,hand,20260908,0,22.328701447759556,22.96875,24.042703152014756,4.328701447759556,4.96875,6.042703152014756
10317.000069027,22,10317,10317:a6a72ae91b2b02c8ea4cfe12d58d98ebe5b424cd88d36f8b84e1deec1b971b6c50e1fbca139d0b8b67d6f73821c7922d555844d105af99dd4813cd966993df6f,male,head,20260908,0,41.86956487216707,37.2875,38.64238665703254,19.869564872167068,15.287500000000001,16.64238665703254
1841.F05818,22,1841,1841:NAU130,female,head,20260908,0,22.430800690649065,21.79375,23.217907149732923,0.4308006906490647,0.2062500000000007,1.2179071497329232
1841.F05813,20,1841,1841:NAU110,female,head,20260908,0,22.430800690649065,29.3,22.1877566113099,2.4308006906490647,9.3,2.1877566113099007
1841.F05812,24,1841,1841:NAU109,male,head,20260908,0,25.13958165263923,27.71875,21.505364112359526,1.1395816526392295,3.71875,2.4946358876404737
1841.F06352,20,1841,1841:CUB008,male,head,20260908,0,25.13958165263923,22.81875,21.04578914692158,5.1395816526392295,2.8187500000000014,1.0457891469215816
1841.F06356,20,1841,1841:CUB008,male,head,20260908,0,25.13958165263923,22.45,21.81550582696821,5.1395816526392295,2.4499999999999993,1.8155058269682094
10317.000014464,41,10317,10317:a6784c1d3806fcca45ba186c495c648cf0cf10b392f120efe7f26f9c0e66051dc675a9c077f1f39993f524f521e594b30048ca45ea6cbc19b96938f9734afb55,male,head,20260908,0,41.86956487216707,38.46875,39.7861759843478,0.8695648721670679,2.53125,1.2138240156522002
1841.F06468,36,1841,1841:CUB042,male,head,20260908,0,25.13958165263923,35.56875,22.590116922373937,10.86041834736077,0.4312499999999986,13.409883077626063
1841.F06399,22,1841,1841:CUB016,female,head,20260908,0,22.430800690649065,23.2125,23.03054641590031,0.4308006906490647,1.2124999999999986,1.0305464159003108
1841.P15614,21,1841,1841:CUB044,male,hand,20260908,0,25.08375727791583,26.14375,24.9467549814352,4.083757277915829,5.143750000000001,3.9467549814351983
10317.000005646,65,10317,10317:98e719bb087e2058ac8f1e380218232d306e4f5c7d2359784abda5fddf02926beb32a6c0ba8383dd0026ec1f0d372d68007114cdd2512a3abb3d77158fa6f4d1,female,hand,20260908,0,48.93183358491968,43.34375,49.63209490703971,16.06816641508032,21.65625,15.367905092960292
10317.000005644,65,10317,10317:98e719bb087e2058ac8f1e380218232d306e4f5c7d2359784abda5fddf02926beb32a6c0ba8383dd0026ec1f0d372d68007114cdd2512a3abb3d77158fa6f4d1,female,head,20260908,0,48.6684281429694,44.825,48.1933267228905,16.331571857030603,20.174999999999997,16.806673277109503
10317.000005645,65,10317,10317:98e719bb087e2058ac8f1e380218232d306e4f5c7d2359784abda5fddf02926beb32a6c0ba8383dd0026ec1f0d372d68007114cdd2512a3abb3d77158fa6f4d1,female,hand,20260908,0,48.93183358491968,44.7625,49.15980553404383,16.06816641508032,20.237499999999997,15.840194465956174
1841.F05957,18,1841,1841:NCS221,female,head,20260908,0,22.430800690649065,25.275,24.57065460354872,4.430800690649065,7.274999999999999,6.570654603548721
1841.P15785,22,1841,1841:NAU130,female,hand,20260908,0,22.328701447759556,23.21875,24.53696653355585,0.32870144775955623,1.21875,2.5369665335558516
10317.000015363,43,10317,10317:3fec78757c5821d558096acce3e9df6968ae564264912c66f6a851727ebd63c36eee0764c3d1e47c0813cb5998caa14cb2bec75ca8716e8e3437768b86b408aa,male,head,20260908,0,41.86956487216707,39.81875,40.79546541087538,1.130435127832932,3.1812499999999986,2.20453458912462
1841.P15788,22,1841,1841:NAU130,female,hand,20260908,0,22.328701447759556,22.23125,23.88173563783104,0.32870144775955623,0.2312499999999993,1.8817356378310386
10317.000015365,43,10317,10317:3fec78757c5821d558096acce3e9df6968ae564264912c66f6a851727ebd63c36eee0764c3d1e47c0813cb5998caa14cb2bec75ca8716e8e3437768b86b408aa,male,hand,20260908,0,43.94124480731217,43.66875,42.59940231571336,0.9412448073121666,0.6687500000000028,0.40059768428663745
1841.F05662,21,1841,1841:CUB003,female,head,20260908,0,22.430800690649065,23.725,23.443478162732873,1.4308006906490647,2.7250000000000014,2.443478162732873
1841.F05660,20,1841,1841:CUB008,male,head,20260908,0,25.13958165263923,25.5125,21.347615920278688,5.1395816526392295,5.512499999999999,1.3476159202786882
1841.F05661,21,1841,1841:CUB000,female,head,20260908,0,22.430800690649065,25.75625,24.3614944374544,1.4308006906490647,4.756250000000001,3.3614944374544002
1841.P15299,23,1841,1841:NCS243,male,hand,20260908,0,25.08375727791583,26.575,23.855717880615575,2.0837572779158293,3.5749999999999993,0.8557178806155754
1841.F05481,22,1841,1841:NAU130,female,head,20260908,0,22.430800690649065,23.90625,22.471040293222064,0.4308006906490647,1.90625,0.47104029322206387
1841.F05487,20,1841,1841:NAU123,male,head,20260908,0,25.13958165263923,23.6375,19.22923747160697,5.1395816526392295,3.6374999999999993,0.7707625283930284
10317.000015452,45,10317,10317:3483b70983107b3501a2fdeab0f7e00b06ec05b5a7afdf499c410267e4aa99ea36b3643db981cdf6f557435d6ff028c1059e2bc75261e6f468598f093fde8b72,male,head,20260908,0,41.86956487216707,43.9125,44.157405164895515,3.130435127832932,1.0874999999999986,0.8425948351044852
10317.000015354,35,10317,10317:3e61f3e0bf34ee92653b3e1a4bce3fbbf22e7a5be5fc03a5c5d44f0d311d4f9ec4e1c0d98964bdbdf2f1d537fbd16c0b62503f50d8923e608eb8aacd64cb9fa3,male,hand,20260908,0,43.94124480731217,42.91875,44.39180231612314,8.941244807312167,7.918750000000003,9.39180231612314
10317.000015352,35,10317,10317:3e61f3e0bf34ee92653b3e1a4bce3fbbf22e7a5be5fc03a5c5d44f0d311d4f9ec4e1c0d98964bdbdf2f1d537fbd16c0b62503f50d8923e608eb8aacd64cb9fa3,male,head,20260908,0,41.86956487216707,45.85,45.88391631003331,6.869564872167068,10.850000000000001,10.883916310033307
10317.000015351,35,10317,10317:3e61f3e0bf34ee92653b3e1a4bce3fbbf22e7a5be5fc03a5c5d44f0d311d4f9ec4e1c0d98964bdbdf2f1d537fbd16c0b62503f50d8923e608eb8aacd64cb9fa3,male,hand,20260908,0,43.94124480731217,42.325,43.524371205063645,8.941244807312167,7.325000000000003,8.524371205063645
2010.1218,27,2010,2010:1,female,head,20260908,0,28.21743853884741,37.275,30.555016842353304,1.2174385388474107,10.274999999999999,3.5550168423533037
1841.F05620,36,1841,1841:CUB042,male,head,20260908,0,25.13958165263923,33.15,24.87366424894591,10.86041834736077,2.8500000000000014,11.12633575105409
1841.F06445,21,1841,1841:CUB044,male,head,20260908,0,25.13958165263923,24.31875,21.809522609404375,4.1395816526392295,3.3187500000000014,0.8095226094043753
1841.F06448,22,1841,1841:CUB016,female,head,20260908,0,22.430800690649065,23.75625,23.12754825815986,0.4308006906490647,1.7562500000000014,1.1275482581598588
10317.000068787,39,10317,10317:0610dc25baabfb768bd6465f009077ba740694d1c37591ea165a6eed61b038ba1fd9167c4f0efbd5cd490953bcd66ea07e9d8b594234539c2e566f09dd0e4699,male,head,20260908,0,41.86956487216707,39.04375,40.93707789669536,2.869564872167068,0.04375000000000284,1.9370778966953566
1841.F05442,20,1841,1841:NAU110,female,head,20260908,0,22.430800690649065,27.69375,23.5732295042809,2.4308006906490647,7.693750000000001,3.5732295042808992
1841.F05133,30,1841,1841:NAU155,female,head,20260908,0,22.430800690649065,26.4625,25.319998360081257,7.569199309350935,3.5375000000000014,4.680001639918743
1841.F05136,22,1841,1841:NAU130,female,head,20260908,0,22.430800690649065,22.25,23.581665001286908,0.4308006906490647,0.25,1.5816650012869076
1841.P16222,20,1841,1841:NAU123,male,hand,20260908,0,25.08375727791583,25.80625,23.71157063285036,5.083757277915829,5.806249999999999,3.7115706328503606
1841.P16247,30,1841,1841:NAU155,female,hand,20260908,0,22.328701447759556,26.43125,26.99890589206076,7.671298552240444,3.5687500000000014,3.0010941079392417
1841.P15105,18,1841,1841:NCS221,female,hand,20260908,0,22.328701447759556,28.38125,25.652569886628932,4.328701447759556,10.381250000000001,7.652569886628932
1841.F06057,20,1841,1841:NCS263,male,head,20260908,0,25.13958165263923,27.89375,22.7331953485838,5.1395816526392295,7.893750000000001,2.7331953485837985
1841.P15683,29,1841,1841:CUB011,female,hand,20260908,0,22.328701447759556,24.8625,25.750975711484053,6.671298552240444,4.137499999999999,3.2490242885159475
1841.F05365,18,1841,1841:NCS213,female,head,20260908,0,22.430800690649065,24.49375,24.17108250175525,4.430800690649065,6.493749999999999,6.171082501755251
1841.F05361,24,1841,1841:NCS245,female,head,20260908,0,22.430800690649065,26.1125,24.658367107873065,1.5691993093509353,2.1125000000000007,0.6583671078730653
1841.F06485,20,1841,1841:CUB008,male,head,20260908,0,25.13958165263923,23.35,21.234243406460426,5.1395816526392295,3.3500000000000014,1.2342434064604255
1841.F06483,21,1841,1841:CUB000,female,head,20260908,0,22.430800690649065,24.21875,25.79536670935202,1.4308006906490647,3.21875,4.79536670935202
1841.P16561,21,1841,1841:CUB044,male,hand,20260908,0,25.08375727791583,24.36875,23.36763359966021,4.083757277915829,3.3687499999999986,2.367633599660209
1841.F05110,20,1841,1841:NAU119,male,head,20260908,0,25.13958165263923,22.69375,21.091801209198778,5.1395816526392295,2.6937500000000014,1.0918012091987777
1841.P16600,21,1841,1841:CUB003,female,hand,20260908,0,22.328701447759556,27.59375,25.44080828219855,1.3287014477595562,6.59375,4.4408082821985495
1841.P15111,18,1841,1841:NCS213,female,hand,20260908,0,22.328701447759556,24.8375,23.462878327914336,4.328701447759556,6.837499999999999,5.462878327914336
1841.F06034,23,1841,1841:NCS243,male,head,20260908,0,25.13958165263923,22.30625,19.59495837147439,2.1395816526392295,0.6937500000000014,3.405041628525609
1841.P15997,36,1841,1841:CUB042,male,hand,20260908,0,25.08375727791583,34.45625,25.786007922008626,10.91624272208417,1.5437500000000028,10.213992077991374
10317.000047841,56,10317,10317:0bcb4e3d31b0b117c3b6fa86fc51584ae6a9aa505a981882486f137cc53b9ca3d82e6e63f354b102ed104a17e902d66783bd63854c3549b887a4be67e55128ab,female,hand,20260908,0,48.93183358491968,43.24375,45.78666415698198,7.06816641508032,12.756250000000001,10.213335843018022
1841.F06437,21,1841,1841:CUB044,male,head,20260908,0,25.13958165263923,25.5875,19.84742232450866,4.1395816526392295,4.587499999999999,1.1525776754913402
10317.000005088,34,10317,10317:b74b978649567cb54fc875fffd91ae1e96fe51d67ba3b37beafd17700ef6cc8174703285ab46d656b674c96a535fb1c24429eee1b4c50b47eedb924ba7c66a50,male,head,20260908,0,41.86956487216707,43.475,45.22480215769422,7.869564872167068,9.475000000000001,11.22480215769422
10317.000005084,34,10317,10317:b74b978649567cb54fc875fffd91ae1e96fe51d67ba3b37beafd17700ef6cc8174703285ab46d656b674c96a535fb1c24429eee1b4c50b47eedb924ba7c66a50,male,hand,20260908,0,43.94124480731217,45.33125,46.24025824029638,9.941244807312167,11.331249999999997,12.240258240296377
10317.000005086,34,10317,10317:b74b978649567cb54fc875fffd91ae1e96fe51d67ba3b37beafd17700ef6cc8174703285ab46d656b674c96a535fb1c24429eee1b4c50b47eedb924ba7c66a50,male,hand,20260908,0,43.94124480731217,42.71875,45.44564144646998,9.941244807312167,8.71875,11.445641446469978
10317.000033403,37,10317,10317:8a84e546f33305e110f2059f0c1a87a533d58f09e3ae2fd4519dcf3418d8d566956b23eebebef879dda59b2ae8ba5c775acf7a5181d6b381697b949a1c8cefc6,male,head,20260908,0,41.86956487216707,44.1375,43.3023164903456,4.869564872167068,7.137500000000003,6.3023164903456035
1841.F06019,20,1841,1841:NCS263,male,head,20260908,0,25.13958165263923,27.39375,22.73457050037947,5.1395816526392295,7.393750000000001,2.734570500379469
1841.P15392,21,1841,1841:NCS262,male,hand,20260908,0,25.08375727791583,23.175,20.879214612088663,4.083757277915829,2.1750000000000007,0.12078538791133653
1841.F05542,21,1841,1841:CUB044,male,head,20260908,0,25.13958165263923,24.0,19.704823946691263,4.1395816526392295,3.0,1.2951760533087366
1841.P15531,20,1841,1841:NAU123,male,hand,20260908,0,25.08375727791583,33.3625,30.464396349244755,5.083757277915829,13.362499999999997,10.464396349244755
1841.P15533,22,1841,1841:NAU130,female,hand,20260908,0,22.328701447759556,22.53125,24.77581059364482,0.32870144775955623,0.53125,2.7758105936448203
1841.F05619,21,1841,1841:CUB000,female,head,20260908,0,22.430800690649065,26.19375,24.577177792918555,1.4308006906490647,5.193750000000001,3.5771777929185546
1841.F05615,20,1841,1841:CUB027,female,head,20260908,0,22.430800690649065,24.575,24.965757874636953,2.4308006906490647,4.574999999999999,4.965757874636953
1841.F05898,24,1841,1841:NAU109,male,head,20260908,0,25.13958165263923,23.70625,21.328474753091328,1.1395816526392295,0.2937499999999993,2.671525246908672
1841.P16396,30,1841,1841:NAU155,female,hand,20260908,0,22.328701447759556,27.23125,25.257788400100385,7.671298552240444,2.7687500000000007,4.7422115998996155
10317.000036739,59,10317,10317:8fb4ad789829b8aa6b773eff2956b29d9986e3c6ee0cd5f3125d47adf2ee4adc1008098b5be94b225ac5137bcae428f6b84ede1db0d7bfe5dda5fe7f31fa3514,male,hand,20260908,0,43.94124480731217,43.31875,45.74968488781491,15.058755192687833,15.681249999999999,13.250315112185092
1841.F05157,20,1841,1841:NAU110,female,head,20260908,0,22.430800690649065,28.775,22.69293615335879,2.4308006906490647,8.774999999999999,2.69293615335879
10317.000005069,62,10317,10317:95709cc58235ffbd909b031216643693df4dbc827ae14fc247eebb0528bfbea20bc16e3572da9168ccfd0829b33c756aa63ed4ce9ba244ce6bdf5ef97c44e85f,female,head,20260908,0,48.6684281429694,47.975,51.339507336285536,13.331571857030603,14.024999999999999,10.660492663714464
1841.P16399,24,1841,1841:NAU109,male,hand,20260908,0,25.08375727791583,24.2,22.18975983762567,1.0837572779158293,0.1999999999999993,1.8102401623743312
1841.F06563,20,1841,1841:CUB027,female,head,20260908,0,22.430800690649065,24.59375,23.855435366792868,2.4308006906490647,4.59375,3.855435366792868
2010.2244,23,2010,2010:31,female,head,20260908,0,28.21743853884741,40.375,31.904988811356088,5.217438538847411,17.375,8.904988811356088
1841.P15515,20,1841,1841:NAU119,male,hand,20260908,0,25.08375727791583,22.04375,22.266986451864085,5.083757277915829,2.0437499999999993,2.266986451864085
1841.P15512,24,1841,1841:NAU109,male,hand,20260908,0,25.08375727791583,23.5625,21.32591043251112,1.0837572779158293,0.4375,2.674089567488881
1841.P15511,20,1841,1841:NAU119,male,hand,20260908,0,25.08375727791583,23.09375,22.506261699962675,5.083757277915829,3.09375,2.506261699962675
1841.F05525,20,1841,1841:NAU123,male,head,20260908,0,25.13958165263923,22.80625,19.92142645460942,5.1395816526392295,2.8062499999999986,0.07857354539057937
1841.F06492,36,1841,1841:CUB042,male,head,20260908,0,25.13958165263923,30.4,20.93446424048269,10.86041834736077,5.600000000000001,15.06553575951731
1841.P16099,20,1841,1841:NAU110,female,hand,20260908,0,22.328701447759556,31.525,24.17161384787372,2.3287014477595562,11.524999999999999,4.171613847873719
1841.P16098,30,1841,1841:NAU155,female,hand,20260908,0,22.328701447759556,26.0125,24.575551372621828,7.671298552240444,3.9875000000000007,5.4244486273781725
1841.P15728,20,1841,1841:NAU110,female,hand,20260908,0,22.328701447759556,30.8,23.694705902807815,2.3287014477595562,10.8,3.694705902807815
1841.F06220,20,1841,1841:NAU123,male,head,20260908,0,25.13958165263923,22.4625,19.69014843698376,5.1395816526392295,2.4624999999999986,0.3098515630162417
2010.2380,23,2010,2010:31,female,head,20260908,0,28.21743853884741,26.3,27.16694800140413,5.217438538847411,3.3000000000000007,4.16694800140413
1841.F06503,20,1841,1841:CUB027,female,head,20260908,0,22.430800690649065,22.4375,23.112978515704135,2.4308006906490647,2.4375,3.1129785157041354
1841.F06500,29,1841,1841:CUB011,female,head,20260908,0,22.430800690649065,26.78125,23.670469077110837,6.569199309350935,2.21875,5.3295309228891625
10317.000063196,38,10317,10317:441ac85e1bd02fd74bfe5cd7d33fc7e79af9e5986e7d55e177b00f2dadef7b37442c83e626aa9eec53feaf0e250a42f14f03b147a269cd1c57142e99e994ff08,male,hand,20260908,0,43.94124480731217,46.14375,46.99464397524117,5.941244807312167,8.143749999999997,8.994643975241168
1841.F05548,22,1841,1841:NAU130,female,head,20260908,0,22.430800690649065,22.2875,22.577945238650916,0.4308006906490647,0.2875000000000014,0.5779452386509156
1841.F05059,20,1841,1841:NCS263,male,head,20260908,0,25.13958165263923,28.33125,22.353043577564833,5.1395816526392295,8.33125,2.353043577564833
1841.F06436,21,1841,1841:CUB003,female,head,20260908,0,22.430800690649065,27.01875,23.437007922457884,1.4308006906490647,6.018750000000001,2.437007922457884
10317.000015253,34,10317,10317:b74b978649567cb54fc875fffd91ae1e96fe51d67ba3b37beafd17700ef6cc8174703285ab46d656b674c96a535fb1c24429eee1b4c50b47eedb924ba7c66a50,male,hand,20260908,0,43.94124480731217,39.125,42.25752986898779,9.941244807312167,5.125,8.257529868987788
10317.000015252,34,10317,10317:b74b978649567cb54fc875fffd91ae1e96fe51d67ba3b37beafd17700ef6cc8174703285ab46d656b674c96a535fb1c24429eee1b4c50b47eedb924ba7c66a50,male,head,20260908,0,41.86956487216707,40.9,41.08469275517122,7.869564872167068,6.899999999999999,7.084692755171218
10317.000015255,34,10317,10317:b74b978649567cb54fc875fffd91ae1e96fe51d67ba3b37beafd17700ef6cc8174703285ab46d656b674c96a535fb1c24429eee1b4c50b47eedb924ba7c66a50,male,hand,20260908,0,43.94124480731217,39.55625,42.35174087877006,9.941244807312167,5.556249999999999,8.351740878770059
1841.P15742,20,1841,1841:NAU110,female,hand,20260908,0,22.328701447759556,29.5375,25.430978642278816,2.3287014477595562,9.537500000000001,5.430978642278816
1841.P15743,30,1841,1841:NAU155,female,hand,20260908,0,22.328701447759556,26.1,24.155347535763426,7.671298552240444,3.8999999999999986,5.8446524642365745
1841.F06249,30,1841,1841:NAU155,female,head,20260908,0,22.430800690649065,26.425,22.15828725461375,7.569199309350935,3.5749999999999993,7.84171274538625
10317.000034581,22,10317,10317:1949c4d7f21b55f1e00af274c955be77947294d6ec424b2079e89205b36ed147727eed570662c7673f354f42b11ea00ee970e7e216e0a45d7e022359783d8aae,unknown,head,20260908,0,41.74363258296698,38.525,38.483740116676486,19.74363258296698,16.525,16.483740116676486
1841.P16464,20,1841,1841:NCS263,male,hand,20260908,0,25.08375727791583,27.04375,22.807416269242776,5.083757277915829,7.043749999999999,2.8074162692427755
1841.P16465,20,1841,1841:NCS263,male,hand,20260908,0,25.08375727791583,30.8375,23.85259732270248,5.083757277915829,10.837499999999999,3.8525973227024792
1841.P16463,23,1841,1841:NCS243,male,hand,20260908,0,25.08375727791583,23.60625,22.048664538815498,2.0837572779158293,0.6062499999999993,0.9513354611845024
10317.000003550,72,10317,10317:fcb45b6f64ab0b3167524aaa234945c75702e9f45b361a7f3af87c2938b4b5bf8244dd705f8119adf55ee8532be48dc7d72387952b30d9ccda48bdc05fec5797,female,hand,20260908,0,48.93183358491968,51.1875,50.96912283857488,23.06816641508032,20.8125,21.030877161425117
10317.000066831,29,10317,10317:7f8b5599423e74bb4268af85d143fbeed68370b2eaa79f6e6facbcf10974040d6ef4afefb5ff2aab1f618ba97f2eecc39b0621fb60a556425670ca9606d4aa0c,male,hand,20260908,0,43.94124480731217,36.35,34.918652985120175,14.941244807312167,7.350000000000001,5.9186529851201755
1841.P15087,36,1841,1841:CUB042,male,hand,20260908,0,25.08375727791583,36.28125,26.010620240444045,10.91624272208417,0.28125,9.989379759555955
1841.P15223,29,1841,1841:CUB011,female,hand,20260908,0,22.328701447759556,23.0625,25.28346829306053,6.671298552240444,5.9375,3.7165317069394703
1841.P15550,22,1841,1841:NAU130,female,hand,20260908,0,22.328701447759556,22.68125,24.64948620408108,0.32870144775955623,0.6812499999999986,2.6494862040810787
2010.2294,23,2010,2010:31,female,head,20260908,0,28.21743853884741,24.09375,26.830216721800003,5.217438538847411,1.09375,3.830216721800003
1841.F05077,23,1841,1841:NCS243,male,head,20260908,0,25.13958165263923,26.3125,20.46006977221556,2.1395816526392295,3.3125,2.5399302277844384
1841.F05075,20,1841,1841:NAU119,male,head,20260908,0,25.13958165263923,23.94375,20.195294633413095,5.1395816526392295,3.9437500000000014,0.19529463341309494
1841.P15919,20,1841,1841:CUB027,female,hand,20260908,0,22.328701447759556,25.625,24.70363421122275,2.3287014477595562,5.625,4.703634211222749
1841.P15948,20,1841,1841:CUB008,male,hand,20260908,0,25.08375727791583,22.93125,19.897342140966305,5.083757277915829,2.9312499999999986,0.10265785903369462
1841.P15945,21,1841,1841:CUB003,female,hand,20260908,0,22.328701447759556,25.125,24.40478756471699,1.3287014477595562,4.125,3.4047875647169903
10317.000005260,28,10317,10317:9d5f397f06d407dcb0aa1ac134a406dcc9d133b7241030bf81c3cb01f3341e891530737a66d2693596ab16f97b05b66c20bc630d57221b89a0ecb2db01c1f747,male,hand,20260908,0,43.94124480731217,44.5125,46.72943771743065,15.941244807312167,16.512500000000003,18.72943771743065
10317.000005261,28,10317,10317:9d5f397f06d407dcb0aa1ac134a406dcc9d133b7241030bf81c3cb01f3341e891530737a66d2693596ab16f97b05b66c20bc630d57221b89a0ecb2db01c1f747,male,hand,20260908,0,43.94124480731217,42.69375,44.45987540181382,15.941244807312167,14.693750000000001,16.459875401813818
1841.P16448,20,1841,1841:NCS263,male,hand,20260908,0,25.08375727791583,23.33125,22.901901553385297,5.083757277915829,3.3312500000000007,2.901901553385297
1841.F06092,20,1841,1841:NCS263,male,head,20260908,0,25.13958165263923,26.4875,22.39900804831044,5.1395816526392295,6.487500000000001,2.3990080483104386
10317.000063303,26,10317,10317:9a079253652d16fa017050fd68017b646c3c734b4c96ca593236c537806682233e513b33fb850475266ef28a5c34e9297ffbd213ef416263b306bfae257d1aef,male,hand,20260908,0,43.94124480731217,34.13125,38.86788918639675,17.941244807312167,8.131250000000001,12.867889186396752
1841.P15205,21,1841,1841:CUB003,female,hand,20260908,0,22.328701447759556,33.375,35.00387509873862,1.3287014477595562,12.375,14.003875098738618
10317.000063483,25,10317,10317:a7eb0dd2ec940ca9c3d8c905ee11b3f312886d2373352bf10804121fdb76ae9277a91ce4ea0f346e0c8b67c66e30cabba094db785b990ac67b6fa4ea8b65aeda,female,hand,20260908,0,48.93183358491968,32.9,37.769868170070225,23.93183358491968,7.899999999999999,12.769868170070225
10317.000026508,76,10317,10317:a158faae1efddbd20bb064586e2ed359d9d89fe23e5776aaf6362e6a33b0760e24e9c69462baab420cef8bacb535b245b3687a18e94f0a8e346556bdb347fb67,male,head,20260908,0,41.86956487216707,42.91875,42.34050116827009,34.13043512783293,33.08125,33.65949883172991
1841.F05909,18,1841,1841:NCS213,female,head,20260908,0,22.430800690649065,22.55,22.75073438488464,4.430800690649065,4.550000000000001,4.750734384884641
1841.P15925,22,1841,1841:CUB016,female,hand,20260908,0,22.328701447759556,23.48125,24.807732325586564,0.32870144775955623,1.4812499999999993,2.8077323255865636
1841.P15923,21,1841,1841:CUB000,female,hand,20260908,0,22.328701447759556,27.7375,26.07814976829404,1.3287014477595562,6.737500000000001,5.07814976829404
1841.F06289,30,1841,1841:NAU155,female,head,20260908,0,22.430800690649065,24.675,23.11030098235136,7.569199309350935,5.324999999999999,6.889699017648638
1841.F06286,30,1841,1841:NAU155,female,head,20260908,0,22.430800690649065,26.1125,22.890693499004573,7.569199309350935,3.8874999999999993,7.109306500995427
10317.000007080,48,10317,10317:63aa1010fee4655f80a2fd1ca92db0c9c662b7ff7dfeccd99a08edb7b7f5af8b2df1c92465690a27ee6aad1207495376abce78f3ddeffc05da0acb099f8efdb8,male,head,20260908,0,41.86956487216707,40.43125,40.9508466405671,6.130435127832932,7.568750000000001,7.0491533594329
1841.F05227,24,1841,1841:NAU109,male,head,20260908,0,25.13958165263923,23.63125,20.86377838219774,1.1395816526392295,0.3687499999999986,3.13622161780226
1841.P16310,20,1841,1841:NAU110,female,hand,20260908,0,22.328701447759556,30.71875,23.303158704803128,2.3287014477595562,10.71875,3.3031587048031277
1841.P16313,20,1841,1841:NAU123,male,hand,20260908,0,25.08375727791583,37.975,34.33929889310872,5.083757277915829,17.975,14.339298893108719
1841.P16315,24,1841,1841:NAU109,male,hand,20260908,0,25.08375727791583,26.26875,20.55518405700575,1.0837572779158293,2.2687500000000007,3.44481594299425
10317.000028832,36,10317,10317:3c63e41945a68fe74a43d054231d84ae90b185102915cbf4e13a11155b618c9d46daa02e507790f8529e4ff507dcc94f8b67e321b3ad761e17dfadff23c89742,male,head,20260908,0,41.86956487216707,41.8875,40.753281626957275,5.869564872167068,5.887500000000003,4.753281626957275
1841.P15043,21,1841,1841:CUB044,male,hand,20260908,0,25.08375727791583,22.81875,22.25653987037515,4.083757277915829,1.8187500000000014,1.2565398703751498
1841.P15042,22,1841,1841:CUB016,female,hand,20260908,0,22.328701447759556,22.6,24.75127100731995,0.32870144775955623,0.6000000000000014,2.75127100731995
1841.P15047,20,1841,1841:CUB027,female,hand,20260908,0,22.328701447759556,22.15625,23.83097747111904,2.3287014477595562,2.15625,3.8309774711190414
10317.000002722,67,10317,10317:552862a47c1f4572c6de06ef045a0b5dfe8124f8167b59fc9e3602a42e27303ea444e307e4d303917535cb422622610350e6897ddbc33a1a70a49944b51adc14,male,head,20260908,0,41.86956487216707,41.40625,44.1031147453137,25.130435127832932,25.59375,22.896885254686303
1841.P15269,21,1841,1841:CUB044,male,hand,20260908,0,25.08375727791583,30.79375,23.972542875778444,4.083757277915829,9.79375,2.9725428757784442
1841.P15599,20,1841,1841:NAU123,male,hand,20260908,0,25.08375727791583,23.38125,21.258094318084485,5.083757277915829,3.3812500000000014,1.2580943180844848
1841.P15267,21,1841,1841:CUB003,female,hand,20260908,0,22.328701447759556,24.5625,24.790725304411545,1.3287014477595562,3.5625,3.790725304411545
1841.P15260,21,1841,1841:CUB000,female,hand,20260908,0,22.328701447759556,26.88125,25.361324737450676,1.3287014477595562,5.881250000000001,4.361324737450676
1841.P15263,22,1841,1841:CUB016,female,hand,20260908,0,22.328701447759556,22.5625,23.830781825665447,0.32870144775955623,0.5625,1.8307818256654471
10317.000068854,31,10317,10317:8d85619d1e25428067315418f5821569f94dd8cc697ce5e8952a81c8abc325ca2f69b743c1d3539e71093dc8dadc81905dc33874b12ef6d990d55c610bfb1eb3,male,hand,20260908,0,43.94124480731217,36.95625,39.543823652712085,12.941244807312167,5.956249999999997,8.543823652712085
1841.F05038,20,1841,1841:NCS263,male,head,20260908,0,25.13958165263923,28.425,23.90585178881185,5.1395816526392295,8.425,3.9058517888118516
1841.F05033,20,1841,1841:NCS263,male,head,20260908,0,25.13958165263923,32.46875,20.329328704435618,5.1395816526392295,12.46875,0.3293287044356177
1841.F05031,23,1841,1841:NCS243,male,head,20260908,0,25.13958165263923,25.8375,19.732751749168617,2.1395816526392295,2.8374999999999986,3.2672482508313827
1841.F05036,22,1841,1841:NAU130,female,head,20260908,0,22.430800690649065,22.3125,22.055887668573867,0.4308006906490647,0.3125,0.05588766857386673
1841.F05034,20,1841,1841:NCS263,male,head,20260908,0,25.13958165263923,30.65625,21.87275836985104,5.1395816526392295,10.65625,1.8727583698510415
1841.F05693,22,1841,1841:CUB016,female,head,20260908,0,22.430800690649065,26.48125,26.01297138824164,0.4308006906490647,4.481249999999999,4.012971388241638
1841.F05692,21,1841,1841:CUB003,female,head,20260908,0,22.430800690649065,23.925,22.72027348005521,1.4308006906490647,2.9250000000000007,1.7202734800552086
1841.F05969,18,1841,1841:NCS213,female,head,20260908,0,22.430800690649065,22.51875,22.546714766854123,4.430800690649065,4.518750000000001,4.546714766854123
1841.P16107,24,1841,1841:NAU109,male,hand,20260908,0,25.08375727791583,24.7,23.73775105558967,1.0837572779158293,0.6999999999999993,0.26224894441033086
2010.1308,27,2010,2010:7,female,head,20260908,0,28.21743853884741,36.93125,26.60417160480893,1.2174385388474107,9.931249999999999,0.3958283951910708
10317.000014510,36,10317,10317:afc4cc1e970ef3c7c09dfc377d86b8cb6dd2b6fc250e40ad216859b782525e9a89692b141ec60d853e30f94d919e6d74c8ef2a10c87061cbb48939ce1a8ab53a,female,head,20260908,0,48.6684281429694,39.675,44.64376821762253,12.668428142969397,3.674999999999997,8.64376821762253
1841.F05550,20,1841,1841:NAU123,male,head,20260908,0,25.13958165263923,21.38125,19.49152989249249,5.1395816526392295,1.3812500000000014,0.5084701075075095
1841.F06119,21,1841,1841:CUB044,male,head,20260908,0,25.13958165263923,22.75625,20.049093077357956,4.1395816526392295,1.7562500000000014,0.9509069226420443
10317.000068847,30,10317,10317:8d85619d1e25428067315418f5821569f94dd8cc697ce5e8952a81c8abc325ca2f69b743c1d3539e71093dc8dadc81905dc33874b12ef6d990d55c610bfb1eb3,male,head,20260908,0,41.86956487216707,36.2625,39.91565862873921,11.869564872167068,6.262500000000003,9.915658628739209
1841.P15907,20,1841,1841:CUB008,male,hand,20260908,0,25.08375727791583,24.0375,22.753585521979616,5.083757277915829,4.037500000000001,2.753585521979616
1841.P15909,21,1841,1841:CUB003,female,hand,20260908,0,22.328701447759556,24.36875,24.683470635328355,1.3287014477595562,3.3687499999999986,3.683470635328355
1841.P15674,20,1841,1841:CUB008,male,hand,20260908,0,25.08375727791583,23.48125,22.1698208277729,5.083757277915829,3.4812499999999993,2.1698208277728988
1841.P15679,36,1841,1841:CUB042,male,hand,20260908,0,25.08375727791583,30.425,20.47828973539885,10.91624272208417,5.574999999999999,15.52171026460115
1841.F05207,24,1841,1841:NAU109,male,head,20260908,0,25.13958165263923,26.25625,23.38360387608496,1.1395816526392295,2.2562500000000014,0.6163961239150417
1841.P16426,20,1841,1841:NAU119,male,hand,20260908,0,25.08375727791583,23.28125,20.76472419883234,5.083757277915829,3.28125,0.7647241988323401
1841.F05209,24,1841,1841:NAU109,male,head,20260908,0,25.13958165263923,23.85,21.759351828637797,1.1395816526392295,0.14999999999999858,2.240648171362203
1841.P16395,22,1841,1841:NAU130,female,hand,20260908,0,22.328701447759556,23.4625,24.894186051329985,0.32870144775955623,1.4624999999999986,2.894186051329985
1841.P16370,20,1841,1841:NAU110,female,hand,20260908,0,22.328701447759556,34.40625,22.63175178943342,2.3287014477595562,14.40625,2.6317517894334195
1841.F05884,20,1841,1841:NAU110,female,head,20260908,0,22.430800690649065,28.6375,24.213938918018187,2.4308006906490647,8.6375,4.2139389180181865
1841.F06586,21,1841,1841:CUB003,female,head,20260908,0,22.430800690649065,24.73125,22.478019473660996,1.4308006906490647,3.7312499999999993,1.4780194736609964
1841.F06585,29,1841,1841:CUB011,female,head,20260908,0,22.430800690649065,24.25625,23.172231867808694,6.569199309350935,4.743749999999999,5.827768132191306
1841.F06582,21,1841,1841:CUB044,male,head,20260908,0,25.13958165263923,26.48125,22.603068813792916,4.1395816526392295,5.481249999999999,1.603068813792916
1841.F06580,21,1841,1841:CUB000,female,head,20260908,0,22.430800690649065,25.69375,25.6053075297854,1.4308006906490647,4.693750000000001,4.605307529785399
1841.F06581,21,1841,1841:CUB003,female,head,20260908,0,22.430800690649065,27.15625,25.431524696910063,1.4308006906490647,6.15625,4.4315246969100635
1841.F06326,29,1841,1841:CUB011,female,head,20260908,0,22.430800690649065,22.4875,24.72309543008899,6.569199309350935,6.512499999999999,4.276904569911011
1841.F06329,22,1841,1841:CUB016,female,head,20260908,0,22.430800690649065,23.425,22.968718891098533,0.4308006906490647,1.4250000000000007,0.9687188910985327
1841.P15249,20,1841,1841:CUB008,male,hand,20260908,0,25.08375727791583,25.05,20.653356578756345,5.083757277915829,5.050000000000001,0.6533565787563447
1841.P16299,30,1841,1841:NAU155,female,hand,20260908,0,22.328701447759556,23.7,23.952724810502595,7.671298552240444,6.300000000000001,6.047275189497405
1841.F05941,18,1841,1841:NCS213,female,head,20260908,0,22.430800690649065,27.06875,23.91167232605855,4.430800690649065,9.068750000000001,5.91167232605855
1841.F05415,20,1841,1841:NAU119,male,head,20260908,0,25.13958165263923,22.60625,20.035267613866335,5.1395816526392295,2.6062499999999993,0.03526761386633481
10317.000015453,46,10317,10317:3483b70983107b3501a2fdeab0f7e00b06ec05b5a7afdf499c410267e4aa99ea36b3643db981cdf6f557435d6ff028c1059e2bc75261e6f468598f093fde8b72,male,hand,20260908,0,43.94124480731217,39.4125,45.02134663349621,2.0587551926878334,6.587499999999999,0.9786533665037922
1841.F05452,30,1841,1841:NAU155,female,head,20260908,0,22.430800690649065,26.0875,23.504831104672824,7.569199309350935,3.9125000000000014,6.495168895327176
10317.000005234,55,10317,10317:45e54011490a1e8319d45ba35b5c9c687e4ec395fd00d5bd3b927f21b897135e002c9c488ced29f5644e9cc87c9d6d420ce68c9a95f88b151cd7a4c6182ead64,male,hand,20260908,0,43.94124480731217,40.925,42.4112895600994,11.058755192687833,14.075000000000003,12.588710439900602
1841.P15005,29,1841,1841:CUB011,female,hand,20260908,0,22.328701447759556,25.475,26.47525193240478,6.671298552240444,3.5249999999999986,2.524748067595219
1841.P15007,21,1841,1841:CUB003,female,hand,20260908,0,22.328701447759556,24.4375,26.653542765505183,1.3287014477595562,3.4375,5.653542765505183
1841.P15002,22,1841,1841:CUB016,female,hand,20260908,0,22.328701447759556,23.1,23.992686149437183,0.32870144775955623,1.1000000000000014,1.9926861494371835
1841.F06308,22,1841,1841:CUB016,female,head,20260908,0,22.430800690649065,23.78125,25.70470378566376,0.4308006906490647,1.78125,3.70470378566376
1841.F06305,20,1841,1841:CUB008,male,head,20260908,0,25.13958165263923,24.425,21.42427112255106,5.1395816526392295,4.425000000000001,1.4242711225510583
10317.000007105,53,10317,10317:ebedffb9e4d507d8cbaa7af0405caf451aa201d9746c76619a2a69f6b1c164e191af34fbad4f50a53bbb30a92cba77bf673b82db2b687fa2258240612900791e,male,hand,20260908,0,43.94124480731217,45.83125,47.472103337196565,9.058755192687833,7.168750000000003,5.527896662803435
10317.000007106,53,10317,10317:ebedffb9e4d507d8cbaa7af0405caf451aa201d9746c76619a2a69f6b1c164e191af34fbad4f50a53bbb30a92cba77bf673b82db2b687fa2258240612900791e,male,head,20260908,0,41.86956487216707,45.78125,45.037016665963016,11.130435127832932,7.21875,7.962983334036984
10317.000007103,53,10317,10317:ebedffb9e4d507d8cbaa7af0405caf451aa201d9746c76619a2a69f6b1c164e191af34fbad4f50a53bbb30a92cba77bf673b82db2b687fa2258240612900791e,male,hand,20260908,0,43.94124480731217,47.4625,50.33151963467024,9.058755192687833,5.537500000000001,2.6684803653297635
1841.F05431,30,1841,1841:NAU155,female,head,20260908,0,22.430800690649065,25.86875,23.352396386195057,7.569199309350935,4.131250000000001,6.647603613804943
10317.000031099,55,10317,10317:c652f7d5d732f3e629d4d90cf706462d9f50414ad33c8efbe370e13cba2467159fd00b1af99fda0aaa19aab27b068e2d581735424ec0b886d2867320bad0e931,male,head,20260908,0,41.86956487216707,40.43125,43.60699979181476,13.130435127832932,14.568750000000001,11.393000208185242
1841.F05434,20,1841,1841:NAU119,male,head,20260908,0,25.13958165263923,23.30625,20.182965219219213,5.1395816526392295,3.3062499999999986,0.18296521921921283
1841.F06211,22,1841,1841:NAU130,female,head,20260908,0,22.430800690649065,21.925,22.61413690469671,0.4308006906490647,0.07499999999999929,0.6141369046967107
1841.P15021,20,1841,1841:CUB027,female,hand,20260908,0,22.328701447759556,22.5375,25.62175795593973,2.3287014477595562,2.5375000000000014,5.6217579559397315
1841.P15025,21,1841,1841:CUB003,female,hand,20260908,0,22.328701447759556,26.68125,24.360914889874323,1.3287014477595562,5.681249999999999,3.360914889874323
1841.F06368,29,1841,1841:CUB011,female,head,20260908,0,22.430800690649065,22.675,23.481321191100815,6.569199309350935,6.324999999999999,5.518678808899185
1841.F06361,20,1841,1841:CUB008,male,head,20260908,0,25.13958165263923,22.90625,21.387904214124436,5.1395816526392295,2.90625,1.3879042141244362
1841.P15221,36,1841,1841:CUB042,male,hand,20260908,0,25.08375727791583,35.38125,28.16172652985138,10.91624272208417,0.6187499999999986,7.838273470148621
10317.000063476,25,10317,10317:a7eb0dd2ec940ca9c3d8c905ee11b3f312886d2373352bf10804121fdb76ae9277a91ce4ea0f346e0c8b67c66e30cabba094db785b990ac67b6fa4ea8b65aeda,female,head,20260908,0,48.6684281429694,36.00625,35.3405475547647,23.668428142969397,11.006250000000001,10.340547554764697
1841.P15222,21,1841,1841:CUB000,female,hand,20260908,0,22.328701447759556,28.05625,27.269391192902496,1.3287014477595562,7.056249999999999,6.269391192902496
1841.F05987,18,1841,1841:NCS213,female,head,20260908,0,22.430800690649065,23.01875,23.44744865852184,4.430800690649065,5.018750000000001,5.447448658521839
1841.P16251,20,1841,1841:NAU119,male,hand,20260908,0,25.08375727791583,22.54375,20.17938700706287,5.083757277915829,2.5437499999999993,0.17938700706287136
1841.F06170,20,1841,1841:CUB008,male,head,20260908,0,25.13958165263923,22.5125,21.029299517344885,5.1395816526392295,2.5124999999999993,1.0292995173448851
1841.P15612,20,1841,1841:CUB008,male,hand,20260908,0,25.08375727791583,23.0625,22.208411000738483,5.083757277915829,3.0625,2.208411000738483
1841.P16552,21,1841,1841:CUB044,male,hand,20260908,0,25.08375727791583,24.75625,21.409588545840997,4.083757277915829,3.7562500000000014,0.4095885458409967
10317.000048390,21,10317,10317:30d7ca7c505d10cb4c76c0443a75de8f2f826d67386377db4fa33b8983b7e1be84ec36794891a1993f919a1c5c528a78e39e90c8c94320bc3b555e3aa3643685,female,hand,20260908,0,48.93183358491968,45.83125,49.59735226142163,27.93183358491968,24.831249999999997,28.597352261421626
1841.F05843,22,1841,1841:NAU130,female,head,20260908,0,22.430800690649065,22.2125,23.01098991499305,0.4308006906490647,0.21249999999999858,1.0109899149930506
1841.P16553,29,1841,1841:CUB011,female,hand,20260908,0,22.328701447759556,23.8125,24.723333163481307,6.671298552240444,5.1875,4.276666836518693
1841.F06439,20,1841,1841:CUB027,female,head,20260908,0,22.430800690649065,23.35625,24.151550680571084,2.4308006906490647,3.3562499999999993,4.151550680571084
1841.F06589,20,1841,1841:CUB027,female,head,20260908,0,22.430800690649065,25.10625,25.99581322220425,2.4308006906490647,5.106249999999999,5.9958132222042515
1841.F05617,29,1841,1841:CUB011,female,head,20260908,0,22.430800690649065,23.2875,23.05996043129581,6.569199309350935,5.712499999999999,5.94003956870419
1841.P15407,18,1841,1841:NCS213,female,hand,20260908,0,22.328701447759556,23.58125,24.880961716315568,4.328701447759556,5.581250000000001,6.880961716315568
1841.P16272,22,1841,1841:NAU130,female,hand,20260908,0,22.328701447759556,23.76875,25.10952010646249,0.32870144775955623,1.7687500000000007,3.10952010646249
1841.F05477,20,1841,1841:NAU110,female,head,20260908,0,22.430800690649065,27.39375,24.601885403212048,2.4308006906490647,7.393750000000001,4.601885403212048
1841.F05474,22,1841,1841:NAU130,female,head,20260908,0,22.430800690649065,21.8625,23.49326571025937,0.4308006906490647,0.1374999999999993,1.4932657102593687
1841.P16187,24,1841,1841:NAU109,male,hand,20260908,0,25.08375727791583,22.65,21.39426016759861,1.0837572779158293,1.3500000000000014,2.6057398324013903
1841.P16186,24,1841,1841:NAU109,male,hand,20260908,0,25.08375727791583,26.7625,23.6104894222141,1.0837572779158293,2.7624999999999993,0.3895105777858987
1841.P16182,20,1841,1841:NAU119,male,hand,20260908,0,25.08375727791583,24.15,21.21832415648742,5.083757277915829,4.149999999999999,1.2183241564874194
1841.F05647,21,1841,1841:CUB044,male,head,20260908,0,25.13958165263923,23.85625,20.802926142659764,4.1395816526392295,2.8562499999999993,0.19707385734023575
1841.P15181,18,1841,1841:NCS213,female,hand,20260908,0,22.328701447759556,25.06875,24.04367867676016,4.328701447759556,7.068750000000001,6.043678676760159
1841.P16513,29,1841,1841:CUB011,female,hand,20260908,0,22.328701447759556,24.8375,26.11975453306676,6.671298552240444,4.162500000000001,2.880245466933239
10317.000007128,39,10317,10317:8b672a386ead28ace9c7eaea68003a8d0be6651cf9544c799a49155c372bc6524d53fd7aae5b008caced52ac352c5fe0a4810a846032621cf2d9fc79200e1218,unknown,head,20260908,0,41.74363258296698,45.45,46.33654751113532,2.743632582966981,6.450000000000003,7.336547511135322
10317.000007129,39,10317,10317:8b672a386ead28ace9c7eaea68003a8d0be6651cf9544c799a49155c372bc6524d53fd7aae5b008caced52ac352c5fe0a4810a846032621cf2d9fc79200e1218,unknown,hand,20260908,0,46.87779727578943,43.5625,47.92266862914269,7.877797275789433,4.5625,8.922668629142692
1841.F06413,20,1841,1841:CUB008,male,head,20260908,0,25.13958165263923,25.71875,21.785244660146947,5.1395816526392295,5.71875,1.7852446601469474
1841.F06414,36,1841,1841:CUB042,male,head,20260908,0,25.13958165263923,29.675,21.19999561489272,10.86041834736077,6.324999999999999,14.800004385107279
1841.F06415,22,1841,1841:CUB016,female,head,20260908,0,22.430800690649065,23.08125,22.90250721638506,0.4308006906490647,1.0812500000000007,0.9025072163850609
10317.000049130,48,10317,10317:9f89ce9cb3dd20b1b698031ff7eb1f66511855e4c05edd9fc525916e365f4d81ff5e46e5432e82c4e4cc62f66a9167138f3bce9a784b0404333ee6c82e195bd6,male,head,20260908,0,41.86956487216707,42.35625,42.90098453118292,6.130435127832932,5.643749999999997,5.099015468817079
10317.000049131,48,10317,10317:9f89ce9cb3dd20b1b698031ff7eb1f66511855e4c05edd9fc525916e365f4d81ff5e46e5432e82c4e4cc62f66a9167138f3bce9a784b0404333ee6c82e195bd6,male,hand,20260908,0,43.94124480731217,40.8875,43.70584383563121,4.058755192687833,7.112499999999997,4.294156164368793
10317.000049132,48,10317,10317:9f89ce9cb3dd20b1b698031ff7eb1f66511855e4c05edd9fc525916e365f4d81ff5e46e5432e82c4e4cc62f66a9167138f3bce9a784b0404333ee6c82e195bd6,male,hand,20260908,0,43.94124480731217,41.73125,43.36321303113995,4.058755192687833,6.268749999999997,4.636786968860051
1841.P15792,20,1841,1841:NAU119,male,hand,20260908,0,25.08375727791583,22.30625,20.821570063373883,5.083757277915829,2.3062499999999986,0.8215700633738834
1841.P15429,24,1841,1841:NCS245,female,hand,20260908,0,22.328701447759556,26.5875,25.7362455947213,1.6712985522404438,2.5874999999999986,1.7362455947213
1841.P16210,20,1841,1841:NAU123,male,hand,20260908,0,25.08375727791583,31.1375,28.074983732580804,5.083757277915829,11.1375,8.074983732580804
1841.P15168,18,1841,1841:NCS213,female,hand,20260908,0,22.328701447759556,25.15,23.26586902672861,4.328701447759556,7.149999999999999,5.265869026728609
1841.P15163,18,1841,1841:NCS213,female,hand,20260908,0,22.328701447759556,24.5,23.452933541818663,4.328701447759556,6.5,5.452933541818663
1841.F06060,23,1841,1841:NCS243,male,head,20260908,0,25.13958165263923,28.36875,20.01159899236112,2.1395816526392295,5.368749999999999,2.988401007638881
1841.F06064,23,1841,1841:NCS243,male,head,20260908,0,25.13958165263923,25.5625,20.809916856185655,2.1395816526392295,2.5625,2.190083143814345
1841.P15308,23,1841,1841:NCS243,male,hand,20260908,0,25.08375727791583,26.6125,23.602107158337752,2.0837572779158293,3.6125000000000007,0.602107158337752
10317.000005236,55,10317,10317:45e54011490a1e8319d45ba35b5c9c687e4ec395fd00d5bd3b927f21b897135e002c9c488ced29f5644e9cc87c9d6d420ce68c9a95f88b151cd7a4c6182ead64,male,head,20260908,0,41.86956487216707,41.8625,42.88892589644104,13.130435127832932,13.137500000000003,12.111074103558963
1841.F06355,36,1841,1841:CUB042,male,head,20260908,0,25.13958165263923,28.51875,24.13217185539983,10.86041834736077,7.481249999999999,11.867828144600171
10317.000009724,39,10317,10317:8b672a386ead28ace9c7eaea68003a8d0be6651cf9544c799a49155c372bc6524d53fd7aae5b008caced52ac352c5fe0a4810a846032621cf2d9fc79200e1218,unknown,hand,20260908,0,46.87779727578943,42.1125,45.336361441910014,7.877797275789433,3.112499999999997,6.3363614419100145
2010.1260,27,2010,2010:1,female,head,20260908,0,28.21743853884741,38.26875,28.691498530463782,1.2174385388474107,11.268749999999997,1.6914985304637824
1841.P16535,22,1841,1841:CUB016,female,hand,20260908,0,22.328701447759556,22.85625,23.966562446071435,0.32870144775955623,0.8562499999999993,1.9665624460714355
1841.P16536,36,1841,1841:CUB042,male,hand,20260908,0,25.08375727791583,26.90625,23.31934349669564,10.91624272208417,9.09375,12.680656503304359
10317.000009725,39,10317,10317:8b672a386ead28ace9c7eaea68003a8d0be6651cf9544c799a49155c372bc6524d53fd7aae5b008caced52ac352c5fe0a4810a846032621cf2d9fc79200e1218,unknown,head,20260908,0,41.74363258296698,44.20625,47.91096161965524,2.743632582966981,5.206249999999997,8.91096161965524
10317.000009722,39,10317,10317:8b672a386ead28ace9c7eaea68003a8d0be6651cf9544c799a49155c372bc6524d53fd7aae5b008caced52ac352c5fe0a4810a846032621cf2d9fc79200e1218,unknown,hand,20260908,0,46.87779727578943,41.3,46.83445714528774,7.877797275789433,2.299999999999997,7.834457145287743
1841.F06474,22,1841,1841:CUB048,female,head,20260908,1,22.669314589124497,26.44375,25.04907728145725,0.6693145891244967,4.443750000000001,3.049077281457251
1841.F06472,22,1841,1841:CUB007,female,head,20260908,1,22.669314589124497,22.525,22.700603043876235,0.6693145891244967,0.5249999999999986,0.7006030438762352
1841.F05357,20,1841,1841:NCS210,female,head,20260908,1,22.669314589124497,24.625,24.74016563058597,2.6693145891244967,4.625,4.74016563058597
1841.F06381,21,1841,1841:CUB012,female,head,20260908,1,22.669314589124497,25.73125,25.936708623212436,1.6693145891244967,4.731249999999999,4.936708623212436
1841.F06385,22,1841,1841:CUB048,female,head,20260908,1,22.669314589124497,25.08125,25.13317894150828,0.6693145891244967,3.0812500000000007,3.1331789415082802
1841.F06389,23,1841,1841:CUB053,female,head,20260908,1,22.669314589124497,26.9875,24.91690284760599,0.3306854108755033,3.9875000000000007,1.9169028476059893
10317.000004984,61,10317,10317:4fcea5cd0a1bce2d5eabe662e771f90edf941650014bd56668c6086d789fa2cff4cfcf939a865e51ba74bb1cbabc385ec9acbcc1b41ee41e0ddd437171849719,female,head,20260908,1,48.675880220932626,42.9375,47.92374489197182,12.324119779067374,18.0625,13.076255108028178
1841.F05659,20,1841,1841:CUB010,female,head,20260908,1,22.669314589124497,24.4,22.830192997078196,2.6693145891244967,4.399999999999999,2.8301929970781963
1841.P16235,55,1841,1841:NAU149,male,hand,20260908,1,23.574170609185856,35.0,23.912738033720057,31.425829390814144,20.0,31.087261966279943
1841.P15327,20,1841,1841:NCS210,female,hand,20260908,1,22.67238999770871,23.975,27.25830160607083,2.6723899977087093,3.9750000000000014,7.25830160607083
2010.3168,31,2010,2010:43,female,head,20260908,1,26.8081546289343,37.4125,27.31982418390286,4.1918453710657,6.412500000000001,3.6801758160971403
10317.000015209,60,10317,10317:f85c35ccb1de86d528e1bc924109d3f1ef2725eff131fffbb4f955f2bf62f99d01df00160e393e9c7ca1eba714fcb5547b4952bd7ca8fbba07e51e58be5c6410,unknown,hand,20260908,1,48.10403745363554,45.3,50.604827362670534,11.895962546364458,14.700000000000003,9.395172637329466
10317.000020453,42,10317,10317:717a010ecae247e17c0d75cdc08151d79ef870155f338e469f89c0489311881fcd9a409c1f2f17cbfdb5c5e655cd7b7ba153016ff78cd3d0326a1da4bbbbe1b4,male,head,20260908,1,43.06452483822564,43.55,43.94068172470909,1.064524838225637,1.5499999999999972,1.940681724709087
1841.F05825,20,1841,1841:NAU115,male,head,20260908,1,23.6808843758732,21.94375,18.58290332750653,3.6808843758732017,1.9437500000000014,1.4170966724934715
1841.F05821,55,1841,1841:NAU149,male,head,20260908,1,23.6808843758732,29.3625,24.189074685782167,31.3191156241268,25.6375,30.810925314217833
10317.000006913,50,10317,10317:9efe5bb96e044b67cb80fc4069443555b8751175a7004a0a040349274f4aeacaa0bdcc77fe15bf3b071a944c2c9d4c02decf67f559f2a2d31615e4e98ed3e904,unknown,head,20260908,1,45.64777250013622,42.1125,47.208129852973165,4.35222749986378,7.887500000000003,2.7918701470268346
1841.P16555,20,1841,1841:CUB010,female,hand,20260908,1,22.67238999770871,23.475,23.623868321218232,2.6723899977087093,3.4750000000000014,3.6238683212182323
1841.P16550,20,1841,1841:CUB010,female,hand,20260908,1,22.67238999770871,23.0875,23.5039349194732,2.6723899977087093,3.0874999999999986,3.503934919473199
1841.P16003,23,1841,1841:CUB053,female,hand,20260908,1,22.67238999770871,24.3625,27.146967633974658,0.32761000229129067,1.3625000000000007,4.146967633974658
1841.F06139,22,1841,1841:CUB048,female,head,20260908,1,22.669314589124497,25.3,23.2252788102409,0.6693145891244967,3.3000000000000007,1.2252788102409014
10317.000049906,69,10317,10317:f468dfbfdc239f0e3bbe1de592c866535d2e70f74b05af2999cd5ac5b39818383c58a904146c605bc773f87fac2da08ddde7d4bedced3110d5c1d3b15657f73e,male,head,20260908,1,43.06452483822564,45.75,45.667895306945674,25.935475161774363,23.25,23.332104693054326
1841.F06454,23,1841,1841:CUB053,female,head,20260908,1,22.669314589124497,30.11875,25.30240563706628,0.3306854108755033,7.118749999999999,2.302405637066279
1841.F06456,20,1841,1841:CUB036,female,head,20260908,1,22.669314589124497,24.325,24.427564675429046,2.6693145891244967,4.324999999999999,4.427564675429046
10317.000010182,33,10317,10317:723b6b9cc65e7b32325680590272929f0ac00ca96b80b0fab7d4f3aa989891c4e461f3d54e5d04cec753535eff24d840aca7c4484f9aaf9507e8c09d37fc902b,unknown,head,20260908,1,45.64777250013622,44.66875,44.980022115338585,12.64777250013622,11.668750000000003,11.980022115338585
1841.F06026,20,1841,1841:NCS210,female,head,20260908,1,22.669314589124497,25.46875,23.619957438953453,2.6693145891244967,5.46875,3.6199574389534526
1841.F05595,21,1841,1841:NAU113,female,head,20260908,1,22.669314589124497,23.40625,22.746172045672587,1.6693145891244967,2.40625,1.746172045672587
10317.000068979,34,10317,10317:39f71cf33f09de164d937b070afbdb0ae6316326fe838edc8aeebb9c941d1edd0c4b841e5e1b5c435cf9310595d4cb9a17a4d2777234628da9e9e7e1cc78e36f,male,head,20260908,1,43.06452483822564,37.9125,40.636913610991755,9.064524838225637,3.9125000000000014,6.636913610991755
10317.000005637,32,10317,10317:8e6d5660e04b428afe96bc9b82f94ffbde8b593ec7e7a39e6d802ccde219bc29f29c18ff10e18b4c6a067ce34878d5cc2b0addc2b1e539d565c014f00b4d3452,unknown,hand,20260908,1,48.10403745363554,38.23125,47.128481411184055,16.10403745363554,6.231250000000003,15.128481411184055
10317.000005636,32,10317,10317:8e6d5660e04b428afe96bc9b82f94ffbde8b593ec7e7a39e6d802ccde219bc29f29c18ff10e18b4c6a067ce34878d5cc2b0addc2b1e539d565c014f00b4d3452,unknown,hand,20260908,1,48.10403745363554,40.36875,45.5419477661555,16.10403745363554,8.368749999999999,13.541947766155502
10317.000005634,32,10317,10317:8e6d5660e04b428afe96bc9b82f94ffbde8b593ec7e7a39e6d802ccde219bc29f29c18ff10e18b4c6a067ce34878d5cc2b0addc2b1e539d565c014f00b4d3452,unknown,head,20260908,1,45.64777250013622,38.11875,45.72980134308805,13.64777250013622,6.118749999999999,13.729801343088049
1841.F05161,55,1841,1841:NAU149,male,head,20260908,1,23.6808843758732,29.45625,21.831899353284264,31.3191156241268,25.54375,33.168100646715736
1841.F05162,21,1841,1841:NAU161,male,head,20260908,1,23.6808843758732,23.3625,19.564365155016475,2.6808843758732017,2.3625000000000007,1.4356348449835252
10317.000003207,56,10317,10317:8ce2fa4322344d737377931be840bf961f38b556f4fa437394b744900c1501895f7f56793071423d8af658d690902a9fb79c2d372eb011251cc952c8b26e075b,female,head,20260908,1,48.675880220932626,48.0625,52.701921426774575,7.324119779067374,7.9375,3.2980785732254247
1841.F06233,26,1841,1841:NAU146,female,head,20260908,1,22.669314589124497,27.225,24.038154511472698,3.3306854108755033,1.2250000000000014,1.9618454885273025
1841.F05844,55,1841,1841:NAU149,male,head,20260908,1,23.6808843758732,32.8875,22.26516005745688,31.3191156241268,22.112499999999997,32.73483994254312
10317.000041070,31,10317,10317:71e5fd7acb649ca95a67898db0fec25f330aaadd054f9606a2bf895d9748f5f2dbb072b66b2f8cbb341c64bf56f1d46adf1543d0cd7406a94c113f4c63d7e45a,female,hand,20260908,1,52.23387611273963,38.3375,43.99997506700514,21.23387611273963,7.337499999999999,12.999975067005138
1841.F06495,22,1841,1841:CUB004,female,head,20260908,1,22.669314589124497,28.15625,22.820112447190713,0.6693145891244967,6.15625,0.8201124471907129
1841.F06498,20,1841,1841:CUB010,female,head,20260908,1,22.669314589124497,22.91875,22.43077758352269,2.6693145891244967,2.9187499999999993,2.4307775835226906
1841.F05145,20,1841,1841:NAU115,male,head,20260908,1,23.6808843758732,23.41875,18.767929896410063,3.6808843758732017,3.4187499999999993,1.2320701035899368
10317.000049828,37,10317,10317:810a1cfb40a1b8da310e777113e7a6fa79ef435b2348c768e4213fd5c5dc7e3b2dfebad107eeb75d35a31c7a30a00b8e06c8bf1e32f03c95301328ac8be56fbf,male,head,20260908,1,43.06452483822564,47.675,43.91693319310374,6.064524838225637,10.674999999999997,6.916933193103738
1841.P15325,20,1841,1841:NCS210,female,hand,20260908,1,22.67238999770871,26.65625,26.7191555351286,2.6723899977087093,6.65625,6.7191555351286
1841.F05050,20,1841,1841:NCS210,female,head,20260908,1,22.669314589124497,24.1375,24.55359393242633,2.6693145891244967,4.137499999999999,4.553593932426331
1841.F05505,20,1841,1841:NAU115,male,head,20260908,1,23.6808843758732,22.93125,19.874646676423765,3.6808843758732017,2.9312499999999986,0.12535332357623474
10317.000015976,66,10317,10317:414c5f35ed69875718a4e654e86d9ae09236801e1b9600a2d4851f548bd46eec37144f9d5a5816365a76c4dcc4550e15afddf35bb18d7f072fece2fae39cd58b,male,head,20260908,1,43.06452483822564,47.79375,45.34240596933119,22.935475161774363,18.206249999999997,20.65759403066881
1841.F06570,20,1841,1841:CUB036,female,head,20260908,1,22.669314589124497,22.2625,22.989455434440025,2.6693145891244967,2.2624999999999993,2.989455434440025
2010.3272,31,2010,2010:43,female,head,20260908,1,26.8081546289343,40.7875,29.523502079286793,4.1918453710657,9.787500000000001,1.4764979207132072
1841.F05555,21,1841,1841:NAU161,male,head,20260908,1,23.6808843758732,23.375,19.68688807291862,2.6808843758732017,2.375,1.3131119270813798
1841.F06464,20,1841,1841:CUB036,female,head,20260908,1,22.669314589124497,22.53125,23.31418333001964,2.6693145891244967,2.53125,3.3141833300196417
1841.P15733,21,1841,1841:NAU161,male,hand,20260908,1,23.574170609185856,23.1125,19.508496572728948,2.574170609185856,2.1125000000000007,1.4915034272710521
1841.F06212,20,1841,1841:NAU115,male,head,20260908,1,23.6808843758732,22.9125,18.93309794191835,3.6808843758732017,2.9125000000000014,1.0669020580816486
10317.000068986,34,10317,10317:39f71cf33f09de164d937b070afbdb0ae6316326fe838edc8aeebb9c941d1edd0c4b841e5e1b5c435cf9310595d4cb9a17a4d2777234628da9e9e7e1cc78e36f,male,hand,20260908,1,43.80844190255221,39.45,39.92254592180064,9.808441902552211,5.450000000000003,5.922545921800641
1841.F05648,21,1841,1841:CUB012,female,head,20260908,1,22.669314589124497,26.7625,24.463554860224093,1.6693145891244967,5.762499999999999,3.463554860224093
1841.F06519,21,1841,1841:CUB012,female,head,20260908,1,22.669314589124497,24.4875,25.791318616784693,1.6693145891244967,3.4875000000000007,4.791318616784693
1841.F06517,20,1841,1841:CUB005,female,head,20260908,1,22.669314589124497,24.41875,23.993453599452153,2.6693145891244967,4.418749999999999,3.9934535994521525
1841.P15504,20,1841,1841:CUB010,female,hand,20260908,1,22.67238999770871,23.7375,25.50526016208982,2.6723899977087093,3.7375000000000007,5.505260162089819
1841.P15506,20,1841,1841:NAU115,male,hand,20260908,1,23.574170609185856,22.49375,20.885950262303368,3.574170609185856,2.4937499999999986,0.8859502623033677
1841.F05533,22,1841,1841:NAU116,male,head,20260908,1,23.6808843758732,23.325,18.683586681380618,1.6808843758732017,1.3249999999999993,3.3164133186193823
1841.P16085,20,1841,1841:NAU115,male,hand,20260908,1,23.574170609185856,22.9125,20.397612570194728,3.574170609185856,2.9125000000000014,0.3976125701947275
10317.000003167,56,10317,10317:ca3c1391f1ca6877569a02ad1a4bb08ec17ce43eb36e67a75c7021c818e8b0fc35d4d9d4f88d36031ef5d86fe5d42f004195994d262cc11012d12140268e85ba,male,hand,20260908,1,43.80844190255221,46.8625,50.025204001212586,12.191558097447789,9.137500000000003,5.974795998787414
1841.P15978,22,1841,1841:CUB048,female,hand,20260908,1,22.67238999770871,27.175,26.21313318801302,0.6723899977087093,5.175000000000001,4.213133188013021
1841.F06543,20,1841,1841:CUB010,female,head,20260908,1,22.669314589124497,23.5125,23.71248412059062,2.6693145891244967,3.5124999999999993,3.71248412059062
1841.F06530,22,1841,1841:CUB004,female,head,20260908,1,22.669314589124497,25.95625,22.716579122339816,0.6693145891244967,3.9562500000000007,0.7165791223398159
1841.F06539,23,1841,1841:CUB053,female,head,20260908,1,22.669314589124497,23.2,23.48450415757041,0.3306854108755033,0.1999999999999993,0.48450415757040943
10317.000049908,69,10317,10317:f468dfbfdc239f0e3bbe1de592c866535d2e70f74b05af2999cd5ac5b39818383c58a904146c605bc773f87fac2da08ddde7d4bedced3110d5c1d3b15657f73e,male,hand,20260908,1,43.80844190255221,43.59375,44.93850874095282,25.19155809744779,25.40625,24.06149125904718
1841.P15562,21,1841,1841:NAU161,male,hand,20260908,1,23.574170609185856,22.7625,20.054323561986507,2.574170609185856,1.7624999999999993,0.9456764380134928
10317.000008200,46,10317,10317:48d391496558e01a0104b2b5a59686340e1e6a0399c13717e18c37dc683db8cf9db7b16ae3e331f1f78373cf02cfc7c9565ca3f6b2d6eae259d9401e7d93b863,female,head,20260908,1,48.675880220932626,39.53125,46.213858731803505,2.6758802209326262,6.46875,0.213858731803505
1841.P15967,20,1841,1841:CUB005,female,hand,20260908,1,22.67238999770871,28.60625,25.188313433368716,2.6723899977087093,8.60625,5.188313433368716
10317.000063284,29,10317,10317:c78075767b35e039a0b606f8a727e3fc3e2823715abe6a1c7c9956e664a6ff667e1ed5a2426907b56b3a7776221005afb7b5f38d5a651d25074abdbea76cec2f,male,head,20260908,1,43.06452483822564,39.65625,39.50229615409657,14.064524838225637,10.65625,10.50229615409657
1841.P15957,20,1841,1841:CUB010,female,hand,20260908,1,22.67238999770871,23.14375,24.543872377035115,2.6723899977087093,3.1437500000000007,4.543872377035115
1841.P15951,22,1841,1841:CUB048,female,hand,20260908,1,22.67238999770871,27.1875,25.63315586104045,0.6723899977087093,5.1875,3.63315586104045
10317.000029543,48,10317,10317:c86071d17549b1edea0c1ee4fd08d1f8f445ff93e7557a199712b7b28cc1547cf0bf2fbe6c28e355b5a962568aa61b5f158ed2022969d51ccb413287f708fe10,female,head,20260908,1,48.675880220932626,43.175,45.687433642924894,0.6758802209326262,4.825000000000003,2.312566357075106
1841.P16322,21,1841,1841:NAU161,male,hand,20260908,1,23.574170609185856,22.43125,19.99665450007225,2.574170609185856,1.4312499999999986,1.0033454999277502
1841.F06450,20,1841,1841:CUB005,female,head,20260908,1,22.669314589124497,22.25,23.539352567936813,2.6693145891244967,2.25,3.539352567936813
1841.F06451,23,1841,1841:CUB053,female,head,20260908,1,22.669314589124497,27.5,25.004313820668543,0.3306854108755033,4.5,2.0043138206685427
1841.P15098,22,1841,1841:CUB048,female,hand,20260908,1,22.67238999770871,24.28125,24.985204014547453,0.6723899977087093,2.28125,2.9852040145474525
1841.P15093,22,1841,1841:CUB007,female,hand,20260908,1,22.67238999770871,23.55625,23.64067114465659,0.6723899977087093,1.5562499999999986,1.64067114465659
1841.P15238,20,1841,1841:CUB005,female,hand,20260908,1,22.67238999770871,25.65,27.10485562265323,2.6723899977087093,5.649999999999999,7.104855622653229
1841.P16539,22,1841,1841:CUB004,female,hand,20260908,1,22.67238999770871,29.54375,24.200291921519128,0.6723899977087093,7.543749999999999,2.2002919215191277
1841.P15939,22,1841,1841:CUB007,female,hand,20260908,1,22.67238999770871,26.35,25.26296490570084,0.6723899977087093,4.350000000000001,3.2629649057008407
1841.P15938,21,1841,1841:CUB012,female,hand,20260908,1,22.67238999770871,28.85625,27.847425918163413,1.6723899977087093,7.856249999999999,6.847425918163413
1841.P15936,23,1841,1841:CUB053,female,hand,20260908,1,22.67238999770871,25.725,27.776576006434205,0.32761000229129067,2.7250000000000014,4.776576006434205
10317.000005079,33,10317,10317:a29fd754368cde4d06c428f68fac03a5f07bc4192f8ad6f00b4dead3a90b4f2a07cda53d353c8eebcdf472b25a87cc69592d2bcf0fae7f901a0ee6e9cff063c9,male,head,20260908,1,43.06452483822564,41.04375,43.028524862577235,10.064524838225637,8.043750000000003,10.028524862577235
10317.000005291,69,10317,10317:f468dfbfdc239f0e3bbe1de592c866535d2e70f74b05af2999cd5ac5b39818383c58a904146c605bc773f87fac2da08ddde7d4bedced3110d5c1d3b15657f73e,male,hand,20260908,1,43.80844190255221,42.6375,46.69698596552936,25.19155809744779,26.362499999999997,22.303014034470642
1841.P16306,20,1841,1841:NAU115,male,hand,20260908,1,23.574170609185856,22.8875,20.67390863641123,3.574170609185856,2.8874999999999993,0.6739086364112303
1841.P15218,20,1841,1841:CUB005,female,hand,20260908,1,22.67238999770871,23.125,24.39712818326013,2.6723899977087093,3.125,4.397128183260129
1841.P15215,23,1841,1841:CUB053,female,hand,20260908,1,22.67238999770871,26.63125,26.265589577968804,0.32761000229129067,3.6312500000000014,3.265589577968804
1841.P15216,22,1841,1841:CUB007,female,hand,20260908,1,22.67238999770871,21.9875,24.527036989915015,0.6723899977087093,0.01249999999999929,2.5270369899150147
10317.000069142,34,10317,10317:2fe8dc51162640ecda81c266c7b13a12fa0b362550125c042231ebf311ae65b5597119ff4c21bc3e0d2daf7c54569db93c6d59b2cd8c7abd7c7e43d806b66718,male,hand,20260908,1,43.80844190255221,39.01875,40.400400104005385,9.808441902552211,5.018749999999997,6.400400104005385
1841.F05008,20,1841,1841:NCS210,female,head,20260908,1,22.669314589124497,23.36875,24.23122541357828,2.6693145891244967,3.3687499999999986,4.231225413578279
1841.F05009,20,1841,1841:NCS210,female,head,20260908,1,22.669314589124497,25.70625,24.64296769019247,2.6693145891244967,5.706250000000001,4.642967690192471
10317.000015207,60,10317,10317:f85c35ccb1de86d528e1bc924109d3f1ef2725eff131fffbb4f955f2bf62f99d01df00160e393e9c7ca1eba714fcb5547b4952bd7ca8fbba07e51e58be5c6410,unknown,hand,20260908,1,48.10403745363554,42.5,45.09298452465871,11.895962546364458,17.5,14.90701547534129
10317.000015208,60,10317,10317:f85c35ccb1de86d528e1bc924109d3f1ef2725eff131fffbb4f955f2bf62f99d01df00160e393e9c7ca1eba714fcb5547b4952bd7ca8fbba07e51e58be5c6410,unknown,head,20260908,1,45.64777250013622,44.3875,47.13164148165831,14.35222749986378,15.612499999999997,12.868358518341687
10317.000032844,34,10317,10317:2f99bf4f7ec4110bbb356ecafe18a81cf99c407dc04127efbbe24227d256b81c690640ad22fa2a115f1adb9a603c2509999f0325292f5ad6c80144726ff29fb3,male,head,20260908,1,43.06452483822564,42.96875,43.15502053318722,9.064524838225637,8.96875,9.15502053318722
1841.P16175,21,1841,1841:NAU161,male,hand,20260908,1,23.574170609185856,22.7625,20.463802543382247,2.574170609185856,1.7624999999999993,0.536197456617753
10317.000069075,22,10317,10317:62da411fb1daa598c9de6fec6d4999096c07c935e32acd264bd45573737d7ca012c560ebc6a3ff42a617cdb54d7d364fb719fc379b15ab5e772bbf3a7356dbde,female,head,20260908,1,48.675880220932626,35.50625,40.19179871542027,26.675880220932626,13.506250000000001,18.19179871542027
1841.F05430,20,1841,1841:NAU115,male,head,20260908,1,23.6808843758732,22.13125,20.170097751733056,3.6808843758732017,2.1312500000000014,0.1700977517330564
10317.000009079,24,10317,10317:78d12b80b1c72aca05eb432fc60c9d17e9d26e9976af5f011f95b27013837975271da44deb87ae11ab5d17f776090675276d08a78b15a8ad0920edeb6e7b75b0,male,head,20260908,1,43.06452483822564,42.1,41.54994124370311,19.064524838225637,18.1,17.54994124370311
1841.P15775,20,1841,1841:NAU115,male,hand,20260908,1,23.574170609185856,22.35,21.34168595054117,3.574170609185856,2.3500000000000014,1.3416859505411693
1841.P15774,55,1841,1841:NAU149,male,hand,20260908,1,23.574170609185856,33.10625,23.841547698217887,31.425829390814144,21.893749999999997,31.158452301782113
1841.P16362,20,1841,1841:NAU115,male,hand,20260908,1,23.574170609185856,22.3875,21.59455923311711,3.574170609185856,2.3874999999999993,1.59455923311711
1841.P16583,20,1841,1841:CUB036,female,hand,20260908,1,22.67238999770871,23.84375,24.574884507745764,2.6723899977087093,3.84375,4.5748845077457645
1841.F06597,22,1841,1841:CUB048,female,head,20260908,1,22.669314589124497,26.1125,23.45641715126082,0.6693145891244967,4.112500000000001,1.456417151260819
1841.F06591,21,1841,1841:CUB012,female,head,20260908,1,22.669314589124497,27.79375,26.49339988529421,1.6693145891244967,6.793749999999999,5.49339988529421
1841.F06592,20,1841,1841:CUB005,female,head,20260908,1,22.669314589124497,22.20625,22.566253415481608,2.6693145891244967,2.2062500000000007,2.566253415481608
1841.F06599,22,1841,1841:CUB004,female,head,20260908,1,22.669314589124497,26.4875,22.993270699937323,0.6693145891244967,4.487500000000001,0.9932706999373231
1841.F06598,20,1841,1841:CUB010,female,head,20260908,1,22.669314589124497,23.4375,22.886983714947743,2.6693145891244967,3.4375,2.8869837149477426
1841.P15050,21,1841,1841:CUB012,female,hand,20260908,1,22.67238999770871,23.71875,25.300152549508137,1.6723899977087093,2.71875,4.300152549508137
1841.P15056,23,1841,1841:CUB053,female,hand,20260908,1,22.67238999770871,26.4375,25.8824468379224,0.32761000229129067,3.4375,2.8824468379224015
1841.P15057,20,1841,1841:CUB036,female,hand,20260908,1,22.67238999770871,24.09375,26.215398070914528,2.6723899977087093,4.09375,6.215398070914528
1841.P15055,20,1841,1841:CUB005,female,hand,20260908,1,22.67238999770871,24.05,26.068997465651258,2.6723899977087093,4.050000000000001,6.0689974656512575
1841.F06333,23,1841,1841:CUB053,female,head,20260908,1,22.669314589124497,34.1375,28.45364495619475,0.3306854108755033,11.137500000000003,5.453644956194751
1841.F06339,20,1841,1841:CUB010,female,head,20260908,1,22.669314589124497,22.875,22.44831789032933,2.6693145891244967,2.875,2.4483178903293314
1841.F05680,22,1841,1841:CUB007,female,head,20260908,1,22.669314589124497,26.3625,21.764556891805736,0.6693145891244967,4.362500000000001,0.23544310819426428
1841.F05683,23,1841,1841:CUB053,female,head,20260908,1,22.669314589124497,28.0,28.23480434310333,0.3306854108755033,5.0,5.234804343103331
10317.000069058,31,10317,10317:198ec54664604b9ea87e10f11a6d8349037bf3b4e018e7fb9998979245d8f2079c24bef91d79183b5ff2e19efdc4c846a59dec7189d1fe7235717e66307e1a72,male,hand,20260908,1,43.80844190255221,35.2125,39.771133689722355,12.808441902552211,4.212499999999999,8.771133689722355
10317.000069051,31,10317,10317:198ec54664604b9ea87e10f11a6d8349037bf3b4e018e7fb9998979245d8f2079c24bef91d79183b5ff2e19efdc4c846a59dec7189d1fe7235717e66307e1a72,male,head,20260908,1,43.06452483822564,37.4125,39.47803628629258,12.064524838225637,6.412500000000001,8.478036286292578
2010.1814,34,2010,2010:17,female,head,20260908,1,26.8081546289343,33.475,26.999473165497623,7.1918453710657,0.5249999999999986,7.000526834502377
1841.F06230,55,1841,1841:NAU149,male,head,20260908,1,23.6808843758732,31.3375,22.047507963738127,31.3191156241268,23.6625,32.95249203626187
1841.F05256,21,1841,1841:NAU161,male,head,20260908,1,23.6808843758732,24.2625,20.40592913118716,2.6808843758732017,3.2624999999999993,0.5940708688128389
1841.F05252,55,1841,1841:NAU149,male,head,20260908,1,23.6808843758732,25.65625,21.55649846507951,31.3191156241268,29.34375,33.443501534920486
1841.P15070,20,1841,1841:CUB036,female,hand,20260908,1,22.67238999770871,22.79375,24.98236835117423,2.6723899977087093,2.7937499999999993,4.98236835117423
1841.P15074,22,1841,1841:CUB004,female,hand,20260908,1,22.67238999770871,28.9,25.99130165209206,0.6723899977087093,6.899999999999999,3.9913016520920586
1841.F06317,21,1841,1841:CUB012,female,head,20260908,1,22.669314589124497,27.40625,24.67566982558004,1.6693145891244967,6.40625,3.675669825580041
1841.F06316,22,1841,1841:CUB007,female,head,20260908,1,22.669314589124497,21.93125,22.80840954415749,0.6693145891244967,0.06875000000000142,0.8084095441574917
1841.P15250,20,1841,1841:CUB010,female,hand,20260908,1,22.67238999770871,25.34375,27.5566960151973,2.6723899977087093,5.34375,7.5566960151973
1841.P16286,55,1841,1841:NAU149,male,hand,20260908,1,23.574170609185856,29.0625,23.589422794577867,31.425829390814144,25.9375,31.410577205422133
10317.000046210,26,10317,10317:2cadcc9c9bb4b3018c35f7012a5f45417f5e7d3c5a8205a3e266e3994e6d3a312146e795ee10a538d9dcde6a356e15798fdfc96aea7f23df2c8c505d8bb465a4,female,head,20260908,1,48.675880220932626,38.5125,45.978158530912566,22.675880220932626,12.512500000000003,19.978158530912566
1841.F06127,23,1841,1841:CUB053,female,head,20260908,1,22.669314589124497,25.775,26.49354107996282,0.3306854108755033,2.7749999999999986,3.493541079962821
1841.F05046,20,1841,1841:NCS210,female,head,20260908,1,22.669314589124497,25.175,23.09611240745795,2.6693145891244967,5.175000000000001,3.0961124074579516
1841.P15014,20,1841,1841:CUB036,female,hand,20260908,1,22.67238999770871,24.69375,26.40268909327386,2.6723899977087093,4.693750000000001,6.40268909327386
1841.P15012,23,1841,1841:CUB053,female,hand,20260908,1,22.67238999770871,24.91875,27.57654818936033,0.32761000229129067,1.9187499999999993,4.576548189360331
1841.P15010,21,1841,1841:CUB012,female,hand,20260908,1,22.67238999770871,24.0125,25.806314102233493,1.6723899977087093,3.0124999999999993,4.806314102233493
10317.000063416,36,10317,10317:702fbc8dfcb76217e73344a0a11dd54afca4b678302097929bc6cc1cadce5d5fc80da1e599a9d752eea1f081540d8b89772bcb670f71f2d38a11bdce484be812,female,head,20260908,1,48.675880220932626,40.00625,43.97488965130669,12.675880220932626,4.006250000000001,7.97488965130669
1841.F06372,20,1841,1841:CUB010,female,head,20260908,1,22.669314589124497,27.64375,23.485215791149656,2.6693145891244967,7.643750000000001,3.485215791149656
10317.000023059,74,10317,10317:7903469fb68001b987d8ac0d762e78777829661f7bb380ee87598fe94e18cb4f57d8029bf74c2f1db263f07017cfe1291af68c5ba65cfcdfc3998fff8bf67e81,female,head,20260908,1,48.675880220932626,46.55625,47.18895153410429,25.324119779067374,27.44375,26.81104846589571
1841.F05423,21,1841,1841:NAU161,male,head,20260908,1,23.6808843758732,23.325,19.570824043847352,2.6808843758732017,2.3249999999999993,1.4291759561526476
1841.F05425,55,1841,1841:NAU149,male,head,20260908,1,23.6808843758732,30.5875,21.389470125794908,31.3191156241268,24.4125,33.61052987420509
10317.000027763,32,10317,10317:cc923c4395f942a7be06745a9437731d12a282545bc59fe0b238fef4ed14300cab1a65ed16964ba9a8f4c846101d7788077d138343a7acc82f00e6b9375b6efb,male,hand,20260908,1,43.80844190255221,42.09375,44.427287133921745,11.808441902552211,10.09375,12.427287133921745
1841.P15608,22,1841,1841:CUB048,female,hand,20260908,1,22.67238999770871,32.43125,28.05728739880246,0.6723899977087093,10.431249999999999,6.057287398802458
1841.P15940,20,1841,1841:CUB036,female,hand,20260908,1,22.67238999770871,22.25,24.25299517218023,2.6723899977087093,2.25,4.252995172180231
1841.F05635,21,1841,1841:CUB012,female,head,20260908,1,22.669314589124497,24.76875,26.33047480564511,1.6693145891244967,3.7687500000000007,5.33047480564511
1841.F06426,22,1841,1841:CUB007,female,head,20260908,1,22.669314589124497,22.99375,24.321185869040907,0.6693145891244967,0.9937499999999986,2.3211858690409066
1841.F05191,26,1841,1841:NAU146,female,head,20260908,1,22.669314589124497,23.85,22.76782403759824,3.3306854108755033,2.1499999999999986,3.2321759624017616
1841.F05456,55,1841,1841:NAU149,male,head,20260908,1,23.6808843758732,29.625,22.969931147412243,31.3191156241268,25.375,32.03006885258776
1841.F05858,21,1841,1841:NAU161,male,head,20260908,1,23.6808843758732,23.1,20.40068242365535,2.6808843758732017,2.1000000000000014,0.5993175763446494
1841.F06168,20,1841,1841:CUB036,female,head,20260908,1,22.669314589124497,21.9125,22.67995977486982,2.6693145891244967,1.9125000000000014,2.6799597748698183
1841.P15996,22,1841,1841:CUB007,female,hand,20260908,1,22.67238999770871,25.9625,25.880922051591487,0.6723899977087093,3.9624999999999986,3.8809220515914866
10317.000012183,20,10317,10317:dcec02861cff21f48d1c5f3ed86756b2b4a7b0454ada0eebaf563693a8cb77d2a15532e24b80dea64c7e2834c1e81a8c3544105283aac287a4f258b2e279673f,unknown,head,20260908,1,45.64777250013622,41.2,45.2846118633042,25.64777250013622,21.200000000000003,25.2846118633042
1841.P16503,20,1841,1841:NCS210,female,hand,20260908,1,22.67238999770871,25.4375,26.95389190018884,2.6723899977087093,5.4375,6.9538919001888395
1841.P16502,20,1841,1841:NCS210,female,hand,20260908,1,22.67238999770871,26.16875,26.013372299820855,2.6723899977087093,6.168749999999999,6.013372299820855
1841.F05606,22,1841,1841:CUB048,female,head,20260908,1,22.669314589124497,26.25,23.841419204724236,0.6693145891244967,4.25,1.841419204724236
1841.F05608,23,1841,1841:CUB053,female,head,20260908,1,22.669314589124497,23.825,24.706058630350793,0.3306854108755033,0.8249999999999993,1.7060586303507925
1841.F05461,55,1841,1841:NAU149,male,head,20260908,1,23.6808843758732,30.30625,20.94318434158481,31.3191156241268,24.69375,34.05681565841519
1841.P16196,26,1841,1841:NAU146,female,hand,20260908,1,22.67238999770871,27.7875,27.872394325713618,3.3276100022912907,1.7875000000000014,1.8723943257136177
1841.P16194,26,1841,1841:NAU146,female,hand,20260908,1,22.67238999770871,25.025,27.237474772965975,3.3276100022912907,0.9750000000000014,1.2374747729659745
1841.P16199,21,1841,1841:NAU161,male,hand,20260908,1,23.574170609185856,25.6,21.24910388111357,2.574170609185856,4.600000000000001,0.24910388111356951
1841.P16449,20,1841,1841:NCS210,female,hand,20260908,1,22.67238999770871,27.54375,27.14459171817303,2.6723899977087093,7.543749999999999,7.144591718173029
1841.P16447,20,1841,1841:NCS210,female,hand,20260908,1,22.67238999770871,25.25,24.961774172319274,2.6723899977087093,5.25,4.961774172319274
2010.3131,31,2010,2010:43,female,head,20260908,1,26.8081546289343,33.1875,27.46917686107878,4.1918453710657,2.1875,3.530823138921221
1841.F05817,20,1841,1841:NAU115,male,head,20260908,1,23.6808843758732,23.05,18.49245176850533,3.6808843758732017,3.0500000000000007,1.5075482314946704
1841.P16526,22,1841,1841:CUB004,female,hand,20260908,1,22.67238999770871,23.05,23.216428803650956,0.6723899977087093,1.0500000000000007,1.216428803650956
1841.P16522,20,1841,1841:CUB005,female,hand,20260908,1,22.67238999770871,23.98125,24.036455763273352,2.6723899977087093,3.9812499999999993,4.036455763273352
1841.F06351,20,1841,1841:CUB036,female,head,20260908,1,22.669314589124497,22.68125,23.118763142306417,2.6693145891244967,2.6812499999999986,3.118763142306417
1841.F06397,22,1841,1841:CUB004,female,head,20260908,1,22.669314589124497,25.13125,24.03740190017164,0.6693145891244967,3.1312500000000014,2.0374019001716412
1841.F06393,22,1841,1841:CUB007,female,head,20260908,1,22.669314589124497,22.5375,22.42558037652732,0.6693145891244967,0.5375000000000014,0.4255803765273214
10317.000002610,56,10317,10317:dd3fbf0f2c96e9182d8538806757f0f2102c6124dfeb04c9fa449391b445968553d59114033b794df4532c7b77765fba1b12c00969628c268640fc23848b7978,female,head,20260908,1,48.675880220932626,47.08125,49.61653523283214,7.324119779067374,8.918750000000003,6.383464767167858
10317.000020708,38,10317,10317:06cf6f63a01f0bbf35a097b00d8e378ca6a8df068d8f99cb73feead69c041664f4cbec9fbc91e7f587844c43d5c16bab7d422b2890e7a2805db632fccecc39a0,female,hand,20260908,1,52.23387611273963,41.3125,44.73253012699778,14.23387611273963,3.3125,6.73253012699778
1841.P15789,21,1841,1841:NAU161,male,hand,20260908,1,23.574170609185856,24.475,20.434209894763825,2.574170609185856,3.4750000000000014,0.5657901052361751
1841.F05667,22,1841,1841:CUB004,female,head,20260908,1,22.669314589124497,23.00625,21.41612573556764,0.6693145891244967,1.0062500000000014,0.5838742644323602
1841.F05830,26,1841,1841:NAU146,female,head,20260908,1,22.669314589124497,25.45,24.34104501113113,3.3306854108755033,0.5500000000000007,1.6589549888688708
1841.F05623,22,1841,1841:CUB004,female,head,20260908,1,22.669314589124497,28.8625,23.050222211465325,0.6693145891244967,6.862500000000001,1.050222211465325
1841.P16013,26,1841,1841:NAU146,female,hand,20260908,1,22.67238999770871,31.63125,28.076988427419323,3.3276100022912907,5.631250000000001,2.076988427419323
1841.P16546,22,1841,1841:CUB004,female,hand,20260908,1,22.67238999770871,24.6625,25.379678829725563,0.6723899977087093,2.6625000000000014,3.379678829725563
1841.P16015,55,1841,1841:NAU149,male,hand,20260908,1,23.574170609185856,26.4375,23.918681448232064,31.425829390814144,28.5625,31.081318551767936
10317.000028935,49,10317,10317:59c5a0dcd9d6d45203241bf0d68b0edca829b4582f84f330ac3af24222033b834f16c878479c24ee630d0f140e43b819dacac90ab05a15289947fda4549dfdec,male,head,20260908,1,43.06452483822564,47.025,46.03612464136112,5.935475161774363,1.9750000000000014,2.96387535863888
10317.000015978,66,10317,10317:414c5f35ed69875718a4e654e86d9ae09236801e1b9600a2d4851f548bd46eec37144f9d5a5816365a76c4dcc4550e15afddf35bb18d7f072fece2fae39cd58b,male,hand,20260908,1,43.80844190255221,47.175,48.05489998947225,22.19155809744779,18.825000000000003,17.945100010527753
1841.F06446,21,1841,1841:CUB012,female,head,20260908,1,22.669314589124497,26.60625,25.499112403518033,1.6693145891244967,5.606249999999999,4.499112403518033
10317.000015465,69,10317,10317:f468dfbfdc239f0e3bbe1de592c866535d2e70f74b05af2999cd5ac5b39818383c58a904146c605bc773f87fac2da08ddde7d4bedced3110d5c1d3b15657f73e,male,hand,20260908,1,43.80844190255221,42.83125,47.11345399948807,25.19155809744779,26.168750000000003,21.886546000511927
10317.000005431,36,10317,10317:ca094c456996ab8a9ad0f33489c86fed9f280451a6cc84da275911ae7897e6bad66f0f5976a12854a9da9b8e65cc31dc6c689b846ae257ca5841dd6d1296e0ec,unknown,hand,20260908,1,48.10403745363554,41.26875,47.197393227184406,12.104037453635542,5.268749999999997,11.197393227184406
10317.000005430,36,10317,10317:ca094c456996ab8a9ad0f33489c86fed9f280451a6cc84da275911ae7897e6bad66f0f5976a12854a9da9b8e65cc31dc6c689b846ae257ca5841dd6d1296e0ec,unknown,hand,20260908,1,48.10403745363554,41.5125,47.41401240116752,12.104037453635542,5.512500000000003,11.414012401167518
10317.000005432,36,10317,10317:ca094c456996ab8a9ad0f33489c86fed9f280451a6cc84da275911ae7897e6bad66f0f5976a12854a9da9b8e65cc31dc6c689b846ae257ca5841dd6d1296e0ec,unknown,head,20260908,1,45.64777250013622,41.71875,44.10996794663457,9.64777250013622,5.71875,8.109967946634569
1841.F06557,20,1841,1841:CUB010,female,head,20260908,1,22.669314589124497,23.825,22.36942625576921,2.6693145891244967,3.8249999999999993,2.369426255769209
1841.F06004,20,1841,1841:NCS210,female,head,20260908,1,22.669314589124497,25.225,25.42037088597371,2.6693145891244967,5.225000000000001,5.4203708859737105
1841.F06484,22,1841,1841:CUB007,female,head,20260908,1,22.669314589124497,23.50625,22.647084030049307,0.6693145891244967,1.5062500000000014,0.6470840300493066
1841.F06481,20,1841,1841:CUB005,female,head,20260908,1,22.669314589124497,23.21875,22.329478143847908,2.6693145891244967,3.21875,2.3294781438479077
1841.P16568,22,1841,1841:CUB048,female,hand,20260908,1,22.67238999770871,26.85,24.88976156194829,0.6723899977087093,4.850000000000001,2.8897615619482906
1841.P16563,23,1841,1841:CUB053,female,hand,20260908,1,22.67238999770871,26.9125,26.13626996180709,0.32761000229129067,3.9125000000000014,3.1362699618070913
1841.P16562,22,1841,1841:CUB048,female,hand,20260908,1,22.67238999770871,27.55625,25.335329668702546,0.6723899977087093,5.556249999999999,3.3353296687025455
1841.P16564,20,1841,1841:CUB005,female,hand,20260908,1,22.67238999770871,22.425,24.89181171011739,2.6723899977087093,2.4250000000000007,4.891811710117391
10317.000028916,73,10317,10317:f683242e74204128eb6f0c48f059f9cc0f82c39979573e92a85625acbd1daa1c25397a2b8f8904604e543f3f09aaad3960234f5612a616d2bc9c639e9be3e5b9,female,head,20260908,1,48.675880220932626,43.54375,50.026780933512335,24.324119779067374,29.456249999999997,22.973219066487665
1841.F05117,26,1841,1841:NAU146,female,head,20260908,1,22.669314589124497,23.43125,23.016708671268933,3.3306854108755033,2.5687500000000014,2.9832913287310667
1841.P15279,22,1841,1841:CUB007,female,hand,20260908,1,22.67238999770871,24.4,24.714051383591418,0.6723899977087093,2.3999999999999986,2.7140513835914177
10317.000049825,38,10317,10317:810a1cfb40a1b8da310e777113e7a6fa79ef435b2348c768e4213fd5c5dc7e3b2dfebad107eeb75d35a31c7a30a00b8e06c8bf1e32f03c95301328ac8be56fbf,male,hand,20260908,1,43.80844190255221,44.38125,42.887626579424015,5.808441902552211,6.381250000000001,4.8876265794240155
1841.P16601,21,1841,1841:CUB012,female,hand,20260908,1,22.67238999770871,23.79375,27.43509199714238,1.6723899977087093,2.7937499999999993,6.435091997142379
1841.F05569,20,1841,1841:NAU115,male,head,20260908,1,23.6808843758732,21.7875,18.356778364420776,3.6808843758732017,1.7875000000000014,1.6432216355792235
1841.F06345,20,1841,1841:CUB036,female,head,20260908,1,22.669314589124497,22.2,22.135836546056105,2.6693145891244967,2.1999999999999993,2.1358365460561046
1841.F06489,21,1841,1841:CUB012,female,head,20260908,1,22.669314589124497,31.10625,28.84564530064774,1.6693145891244967,10.10625,7.845645300647739
1841.F05177,26,1841,1841:NAU146,female,head,20260908,1,22.669314589124497,26.7125,26.17112936554211,3.3306854108755033,0.7124999999999986,0.1711293655421109
10317.000005081,33,10317,10317:a29fd754368cde4d06c428f68fac03a5f07bc4192f8ad6f00b4dead3a90b4f2a07cda53d353c8eebcdf472b25a87cc69592d2bcf0fae7f901a0ee6e9cff063c9,male,hand,20260908,1,43.80844190255221,38.1375,42.778726973368535,10.808441902552211,5.137500000000003,9.778726973368535
10317.000005083,33,10317,10317:a29fd754368cde4d06c428f68fac03a5f07bc4192f8ad6f00b4dead3a90b4f2a07cda53d353c8eebcdf472b25a87cc69592d2bcf0fae7f901a0ee6e9cff063c9,male,hand,20260908,1,43.80844190255221,38.9375,42.53022301203236,10.808441902552211,5.9375,9.530223012032359
1841.F06540,22,1841,1841:CUB004,female,head,20260908,1,22.669314589124497,24.75,21.46686697205562,0.6693145891244967,2.75,0.5331330279443804
1841.F06546,22,1841,1841:CUB048,female,head,20260908,1,22.669314589124497,24.8,22.392773905800137,0.6693145891244967,2.8000000000000007,0.39277390580013716
10317.000063152,25,10317,10317:3e74c911b962f0afc2cdf9be99137894321cd28afa86ae9be26bfba86712502c3e8a61b4db55401131c7c041ae071ba253516caa7a7f9fd61b5038eea71d7d41,female,head,20260908,1,48.675880220932626,32.5,33.923203544915026,23.675880220932626,7.5,8.923203544915026
1841.P15083,21,1841,1841:CUB012,female,hand,20260908,1,22.67238999770871,29.35625,29.648582091250212,1.6723899977087093,8.35625,8.648582091250212
10317.000027366,37,10317,10317:482345a32e3a7b9b720d6fdc686fc3e70d753e64e43afd362ef02e1fc5dd37b501623bdb8a16c51af559d1fc8a5f1aea69b6791e90ce65954b3ece776b8e4868,male,hand,20260908,1,43.80844190255221,45.58125,48.337350932159794,6.808441902552211,8.581249999999997,11.337350932159794
1841.P15534,22,1841,1841:NAU116,male,hand,20260908,1,23.574170609185856,24.7875,19.606485662469137,1.574170609185856,2.7875000000000014,2.3935143375308634
1841.P15537,20,1841,1841:NAU115,male,hand,20260908,1,23.574170609185856,24.3875,21.136684840597916,3.574170609185856,4.387499999999999,1.1366848405979155
1841.F05896,26,1841,1841:NAU146,female,head,20260908,1,22.669314589124497,23.15625,24.02935575087305,3.3306854108755033,2.84375,1.9706442491269485
1841.F05328,19,1841,1841:NCS208,female,head,20260908,1,22.669314589124497,26.00625,24.08753781631983,3.6693145891244967,7.006250000000001,5.087537816319831
10317.000041069,31,10317,10317:71e5fd7acb649ca95a67898db0fec25f330aaadd054f9606a2bf895d9748f5f2dbb072b66b2f8cbb341c64bf56f1d46adf1543d0cd7406a94c113f4c63d7e45a,female,hand,20260908,1,52.23387611273963,39.45625,45.98899174156643,21.23387611273963,8.456249999999997,14.98899174156643
1841.P15709,21,1841,1841:NAU161,male,hand,20260908,1,23.574170609185856,23.275,20.789902259251058,2.574170609185856,2.2749999999999986,0.21009774074894239
10317.000028314,57,10317,10317:22d2760f969511df810ec5b468e81eb97e8822f3d303b2f72a874ee4196f9a705e1460b3be27a0a183fa9f8847872de4f8bf255567a7def57c62e260e4d758f0,male,head,20260908,1,43.06452483822564,39.50625,41.525670544083255,13.935475161774363,17.49375,15.474329455916745
10317.000068998,29,10317,10317:fad8ec3f3e1d0020041ba9c117373e6abfd242b0ece7d768af390422eb907827a7ac8fb22732c500478dcf1ab82bd83ed997d23b1233bce38d043d35edf8f47c,unknown,hand,20260908,1,48.10403745363554,37.575,41.7980640729928,19.10403745363554,8.575000000000003,12.798064072992801
10317.000068991,29,10317,10317:fad8ec3f3e1d0020041ba9c117373e6abfd242b0ece7d768af390422eb907827a7ac8fb22732c500478dcf1ab82bd83ed997d23b1233bce38d043d35edf8f47c,unknown,head,20260908,1,45.64777250013622,44.775,48.09947000791442,16.64777250013622,15.774999999999999,19.09947000791442
1841.P16391,55,1841,1841:NAU149,male,hand,20260908,1,23.574170609185856,29.54375,24.475049873250107,31.425829390814144,25.45625,30.524950126749893
1841.P16507,22,1841,1841:CUB004,female,hand,20260908,1,22.67238999770871,35.65625,34.25987422390335,0.6723899977087093,13.65625,12.259874223903353
1841.F06560,20,1841,1841:CUB005,female,head,20260908,1,22.669314589124497,23.475,22.489345686744997,2.6693145891244967,3.4750000000000014,2.489345686744997
1841.F06564,23,1841,1841:CUB053,female,head,20260908,1,22.669314589124497,22.23125,23.504376405757167,0.3306854108755033,0.7687500000000007,0.5043764057571671
1841.F05523,20,1841,1841:NAU115,male,head,20260908,1,23.6808843758732,24.13125,19.04341427129241,3.6808843758732017,4.131250000000001,0.9565857287075907
10317.000002296,59,10317,10317:1cdc297c8f2ba505978edaff0ca8a91960f6e37bcadd2d77435d2c65097bb57ad3ff6cc0fa9a2fb4694f352f0371cbd3faae7bad89ff335242858790807507c1,female,hand,20260908,1,52.23387611273963,43.125,50.81100232776934,6.76612388726037,15.875,8.188997672230663
10317.000063159,25,10317,10317:3e74c911b962f0afc2cdf9be99137894321cd28afa86ae9be26bfba86712502c3e8a61b4db55401131c7c041ae071ba253516caa7a7f9fd61b5038eea71d7d41,female,hand,20260908,1,52.23387611273963,31.4375,39.15353293471409,27.23387611273963,6.4375,14.153532934714093
1841.P15726,55,1841,1841:NAU149,male,hand,20260908,1,23.574170609185856,34.5875,24.136559036417903,31.425829390814144,20.4125,30.863440963582097
1841.F06226,55,1841,1841:NAU149,male,head,20260908,1,23.6808843758732,27.975,21.12835258530545,31.3191156241268,27.025,33.87164741469455
10317.000003441,50,10317,10317:bd5a894e45bb2eb6713f65d285f8814cb96d0de3ef15bb170f5968bc039588919fa9f9ed4ad18689cb92997342c0e17279efd41f4e2f858e6075291cd2fd04d7,female,hand,20260908,1,52.23387611273963,42.7,46.47045552140757,2.2338761127396296,7.299999999999997,3.5295444785924275
1841.F06509,22,1841,1841:CUB004,female,head,20260908,1,22.669314589124497,27.3625,26.64698831599847,0.6693145891244967,5.362500000000001,4.64698831599847
1841.F06507,22,1841,1841:CUB007,female,head,20260908,1,22.669314589124497,21.79375,22.06459362773135,0.6693145891244967,0.2062500000000007,0.06459362773135169
1841.F06505,20,1841,1841:CUB010,female,head,20260908,1,22.669314589124497,23.53125,22.7157663545406,2.6693145891244967,3.53125,2.7157663545406017
10317.000069135,34,10317,10317:2fe8dc51162640ecda81c266c7b13a12fa0b362550125c042231ebf311ae65b5597119ff4c21bc3e0d2daf7c54569db93c6d59b2cd8c7abd7c7e43d806b66718,male,head,20260908,1,43.06452483822564,39.8125,40.031954839837866,9.064524838225637,5.8125,6.031954839837866
1841.P15570,20,1841,1841:NAU115,male,hand,20260908,1,23.574170609185856,23.675,20.653661215633793,3.574170609185856,3.6750000000000007,0.6536612156337931
1841.F05056,21,1841,1841:NAU161,male,head,20260908,1,23.6808843758732,24.7875,19.787012559417885,2.6808843758732017,3.7875000000000014,1.2129874405821148
10317.000020406,21,10317,10317:067f46a4c1905f4c5da538e403fcc7d5af159a01e7cf12222f38ba20baa75d47585bf073da073889ebf123e47d4d51985f22c2591db7d64cd298c3fefa779aaa,female,head,20260908,1,48.675880220932626,35.13125,41.554387686718066,27.675880220932626,14.131250000000001,20.554387686718066
10317.000063291,29,10317,10317:c78075767b35e039a0b606f8a727e3fc3e2823715abe6a1c7c9956e664a6ff667e1ed5a2426907b56b3a7776221005afb7b5f38d5a651d25074abdbea76cec2f,male,hand,20260908,1,43.80844190255221,42.53125,39.892139025372614,14.808441902552211,13.53125,10.892139025372614
1841.P15963,20,1841,1841:CUB010,female,hand,20260908,1,22.67238999770871,24.25,25.358193843361196,2.6723899977087093,4.25,5.358193843361196
1841.P15960,20,1841,1841:CUB036,female,hand,20260908,1,22.67238999770871,21.825,23.021492139441456,2.6723899977087093,1.8249999999999993,3.021492139441456
1841.P15740,55,1841,1841:NAU149,male,hand,20260908,1,23.574170609185856,27.8875,23.831474159241782,31.425829390814144,27.1125,31.168525840758218
10317.000035234,69,10317,10317:f468dfbfdc239f0e3bbe1de592c866535d2e70f74b05af2999cd5ac5b39818383c58a904146c605bc773f87fac2da08ddde7d4bedced3110d5c1d3b15657f73e,male,head,20260908,1,43.06452483822564,45.30625,45.060915153881595,25.935475161774363,23.69375,23.939084846118405
1841.F06243,55,1841,1841:NAU149,male,head,20260908,1,23.6808843758732,31.275,23.862253027738635,31.3191156241268,23.725,31.137746972261365
10317.000049905,69,10317,10317:f468dfbfdc239f0e3bbe1de592c866535d2e70f74b05af2999cd5ac5b39818383c58a904146c605bc773f87fac2da08ddde7d4bedced3110d5c1d3b15657f73e,male,hand,20260908,1,43.80844190255221,45.90625,42.91111678473479,25.19155809744779,23.09375,26.088883215265213
10317.000063219,34,10317,10317:a392cbf64e250298f990fe6714ca17e38472972feee9471db99da4dfcfd1fe8b106d9ec41e004081362ba7728e8ac7a9d25f3b658d31bc856798d1c4eabb81c0,male,hand,20260908,1,43.80844190255221,36.09375,41.04686478857917,9.808441902552211,2.09375,7.046864788579171
1841.F05267,26,1841,1841:NAU146,female,head,20260908,1,22.669314589124497,23.4375,21.91677201978983,3.3306854108755033,2.5625,4.083227980210172
1841.F05894,20,1841,1841:NAU115,male,head,20260908,1,23.6808843758732,22.86875,20.47738745662801,3.6808843758732017,2.8687499999999986,0.4773874566280085
1841.P16556,23,1841,1841:CUB053,female,hand,20260908,1,22.67238999770871,23.63125,25.283135580371617,0.32761000229129067,0.6312500000000014,2.283135580371617
1841.F06523,22,1841,1841:CUB007,female,head,20260908,1,22.669314589124497,23.7125,23.560533853371194,0.6693145891244967,1.7124999999999986,1.5605338533711937
1841.F06529,22,1841,1841:CUB004,female,head,20260908,1,22.669314589124497,26.15,22.788541310346567,0.6693145891244967,4.149999999999999,0.7885413103465666
1841.P15085,20,1841,1841:CUB005,female,hand,20260908,1,22.67238999770871,24.86875,25.99424778583756,2.6723899977087093,4.868749999999999,5.994247785837558
1841.P15080,20,1841,1841:CUB010,female,hand,20260908,1,22.67238999770871,22.54375,25.08669880122622,2.6723899977087093,2.5437499999999993,5.08669880122622
1841.P15226,20,1841,1841:CUB036,female,hand,20260908,1,22.67238999770871,25.94375,26.37544512592104,2.6723899977087093,5.943750000000001,6.37544512592104
1841.P15229,21,1841,1841:CUB012,female,hand,20260908,1,22.67238999770871,26.3875,26.489167659262005,1.6723899977087093,5.387499999999999,5.489167659262005
1841.P15413,20,1841,1841:NCS210,female,hand,20260908,1,22.67238999770871,23.46875,25.327113887299255,2.6723899977087093,3.46875,5.327113887299255
1841.F05604,20,1841,1841:CUB036,female,head,20260908,1,22.669314589124497,23.425,24.36960244589891,2.6693145891244967,3.4250000000000007,4.369602445898909
1841.P16339,55,1841,1841:NAU149,male,hand,20260908,1,23.574170609185856,30.275,24.335796075816045,31.425829390814144,24.725,30.664203924183955
1841.P16445,21,1841,1841:NAU161,male,hand,20260908,1,23.574170609185856,23.2625,22.181674063666915,2.574170609185856,2.2624999999999993,1.1816740636669145
1841.F06574,22,1841,1841:CUB048,female,head,20260908,1,22.669314589124497,26.98125,25.02131161414193,0.6693145891244967,4.981249999999999,3.021311614141929
1841.P15206,20,1841,1841:CUB036,female,hand,20260908,1,22.67238999770871,23.2375,24.235148522034777,2.6723899977087093,3.2375000000000007,4.235148522034777
1841.P15202,20,1841,1841:CUB036,female,hand,20260908,1,22.67238999770871,25.53125,26.131872051309383,2.6723899977087093,5.53125,6.131872051309383
1841.P15208,22,1841,1841:CUB048,female,hand,20260908,1,22.67238999770871,27.01875,26.276869465084054,0.6723899977087093,5.018750000000001,4.276869465084054
10317.000015217,46,10317,10317:dd55969d0664a6b5a0188fc460aa56c9db31fb38d59b1bc6cab8778141628932862c52634d68f1f637d42f51131e7fa48bfb164ddc9f18e878a3cf6cc8bb0a20,female,hand,20260908,1,52.23387611273963,46.69375,50.03113757987778,6.23387611273963,0.6937500000000014,4.031137579877779
10317.000015216,46,10317,10317:dd55969d0664a6b5a0188fc460aa56c9db31fb38d59b1bc6cab8778141628932862c52634d68f1f637d42f51131e7fa48bfb164ddc9f18e878a3cf6cc8bb0a20,female,hand,20260908,1,52.23387611273963,47.80625,52.40472563321837,6.23387611273963,1.8062499999999986,6.404725633218369
10317.000015219,46,10317,10317:dd55969d0664a6b5a0188fc460aa56c9db31fb38d59b1bc6cab8778141628932862c52634d68f1f637d42f51131e7fa48bfb164ddc9f18e878a3cf6cc8bb0a20,female,head,20260908,1,48.675880220932626,43.625,47.89348568689365,2.6758802209326262,2.375,1.8934856868936478
1841.P16165,55,1841,1841:NAU149,male,hand,20260908,1,23.574170609185856,26.56875,23.962766897753024,31.425829390814144,28.43125,31.037233102246976
10317.000069082,22,10317,10317:62da411fb1daa598c9de6fec6d4999096c07c935e32acd264bd45573737d7ca012c560ebc6a3ff42a617cdb54d7d364fb719fc379b15ab5e772bbf3a7356dbde,female,hand,20260908,1,52.23387611273963,36.56875,42.09890399009544,30.23387611273963,14.568750000000001,20.098903990095437
1841.P15926,21,1841,1841:CUB012,female,hand,20260908,1,22.67238999770871,25.06875,25.801761110947677,1.6723899977087093,4.068750000000001,4.801761110947677
1841.P15920,22,1841,1841:CUB004,female,hand,20260908,1,22.67238999770871,24.63125,23.772815789028925,0.6723899977087093,2.6312500000000014,1.7728157890289253
1841.F06288,55,1841,1841:NAU149,male,head,20260908,1,23.6808843758732,33.61875,25.47681027386939,31.3191156241268,21.38125,29.52318972613061
1841.F06282,55,1841,1841:NAU149,male,head,20260908,1,23.6808843758732,29.54375,21.66852945612925,31.3191156241268,25.45625,33.33147054387075
1841.F06287,21,1841,1841:NAU161,male,head,20260908,1,23.6808843758732,25.7125,20.414773519505,2.6808843758732017,4.712499999999999,0.5852264804949989
10317.000005289,69,10317,10317:f468dfbfdc239f0e3bbe1de592c866535d2e70f74b05af2999cd5ac5b39818383c58a904146c605bc773f87fac2da08ddde7d4bedced3110d5c1d3b15657f73e,male,head,20260908,1,43.06452483822564,44.8375,45.09437635972002,25.935475161774363,24.1625,23.905623640279977
1841.P16318,26,1841,1841:NAU146,female,hand,20260908,1,22.67238999770871,28.425,25.993575446242453,3.3276100022912907,2.4250000000000007,0.006424553757547358
1841.P16319,26,1841,1841:NAU146,female,hand,20260908,1,22.67238999770871,27.8,25.01490251139489,3.3276100022912907,1.8000000000000007,0.9850974886051098
10317.000015015,41,10317,10317:ce1fd98484e30049ab6a9f362cff6bacde2a68b949d54142b56fe830f015c8ec656e789dfe4d793ec0abc652ccb025d8f245a86aa12b68a7664f1f34156f22d4,male,head,20260908,1,43.06452483822564,47.41875,46.835626274058264,2.064524838225637,6.418750000000003,5.835626274058264
1841.F06342,22,1841,1841:CUB048,female,head,20260908,1,22.669314589124497,26.23125,24.163215098934103,0.6693145891244967,4.231249999999999,2.163215098934103
1841.P15041,22,1841,1841:CUB007,female,hand,20260908,1,22.67238999770871,22.4125,24.286468798089896,0.6723899977087093,0.4125000000000014,2.2864687980898957
1841.P15268,22,1841,1841:CUB048,female,hand,20260908,1,22.67238999770871,25.40625,24.267074828329484,0.6723899977087093,3.40625,2.267074828329484
1841.P15597,21,1841,1841:NAU113,female,hand,20260908,1,22.67238999770871,24.35,24.614729851602487,1.6723899977087093,3.3500000000000014,3.614729851602487
1841.P15262,20,1841,1841:CUB005,female,hand,20260908,1,22.67238999770871,23.81875,26.824525031957876,2.6723899977087093,3.8187500000000014,6.824525031957876
1841.P16092,26,1841,1841:NAU146,female,hand,20260908,1,22.67238999770871,26.79375,24.36577216125347,3.3276100022912907,0.7937499999999993,1.6342278387465292
1841.F05697,22,1841,1841:CUB048,female,head,20260908,1,22.669314589124497,26.30625,24.50545077188361,0.6693145891244967,4.306249999999999,2.505450771883609
1841.F05694,20,1841,1841:CUB005,female,head,20260908,1,22.669314589124497,26.53125,27.18016550372905,2.6693145891244967,6.53125,7.18016550372905
1841.P16100,26,1841,1841:NAU146,female,hand,20260908,1,22.67238999770871,22.5625,24.614161321793727,3.3276100022912907,3.4375,1.385838678206273
1841.P15672,20,1841,1841:CUB036,female,hand,20260908,1,22.67238999770871,23.0875,25.09294933253275,2.6723899977087093,3.0874999999999986,5.092949332532751
1841.F05206,26,1841,1841:NAU146,female,head,20260908,1,22.669314589124497,24.7875,24.674894770324084,3.3306854108755033,1.2124999999999986,1.3251052296759163
1841.F05202,21,1841,1841:NAU161,male,head,20260908,1,23.6808843758732,25.025,21.458009864785595,2.6808843758732017,4.024999999999999,0.4580098647855948
1841.P16373,20,1841,1841:NAU128,female,hand,20260908,1,22.67238999770871,26.5875,26.18494306859802,2.6723899977087093,6.587499999999999,6.18494306859802
1841.P16378,20,1841,1841:NAU115,male,hand,20260908,1,23.574170609185856,22.5625,20.445756422726394,3.574170609185856,2.5625,0.4457564227263937
1841.P16596,20,1841,1841:CUB005,female,hand,20260908,1,22.67238999770871,23.58125,25.356676533116257,2.6723899977087093,3.5812500000000007,5.356676533116257
1841.P16597,22,1841,1841:CUB004,female,hand,20260908,1,22.67238999770871,28.78125,25.180071242227328,0.6723899977087093,6.78125,3.180071242227328
1841.P16595,20,1841,1841:CUB010,female,hand,20260908,1,22.67238999770871,24.06875,23.719983508593145,2.6723899977087093,4.068750000000001,3.7199835085931454
1841.P16598,22,1841,1841:CUB048,female,hand,20260908,1,22.67238999770871,27.6125,25.29084205264876,0.6723899977087093,5.612500000000001,3.2908420526487596
1841.F06015,20,1841,1841:NCS210,female,head,20260908,1,22.669314589124497,23.7375,24.085796767679273,2.6693145891244967,3.7375000000000007,4.085796767679273
1841.P15068,22,1841,1841:CUB048,female,hand,20260908,1,22.67238999770871,30.0875,25.594667509539192,0.6723899977087093,8.087499999999999,3.5946675095391925
1841.P15067,22,1841,1841:CUB007,female,hand,20260908,1,22.67238999770871,26.59375,25.844819796172303,0.6723899977087093,4.59375,3.8448197961723025
1841.P15066,23,1841,1841:CUB053,female,hand,20260908,1,22.67238999770871,25.725,25.918543676851304,0.32761000229129067,2.7250000000000014,2.9185436768513036
1841.P15240,21,1841,1841:CUB012,female,hand,20260908,1,22.67238999770871,26.1125,27.84331956272287,1.6723899977087093,5.112500000000001,6.8433195627228685
1841.F06297,55,1841,1841:NAU149,male,head,20260908,1,23.6808843758732,26.50625,23.11259965253909,31.3191156241268,28.49375,31.88740034746091
1841.P15264,22,1841,1841:CUB004,female,hand,20260908,1,22.67238999770871,24.025,23.0468864049232,0.6723899977087093,2.0249999999999986,1.0468864049231996
1841.P16298,55,1841,1841:NAU149,male,hand,20260908,1,23.574170609185856,32.425,26.10951570246525,31.425829390814144,22.575000000000003,28.89048429753475
1841.P16295,55,1841,1841:NAU149,male,hand,20260908,1,23.574170609185856,27.93125,23.282776977324307,31.425829390814144,27.06875,31.717223022675693
1841.P16294,21,1841,1841:NAU161,male,hand,20260908,1,23.574170609185856,23.58125,22.116775596929298,2.574170609185856,2.5812500000000007,1.1167755969292976
10317.000063212,34,10317,10317:a392cbf64e250298f990fe6714ca17e38472972feee9471db99da4dfcfd1fe8b106d9ec41e004081362ba7728e8ac7a9d25f3b658d31bc856798d1c4eabb81c0,male,head,20260908,1,43.06452483822564,34.88125,39.77854669501789,9.064524838225637,0.8812500000000014,5.778546695017887
2010.1803,34,2010,2010:17,female,head,20260908,1,26.8081546289343,36.23125,28.530689574706884,7.1918453710657,2.231250000000003,5.469310425293116
1841.P16034,21,1841,1841:NAU161,male,hand,20260908,1,23.574170609185856,24.175,22.01726216930313,2.574170609185856,3.1750000000000007,1.0172621693031303
10317.000009042,46,10317,10317:df6f20fb4f08ca5e4d0752d216fd11416c51dcc4d2843a31934d166a9e80964e8a8ebaa924df11dde7c18ceb71cdaa8a5809afe436eae6c92ebcf896c5c92b64,female,hand,20260908,1,52.23387611273963,43.225,48.51852177626954,6.23387611273963,2.7749999999999986,2.5185217762695373
1841.F05439,21,1841,1841:NAU161,male,head,20260908,1,23.6808843758732,24.41875,19.357665476264724,2.6808843758732017,3.4187499999999993,1.6423345237352756
1841.F06323,22,1841,1841:CUB004,female,head,20260908,1,22.669314589124497,28.0375,22.10510425984344,0.6693145891244967,6.037500000000001,0.10510425984343996
1841.P15634,23,1841,1841:CUB053,female,hand,20260908,1,22.67238999770871,22.20625,24.314947346883507,0.32761000229129067,0.7937499999999993,1.314947346883507
10317.000072315,42,10317,10317:0cded5ec882014d599e408a086631081c42e2f070234c9e90d7244cf5e39d7d4150b713faf80aed64afaf4dd8ff14b76e9e204f93500060792828269add5de56,female,head,20260908,1,48.675880220932626,42.48125,45.9202417517805,6.675880220932626,0.48125000000000284,3.9202417517805017
10317.000079831,38,10317,10317:14023540704b6bc088ad4121fb1e4bb829db0af84dceeb6083083578533680a085ce6473901b2aa79e3843299e1ef69adfd4af41442ee2e3ba1981a43c5fea09,female,head,20260908,1,48.675880220932626,38.05625,43.67395775725387,10.675880220932626,0.05624999999999858,5.6739577572538735
1841.P15342,20,1841,1841:NCS210,female,hand,20260908,1,22.67238999770871,27.54375,26.080833782861585,2.6723899977087093,7.543749999999999,6.0808337828615855
1841.P15022,20,1841,1841:CUB010,female,hand,20260908,1,22.67238999770871,23.30625,24.003856071954576,2.6723899977087093,3.3062499999999986,4.003856071954576
1841.P15024,22,1841,1841:CUB048,female,hand,20260908,1,22.67238999770871,29.81875,25.1487286237567,0.6723899977087093,7.818750000000001,3.1487286237567
1841.F06365,20,1841,1841:CUB005,female,head,20260908,1,22.669314589124497,23.9375,23.23381901613354,2.6693145891244967,3.9375,3.233819016133541
1841.F06360,22,1841,1841:CUB007,female,head,20260908,1,22.669314589124497,23.4,21.62448332828844,0.6693145891244967,1.3999999999999986,0.37551667171155856
1841.P15284,23,1841,1841:CUB053,female,hand,20260908,1,22.67238999770871,31.4375,29.38413577145928,0.32761000229129067,8.4375,6.384135771459281
10317.000005290,69,10317,10317:f468dfbfdc239f0e3bbe1de592c866535d2e70f74b05af2999cd5ac5b39818383c58a904146c605bc773f87fac2da08ddde7d4bedced3110d5c1d3b15657f73e,male,hand,20260908,1,43.80844190255221,43.3375,46.668322057825854,25.19155809744779,25.6625,22.331677942174146
1841.F06466,22,1841,1841:CUB048,female,head,20260908,1,22.669314589124497,26.88125,25.08971788358796,0.6693145891244967,4.881250000000001,3.0897178835879586
1841.F05630,20,1841,1841:CUB005,female,head,20260908,1,22.669314589124497,22.4625,22.957120851317093,2.6693145891244967,2.4624999999999986,2.957120851317093
10317.000015293,29,10317,10317:fac33038e7fdc9cea92cfafa3a1c3f21658eba746fdc582552dc90cf29de5130fdb07560083b3745b42ab1b35c0098ade96b984095fd4c6ab41f086f38fdf732,male,head,20260908,1,43.06452483822564,42.10625,42.8242292707596,14.064524838225637,13.106250000000003,13.824229270759602
10317.000015292,29,10317,10317:fac33038e7fdc9cea92cfafa3a1c3f21658eba746fdc582552dc90cf29de5130fdb07560083b3745b42ab1b35c0098ade96b984095fd4c6ab41f086f38fdf732,male,hand,20260908,1,43.80844190255221,39.5625,43.30359280947584,14.808441902552211,10.5625,14.303592809475838
10317.000015291,29,10317,10317:fac33038e7fdc9cea92cfafa3a1c3f21658eba746fdc582552dc90cf29de5130fdb07560083b3745b42ab1b35c0098ade96b984095fd4c6ab41f086f38fdf732,male,hand,20260908,1,43.80844190255221,44.675,45.23200071169137,14.808441902552211,15.674999999999997,16.23200071169137
1841.F05636,22,1841,1841:CUB007,female,head,20260908,1,22.669314589124497,22.95625,23.097766995782067,0.6693145891244967,0.9562500000000007,1.0977669957820666
1841.P16253,26,1841,1841:NAU146,female,hand,20260908,1,22.67238999770871,24.1375,24.078214660409063,3.3276100022912907,1.8625000000000007,1.9217853395909366
10317.000035236,69,10317,10317:f468dfbfdc239f0e3bbe1de592c866535d2e70f74b05af2999cd5ac5b39818383c58a904146c605bc773f87fac2da08ddde7d4bedced3110d5c1d3b15657f73e,male,hand,20260908,1,43.80844190255221,46.275,48.46154769346935,25.19155809744779,22.725,20.53845230653065
10317.000015463,69,10317,10317:f468dfbfdc239f0e3bbe1de592c866535d2e70f74b05af2999cd5ac5b39818383c58a904146c605bc773f87fac2da08ddde7d4bedced3110d5c1d3b15657f73e,male,head,20260908,1,43.06452483822564,43.825,40.63274565602982,25.935475161774363,25.174999999999997,28.36725434397018
10317.000015464,69,10317,10317:f468dfbfdc239f0e3bbe1de592c866535d2e70f74b05af2999cd5ac5b39818383c58a904146c605bc773f87fac2da08ddde7d4bedced3110d5c1d3b15657f73e,male,hand,20260908,1,43.80844190255221,42.53125,45.79074461176738,25.19155809744779,26.46875,23.20925538823262
1841.F06346,21,1841,1841:CUB012,female,head,20260908,1,22.669314589124497,26.125,25.74267915717988,1.6693145891244967,5.125,4.742679157179879
10317.000063422,36,10317,10317:702fbc8dfcb76217e73344a0a11dd54afca4b678302097929bc6cc1cadce5d5fc80da1e599a9d752eea1f081540d8b89772bcb670f71f2d38a11bdce484be812,female,hand,20260908,1,52.23387611273963,42.1625,45.98583241712174,16.23387611273963,6.162500000000001,9.985832417121742
1841.F05612,20,1841,1841:CUB005,female,head,20260908,1,22.669314589124497,25.99375,25.32546078277964,2.6693145891244967,5.993749999999999,5.32546078277964
1841.F05611,20,1841,1841:CUB036,female,head,20260908,1,22.669314589124497,23.8625,24.469489074920865,2.6693145891244967,3.8625000000000007,4.469489074920865
10317.000027250,26,10317,10317:35ad3a0f8be46af7197f78a77d7f387c0c7eaf6f1a077f0e0176fc9111103db539f114ea70834449cb5b086a49f41113f54c36fb5bbd31c5afcbf0a1d618fe92,male,head,20260908,1,43.06452483822564,42.11875,41.25952364583234,17.064524838225637,16.11875,15.259523645832338
1841.F05640,20,1841,1841:CUB036,female,head,20260908,1,22.669314589124497,24.91875,24.605409494545803,2.6693145891244967,4.918749999999999,4.605409494545803
1841.P15988,21,1841,1841:CUB012,female,hand,20260908,1,22.67238999770871,25.6,25.644017365414054,1.6723899977087093,4.600000000000001,4.644017365414054
1841.P15989,22,1841,1841:CUB004,female,hand,20260908,1,22.67238999770871,25.175,23.769149656476685,0.6723899977087093,3.1750000000000007,1.769149656476685
1841.P15981,22,1841,1841:CUB007,female,hand,20260908,1,22.67238999770871,23.91875,25.28847505055163,0.6723899977087093,1.9187499999999993,3.2884750505516287
10317.000036125,42,10317,10317:a1cd5635deef381a3388b606e82458a3d030c613a5d1605e912e298677c648fec4c0630fde5c78738c54d9c48767cbe35d882d96bb7fe8a5bb995fbff088cd25,female,head,20260908,1,48.675880220932626,40.8875,46.49189026405619,6.675880220932626,1.1124999999999972,4.491890264056188
1841.P16519,22,1841,1841:CUB007,female,hand,20260908,1,22.67238999770871,23.1625,24.63615648342638,0.6723899977087093,1.1625000000000014,2.6361564834263795
1841.P16510,20,1841,1841:CUB005,female,hand,20260908,1,22.67238999770871,23.75,25.136344123822845,2.6723899977087093,3.75,5.136344123822845
1841.P16516,21,1841,1841:CUB012,female,hand,20260908,1,22.67238999770871,23.15625,25.358986716273808,1.6723899977087093,2.15625,4.358986716273808
1841.F06419,20,1841,1841:CUB036,female,head,20260908,1,22.669314589124497,23.1625,24.239610411627854,2.6693145891244967,3.1625000000000014,4.239610411627854
1841.F06410,21,1841,1841:CUB012,female,head,20260908,1,22.669314589124497,27.04375,27.243984818622703,1.6693145891244967,6.043749999999999,6.243984818622703
1841.F06411,22,1841,1841:CUB048,female,head,20260908,1,22.669314589124497,26.11875,23.587416873208916,0.6693145891244967,4.118749999999999,1.587416873208916
1841.F06412,23,1841,1841:CUB053,female,head,20260908,1,22.669314589124497,23.60625,25.011378318452586,0.3306854108755033,0.6062499999999993,2.0113783184525857
1841.F06417,20,1841,1841:CUB010,female,head,20260908,1,22.669314589124497,24.20625,23.229175176646436,2.6693145891244967,4.206250000000001,3.229175176646436
1841.F06511,20,1841,1841:CUB005,female,head,20260908,1,22.669314589124497,24.21875,23.912993843733297,2.6693145891244967,4.21875,3.9129938437332967
10317.000005654,35,10317,10317:8606c4dd2d9371a4b109521ba900732b745ba94bf06c0047a2b8189bb5e157e1f6bcb5d5ed855b3e972841afb6a38ae24f88d3995e2f6c362286bd69d07c83ed,female,hand,20260908,1,52.23387611273963,37.8125,46.55422435393983,17.23387611273963,2.8125,11.55422435393983
10317.000005657,35,10317,10317:8606c4dd2d9371a4b109521ba900732b745ba94bf06c0047a2b8189bb5e157e1f6bcb5d5ed855b3e972841afb6a38ae24f88d3995e2f6c362286bd69d07c83ed,female,head,20260908,1,48.675880220932626,39.5375,44.95217318745339,13.675880220932626,4.537500000000001,9.95217318745339
10317.000005656,35,10317,10317:8606c4dd2d9371a4b109521ba900732b745ba94bf06c0047a2b8189bb5e157e1f6bcb5d5ed855b3e972841afb6a38ae24f88d3995e2f6c362286bd69d07c83ed,female,hand,20260908,1,52.23387611273963,39.89375,48.27052118791891,17.23387611273963,4.893749999999997,13.27052118791891
1841.F05502,20,1841,1841:CUB010,female,head,20260908,1,22.669314589124497,22.14375,22.543437986223637,2.6693145891244967,2.1437500000000007,2.543437986223637
1841.P16530,20,1841,1841:CUB010,female,hand,20260908,1,22.67238999770871,23.325,24.41486998500476,2.6723899977087093,3.3249999999999993,4.41486998500476
1841.P15424,19,1841,1841:NCS208,female,hand,20260908,1,22.67238999770871,23.725,25.053997495551567,3.6723899977087093,4.725000000000001,6.053997495551567
1841.P16215,55,1841,1841:NAU149,male,hand,20260908,1,23.574170609185856,28.15,22.843661404367364,31.425829390814144,26.85,32.15633859563263
1841.P16212,20,1841,1841:NAU115,male,hand,20260908,1,23.574170609185856,24.375,20.29281018613391,3.574170609185856,4.375,0.2928101861339094
1841.P16219,55,1841,1841:NAU149,male,hand,20260908,1,23.574170609185856,29.85625,24.5070806583357,31.425829390814144,25.14375,30.4929193416643
1841.F05490,21,1841,1841:NAU161,male,head,20260908,1,23.6808843758732,23.50625,18.68449834055058,2.6808843758732017,2.5062500000000014,2.3155016594494207
1841.P15231,22,1841,1841:CUB004,female,hand,20260908,1,22.67238999770871,28.55625,24.975487091582572,0.6723899977087093,6.556249999999999,2.975487091582572
1841.F06062,20,1841,1841:NCS210,female,head,20260908,1,22.669314589124497,25.88125,23.2816994898752,2.6693145891244967,5.881250000000001,3.2816994898752014
1841.P15306,20,1841,1841:NCS210,female,hand,20260908,1,22.67238999770871,23.68125,24.44398849355342,2.6723899977087093,3.6812499999999986,4.4439884935534195
2010.3105,31,2010,2010:43,female,head,20260908,1,26.8081546289343,36.93125,28.59940988606096,4.1918453710657,5.931249999999999,2.400590113939039
1841.F05806,20,1841,1841:NAU128,female,head,20260908,1,22.669314589124497,24.825,23.497607410260994,2.6693145891244967,4.824999999999999,3.4976074102609935
1841.P16533,22,1841,1841:CUB007,female,hand,20260908,1,22.67238999770871,27.9375,30.200394567477954,0.6723899977087093,5.9375,8.200394567477954
1841.F06476,23,1841,1841:CUB056,male,head,20260908,2,24.587762854513876,22.75,21.954453987600452,1.5877628545138762,0.25,1.045546012399548
10317.000087026,50,10317,10317:9556b26ba73292c840427f56d0913d9372bd8a0285daab53c83800b8972dbbba507f9182b997a497c8a055076429cf80e4a5a7c313c7b1a6d508774a769bb61d,male,hand,20260908,2,42.764722495109005,44.8125,45.53339286470656,7.235277504890995,5.1875,4.466607135293437
1841.F06384,21,1841,1841:CUB038,female,head,20260908,2,22.25699997181762,22.48125,21.101706625397508,1.2569999718176206,1.4812499999999993,0.10170662539750808
1841.P16499,23,1841,1841:NCS244,female,hand,20260908,2,22.346810363019458,24.48125,24.120551071638793,0.6531896369805423,1.4812499999999993,1.1205510716387934
1841.P15145,19,1841,1841:NCS233,male,hand,20260908,2,24.606661263900413,23.5625,21.59632239415319,5.606661263900413,4.5625,2.5963223941531908
2010.1953,32,2010,2010:19,female,head,20260908,2,27.765604629779993,42.3,31.8439717429238,4.234395370220007,10.299999999999997,0.15602825707620127
1841.P16345,25,1841,1841:NAU157,male,hand,20260908,2,24.606661263900413,28.51875,26.482310962640863,0.3933387360995866,3.5187500000000007,1.482310962640863
1841.F05350,21,1841,1841:NCS247,unknown,head,20260908,2,23.527221760286743,25.40625,18.122717953440414,2.527221760286743,4.40625,2.8772820465595856
1841.F05820,30,1841,1841:NAU108,female,head,20260908,2,22.25699997181762,37.1375,23.843434667773856,7.743000028182379,7.137500000000003,6.156565332226144
1841.F05828,32,1841,1841:NAU102,unknown,head,20260908,2,23.527221760286743,22.54375,19.670439505889693,8.472778239713257,9.45625,12.329560494110307
10317.000005565,53,10317,10317:2bbbda8f68f57e1c57d3e97ada9c16a61165e5a3a31f556df77429e4efca7c8de4a4dd989152a974f15603348945abd6a2335caec0d3d6fe9e7136e3865909bc,male,hand,20260908,2,42.764722495109005,47.25625,49.52155903868257,10.235277504890995,5.743749999999999,3.478440961317432
10317.000005564,53,10317,10317:2bbbda8f68f57e1c57d3e97ada9c16a61165e5a3a31f556df77429e4efca7c8de4a4dd989152a974f15603348945abd6a2335caec0d3d6fe9e7136e3865909bc,male,head,20260908,2,42.64170315993952,43.16875,42.81641671855857,10.358296840060483,9.831249999999997,10.183583281441429
10317.000005566,53,10317,10317:2bbbda8f68f57e1c57d3e97ada9c16a61165e5a3a31f556df77429e4efca7c8de4a4dd989152a974f15603348945abd6a2335caec0d3d6fe9e7136e3865909bc,male,hand,20260908,2,42.764722495109005,43.6125,46.20931557997614,10.235277504890995,9.387500000000003,6.790684420023858
1841.P16554,20,1841,1841:CUB037,female,hand,20260908,2,22.346810363019458,23.39375,26.116515278674953,2.3468103630194577,3.3937500000000007,6.116515278674953
1841.P15125,19,1841,1841:NCS233,male,hand,20260908,2,24.606661263900413,25.875,21.041175552311653,5.606661263900413,6.875,2.0411755523116533
10317.000023128,41,10317,10317:d05b6995db48f6c9db978b1b5ca6e64fdb449b3a00c92813c529766f03bd685a588b170ad83cf571cc7835590556a3954f74f0426fa772dd2e7a9a365c327784,male,head,20260908,2,42.64170315993952,46.8,47.38820497040248,1.6417031599395173,5.799999999999997,6.388204970402477
1841.F05373,19,1841,1841:NCS233,male,head,20260908,2,24.587762854513876,22.3625,20.143429198703224,5.587762854513876,3.3625000000000007,1.143429198703224
1841.F06504,20,1841,1841:CUB037,female,head,20260908,2,22.25699997181762,22.53125,23.76075252471361,2.2569999718176206,2.53125,3.7607525247136095
1841.P16543,21,1841,1841:CUB020,female,hand,20260908,2,22.346810363019458,28.4,24.56864456142489,1.3468103630194577,7.399999999999999,3.5686445614248896
1841.P15972,21,1841,1841:CUB038,female,hand,20260908,2,22.346810363019458,24.625,24.107198293698104,1.3468103630194577,3.625,3.1071982936981044
1841.F06006,21,1841,1841:NCS229,male,head,20260908,2,24.587762854513876,23.55,23.07410944898221,3.587762854513876,2.5500000000000007,2.0741094489822096
1841.F06232,25,1841,1841:NAU157,male,head,20260908,2,24.587762854513876,24.14375,20.06048646903759,0.4122371454861238,0.8562499999999993,4.939513530962412
1841.F05409,22,1841,1841:NAU133,male,head,20260908,2,24.587762854513876,27.9875,22.69011827550243,2.587762854513876,5.987500000000001,0.6901182755024315
1841.F06494,21,1841,1841:CUB038,female,head,20260908,2,22.25699997181762,23.25,22.0420489392809,1.2569999718176206,2.25,1.0420489392808996
1841.P15719,22,1841,1841:NAU133,male,hand,20260908,2,24.606661263900413,28.0,20.698850271590924,2.6066612639004134,6.0,1.3011497284090758
1841.P16380,30,1841,1841:NAU108,female,hand,20260908,2,22.346810363019458,24.2875,25.404747415621213,7.653189636980542,5.712499999999999,4.5952525843787875
1841.F05507,25,1841,1841:NAU157,male,head,20260908,2,24.587762854513876,24.075,22.298172509793588,0.4122371454861238,0.9250000000000007,2.701827490206412
1841.F06573,21,1841,1841:CUB038,female,head,20260908,2,22.25699997181762,21.725,21.77288992521776,1.2569999718176206,0.7250000000000014,0.7728899252177612
1841.F05086,23,1841,1841:NCS244,female,head,20260908,2,22.25699997181762,23.45,22.84097186502907,0.7430000281823794,0.4499999999999993,0.1590281349709315
1841.P15528,20,1841,1841:NAU141,female,hand,20260908,2,22.346810363019458,24.6125,25.89379706968607,2.3468103630194577,4.612500000000001,5.8937970696860695
10317.000014492,38,10317,10317:8167c948b0e4857e3fbff706939d373dfab22f6bc351971e2c12e88b854e32580973e05481786c5d02d11e4a9e8f81f300e8ce5b8120172a96b4e37d555a8c90,male,head,20260908,2,42.64170315993952,41.18125,41.837923182570805,4.641703159939517,3.1812499999999986,3.8379231825708047
1841.F05881,25,1841,1841:NAU157,male,head,20260908,2,24.587762854513876,23.475,21.014364216493973,0.4122371454861238,1.5249999999999986,3.9856357835060265
10317.000041057,33,10317,10317:cc7a72730c7716b41648ac90728f72eb759bd32caaa07b60e4db721abd907a2e38b19314c602ce3a7b19a7634037bd360e4d54c532513a267152129589e536de,male,hand,20260908,2,42.764722495109005,38.7875,41.995506379874094,9.764722495109005,5.787500000000001,8.995506379874094
1841.F06461,20,1841,1841:CUB037,female,head,20260908,2,22.25699997181762,23.25625,21.486871899281596,2.2569999718176206,3.2562500000000014,1.4868718992815957
10317.000003105,30,10317,10317:5917a22ca19367d0c27accc713d8781a073c9c1934d011ac6932648afb15315a7093a032134132de091a4406951dc0cf1616e1458c99936fe5356f19385255c0,male,head,20260908,2,42.64170315993952,41.76875,45.12658337904511,12.641703159939517,11.768749999999997,15.126583379045108
1841.P16473,19,1841,1841:NCS233,male,hand,20260908,2,24.606661263900413,25.475,22.02123521187189,5.606661263900413,6.475000000000001,3.0212352118718897
1841.P15731,22,1841,1841:NAU133,male,hand,20260908,2,24.606661263900413,24.375,21.86495628557002,2.6066612639004134,2.375,0.13504371442997964
10317.000010809,63,10317,10317:4f1f526cf557e60e9ce5eb0de9d3dd98225fb7747813f64b3d82c6051d735e3b82dfb7abb4f089fb6d86848d907502d663cb4d69dad26574b00e58d0fc884610,male,head,20260908,2,42.64170315993952,42.0,45.19633755446163,20.358296840060483,21.0,17.80366244553837
2010.2255,22,2010,2010:27,female,head,20260908,2,27.765604629779993,38.78125,28.454581701433263,5.765604629779993,16.78125,6.454581701433263
1841.P15505,22,1841,1841:NAU137,female,hand,20260908,2,22.346810363019458,21.88125,24.704289986201616,0.34681036301945767,0.11874999999999858,2.7042899862016156
1841.P15507,32,1841,1841:NAU102,unknown,hand,20260908,2,23.61737663369226,23.075,19.56061445197062,8.38262336630774,8.925,12.439385548029382
1841.F05537,30,1841,1841:NAU108,female,head,20260908,2,22.25699997181762,25.36875,25.105871568483487,7.743000028182379,4.631250000000001,4.8941284315165134
1841.F05531,20,1841,1841:NAU141,female,head,20260908,2,22.25699997181762,23.95,21.64543280322898,2.2569999718176206,3.9499999999999993,1.6454328032289816
1841.P16088,22,1841,1841:NAU133,male,hand,20260908,2,24.606661263900413,27.5,25.86517715444013,2.6066612639004134,5.5,3.865177154440129
1841.P16081,22,1841,1841:NAU137,female,hand,20260908,2,22.346810363019458,22.14375,22.911165768696065,0.34681036301945767,0.1437500000000007,0.9111657686960655
10317.000048369,30,10317,10317:0c2dd9543685a21b0e6e26055bb6623e91dd2d77a34a450a1f4c666e6c8726990361f37c3c84c16b86b8d7ac7ac715d380ccc2006772a5e62b5bda6c41b96f13,male,head,20260908,2,42.64170315993952,36.94375,40.4414710902189,12.641703159939517,6.943750000000001,10.441471090218897
2010.1288,34,2010,2010:5,female,head,20260908,2,27.765604629779993,38.6,29.445558959862275,6.234395370220007,4.600000000000001,4.554441040137725
1841.P15753,22,1841,1841:NAU137,female,hand,20260908,2,22.346810363019458,23.03125,24.08601640415107,0.34681036301945767,1.03125,2.0860164041510707
10317.000015381,34,10317,10317:88f4fbcf0ceb456e7f8e8447af039f0dc2670ad52972600d23a04b60152370409f6b57086023803ce52591376f998806f80e260d50d06764bbb66d26d1b5553e,female,hand,20260908,2,48.65196302032109,39.8875,44.47207089493512,14.65196302032109,5.887500000000003,10.472070894935122
10317.000015383,34,10317,10317:88f4fbcf0ceb456e7f8e8447af039f0dc2670ad52972600d23a04b60152370409f6b57086023803ce52591376f998806f80e260d50d06764bbb66d26d1b5553e,female,head,20260908,2,47.33922734033347,37.9125,43.58161294905952,13.339227340333473,3.9125000000000014,9.581612949059519
10317.000015382,34,10317,10317:88f4fbcf0ceb456e7f8e8447af039f0dc2670ad52972600d23a04b60152370409f6b57086023803ce52591376f998806f80e260d50d06764bbb66d26d1b5553e,female,hand,20260908,2,48.65196302032109,41.48125,45.91678888023961,14.65196302032109,7.481250000000003,11.916788880239608
1841.P16475,23,1841,1841:NCS244,female,hand,20260908,2,22.346810363019458,22.3,22.91743406893314,0.6531896369805423,0.6999999999999993,0.08256593106685983
1841.F06536,20,1841,1841:CUB037,female,head,20260908,2,22.25699997181762,22.325,21.55422027789163,2.2569999718176206,2.3249999999999993,1.5542202778916305
10317.000008202,47,10317,10317:7cc5c069db6eab6ca70adb3c38c792d60541ae6bc238d37452ba179cd855f4eef887ff1ee7a82c8e3ed38d80f5ec6216acf1971f02f4a9426720ed8515710296,male,head,20260908,2,42.64170315993952,43.78125,45.01802525712487,4.358296840060483,3.21875,1.9819747428751313
10317.000015186,26,10317,10317:cb8ea224a3bb7ef53bf08da62860c079b5996441cbbb6ef11fbe09454172198e57a65569937d0e57c98a2327cfe4b04a55969cdda8eed8fc5f998c2468e4920a,male,hand,20260908,2,42.764722495109005,39.625,40.96134285708195,16.764722495109005,13.625,14.961342857081952
10317.000015188,26,10317,10317:cb8ea224a3bb7ef53bf08da62860c079b5996441cbbb6ef11fbe09454172198e57a65569937d0e57c98a2327cfe4b04a55969cdda8eed8fc5f998c2468e4920a,male,head,20260908,2,42.64170315993952,40.71875,39.502809059237535,16.641703159939517,14.71875,13.502809059237535
1841.F06252,22,1841,1841:NAU137,female,head,20260908,2,22.25699997181762,22.7875,21.71493609731015,0.2569999718176206,0.7875000000000014,0.28506390268984916
1841.F06093,23,1841,1841:NCS244,female,head,20260908,2,22.25699997181762,25.0625,22.419474698485416,0.7430000281823794,2.0625,0.5805253015145837
1841.P16329,30,1841,1841:NAU108,female,hand,20260908,2,22.346810363019458,22.05,24.507517092130144,7.653189636980542,7.949999999999999,5.4924829078698565
1841.P16328,30,1841,1841:NAU108,female,hand,20260908,2,22.346810363019458,41.18125,25.471789118478952,7.653189636980542,11.181249999999999,4.528210881521048
1841.P16321,25,1841,1841:NAU157,male,hand,20260908,2,24.606661263900413,22.64375,21.54854077584932,0.3933387360995866,2.3562499999999993,3.4514592241506783
1841.P16327,32,1841,1841:NAU102,unknown,hand,20260908,2,23.61737663369226,28.79375,20.815584918334423,8.38262336630774,3.2062500000000007,11.184415081665577
1841.F05512,32,1841,1841:NAU102,unknown,head,20260908,2,23.527221760286743,25.11875,18.94452387227367,8.472778239713257,6.881250000000001,13.05547612772633
10317.000066848,27,10317,10317:73bf3573928ab6f8e0dbef1783c99aa8c96f8a341909051dbaaf5e003778464fdf40cee56b971bea2c557859ebdc3351dddc89230df6458726716c8fe13e3583,female,head,20260908,2,47.33922734033347,37.11875,39.38701006359768,20.339227340333473,10.118749999999999,12.387010063597678
1841.F06299,22,1841,1841:NAU133,male,head,20260908,2,24.587762854513876,24.7625,19.74905877460262,2.587762854513876,2.7624999999999993,2.25094122539738
10317.000022099,41,10317,10317:e4503538e12701b45b371c7ed670bd3ae6eba6dbfd41e21b14c030e3e6c626aaaf69513c82f4fb7a3e531ea834a73f16c57799fb90f66a9da07d8b3b8dc4b486,male,head,20260908,2,42.64170315993952,43.85625,47.56437582544936,1.6417031599395173,2.856250000000003,6.5643758254493605
1841.P15095,23,1841,1841:CUB056,male,hand,20260908,2,24.606661263900413,24.13125,23.42710702829565,1.6066612639004134,1.1312500000000014,0.4271070282956515
1841.P15092,23,1841,1841:CUB056,male,hand,20260908,2,24.606661263900413,26.49375,23.50205291461343,1.6066612639004134,3.4937499999999986,0.5020529146134294
1841.P15549,30,1841,1841:NAU108,female,hand,20260908,2,22.346810363019458,25.56875,25.069318542764563,7.653189636980542,4.431249999999999,4.930681457235437
1841.F05937,19,1841,1841:NCS233,male,head,20260908,2,24.587762854513876,22.18125,21.179660198023413,5.587762854513876,3.1812499999999986,2.179660198023413
1841.P16158,22,1841,1841:NAU133,male,hand,20260908,2,24.606661263900413,27.34375,23.953814846991573,2.6066612639004134,5.34375,1.9538148469915733
2010.1462,34,2010,2010:5,female,head,20260908,2,27.765604629779993,38.78125,29.959577088779284,6.234395370220007,4.78125,4.040422911220716
1841.F05232,25,1841,1841:NAU157,male,head,20260908,2,24.587762854513876,27.45625,19.71391596579418,0.4122371454861238,2.4562500000000007,5.286084034205821
2010.1851,32,2010,2010:19,female,head,20260908,2,27.765604629779993,46.85,32.855618215286,4.234395370220007,14.850000000000001,0.8556182152860003
10317.000003535,46,10317,10317:4aa35b33ec066f163b8daeb1b8200f17ece0f58ed4de27fc1acf828c8864cb5dfb93c989fb4315cfe8721c8eed0e468a5da3102ea9bc9c107e0b214c031f5e1d,female,hand,20260908,2,48.65196302032109,42.36875,45.09770171811838,2.651963020321091,3.6312500000000014,0.9022982818816203
10317.000049833,61,10317,10317:d37889cdecdba46fdb19bb31c950ed36c9b3a1da31fbac08e9ee2ff35bc8af2ce5a4b24631b63e876500eb54df716ba82caddd429a437e61d996dab1bd51de32,female,hand,20260908,2,48.65196302032109,39.18125,46.43170893573325,12.34803697967891,21.81875,14.568291064266752
2010.2229,22,2010,2010:29,female,head,20260908,2,27.765604629779993,36.7125,27.910802228209697,5.765604629779993,14.712499999999999,5.910802228209697
1841.P15211,20,1841,1841:CUB037,female,hand,20260908,2,22.346810363019458,24.0625,24.186124963109343,2.3468103630194577,4.0625,4.186124963109343
1841.P15217,20,1841,1841:CUB037,female,hand,20260908,2,22.346810363019458,22.6,22.61365952829966,2.3468103630194577,2.6000000000000014,2.61365952829966
2010.2149,22,2010,2010:27,female,head,20260908,2,27.765604629779993,39.18125,27.60345378513623,5.765604629779993,17.18125,5.603453785136232
1841.F05910,19,1841,1841:NCS233,male,head,20260908,2,24.587762854513876,23.25625,21.953315362281177,5.587762854513876,4.256250000000001,2.9533153622811774
1841.P16170,22,1841,1841:NAU137,female,hand,20260908,2,22.346810363019458,22.3,22.483175752842143,0.34681036301945767,0.3000000000000007,0.4831757528421434
1841.P16173,25,1841,1841:NAU157,male,hand,20260908,2,24.606661263900413,31.325,29.60768676638034,0.3933387360995866,6.324999999999999,4.60768676638034
10317.000063243,31,10317,10317:9a6b1d64174bf2de76973d430737df42a6c1d222167a33cad37332ade7aaba03e2f1fd87dd65c5bda2ab171d6373490fa6395929f8ff33c6d5acdec0d7035388,male,hand,20260908,2,42.764722495109005,40.71875,41.0616062449812,11.764722495109005,9.71875,10.0616062449812
1841.F06293,22,1841,1841:NAU133,male,head,20260908,2,24.587762854513876,24.3625,21.366899228024668,2.587762854513876,2.3625000000000007,0.6331007719753323
1841.F06290,22,1841,1841:NAU133,male,head,20260908,2,24.587762854513876,23.825,21.246047221468633,2.587762854513876,1.8249999999999993,0.7539527785313673
1841.F05213,30,1841,1841:NAU108,female,head,20260908,2,22.25699997181762,22.05,22.512052084081912,7.743000028182379,7.949999999999999,7.487947915918088
1841.F05216,22,1841,1841:NAU137,female,head,20260908,2,22.25699997181762,22.125,22.21749516425369,0.2569999718176206,0.125,0.2174951642536911
1841.P16365,32,1841,1841:NAU102,unknown,hand,20260908,2,23.61737663369226,23.2375,21.11354146166722,8.38262336630774,8.7625,10.886458538332779
1841.P16580,21,1841,1841:CUB038,female,hand,20260908,2,22.346810363019458,23.7625,24.323852265581603,1.3468103630194577,2.7624999999999993,3.3238522655816034
10317.000002877,39,10317,10317:f73c970ebbe4576dac4346e12bd70d852fd2fad299e544aaabe76119ae6772ae189eebd9acc9c024c6a0bf917496f24b6520712b5200889e9afdeb9ed347f9e9,female,head,20260908,2,47.33922734033347,46.3625,47.97176096031074,8.339227340333473,7.362499999999997,8.971760960310739
1841.F06335,21,1841,1841:CUB038,female,head,20260908,2,22.25699997181762,23.5625,23.797033194284012,1.2569999718176206,2.5625,2.797033194284012
1841.P15275,21,1841,1841:CUB038,female,hand,20260908,2,22.346810363019458,25.39375,26.766557118850073,1.3468103630194577,4.393750000000001,5.7665571188500735
1841.F05686,20,1841,1841:CUB037,female,head,20260908,2,22.25699997181762,25.54375,22.198274015787717,2.2569999718176206,5.543749999999999,2.1982740157877174
10317.000013240,61,10317,10317:a84b06b11ebbd693b0e846d7e1ba1453494db9a71f5caf6fec89add9c1975ce94b16e1f8ac9b930f61e3219bcfc133702ec58308eee167152209a8c2852123c9,male,head,20260908,2,42.64170315993952,39.28125,41.871644967379304,18.358296840060483,21.71875,19.128355032620696
1841.P16343,30,1841,1841:NAU108,female,hand,20260908,2,22.346810363019458,23.675,24.95635369834233,7.653189636980542,6.324999999999999,5.04364630165767
1841.P15071,20,1841,1841:CUB037,female,hand,20260908,2,22.346810363019458,22.29375,22.709946490271417,2.3468103630194577,2.2937499999999993,2.7099464902714168
1841.P15075,21,1841,1841:CUB038,female,hand,20260908,2,22.346810363019458,22.35625,23.27444710325239,1.3468103630194577,1.3562499999999993,2.2744471032523883
1841.P15257,20,1841,1841:CUB037,female,hand,20260908,2,22.346810363019458,22.73125,23.34070599432965,2.3468103630194577,2.7312499999999993,3.3407059943296495
1841.P15252,21,1841,1841:CUB038,female,hand,20260908,2,22.346810363019458,24.36875,25.63259031794364,1.3468103630194577,3.3687499999999986,4.632590317943642
10317.000068806,30,10317,10317:219fdff6b9dcec67c1aa0b866cb025d68ac35295256f63c520911912293fe0849d61cd408675c0305a5c92df708363f8172fc8e6969982b5a49c4e44d28547fb,female,hand,20260908,2,48.65196302032109,44.99375,49.60301503592039,18.65196302032109,14.993749999999999,19.603015035920393
1841.P16284,22,1841,1841:NAU133,male,hand,20260908,2,24.606661263900413,22.4625,22.25026778769931,2.6066612639004134,0.4624999999999986,0.25026778769931113
10317.000005420,54,10317,10317:d63484fec8c78056306a841bf283219a2f4dd6eb40568afb6e401ef1dd5a23f563b4e42b92eda0d4b87cc502d1158abf83fac1a38b7a4166f4374fd6ec75beaa,female,head,20260908,2,47.33922734033347,40.675,46.53275347607751,6.660772659666527,13.325000000000003,7.4672465239224906
10317.000005421,54,10317,10317:d63484fec8c78056306a841bf283219a2f4dd6eb40568afb6e401ef1dd5a23f563b4e42b92eda0d4b87cc502d1158abf83fac1a38b7a4166f4374fd6ec75beaa,female,hand,20260908,2,48.65196302032109,38.18125,44.75762045654827,5.348036979678909,15.818750000000001,9.242379543451733
1841.F05041,23,1841,1841:NCS244,female,head,20260908,2,22.25699997181762,21.75,21.57039524814855,0.7430000281823794,1.25,1.4296047518514499
2010.1715,22,2010,2010:15,female,head,20260908,2,27.765604629779993,38.33125,28.102857165287705,5.765604629779993,16.331249999999997,6.1028571652877055
10317.000049733,36,10317,10317:79bbc1c5c663e0434d917d65535beeb68d902da75556dbb9bc561129718387ed15c630d65f4716cbeb02ed871a1e5044d2cd04da381361681f4a0793ca85598d,male,hand,20260908,2,42.764722495109005,41.325,43.58301704958516,6.764722495109005,5.325000000000003,7.583017049585159
10317.000049732,36,10317,10317:79bbc1c5c663e0434d917d65535beeb68d902da75556dbb9bc561129718387ed15c630d65f4716cbeb02ed871a1e5044d2cd04da381361681f4a0793ca85598d,male,hand,20260908,2,42.764722495109005,41.88125,44.92618712165155,6.764722495109005,5.881250000000001,8.926187121651552
10317.000049831,61,10317,10317:d37889cdecdba46fdb19bb31c950ed36c9b3a1da31fbac08e9ee2ff35bc8af2ce5a4b24631b63e876500eb54df716ba82caddd429a437e61d996dab1bd51de32,female,head,20260908,2,47.33922734033347,44.6375,46.140784925182246,13.660772659666527,16.362499999999997,14.859215074817754
10317.000003339,73,10317,10317:b8164f6522d265b137471f7142d4362a35a7a4dfd6f21aada5888456dda2bfbdda36900f4edf71d621587e3c79a92da70f421d07fe905890c57c4ec4d421335e,female,hand,20260908,2,48.65196302032109,50.15,52.67894418596211,24.34803697967891,22.85,20.32105581403789
1841.P16078,25,1841,1841:NAU157,male,hand,20260908,2,24.606661263900413,28.41875,22.81820166298216,0.3933387360995866,3.4187499999999993,2.1817983370178418
2010.1728,22,2010,2010:15,female,head,20260908,2,27.765604629779993,39.84375,31.49832860405853,5.765604629779993,17.84375,9.498328604058528
10317.000003029,32,10317,10317:fa11b389cb9170b533e6a9c56b69f18fa8798f2970218ed97fe0be0906826592de8a478773a5037053f08aa21d349fcf39e64c85dbd26bd904614d8dd6335cae,male,head,20260908,2,42.64170315993952,45.99375,44.902319882869435,10.641703159939517,13.993749999999999,12.902319882869435
1841.F05447,25,1841,1841:NAU157,male,head,20260908,2,24.587762854513876,27.4375,22.373685034564364,0.4122371454861238,2.4375,2.626314965435636
1841.F05993,19,1841,1841:NCS233,male,head,20260908,2,24.587762854513876,24.51875,19.365489223753507,5.587762854513876,5.518750000000001,0.36548922375350656
10317.000063450,29,10317,10317:012c33f74519c193ec10f17ef58846a7db07b462e5497db82c40fedc4ca3edac7e3c610143fdb11e0e0617da7dcd562ee2bf2be850227286ef06ab72c6361d25,male,head,20260908,2,42.64170315993952,59.3,59.65220503750785,13.641703159939517,30.299999999999997,30.652205037507848
10317.000041369,42,10317,10317:c9f8653bd4ebdf70f189788ed1bc962f7b89716eac15b10fba77e815cba9483cbb0ce452ea8acd0cd27b17a9a599ec7023e375a67fa1551bb8a70af168495dd3,male,head,20260908,2,42.64170315993952,41.0125,41.00705469042298,0.6417031599395173,0.9874999999999972,0.9929453095770171
1841.P15998,23,1841,1841:CUB056,male,hand,20260908,2,24.606661263900413,30.91875,23.13565851234302,1.6066612639004134,7.918749999999999,0.13565851234302073
1841.P15192,19,1841,1841:NCS233,male,hand,20260908,2,24.606661263900413,22.7125,21.557258675989303,5.606661263900413,3.7124999999999986,2.557258675989303
1841.F05293,32,1841,1841:NAU102,unknown,head,20260908,2,23.527221760286743,25.0875,20.94139496838026,8.472778239713257,6.912500000000001,11.058605031619742
1841.F05294,25,1841,1841:NAU157,male,head,20260908,2,24.587762854513876,26.16875,21.617966307148368,0.4122371454861238,1.1687499999999993,3.382033692851632
1841.F05064,23,1841,1841:NCS244,female,head,20260908,2,22.25699997181762,22.1125,23.13523515160237,0.7430000281823794,0.8874999999999993,0.13523515160236954
1841.F05876,25,1841,1841:NAU157,male,head,20260908,2,24.587762854513876,24.24375,19.88369787647274,0.4122371454861238,0.7562500000000014,5.116302123527259
1841.P16506,21,1841,1841:CUB038,female,hand,20260908,2,22.346810363019458,22.84375,23.21989641077669,1.3468103630194577,1.84375,2.219896410776691
1841.F06406,20,1841,1841:CUB037,female,head,20260908,2,22.25699997181762,21.65,22.80733276455804,2.2569999718176206,1.6499999999999986,2.8073327645580406
1841.F05601,20,1841,1841:CUB037,female,head,20260908,2,22.25699997181762,23.0625,22.498275756772877,2.2569999718176206,3.0625,2.498275756772877
1841.F05607,20,1841,1841:CUB037,female,head,20260908,2,22.25699997181762,21.725,21.667126771169706,2.2569999718176206,1.7250000000000014,1.6671267711697055
1841.F05468,22,1841,1841:NAU137,female,head,20260908,2,22.25699997181762,22.0,23.59138194141126,0.2569999718176206,0.0,1.5913819414112602
10317.000005419,54,10317,10317:d63484fec8c78056306a841bf283219a2f4dd6eb40568afb6e401ef1dd5a23f563b4e42b92eda0d4b87cc502d1158abf83fac1a38b7a4166f4374fd6ec75beaa,female,hand,20260908,2,48.65196302032109,41.86875,47.20879687809185,5.348036979678909,12.131250000000001,6.791203121908147
10317.000041346,46,10317,10317:e264e42ddf5814bac0981098f8e9a48fb9a1d3524b60bad0405e26151eceeaa0db735671ad5dc0c78c554c78e4d745510d94413264b20449f53a1fe1be4f0529,male,hand,20260908,2,42.764722495109005,44.075,47.566532820935066,3.2352775048909947,1.9249999999999972,1.5665328209350662
10317.000041345,46,10317,10317:e264e42ddf5814bac0981098f8e9a48fb9a1d3524b60bad0405e26151eceeaa0db735671ad5dc0c78c554c78e4d745510d94413264b20449f53a1fe1be4f0529,male,hand,20260908,2,42.764722495109005,40.24375,43.80845218709749,3.2352775048909947,5.756250000000001,2.191547812902513
1841.P15172,19,1841,1841:NCS233,male,hand,20260908,2,24.606661263900413,22.525,21.721703090143787,5.606661263900413,3.5249999999999986,2.7217030901437873
1841.P15311,21,1841,1841:NCS229,male,hand,20260908,2,24.606661263900413,25.55,20.614244380248472,3.6066612639004134,4.550000000000001,0.38575561975152795
1841.F05814,32,1841,1841:NAU102,unknown,head,20260908,2,23.527221760286743,24.85,20.457377987949624,8.472778239713257,7.149999999999999,11.542622012050376
1841.F05810,32,1841,1841:NAU102,unknown,head,20260908,2,23.527221760286743,21.825,19.11441579095757,8.472778239713257,10.175,12.885584209042431
1841.P16525,23,1841,1841:CUB056,male,hand,20260908,2,24.606661263900413,24.9,23.264660825166786,1.6066612639004134,1.8999999999999986,0.2646608251667857
1841.P16521,23,1841,1841:CUB056,male,hand,20260908,2,24.606661263900413,23.26875,22.37003332320068,1.6066612639004134,0.2687500000000007,0.6299666767993202
10317.000004206,76,10317,10317:e4f690795c66a065feccd07de0128f89746b411eb215789f6c7c9bd18b20cd831f9b9a7e3b8af5952b3c56c532534d3f1045f353d46b4b79876a0f6c8b58df96,female,hand,20260908,2,48.65196302032109,51.7375,55.20721026936933,27.34803697967891,24.262500000000003,20.792789730630673
1841.F06398,23,1841,1841:CUB056,male,head,20260908,2,24.587762854513876,26.0625,21.42852600680609,1.5877628545138762,3.0625,1.5714739931939086
1841.F06396,20,1841,1841:CUB037,female,head,20260908,2,22.25699997181762,23.30625,22.104083254402006,2.2569999718176206,3.3062499999999986,2.1040832544020063
1841.P15782,22,1841,1841:NAU133,male,hand,20260908,2,24.606661263900413,22.9875,20.442911885768066,2.6066612639004134,0.9875000000000007,1.5570881142319344
1841.F05665,21,1841,1841:CUB038,female,head,20260908,2,22.25699997181762,24.55625,27.124738424167383,1.2569999718176206,3.5562499999999986,6.124738424167383
1841.P15158,19,1841,1841:NCS233,male,hand,20260908,2,24.606661263900413,23.525,22.46095188999608,5.606661263900413,4.524999999999999,3.4609518899960783
10317.000027703,68,10317,10317:f4417cf9261b7cf7eafdfa7c1e4c2f0b04b7f6a0a74833597eb9f455b64175009de471b6099ea840835964becfbbea46fda6746deaeb30cc1b29201c1259072e,male,head,20260908,2,42.64170315993952,43.6125,42.427931019139805,25.358296840060483,24.387500000000003,25.572068980860195
1841.P15152,19,1841,1841:NCS233,male,hand,20260908,2,24.606661263900413,26.51875,25.5249527150718,5.606661263900413,7.518750000000001,6.524952715071802
1841.F05833,30,1841,1841:NAU108,female,head,20260908,2,22.25699997181762,24.0625,24.810767871721996,7.743000028182379,5.9375,5.189232128278004
1841.F05834,30,1841,1841:NAU108,female,head,20260908,2,22.25699997181762,25.525,25.60209258140331,7.743000028182379,4.475000000000001,4.3979074185966915
1841.F05838,32,1841,1841:NAU102,unknown,head,20260908,2,23.527221760286743,24.21875,20.96858174824571,8.472778239713257,7.78125,11.031418251754289
10317.000028937,50,10317,10317:4cd17ea33fe6b5736aded648ee2e6f2a14b3d6cfdc57435287f768540fd8a367a68d60e2f6cfbacb0a70e046163d74ba126bb1261c5a2fcd5f87bfd14bb4c7ae,female,head,20260908,2,47.33922734033347,45.9375,49.31037517270249,2.6607726596665273,4.0625,0.6896248272975072
10317.000020534,34,10317,10317:6e4903f0be32c34121cd50c2891666fc8b26923970412591f3c900d7253a186450e745d33fc88b07a5c41c9992e15153f2c3fd7a20f01e43073e39ca8a3b4afe,male,head,20260908,2,42.64170315993952,46.95,48.5041954211281,8.641703159939517,12.950000000000003,14.504195421128102
1841.F05841,30,1841,1841:NAU108,female,head,20260908,2,22.25699997181762,25.45,24.37408207434972,7.743000028182379,4.550000000000001,5.625917925650281
2010.1689,22,2010,2010:15,female,head,20260908,2,27.765604629779993,38.19375,31.74479999771654,5.765604629779993,16.19375,9.744799997716541
1841.F05845,22,1841,1841:NAU133,male,head,20260908,2,24.587762854513876,22.4875,21.947208959268934,2.587762854513876,0.4875000000000007,0.052791040731065664
1841.P15130,19,1841,1841:NCS233,male,hand,20260908,2,24.606661263900413,23.325,22.09144207403156,5.606661263900413,4.324999999999999,3.0914420740315585
10317.000003299,61,10317,10317:e7639c4697365b2cdd0af17e85e19fae656bebe2ca231e4057397460de8a06886fbdc663413a68e30c542241a5d4a8765a2affefbadf0e387eda6d67a72749a0,male,head,20260908,2,42.64170315993952,47.6375,45.85990064558441,18.358296840060483,13.362499999999997,15.14009935441559
1841.F05583,22,1841,1841:NAU133,male,head,20260908,2,24.587762854513876,23.0875,19.868581376260043,2.587762854513876,1.0874999999999986,2.1314186237399575
1841.F06488,21,1841,1841:CUB038,female,head,20260908,2,22.25699997181762,25.6,23.472216038668375,1.2569999718176206,4.600000000000001,2.4722160386683747
1841.P16565,21,1841,1841:CUB038,female,hand,20260908,2,22.346810363019458,24.03125,24.447542469185567,1.3468103630194577,3.03125,3.447542469185567
10317.000002874,72,10317,10317:9b31e31bf0d472e6a54940cdb8e6b0d019f0fb7b65bd335d54bd01c9fab69bd4d1dc62daf2e3866ab5fbff6c481867676633b204ea04a415899d3087ff6041b9,male,hand,20260908,2,42.764722495109005,40.01875,40.948821334223155,29.235277504890995,31.981250000000003,31.051178665776845
10317.000031912,54,10317,10317:0c3091f23d30ee5b470301f691493df51f63050506428f17d14304a92cb2773c926aa8302e810812195b2fb3442ae4405b25774e783a0dea0554adffa5e317c5,female,hand,20260908,2,48.65196302032109,42.78125,47.546172089956094,5.348036979678909,11.21875,6.4538279100439055
10317.000031910,54,10317,10317:0c3091f23d30ee5b470301f691493df51f63050506428f17d14304a92cb2773c926aa8302e810812195b2fb3442ae4405b25774e783a0dea0554adffa5e317c5,female,head,20260908,2,47.33922734033347,43.49375,45.217423157107405,6.660772659666527,10.506250000000001,8.782576842892595
1841.P15195,19,1841,1841:NCS233,male,hand,20260908,2,24.606661263900413,22.7125,21.23095920544632,5.606661263900413,3.7124999999999986,2.2309592054463216
2010.2201,22,2010,2010:29,female,head,20260908,2,27.765604629779993,37.0875,25.399382226656225,5.765604629779993,15.087499999999999,3.3993822266562255
1841.P15377,23,1841,1841:NCS244,female,hand,20260908,2,22.346810363019458,24.8625,25.25081377779114,0.6531896369805423,1.8625000000000007,2.250813777791141
1841.F05170,25,1841,1841:NAU157,male,head,20260908,2,24.587762854513876,25.74375,20.53066895730038,0.4122371454861238,0.7437499999999986,4.4693310426996185
2010.2072,32,2010,2010:19,female,head,20260908,2,27.765604629779993,45.26875,32.79531081358793,4.234395370220007,13.268749999999997,0.7953108135879319
10317.000038318,45,10317,10317:3b7d34b44f72e95e00448cb043d5340d44117ce7280c30460dfe394894b0822d4c1583a47eb25eb49e50c149a7e5dc6a736132da19792ffbd2156208e0e9cebf,male,head,20260908,2,42.64170315993952,47.9625,45.91714592596616,2.3582968400604827,2.9624999999999986,0.9171459259661603
10317.000030411,36,10317,10317:a1b4c9ec5f8710558bd4a7d34cd680ebd077aa972f77ae2c7a80904262a269846af690c0af56eec73473625b15e9b30c4413c0ced557f3aeebbcbdbbb0b28698,male,head,20260908,2,42.64170315993952,45.7375,45.9335688128096,6.641703159939517,9.737499999999997,9.933568812809597
1841.F06012,23,1841,1841:NCS244,female,head,20260908,2,22.25699997181762,24.65625,22.116197555241417,0.7430000281823794,1.65625,0.883802444758583
1841.F06548,20,1841,1841:CUB037,female,head,20260908,2,22.25699997181762,23.25625,21.63935450329119,2.2569999718176206,3.2562500000000014,1.639354503291191
1841.P15399,19,1841,1841:NCS233,male,hand,20260908,2,24.606661263900413,23.8875,21.252894403390194,5.606661263900413,4.887499999999999,2.2528944033901936
10317.000012382,48,10317,10317:d4747c80cbabfa6a118ab9e828a6e01176aee5c6477c84e90565dd41303cee3f4da5c8eb4c5a5b1abcf05c6ade5c8588fb990c110d1249108ffee63923f0759d,male,hand,20260908,2,42.764722495109005,40.25,41.449502362997265,5.235277504890995,7.75,6.550497637002735
1841.P15530,22,1841,1841:NAU137,female,hand,20260908,2,22.346810363019458,23.23125,22.63911462010236,0.34681036301945767,1.2312499999999993,0.6391146201023616
10317.000041062,33,10317,10317:cc7a72730c7716b41648ac90728f72eb759bd32caaa07b60e4db721abd907a2e38b19314c602ce3a7b19a7634037bd360e4d54c532513a267152129589e536de,male,hand,20260908,2,42.764722495109005,38.25,41.99138000096296,9.764722495109005,5.25,8.991380000962963
2010.1902,32,2010,2010:19,female,head,20260908,2,27.765604629779993,41.54375,30.228637532608776,4.234395370220007,9.543750000000003,1.7713624673912243
1841.F06208,25,1841,1841:NAU157,male,head,20260908,2,24.587762854513876,26.33125,20.9773454190709,0.4122371454861238,1.3312500000000007,4.0226545809291
1841.F05158,22,1841,1841:NAU133,male,head,20260908,2,24.587762854513876,25.0625,21.92504082750983,2.587762854513876,3.0625,0.07495917249017126
1841.F05151,22,1841,1841:NAU137,female,head,20260908,2,22.25699997181762,22.15,22.29498408453009,0.2569999718176206,0.14999999999999858,0.29498408453008906
1841.F06568,21,1841,1841:CUB038,female,head,20260908,2,22.25699997181762,22.1375,22.019289124030532,1.2569999718176206,1.1374999999999993,1.0192891240305322
1841.P16184,32,1841,1841:NAU102,unknown,hand,20260908,2,23.61737663369226,21.98125,20.878026933072537,8.38262336630774,10.01875,11.121973066927463
1841.P15513,25,1841,1841:NAU157,male,hand,20260908,2,24.606661263900413,29.75625,23.244978306694648,0.3933387360995866,4.756250000000001,1.755021693305352
10317.000010131,58,10317,10317:18f2e49afddb67b3c360c48826bfc2787ccc26e275825c6dd9afebc62893f5e57bcee0a02aedb777006db6eb53183d6c85508ad34d318c8120de7628c5f74232,female,head,20260908,2,47.33922734033347,45.2375,48.0603452636543,10.660772659666527,12.762500000000003,9.939654736345702
1841.F05529,22,1841,1841:NAU137,female,head,20260908,2,22.25699997181762,23.51875,22.171700975293543,0.2569999718176206,1.5187500000000007,0.17170097529354322
1841.F06490,23,1841,1841:CUB056,male,head,20260908,2,24.587762854513876,24.31875,23.32737224285696,1.5877628545138762,1.3187500000000014,0.32737224285695987
1841.P15727,25,1841,1841:NAU157,male,hand,20260908,2,24.606661263900413,26.8875,21.628397306416566,0.3933387360995866,1.8874999999999993,3.3716026935834336
2010.1665,22,2010,2010:15,female,head,20260908,2,27.765604629779993,37.14375,27.282428682817237,5.765604629779993,15.143749999999997,5.282428682817237
1841.P16406,23,1841,1841:NCS244,female,hand,20260908,2,22.346810363019458,22.80625,24.005528691914115,0.6531896369805423,0.19375000000000142,1.0055286919141153
10317.000009650,53,10317,10317:b565af2054e502f6e52e66e3de2b5e2199b3a8637ef66233b06e6fe02859801a1bae272653dde3b99ca69985f5434f1a2cdf4fde7507455f5740cc3df03b878c,female,head,20260908,2,47.33922734033347,41.275,44.00518751297743,5.660772659666527,11.725000000000001,8.994812487022571
1841.F06508,23,1841,1841:CUB056,male,head,20260908,2,24.587762854513876,26.4125,21.431653644918264,1.5877628545138762,3.4125000000000014,1.5683463550817365
1841.F06502,21,1841,1841:CUB038,female,head,20260908,2,22.25699997181762,21.69375,22.002067317932593,1.2569999718176206,0.6937500000000014,1.0020673179325925
10317.000049845,35,10317,10317:88f4fbcf0ceb456e7f8e8447af039f0dc2670ad52972600d23a04b60152370409f6b57086023803ce52591376f998806f80e260d50d06764bbb66d26d1b5553e,female,hand,20260908,2,48.65196302032109,40.95,43.5919295706686,13.65196302032109,5.950000000000003,8.591929570668597
1841.F05500,22,1841,1841:NAU137,female,head,20260908,2,22.25699997181762,21.8,22.19439121990173,0.2569999718176206,0.1999999999999993,0.19439121990172836
2010.1623,22,2010,2010:15,female,head,20260908,2,27.765604629779993,38.48125,29.671149082314702,5.765604629779993,16.481250000000003,7.671149082314702
1841.F06524,23,1841,1841:CUB056,male,head,20260908,2,24.587762854513876,27.94375,23.12268822532311,1.5877628545138762,4.943750000000001,0.12268822532310963
1841.F06522,23,1841,1841:CUB056,male,head,20260908,2,24.587762854513876,23.01875,23.050790961580248,1.5877628545138762,0.01875000000000071,0.05079096158024754
1841.P15081,21,1841,1841:CUB038,female,hand,20260908,2,22.346810363019458,27.36875,25.107544606566034,1.3468103630194577,6.368749999999999,4.107544606566034
1841.F05927,19,1841,1841:NCS233,male,head,20260908,2,24.587762854513876,22.6625,19.689542338507955,5.587762854513876,3.6625000000000014,0.6895423385079553
1841.P15762,22,1841,1841:NAU137,female,hand,20260908,2,22.346810363019458,21.3125,22.871300487638393,0.34681036301945767,0.6875,0.8713004876383934
1841.F06263,25,1841,1841:NAU157,male,head,20260908,2,24.587762854513876,29.1375,20.32091866369144,0.4122371454861238,4.137499999999999,4.67908133630856
1841.P16332,25,1841,1841:NAU157,male,hand,20260908,2,24.606661263900413,27.45625,26.016259042118875,0.3933387360995866,2.4562500000000007,1.0162590421188753
10317.000066855,27,10317,10317:73bf3573928ab6f8e0dbef1783c99aa8c96f8a341909051dbaaf5e003778464fdf40cee56b971bea2c557859ebdc3351dddc89230df6458726716c8fe13e3583,female,hand,20260908,2,48.65196302032109,35.50625,37.18521920782265,21.65196302032109,8.506250000000001,10.185219207822648
2010.1989,32,2010,2010:19,female,head,20260908,2,27.765604629779993,43.55,31.28165936152547,4.234395370220007,11.549999999999997,0.7183406384745297
1841.F05907,19,1841,1841:NCS233,male,head,20260908,2,24.587762854513876,22.95625,19.621820199792943,5.587762854513876,3.9562500000000007,0.6218201997929427
1841.F05901,19,1841,1841:NCS233,male,head,20260908,2,24.587762854513876,24.35,24.09847022708268,5.587762854513876,5.350000000000001,5.098470227082679
1841.P16166,25,1841,1841:NAU157,male,hand,20260908,2,24.606661263900413,29.425,23.01354677378968,0.3933387360995866,4.425000000000001,1.986453226210319
1841.P16160,32,1841,1841:NAU102,unknown,hand,20260908,2,23.61737663369226,22.31875,20.849179800523785,8.38262336630774,9.681249999999999,11.150820199476215
10317.000068763,34,10317,10317:64e4e987fbbcb4c2194cdd7c106261ec20cfbf2772d835c97eb6311237552ac6be0e79cdb6ed23e686e25afe5db5d7ca46016b14f6939798b7664d7af99914c7,male,head,20260908,2,42.64170315993952,38.75625,39.94586888312648,8.641703159939517,4.756250000000001,5.945868883126479
10317.000033429,62,10317,10317:1b595cbd54b82f80c4b023585b3a8baad15d027aab0c5b04a69b8c3e9e5d48bfcb2d532872548685bc12d0c706255362bb8a230524186fc6cc64f429295eb166,female,hand,20260908,2,48.65196302032109,49.00625,50.99732020765684,13.34803697967891,12.993749999999999,11.002679792343159
1841.F05229,22,1841,1841:NAU137,female,head,20260908,2,22.25699997181762,21.6625,21.930104842981446,0.2569999718176206,0.3374999999999986,0.06989515701855353
1841.F05226,32,1841,1841:NAU102,unknown,head,20260908,2,23.527221760286743,23.26875,18.649574881961342,8.472778239713257,8.73125,13.350425118038658
1841.P16311,32,1841,1841:NAU102,unknown,hand,20260908,2,23.61737663369226,23.125,21.207998020541947,8.38262336630774,8.875,10.792001979458053
10317.000071442,22,10317,10317:3f7869fcd99617b9f2bf18fbf0bd9979e5887887afaedf57e4fde973b8756b3be0e2e24ed76f875086eaf6c006b354b48c001d1a162093cbffe2caa0db0ecffc,male,head,20260908,2,42.64170315993952,41.7375,42.61755445955885,20.641703159939517,19.737499999999997,20.617554459558853
1841.P15598,22,1841,1841:NAU133,male,hand,20260908,2,24.606661263900413,32.9375,29.592183573391083,2.6066612639004134,10.9375,7.5921835733910825
1841.F05030,19,1841,1841:NCS233,male,head,20260908,2,24.587762854513876,24.39375,20.317993074531856,5.587762854513876,5.393750000000001,1.3179930745318558
1841.F05964,19,1841,1841:NCS233,male,head,20260908,2,24.587762854513876,23.43125,20.22604656296564,5.587762854513876,4.431249999999999,1.2260465629656387
1841.P16104,30,1841,1841:NAU108,female,hand,20260908,2,22.346810363019458,24.11875,26.20240710029755,7.653189636980542,5.881250000000001,3.797592899702451
1841.P16106,25,1841,1841:NAU157,male,hand,20260908,2,24.606661263900413,35.4625,30.357003659240306,0.3933387360995866,10.462499999999999,5.357003659240306
10317.000006972,61,10317,10317:71663baf1b46589d68296c0b2c93208b950a8d8f87dd95255336d0e162d3d45a6922f6512a1dbbbdecd027ff264b625773e6d10d54f1a7750050d3b813d4eadd,female,hand,20260908,2,48.65196302032109,40.9625,46.337176788132375,12.34803697967891,20.0375,14.662823211867625
2010.1302,34,2010,2010:5,female,head,20260908,2,27.765604629779993,39.3625,32.4231328498926,6.234395370220007,5.362499999999997,1.5768671501073968
10317.000063236,31,10317,10317:9a6b1d64174bf2de76973d430737df42a6c1d222167a33cad37332ade7aaba03e2f1fd87dd65c5bda2ab171d6373490fa6395929f8ff33c6d5acdec0d7035388,male,head,20260908,2,42.64170315993952,40.26875,41.419234776126984,11.641703159939517,9.268749999999997,10.419234776126984
1841.F05559,22,1841,1841:NAU137,female,head,20260908,2,22.25699997181762,21.4375,22.37447942233066,0.2569999718176206,0.5625,0.37447942233065845
1841.P15904,20,1841,1841:CUB037,female,hand,20260908,2,22.346810363019458,22.10625,22.138199621932667,2.3468103630194577,2.1062499999999993,2.1381996219326673
1841.P15908,21,1841,1841:CUB038,female,hand,20260908,2,22.346810363019458,22.79375,22.541405724673933,1.3468103630194577,1.7937499999999993,1.5414057246739326
10317.000048405,28,10317,10317:4287cb26d2ebcaddb5129d95ff2d4ae496c47b0162672df93082abfc9303671b6d9332bfe211f6530019940e6d40144094a4bc4c012716375b5e72166c04b6e2,female,hand,20260908,2,48.65196302032109,53.3125,54.613243686512895,20.65196302032109,25.3125,26.613243686512895
10317.000048407,28,10317,10317:4287cb26d2ebcaddb5129d95ff2d4ae496c47b0162672df93082abfc9303671b6d9332bfe211f6530019940e6d40144094a4bc4c012716375b5e72166c04b6e2,female,head,20260908,2,47.33922734033347,50.35,53.62194279986728,19.339227340333473,22.35,25.621942799867277
10317.000048406,28,10317,10317:4287cb26d2ebcaddb5129d95ff2d4ae496c47b0162672df93082abfc9303671b6d9332bfe211f6530019940e6d40144094a4bc4c012716375b5e72166c04b6e2,female,hand,20260908,2,48.65196302032109,47.66875,50.27268818167472,20.65196302032109,19.668750000000003,22.272688181674717
1841.F05200,22,1841,1841:NAU133,male,head,20260908,2,24.587762854513876,23.95,21.07143370487432,2.587762854513876,1.9499999999999993,0.9285662951256803
1841.P16377,22,1841,1841:NAU133,male,hand,20260908,2,24.606661263900413,29.6375,29.81812422256083,2.6066612639004134,7.637499999999999,7.818124222560829
1841.P16397,32,1841,1841:NAU102,unknown,hand,20260908,2,23.61737663369226,22.7375,21.574830794569024,8.38262336630774,9.2625,10.425169205430976
10317.000015187,27,10317,10317:cb8ea224a3bb7ef53bf08da62860c079b5996441cbbb6ef11fbe09454172198e57a65569937d0e57c98a2327cfe4b04a55969cdda8eed8fc5f998c2468e4920a,male,hand,20260908,2,42.764722495109005,39.675,41.86829673366159,15.764722495109005,12.674999999999997,14.868296733661587
1841.P15063,23,1841,1841:CUB056,male,hand,20260908,2,24.606661263900413,26.45625,25.797554873233125,1.6066612639004134,3.4562500000000007,2.797554873233125
1841.P16297,22,1841,1841:NAU133,male,hand,20260908,2,24.606661263900413,25.96875,23.356317307261953,2.6066612639004134,3.96875,1.3563173072619534
1841.P16293,22,1841,1841:NAU133,male,hand,20260908,2,24.606661263900413,22.89375,22.635527495509457,2.6066612639004134,0.8937500000000007,0.6355274955094572
1841.P16129,25,1841,1841:NAU157,male,hand,20260908,2,24.606661263900413,33.9125,26.638208985658174,0.3933387360995866,8.912500000000001,1.6382089856581743
10317.000068799,30,10317,10317:219fdff6b9dcec67c1aa0b866cb025d68ac35295256f63c520911912293fe0849d61cd408675c0305a5c92df708363f8172fc8e6969982b5a49c4e44d28547fb,female,head,20260908,2,47.33922734033347,42.1125,47.75298853612659,17.339227340333473,12.112499999999997,17.752988536126587
1841.P16356,30,1841,1841:NAU108,female,hand,20260908,2,22.346810363019458,25.9875,26.988644991482634,7.653189636980542,4.012499999999999,3.0113550085173664
1841.P16523,23,1841,1841:CUB056,male,hand,20260908,2,24.606661263900413,23.29375,23.37372199550689,1.6066612639004134,0.2937499999999993,0.3737219955068909
1841.P15004,20,1841,1841:CUB037,female,hand,20260908,2,22.346810363019458,22.40625,23.21644512334805,2.3468103630194577,2.40625,3.2164451233480484
1841.F06303,20,1841,1841:CUB037,female,head,20260908,2,22.25699997181762,24.69375,23.069878540623144,2.2569999718176206,4.693750000000001,3.0698785406231437
10317.000049844,35,10317,10317:88f4fbcf0ceb456e7f8e8447af039f0dc2670ad52972600d23a04b60152370409f6b57086023803ce52591376f998806f80e260d50d06764bbb66d26d1b5553e,female,head,20260908,2,47.33922734033347,42.5375,46.72245120575034,12.339227340333473,7.537500000000001,11.722451205750339
10317.000049848,35,10317,10317:88f4fbcf0ceb456e7f8e8447af039f0dc2670ad52972600d23a04b60152370409f6b57086023803ce52591376f998806f80e260d50d06764bbb66d26d1b5553e,female,hand,20260908,2,48.65196302032109,42.44375,44.921713782723955,13.65196302032109,7.443750000000001,9.921713782723955
2010.1347,34,2010,2010:5,female,head,20260908,2,27.765604629779993,38.575,30.213168027586416,6.234395370220007,4.575000000000003,3.7868319724135837
10317.000068770,34,10317,10317:64e4e987fbbcb4c2194cdd7c106261ec20cfbf2772d835c97eb6311237552ac6be0e79cdb6ed23e686e25afe5db5d7ca46016b14f6939798b7664d7af99914c7,male,hand,20260908,2,42.764722495109005,36.7875,36.4124530973329,8.764722495109005,2.7875000000000014,2.4124530973329
1841.F05092,23,1841,1841:NCS244,female,head,20260908,2,22.25699997181762,22.8375,23.45008273839603,0.7430000281823794,0.16250000000000142,0.45008273839603063
2010.1751,23,2010,2010:15,female,head,20260908,2,27.765604629779993,39.4,27.73332821146208,4.765604629779993,16.4,4.73332821146208
10317.000049729,36,10317,10317:79bbc1c5c663e0434d917d65535beeb68d902da75556dbb9bc561129718387ed15c630d65f4716cbeb02ed871a1e5044d2cd04da381361681f4a0793ca85598d,male,head,20260908,2,42.64170315993952,40.5875,43.306692570504026,6.641703159939517,4.587499999999999,7.306692570504026
1841.P15280,23,1841,1841:CUB056,male,hand,20260908,2,24.606661263900413,25.03125,24.271647051052263,1.6066612639004134,2.03125,1.2716470510522626
10317.000049790,27,10317,10317:cb8ea224a3bb7ef53bf08da62860c079b5996441cbbb6ef11fbe09454172198e57a65569937d0e57c98a2327cfe4b04a55969cdda8eed8fc5f998c2468e4920a,male,head,20260908,2,42.64170315993952,39.8375,41.80304715240085,15.641703159939517,12.837499999999999,14.80304715240085
1841.F06465,23,1841,1841:CUB056,male,head,20260908,2,24.587762854513876,25.975,23.531391002961815,1.5877628545138762,2.9750000000000014,0.531391002961815
1841.F05986,19,1841,1841:NCS233,male,head,20260908,2,24.587762854513876,23.24375,19.718049083870373,5.587762854513876,4.243749999999999,0.7180490838703726
1841.P16257,25,1841,1841:NAU157,male,hand,20260908,2,24.606661263900413,27.775,23.230675274935308,0.3933387360995866,2.7749999999999986,1.769324725064692
1841.F05410,22,1841,1841:NAU133,male,head,20260908,2,24.587762854513876,24.30625,20.44024234547028,2.587762854513876,2.3062499999999986,1.5597576545297187
1841.P16416,23,1841,1841:NCS244,female,hand,20260908,2,22.346810363019458,22.35625,24.86688964253864,0.6531896369805423,0.6437500000000007,1.8668896425386414
10317.000030487,69,10317,10317:08b8c7c89d71fbf3c7c45e4e838c5e9f6a9275be245ff743f08495d4e80cd9e519926d3080aa03f7db3b66c131808ba6bc500ce102040e341c7b930462457631,female,head,20260908,2,47.33922734033347,45.19375,46.38984364161851,21.660772659666527,23.80625,22.610156358381488
10317.000009540,53,10317,10317:58d4b73b2478e68af9ec6ecd6f84a5c5b12f4bc9800c9f70889f2bf166a48e6c18a19edff402e2d4ba36c6c10a1cb0f060bef325706d3ec31b9f0e301d253e1a,female,head,20260908,2,47.33922734033347,49.725,51.87328057355871,5.660772659666527,3.2749999999999986,1.1267194264412908
1841.F05476,25,1841,1841:NAU157,male,head,20260908,2,24.587762854513876,25.35625,21.40379621975712,0.4122371454861238,0.3562499999999993,3.596203780242881
1841.F05475,22,1841,1841:NAU133,male,head,20260908,2,24.587762854513876,25.725,20.94276507254329,2.587762854513876,3.7250000000000014,1.0572349274567117
1841.F05645,21,1841,1841:CUB038,female,head,20260908,2,22.25699997181762,23.425,22.862198683845516,1.2569999718176206,2.4250000000000007,1.8621986838455165
1841.P16183,22,1841,1841:NAU137,female,hand,20260908,2,22.346810363019458,22.9625,22.19835660821037,0.34681036301945767,0.9624999999999986,0.19835660821037138
1841.P15985,20,1841,1841:CUB037,female,hand,20260908,2,22.346810363019458,32.2125,30.236353516502653,2.3468103630194577,12.212499999999999,10.236353516502653
2010.1840,32,2010,2010:19,female,head,20260908,2,27.765604629779993,44.2625,31.850093756652633,4.234395370220007,12.262500000000003,0.1499062433473668
1841.F05288,25,1841,1841:NAU157,male,head,20260908,2,24.587762854513876,24.61875,21.001969979373424,0.4122371454861238,0.3812500000000014,3.998030020626576
1841.F05287,25,1841,1841:NAU157,male,head,20260908,2,24.587762854513876,26.125,20.76507552875638,0.4122371454861238,1.125,4.23492447124362
1841.F05869,30,1841,1841:NAU108,female,head,20260908,2,22.25699997181762,23.5125,23.440540409580684,7.743000028182379,6.487500000000001,6.559459590419316
1841.F05867,25,1841,1841:NAU157,male,head,20260908,2,24.587762854513876,28.6125,22.79752062291229,0.4122371454861238,3.6125000000000007,2.202479377087709
10317.000033792,27,10317,10317:a8d1e0c8b099dac9041d9cebdac9c0de56819da44b2a634063806e8ed4697d1075a1ad1a75dcb472c0667686ae7dad37b98268caf960b4805fdd05c287c202df,male,head,20260908,2,42.64170315993952,40.65,40.080087254124614,15.641703159939517,13.649999999999999,13.080087254124614
2010.1246,34,2010,2010:5,female,head,20260908,2,27.765604629779993,36.575,28.561342679611524,6.234395370220007,2.575000000000003,5.438657320388476
1841.F05486,22,1841,1841:NAU137,female,head,20260908,2,22.25699997181762,23.73125,23.02586156261491,0.2569999718176206,1.7312499999999993,1.0258615626149101
10317.000048360,64,10317,10317:38b52d80745205082d2b0768d21dd49bd97b0762ddb17ec4e549c69b3b75f17167733bf4a73fe6fdc52037e40d6b89fc512dffe4c7ea605af2290fac125f6726,female,head,20260908,2,47.33922734033347,45.1375,50.702103378497114,16.660772659666527,18.862499999999997,13.297896621502886
10317.000063440,30,10317,10317:012c33f74519c193ec10f17ef58846a7db07b462e5497db82c40fedc4ca3edac7e3c610143fdb11e0e0617da7dcd562ee2bf2be850227286ef06ab72c6361d25,male,head,20260908,2,42.64170315993952,35.31875,36.10910859899155,12.641703159939517,5.318750000000001,6.109108598991547
10317.000063447,30,10317,10317:012c33f74519c193ec10f17ef58846a7db07b462e5497db82c40fedc4ca3edac7e3c610143fdb11e0e0617da7dcd562ee2bf2be850227286ef06ab72c6361d25,male,hand,20260908,2,42.764722495109005,35.7625,37.63324688610622,12.764722495109005,5.762500000000003,7.633246886106221
1841.P15790,25,1841,1841:NAU157,male,hand,20260908,2,24.606661263900413,24.69375,23.43603574524666,0.3933387360995866,0.3062499999999986,1.5639642547533406
1841.P15793,22,1841,1841:NAU137,female,hand,20260908,2,22.346810363019458,22.2375,24.429433889744235,0.34681036301945767,0.2375000000000007,2.429433889744235
1841.P16537,20,1841,1841:CUB037,female,hand,20260908,2,22.346810363019458,21.60625,22.647170390184915,2.3468103630194577,1.6062499999999993,2.6471703901849146
1841.P15422,21,1841,1841:NCS247,unknown,hand,20260908,2,23.61737663369226,24.5375,22.88033492039594,2.6173766336922597,3.5375000000000014,1.8803349203959385
1841.F05672,23,1841,1841:CUB056,male,head,20260908,2,24.587762854513876,27.24375,22.284824898235744,1.5877628545138762,4.243749999999999,0.715175101764256
1841.P16214,25,1841,1841:NAU157,male,hand,20260908,2,24.606661263900413,27.9125,23.14036056889206,0.3933387360995866,2.9125000000000014,1.85963943110794
1841.P16213,25,1841,1841:NAU157,male,hand,20260908,2,24.606661263900413,26.64375,22.387532926809037,0.3933387360995866,1.6437500000000007,2.612467073190963
1841.P16218,22,1841,1841:NAU137,female,hand,20260908,2,22.346810363019458,25.15625,24.11334910373556,0.34681036301945767,3.15625,2.1133491037355583
1841.F05491,22,1841,1841:NAU137,female,head,20260908,2,22.25699997181762,23.225,22.0608822593613,0.2569999718176206,1.2250000000000014,0.06088225936129987
10317.000040133,65,10317,10317:2b9cd37b03a34e4fed908599b8aedfd4277f38cd704e2625664f495885508a6c40fe8b88f3c9b254c454e5fdcaeef45ed360aa3202dd2bd6326d6e5df964004a,male,head,20260908,2,42.64170315993952,48.2875,47.18524957110657,22.358296840060483,16.7125,17.814750428893433
1841.P15304,23,1841,1841:NCS244,female,hand,20260908,2,22.346810363019458,22.36875,23.530571316522245,0.6531896369805423,0.6312500000000014,0.530571316522245
10317.000004846,43,10317,10317:a17a75eada9222f4d52ce6eb301bb5f83a31b9f5c3f8169a805aa8db550330187a4d89b93a8a8f82115a4bcf6ab38541b4e58a7343862e089fdea11ac94f627a,male,head,20260908,2,42.64170315993952,43.01875,42.95767712477213,0.3582968400604827,0.018749999999997158,0.042322875227867485
1841.F05802,25,1841,1841:NAU157,male,head,20260908,2,24.587762854513876,24.41875,22.12475951987255,0.4122371454861238,0.5812500000000007,2.8752404801274487
1841.P15551,22,1841,1841:NAU137,female,hand,20260908,2,22.346810363019458,23.7375,22.91367817645016,0.34681036301945767,1.7375000000000007,0.9136781764501585
1841.P16534,20,1841,1841:CUB037,female,hand,20260908,2,22.346810363019458,22.275,23.785730518562413,2.3468103630194577,2.2749999999999986,3.7857305185624135
10317.000003638,58,10317,10317:c9e234a8b8023dc52f81b36210303deb253ee13dabc6022044eb5536429962a7f2dc5854ff06cadbb8969d2e2464fe3ed6ff0808a6c48037574abd2313962f88,female,head,20260908,3,47.950923728788766,45.24242679961337,49.814892128655394,10.049076271211234,12.75757320038663,8.185107871344606
1841.F06479,22,1841,1841:CUB040,male,head,20260908,3,23.84877457308682,26.37671470890221,21.636506961546807,1.8487745730868212,4.37671470890221,0.3634930384531927
10317.000049806,66,10317,10317:4863e557347469643abb13187a4c07e6d82a136b7e8ada704bcc1c6ea30fc2961e36855c2dfe883650d88cef48ae1161802be7c3b874b5f003569b1f51adc309,female,head,20260908,3,47.950923728788766,42.933988775726384,45.13531013419391,18.049076271211234,23.066011224273616,20.864689865806092
1841.F05126,21,1841,1841:NAU154,female,head,20260908,3,22.36413544762816,25.016255898066525,24.21587075402268,1.3641354476281613,4.016255898066525,3.2158707540226814
1841.P16234,20,1841,1841:NAU121,female,hand,20260908,3,22.379819306996385,25.20746555960057,23.58454039683472,2.379819306996385,5.207465559600571,3.5845403968347185
1841.P16491,22,1841,1841:NCS212,female,hand,20260908,3,22.379819306996385,25.687434357142905,25.64087801956232,0.3798193069963851,3.687434357142905,3.6408780195623187
10317.000068943,39,10317,10317:aa8c21f5078bc7371b21ffbe19854212c26e4ba8b087307ab121b615566704bf41428d321554791b675f216db7f7d1922190d57c119c58c01ff5e6a1b7a11da3,male,head,20260908,3,43.33053240519983,41.34345831671104,37.80596751357223,4.330532405199833,2.343458316711043,1.1940324864277727
1841.F05106,37,1841,1841:NAU148,male,head,20260908,3,23.84877457308682,24.72763160603693,18.12521721692882,13.151225426913179,12.27236839396307,18.87478278307118
1841.F05105,22,1841,1841:NAU164,male,head,20260908,3,23.84877457308682,26.042189327028968,20.709505941070347,1.8487745730868212,4.042189327028968,1.290494058929653
1841.F05102,22,1841,1841:NAU164,male,head,20260908,3,23.84877457308682,28.322610748701557,23.403235691610096,1.8487745730868212,6.322610748701557,1.4032356916100959
2010.2046,34,2010,2010:25,female,head,20260908,3,27.14521884628911,37.41025483565732,30.01727415229921,6.8547811537108885,3.4102548356573195,3.9827258477007916
1841.F05594,32,1841,1841:NAU150,female,head,20260908,3,22.36413544762816,25.16685755221301,21.97268017065454,9.635864552371839,6.83314244778699,10.027319829345458
1841.F05597,19,1841,1841:NAU107,female,head,20260908,3,22.36413544762816,22.90888453560328,21.59468149161106,3.3641354476281613,3.9088845356032813,2.594681491611059
1841.F05593,21,1841,1841:NAU153,female,head,20260908,3,22.36413544762816,22.048565618409384,23.583583603339477,1.3641354476281613,1.0485656184093841,2.583583603339477
1841.F05831,32,1841,1841:NAU150,female,head,20260908,3,22.36413544762816,27.671496045502913,23.288624854979886,9.635864552371839,4.328503954497087,8.711375145020114
10317.000015501,58,10317,10317:39bccde315a4d2e26bd21d11d8612666496433302b42a988f2e86dbe04d585b4ed30f82357ad21121e121b84ba5b37d2ecaf536b10e6faf7bae853217d2e1db6,male,hand,20260908,3,42.40964286482793,40.65356437113498,43.95621926463495,15.59035713517207,17.346435628865017,14.043780735365047
10317.000002260,52,10317,10317:aa101e557d45d2c4a31a1d301fd4c574f8a5fc0833b116d35789d31262e1e05a55d401f9b79aeba4e9d3eba2940a8eb96f2f5b422ec59ccfd8c6811d9cd18c8d,female,head,20260908,3,47.950923728788766,42.55562372990725,45.58125653261607,4.049076271211234,9.444376270092746,6.418743467383933
1841.P16572,22,1841,1841:CUB040,male,hand,20260908,3,23.713954498349807,26.45013127975953,22.22406946582065,1.713954498349807,4.450131279759528,0.22406946582065146
10317.000014679,45,10317,10317:766b16ee6b65383664f73d4720f92c408604f3862a3ca0910ef13758df6833a4e132f7a6a180a0e66a7a0de4de722b7c7dcbbdfe09b051de250e1c70364291e9,female,head,20260908,3,47.950923728788766,40.135124580756525,44.242387769597016,2.9509237287887657,4.864875419243475,0.7576122304029838
10317.000005159,29,10317,10317:80ed9beefa64e1af619f5d370d79a21b435d10677f5b936ec3554234d47090f2a865337c8ff29f55d3cfc78a4c4fcf22efe713697872112639889bda9805a03e,male,hand,20260908,3,42.40964286482793,42.19128713813046,42.47849216010013,13.40964286482793,13.191287138130463,13.478492160100132
1841.P15435,19,1841,1841:NCS241,female,hand,20260908,3,22.379819306996385,23.996368988446203,25.49129253442502,3.379819306996385,4.9963689884462035,6.491292534425021
10317.000015151,25,10317,10317:bf103398cbf34d2fdf0ce89d2a4729ec061457ba078a27fff88e775557fa7a6206e6693e016f411dfc8700f10c5787107d76b31f1914db25cee356c3ffb2ee1c,male,hand,20260908,3,42.40964286482793,41.46187646231146,43.3691540943626,17.40964286482793,16.46187646231146,18.3691540943626
1841.F05570,20,1841,1841:NAU121,female,head,20260908,3,22.36413544762816,21.636246219058727,22.854045417476243,2.3641354476281613,1.6362462190587266,2.854045417476243
1841.F05574,23,1841,1841:NAU100,male,head,20260908,3,23.84877457308682,25.11975202923114,19.865827905288448,0.8487745730868212,2.1197520292311403,3.134172094711552
1841.P15717,32,1841,1841:NAU150,female,hand,20260908,3,22.379819306996385,24.459305373445993,23.856111726260355,9.620180693003615,7.540694626554007,8.143888273739645
1841.P15716,21,1841,1841:NAU154,female,hand,20260908,3,22.379819306996385,23.61750912659201,24.28026980396879,1.379819306996385,2.6175091265920116,3.280269803968789
1841.P16383,21,1841,1841:NAU106,female,hand,20260908,3,22.379819306996385,23.134805240178203,23.76056916511772,1.379819306996385,2.1348052401782027,2.760569165117719
1841.P15521,21,1841,1841:NAU106,female,hand,20260908,3,22.379819306996385,26.41126350907649,26.576571208370375,1.379819306996385,5.411263509076491,5.576571208370375
1841.P15525,19,1841,1841:NAU107,female,hand,20260908,3,22.379819306996385,24.88938409028193,23.651121278693864,3.379819306996385,5.889384090281929,4.651121278693864
1841.F05889,33,1841,1841:NAU144,male,head,20260908,3,23.84877457308682,24.43914836217274,19.77669383493688,9.151225426913179,8.560851637827259,13.223306165063121
10317.000012153,39,10317,10317:11a164f633168118e0565026872fa35afedfe2bae4497973a70320675455a4b33dc3ad7a7c30d5087e7928b80c4f712a6b4192465f4342ce940fa7e45758084d,female,hand,20260908,3,50.674581268588824,38.01577760359568,45.63882726224116,11.674581268588824,0.98422239640432,6.638827262241158
1841.P15737,19,1841,1841:NAU107,female,hand,20260908,3,22.379819306996385,22.24535357004107,23.062711276623705,3.379819306996385,3.2453535700410683,4.0627112766237055
1841.F06216,20,1841,1841:NAU121,female,head,20260908,3,22.36413544762816,23.263121204996203,21.700616341597883,2.3641354476281613,3.263121204996203,1.7006163415978826
10317.000002497,37,10317,10317:247ebb14f6dfcf8839f209aeb66c1f16f579162fc35aab08f18db6328b9ebbe7785cbc9394ed8d5c92ea65a93f9129469fbd86e96009e7e4f2ac54540bbf9d4f,male,head,20260908,3,43.33053240519983,40.69255465999535,41.15763929304831,6.330532405199833,3.692554659995352,4.157639293048312
1841.P16419,22,1841,1841:NCS212,female,hand,20260908,3,22.379819306996385,24.96516480200301,23.721671222482204,0.3798193069963851,2.9651648020030095,1.721671222482204
1841.P16411,22,1841,1841:NCS212,female,hand,20260908,3,22.379819306996385,23.051887740017328,22.680493320313957,0.3798193069963851,1.051887740017328,0.6804933203139569
2010.2027,34,2010,2010:25,female,head,20260908,3,27.14521884628911,36.32778846764994,28.443804738197432,6.8547811537108885,2.3277884676499383,5.556195261802568
1841.F05530,21,1841,1841:NAU106,female,head,20260908,3,22.36413544762816,24.61712381876295,22.12448198773073,1.3641354476281613,3.6171238187629484,1.1244819877307286
10317.000005361,67,10317,10317:673c8ce01f6c4b5120fb00380499db5eeb6a2fb55f33a66a36d79a28f321105b432b54532ecd02900640e027e6baa65fe94b194fa11f3a0eaf97f6abf95c9417,unknown,hand,20260908,3,43.145726830849554,41.84981853585003,44.603451334807595,23.854273169150446,25.150181464149973,22.396548665192405
10317.000068818,23,10317,10317:aa700130bf2ad84f7dfbd70f11a1ed544685dac3b0af8c4231219413d86330f5973915da8180c4eaa587cffc3aa156c9dafbf597461ddd6251fef35831bd365a,male,hand,20260908,3,42.40964286482793,35.86627213473524,39.55547569514435,19.40964286482793,12.86627213473524,16.555475695144352
1841.P16083,22,1841,1841:NAU164,male,hand,20260908,3,23.713954498349807,32.038565406910664,24.857301469985575,1.713954498349807,10.038565406910664,2.8573014699855754
1841.P15747,20,1841,1841:NAU121,female,hand,20260908,3,22.379819306996385,24.20784930561746,25.686834325461724,2.379819306996385,4.2078493056174615,5.686834325461724
1841.F05274,21,1841,1841:NAU106,female,head,20260908,3,22.36413544762816,28.95903219496147,26.820931855059555,1.3641354476281613,7.95903219496147,5.8209318550595555
1841.P15567,22,1841,1841:NAU164,male,hand,20260908,3,23.713954498349807,25.06612114448053,21.074621706765313,1.713954498349807,3.0661211444805296,0.9253782932346866
1841.P15561,21,1841,1841:NAU106,female,hand,20260908,3,22.379819306996385,25.11270478508192,24.763495336140256,1.379819306996385,4.11270478508192,3.763495336140256
1841.F05438,22,1841,1841:NAU164,male,head,20260908,3,23.84877457308682,25.47316044719171,20.997607752942393,1.8487745730868212,3.4731604471917095,1.0023922470576068
1841.P15955,22,1841,1841:CUB040,male,hand,20260908,3,23.713954498349807,22.432633477633473,20.56393925078952,1.713954498349807,0.43263347763347326,1.4360607492104798
1841.P15777,20,1841,1841:NAU121,female,hand,20260908,3,22.379819306996385,24.027161374895755,24.379021983809015,2.379819306996385,4.027161374895755,4.3790219838090145
1841.F06259,20,1841,1841:NAU121,female,head,20260908,3,22.36413544762816,23.660207904443368,22.184273453066368,2.3641354476281613,3.660207904443368,2.1842734530663677
1841.P15569,20,1841,1841:NAU121,female,hand,20260908,3,22.379819306996385,22.94880644733126,24.43160215148061,2.379819306996385,2.948806447331261,4.431602151480611
1841.F06253,20,1841,1841:NAU121,female,head,20260908,3,22.36413544762816,23.077976190476196,23.661892180962703,2.3641354476281613,3.077976190476196,3.6618921809627025
1841.F06250,20,1841,1841:NAU121,female,head,20260908,3,22.36413544762816,23.051692931520236,22.742654018065977,2.3641354476281613,3.051692931520236,2.742654018065977
1841.P15563,20,1841,1841:NAU121,female,hand,20260908,3,22.379819306996385,23.436002261627262,24.42277600276128,2.379819306996385,3.4360022616272623,4.422776002761282
1841.F05250,19,1841,1841:NAU107,female,head,20260908,3,22.36413544762816,26.519176684174777,25.519672213879073,3.3641354476281613,7.519176684174777,6.519672213879073
1841.F05258,33,1841,1841:NAU144,male,head,20260908,3,23.84877457308682,25.126163023269,20.63865709684531,9.151225426913179,7.873836976730999,12.36134290315469
1841.F06052,22,1841,1841:NCS212,female,head,20260908,3,22.36413544762816,23.6932665098382,22.086258025664325,0.3641354476281613,1.6932665098381996,0.08625802566432483
1841.P16320,33,1841,1841:NAU144,male,hand,20260908,3,23.713954498349807,22.471280418229433,19.58196797261895,9.286045501650193,10.528719581770567,13.418032027381049
1841.P16325,33,1841,1841:NAU144,male,hand,20260908,3,23.713954498349807,23.426329850704853,20.459560528420248,9.286045501650193,9.573670149295147,12.540439471579752
1841.F05043,22,1841,1841:NCS212,female,head,20260908,3,22.36413544762816,22.315882485569983,23.139798592594083,0.3641354476281613,0.31588248556998266,1.139798592594083
1841.F05517,20,1841,1841:NAU121,female,head,20260908,3,22.36413544762816,23.955453448206207,23.656247616930536,2.3641354476281613,3.9554534482062067,3.6562476169305356
10317.000015212,34,10317,10317:356171d003a70eda05dbc44ca7f1c23e803cbba14631a5247db7774ba0e837cd853a804b6bc41bc084b8849021f84c1c780ad04856231b70f72faf5ef5b4bcbf,male,hand,20260908,3,42.40964286482793,41.92209092713094,43.220201176776094,8.40964286482793,7.922090927130938,9.220201176776094
1841.P15546,22,1841,1841:NAU164,male,hand,20260908,3,23.713954498349807,25.198273566711062,22.478654543369075,1.713954498349807,3.1982735667110624,0.47865454336907476
1841.P16154,21,1841,1841:NAU106,female,hand,20260908,3,22.379819306996385,24.37067240153637,26.153837601869565,1.379819306996385,3.370672401536371,5.153837601869565
1841.F06274,32,1841,1841:NAU150,female,head,20260908,3,22.36413544762816,24.636648682710263,23.028946482528113,9.635864552371839,7.363351317289737,8.971053517471887
1841.F06276,32,1841,1841:NAU150,female,head,20260908,3,22.36413544762816,24.468494810385057,23.377991044540583,9.635864552371839,7.531505189614943,8.622008955459417
1841.F06277,32,1841,1841:NAU150,female,head,20260908,3,22.36413544762816,26.03218486323725,24.97034057178943,9.635864552371839,5.9678151367627486,7.0296594282105715
1841.F06271,37,1841,1841:NAU148,male,head,20260908,3,23.84877457308682,24.028498973248965,20.429376456614342,13.151225426913179,12.971501026751035,16.570623543385658
1841.P16307,33,1841,1841:NAU144,male,hand,20260908,3,23.713954498349807,23.279843954809483,20.56403943727096,9.286045501650193,9.720156045190517,12.43596056272904
1841.P16305,33,1841,1841:NAU144,male,hand,20260908,3,23.713954498349807,25.4591078368095,20.750491656322374,9.286045501650193,7.540892163190499,12.249508343677626
1841.P16304,33,1841,1841:NAU144,male,hand,20260908,3,23.713954498349807,22.99224759615385,20.723950690072297,9.286045501650193,10.007752403846151,12.276049309927703
1841.P16303,21,1841,1841:NAU106,female,hand,20260908,3,22.379819306996385,24.173043137418144,24.621725918663525,1.379819306996385,3.1730431374181443,3.6217259186635253
1841.F05006,22,1841,1841:NCS212,female,head,20260908,3,22.36413544762816,23.44667884070265,24.53048280928402,0.3641354476281613,1.4466788407026492,2.5304828092840204
10317.000007766,37,10317,10317:33f6eb641f0e5c66654a93864fec0950724028557f530a644e104dc1d7f29bec16c25352f4cffae510cf433760537423b71c5a032a7e279e0c197c4df1d601a4,male,head,20260908,3,43.33053240519983,42.50817272890582,44.38489880194724,6.330532405199833,5.508172728905819,7.384898801947237
10317.000007764,37,10317,10317:33f6eb641f0e5c66654a93864fec0950724028557f530a644e104dc1d7f29bec16c25352f4cffae510cf433760537423b71c5a032a7e279e0c197c4df1d601a4,male,head,20260908,3,43.33053240519983,37.76083521013954,39.992036268876014,6.330532405199833,0.7608352101395397,2.9920362688760136
10317.000007760,38,10317,10317:33f6eb641f0e5c66654a93864fec0950724028557f530a644e104dc1d7f29bec16c25352f4cffae510cf433760537423b71c5a032a7e279e0c197c4df1d601a4,male,head,20260908,3,43.33053240519983,44.95514643712378,44.59398402403312,5.330532405199833,6.95514643712378,6.593984024033119
1841.F06292,19,1841,1841:NAU107,female,head,20260908,3,22.36413544762816,22.57053539342602,22.1205612236787,3.3641354476281613,3.57053539342602,3.120561223678699
1841.F06296,37,1841,1841:NAU148,male,head,20260908,3,23.84877457308682,25.96633260359544,20.76131762543876,13.151225426913179,11.03366739640456,16.23868237456124
1841.F06294,37,1841,1841:NAU148,male,head,20260908,3,23.84877457308682,25.50095696195145,21.440279440760506,13.151225426913179,11.499043038048551,15.559720559239494
10317.000040126,46,10317,10317:103ec97d34a8daf110102310e23be292392f51db75531458f8f135039cb11fbaeed1ebd8c2cbfd97772d62c72352ab5c467dccf59885d5c82f03531039a41827,female,head,20260908,3,47.950923728788766,41.19981850063395,45.92262858050126,1.9509237287887657,4.800181499366047,0.07737141949873916
1841.F05218,32,1841,1841:NAU150,female,head,20260908,3,22.36413544762816,26.17520651771475,23.06124337304716,9.635864552371839,5.824793482285251,8.938756626952841
1841.P16366,33,1841,1841:NAU144,male,hand,20260908,3,23.713954498349807,25.329481463695615,21.674960710053195,9.286045501650193,7.670518536304385,11.325039289946805
1841.P16369,21,1841,1841:NAU154,female,hand,20260908,3,22.379819306996385,24.527795627252864,25.06976358335355,1.379819306996385,3.527795627252864,4.069763583353549
10317.000051534,32,10317,10317:e6e5e53d1a49b2c6511917e62c6123eb734a4571e659825bd125323520a41405bcfee1e3c00e87a30d6cc80dd238a6b93e170970d11ec86eafa0326cdd2dcc04,male,head,20260908,3,43.33053240519983,46.899213348855085,46.13912413301359,11.330532405199833,14.899213348855085,14.139124133013588
10317.000051536,37,10317,10317:ff0768b01a1b6fd95f392b3c03b42f32fff2e917781b9ebb95b1bc13edfb801fc07ff383bd863ecb6e436ef6280bcfe138564e3de25075730af8842b4f95ecab,female,head,20260908,3,47.950923728788766,45.00992322541117,49.09234817459816,10.950923728788766,8.009923225411171,12.092348174598158
1841.P15585,37,1841,1841:NAU148,male,hand,20260908,3,23.713954498349807,23.44731827200578,19.709329907633133,13.286045501650193,13.55268172799422,17.290670092366867
1841.F05029,22,1841,1841:NCS212,female,head,20260908,3,22.36413544762816,21.454410642462125,22.320231844168912,0.3641354476281613,0.5455893575378745,0.32023184416891226
1841.P15559,21,1841,1841:NAU154,female,hand,20260908,3,22.379819306996385,22.44659677128427,22.9147587834586,1.379819306996385,1.4465967712842698,1.9147587834585984
1841.P16349,21,1841,1841:NAU153,female,hand,20260908,3,22.379819306996385,23.49088067416652,23.119322665244496,1.379819306996385,2.490880674166519,2.1193226652444963
1841.P16342,21,1841,1841:NAU106,female,hand,20260908,3,22.379819306996385,22.83012038742507,23.0398541096986,1.379819306996385,1.8301203874250689,2.0398541096985987
1841.P16341,19,1841,1841:NAU107,female,hand,20260908,3,22.379819306996385,22.480401785714292,24.01665805184303,3.379819306996385,3.4804017857142924,5.016658051843031
1841.F05340,22,1841,1841:NCS212,female,head,20260908,3,22.36413544762816,28.399412306529467,27.246229094670863,0.3641354476281613,6.399412306529467,5.246229094670863
10317.000005578,33,10317,10317:356171d003a70eda05dbc44ca7f1c23e803cbba14631a5247db7774ba0e837cd853a804b6bc41bc084b8849021f84c1c780ad04856231b70f72faf5ef5b4bcbf,male,hand,20260908,3,42.40964286482793,42.03623351989336,44.15953868258329,9.40964286482793,9.036233519893358,11.159538682583289
10317.000005574,33,10317,10317:356171d003a70eda05dbc44ca7f1c23e803cbba14631a5247db7774ba0e837cd853a804b6bc41bc084b8849021f84c1c780ad04856231b70f72faf5ef5b4bcbf,male,head,20260908,3,43.33053240519983,45.959426236518205,43.92754940052505,10.330532405199833,12.959426236518205,10.927549400525052
10317.000007117,60,10317,10317:2c2e468c2481938c25962a208bec11d9f0eeca11f8a06d48aa50be31a747dd0327f6137458e4dfda584fc42b4c5f35613440eef5b177a1d0569e16e7432648dd,male,head,20260908,3,43.33053240519983,45.674615699556234,45.07541429397163,16.669467594800167,14.325384300443766,14.924585706028367
10317.000007115,60,10317,10317:2c2e468c2481938c25962a208bec11d9f0eeca11f8a06d48aa50be31a747dd0327f6137458e4dfda584fc42b4c5f35613440eef5b177a1d0569e16e7432648dd,male,hand,20260908,3,42.40964286482793,40.58232569608883,44.992751749561165,17.59035713517207,19.41767430391117,15.007248250438835
10317.000007119,60,10317,10317:2c2e468c2481938c25962a208bec11d9f0eeca11f8a06d48aa50be31a747dd0327f6137458e4dfda584fc42b4c5f35613440eef5b177a1d0569e16e7432648dd,male,hand,20260908,3,42.40964286482793,45.92884856034813,45.41517458695838,17.59035713517207,14.07115143965187,14.58482541304162
1841.P16288,37,1841,1841:NAU148,male,hand,20260908,3,23.713954498349807,26.895312610801437,21.579291023945043,13.286045501650193,10.104687389198563,15.420708976054957
1841.P16287,32,1841,1841:NAU150,female,hand,20260908,3,22.379819306996385,26.70684480868934,25.837435441242913,9.620180693003615,5.29315519131066,6.1625645587570865
1841.P16281,19,1841,1841:NAU107,female,hand,20260908,3,22.379819306996385,22.258884054541948,22.61670160435081,3.379819306996385,3.258884054541948,3.6167016043508085
10317.000069039,33,10317,10317:65a6735483d4ca756511921efab48bd0d5eefe9702c613c1e3f7065f8b20659da904045df6fb243bf7e1be352dea97d0ceb0c7ccdca5fabb1fd01324d1e414cf,male,head,20260908,3,43.33053240519983,34.96300658258117,37.481041162889525,10.330532405199833,1.9630065825811727,4.481041162889525
1841.F05400,22,1841,1841:NAU164,male,head,20260908,3,23.84877457308682,27.925735396805617,22.17874618420504,1.8487745730868212,5.925735396805617,0.17874618420503907
1841.F05405,37,1841,1841:NAU148,male,head,20260908,3,23.84877457308682,24.0693881166726,18.483166577530167,13.151225426913179,12.930611883327401,18.516833422469833
1841.F05408,21,1841,1841:NAU154,female,head,20260908,3,22.36413544762816,23.41416191447441,24.07786273652218,1.3641354476281613,2.414161914474409,3.0778627365221816
1841.P16137,19,1841,1841:NAU107,female,hand,20260908,3,22.379819306996385,23.751593578522925,24.202613330732454,3.379819306996385,4.751593578522925,5.202613330732454
1841.P15020,22,1841,1841:CUB040,male,hand,20260908,3,23.713954498349807,31.400512509515284,28.17979214948461,1.713954498349807,9.400512509515284,6.179792149484609
2010.2868,23,2010,2010:39,female,head,20260908,3,27.14521884628911,32.50088666711638,26.618822986968535,4.1452188462891115,9.500886667116383,3.618822986968535
10317.000069015,24,10317,10317:5bdd4aaf66380106e9a8cb6501a1fb4b37d078e2284e7a3cc179877b6b0db9ae596a7d760657f364b5592c1578ae5b8068df09c4ebd6be82e32cfcd9e5fd6c55,male,head,20260908,3,43.33053240519983,36.49143538318552,34.32637342174513,19.330532405199833,12.491435383185518,10.326373421745132
1841.F05424,20,1841,1841:NAU121,female,head,20260908,3,22.36413544762816,23.364289477883226,20.593864740449742,2.3641354476281613,3.3642894778832257,0.5938647404497424
10317.000005577,34,10317,10317:356171d003a70eda05dbc44ca7f1c23e803cbba14631a5247db7774ba0e837cd853a804b6bc41bc084b8849021f84c1c780ad04856231b70f72faf5ef5b4bcbf,male,hand,20260908,3,42.40964286482793,40.6668703638067,43.135739545651184,8.40964286482793,6.6668703638067015,9.135739545651184
1841.P15602,21,1841,1841:NAU153,female,hand,20260908,3,22.379819306996385,22.47722686688312,22.952704974524387,1.379819306996385,1.4772268668831217,1.9527049745243872
10317.000072302,41,10317,10317:400d83c79d0086701c4c33b64a7e55f4f464325c35db42f0fed54c6d6f796d9b7943607ae3434897302c87033bd2704c82d5bed240c95f743566d2b3fd469f57,female,head,20260908,3,47.950923728788766,38.55764203936473,42.50091082909835,6.950923728788766,2.4423579606352703,1.500910829098352
2010.2800,23,2010,2010:39,female,head,20260908,3,27.14521884628911,29.973670056262755,25.488159939304637,4.1452188462891115,6.973670056262755,2.488159939304637
1841.F05854,21,1841,1841:NAU106,female,head,20260908,3,22.36413544762816,25.32377386564487,27.089949633492058,1.3641354476281613,4.3237738656448705,6.089949633492058
1841.F05857,21,1841,1841:NAU106,female,head,20260908,3,22.36413544762816,25.649903667615057,24.572040248989083,1.3641354476281613,4.649903667615057,3.572040248989083
1841.F05180,32,1841,1841:NAU150,female,head,20260908,3,22.36413544762816,26.34118939220501,26.182357796380742,9.635864552371839,5.65881060779499,5.817642203619258
1841.F06425,22,1841,1841:CUB040,male,head,20260908,3,23.84877457308682,25.313056248286024,22.162000254904765,1.8487745730868212,3.313056248286024,0.16200025490476477
1841.F06424,22,1841,1841:CUB040,male,head,20260908,3,23.84877457308682,24.51319644764957,20.22554654607106,1.8487745730868212,2.5131964476495696,1.7744534539289383
10317.000049768,66,10317,10317:5e5f5fc79a512a180eb0cd63fa75b7307715996b1aff58edbefb0ed0d6548904bf74f95a466efb9525a910f69150d98cfae7b1c55b9bf3e278b402a8439e8d4c,male,head,20260908,3,43.33053240519983,38.0785130572769,39.3026030112726,22.669467594800167,27.9214869427231,26.697396988727398
10317.000049767,66,10317,10317:5e5f5fc79a512a180eb0cd63fa75b7307715996b1aff58edbefb0ed0d6548904bf74f95a466efb9525a910f69150d98cfae7b1c55b9bf3e278b402a8439e8d4c,male,hand,20260908,3,42.40964286482793,47.59081734611962,45.24454353999434,23.59035713517207,18.40918265388038,20.75545646000566
10317.000049766,66,10317,10317:5e5f5fc79a512a180eb0cd63fa75b7307715996b1aff58edbefb0ed0d6548904bf74f95a466efb9525a910f69150d98cfae7b1c55b9bf3e278b402a8439e8d4c,male,hand,20260908,3,42.40964286482793,40.22923562887969,41.714593560945275,23.59035713517207,25.770764371120308,24.285406439054725
10317.000049763,52,10317,10317:00069244bd1f2b8987ec0be407f83eec727bd40dde9ff15d05497f7db0f60f551d4af74463256aae7abd00d1a3180ca506bd16e684d859304c2864b1c7e4a8f6,male,head,20260908,3,43.33053240519983,41.05834290858202,41.14789519955634,8.669467594800167,10.94165709141798,10.852104800443662
10317.000049762,52,10317,10317:00069244bd1f2b8987ec0be407f83eec727bd40dde9ff15d05497f7db0f60f551d4af74463256aae7abd00d1a3180ca506bd16e684d859304c2864b1c7e4a8f6,male,hand,20260908,3,42.40964286482793,43.91211934080577,43.08390797877203,9.59035713517207,8.087880659194226,8.916092021227968
10317.000005359,67,10317,10317:673c8ce01f6c4b5120fb00380499db5eeb6a2fb55f33a66a36d79a28f321105b432b54532ecd02900640e027e6baa65fe94b194fa11f3a0eaf97f6abf95c9417,unknown,head,20260908,3,36.26733244198776,42.2336829419479,42.3067551960071,30.73266755801224,24.766317058052103,24.693244803992897
1841.P15297,22,1841,1841:CUB040,male,hand,20260908,3,23.713954498349807,24.14738996246808,22.490386255946422,1.713954498349807,2.147389962468079,0.49038625594642227
1841.F05621,23,1841,1841:CUB013,male,head,20260908,3,23.84877457308682,26.21762295165534,20.159238150051337,0.8487745730868212,3.21762295165534,2.840761849948663
1841.F05457,37,1841,1841:NAU148,male,head,20260908,3,23.84877457308682,24.462228836829016,19.07853964791434,13.151225426913179,12.537771163170984,17.92146035208566
1841.F05445,21,1841,1841:NAU153,female,head,20260908,3,22.36413544762816,22.120146246416624,22.45377976931928,1.3641354476281613,1.120146246416624,1.4537797693192793
1841.P16244,37,1841,1841:NAU148,male,hand,20260908,3,23.713954498349807,26.14777673715174,21.263324124119997,13.286045501650193,10.852223262848259,15.736675875880003
2010.2828,23,2010,2010:39,female,head,20260908,3,27.14521884628911,28.403734148609725,24.47432760038907,4.1452188462891115,5.4037341486097255,1.4743276003890706
1841.P15600,32,1841,1841:NAU150,female,hand,20260908,3,22.379819306996385,26.20200527938192,24.804306785910036,9.620180693003615,5.797994720618082,7.195693214089964
1841.P15801,20,1841,1841:NAU121,female,hand,20260908,3,22.379819306996385,22.634988275613267,23.441225685261955,2.379819306996385,2.634988275613267,3.441225685261955
10317.000010743,57,10317,10317:e3d63efad86b6ba5702575dbdf508760336727d94a56fa3563ac83a3936884e3760920dec88797bbb8362b8e7199a290f7746e80e9991d22fa187e1e4b2b0f25,male,head,20260908,3,43.33053240519983,45.476264020892685,46.840596096494735,13.669467594800167,11.523735979107315,10.159403903505265
1841.F05246,33,1841,1841:NAU144,male,head,20260908,3,23.84877457308682,25.391756795620957,21.083759563624874,9.151225426913179,7.608243204379043,11.916240436375126
10317.000023967,37,10317,10317:9992b77d3934e6dedb1d00b22ce9dc2dbe00f7d81c1170230af7cace8324f4a479f87014fc077e6d8426aed7c84ab99cb32e3b88919ce65bb012aef6e28c6a0a,male,head,20260908,3,43.33053240519983,44.994970659793026,45.03863565814506,6.330532405199833,7.994970659793026,8.038635658145061
1841.P16262,20,1841,1841:NAU121,female,hand,20260908,3,22.379819306996385,25.230916243682785,24.281408250171236,2.379819306996385,5.230916243682785,4.281408250171236
1841.F05467,21,1841,1841:NAU153,female,head,20260908,3,22.36413544762816,21.88539366883116,22.944655345906067,1.3641354476281613,0.8853936688311599,1.9446553459060674
1841.P16197,19,1841,1841:NAU107,female,hand,20260908,3,22.379819306996385,21.80313133047509,22.54534926662968,3.379819306996385,2.8031313304750896,3.5453492666296818
1841.P16337,32,1841,1841:NAU150,female,hand,20260908,3,22.379819306996385,26.508108262351687,24.85538789806827,9.620180693003615,5.491891737648313,7.144612101931731
1841.P16335,33,1841,1841:NAU144,male,hand,20260908,3,23.713954498349807,24.194796921828186,23.095189956067372,9.286045501650193,8.805203078171814,9.904810043932628
10317.000040124,46,10317,10317:103ec97d34a8daf110102310e23be292392f51db75531458f8f135039cb11fbaeed1ebd8c2cbfd97772d62c72352ab5c467dccf59885d5c82f03531039a41827,female,hand,20260908,3,50.674581268588824,41.25876242388199,43.6057326768544,4.674581268588824,4.74123757611801,2.3942673231455984
10317.000015120,28,10317,10317:d031d7eaf91c489f64052f69777e1385468d8cbdc419eb3568de9547015ad04606d5d70ca9970521bd182907f9b00d2640e54727e0262ceaea9ccb7d9603385e,female,hand,20260908,3,50.674581268588824,42.80251047210118,46.2377934350578,22.674581268588824,14.802510472101183,18.237793435057803
1841.F05819,33,1841,1841:NAU144,male,head,20260908,3,23.84877457308682,23.474122572400432,20.336306614385418,9.151225426913179,9.525877427599568,12.663693385614582
1841.F05816,21,1841,1841:NAU154,female,head,20260908,3,22.36413544762816,26.18765732021246,24.68940958448716,1.3641354476281613,5.187657320212459,3.6894095844871586
10317.000007113,60,10317,10317:2c2e468c2481938c25962a208bec11d9f0eeca11f8a06d48aa50be31a747dd0327f6137458e4dfda584fc42b4c5f35613440eef5b177a1d0569e16e7432648dd,male,hand,20260908,3,42.40964286482793,39.07330877979744,45.78520938206869,17.59035713517207,20.926691220202557,14.214790617931307
10317.000007112,60,10317,10317:2c2e468c2481938c25962a208bec11d9f0eeca11f8a06d48aa50be31a747dd0327f6137458e4dfda584fc42b4c5f35613440eef5b177a1d0569e16e7432648dd,male,hand,20260908,3,42.40964286482793,45.8832003680477,47.866828521745546,17.59035713517207,14.116799631952297,12.133171478254454
10317.000007110,60,10317,10317:2c2e468c2481938c25962a208bec11d9f0eeca11f8a06d48aa50be31a747dd0327f6137458e4dfda584fc42b4c5f35613440eef5b177a1d0569e16e7432648dd,male,head,20260908,3,43.33053240519983,43.70760231411613,45.22387154286008,16.669467594800167,16.29239768588387,14.776128457139919
1841.F06467,22,1841,1841:CUB040,male,head,20260908,3,23.84877457308682,26.927783175770315,22.90372145829044,1.8487745730868212,4.927783175770315,0.9037214582904411
10317.000003421,38,10317,10317:2c1dc7180a23c9b4b53377ef49354e5a65ac187f6b2e4c844d48fd9ce66134f3da5f2dca02c0517797503a34ddc875a23897cd9d5727c990e46a58599759b35a,male,head,20260908,3,43.33053240519983,41.82155440278944,45.24979842642867,5.330532405199833,3.821554402789438,7.249798426428669
1841.P15783,22,1841,1841:NAU164,male,hand,20260908,3,23.713954498349807,27.10856781674531,22.98560006945555,1.713954498349807,5.10856781674531,0.9856000694555505
1841.P15787,37,1841,1841:NAU148,male,hand,20260908,3,23.713954498349807,25.21184610163229,19.444873878789274,13.286045501650193,11.78815389836771,17.555126121210726
1841.P15784,21,1841,1841:NAU154,female,hand,20260908,3,22.379819306996385,23.2115769559986,24.87618258837916,1.379819306996385,2.2115769559985985,3.8761825883791587
1841.F05664,22,1841,1841:CUB040,male,head,20260908,3,23.84877457308682,24.00940019182207,21.24910561064821,1.8487745730868212,2.0094001918220705,0.7508943893517888
1841.P16204,37,1841,1841:NAU148,male,hand,20260908,3,23.713954498349807,26.34879348490561,18.28235563097884,13.286045501650193,10.65120651509439,18.71764436902116
1841.P16200,21,1841,1841:NAU106,female,hand,20260908,3,22.379819306996385,25.10088758893327,24.28242754849763,1.379819306996385,4.1008875889332685,3.2824275484976297
10317.000015326,35,10317,10317:6eb269d94d6e32fa517a561269634737fc4de40944d6d037a2c1e867bbe9e8d13686a131c81709f95eabe5834b99badd054994b1cf967842aaca451c97a22451,female,hand,20260908,3,50.674581268588824,41.51407800833932,48.55444408975254,15.674581268588824,6.514078008339318,13.554444089752543
1841.F05484,21,1841,1841:NAU106,female,head,20260908,3,22.36413544762816,23.102227461060178,23.54564548086159,1.3641354476281613,2.1022274610601777,2.545645480861591
2010.3117,31,2010,2010:41,female,head,20260908,3,27.14521884628911,33.32027682963036,25.460242367402778,3.8547811537108885,2.320276829630359,5.539757632597222
1841.F05832,21,1841,1841:NAU153,female,head,20260908,3,22.36413544762816,22.567002924159176,21.193707570605294,1.3641354476281613,1.5670029241591763,0.19370757060529442
1841.F05343,21,1841,1841:NAU154,female,head,20260908,3,22.36413544762816,24.201003920507592,23.533884446833465,1.3641354476281613,3.201003920507592,2.533884446833465
1841.F05345,22,1841,1841:NCS212,female,head,20260908,3,22.36413544762816,26.635139051796067,24.63568401692314,0.3641354476281613,4.635139051796067,2.6356840169231397
1841.F05835,19,1841,1841:NAU107,female,head,20260908,3,22.36413544762816,22.463693121114996,22.390865128915515,3.3641354476281613,3.4636931211149964,3.3908651289155145
1841.P16016,19,1841,1841:NAU107,female,hand,20260908,3,22.379819306996385,22.55887873844905,24.0017658327578,3.379819306996385,3.5588787384490495,5.001765832757801
1841.P16014,32,1841,1841:NAU150,female,hand,20260908,3,22.379819306996385,23.53218172860636,23.619267557275005,9.620180693003615,8.46781827139364,8.380732442724995
10317.000068950,39,10317,10317:aa8c21f5078bc7371b21ffbe19854212c26e4ba8b087307ab121b615566704bf41428d321554791b675f216db7f7d1922190d57c119c58c01ff5e6a1b7a11da3,male,hand,20260908,3,42.40964286482793,40.5472368341381,37.51383579943189,3.40964286482793,1.547236834138097,1.486164200568112
10317.000007829,37,10317,10317:33f6eb641f0e5c66654a93864fec0950724028557f530a644e104dc1d7f29bec16c25352f4cffae510cf433760537423b71c5a032a7e279e0c197c4df1d601a4,male,head,20260908,3,43.33053240519983,41.15208300615892,38.96313604295064,6.330532405199833,4.152083006158918,1.9631360429506373
1841.F05644,22,1841,1841:CUB040,male,head,20260908,3,23.84877457308682,30.00646395421744,21.40502097295584,1.8487745730868212,8.006463954217441,0.5949790270441611
10317.000027340,55,10317,10317:41b53357cf00f0544b996f91bab7388aca97716b29b77d7791386ae687cbc26a2ab336f6353bae77995bc81fe3b1eb0b8fedcde9199244073099ff039c21ac0d,male,head,20260908,3,43.33053240519983,40.56104427974424,43.72904594958086,11.669467594800167,14.438955720255763,11.270954050419142
1841.P16228,32,1841,1841:NAU150,female,hand,20260908,3,22.379819306996385,24.21963929914685,23.464283046165395,9.620180693003615,7.7803607008531515,8.535716953834605
1841.P16229,20,1841,1841:NAU121,female,hand,20260908,3,22.379819306996385,23.85186748657795,23.548388435730264,2.379819306996385,3.8518674865779516,3.5483884357302635
1841.P16225,37,1841,1841:NAU148,male,hand,20260908,3,23.713954498349807,26.90765227113574,17.89600537928647,13.286045501650193,10.092347728864262,19.10399462071353
1841.P16227,21,1841,1841:NAU153,female,hand,20260908,3,22.379819306996385,22.502669604700852,23.48287397073747,1.379819306996385,1.502669604700852,2.4828739707374687
1841.P16488,22,1841,1841:NCS212,female,hand,20260908,3,22.379819306996385,22.445163577741695,22.97302549132213,0.3798193069963851,0.44516357774169535,0.9730254913221295
10317.000015303,33,10317,10317:d440c033fc5b44bb83e8b5a7794daa4c8e7b24424bcd393f8e6a21ecc3792e9ddfa02679b7eb856a026af5426b34eb4083a5d61d8a1e5ffe59abee1fc9264b37,male,head,20260908,3,43.33053240519983,36.815639795683914,38.44565070955213,10.330532405199833,3.8156397956839143,5.445650709552133
10317.000015302,33,10317,10317:d440c033fc5b44bb83e8b5a7794daa4c8e7b24424bcd393f8e6a21ecc3792e9ddfa02679b7eb856a026af5426b34eb4083a5d61d8a1e5ffe59abee1fc9264b37,male,hand,20260908,3,42.40964286482793,40.99363215595669,41.96352851442889,9.40964286482793,7.993632155956689,8.963528514428887
10317.000015301,33,10317,10317:d440c033fc5b44bb83e8b5a7794daa4c8e7b24424bcd393f8e6a21ecc3792e9ddfa02679b7eb856a026af5426b34eb4083a5d61d8a1e5ffe59abee1fc9264b37,male,hand,20260908,3,42.40964286482793,38.65773611430372,40.42440676222349,9.40964286482793,5.657736114303717,7.424406762223491
10317.000007034,43,10317,10317:24db95a0fff05317ac8b5599cf1761f34d17a8c471ebd2076362229133486e3aacd033d8185a95ec741839e8194f0f1ea58128c7c0ff69e8f994f15d4f5e3f1d,male,head,20260908,3,43.33053240519983,44.03165143365454,43.30404027381623,0.3305324051998326,1.0316514336545382,0.3040402738162271
1841.F06550,22,1841,1841:CUB040,male,head,20260908,3,23.84877457308682,27.78234652927133,21.35552503935821,1.8487745730868212,5.782346529271329,0.6444749606417908
1841.F05580,21,1841,1841:NAU153,female,head,20260908,3,22.36413544762816,22.755412755647132,22.612923364462368,1.3641354476281613,1.7554127556471322,1.6129233644623682
2010.3092,31,2010,2010:41,female,head,20260908,3,27.14521884628911,37.35885953254369,26.68369624953365,3.8547811537108885,6.35885953254369,4.31630375046635
10317.000026072,42,10317,10317:d8c91d966b0e79c63575c2bf1ca811089c2e6f59c115850da307c43a39d0d4f9e3fea903d8a626f02f4f4d5d7f4da9fc7117333b148c82d8342d4ba550b09c59,female,head,20260908,3,47.950923728788766,42.950745803187544,47.54781227680575,5.950923728788766,0.9507458031875444,5.54781227680575
2010.2946,23,2010,2010:39,female,head,20260908,3,27.14521884628911,28.72878685075464,24.69650254495776,4.1452188462891115,5.728786850754641,1.6965025449577595
1841.F05111,20,1841,1841:NAU121,female,head,20260908,3,22.36413544762816,24.883621579313555,23.148082090396127,2.3641354476281613,4.883621579313555,3.1480820903961266
1841.F05119,21,1841,1841:NAU106,female,head,20260908,3,22.36413544762816,22.768922084859582,23.3360208807008,1.3641354476281613,1.7689220848595824,2.3360208807008007
1841.P16602,22,1841,1841:CUB040,male,hand,20260908,3,23.713954498349807,28.116981615708635,23.327558771522924,1.713954498349807,6.116981615708635,1.3275587715229236
1841.P15803,21,1841,1841:NAU154,female,hand,20260908,3,22.379819306996385,22.860262307137315,23.292024026165983,1.379819306996385,1.8602623071373152,2.2920240261659828
1841.F05568,37,1841,1841:NAU148,male,head,20260908,3,23.84877457308682,24.231773358381822,19.00419717445076,13.151225426913179,12.768226641618178,17.99580282554924
1841.F05561,21,1841,1841:NAU106,female,head,20260908,3,22.36413544762816,23.44530543312897,23.173929845962007,1.3641354476281613,2.4453054331289685,2.1739298459620073
1841.F05560,21,1841,1841:NAU154,female,head,20260908,3,22.36413544762816,22.716630077170425,22.528605730001267,1.3641354476281613,1.716630077170425,1.5286057300012672
1841.F05565,20,1841,1841:NAU121,female,head,20260908,3,22.36413544762816,22.43026627886003,22.404144991083673,2.3641354476281613,2.4302662788600315,2.4041449910836725
10317.000015152,25,10317,10317:bf103398cbf34d2fdf0ce89d2a4729ec061457ba078a27fff88e775557fa7a6206e6693e016f411dfc8700f10c5787107d76b31f1914db25cee356c3ffb2ee1c,male,hand,20260908,3,42.40964286482793,42.44653441527031,45.63015915760731,17.40964286482793,17.446534415270307,20.63015915760731
1841.F05567,22,1841,1841:NAU164,male,head,20260908,3,23.84877457308682,26.55853466936938,19.523269669335345,1.8487745730868212,4.558534669369379,2.4767303306646546
10317.000015154,25,10317,10317:bf103398cbf34d2fdf0ce89d2a4729ec061457ba078a27fff88e775557fa7a6206e6693e016f411dfc8700f10c5787107d76b31f1914db25cee356c3ffb2ee1c,male,head,20260908,3,43.33053240519983,39.51256997201375,41.351798006207126,18.330532405199833,14.51256997201375,16.351798006207126
10317.000049807,66,10317,10317:4863e557347469643abb13187a4c07e6d82a136b7e8ada704bcc1c6ea30fc2961e36855c2dfe883650d88cef48ae1161802be7c3b874b5f003569b1f51adc309,female,hand,20260908,3,50.674581268588824,43.918212921613545,49.03165110306458,15.325418731411176,22.081787078386455,16.968348896935417
10317.000015330,35,10317,10317:6eb269d94d6e32fa517a561269634737fc4de40944d6d037a2c1e867bbe9e8d13686a131c81709f95eabe5834b99badd054994b1cf967842aaca451c97a22451,female,head,20260908,3,47.950923728788766,39.14873709209356,48.03740305952003,12.950923728788766,4.148737092093562,13.037403059520031
10317.000005161,29,10317,10317:80ed9beefa64e1af619f5d370d79a21b435d10677f5b936ec3554234d47090f2a865337c8ff29f55d3cfc78a4c4fcf22efe713697872112639889bda9805a03e,male,head,20260908,3,43.33053240519983,46.28419158788317,46.37714533416699,14.330532405199833,17.28419158788317,17.37714533416699
10317.000005160,29,10317,10317:80ed9beefa64e1af619f5d370d79a21b435d10677f5b936ec3554234d47090f2a865337c8ff29f55d3cfc78a4c4fcf22efe713697872112639889bda9805a03e,male,hand,20260908,3,42.40964286482793,46.20477572275839,47.87833396129819,13.40964286482793,17.20477572275839,18.87833396129819
1841.F05543,22,1841,1841:NAU164,male,head,20260908,3,23.84877457308682,24.757219830822777,19.987508275804775,1.8487745730868212,2.757219830822777,2.0124917241952254
1841.P15532,21,1841,1841:NAU154,female,hand,20260908,3,22.379819306996385,23.05936466490884,23.92063602215073,1.379819306996385,2.0593646649088413,2.920636022150731
1841.F05891,20,1841,1841:NAU121,female,head,20260908,3,22.36413544762816,23.505246947862073,22.706429084065075,2.3641354476281613,3.505246947862073,2.706429084065075
1841.F05893,33,1841,1841:NAU144,male,head,20260908,3,23.84877457308682,23.851624712093457,20.05004474260791,9.151225426913179,9.148375287906543,12.94995525739209
1841.P16393,33,1841,1841:NAU144,male,hand,20260908,3,23.713954498349807,22.943035181730025,20.903732879417728,9.286045501650193,10.056964818269975,12.096267120582272
10317.000004053,54,10317,10317:7c2ab4fd0ff794379f970934bd5bd789fb515903877b15c3dd2422a09212fc3a5ad62b4d2a149d5d34564a6e8e0488a0c4b1d673016c8a9c4870363225cb4059,female,hand,20260908,3,50.674581268588824,42.703017522463504,46.0754131233705,3.325418731411176,11.296982477536496,7.924586876629498
1841.P15708,19,1841,1841:NAU107,female,hand,20260908,3,22.379819306996385,22.514080650252527,24.294072872669656,3.379819306996385,3.5140806502525272,5.2940728726696555
1841.P15706,21,1841,1841:NAU153,female,hand,20260908,3,22.379819306996385,23.291815500471763,23.210009863332967,1.379819306996385,2.2918155004717633,2.2100098633329672
1841.P15707,21,1841,1841:NAU153,female,hand,20260908,3,22.379819306996385,22.27010529401155,24.642555772305727,1.379819306996385,1.2701052940115503,3.6425557723057267
1841.P15704,21,1841,1841:NAU106,female,hand,20260908,3,22.379819306996385,23.269936347734863,24.66643300700617,1.379819306996385,2.2699363477348626,3.6664330070061695
1841.F06201,37,1841,1841:NAU148,male,head,20260908,3,23.84877457308682,25.66581535761751,17.958980629740154,13.151225426913179,11.334184642382489,19.041019370259846
2010.3050,31,2010,2010:41,female,head,20260908,3,27.14521884628911,35.841951754692005,27.40204625312387,3.8547811537108885,4.841951754692005,3.5979537468761293
1841.F05155,19,1841,1841:NAU107,female,head,20260908,3,22.36413544762816,24.04262890193956,22.52793949588227,3.3641354476281613,5.042628901939558,3.5279394958822685
10317.000049004,28,10317,10317:1c1595cde947e2229328634b1257ec5f5c6bf890d5eb88d65618fda2567f5b28fe935303746ce0cd8771db48dc0a929a39b186bfef9fe0ee516d2a408a7ff58d,female,hand,20260908,3,50.674581268588824,36.54004695303426,43.995085742001535,22.674581268588824,8.540046953034263,15.995085742001535
10317.000049005,28,10317,10317:1c1595cde947e2229328634b1257ec5f5c6bf890d5eb88d65618fda2567f5b28fe935303746ce0cd8771db48dc0a929a39b186bfef9fe0ee516d2a408a7ff58d,female,hand,20260908,3,50.674581268588824,38.01555778261823,44.73944438536377,22.674581268588824,10.015557782618231,16.739444385363768
10317.000049008,28,10317,10317:1c1595cde947e2229328634b1257ec5f5c6bf890d5eb88d65618fda2567f5b28fe935303746ce0cd8771db48dc0a929a39b186bfef9fe0ee516d2a408a7ff58d,female,head,20260908,3,47.950923728788766,41.17047358387147,48.01049503567717,19.950923728788766,13.17047358387147,20.010495035677167
1841.P15517,33,1841,1841:NAU144,male,hand,20260908,3,23.713954498349807,26.059638432974037,22.779871739246865,9.286045501650193,6.940361567025963,10.220128260753135
1841.P15519,20,1841,1841:NAU121,female,hand,20260908,3,22.379819306996385,26.358978356063226,23.959224750345076,2.379819306996385,6.358978356063226,3.9592247503450757
1841.F05527,33,1841,1841:NAU144,male,head,20260908,3,23.84877457308682,24.28698505898342,20.01082439960154,9.151225426913179,8.713014941016581,12.989175600398461
1841.F05521,19,1841,1841:NAU107,female,head,20260908,3,22.36413544762816,23.8606609015984,22.94014911968009,3.3641354476281613,4.860660901598401,3.9401491196800897
10317.000014483,35,10317,10317:93f03cfc2b6cd24d3e180ee0e8ddfaeabf4cd6cc8b2903861331b9492f02b3479c33fd6cf6ffb699ef212d9c6ec30f938596135b291ff81bd334193c180f7858,female,head,20260908,3,47.950923728788766,43.14211286076258,45.803033401676934,12.950923728788766,8.14211286076258,10.803033401676934
1841.P16094,37,1841,1841:NAU148,male,hand,20260908,3,23.713954498349807,24.25254713515651,19.386267707381094,13.286045501650193,12.747452864843488,17.613732292618906
10317.000069003,22,10317,10317:6c9d8d2f421f87624a87ae9bbee457570d9633bf4eaf97f36b65a13462bc290706c4dec83b825a291b12b7a777d237b75c8f935a0f1de4e6ee5b105ab5de7c0c,male,head,20260908,3,43.33053240519983,35.789641628991234,36.17731744864465,21.330532405199833,13.789641628991234,14.17731744864465
1841.P15724,32,1841,1841:NAU150,female,hand,20260908,3,22.379819306996385,27.32100799374236,26.85758304433305,9.620180693003615,4.678992006257641,5.142416955666949
1841.F06225,21,1841,1841:NAU153,female,head,20260908,3,22.36413544762816,22.267783405830276,23.07633054169163,1.3641354476281613,1.2677834058302757,2.076330541691629
1841.F06224,37,1841,1841:NAU148,male,head,20260908,3,23.84877457308682,24.577435576066087,18.88547235204026,13.151225426913179,12.422564423933913,18.11452764795974
1841.P15572,21,1841,1841:NAU153,female,hand,20260908,3,22.379819306996385,21.530689693272425,23.159081677623472,1.379819306996385,0.530689693272425,2.1590816776234725
1841.F05058,22,1841,1841:NCS212,female,head,20260908,3,22.36413544762816,23.938585344394173,22.051196650627286,0.3641354476281613,1.9385853443941734,0.05119665062728629
1841.P15748,22,1841,1841:NAU164,male,hand,20260908,3,23.713954498349807,26.07416632183177,23.334777637332884,1.713954498349807,4.074166321831768,1.3347776373328841
1841.F06242,37,1841,1841:NAU148,male,head,20260908,3,23.84877457308682,27.505576326417337,21.34143357430654,13.151225426913179,9.494423673582663,15.658566425693461
1841.F05268,37,1841,1841:NAU148,male,head,20260908,3,23.84877457308682,23.80271119811561,16.960731888420483,13.151225426913179,13.19728880188439,20.039268111579517
10317.000003320,68,10317,10317:296d3619f89620d7a1813eded08db85d465fbadcd5c992b8a0df0a8fa6163430bd5551d6a56e69f72d9f2bd4931877236ea9dc795fe08d7859973e3711bf2616,female,head,20260908,3,47.950923728788766,44.07133586483392,45.50864945513006,20.049076271211234,23.92866413516608,22.49135054486994
1841.P15086,22,1841,1841:CUB040,male,hand,20260908,3,23.713954498349807,28.88274011063219,23.70984866842179,1.713954498349807,6.8827401106321915,1.7098486684217917
1841.P15224,22,1841,1841:CUB040,male,hand,20260908,3,23.713954498349807,25.96684049280291,22.72474645887205,1.713954498349807,3.966840492802909,0.7247464588720511
1841.F05389,19,1841,1841:NCS241,female,head,20260908,3,22.36413544762816,22.78767699314576,21.599070271011644,3.3641354476281613,3.787676993145759,2.5990702710116445
1841.P16146,33,1841,1841:NAU144,male,hand,20260908,3,23.713954498349807,22.829176469546532,21.478155943907197,9.286045501650193,10.170823530453468,11.521844056092803
1841.F06291,21,1841,1841:NAU106,female,head,20260908,3,22.36413544762816,23.590413735569975,23.805585714349103,1.3641354476281613,2.5904137355699746,2.805585714349103
10317.000031072,52,10317,10317:704472fc9c96c860a14513fc1c6660f72e2d159bd1dcf6011fcde0750d69d6ace9a9260923b171897ac72f33ec8c0d03721a0dcd0c676e8988974e6e22e4265a,male,hand,20260908,3,42.40964286482793,41.28595468703044,43.10143862835927,9.59035713517207,10.71404531296956,8.898561371640731
1841.P15766,32,1841,1841:NAU150,female,hand,20260908,3,22.379819306996385,24.088933878621383,24.417726485414683,9.620180693003615,7.911066121378617,7.582273514585317
10317.000012954,63,10317,10317:9d63053308a543f47f4cbdce91e1eacc49775ab0a34b4fe6f4f120e15d3d44f6915ce2e76324bbbb7aba1077216d23ad37b43118ddc87124bf0fd47327d12161,female,head,20260908,3,47.950923728788766,49.220127624219586,50.90570280038855,15.049076271211234,13.779872375780414,12.094297199611447
1841.P16267,20,1841,1841:NAU121,female,hand,20260908,3,22.379819306996385,23.34852343403124,23.82706599520005,2.379819306996385,3.3485234340312395,3.8270659952000514
1841.F05465,21,1841,1841:NAU154,female,head,20260908,3,22.36413544762816,22.859091007106834,22.313701008264992,1.3641354476281613,1.8590910071068336,1.3137010082649923
10317.000033105,37,10317,10317:d0877d5558ae6f23aaebeb97d4f2a1816b79dbb8359440bb51b3f59ad2316a7771768fe5cddd4ede663af3eb0a7e38d2b521a40f417c3ea7bd1a63ed195e9e9c,male,head,20260908,3,43.33053240519983,41.408016852435736,40.15144407733817,6.330532405199833,4.408016852435736,3.1514440773381693
2010.3011,31,2010,2010:41,female,head,20260908,3,27.14521884628911,33.47049516542968,25.61575631165259,3.8547811537108885,2.470495165429682,5.384243688347411
10317.000015215,33,10317,10317:356171d003a70eda05dbc44ca7f1c23e803cbba14631a5247db7774ba0e837cd853a804b6bc41bc084b8849021f84c1c780ad04856231b70f72faf5ef5b4bcbf,male,hand,20260908,3,42.40964286482793,43.7328769608632,43.223957424204926,9.40964286482793,10.732876960863202,10.223957424204926
10317.000015211,33,10317,10317:356171d003a70eda05dbc44ca7f1c23e803cbba14631a5247db7774ba0e837cd853a804b6bc41bc084b8849021f84c1c780ad04856231b70f72faf5ef5b4bcbf,male,head,20260908,3,43.33053240519983,42.32792202456936,43.54267299298307,10.330532405199833,9.32792202456936,10.542672992983071
1841.F06285,21,1841,1841:NAU154,female,head,20260908,3,22.36413544762816,23.2195277774207,22.175589958232475,1.3641354476281613,2.2195277774207014,1.1755899582324751
1841.F06284,21,1841,1841:NAU153,female,head,20260908,3,22.36413544762816,23.004587335407653,22.226544243862637,1.3641354476281613,2.0045873354076527,1.2265442438626373
1841.F06202,32,1841,1841:NAU150,female,head,20260908,3,22.36413544762816,28.078249065068917,27.02192735716612,9.635864552371839,3.921750934931083,4.9780726428338795
1841.F05223,21,1841,1841:NAU106,female,head,20260908,3,22.36413544762816,23.578340623836947,23.180073895302357,1.3641354476281613,2.5783406238369473,2.180073895302357
10317.000023667,41,10317,10317:4f4512f9ca8dd41284a2463c8496ef3405ebc0188c8fcb1bacb236d71b61de04174823da6ad26715031b7936e03c152bc15cd335c36b25dee976cfdc089dd6e2,male,head,20260908,3,43.33053240519983,42.83626870178722,43.95918433441848,2.3305324051998326,1.836268701787219,2.959184334418481
1841.P16312,37,1841,1841:NAU148,male,hand,20260908,3,23.713954498349807,22.744044687196865,18.301421177065535,13.286045501650193,14.255955312803135,18.698578822934465
1841.P16316,33,1841,1841:NAU144,male,hand,20260908,3,23.713954498349807,22.464599619130865,20.57484753269197,9.286045501650193,10.535400380869135,12.425152467308031
1841.P16317,21,1841,1841:NAU154,female,hand,20260908,3,22.379819306996385,23.11562896944065,24.133831364346047,1.379819306996385,2.1156289694406496,3.1338313643460474
10317.000004059,66,10317,10317:f57b4981ac785615aba8f290342788db9294e4ab6b643dfb22eed77da0a189aacfb59ca5f5cf63c481d99849f549972a540d8f2170fbc94b25f2f659ad1687d8,male,hand,20260908,3,42.40964286482793,45.47771547649392,45.42514231223982,23.59035713517207,20.52228452350608,20.57485768776018
10317.000004058,66,10317,10317:f57b4981ac785615aba8f290342788db9294e4ab6b643dfb22eed77da0a189aacfb59ca5f5cf63c481d99849f549972a540d8f2170fbc94b25f2f659ad1687d8,male,head,20260908,3,43.33053240519983,47.72960982887637,46.24700566773377,22.669467594800167,18.27039017112363,19.752994332266233
1841.P15045,22,1841,1841:CUB040,male,hand,20260908,3,23.713954498349807,23.58943610209235,21.04194850638318,1.713954498349807,1.5894361020923498,0.9580514936168214
1841.P15596,19,1841,1841:NAU107,female,hand,20260908,3,22.379819306996385,22.424135586635582,22.294839613806804,3.379819306996385,3.4241355866355825,3.294839613806804
1841.F05084,22,1841,1841:NCS212,female,head,20260908,3,22.36413544762816,23.67579532191664,23.72151895535703,0.3641354476281613,1.6757953219166417,1.7215189553570305
1841.P16442,22,1841,1841:NCS212,female,hand,20260908,3,22.379819306996385,23.884980514277395,23.63248810744434,0.3798193069963851,1.8849805142773945,1.6324881074443383
10317.000028823,30,10317,10317:98f1f8c9217912fbbec5cd8e5c39acc05c729d5d4b5113f922efc048b9e4b68d2de8c43cb8721151f190923c84f990227a8cdf3359af1f0a5fc59ecd028dabf4,male,head,20260908,3,43.33053240519983,36.83674255803107,37.942014176794736,13.330532405199833,6.8367425580310694,7.942014176794736
1841.P16101,20,1841,1841:NAU121,female,hand,20260908,3,22.379819306996385,25.346790357212235,24.30593273699988,2.379819306996385,5.346790357212235,4.305932736999878
1841.P16103,21,1841,1841:NAU154,female,hand,20260908,3,22.379819306996385,22.320487238455986,23.64031699829267,1.379819306996385,1.3204872384559856,2.6403169982926684
10317.000049759,52,10317,10317:00069244bd1f2b8987ec0be407f83eec727bd40dde9ff15d05497f7db0f60f551d4af74463256aae7abd00d1a3180ca506bd16e684d859304c2864b1c7e4a8f6,male,hand,20260908,3,42.40964286482793,41.8151896093883,43.87831488139197,9.59035713517207,10.184810390611702,8.121685118608028
1841.P15310,22,1841,1841:NCS212,female,hand,20260908,3,22.379819306996385,22.95198546245421,23.93486903516181,0.3798193069963851,0.9519854624542106,1.9348690351618103
10317.000004056,52,10317,10317:6d4586a1f7c90185bb4ec90e82083cc45b12d79db4919f699dc24cc403347dfd5df17e6008b69cf2b3109ddb41512f4d7a52c91b647c1b59bfd31e8057bfcb0f,male,hand,20260908,3,42.40964286482793,45.825222167987945,47.192197532469685,9.59035713517207,6.1747778320120545,4.8078024675303155
10317.000069022,23,10317,10317:5bdd4aaf66380106e9a8cb6501a1fb4b37d078e2284e7a3cc179877b6b0db9ae596a7d760657f364b5592c1578ae5b8068df09c4ebd6be82e32cfcd9e5fd6c55,male,hand,20260908,3,42.40964286482793,35.79946593761336,38.154657371913025,19.40964286482793,12.799465937613363,15.154657371913025
1841.F05201,19,1841,1841:NAU107,female,head,20260908,3,22.36413544762816,22.69386882793132,21.68474046560944,3.3641354476281613,3.6938688279313183,2.6847404656094405
1841.P16371,20,1841,1841:NAU121,female,hand,20260908,3,22.379819306996385,22.86453395562771,23.804458108011666,2.379819306996385,2.86453395562771,3.8044581080116657
1841.P16379,21,1841,1841:NAU153,female,hand,20260908,3,22.379819306996385,22.237786571067815,23.473679959016277,1.379819306996385,1.237786571067815,2.473679959016277
1841.F05885,37,1841,1841:NAU148,male,head,20260908,3,23.84877457308682,22.95596893098731,19.17689246109844,13.151225426913179,14.04403106901269,17.82310753890156
1841.F06584,22,1841,1841:CUB040,male,head,20260908,3,23.84877457308682,24.139422140359645,22.1750277733094,1.8487745730868212,2.1394221403596454,0.17502777330939878
1841.P15060,22,1841,1841:CUB040,male,hand,20260908,3,23.713954498349807,26.454856992986596,24.208013178086503,1.713954498349807,4.4548569929865955,2.208013178086503
10317.000003385,57,10317,10317:e36b03fa22764e26a56edd5b75a454e7ebf99d597c381d00186fa32b482bff3046c06024a335a9f1c29fb95217a131573eb7860fa709d5a472294e56d5762d4c,female,head,20260908,3,47.950923728788766,50.502044735305645,53.10330191304781,9.049076271211234,6.497955264694355,3.896698086952192
1841.P15241,23,1841,1841:CUB013,male,hand,20260908,3,23.713954498349807,35.001184275980805,23.784163367340184,0.713954498349807,12.001184275980805,0.7841633673401844
10317.000007122,60,10317,10317:2c2e468c2481938c25962a208bec11d9f0eeca11f8a06d48aa50be31a747dd0327f6137458e4dfda584fc42b4c5f35613440eef5b177a1d0569e16e7432648dd,male,hand,20260908,3,42.40964286482793,46.94278435162305,50.648926476295166,17.59035713517207,13.057215648376953,9.351073523704834
10317.000007123,60,10317,10317:2c2e468c2481938c25962a208bec11d9f0eeca11f8a06d48aa50be31a747dd0327f6137458e4dfda584fc42b4c5f35613440eef5b177a1d0569e16e7432648dd,male,hand,20260908,3,42.40964286482793,47.66036033162807,48.562618671141074,17.59035713517207,12.33963966837193,11.437381328858926
10317.000007121,60,10317,10317:2c2e468c2481938c25962a208bec11d9f0eeca11f8a06d48aa50be31a747dd0327f6137458e4dfda584fc42b4c5f35613440eef5b177a1d0569e16e7432648dd,male,head,20260908,3,43.33053240519983,57.354151603198474,54.93628976662112,16.669467594800167,2.645848396801526,5.0637102333788775
1841.P16296,21,1841,1841:NAU154,female,hand,20260908,3,22.379819306996385,26.234671214202468,23.951295314050725,1.379819306996385,5.234671214202468,2.951295314050725
1841.P16290,21,1841,1841:NAU153,female,hand,20260908,3,22.379819306996385,22.740499526515148,23.66030638600827,1.379819306996385,1.7404995265151477,2.660306386008269
10317.000015118,28,10317,10317:d031d7eaf91c489f64052f69777e1385468d8cbdc419eb3568de9547015ad04606d5d70ca9970521bd182907f9b00d2640e54727e0262ceaea9ccb7d9603385e,female,hand,20260908,3,50.674581268588824,39.82431416244686,48.46979117701588,22.674581268588824,11.82431416244686,20.46979117701588
2010.2114,34,2010,2010:25,female,head,20260908,3,27.14521884628911,41.11566657831634,25.606981595494094,6.8547811537108885,7.115666578316343,8.393018404505906
10317.000015116,28,10317,10317:d031d7eaf91c489f64052f69777e1385468d8cbdc419eb3568de9547015ad04606d5d70ca9970521bd182907f9b00d2640e54727e0262ceaea9ccb7d9603385e,female,head,20260908,3,47.950923728788766,46.59824004871527,47.58494025328448,19.950923728788766,18.59824004871527,19.58494025328448
10317.000069046,33,10317,10317:65a6735483d4ca756511921efab48bd0d5eefe9702c613c1e3f7065f8b20659da904045df6fb243bf7e1be352dea97d0ceb0c7ccdca5fabb1fd01324d1e414cf,male,hand,20260908,3,42.40964286482793,35.28462956620672,37.132646164039926,9.40964286482793,2.2846295662067178,4.132646164039926
1841.F05412,21,1841,1841:NAU106,female,head,20260908,3,22.36413544762816,24.86686110764234,25.19119515202815,1.3641354476281613,3.8668611076423396,4.1911951520281505
1841.F05414,32,1841,1841:NAU150,female,head,20260908,3,22.36413544762816,23.999246248033018,22.7650849154776,9.635864552371839,8.000753751966982,9.234915084522399
1841.F05419,20,1841,1841:NAU121,female,head,20260908,3,22.36413544762816,24.23498850108225,23.886600197967187,2.3641354476281613,4.234988501082249,3.886600197967187
1841.P16122,33,1841,1841:NAU144,male,hand,20260908,3,23.713954498349807,26.368281559932587,21.61561734684707,9.286045501650193,6.631718440067413,11.38438265315293
10317.000005890,56,10317,10317:33ba8a7afe558034e3f527d8bcded781b3a03f65b84046973746dc39322e5974f8eea69a05cf01664cb731c14698655a03f89a9740b6d8a90c6d209b076ef538,male,hand,20260908,3,42.40964286482793,42.18090279199625,46.81517687538844,13.59035713517207,13.819097208003747,9.184823124611562
10317.000031935,40,10317,10317:1975e7358673c93bbe5c29e1d1c529a83458e54503ca2e451dd8757d3f8bb013669586401169beb5fc69b14ab9cb93ec3b7361560a74fadc26bf03b377c16c85,female,head,20260908,3,47.950923728788766,40.57307251980256,45.01856610858455,7.950923728788766,0.5730725198025581,5.018566108584551
1841.F05455,21,1841,1841:NAU153,female,head,20260908,3,22.36413544762816,23.25401880350929,22.877645718825494,1.3641354476281613,2.2540188035092896,1.8776457188254945
1841.P15580,23,1841,1841:NAU100,male,hand,20260908,3,23.713954498349807,25.677333633025626,21.21620364332081,0.713954498349807,2.6773336330256257,1.78379635667919
2010.3180,31,2010,2010:41,female,head,20260908,3,27.14521884628911,38.45233165185415,28.6422120302087,3.8547811537108885,7.452331651854152,2.3577879697913
1841.P16354,22,1841,1841:NAU164,male,hand,20260908,3,23.713954498349807,28.05794271190412,23.11711777884182,1.713954498349807,6.0579427119041185,1.1171177788418198
1841.F05496,19,1841,1841:NAU107,female,head,20260908,3,22.36413544762816,23.007397066781248,22.331840639881342,3.3641354476281613,4.007397066781248,3.3318406398813423
10317.000005363,67,10317,10317:673c8ce01f6c4b5120fb00380499db5eeb6a2fb55f33a66a36d79a28f321105b432b54532ecd02900640e027e6baa65fe94b194fa11f3a0eaf97f6abf95c9417,unknown,hand,20260908,3,43.145726830849554,44.905711782665136,44.923425924989246,23.854273169150446,22.094288217334864,22.076574075010754
10317.000068811,23,10317,10317:aa700130bf2ad84f7dfbd70f11a1ed544685dac3b0af8c4231219413d86330f5973915da8180c4eaa587cffc3aa156c9dafbf597461ddd6251fef35831bd365a,male,head,20260908,3,43.33053240519983,38.38272974192052,39.631231183117606,20.330532405199833,15.382729741920521,16.631231183117606
1841.F05433,32,1841,1841:NAU150,female,head,20260908,3,22.36413544762816,24.77892775627151,23.56590257672788,9.635864552371839,7.221072243728489,8.43409742327212
1841.F05432,32,1841,1841:NAU150,female,head,20260908,3,22.36413544762816,25.33457687141076,23.576839303179376,9.635864552371839,6.665423128589239,8.423160696820624
1841.F06210,37,1841,1841:NAU148,male,head,20260908,3,23.84877457308682,25.296810575944335,18.83000471480586,13.151225426913179,11.703189424055665,18.16999528519414
1841.F06362,22,1841,1841:CUB040,male,head,20260908,3,23.84877457308682,24.51474578373017,20.98704268578823,1.8487745730868212,2.51474578373017,1.0129573142117714
1841.P15283,22,1841,1841:CUB040,male,hand,20260908,3,23.713954498349807,25.64547912615103,22.353423074808617,1.713954498349807,3.645479126151031,0.35342307480861734
10317.000015503,58,10317,10317:39bccde315a4d2e26bd21d11d8612666496433302b42a988f2e86dbe04d585b4ed30f82357ad21121e121b84ba5b37d2ecaf536b10e6faf7bae853217d2e1db6,male,head,20260908,3,43.33053240519983,41.760821977233846,42.23353507693571,14.669467594800167,16.239178022766154,15.76646492306429
10317.000015502,58,10317,10317:39bccde315a4d2e26bd21d11d8612666496433302b42a988f2e86dbe04d585b4ed30f82357ad21121e121b84ba5b37d2ecaf536b10e6faf7bae853217d2e1db6,male,hand,20260908,3,42.40964286482793,44.54245684522865,45.29182953101027,15.59035713517207,13.45754315477135,12.708170468989728
1841.F05520,21,1841,1841:NAU154,female,head,20260908,3,22.36413544762816,24.348332437578772,23.53224810647193,1.3641354476281613,3.3483324375787724,2.532248106471929
1841.F05840,33,1841,1841:NAU144,male,head,20260908,3,23.84877457308682,24.700260446790047,21.540012162778364,9.151225426913179,8.299739553209953,11.459987837221636
1841.F05848,21,1841,1841:NAU153,female,head,20260908,3,22.36413544762816,22.144042700827733,22.451562310225945,1.3641354476281613,1.1440427008277325,1.4515623102259454
1841.F05849,33,1841,1841:NAU144,male,head,20260908,3,23.84877457308682,26.922784195206333,20.770024054862137,9.151225426913179,6.077215804793667,12.229975945137863
1841.P16063,22,1841,1841:NAU164,male,hand,20260908,3,23.713954498349807,27.57544514695831,23.08335570228121,1.713954498349807,5.575445146958309,1.0833557022812101
1841.P16065,21,1841,1841:NAU106,female,hand,20260908,3,22.379819306996385,25.37285490432984,24.37822008299667,1.379819306996385,4.3728549043298415,3.3782200829966698
10317.000013184,46,10317,10317:c1aeed7ec49ba28fab9705a2a7ef17c7dae7622554dfbffbae7e5be56e0b5ca0fba918409d646af5cd04454fb08cc22ab4f708b179204f985182cefea9e199bd,male,head,20260908,3,43.33053240519983,40.29907845454087,40.89906734664551,2.6694675948001674,5.700921545459131,5.100932653354491
10317.000009059,50,10317,10317:d2b0d78183a7fb7003716446b4a9280723b3b3e47823c3e6d1a251d445558a0bbde902b411f4f4015c7f8faa15d573d3a103491eb53d1fb0ff68fedb2e2dd4d7,female,head,20260908,3,47.950923728788766,40.01696861138261,45.452291483781245,2.0490762712112343,9.983031388617391,4.547708516218755
1841.P16279,37,1841,1841:NAU148,male,hand,20260908,3,23.713954498349807,28.334831461987537,24.792255789864907,13.286045501650193,8.665168538012463,12.207744210135093
1841.P16276,32,1841,1841:NAU150,female,hand,20260908,3,22.379819306996385,25.853447172619052,26.60705586551727,9.620180693003615,6.1465528273809475,5.392944134482729
1841.P16275,37,1841,1841:NAU148,male,hand,20260908,3,23.713954498349807,24.04412775388419,22.106446364281144,13.286045501650193,12.95587224611581,14.893553635718856
1841.P16270,32,1841,1841:NAU150,female,hand,20260908,3,22.379819306996385,26.403535544316792,25.8447502790014,9.620180693003615,5.596464455683208,6.155249720998601
1841.F05471,20,1841,1841:NAU121,female,head,20260908,3,22.36413544762816,22.796639159451665,22.2291681298622,2.3641354476281613,2.796639159451665,2.229168129862199
1841.F05470,19,1841,1841:NAU107,female,head,20260908,3,22.36413544762816,23.60825898315328,22.88930407104827,3.3641354476281613,4.608258983153281,3.8893040710482687
1841.F06031,22,1841,1841:NCS212,female,head,20260908,3,22.36413544762816,23.562842155801725,23.023160336505704,0.3641354476281613,1.5628421558017251,1.023160336505704
1841.P16180,32,1841,1841:NAU150,female,hand,20260908,3,22.379819306996385,28.112030431272167,26.141375481722314,9.620180693003615,3.887969568727833,5.858624518277686
1841.P15365,22,1841,1841:NCS212,female,hand,20260908,3,22.379819306996385,22.979981553346253,22.24148086775251,0.3798193069963851,0.9799815533462528,0.24148086775251087
1841.F05808,21,1841,1841:NAU154,female,head,20260908,3,22.36413544762816,22.73941513211734,23.022357046602696,1.3641354476281613,1.7394151321173403,2.0223570466026963
1841.F05864,33,1841,1841:NAU144,male,head,20260908,3,23.84877457308682,23.71683285464536,20.422749025126944,9.151225426913179,9.28316714535464,12.577250974873056
1841.F05866,22,1841,1841:NAU164,male,head,20260908,3,23.84877457308682,26.973484414890663,22.607400635937807,1.8487745730868212,4.973484414890663,0.6074006359378075
10317.000005651,65,10317,10317:5e5f5fc79a512a180eb0cd63fa75b7307715996b1aff58edbefb0ed0d6548904bf74f95a466efb9525a910f69150d98cfae7b1c55b9bf3e278b402a8439e8d4c,male,hand,20260908,3,42.40964286482793,45.13663558407687,46.34286148490578,22.59035713517207,19.86336441592313,18.657138515094218
10317.000005650,65,10317,10317:5e5f5fc79a512a180eb0cd63fa75b7307715996b1aff58edbefb0ed0d6548904bf74f95a466efb9525a910f69150d98cfae7b1c55b9bf3e278b402a8439e8d4c,male,hand,20260908,3,42.40964286482793,43.14706381651053,45.24558168489317,22.59035713517207,21.85293618348947,19.754418315106832
10317.000005652,65,10317,10317:5e5f5fc79a512a180eb0cd63fa75b7307715996b1aff58edbefb0ed0d6548904bf74f95a466efb9525a910f69150d98cfae7b1c55b9bf3e278b402a8439e8d4c,male,head,20260908,3,43.33053240519983,46.27957637216157,44.557669413150435,21.669467594800167,18.72042362783843,20.442330586849565
1841.P15797,21,1841,1841:NAU153,female,hand,20260908,3,22.379819306996385,22.764811334498837,22.907611337491705,1.379819306996385,1.7648113344988374,1.907611337491705
1841.P15796,37,1841,1841:NAU148,male,hand,20260908,3,23.713954498349807,24.086749023545895,20.11571286098505,13.286045501650193,12.913250976454105,16.88428713901495
1841.P15799,21,1841,1841:NAU154,female,hand,20260908,3,22.379819306996385,22.869043369824617,23.318154194981336,1.379819306996385,1.8690433698246167,2.318154194981336
1841.P15798,21,1841,1841:NAU106,female,hand,20260908,3,22.379819306996385,25.434895896318583,25.890629613342,1.379819306996385,4.434895896318583,4.890629613342
1841.P15427,22,1841,1841:NCS212,female,hand,20260908,3,22.379819306996385,23.4501257162976,24.6644193978822,0.3798193069963851,1.450125716297599,2.664419397882199
1841.P15420,22,1841,1841:NCS212,female,hand,20260908,3,22.379819306996385,25.3579234205337,24.182114422219207,0.3798193069963851,3.3579234205337016,2.1821144222192075
1841.F05679,22,1841,1841:CUB040,male,head,20260908,3,23.84877457308682,27.61666688477671,21.63381907278328,1.8487745730868212,5.616666884776709,0.36618092721672113
1841.P16217,37,1841,1841:NAU148,male,hand,20260908,3,23.713954498349807,28.77239598150709,23.698124589050092,13.286045501650193,8.227604018492912,13.301875410949908
10317.000063380,40,10317,10317:df013012aa4de39f899aadbdfdd44572d593e9fa5238274ea143331982f2a039f09b846fef6ce0988eeda26205379399dfdb557ef64371f78334d6ee7beed928,male,head,20260908,3,43.33053240519983,36.30048794087748,36.377746347422594,3.3305324051998326,3.699512059122519,3.622253652577406
10317.000063387,40,10317,10317:df013012aa4de39f899aadbdfdd44572d593e9fa5238274ea143331982f2a039f09b846fef6ce0988eeda26205379399dfdb557ef64371f78334d6ee7beed928,male,hand,20260908,3,42.40964286482793,35.87483107815102,35.246238701721765,2.40964286482793,4.1251689218489815,4.753761298278235
10317.000020763,51,10317,10317:271445d9d2f17a19777c6abc5576840700fc57ecb19654f09610d4d1187e722ba995215d7e0cdfd20bd17f6a11fcb5232973c72d5d66bf7a0933e78b7d8aeabc,female,head,20260908,3,47.950923728788766,47.518481909239355,52.355615886315555,3.0490762712112343,3.4815180907606447,1.3556158863155545
1841.F05805,33,1841,1841:NAU144,male,head,20260908,3,23.84877457308682,23.57847888222888,20.648383599265703,9.151225426913179,9.421521117771121,12.351616400734297
1841.F05803,33,1841,1841:NAU144,male,head,20260908,3,23.84877457308682,23.994277370290543,20.39045731172994,9.151225426913179,9.005722629709457,12.60954268827006
1841.F05416,21,1841,1841:NAU154,female,head,20260908,3,22.36413544762816,24.588720724633554,23.699300276503457,1.3641354476281613,3.5887207246335535,2.6993002765034575
1841.F05822,33,1841,1841:NAU144,male,head,20260908,3,23.84877457308682,24.018886962710496,19.525161658561323,9.151225426913179,8.981113037289504,13.474838341438677
1841.F06478,20,1841,1841:CUB049,female,head,20260908,4,21.833348077733017,23.0875,22.155761401193384,1.8333480777330173,3.0874999999999986,2.1557614011933843
1841.F06471,21,1841,1841:CUB032,female,head,20260908,4,21.833348077733017,23.95,23.051190353037427,0.8333480777330173,2.9499999999999993,2.051190353037427
1841.F06382,23,1841,1841:CUB028,male,head,20260908,4,24.781867231084227,22.46875,21.19170142997043,1.7818672310842274,0.53125,1.8082985700295708
1841.F05651,21,1841,1841:CUB029,male,head,20260908,4,24.781867231084227,23.975,21.538116502053995,3.7818672310842274,2.9750000000000014,0.5381165020539953
1841.F05650,20,1841,1841:CUB051,male,head,20260908,4,24.781867231084227,25.0375,20.8924548098288,4.781867231084227,5.037500000000001,0.8924548098287985
1841.P16497,22,1841,1841:NCS255,female,hand,20260908,4,21.862243038410803,22.0875,22.74372831806781,0.13775696158919715,0.08749999999999858,0.7437283180678094
1841.P16496,27,1841,1841:NCS214,male,hand,20260908,4,24.713701034186272,24.925,22.557378186060287,2.286298965813728,2.0749999999999993,4.442621813939713
1841.P16494,23,1841,1841:NCS203,female,hand,20260908,4,21.862243038410803,25.775,24.529847887432048,1.1377569615891971,2.7749999999999986,1.529847887432048
1841.P15336,23,1841,1841:NCS203,female,hand,20260908,4,21.862243038410803,23.36875,24.707750771656993,1.1377569615891971,0.3687499999999986,1.7077507716569933
2010.2652,26,2010,2010:33,female,head,20260908,4,27.32405273249801,25.875,25.981794955271685,1.3240527324980107,0.125,0.0182050447283153
1841.P16559,41,1841,1841:CUB050,female,hand,20260908,4,21.862243038410803,27.74375,27.035628252713657,19.137756961589197,13.256250000000001,13.964371747286343
10317.000004238,58,10317,10317:37d8f6f7e4e484018175eb77bb7510245502c3c3d85c9a1874de9d25b0c5fe27d21dbcbe36e8c6663360590a8287912cd7e945311f2e50e46afc4ca3b709cc02,male,head,20260908,4,41.56061647023097,40.4375,42.6182261494513,16.43938352976903,17.5625,15.381773850548697
10317.000004236,58,10317,10317:37d8f6f7e4e484018175eb77bb7510245502c3c3d85c9a1874de9d25b0c5fe27d21dbcbe36e8c6663360590a8287912cd7e945311f2e50e46afc4ca3b709cc02,male,hand,20260908,4,42.56704864343564,45.81875,45.13526827161154,15.43295135656436,12.181249999999999,12.864731728388463
10317.000004237,58,10317,10317:37d8f6f7e4e484018175eb77bb7510245502c3c3d85c9a1874de9d25b0c5fe27d21dbcbe36e8c6663360590a8287912cd7e945311f2e50e46afc4ca3b709cc02,male,hand,20260908,4,42.56704864343564,44.025,43.95979007274535,15.43295135656436,13.975000000000001,14.04020992725465
10317.000049240,56,10317,10317:bd91fc26c20a7652fc421fee2aa75624e4db7f68e0e4fde846745c30bb976e46e87f9660bdf0cea293a6b1ddf22122f6376d2be385445805fa204dd33e6dc905,male,hand,20260908,4,42.56704864343564,45.575,43.47227148818926,13.43295135656436,10.424999999999997,12.527728511810743
10317.000049241,56,10317,10317:bd91fc26c20a7652fc421fee2aa75624e4db7f68e0e4fde846745c30bb976e46e87f9660bdf0cea293a6b1ddf22122f6376d2be385445805fa204dd33e6dc905,male,hand,20260908,4,42.56704864343564,42.01875,43.77506724178633,13.43295135656436,13.981250000000003,12.224932758213669
1841.F06458,21,1841,1841:CUB026,male,head,20260908,4,24.781867231084227,23.275,22.543583879297987,3.7818672310842274,2.2749999999999986,1.5435838792979872
1841.F06459,23,1841,1841:CUB028,male,head,20260908,4,24.781867231084227,23.75,22.842284857578942,1.7818672310842274,0.75,0.15771514242105766
1841.F05109,21,1841,1841:NAU124,female,head,20260908,4,21.833348077733017,22.68125,23.77549965648613,0.8333480777330173,1.6812499999999986,2.7754996564861294
1841.P15122,27,1841,1841:NCS214,male,hand,20260908,4,24.713701034186272,26.4875,23.685334409372807,2.286298965813728,0.5124999999999993,3.314665590627193
10317.000063344,29,10317,10317:e8fffa963380c63cba1d064de83b3a91000831ddbab3f8b56168ee1903063a0900f0a9b07f79b2f4a728ad7af62c82a718d51b95ccc1f12d6d1d3ce257c151f7,female,head,20260908,4,47.43351121786001,34.45625,36.30485311358926,18.43351121786001,5.456249999999997,7.30485311358926
1841.P15693,20,1841,1841:CUB049,female,hand,20260908,4,21.862243038410803,22.9,24.118802422691967,1.8622430384108029,2.8999999999999986,4.118802422691967
10317.000063164,29,10317,10317:03c0867966fe2299eb3b09291d5f0834310bdf5fceed9c9b7b397570bf8f2d2adaeb945c824ff0cb407abaf691b8173cfa03c4f8eb17e6dd9f6eda17502e66e4,male,head,20260908,4,41.56061647023097,36.35,36.757866557170864,12.560616470230968,7.350000000000001,7.757866557170864
1841.F05590,28,1841,1841:NAU103,female,head,20260908,4,21.833348077733017,28.325,22.453603081210854,6.166651922266983,0.3249999999999993,5.546396918789146
1841.P16574,20,1841,1841:CUB049,female,hand,20260908,4,21.862243038410803,22.08125,23.668562406027498,1.8622430384108029,2.0812500000000007,3.6685624060274975
1841.P16544,20,1841,1841:CUB051,male,hand,20260908,4,24.713701034186272,30.175,26.71374307185853,4.713701034186272,10.175,6.713743071858531
10317.000003410,49,10317,10317:d1910a1a76a8f78681bcb07a5bd97d35113c3770a82cd58a4cc41bbd0f24a54931c4699e445992cd3590ec9d1ae2db92ad3f118ade23b3ab902226bfb6b6915f,male,head,20260908,4,41.56061647023097,43.15,42.96076926414456,7.439383529769032,5.850000000000001,6.0392307358554405
2010.1566,35,2010,2010:9,female,head,20260908,4,27.32405273249801,35.8875,30.197094260985683,7.675947267501989,0.8875000000000028,4.802905739014317
1841.F06551,20,1841,1841:CUB049,female,head,20260908,4,21.833348077733017,22.5875,21.72314296367488,1.8333480777330173,2.5874999999999986,1.7231429636748814
1841.F06555,20,1841,1841:CUB051,male,head,20260908,4,24.781867231084227,24.7875,22.458565182161205,4.781867231084227,4.787500000000001,2.4585651821612053
1841.F06005,27,1841,1841:NCS253,female,head,20260908,4,21.833348077733017,28.89375,25.9599694711544,5.166651922266983,1.8937500000000007,1.0400305288456018
1841.F06556,41,1841,1841:CUB050,female,head,20260908,4,21.833348077733017,27.95,25.974996126679528,19.166651922266983,13.05,15.025003873320472
10317.000005219,40,10317,10317:1d0709acc0c4aa263f168023a3a96ba1e15b95b6c4da81b87f5ddab0fd7d047df0459ece7e25369bc5583a334c204f19a8ed16ff150ddaef72703a971dafa3b9,male,hand,20260908,4,42.56704864343564,35.5875,38.40563192532614,2.5670486434356405,4.412500000000001,1.5943680746738593
1841.P16439,23,1841,1841:NCS203,female,hand,20260908,4,21.862243038410803,27.9625,27.355019824424105,1.1377569615891971,4.962499999999999,4.3550198244241045
1841.P16435,22,1841,1841:NCS255,female,hand,20260908,4,21.862243038410803,22.73125,24.115718153635665,0.13775696158919715,0.7312499999999993,2.1157181536356653
10317.000063308,25,10317,10317:42aad521c038df949fad8060826afdde769401bb8b33ad632fd3209cd6d04c4e5106446ce4aef7bc16b30a904ca2d9896b24cf2ebff3881ae31264873b61c661,male,head,20260908,4,41.56061647023097,36.3375,39.43789026014617,16.56061647023097,11.337499999999999,14.437890260146169
1841.F06579,21,1841,1841:CUB033,female,head,20260908,4,21.833348077733017,25.55625,25.47552942871096,0.8333480777330173,4.556249999999999,4.47552942871096
10317.000007695,53,10317,10317:2001cd96b41443702fff754af1697cfbdfad013781990354ba66abf4ba4c1619b3b03ab3cbeff986588254af06fd1bb16cb541da65af96468b507f8eedd4e51f,female,hand,20260908,4,48.15726572993363,39.925,45.91998019978306,4.842734270066373,13.075000000000003,7.080019800216938
10317.000007696,53,10317,10317:2001cd96b41443702fff754af1697cfbdfad013781990354ba66abf4ba4c1619b3b03ab3cbeff986588254af06fd1bb16cb541da65af96468b507f8eedd4e51f,female,hand,20260908,4,48.15726572993363,40.0875,44.45803719082903,4.842734270066373,12.912500000000001,8.541962809170968
1841.P15385,22,1841,1841:NCS255,female,hand,20260908,4,21.862243038410803,24.225,25.317431814130305,0.13775696158919715,2.2250000000000014,3.3174318141303054
10317.000048946,25,10317,10317:fd658c211decf8560568703bb1621dc7ab2972b0403502579cb6058df268644a35e2777929b99fcec24a21c8dac8e433694e070c10166c3c162dc7d93491b7c9,unknown,hand,20260908,4,41.811820092594,39.80625,40.537948422187846,16.811820092593997,14.806249999999999,15.537948422187846
10317.000048947,25,10317,10317:fd658c211decf8560568703bb1621dc7ab2972b0403502579cb6058df268644a35e2777929b99fcec24a21c8dac8e433694e070c10166c3c162dc7d93491b7c9,unknown,head,20260908,4,37.498545479105154,42.21875,40.01424213465999,12.498545479105154,17.21875,15.014242134659987
1841.P15735,21,1841,1841:NAU124,female,hand,20260908,4,21.862243038410803,22.3125,23.011393114854684,0.8622430384108029,1.3125,2.011393114854684
1841.P15006,21,1841,1841:CUB032,female,hand,20260908,4,21.862243038410803,24.11875,23.940019669676406,0.8622430384108029,3.1187499999999986,2.9400196696764063
10317.000015057,80,10317,10317:8dd14dd80ae9b69218b4942e80486ca4299a19f9342258835b868633bfa7bff6581b9102dd034b2a58f5ea1a74b8a2ec5b06b38aca104935d0e20a6925b670f2,unknown,head,20260908,4,37.498545479105154,45.93125,46.18758799645535,42.501454520894846,34.06875,33.81241200354465
1841.P16417,22,1841,1841:NCS255,female,hand,20260908,4,21.862243038410803,21.7125,22.772096003130404,0.13775696158919715,0.2875000000000014,0.7720960031304038
1841.P16414,23,1841,1841:NCS203,female,hand,20260908,4,21.862243038410803,24.83125,24.345817953103616,1.1377569615891971,1.8312500000000007,1.3458179531036158
1841.P16413,27,1841,1841:NCS253,female,hand,20260908,4,21.862243038410803,25.23125,25.52284855649475,5.137756961589197,1.7687500000000007,1.4771514435052495
2010.1617,28,2010,2010:13,female,head,20260908,4,27.32405273249801,38.75,27.85679155013959,0.6759472675019893,10.75,0.14320844986040981
10317.000063327,36,10317,10317:5cac11f98d016720bf90c511d008405a6bd9d9a9f5d68939414a0cad29cedd0b2aba4673b7615fc76fb17b76523634ebb166e93c77804249ebc70ba37d6de287,female,hand,20260908,4,48.15726572993363,32.66875,37.062287087983435,12.157265729933627,3.331249999999997,1.0622870879834352
10317.000036462,38,10317,10317:da8f8a7d664c63431a657d0d888c46bf1f7bec532219c7d97227d8de3bc94ea035161f6a5e94118648a14d399a93b7d0e7cb68f1add742cb0d0d825f410a501d,male,hand,20260908,4,42.56704864343564,40.65,43.78797575256794,4.5670486434356405,2.6499999999999986,5.787975752567938
10317.000063320,36,10317,10317:5cac11f98d016720bf90c511d008405a6bd9d9a9f5d68939414a0cad29cedd0b2aba4673b7615fc76fb17b76523634ebb166e93c77804249ebc70ba37d6de287,female,head,20260908,4,47.43351121786001,35.1875,39.50583915176458,11.433511217860008,0.8125,3.505839151764583
10317.000034638,64,10317,10317:b03b7d707e125ba38f6ae4345eb6389f63c2caed719f3d69552e392dbe3d40c17b9f8b97c1e801df3731171dea8ebdb990b7f88d87da78c626beccba0003cf7f,female,head,20260908,4,47.43351121786001,43.68125,48.169096919551855,16.56648878213999,20.31875,15.830903080448145
10317.000034639,64,10317,10317:b03b7d707e125ba38f6ae4345eb6389f63c2caed719f3d69552e392dbe3d40c17b9f8b97c1e801df3731171dea8ebdb990b7f88d87da78c626beccba0003cf7f,female,hand,20260908,4,48.15726572993363,41.6625,47.66494278894079,15.842734270066373,22.3375,16.33505721105921
1841.F05536,28,1841,1841:NAU103,female,head,20260908,4,21.833348077733017,24.2625,23.26417097132247,6.166651922266983,3.7375000000000007,4.735829028677529
2010.1420,35,2010,2010:9,female,head,20260908,4,27.32405273249801,36.36875,28.298519321377547,7.675947267501989,1.3687499999999986,6.701480678622453
1841.P15975,21,1841,1841:CUB032,female,hand,20260908,4,21.862243038410803,23.0875,24.48441874912438,0.8622430384108029,2.0874999999999986,3.48441874912438
1841.P16000,21,1841,1841:CUB029,male,hand,20260908,4,24.713701034186272,23.43125,21.898419748644287,3.713701034186272,2.4312499999999986,0.8984197486442866
10317.000009093,35,10317,10317:360142d429f5a04200879be165fb723bf12539081381440cf759835fb3170ff29aaa9a46fc10cd08978857e2a1b86e035e65a80f5deb8234c611dcce54708792,male,head,20260908,4,41.56061647023097,38.8375,41.211643338515636,6.560616470230968,3.8374999999999986,6.2116433385156355
10317.000069111,29,10317,10317:03c0867966fe2299eb3b09291d5f0834310bdf5fceed9c9b7b397570bf8f2d2adaeb945c824ff0cb407abaf691b8173cfa03c4f8eb17e6dd9f6eda17502e66e4,male,head,20260908,4,41.56061647023097,32.1,34.231222022432384,12.560616470230968,3.1000000000000014,5.231222022432384
10317.000069118,29,10317,10317:03c0867966fe2299eb3b09291d5f0834310bdf5fceed9c9b7b397570bf8f2d2adaeb945c824ff0cb407abaf691b8173cfa03c4f8eb17e6dd9f6eda17502e66e4,male,hand,20260908,4,42.56704864343564,33.39375,33.82046632364685,13.56704864343564,4.393749999999997,4.820466323646848
1841.F06247,21,1841,1841:NAU124,female,head,20260908,4,21.833348077733017,25.50625,25.4664106891681,0.8333480777330173,4.506250000000001,4.4664106891681
1841.F06531,21,1841,1841:CUB026,male,head,20260908,4,24.781867231084227,23.9625,22.107852913844383,3.7818672310842274,2.9624999999999986,1.1078529138443827
1841.F06537,41,1841,1841:CUB050,female,head,20260908,4,21.833348077733017,28.575,24.392653601949444,19.166651922266983,12.425,16.607346398050556
1841.F06534,21,1841,1841:CUB033,female,head,20260908,4,21.833348077733017,23.88125,23.188168282557022,0.8333480777330173,2.8812500000000014,2.1881682825570223
1841.F06538,20,1841,1841:CUB049,female,head,20260908,4,21.833348077733017,23.5125,24.051985800258553,1.8333480777330173,3.5124999999999993,4.051985800258553
10317.000005597,74,10317,10317:7ba032cf20a095821627a110ab26bb5c1b92a9eec7dc65f29d2b0b7c0f2dece8e620882864fff5d7d829b5d72d5061c1b402d6fba6e4e8a623373670f402b87e,male,hand,20260908,4,42.56704864343564,41.825,45.00699254513238,31.43295135656436,32.175,28.993007454867623
1841.P15956,21,1841,1841:CUB033,female,hand,20260908,4,21.862243038410803,22.875,24.69517890962799,0.8622430384108029,1.875,3.695178909627991
1841.P15959,21,1841,1841:CUB029,male,hand,20260908,4,24.713701034186272,23.2125,22.56981679284616,3.713701034186272,2.2124999999999986,1.5698167928461615
1841.P15682,20,1841,1841:CUB051,male,hand,20260908,4,24.713701034186272,29.5625,26.21627175609344,4.713701034186272,9.5625,6.216271756093441
2010.1653,28,2010,2010:13,female,head,20260908,4,27.32405273249801,40.7375,30.960441004795804,0.6759472675019893,12.737499999999997,2.960441004795804
10317.000066843,27,10317,10317:75e7facbcee6190c9bd0ec55d33af511592981c1851bc62c90ffa060b30d59451c3407b0344a1357b33b8a653eb1ab6517c15e9f6f193c447e3882c2ada31e9a,male,hand,20260908,4,42.56704864343564,34.75,33.378150364554074,15.56704864343564,7.75,6.378150364554074
1841.F06088,22,1841,1841:NCS255,female,head,20260908,4,21.833348077733017,22.33125,24.01425902548781,0.16665192226698267,0.3312500000000007,2.01425902548781
1841.F06085,23,1841,1841:NCS203,female,head,20260908,4,21.833348077733017,26.74375,24.780595441279047,1.1666519222669827,3.7437499999999986,1.780595441279047
1841.P15540,28,1841,1841:NAU103,female,hand,20260908,4,21.862243038410803,25.8125,23.328466195015785,6.137756961589197,2.1875,4.6715338049842146
1841.F05060,23,1841,1841:NCS203,female,head,20260908,4,21.833348077733017,27.03125,22.95386841621929,1.1666519222669827,4.03125,0.04613158378070992
1841.F05063,23,1841,1841:NCS203,female,head,20260908,4,21.833348077733017,23.84375,24.25107935245538,1.1666519222669827,0.84375,1.2510793524553812
1841.F05065,23,1841,1841:NCS203,female,head,20260908,4,21.833348077733017,33.00625,24.680335268317627,1.1666519222669827,10.006250000000001,1.6803352683176271
1841.F05066,22,1841,1841:NCS255,female,head,20260908,4,21.833348077733017,23.075,23.4225732788601,0.16665192226698267,1.0749999999999993,1.4225732788600993
1841.F05068,23,1841,1841:NCS203,female,head,20260908,4,21.833348077733017,24.9625,22.82783423064075,1.1666519222669827,1.9624999999999986,0.17216576935924977
1841.P16462,27,1841,1841:NCS253,female,hand,20260908,4,21.862243038410803,36.95,30.070922522059657,5.137756961589197,9.950000000000003,3.070922522059657
1841.P15935,21,1841,1841:CUB033,female,hand,20260908,4,21.862243038410803,23.73125,24.71292869601434,0.8622430384108029,2.7312499999999993,3.712928696014341
1841.P15934,21,1841,1841:CUB029,male,hand,20260908,4,24.713701034186272,23.5875,21.481646875561346,3.713701034186272,2.5874999999999986,0.48164687556134567
1841.P15931,21,1841,1841:CUB032,female,hand,20260908,4,21.862243038410803,21.84375,23.861044052646378,0.8622430384108029,0.84375,2.8610440526463776
1841.P15932,21,1841,1841:CUB026,male,hand,20260908,4,24.713701034186272,22.475,21.618043097599045,3.713701034186272,1.4750000000000014,0.6180430975990454
10317.000015308,36,10317,10317:feea3e83f7040193068cefe3fbcc20f2ea1091f85bfe70ce251294e52b9fe96590bdfd79bae84e89f8a0e8adb68da76d13e4c631cd02e8440870e7ffa4c40c5d,female,head,20260908,4,47.43351121786001,39.2,43.359072802914056,11.433511217860008,3.200000000000003,7.359072802914056
10317.000066867,29,10317,10317:03c0867966fe2299eb3b09291d5f0834310bdf5fceed9c9b7b397570bf8f2d2adaeb945c824ff0cb407abaf691b8173cfa03c4f8eb17e6dd9f6eda17502e66e4,male,hand,20260908,4,42.56704864343564,30.55,31.267162097982013,13.56704864343564,1.5500000000000007,2.2671620979820126
10317.000066866,29,10317,10317:03c0867966fe2299eb3b09291d5f0834310bdf5fceed9c9b7b397570bf8f2d2adaeb945c824ff0cb407abaf691b8173cfa03c4f8eb17e6dd9f6eda17502e66e4,male,hand,20260908,4,42.56704864343564,36.0875,38.670074875708416,13.56704864343564,7.087499999999999,9.670074875708416
10317.000066861,29,10317,10317:03c0867966fe2299eb3b09291d5f0834310bdf5fceed9c9b7b397570bf8f2d2adaeb945c824ff0cb407abaf691b8173cfa03c4f8eb17e6dd9f6eda17502e66e4,male,head,20260908,4,41.56061647023097,31.93125,30.93696496514173,12.560616470230968,2.9312499999999986,1.9369649651417298
10317.000066868,29,10317,10317:03c0867966fe2299eb3b09291d5f0834310bdf5fceed9c9b7b397570bf8f2d2adaeb945c824ff0cb407abaf691b8173cfa03c4f8eb17e6dd9f6eda17502e66e4,male,hand,20260908,4,42.56704864343564,32.2625,35.87419526304196,13.56704864343564,3.262500000000003,6.874195263041962
1841.F05101,28,1841,1841:NAU103,female,head,20260908,4,21.833348077733017,27.1625,24.202351800507135,6.166651922266983,0.8374999999999986,3.7976481994928655
10317.000043162,86,10317,10317:969959b6a56c892088c6fec4a090bc9d7786704432d85dd70c0b376f3082c1743c5522532f4a6139e760de6add314a67dddb22fcaef7e05d6f73095cd5be1d95,female,hand,20260908,4,48.15726572993363,47.1875,52.89978081633112,37.84273427006637,38.8125,33.10021918366888
10317.000068842,36,10317,10317:1828cb0e8db79ff7771af2763605e12af956358756170093e17230a4ffb081fdfb2040dc65ff286b54429aedd73f9630fd5d98b9a5ad628c6116a74fb994dcf8,male,hand,20260908,4,42.56704864343564,38.18125,38.34202830044569,6.5670486434356405,2.1812499999999986,2.3420283004456905
1841.F05004,23,1841,1841:NCS203,female,head,20260908,4,21.833348077733017,24.7375,23.282090630385724,1.1666519222669827,1.7375000000000007,0.28209063038572424
1841.F05003,27,1841,1841:NCS253,female,head,20260908,4,21.833348077733017,33.8,24.536319587378912,5.166651922266983,6.799999999999997,2.4636804126210876
1841.P16177,28,1841,1841:NAU103,female,hand,20260908,4,21.862243038410803,29.21875,23.15855819695491,6.137756961589197,1.21875,4.84144180304509
1841.P15912,20,1841,1841:CUB051,male,hand,20260908,4,24.713701034186272,28.39375,24.622005460851245,4.713701034186272,8.39375,4.622005460851245
1841.P15917,20,1841,1841:CUB049,female,hand,20260908,4,21.862243038410803,22.00625,22.82201759308569,1.8622430384108029,2.0062500000000014,2.8220175930856897
10317.000062190,29,10317,10317:03c0867966fe2299eb3b09291d5f0834310bdf5fceed9c9b7b397570bf8f2d2adaeb945c824ff0cb407abaf691b8173cfa03c4f8eb17e6dd9f6eda17502e66e4,male,head,20260908,4,41.56061647023097,32.3625,34.21896198258007,12.560616470230968,3.362499999999997,5.218961982580069
1841.P15258,21,1841,1841:CUB026,male,hand,20260908,4,24.713701034186272,22.3625,21.591394047992647,3.713701034186272,1.3625000000000007,0.5913940479926474
1841.F05211,28,1841,1841:NAU103,female,head,20260908,4,21.833348077733017,24.5875,21.337223155658837,6.166651922266983,3.4125000000000014,6.662776844341163
1841.P16588,20,1841,1841:CUB049,female,hand,20260908,4,21.862243038410803,23.0625,23.949258830144345,1.8622430384108029,3.0625,3.9492588301443448
1841.F06354,20,1841,1841:CUB051,male,head,20260908,4,24.781867231084227,23.33125,19.97646661120613,4.781867231084227,3.3312500000000007,0.02353338879386868
1841.F06590,23,1841,1841:CUB028,male,head,20260908,4,24.781867231084227,23.775,19.63845559054732,1.7818672310842274,0.7749999999999986,3.36154440945268
1841.P15058,20,1841,1841:CUB051,male,hand,20260908,4,24.713701034186272,24.94375,21.76942464565078,4.713701034186272,4.943750000000001,1.7694246456507798
10317.000049876,74,10317,10317:7ba032cf20a095821627a110ab26bb5c1b92a9eec7dc65f29d2b0b7c0f2dece8e620882864fff5d7d829b5d72d5061c1b402d6fba6e4e8a623373670f402b87e,male,head,20260908,4,41.56061647023097,46.81875,47.2717150491267,32.43938352976903,27.18125,26.728284950873302
1841.F06331,21,1841,1841:CUB029,male,head,20260908,4,24.781867231084227,22.8875,21.594078415550808,3.7818672310842274,1.8874999999999993,0.5940784155508076
1841.F06337,23,1841,1841:CUB028,male,head,20260908,4,24.781867231084227,21.95625,20.899294864134433,1.7818672310842274,1.0437499999999993,2.1007051358655673
1841.P15273,21,1841,1841:CUB032,female,hand,20260908,4,21.862243038410803,23.29375,25.92542063018141,0.8622430384108029,2.2937499999999993,4.92542063018141
1841.P15589,28,1841,1841:NAU103,female,hand,20260908,4,21.862243038410803,25.61875,23.089414010688852,6.137756961589197,2.3812500000000014,4.910585989311148
10317.000068823,29,10317,10317:03c0867966fe2299eb3b09291d5f0834310bdf5fceed9c9b7b397570bf8f2d2adaeb945c824ff0cb407abaf691b8173cfa03c4f8eb17e6dd9f6eda17502e66e4,male,head,20260908,4,41.56061647023097,34.61875,35.20557515738318,12.560616470230968,5.618749999999999,6.20557515738318
1841.F05024,27,1841,1841:NCS253,female,head,20260908,4,21.833348077733017,32.125,28.110770250592612,5.166651922266983,5.125,1.110770250592612
1841.F05025,22,1841,1841:NCS255,female,head,20260908,4,21.833348077733017,23.2125,22.515889139249698,0.16665192226698267,1.2124999999999986,0.5158891392496976
1841.P15277,21,1841,1841:CUB026,male,hand,20260908,4,24.713701034186272,26.0625,23.85932923895476,3.713701034186272,5.0625,2.8593292389547607
1841.F05689,21,1841,1841:CUB026,male,head,20260908,4,24.781867231084227,23.48125,21.99721512677046,3.7818672310842274,2.4812499999999993,0.9972151267704596
1841.F05684,21,1841,1841:CUB026,male,head,20260908,4,24.781867231084227,26.75625,23.327379268381844,3.7818672310842274,5.756250000000001,2.3273792683818435
1841.F05977,18,1841,1841:NCS232,female,head,20260908,4,21.833348077733017,24.76875,24.676536242903435,3.8333480777330173,6.768750000000001,6.676536242903435
1841.F05974,27,1841,1841:NCS214,male,head,20260908,4,24.781867231084227,33.5875,23.617436907521903,2.2181327689157726,6.587499999999999,3.3825630924780974
1841.F06109,41,1841,1841:CUB050,female,head,20260908,4,21.833348077733017,27.775,25.669233444604643,19.166651922266983,13.225000000000001,15.330766555395357
10317.000063224,27,10317,10317:d7b643e267e7874c9fe80600f02183b6cd3019f0fda406b979f05d309d5050c0a106d81fd0d61ac23e2600faaf7da552f0258df8aa6be5e41a39e6b37828c99d,female,head,20260908,4,47.43351121786001,39.53125,41.73698121181835,20.43351121786001,12.53125,14.736981211818353
1841.F06107,20,1841,1841:CUB049,female,head,20260908,4,21.833348077733017,22.525,22.87067845243658,1.8333480777330173,2.5249999999999986,2.8706784524365787
10317.000005021,30,10317,10317:2c781cf584aee5d39efce29589579b7dd2febe3a4bfa62c60433de1447518df5880335cd63d2437a93a394f955e59f77d49504cf3a905aa0691d531a5832b69b,female,hand,20260908,4,48.15726572993363,40.61875,45.94741478724093,18.157265729933627,10.618749999999999,15.94741478724093
1841.P16452,27,1841,1841:NCS253,female,hand,20260908,4,21.862243038410803,28.2125,28.932057944153172,5.137756961589197,1.2124999999999986,1.932057944153172
1841.P15079,20,1841,1841:CUB049,female,hand,20260908,4,21.862243038410803,23.54375,23.97257513499886,1.8622430384108029,3.5437499999999993,3.972575134998859
1841.F06312,20,1841,1841:CUB051,male,head,20260908,4,24.781867231084227,24.9125,20.017922446833204,4.781867231084227,4.912500000000001,0.017922446833203765
1841.F06311,21,1841,1841:CUB026,male,head,20260908,4,24.781867231084227,23.54375,21.064811235208477,3.7818672310842274,2.5437499999999993,0.06481123520847731
1841.F06310,21,1841,1841:CUB033,female,head,20260908,4,21.833348077733017,26.33125,26.315845278977257,0.8333480777330173,5.331250000000001,5.315845278977257
1841.P15253,21,1841,1841:CUB029,male,hand,20260908,4,24.713701034186272,23.41875,22.57889994275603,3.713701034186272,2.4187499999999993,1.5788999427560313
1841.P16450,22,1841,1841:NCS255,female,hand,20260908,4,21.862243038410803,23.66875,25.052660327694433,0.13775696158919715,1.6687499999999993,3.052660327694433
1841.P15210,20,1841,1841:CUB049,female,hand,20260908,4,21.862243038410803,22.44375,23.876661337000833,1.8622430384108029,2.4437500000000014,3.876661337000833
2010.1377,35,2010,2010:9,female,head,20260908,4,27.32405273249801,37.21875,30.052718739597797,7.675947267501989,2.21875,4.947281260402203
10317.000003336,74,10317,10317:cc74256c990c430993cd5fc5079433232702a5006ee4a770421edf6482fee08db076f06f1fcf83bacf50a1a592d1fbd51c3edee6f558ab60369868d09a642c78,female,hand,20260908,4,48.15726572993363,42.11875,47.16338952582973,25.842734270066373,31.88125,26.83661047417027
1841.P16454,23,1841,1841:NCS203,female,hand,20260908,4,21.862243038410803,31.38125,25.83536010067166,1.1377569615891971,8.381250000000001,2.835360100671661
1841.F06123,41,1841,1841:CUB050,female,head,20260908,4,21.833348077733017,29.5625,25.2017650030971,19.166651922266983,11.4375,15.798234996902899
10317.000005598,74,10317,10317:7ba032cf20a095821627a110ab26bb5c1b92a9eec7dc65f29d2b0b7c0f2dece8e620882864fff5d7d829b5d72d5061c1b402d6fba6e4e8a623373670f402b87e,male,hand,20260908,4,42.56704864343564,41.2125,45.95433482666,31.43295135656436,32.7875,28.045665173339998
10317.000005594,74,10317,10317:7ba032cf20a095821627a110ab26bb5c1b92a9eec7dc65f29d2b0b7c0f2dece8e620882864fff5d7d829b5d72d5061c1b402d6fba6e4e8a623373670f402b87e,male,head,20260908,4,41.56061647023097,40.6375,42.901116893465115,32.43938352976903,33.3625,31.098883106534885
1841.P15011,41,1841,1841:CUB050,female,hand,20260908,4,21.862243038410803,27.09375,27.55275464102951,19.137756961589197,13.90625,13.447245358970491
10317.000049839,69,10317,10317:c9253f884608fc319fe8569e8e2979bb54c91a0e0d3c4ff7a4b8f149c7372a1c77029903e0508684d15d336da510bcc78d1e9c1aecbf85c0b6bc664b85990a20,female,hand,20260908,4,48.15726572993363,44.7,50.086820935310435,20.842734270066373,24.299999999999997,18.913179064689565
1841.P15355,23,1841,1841:NCS203,female,hand,20260908,4,21.862243038410803,29.30625,26.63379153628232,1.1377569615891971,6.306249999999999,3.6337915362823203
1841.F05426,21,1841,1841:NAU124,female,head,20260908,4,21.833348077733017,22.13125,23.869082737290427,0.8333480777330173,1.1312500000000014,2.8690827372904266
1841.P16573,21,1841,1841:CUB032,female,hand,20260908,4,21.862243038410803,24.19375,24.78234193461074,0.8622430384108029,3.1937500000000014,3.7823419346107414
1841.F06079,22,1841,1841:NCS255,female,head,20260908,4,21.833348077733017,22.53125,23.728783553372555,0.16665192226698267,0.53125,1.7287835533725548
10317.000069063,29,10317,10317:03c0867966fe2299eb3b09291d5f0834310bdf5fceed9c9b7b397570bf8f2d2adaeb945c824ff0cb407abaf691b8173cfa03c4f8eb17e6dd9f6eda17502e66e4,male,head,20260908,4,41.56061647023097,34.3,33.58842143582299,12.560616470230968,5.299999999999997,4.588421435822987
1841.P15942,21,1841,1841:CUB029,male,hand,20260908,4,24.713701034186272,22.01875,21.217480086882745,3.713701034186272,1.0187500000000007,0.21748008688274467
1841.F06086,22,1841,1841:NCS255,female,head,20260908,4,21.833348077733017,23.74375,22.746142078153692,0.16665192226698267,1.7437499999999986,0.7461420781536923
1841.P16072,28,1841,1841:NAU103,female,hand,20260908,4,21.862243038410803,26.0875,25.31987316430628,6.137756961589197,1.9125000000000014,2.68012683569372
1841.P15350,27,1841,1841:NCS253,female,hand,20260908,4,21.862243038410803,25.9,25.181548166827405,5.137756961589197,1.1000000000000014,1.8184518331725954
1841.P15038,21,1841,1841:CUB033,female,hand,20260908,4,21.862243038410803,25.0625,25.970541171081535,0.8622430384108029,4.0625,4.9705411710815355
1841.P15036,21,1841,1841:CUB026,male,hand,20260908,4,24.713701034186272,23.35,22.52697976180436,3.713701034186272,2.3500000000000014,1.526979761804359
1841.P15037,41,1841,1841:CUB050,female,hand,20260908,4,21.862243038410803,26.0125,25.889406082594153,19.137756961589197,14.9875,15.110593917405847
1841.P15030,41,1841,1841:CUB050,female,hand,20260908,4,21.862243038410803,27.35,27.82455007918292,19.137756961589197,13.649999999999999,13.17544992081708
10317.000017775,56,10317,10317:95161bf754ca78bbc6736e1276a0c069dd937e05defae03a23b5b34bc3f3e0325898e86cd7fd838de6514fbeb888d6634c7497e3855ab1d45839d35295e2ba95,male,head,20260908,4,41.56061647023097,44.2125,43.65950594741918,14.439383529769032,11.787500000000001,12.340494052580823
1841.F06421,21,1841,1841:CUB029,male,head,20260908,4,24.781867231084227,24.31875,21.399744131298007,3.7818672310842274,3.3187500000000014,0.39974413129800723
1841.F06422,21,1841,1841:CUB033,female,head,20260908,4,21.833348077733017,22.88125,23.73210993641245,0.8333480777330173,1.8812500000000014,2.7321099364124493
1841.P15294,21,1841,1841:CUB033,female,hand,20260908,4,21.862243038410803,24.80625,24.67522700798634,0.8622430384108029,3.8062499999999986,3.67522700798634
10317.000002088,52,10317,10317:d12b3488162547d96d3669a939c33c47bb7e94f9db76d64dbd76d7bcd6ccf5dc1c2202772cb5712605a51d28e9a8109105db0a01b5d13f55512047b95056356b,male,head,20260908,4,41.56061647023097,43.5375,44.40116331162047,10.439383529769032,8.462499999999999,7.598836688379528
10317.000004928,55,10317,10317:169fc8e4a87bbb9fd81677779eb46fc8c4e57700e8a9fe6448edd4c1b573f6c2885cef43b7349fe9fa37dfd3379bc8b84b536aefeb7c6610a495bc898a20d1b7,female,hand,20260908,4,48.15726572993363,39.64375,45.94765159084973,6.842734270066373,15.356250000000003,9.05234840915027
1841.F05980,27,1841,1841:NCS214,male,head,20260908,4,24.781867231084227,33.1125,23.47834586331184,2.2181327689157726,6.112499999999997,3.5216541366881593
1841.F05995,27,1841,1841:NCS214,male,head,20260908,4,24.781867231084227,29.65625,23.101416339488367,2.2181327689157726,2.65625,3.8985836605116333
10317.000022189,57,10317,10317:83129c2b229f0d9fb6e870c62c2b01797d6f2d1e18875a4474c1d621fd4239f0509c12f293d0febfee93496a315d1b8ed8f7d66b9046ea392b2913819b93632c,female,head,20260908,4,47.43351121786001,40.2875,43.39289906595626,9.566488782139992,16.7125,13.607100934043743
10317.000040147,34,10317,10317:338bb7890bb4108f90b5027f8ffed6cd6fd3fb3d5a8f0bfa9f16a9dc184403e392c5429f663b0c7929ed1a431187e38fb9303f5d93da105fda803ec085f157e6,male,head,20260908,4,41.56061647023097,39.75625,41.35709993215869,7.560616470230968,5.756250000000001,7.35709993215869
1841.P15999,21,1841,1841:CUB026,male,hand,20260908,4,24.713701034186272,23.86875,21.460447869823145,3.713701034186272,2.8687499999999986,0.46044786982314534
1841.F05871,28,1841,1841:NAU103,female,head,20260908,4,21.833348077733017,25.35625,23.092245152316902,6.166651922266983,2.6437500000000007,4.907754847683098
1841.F06405,23,1841,1841:CUB028,male,head,20260908,4,24.781867231084227,22.60625,20.467374890471227,1.7818672310842274,0.3937500000000007,2.532625109528773
1841.F06404,21,1841,1841:CUB032,female,head,20260908,4,21.833348077733017,22.38125,22.87587177671665,0.8333480777330173,1.3812500000000014,1.8758717767166502
1841.F06403,23,1841,1841:CUB028,male,head,20260908,4,24.781867231084227,22.69375,21.55723352786742,1.7818672310842274,0.3062499999999986,1.442766472132579
1841.F06409,21,1841,1841:CUB029,male,head,20260908,4,24.781867231084227,22.64375,21.322037581311783,3.7818672310842274,1.6437500000000007,0.3220375813117826
10317.000049121,62,10317,10317:cf42e22cb0b5def3e5fb85e3eedb9fec63ec3614a7783d0ac195975b575a9863d801522f080d492d8032502dfbef61ba79d17264597f600354ba3cb662748955,male,head,20260908,4,41.56061647023097,40.8125,40.27528235819248,20.43938352976903,21.1875,21.724717641807523
1841.F05605,23,1841,1841:CUB028,male,head,20260908,4,24.781867231084227,22.2875,20.94317341672473,1.7818672310842274,0.7124999999999986,2.056826583275271
1841.F05609,20,1841,1841:CUB049,female,head,20260908,4,21.833348077733017,22.51875,22.80532989930161,1.8333480777330173,2.5187500000000007,2.8053298993016114
1841.F05463,21,1841,1841:NAU124,female,head,20260908,4,21.833348077733017,22.0125,23.64849620459916,0.8333480777330173,1.0124999999999993,2.6484962045991587
1841.F05652,21,1841,1841:CUB032,female,head,20260908,4,21.833348077733017,23.175,24.395787132997373,0.8333480777330173,2.1750000000000007,3.3957871329973734
1841.P16440,23,1841,1841:NCS203,female,hand,20260908,4,21.862243038410803,23.8375,25.011329002411713,1.1377569615891971,0.8374999999999986,2.0113290024117134
1841.P15171,27,1841,1841:NCS214,male,hand,20260908,4,24.713701034186272,27.2375,24.17644585245858,2.286298965813728,0.2375000000000007,2.8235541475414188
10317.000036735,63,10317,10317:0195d329f030b0250f2e009ac656b8ee7c006c3a064b6d08770ecd7067bf4098cd0fb82f552a671d583f26002b4f2753d6bca1b02521b55faac3ba0bc1e64d8a,male,head,20260908,4,41.56061647023097,42.4,43.71178049803849,21.43938352976903,20.6,19.288219501961507
10317.000036732,63,10317,10317:0195d329f030b0250f2e009ac656b8ee7c006c3a064b6d08770ecd7067bf4098cd0fb82f552a671d583f26002b4f2753d6bca1b02521b55faac3ba0bc1e64d8a,male,head,20260908,4,41.56061647023097,40.55,41.97998521584507,21.43938352976903,22.450000000000003,21.02001478415493
1841.P16527,21,1841,1841:CUB026,male,hand,20260908,4,24.713701034186272,23.08125,21.004941220728675,3.713701034186272,2.0812500000000007,0.004941220728674978
1841.P16520,20,1841,1841:CUB049,female,hand,20260908,4,21.862243038410803,22.26875,24.35073612732067,1.8622430384108029,2.2687500000000007,4.350736127320669
1841.F06353,21,1841,1841:CUB029,male,head,20260908,4,24.781867231084227,23.05,20.87215369292061,3.7818672310842274,2.0500000000000007,0.12784630707939115
2010.2777,24,2010,2010:37,female,head,20260908,4,27.32405273249801,25.5125,25.985745969407343,3.3240527324980107,1.5124999999999993,1.9857459694073434
1841.F06394,21,1841,1841:CUB029,male,head,20260908,4,24.781867231084227,23.88125,20.862959942681655,3.7818672310842274,2.8812500000000014,0.13704005731834457
1841.F06391,21,1841,1841:CUB026,male,head,20260908,4,24.781867231084227,23.49375,20.71190550770036,3.7818672310842274,2.4937499999999986,0.28809449229963846
1841.F06462,20,1841,1841:CUB051,male,head,20260908,4,24.781867231084227,25.775,22.10861317008701,4.781867231084227,5.774999999999999,2.108613170087011
1841.P15610,41,1841,1841:CUB050,female,hand,20260908,4,21.862243038410803,28.35625,26.730528204537595,19.137756961589197,12.64375,14.269471795462405
1841.P15347,27,1841,1841:NCS253,female,hand,20260908,4,21.862243038410803,26.95,27.593064526206227,5.137756961589197,0.05000000000000071,0.5930645262062271
10317.000031066,42,10317,10317:7335b37622ba1bdd7e488bc6758f7c8fd36c26e43d8fdb09f00e1ae18ff0959bc7f4f27508aebf68b1a500bbc62282d5389c9d49419171cf9e9c946f433596f6,male,hand,20260908,4,42.56704864343564,38.40625,40.74500063644713,0.5670486434356405,3.59375,1.2549993635528693
1841.P15159,27,1841,1841:NCS214,male,hand,20260908,4,24.713701034186272,26.74375,22.947492900952668,2.286298965813728,0.2562500000000014,4.052507099047332
1841.P15156,27,1841,1841:NCS214,male,hand,20260908,4,24.713701034186272,26.0375,22.895893080575817,2.286298965813728,0.9624999999999986,4.104106919424183
1841.F05836,28,1841,1841:NAU103,female,head,20260908,4,21.833348077733017,24.8625,22.36126545650031,6.166651922266983,3.1374999999999993,5.638734543499691
1841.F05628,41,1841,1841:CUB050,female,head,20260908,4,21.833348077733017,26.9375,22.351487918985587,19.166651922266983,14.0625,18.648512081014413
1841.F05629,21,1841,1841:CUB033,female,head,20260908,4,21.833348077733017,23.61875,23.832150120331363,0.8333480777330173,2.6187499999999986,2.832150120331363
1841.P16541,21,1841,1841:CUB033,female,hand,20260908,4,21.862243038410803,24.75625,26.350808955055115,0.8622430384108029,3.7562500000000014,5.350808955055115
1841.P16549,20,1841,1841:CUB049,female,hand,20260908,4,21.862243038410803,22.56875,23.822006408129752,1.8622430384108029,2.5687500000000014,3.8220064081297522
10317.000002212,69,10317,10317:576a03c295c356d35a0d25b2110dd88b3617bd98ae2ff786f650e35db756be0c2368e573093bcfce63e963af568b1198c749606c6e11a98ea707a8a38b2cb1b3,female,hand,20260908,4,48.15726572993363,45.1,51.51803885664509,20.842734270066373,23.9,17.48196114335491
1841.P16482,27,1841,1841:NCS253,female,hand,20260908,4,21.862243038410803,29.85625,26.387000337238632,5.137756961589197,2.8562499999999993,0.6129996627613679
1841.P15109,27,1841,1841:NCS214,male,hand,20260908,4,24.713701034186272,34.29375,23.28689711958447,2.286298965813728,7.293750000000003,3.71310288041553
1841.P15132,18,1841,1841:NCS232,female,hand,20260908,4,21.862243038410803,24.4375,24.264074607067663,3.862243038410803,6.4375,6.264074607067663
1841.F06059,27,1841,1841:NCS253,female,head,20260908,4,21.833348077733017,26.55,25.35272589818567,5.166651922266983,0.4499999999999993,1.6472741018143289
1841.F06055,27,1841,1841:NCS253,female,head,20260908,4,21.833348077733017,31.68125,27.436640640834767,5.166651922266983,4.681249999999999,0.43664064083476717
1841.F05588,21,1841,1841:NAU124,female,head,20260908,4,21.833348077733017,22.34375,23.1944724318322,0.8333480777330173,1.34375,2.1944724318321995
1841.P16569,41,1841,1841:CUB050,female,hand,20260908,4,21.862243038410803,29.61875,29.725690488636676,19.137756961589197,11.381250000000001,11.274309511363324
1841.P16567,20,1841,1841:CUB049,female,hand,20260908,4,21.862243038410803,22.2,22.72192800533408,1.8622430384108029,2.1999999999999993,2.7219280053340817
1841.P16566,41,1841,1841:CUB050,female,hand,20260908,4,21.862243038410803,26.9625,26.754200929809528,19.137756961589197,14.037500000000001,14.245799070190472
2010.2902,24,2010,2010:37,female,head,20260908,4,27.32405273249801,26.7625,25.555584606847702,3.3240527324980107,2.7624999999999993,1.5555846068477024
1841.F05113,21,1841,1841:NAU124,female,head,20260908,4,21.833348077733017,24.13125,25.9988607828805,0.8333480777330173,3.1312500000000014,4.998860782880499
1841.F05116,21,1841,1841:NAU124,female,head,20260908,4,21.833348077733017,22.3625,23.579851190257944,0.8333480777330173,1.3625000000000007,2.579851190257944
1841.P16603,21,1841,1841:CUB033,female,hand,20260908,4,21.862243038410803,22.75625,23.161758311542012,0.8622430384108029,1.7562500000000014,2.1617583115420125
1841.P15117,27,1841,1841:NCS214,male,hand,20260908,4,24.713701034186272,33.66875,24.637393915018514,2.286298965813728,6.668750000000003,2.3626060849814863
1841.P15114,27,1841,1841:NCS214,male,hand,20260908,4,24.713701034186272,26.71875,23.097562369891932,2.286298965813728,0.28125,3.902437630108068
1841.F06039,23,1841,1841:NCS203,female,head,20260908,4,21.833348077733017,24.0,23.70264473472408,1.1666519222669827,1.0,0.7026447347240783
10317.000063351,29,10317,10317:e8fffa963380c63cba1d064de83b3a91000831ddbab3f8b56168ee1903063a0900f0a9b07f79b2f4a728ad7af62c82a718d51b95ccc1f12d6d1d3ce257c151f7,female,hand,20260908,4,48.15726572993363,31.75625,34.653460041204625,19.157265729933627,2.7562500000000014,5.6534600412046245
10317.000063171,29,10317,10317:03c0867966fe2299eb3b09291d5f0834310bdf5fceed9c9b7b397570bf8f2d2adaeb945c824ff0cb407abaf691b8173cfa03c4f8eb17e6dd9f6eda17502e66e4,male,hand,20260908,4,42.56704864343564,33.49375,37.443357672758026,13.56704864343564,4.493749999999999,8.443357672758026
2010.2690,26,2010,2010:33,female,head,20260908,4,27.32405273249801,24.7875,24.53602343287815,1.3240527324980107,1.2124999999999986,1.4639765671218505
1841.P15990,23,1841,1841:CUB028,male,hand,20260908,4,24.713701034186272,23.025,21.509578437526653,1.713701034186272,0.02499999999999858,1.4904215624733474
1841.F05562,21,1841,1841:NAU124,female,head,20260908,4,21.833348077733017,22.86875,23.73154345477676,0.8333480777330173,1.8687499999999986,2.7315434547767588
1841.F06434,20,1841,1841:CUB049,female,head,20260908,4,21.833348077733017,22.38125,23.141979083815333,1.8333480777330173,2.3812500000000014,3.1419790838153325
1841.F06435,41,1841,1841:CUB050,female,head,20260908,4,21.833348077733017,29.96875,26.650495952490196,19.166651922266983,11.03125,14.349504047509804
1841.F05314,23,1841,1841:NCS203,female,head,20260908,4,21.833348077733017,26.7625,23.512298830572156,1.1666519222669827,3.7624999999999993,0.5122988305721563
1841.F06487,21,1841,1841:CUB032,female,head,20260908,4,21.833348077733017,22.66875,23.953292238501128,0.8333480777330173,1.6687499999999993,2.9532922385011275
1841.P15378,22,1841,1841:NCS255,female,hand,20260908,4,21.862243038410803,21.94375,23.83217961756689,0.13775696158919715,0.05624999999999858,1.83217961756689
1841.F06545,20,1841,1841:CUB051,male,head,20260908,4,24.781867231084227,24.40625,21.27362364703506,4.781867231084227,4.40625,1.273623647035059
1841.P15395,23,1841,1841:NCS203,female,hand,20260908,4,21.862243038410803,28.05,25.521009726587337,1.1377569615891971,5.050000000000001,2.5210097265873372
1841.P15398,22,1841,1841:NCS255,female,hand,20260908,4,21.862243038410803,22.73125,24.141443036313134,0.13775696158919715,0.7312499999999993,2.1414430363131345
10317.000005167,60,10317,10317:c05d316c7a234de92fd6181929f128efb782363ffe6c343358fc3ab402b473dbf8a8138a22044ea3b02099711ecfa77358776132a3ed110a1b2153eeb178378a,male,head,20260908,4,41.56061647023097,44.61875,45.689967107488485,18.43938352976903,15.381250000000001,14.310032892511515
10317.000005166,60,10317,10317:c05d316c7a234de92fd6181929f128efb782363ffe6c343358fc3ab402b473dbf8a8138a22044ea3b02099711ecfa77358776132a3ed110a1b2153eeb178378a,male,hand,20260908,4,42.56704864343564,46.925,44.318645569569746,17.43295135656436,13.075000000000003,15.681354430430254
10317.000005165,60,10317,10317:c05d316c7a234de92fd6181929f128efb782363ffe6c343358fc3ab402b473dbf8a8138a22044ea3b02099711ecfa77358776132a3ed110a1b2153eeb178378a,male,hand,20260908,4,42.56704864343564,50.20625,49.314665313097514,17.43295135656436,9.793750000000003,10.685334686902486
1841.F05613,23,1841,1841:CUB028,male,head,20260908,4,24.781867231084227,24.48125,21.572811320260858,1.7818672310842274,1.4812499999999993,1.4271886797391424
10317.000015283,61,10317,10317:6cafcd38bd5d8a7ae3e097e4e76d4ec0177aa5a4b23e460bcf27496334ea6f015f92f32d33219a9b3815853580c7fa17f6fff3d39827358ac992dd98bc09b99f,male,head,20260908,4,41.56061647023097,43.1625,41.68498656843485,19.43938352976903,17.8375,19.31501343156515
10317.000015285,61,10317,10317:6cafcd38bd5d8a7ae3e097e4e76d4ec0177aa5a4b23e460bcf27496334ea6f015f92f32d33219a9b3815853580c7fa17f6fff3d39827358ac992dd98bc09b99f,male,hand,20260908,4,42.56704864343564,40.99375,43.02049463715062,18.43295135656436,20.00625,17.97950536284938
10317.000049239,56,10317,10317:bd91fc26c20a7652fc421fee2aa75624e4db7f68e0e4fde846745c30bb976e46e87f9660bdf0cea293a6b1ddf22122f6376d2be385445805fa204dd33e6dc905,male,head,20260908,4,41.56061647023097,40.725,43.10899656152248,14.439383529769032,15.274999999999999,12.891003438477519
1841.F06205,21,1841,1841:NAU124,female,head,20260908,4,21.833348077733017,22.90625,24.418102504727266,0.8333480777330173,1.90625,3.4181025047272655
1841.P16394,28,1841,1841:NAU103,female,hand,20260908,4,21.862243038410803,23.95,22.553930875785948,6.137756961589197,4.050000000000001,5.446069124214052
1841.P16424,22,1841,1841:NCS255,female,hand,20260908,4,21.862243038410803,23.1,23.58847079609999,0.13775696158919715,1.1000000000000014,1.5884707960999904
10317.000063315,25,10317,10317:42aad521c038df949fad8060826afdde769401bb8b33ad632fd3209cd6d04c4e5106446ce4aef7bc16b30a904ca2d9896b24cf2ebff3881ae31264873b61c661,male,hand,20260908,4,42.56704864343564,38.31875,38.689827798162405,17.56704864343564,13.318750000000001,13.689827798162405
1841.F06565,41,1841,1841:CUB050,female,head,20260908,4,21.833348077733017,26.28125,26.12422837120586,19.166651922266983,14.71875,14.87577162879414
1841.F06566,20,1841,1841:CUB049,female,head,20260908,4,21.833348077733017,22.40625,22.374958069229088,1.8333480777330173,2.40625,2.3749580692290877
1841.F06567,21,1841,1841:CUB032,female,head,20260908,4,21.833348077733017,23.33125,24.098418804948427,0.8333480777330173,2.3312500000000007,3.0984188049484267
1841.F05001,22,1841,1841:NCS255,female,head,20260908,4,21.833348077733017,22.88125,23.405076509517645,0.16665192226698267,0.8812500000000014,1.4050765095176452
1841.P16093,21,1841,1841:NAU124,female,hand,20260908,4,21.862243038410803,22.93125,24.922939485447017,0.8622430384108029,1.9312499999999986,3.922939485447017
1841.P15720,21,1841,1841:NAU124,female,hand,20260908,4,21.862243038410803,22.2,23.60536345256885,0.8622430384108029,1.1999999999999993,2.6053634525688487
10317.000031898,34,10317,10317:f7d599694238b74a09daca6c98fc12816a2f8fb52871032650e28d1b3817096404a96c1f0c84c57d6c558db1c22e281e2af87b6fe26c5b1727f23ea6fd789556,male,head,20260908,4,41.56061647023097,36.8,39.67368822256782,7.560616470230968,2.799999999999997,5.673688222567819
10317.000005221,40,10317,10317:1d0709acc0c4aa263f168023a3a96ba1e15b95b6c4da81b87f5ddab0fd7d047df0459ece7e25369bc5583a334c204f19a8ed16ff150ddaef72703a971dafa3b9,male,hand,20260908,4,42.56704864343564,37.2875,38.83691266468172,2.5670486434356405,2.7124999999999986,1.1630873353182807
10317.000005222,40,10317,10317:1d0709acc0c4aa263f168023a3a96ba1e15b95b6c4da81b87f5ddab0fd7d047df0459ece7e25369bc5583a334c204f19a8ed16ff150ddaef72703a971dafa3b9,male,head,20260908,4,41.56061647023097,37.64375,41.646307586731645,1.5606164702309684,2.356250000000003,1.6463075867316448
1841.P16401,21,1841,1841:NAU124,female,hand,20260908,4,21.862243038410803,23.4375,25.54686606982676,0.8622430384108029,2.4375,4.546866069826759
1841.P16404,23,1841,1841:NCS203,female,hand,20260908,4,21.862243038410803,24.98125,25.964012529211328,1.1377569615891971,1.9812499999999993,2.9640125292113275
1841.F05091,27,1841,1841:NCS253,female,head,20260908,4,21.833348077733017,28.2125,28.706921483891236,5.166651922266983,1.2124999999999986,1.7069214838912359
1841.P15579,21,1841,1841:NAU124,female,hand,20260908,4,21.862243038410803,23.99375,24.698038190899112,0.8622430384108029,2.9937499999999986,3.698038190899112
1841.P15573,21,1841,1841:NAU124,female,hand,20260908,4,21.862243038410803,22.64375,23.47542637852944,0.8622430384108029,1.6437500000000007,2.4754263785294413
1841.F05051,22,1841,1841:NCS255,female,head,20260908,4,21.833348077733017,22.61875,22.93575685825955,0.16665192226698267,0.6187499999999986,0.9357568582595484
1841.F05053,27,1841,1841:NCS253,female,head,20260908,4,21.833348077733017,31.06875,27.043853356361563,5.166651922266983,4.068750000000001,0.043853356361562845
1841.F05055,22,1841,1841:NCS255,female,head,20260908,4,21.833348077733017,21.775,22.015447743688565,0.16665192226698267,0.22500000000000142,0.015447743688564941
10317.000049745,64,10317,10317:b03b7d707e125ba38f6ae4345eb6389f63c2caed719f3d69552e392dbe3d40c17b9f8b97c1e801df3731171dea8ebdb990b7f88d87da78c626beccba0003cf7f,female,head,20260908,4,47.43351121786001,47.38125,49.86893669102993,16.56648878213999,16.61875,14.13106330897007
1841.P15361,27,1841,1841:NCS253,female,hand,20260908,4,21.862243038410803,25.675,26.519260870550653,5.137756961589197,1.3249999999999993,0.48073912944934705
1841.P15965,21,1841,1841:CUB029,male,hand,20260908,4,24.713701034186272,22.91875,22.544219123552352,3.713701034186272,1.9187499999999993,1.5442191235523524
1841.P15969,20,1841,1841:CUB051,male,hand,20260908,4,24.713701034186272,38.75,26.086936715947065,4.713701034186272,18.75,6.086936715947065
10317.000015064,71,10317,10317:6cd87aca8624e2efe119e5484586386f10cb61ed4a7920dd13cefe68783228eafa46cdc995f2272c25a121fc11cdb971265f86ad6cd99e0d151e6744a5db135c,female,head,20260908,4,47.43351121786001,45.58125,47.11948453553355,23.56648878213999,25.418750000000003,23.88051546446645
10317.000015060,80,10317,10317:8dd14dd80ae9b69218b4942e80486ca4299a19f9342258835b868633bfa7bff6581b9102dd034b2a58f5ea1a74b8a2ec5b06b38aca104935d0e20a6925b670f2,unknown,hand,20260908,4,41.811820092594,44.0375,46.89324930694587,38.188179907406,35.9625,33.10675069305413
10317.000015061,71,10317,10317:6cd87aca8624e2efe119e5484586386f10cb61ed4a7920dd13cefe68783228eafa46cdc995f2272c25a121fc11cdb971265f86ad6cd99e0d151e6744a5db135c,female,hand,20260908,4,48.15726572993363,44.66875,45.83156688216395,22.842734270066373,26.331249999999997,25.168433117836052
10317.000015062,71,10317,10317:6cd87aca8624e2efe119e5484586386f10cb61ed4a7920dd13cefe68783228eafa46cdc995f2272c25a121fc11cdb971265f86ad6cd99e0d151e6744a5db135c,female,hand,20260908,4,48.15726572993363,46.2875,45.655106804058896,22.842734270066373,24.7125,25.344893195941104
10317.000006851,73,10317,10317:7705669a351542f9add9390a0a093824f81095a819993d82ab0d00eb2120ac34a953c451ff892c8c30e3f1b8f7630625d2ebb4d0e8512526a243025795e51eb7,male,head,20260908,4,41.56061647023097,38.95,40.70465687048599,31.43938352976903,34.05,32.29534312951401
1841.P16466,22,1841,1841:NCS255,female,hand,20260908,4,21.862243038410803,25.38125,25.11422533397788,0.13775696158919715,3.3812500000000014,3.114225333977881
2010.1447,25,2010,2010:3,female,head,20260908,4,27.32405273249801,35.6,29.460016758014127,2.3240527324980107,10.600000000000001,4.4600167580141274
1841.F05321,27,1841,1841:NCS253,female,head,20260908,4,21.833348077733017,30.75,25.73683547480514,5.166651922266983,3.75,1.2631645251948598
1841.P16545,20,1841,1841:CUB051,male,hand,20260908,4,24.713701034186272,25.175,22.07920048403934,4.713701034186272,5.175000000000001,2.0792004840393403
10317.000066836,27,10317,10317:75e7facbcee6190c9bd0ec55d33af511592981c1851bc62c90ffa060b30d59451c3407b0344a1357b33b8a653eb1ab6517c15e9f6f193c447e3882c2ada31e9a,male,head,20260908,4,41.56061647023097,36.36875,33.07586028684182,14.560616470230968,9.368749999999999,6.075860286841817
1841.F06526,23,1841,1841:CUB028,male,head,20260908,4,24.781867231084227,24.24375,20.23490457024955,1.7818672310842274,1.2437499999999986,2.765095429750449
1841.F06520,21,1841,1841:CUB026,male,head,20260908,4,24.781867231084227,25.1625,20.9738298420377,3.7818672310842274,4.162500000000001,0.026170157962301488
1841.F06521,20,1841,1841:CUB049,female,head,20260908,4,21.833348077733017,21.7625,22.587489218038375,1.8333480777330173,1.7624999999999993,2.5874892180383746
1841.P15084,21,1841,1841:CUB032,female,hand,20260908,4,21.862243038410803,23.925,23.955097800323745,0.8622430384108029,2.9250000000000007,2.9550978003237454
1841.F05076,22,1841,1841:NCS255,female,head,20260908,4,21.833348077733017,23.88125,25.108856604445464,0.16665192226698267,1.8812500000000014,3.1088566044454637
1841.F05925,27,1841,1841:NCS214,male,head,20260908,4,24.781867231084227,29.8125,25.357326012917017,2.2181327689157726,2.8125,1.6426739870829827
2010.1474,35,2010,2010:9,female,head,20260908,4,27.32405273249801,37.51875,28.794006681779205,7.675947267501989,2.518749999999997,6.205993318220795
10317.000063279,30,10317,10317:891ba49891c93e012ced08e68550251a74e2939dbec3af58e67b97d73d2d0f32fd7530e785db3ae620b3a125927c31d18d0e6c08bfe00778a19646a44083e9e7,male,hand,20260908,4,42.56704864343564,36.85625,38.465583947722635,12.56704864343564,6.856250000000003,8.465583947722635
1841.P15764,28,1841,1841:NAU103,female,hand,20260908,4,21.862243038410803,26.05,24.933075057054303,6.137756961589197,1.9499999999999993,3.066924942945697
1841.P15941,23,1841,1841:CUB028,male,hand,20260908,4,24.713701034186272,22.225,22.80135616476705,1.713701034186272,0.7749999999999986,0.19864383523295004
10317.000062197,29,10317,10317:03c0867966fe2299eb3b09291d5f0834310bdf5fceed9c9b7b397570bf8f2d2adaeb945c824ff0cb407abaf691b8173cfa03c4f8eb17e6dd9f6eda17502e66e4,male,hand,20260908,4,42.56704864343564,33.10625,36.17498460196025,13.56704864343564,4.106250000000003,7.174984601960247
1841.F05247,28,1841,1841:NAU103,female,head,20260908,4,21.833348077733017,29.175,22.145745605295396,6.166651922266983,1.1750000000000007,5.854254394704604
1841.F05469,28,1841,1841:NAU103,female,head,20260908,4,21.833348077733017,25.21875,24.770708995335976,6.166651922266983,2.78125,3.2292910046640237
1841.F06094,22,1841,1841:NCS255,female,head,20260908,4,21.833348077733017,25.06875,24.895754036896133,0.16665192226698267,3.0687500000000014,2.8957540368961325
1841.P15207,23,1841,1841:CUB028,male,hand,20260908,4,24.713701034186272,23.64375,21.31032739045324,1.713701034186272,0.6437500000000007,1.6896726095467614
1841.P15201,23,1841,1841:CUB028,male,hand,20260908,4,24.713701034186272,23.875,22.26170423388668,1.713701034186272,0.875,0.7382957661133212
1841.P15200,41,1841,1841:CUB050,female,hand,20260908,4,21.862243038410803,27.39375,24.978631299586254,19.137756961589197,13.60625,16.021368700413746
1841.P15209,21,1841,1841:CUB033,female,hand,20260908,4,21.862243038410803,27.0125,26.112579486859097,0.8622430384108029,6.012499999999999,5.112579486859097
1841.F05012,27,1841,1841:NCS214,male,head,20260908,4,24.781867231084227,26.4625,20.903481833728215,2.2181327689157726,0.5375000000000014,6.096518166271785
1841.F05903,27,1841,1841:NCS214,male,head,20260908,4,24.781867231084227,29.3875,23.908188811067262,2.2181327689157726,2.3874999999999993,3.0918111889327378
1841.P15928,21,1841,1841:CUB033,female,hand,20260908,4,21.862243038410803,25.6,27.03581831066867,0.8622430384108029,4.600000000000001,6.03581831066867
1841.P15922,21,1841,1841:CUB033,female,hand,20260908,4,21.862243038410803,23.0125,25.462042097993535,0.8622430384108029,2.0124999999999993,4.462042097993535
10317.000033426,26,10317,10317:bf31604fc742f42563e14f529efdb4bf456a2196957cdd5f7a03e77220b2f7cc72b439053c8c0b4e94997264dacb9d6c2dc062250570be1d1ee1d113328653f1,female,hand,20260908,4,48.15726572993363,40.51875,44.00985156106886,22.157265729933627,14.518749999999997,18.009851561068857
1841.F06340,21,1841,1841:CUB029,male,head,20260908,4,24.781867231084227,22.525,21.470897808636963,3.7818672310842274,1.5249999999999986,0.4708978086369626
1841.F06343,21,1841,1841:CUB032,female,head,20260908,4,21.833348077733017,24.99375,24.132799941776835,0.8333480777330173,3.9937499999999986,3.1327999417768346
1841.P15059,23,1841,1841:CUB028,male,hand,20260908,4,24.713701034186272,23.6125,23.124439998270393,1.713701034186272,0.6125000000000007,0.1244399982703932
1841.P16102,21,1841,1841:NAU124,female,hand,20260908,4,21.862243038410803,23.48125,23.919976179045143,0.8622430384108029,2.4812499999999993,2.9199761790451433
10317.000014513,43,10317,10317:945445118eb28a47d0311468e8170b2c68dd921cbb868623641758d82330a5f89defc8f3631f8c7f925da369315c0e442e1b32d12fae4688f05b9a40c0167080,male,head,20260908,4,41.56061647023097,35.8625,41.28791947353686,1.4393835297690316,7.137500000000003,1.71208052646314
1841.P15906,21,1841,1841:CUB032,female,hand,20260908,4,21.862243038410803,23.44375,23.703259575794636,0.8622430384108029,2.4437500000000014,2.703259575794636
1841.P15288,20,1841,1841:CUB049,female,hand,20260908,4,21.862243038410803,25.36875,25.777088921553613,1.8622430384108029,5.368749999999999,5.777088921553613
1841.P16590,23,1841,1841:CUB028,male,hand,20260908,4,24.713701034186272,23.4125,20.824617178804015,1.713701034186272,0.4125000000000014,2.175382821195985
1841.P16591,21,1841,1841:CUB033,female,hand,20260908,4,21.862243038410803,23.625,24.562984453065408,0.8622430384108029,2.625,3.5629844530654076
10317.000063231,27,10317,10317:d7b643e267e7874c9fe80600f02183b6cd3019f0fda406b979f05d309d5050c0a106d81fd0d61ac23e2600faaf7da552f0258df8aa6be5e41a39e6b37828c99d,female,hand,20260908,4,48.15726572993363,41.74375,45.02206648338664,21.157265729933627,14.743749999999999,18.022066483386638
1841.F06583,21,1841,1841:CUB033,female,head,20260908,4,21.833348077733017,22.83125,22.616339570936365,0.8333480777330173,1.8312500000000007,1.6163395709363648
1841.F06588,20,1841,1841:CUB049,female,head,20260908,4,21.833348077733017,22.35625,21.44652274486128,1.8333480777330173,2.3562499999999993,1.44652274486128
1841.P15065,21,1841,1841:CUB032,female,hand,20260908,4,21.862243038410803,23.31875,24.26684944950251,0.8622430384108029,2.3187500000000014,3.2668494495025087
1841.F06320,21,1841,1841:CUB033,female,head,20260908,4,21.833348077733017,28.01875,26.427277600094683,0.8333480777330173,7.018750000000001,5.427277600094683
1841.F06324,21,1841,1841:CUB033,female,head,20260908,4,21.833348077733017,23.83125,23.96981715575688,0.8333480777330173,2.8312500000000007,2.9698171557568784
1841.P15244,20,1841,1841:CUB051,male,hand,20260908,4,24.713701034186272,29.0625,23.62886927193975,4.713701034186272,9.0625,3.628869271939749
2010.2516,26,2010,2010:33,female,head,20260908,4,27.32405273249801,33.8375,29.53220319837692,1.3240527324980107,7.837499999999999,3.5322031983769193
10317.000068830,29,10317,10317:03c0867966fe2299eb3b09291d5f0834310bdf5fceed9c9b7b397570bf8f2d2adaeb945c824ff0cb407abaf691b8173cfa03c4f8eb17e6dd9f6eda17502e66e4,male,hand,20260908,4,42.56704864343564,32.74375,35.56731251492025,13.56704864343564,3.7437499999999986,6.567312514920253
10317.000068835,36,10317,10317:1828cb0e8db79ff7771af2763605e12af956358756170093e17230a4ffb081fdfb2040dc65ff286b54429aedd73f9630fd5d98b9a5ad628c6116a74fb994dcf8,male,head,20260908,4,41.56061647023097,35.7125,37.905072503875765,5.560616470230968,0.2875000000000014,1.9050725038757648
1841.F05675,21,1841,1841:CUB029,male,head,20260908,4,24.781867231084227,24.0875,21.845181751034303,3.7818672310842274,3.0874999999999986,0.8451817510343034
1841.F05674,21,1841,1841:CUB033,female,head,20260908,4,21.833348077733017,24.09375,22.497712779537203,0.8333480777330173,3.09375,1.4977127795372027
1841.F05671,20,1841,1841:CUB049,female,head,20260908,4,21.833348077733017,24.4375,22.32430934481609,1.8333480777330173,4.4375,2.32430934481609
1841.P16524,21,1841,1841:CUB026,male,hand,20260908,4,24.713701034186272,26.2875,20.818717599306996,3.713701034186272,5.287500000000001,0.1812824006930036
10317.000040503,52,10317,10317:8fc2af33171964330de7e24811df360483b2193e73f509d9de0eca5c34aa9cc4a73311de7d0ba394fbed8d55f72394218e7b7026fd7da8c8ee1ebf0e637b2e85,female,head,20260908,4,47.43351121786001,39.9,45.44313518152436,4.5664887821399915,12.100000000000001,6.556864818475638
10317.000040507,52,10317,10317:8fc2af33171964330de7e24811df360483b2193e73f509d9de0eca5c34aa9cc4a73311de7d0ba394fbed8d55f72394218e7b7026fd7da8c8ee1ebf0e637b2e85,female,hand,20260908,4,48.15726572993363,41.575,45.74734650263956,3.842734270066373,10.424999999999997,6.252653497360441
1841.P15001,23,1841,1841:CUB028,male,hand,20260908,4,24.713701034186272,22.34375,21.49580405016859,1.713701034186272,0.65625,1.5041959498314093
1841.P15003,23,1841,1841:CUB028,male,hand,20260908,4,24.713701034186272,23.30625,21.66122076246641,1.713701034186272,0.3062499999999986,1.3387792375335898
1841.P15008,21,1841,1841:CUB029,male,hand,20260908,4,24.713701034186272,24.4375,23.28122462137491,3.713701034186272,3.4375,2.2812246213749106
1841.F06301,21,1841,1841:CUB032,female,head,20260908,4,21.833348077733017,23.475,23.77106404172403,0.8333480777330173,2.4750000000000014,2.7710640417240313
1841.F06306,20,1841,1841:CUB049,female,head,20260908,4,21.833348077733017,22.7875,22.64978423693059,1.8333480777330173,2.7875000000000014,2.6497842369305893
10317.000049840,69,10317,10317:c9253f884608fc319fe8569e8e2979bb54c91a0e0d3c4ff7a4b8f149c7372a1c77029903e0508684d15d336da510bcc78d1e9c1aecbf85c0b6bc664b85990a20,female,hand,20260908,4,48.15726572993363,44.675,50.56793675447398,20.842734270066373,24.325000000000003,18.432063245526017
10317.000049841,69,10317,10317:c9253f884608fc319fe8569e8e2979bb54c91a0e0d3c4ff7a4b8f149c7372a1c77029903e0508684d15d336da510bcc78d1e9c1aecbf85c0b6bc664b85990a20,female,head,20260908,4,47.43351121786001,45.60625,50.33932323794195,21.56648878213999,23.393749999999997,18.660676762058053
10317.000069070,29,10317,10317:03c0867966fe2299eb3b09291d5f0834310bdf5fceed9c9b7b397570bf8f2d2adaeb945c824ff0cb407abaf691b8173cfa03c4f8eb17e6dd9f6eda17502e66e4,male,hand,20260908,4,42.56704864343564,42.23125,43.255474165873224,13.56704864343564,13.231250000000003,14.255474165873224
1841.P15029,20,1841,1841:CUB049,female,hand,20260908,4,21.862243038410803,21.76875,24.13654588811315,1.8622430384108029,1.7687500000000007,4.136545888113151
1841.P15023,21,1841,1841:CUB029,male,hand,20260908,4,24.713701034186272,25.13125,22.919821184939565,3.713701034186272,4.131250000000001,1.9198211849395648
1841.F06367,21,1841,1841:CUB029,male,head,20260908,4,24.781867231084227,23.9,19.622481845155377,3.7818672310842274,2.8999999999999986,1.3775181548446227
1841.F06363,21,1841,1841:CUB032,female,head,20260908,4,21.833348077733017,21.80625,22.41895418877935,0.8333480777330173,0.8062499999999986,1.4189541887793489
1841.P15289,21,1841,1841:CUB029,male,hand,20260908,4,24.713701034186272,26.96875,27.125424776835665,3.713701034186272,5.96875,6.125424776835665
1841.P15281,41,1841,1841:CUB050,female,hand,20260908,4,21.862243038410803,32.26875,27.370312768202293,19.137756961589197,8.731250000000003,13.629687231797707
1841.F05985,27,1841,1841:NCS214,male,head,20260908,4,24.781867231084227,28.99375,21.68828568043092,2.2181327689157726,1.9937499999999986,5.311714319569081
1841.F05984,27,1841,1841:NCS214,male,head,20260908,4,24.781867231084227,34.71875,22.48927686633591,2.2181327689157726,7.71875,4.51072313366409
10317.000015058,80,10317,10317:8dd14dd80ae9b69218b4942e80486ca4299a19f9342258835b868633bfa7bff6581b9102dd034b2a58f5ea1a74b8a2ec5b06b38aca104935d0e20a6925b670f2,unknown,hand,20260908,4,41.811820092594,48.19375,49.28240337885628,38.188179907406,31.80625,30.71759662114372
1841.F06175,20,1841,1841:CUB051,male,head,20260908,4,24.781867231084227,23.73125,22.376434989001755,4.781867231084227,3.7312499999999993,2.376434989001755
10317.000027751,54,10317,10317:3f3189bfab92107b05a629ba1be6aad212c75b4525d50b0789f4272ba27b446de5cf079bf1c30b52182f0e4ded874c59bc8e41d483192937641083f6a37b6a67,female,head,20260908,4,47.43351121786001,40.76875,46.25293609486181,6.5664887821399915,13.231250000000003,7.747063905138191
1841.P15611,20,1841,1841:CUB049,female,hand,20260908,4,21.862243038410803,22.60625,23.237086765105985,1.8622430384108029,2.6062499999999993,3.2370867651059854
1841.P15618,41,1841,1841:CUB050,female,hand,20260908,4,21.862243038410803,28.7,26.12806022303702,19.137756961589197,12.3,14.871939776962979
1841.P16068,21,1841,1841:NAU124,female,hand,20260908,4,21.862243038410803,22.79375,24.15191329037254,0.8622430384108029,1.7937499999999993,3.1519132903725406
1841.P16348,28,1841,1841:NAU103,female,hand,20260908,4,21.862243038410803,27.025,24.753072558268347,6.137756961589197,0.9750000000000014,3.2469274417316534
1841.F06432,41,1841,1841:CUB050,female,head,20260908,4,21.833348077733017,30.05625,25.89408071859838,19.166651922266983,10.943750000000001,15.105919281401619
1841.F06433,21,1841,1841:CUB026,male,head,20260908,4,24.781867231084227,22.68125,20.10940085127232,3.7818672310842274,1.6812499999999986,0.8905991487276808
1841.F06349,21,1841,1841:CUB033,female,head,20260908,4,21.833348077733017,23.04375,22.81048595337526,0.8333480777330173,2.0437499999999993,1.8104859533752595
10317.000049119,62,10317,10317:cf42e22cb0b5def3e5fb85e3eedb9fec63ec3614a7783d0ac195975b575a9863d801522f080d492d8032502dfbef61ba79d17264597f600354ba3cb662748955,male,hand,20260908,4,42.56704864343564,42.575,45.86138357016301,19.43295135656436,19.424999999999997,16.138616429836993
1841.P15400,27,1841,1841:NCS253,female,hand,20260908,4,21.862243038410803,29.64375,28.073337945771065,5.137756961589197,2.6437500000000007,1.0733379457710654
1841.P16278,21,1841,1841:NAU124,female,hand,20260908,4,21.862243038410803,22.36875,24.90278897991561,0.8622430384108029,1.3687499999999986,3.9027889799156092
1841.P16181,28,1841,1841:NAU103,female,hand,20260908,4,21.862243038410803,25.19375,23.906243086413507,6.137756961589197,2.8062499999999986,4.093756913586493
10317.000004764,36,10317,10317:733d141620ab14d73e0aa4683aff41e7dfc3bae381840f02c270e108c123ae0e90bf1390da736c2d78815083080cfd4f47f1bacbfc2de5a20e1ea897fbb49593,male,hand,20260908,4,42.56704864343564,44.775,44.94697834186305,6.5670486434356405,8.774999999999999,8.946978341863051
1841.P15369,22,1841,1841:NCS255,female,hand,20260908,4,21.862243038410803,22.4,23.174048773513245,0.13775696158919715,0.3999999999999986,1.1740487735132454
1841.P15362,27,1841,1841:NCS253,female,hand,20260908,4,21.862243038410803,29.41875,28.093419379629857,5.137756961589197,2.4187499999999993,1.0934193796298572
10317.000006853,74,10317,10317:7705669a351542f9add9390a0a093824f81095a819993d82ab0d00eb2120ac34a953c451ff892c8c30e3f1b8f7630625d2ebb4d0e8512526a243025795e51eb7,male,hand,20260908,4,42.56704864343564,42.825,41.693842191966645,31.43295135656436,31.174999999999997,32.306157808033355
1841.F05804,21,1841,1841:NAU124,female,head,20260908,4,21.833348077733017,22.9875,23.66683761311481,0.8333480777330173,1.9875000000000007,2.6668376131148115
10317.000011979,53,10317,10317:86f38a5d916420ce42057d5012ab6e7b63fe17dce6c5bbd26d4d6b33da03f0c707be225d1759b8991e4a3e2158e96c5ba68e85dfe1ef7f47fcce7ba1ec47ff2e,female,head,20260908,4,47.43351121786001,44.875,47.27529012863873,5.5664887821399915,8.125,5.72470987136127
10317.000009071,31,10317,10317:48fd24a3221f83a24f4307730fea531db77cc72647a64a29ffcf0dd97f7305deea2b1e3c1cba32b3cbe473a91330373f80b78deedad17f887fccce56f5ebe393,male,head,20260908,4,41.56061647023097,42.425,44.682857266840664,10.560616470230968,11.424999999999997,13.682857266840664
10317.000009073,31,10317,10317:48fd24a3221f83a24f4307730fea531db77cc72647a64a29ffcf0dd97f7305deea2b1e3c1cba32b3cbe473a91330373f80b78deedad17f887fccce56f5ebe393,male,hand,20260908,4,42.56704864343564,40.20625,43.407937258532016,11.56704864343564,9.206249999999997,12.407937258532016
10317.000028943,46,10317,10317:f418e55e3e56cef19b56c0429433fa84e94863f2dc63628da31cf79cf361518786dfccf3fb6ae6e69d5dda970371a55dfedfec2e4e44bf990c150a4b1010a10a,male,hand,20260908,4,42.56704864343564,41.6875,43.936028404422544,3.4329513565643595,4.3125,2.0639715955774562
10317.000028942,46,10317,10317:f418e55e3e56cef19b56c0429433fa84e94863f2dc63628da31cf79cf361518786dfccf3fb6ae6e69d5dda970371a55dfedfec2e4e44bf990c150a4b1010a10a,male,hand,20260908,4,42.56704864343564,41.04375,43.01479691117638,3.4329513565643595,4.956249999999997,2.985203088823617
1841.F06416,41,1841,1841:CUB050,female,head,20260908,4,21.833348077733017,26.21875,26.916019244503545,19.166651922266983,14.78125,14.083980755496455
10317.000020770,63,10317,10317:10c8546946a2e2010a75c89453b040665e96df1bb29926bbc6a4b848240f3496cf382414067385add4d4efb3f09315e48b6000a82bc428ab354207875c319ac4,female,head,20260908,4,47.43351121786001,41.59375,43.77962297475544,15.566488782139992,21.40625,19.22037702524456
1841.P16531,23,1841,1841:CUB028,male,hand,20260908,4,24.713701034186272,21.68125,22.49165965211145,1.713701034186272,1.3187500000000014,0.5083403478885486
1841.P15425,23,1841,1841:NCS203,female,hand,20260908,4,21.862243038410803,28.15625,26.149921294099617,1.1377569615891971,5.15625,3.1499212940996166
1841.F06190,20,1841,1841:CUB049,female,head,20260908,4,21.833348077733017,22.5,22.997747323844553,1.8333480777330173,2.5,2.9977473238445533
1841.F05676,41,1841,1841:CUB050,female,head,20260908,4,21.833348077733017,29.5,26.50551995281861,19.166651922266983,11.5,14.49448004718139
1841.P16211,21,1841,1841:NAU124,female,hand,20260908,4,21.862243038410803,24.05625,24.179275700604787,0.8622430384108029,3.0562499999999986,3.179275700604787
1841.P15054,21,1841,1841:CUB026,male,hand,20260908,4,24.713701034186272,24.6375,24.552745599623428,3.713701034186272,3.6374999999999993,3.552745599623428
1841.P15166,27,1841,1841:NCS214,male,hand,20260908,4,24.713701034186272,30.55,24.53812479733452,2.286298965813728,3.5500000000000007,2.4618752026654818
1841.F06063,23,1841,1841:NCS203,female,head,20260908,4,21.833348077733017,27.3375,25.683178503153897,1.1666519222669827,4.337499999999999,2.683178503153897
1841.F06068,27,1841,1841:NCS253,female,head,20260908,4,21.833348077733017,30.5625,26.112423507193014,5.166651922266983,3.5625,0.8875764928069856
1841.P15300,27,1841,1841:NCS253,female,hand,20260908,4,21.862243038410803,27.98125,28.37298042438036,5.137756961589197,0.9812499999999993,1.3729804243803585
1841.F05094,23,1841,1841:NCS203,female,head,20260908,4,21.833348077733017,23.65625,22.64167743439009,1.1666519222669827,0.65625,0.35832256560991027
