sample_id,age,study,group,sex,site,repeat_seed,fold,metadata_prediction,microbiome_prediction,combined_prediction
1841.F05357,20,1841,1841:NCS210,female,head,20260907,0,22.30432291005156,25.037933163701933,23.083824324433103
10317.000049806,66,10317,10317:4863e557347469643abb13187a4c07e6d82a136b7e8ada704bcc1c6ea30fc2961e36855c2dfe883650d88cef48ae1161802be7c3b874b5f003569b1f51adc309,female,head,20260907,0,47.893127921419435,46.63066744762986,48.18796818969783
1841.F05659,20,1841,1841:CUB010,female,head,20260907,0,22.30432291005156,23.470990578738505,22.33533095964456
1841.F05651,21,1841,1841:CUB029,male,head,20260907,0,25.058898402391442,24.749430045036668,23.319742891173835
1841.F05650,20,1841,1841:CUB051,male,head,20260907,0,25.058898402391442,27.10719390515045,21.617302872093596
1841.P16499,23,1841,1841:NCS244,female,hand,20260907,0,22.397428333501587,25.33745877383282,25.051834270614968
1841.P15327,20,1841,1841:NCS210,female,hand,20260907,0,22.397428333501587,24.79299212072651,27.499985937803256
10317.000020453,42,10317,10317:717a010ecae247e17c0d75cdc08151d79ef870155f338e469f89c0489311881fcd9a409c1f2f17cbfdb5c5e655cd7b7ba153016ff78cd3d0326a1da4bbbbe1b4,male,head,20260907,0,42.51678304385714,46.52991581985837,44.59295676866606
1841.P16345,25,1841,1841:NAU157,male,hand,20260907,0,25.18435120059359,27.117920811316946,25.082342691523095
1841.F05825,20,1841,1841:NAU115,male,head,20260907,0,25.058898402391442,24.008101602237634,20.727153355707628
10317.000005565,53,10317,10317:2bbbda8f68f57e1c57d3e97ada9c16a61165e5a3a31f556df77429e4efca7c8de4a4dd989152a974f15603348945abd6a2335caec0d3d6fe9e7136e3865909bc,male,hand,20260907,0,43.03455138178261,44.94668823932034,49.66281666741217
10317.000005564,53,10317,10317:2bbbda8f68f57e1c57d3e97ada9c16a61165e5a3a31f556df77429e4efca7c8de4a4dd989152a974f15603348945abd6a2335caec0d3d6fe9e7136e3865909bc,male,head,20260907,0,42.51678304385714,43.5840548585728,43.20022165171616
10317.000005566,53,10317,10317:2bbbda8f68f57e1c57d3e97ada9c16a61165e5a3a31f556df77429e4efca7c8de4a4dd989152a974f15603348945abd6a2335caec0d3d6fe9e7136e3865909bc,male,hand,20260907,0,43.03455138178261,43.36358245821434,45.01402732783249
10317.000006913,50,10317,10317:9efe5bb96e044b67cb80fc4069443555b8751175a7004a0a040349274f4aeacaa0bdcc77fe15bf3b071a944c2c9d4c02decf67f559f2a2d31615e4e98ed3e904,unknown,head,20260907,0,40.70058040728239,45.40756319536027,44.69863926103728
1841.P16555,20,1841,1841:CUB010,female,hand,20260907,0,22.397428333501587,23.760000184660115,23.779012943636964
1841.P16550,20,1841,1841:CUB010,female,hand,20260907,0,22.397428333501587,22.438431772815964,23.195608705420995
2010.2046,34,2010,2010:25,female,head,20260907,0,27.27915981320906,35.89010193538803,28.817448199082644
1841.F06026,20,1841,1841:NCS210,female,head,20260907,0,22.30432291005156,25.962786756748148,25.33222737302102
1841.F05590,28,1841,1841:NAU103,female,head,20260907,0,22.30432291005156,28.705718538521484,20.403134818974586
10317.000068979,34,10317,10317:39f71cf33f09de164d937b070afbdb0ae6316326fe838edc8aeebb9c941d1edd0c4b841e5e1b5c435cf9310595d4cb9a17a4d2777234628da9e9e7e1cc78e36f,male,head,20260907,0,42.51678304385714,36.504117535921225,37.260137030671345
10317.000005637,32,10317,10317:8e6d5660e04b428afe96bc9b82f94ffbde8b593ec7e7a39e6d802ccde219bc29f29c18ff10e18b4c6a067ce34878d5cc2b0addc2b1e539d565c014f00b4d3452,unknown,hand,20260907,0,46.3608073096528,40.47444532062483,44.847579887296234
10317.000005636,32,10317,10317:8e6d5660e04b428afe96bc9b82f94ffbde8b593ec7e7a39e6d802ccde219bc29f29c18ff10e18b4c6a067ce34878d5cc2b0addc2b1e539d565c014f00b4d3452,unknown,hand,20260907,0,46.3608073096528,39.40680686527165,43.17846711539599
10317.000005634,32,10317,10317:8e6d5660e04b428afe96bc9b82f94ffbde8b593ec7e7a39e6d802ccde219bc29f29c18ff10e18b4c6a067ce34878d5cc2b0addc2b1e539d565c014f00b4d3452,unknown,head,20260907,0,40.70058040728239,37.82128479767957,42.08955547778067
1841.P16544,20,1841,1841:CUB051,male,hand,20260907,0,25.18435120059359,28.843111315767565,24.20207654243451
10317.000003410,49,10317,10317:d1910a1a76a8f78681bcb07a5bd97d35113c3770a82cd58a4cc41bbd0f24a54931c4699e445992cd3590ec9d1ae2db92ad3f118ade23b3ab902226bfb6b6915f,male,head,20260907,0,42.51678304385714,45.13091568055569,45.384371923707356
1841.P16543,21,1841,1841:CUB020,female,hand,20260907,0,22.397428333501587,30.09842802595482,26.458613304229246
1841.P16542,20,1841,1841:CUB008,male,hand,20260907,0,25.18435120059359,23.255549242424237,22.182730613396977
1841.F06552,21,1841,1841:CUB044,male,head,20260907,0,25.058898402391442,22.601995539183036,19.917401155451255
1841.F06555,20,1841,1841:CUB051,male,head,20260907,0,25.058898402391442,25.41094322344323,22.898143363636425
1841.F06559,21,1841,1841:CUB044,male,head,20260907,0,25.058898402391442,29.615026684706486,19.5567659225085
1841.F06232,25,1841,1841:NAU157,male,head,20260907,0,25.058898402391442,23.38799431527254,18.887734042097676
1841.F06233,26,1841,1841:NAU146,female,head,20260907,0,22.30432291005156,26.037171041113815,24.475818433421168
2010.2215,23,2010,2010:31,female,head,20260907,0,27.27915981320906,36.25990270115884,25.708165472498706
1841.F06498,20,1841,1841:CUB010,female,head,20260907,0,22.30432291005156,23.991313089994158,23.363562454380244
1841.F06499,20,1841,1841:CUB008,male,head,20260907,0,25.058898402391442,22.938023521187713,20.705943093365374
1841.F05145,20,1841,1841:NAU115,male,head,20260907,0,25.058898402391442,23.377872353341104,20.187634347373987
10317.000005219,40,10317,10317:1d0709acc0c4aa263f168023a3a96ba1e15b95b6c4da81b87f5ddab0fd7d047df0459ece7e25369bc5583a334c204f19a8ed16ff150ddaef72703a971dafa3b9,male,hand,20260907,0,43.03455138178261,39.66960817058346,42.5218864157484
10317.000049828,37,10317,10317:810a1cfb40a1b8da310e777113e7a6fa79ef435b2348c768e4213fd5c5dc7e3b2dfebad107eeb75d35a31c7a30a00b8e06c8bf1e32f03c95301328ac8be56fbf,male,head,20260907,0,42.51678304385714,44.65025344315853,45.134822625644766
1841.P15325,20,1841,1841:NCS210,female,hand,20260907,0,22.397428333501587,25.52378577946012,26.119762306369164
1841.F05050,20,1841,1841:NCS210,female,head,20260907,0,22.30432291005156,24.359867474233276,22.864785690206766
1841.F05507,25,1841,1841:NAU157,male,head,20260907,0,25.058898402391442,25.69185851485769,21.61299318247083
1841.F05505,20,1841,1841:NAU115,male,head,20260907,0,25.058898402391442,22.917657516095023,19.788592356331545
10317.000015976,66,10317,10317:414c5f35ed69875718a4e654e86d9ae09236801e1b9600a2d4851f548bd46eec37144f9d5a5816365a76c4dcc4550e15afddf35bb18d7f072fece2fae39cd58b,male,head,20260907,0,42.51678304385714,47.6022184500943,48.359549679885305
1841.F06575,21,1841,1841:CUB044,male,head,20260907,0,25.058898402391442,24.808409252694766,21.66718701466007
1841.F05086,23,1841,1841:NCS244,female,head,20260907,0,22.30432291005156,22.80125512508325,22.391227949553056
1841.P15528,20,1841,1841:NAU141,female,hand,20260907,0,22.397428333501587,25.947807612973072,28.497103824043094
1841.F05554,21,1841,1841:NAU140,female,head,20260907,0,22.30432291005156,25.042967747632265,23.147655120615266
1841.F05881,25,1841,1841:NAU157,male,head,20260907,0,25.058898402391442,23.664315508139524,19.86576755427672
10317.000003105,30,10317,10317:5917a22ca19367d0c27accc713d8781a073c9c1934d011ac6932648afb15315a7093a032134132de091a4406951dc0cf1616e1458c99936fe5356f19385255c0,male,head,20260907,0,42.51678304385714,42.24167492358215,42.89111838421929
10317.000068781,27,10317,10317:81381621a969782bdf9c1f120f5b0aff5f61963b498785f38baad9308e26b0be6260f7823e90d20fd377699c2619a523364a2456157fdbfffc70dd29d0b09941,male,hand,20260907,0,43.03455138178261,38.35059446286642,39.638340859872926
1841.F06212,20,1841,1841:NAU115,male,head,20260907,0,25.058898402391442,24.625630128046073,21.027240095646558
10317.000068986,34,10317,10317:39f71cf33f09de164d937b070afbdb0ae6316326fe838edc8aeebb9c941d1edd0c4b841e5e1b5c435cf9310595d4cb9a17a4d2777234628da9e9e7e1cc78e36f,male,hand,20260907,0,43.03455138178261,37.46409873888426,34.42980866095924
10317.000002497,37,10317,10317:247ebb14f6dfcf8839f209aeb66c1f16f579162fc35aab08f18db6328b9ebbe7785cbc9394ed8d5c92ea65a93f9129469fbd86e96009e7e4f2ac54540bbf9d4f,male,head,20260907,0,42.51678304385714,41.31375075762767,42.60038746678599
2010.2027,34,2010,2010:25,female,head,20260907,0,27.27915981320906,33.83293524630413,27.36406881532236
1841.P16579,21,1841,1841:CUB044,male,hand,20260907,0,25.18435120059359,23.987831630175393,23.231930705521066
10317.000063327,36,10317,10317:5cac11f98d016720bf90c511d008405a6bd9d9a9f5d68939414a0cad29cedd0b2aba4673b7615fc76fb17b76523634ebb166e93c77804249ebc70ba37d6de287,female,hand,20260907,0,49.64699133136904,34.31698322026496,37.390673785898315
10317.000063320,36,10317,10317:5cac11f98d016720bf90c511d008405a6bd9d9a9f5d68939414a0cad29cedd0b2aba4673b7615fc76fb17b76523634ebb166e93c77804249ebc70ba37d6de287,female,head,20260907,0,47.893127921419435,35.06750871329699,38.67696759375027
1841.P15504,20,1841,1841:CUB010,female,hand,20260907,0,22.397428333501587,24.289555739909602,24.815431814835378
1841.P15506,20,1841,1841:NAU115,male,hand,20260907,0,25.18435120059359,24.569934284465536,22.43200390187545
1841.F05536,28,1841,1841:NAU103,female,head,20260907,0,22.30432291005156,24.85671149256989,22.801883504073203
1841.F05531,20,1841,1841:NAU141,female,head,20260907,0,22.30432291005156,24.39902266804722,23.321001645258995
1841.F05656,21,1841,1841:CUB044,male,head,20260907,0,25.058898402391442,29.14202501625804,19.92886469063101
1841.P16085,20,1841,1841:NAU115,male,hand,20260907,0,25.18435120059359,22.72124282059316,22.21714274903136
1841.P16000,21,1841,1841:CUB029,male,hand,20260907,0,25.18435120059359,23.755468849981717,21.831818799237013
1841.P16475,23,1841,1841:NCS244,female,hand,20260907,0,22.397428333501587,22.009989628427135,23.75718218262423
1841.F06543,20,1841,1841:CUB010,female,head,20260907,0,22.30432291005156,22.67041963245088,23.097036971492297
1841.F06533,20,1841,1841:CUB008,male,head,20260907,0,25.058898402391442,23.527413385225888,20.921324222070336
10317.000008202,47,10317,10317:7cc5c069db6eab6ca70adb3c38c792d60541ae6bc238d37452ba179cd855f4eef887ff1ee7a82c8e3ed38d80f5ec6216acf1971f02f4a9426720ed8515710296,male,head,20260907,0,42.51678304385714,46.18008473727811,44.373972917907054
10317.000009107,36,10317,10317:537aafb62a3a3b2aaa192863f0b56d8fa9e292bcf83e78ffff10ffa372470a7d9db35cb40b3e2ab58fbc446c04a2e5b7b934e0feab0f0dce92c02f9e59476330,male,head,20260907,0,42.51678304385714,39.667346546701665,40.45821405620315
1841.P15957,20,1841,1841:CUB010,female,hand,20260907,0,22.397428333501587,22.89450984779109,24.266756900175874
1841.P15954,20,1841,1841:CUB008,male,hand,20260907,0,25.18435120059359,25.001667132397834,24.295888555658333
1841.P15959,21,1841,1841:CUB029,male,hand,20260907,0,25.18435120059359,24.744809020475138,25.869914616282497
1841.F06093,23,1841,1841:NCS244,female,head,20260907,0,22.30432291005156,23.435925064975216,22.85576379133728
1841.P16321,25,1841,1841:NAU157,male,hand,20260907,0,25.18435120059359,23.249261329405243,20.578045717303024
1841.P15682,20,1841,1841:CUB051,male,hand,20260907,0,25.18435120059359,30.37787380205579,23.394060185758153
1841.P15090,20,1841,1841:CUB008,male,hand,20260907,0,25.18435120059359,23.79209500568876,22.848815187851365
1841.P15540,28,1841,1841:NAU103,female,hand,20260907,0,22.397428333501587,26.33703631438007,25.37213866828134
10317.000029487,62,10317,10317:1c1b943df02cc46512abc94ff23e6a911e98427d63e06b7083bbfc52367f051a310a8bc2a0c971a6302a5550414d984988f69258ecf789af12a5f5e19514d5cf,male,head,20260907,0,42.51678304385714,41.91124328456378,44.03160090488776
10317.000015222,53,10317,10317:ee6b0199d11ab9c50774b9e56abce9e5b0601741d7922866f57f5c638ca8cf822c2cfa394a8707365a589b0a6368c20df23f66a6c845f66e662b0742e5937eb4,male,hand,20260907,0,43.03455138178261,44.311329476197855,46.55573262486994
10317.000015221,53,10317,10317:ee6b0199d11ab9c50774b9e56abce9e5b0601741d7922866f57f5c638ca8cf822c2cfa394a8707365a589b0a6368c20df23f66a6c845f66e662b0742e5937eb4,male,head,20260907,0,42.51678304385714,46.273533216863385,46.850538624476535
1841.P15934,21,1841,1841:CUB029,male,hand,20260907,0,25.18435120059359,23.87176153299315,22.05194184972168
1841.F05639,20,1841,1841:CUB008,male,head,20260907,0,25.058898402391442,23.68002434146735,20.336944754557994
10317.000006732,55,10317,10317:ed020761c7ba4f7a64f3ebf12adc7f8dad56d9bd7b209c08e63fb95be9af9360fa3cebe2bcedac211a2b46ffd9478544970ca36098a278521a67c91e153cdc45,female,head,20260907,0,47.893127921419435,37.67693199856168,43.03167696347772
1841.F05232,25,1841,1841:NAU157,male,head,20260907,0,25.058898402391442,28.671754563546035,20.030222279214
1841.P16306,20,1841,1841:NAU115,male,hand,20260907,0,25.18435120059359,23.53185928042546,22.071346975927394
1841.F05101,28,1841,1841:NAU103,female,head,20260907,0,22.30432291005156,28.226882629213698,23.576781175533807
1841.F05008,20,1841,1841:NCS210,female,head,20260907,0,22.30432291005156,23.23790464743589,22.13366770294894
1841.F05009,20,1841,1841:NCS210,female,head,20260907,0,22.30432291005156,28.646811544256394,24.6493914647758
1841.P16173,25,1841,1841:NAU157,male,hand,20260907,0,25.18435120059359,32.07347211871909,30.733578097344303
1841.P16177,28,1841,1841:NAU103,female,hand,20260907,0,22.397428333501587,29.988931316113018,23.520352080699112
1841.F05430,20,1841,1841:NAU115,male,head,20260907,0,25.058898402391442,23.649322187208213,21.359654094188226
10317.000063243,31,10317,10317:9a6b1d64174bf2de76973d430737df42a6c1d222167a33cad37332ade7aaba03e2f1fd87dd65c5bda2ab171d6373490fa6395929f8ff33c6d5acdec0d7035388,male,hand,20260907,0,43.03455138178261,36.79776382842761,41.018764970640056
1841.P15912,20,1841,1841:CUB051,male,hand,20260907,0,25.18435120059359,28.307794862134756,23.128615822245322
2010.2318,23,2010,2010:31,female,head,20260907,0,27.27915981320906,27.177655635914626,25.835728339400585
1841.P15953,20,1841,1841:CUB008,male,hand,20260907,0,25.18435120059359,23.452507009620497,22.73712696142979
10317.000009079,24,10317,10317:78d12b80b1c72aca05eb432fc60c9d17e9d26e9976af5f011f95b27013837975271da44deb87ae11ab5d17f776090675276d08a78b15a8ad0920edeb6e7b75b0,male,head,20260907,0,42.51678304385714,40.90455224410128,41.2444666955916
1841.P15775,20,1841,1841:NAU115,male,hand,20260907,0,25.18435120059359,23.87978017295205,23.658114656958567
1841.F05211,28,1841,1841:NAU103,female,head,20260907,0,22.30432291005156,26.584323317452668,22.5823937728687
1841.P16362,20,1841,1841:NAU115,male,hand,20260907,0,25.18435120059359,23.140608488733488,21.795132669221296
1841.P16589,21,1841,1841:CUB044,male,hand,20260907,0,25.18435120059359,23.363536966505727,22.673328429023254
1841.F06354,20,1841,1841:CUB051,male,head,20260907,0,25.058898402391442,26.265564495757513,21.194385665567392
1841.F06598,20,1841,1841:CUB010,female,head,20260907,0,22.30432291005156,23.50883906024531,23.773322266232036
1841.P15058,20,1841,1841:CUB051,male,hand,20260907,0,25.18435120059359,26.5801480724137,21.733210017732038
1841.P15053,20,1841,1841:CUB008,male,hand,20260907,0,25.18435120059359,23.08637001680273,21.29474572402316
10317.000051534,32,10317,10317:e6e5e53d1a49b2c6511917e62c6123eb734a4571e659825bd125323520a41405bcfee1e3c00e87a30d6cc80dd238a6b93e170970d11ec86eafa0326cdd2dcc04,male,head,20260907,0,42.51678304385714,45.28718617646119,47.748603479365606
1841.F06331,21,1841,1841:CUB029,male,head,20260907,0,25.058898402391442,23.50943024126824,21.73877641070218
1841.F06339,20,1841,1841:CUB010,female,head,20260907,0,22.30432291005156,23.051807335842266,22.783758212629728
1841.P15589,28,1841,1841:NAU103,female,hand,20260907,0,22.397428333501587,25.54437757401912,23.34557293707988
1841.P15556,21,1841,1841:CUB044,male,hand,20260907,0,25.18435120059359,30.54523388552942,24.41436800480565
1841.F06102,20,1841,1841:CUB008,male,head,20260907,0,25.058898402391442,23.99192522489765,20.610526425578172
1841.F06106,21,1841,1841:CUB044,male,head,20260907,0,25.058898402391442,24.16901069977817,20.441401781173788
1841.P15072,20,1841,1841:CUB008,male,hand,20260907,0,25.18435120059359,23.93128024669796,23.54660977187254
1841.F06312,20,1841,1841:CUB051,male,head,20260907,0,25.058898402391442,27.067690233071666,22.226203688621172
1841.P15250,20,1841,1841:CUB010,female,hand,20260907,0,22.397428333501587,25.38009349676185,24.394999062457945
1841.P15251,21,1841,1841:CUB044,male,hand,20260907,0,25.18435120059359,31.27075663058031,24.157886279836042
1841.P15253,21,1841,1841:CUB029,male,hand,20260907,0,25.18435120059359,23.99134482289166,22.81259806196557
1841.F05041,23,1841,1841:NCS244,female,head,20260907,0,22.30432291005156,22.363140331890325,22.226680012214967
1841.F05046,20,1841,1841:NCS210,female,head,20260907,0,22.30432291005156,24.941307773109237,22.235787410188188
1841.F06377,21,1841,1841:CUB044,male,head,20260907,0,25.058898402391442,24.570294549200806,18.635285907303846
10317.000049733,36,10317,10317:79bbc1c5c663e0434d917d65535beeb68d902da75556dbb9bc561129718387ed15c630d65f4716cbeb02ed871a1e5044d2cd04da381361681f4a0793ca85598d,male,hand,20260907,0,43.03455138178261,40.86455248657123,45.676345571717505
10317.000049732,36,10317,10317:79bbc1c5c663e0434d917d65535beeb68d902da75556dbb9bc561129718387ed15c630d65f4716cbeb02ed871a1e5044d2cd04da381361681f4a0793ca85598d,male,hand,20260907,0,43.03455138178261,44.19207534241204,48.26952867666685
1841.F06372,20,1841,1841:CUB010,female,head,20260907,0,22.30432291005156,28.17032054734696,22.112958393197196
1841.P15604,21,1841,1841:CUB044,male,hand,20260907,0,25.18435120059359,23.90898535296295,23.491354761273037
1841.P15237,20,1841,1841:CUB008,male,hand,20260907,0,25.18435120059359,26.68481107434233,22.926006871353948
1841.P15942,21,1841,1841:CUB029,male,hand,20260907,0,25.18435120059359,22.575642329023488,21.139209488713817
10317.000048954,40,10317,10317:1044942a7b8a90539218b4698c4b9c3fcdfa273fbbaae3fd79cc45fa05997f6e566261c304f4eb18014b4d7f09e95259f47b9afe6b589a6d2fabfacc7e2a09b7,male,head,20260907,0,42.51678304385714,38.115709565460364,41.46407133648835
10317.000048956,40,10317,10317:1044942a7b8a90539218b4698c4b9c3fcdfa273fbbaae3fd79cc45fa05997f6e566261c304f4eb18014b4d7f09e95259f47b9afe6b589a6d2fabfacc7e2a09b7,male,hand,20260907,0,43.03455138178261,39.51583571393432,43.01527606639311
10317.000048957,40,10317,10317:1044942a7b8a90539218b4698c4b9c3fcdfa273fbbaae3fd79cc45fa05997f6e566261c304f4eb18014b4d7f09e95259f47b9afe6b589a6d2fabfacc7e2a09b7,male,hand,20260907,0,43.03455138178261,42.153564465391675,43.125764055713006
1841.P16072,28,1841,1841:NAU103,female,hand,20260907,0,22.397428333501587,25.421239308936688,26.005572344328673
1841.P16078,25,1841,1841:NAU157,male,hand,20260907,0,25.18435120059359,28.207299436674436,24.80398625253726
1841.P15031,21,1841,1841:CUB044,male,hand,20260907,0,25.18435120059359,24.474138951326452,23.561891863803737
1841.P15032,20,1841,1841:CUB008,male,hand,20260907,0,25.18435120059359,24.425078509113426,22.445691839418163
1841.F06421,21,1841,1841:CUB029,male,head,20260907,0,25.058898402391442,24.13322799188149,21.544073201517627
1841.F06428,20,1841,1841:CUB008,male,head,20260907,0,25.058898402391442,23.59560593919969,20.499181517043596
1841.F05191,26,1841,1841:NAU146,female,head,20260907,0,22.30432291005156,25.3690676289867,22.929684713165905
1841.F05447,25,1841,1841:NAU157,male,head,20260907,0,25.058898402391442,29.888878068883876,21.865469596456403
10317.000041369,42,10317,10317:c9f8653bd4ebdf70f189788ed1bc962f7b89716eac15b10fba77e815cba9483cbb0ce452ea8acd0cd27b17a9a599ec7023e375a67fa1551bb8a70af168495dd3,male,head,20260907,0,42.51678304385714,39.833352882048295,41.77057564795595
1841.P15993,21,1841,1841:CUB044,male,hand,20260907,0,25.18435120059359,26.74289653055278,20.8113665973471
1841.F05294,25,1841,1841:NAU157,male,head,20260907,0,25.058898402391442,27.307671692335067,21.277797317178237
1841.F05064,23,1841,1841:NCS244,female,head,20260907,0,22.30432291005156,23.86344317498269,23.493063779038728
1841.F05876,25,1841,1841:NAU157,male,head,20260907,0,25.058898402391442,24.628369083024246,19.937478588226398
1841.F05871,28,1841,1841:NAU103,female,head,20260907,0,22.30432291005156,26.463853204944723,23.90806219938321
1841.P16503,20,1841,1841:NCS210,female,hand,20260907,0,22.397428333501587,23.980696438977695,25.36846062016918
1841.P16502,20,1841,1841:NCS210,female,hand,20260907,0,22.397428333501587,25.95931591925763,25.816244944734127
10317.000030149,27,10317,10317:1a5e088d33b2528cfe40203fda9bfcd0dc35268782b9d69c13311dd8036aba48919cd2bc59d125b4622ddb34b727a0f4ee6ab054d9cba2d3fd100fcbe69d7a21,female,head,20260907,0,47.893127921419435,39.86561908979789,46.27654444243231
1841.F06409,21,1841,1841:CUB029,male,head,20260907,0,25.058898402391442,22.502306721258396,20.831637612811388
1841.P16196,26,1841,1841:NAU146,female,hand,20260907,0,22.397428333501587,28.97622838966587,26.70875581708311
1841.P16194,26,1841,1841:NAU146,female,hand,20260907,0,22.397428333501587,27.322045780340837,27.017434193445073
1841.P16449,20,1841,1841:NCS210,female,hand,20260907,0,22.397428333501587,27.327789732224467,25.399556364175655
1841.P16447,20,1841,1841:NCS210,female,hand,20260907,0,22.397428333501587,26.385260995812466,25.103555626616338
10317.000015223,53,10317,10317:ee6b0199d11ab9c50774b9e56abce9e5b0601741d7922866f57f5c638ca8cf822c2cfa394a8707365a589b0a6368c20df23f66a6c845f66e662b0742e5937eb4,male,hand,20260907,0,43.03455138178261,47.11613934301778,50.24059224310304
1841.F05817,20,1841,1841:NAU115,male,head,20260907,0,25.058898402391442,23.385511231007563,20.414608652576824
1841.F06353,21,1841,1841:CUB029,male,head,20260907,0,25.058898402391442,23.50372537185038,21.65719453639284
1841.F06352,20,1841,1841:CUB008,male,head,20260907,0,25.058898402391442,22.25674603174604,20.234787946511847
1841.F06356,20,1841,1841:CUB008,male,head,20260907,0,25.058898402391442,23.420119134337888,20.905935845148104
1841.F06394,21,1841,1841:CUB029,male,head,20260907,0,25.058898402391442,24.71580390386074,19.694194266115773
1841.F06462,20,1841,1841:CUB051,male,head,20260907,0,25.058898402391442,25.386361543549036,23.095604126283625
10317.000002610,56,10317,10317:dd3fbf0f2c96e9182d8538806757f0f2102c6124dfeb04c9fa449391b445968553d59114033b794df4532c7b77765fba1b12c00969628c268640fc23848b7978,female,head,20260907,0,47.893127921419435,44.0935927140642,46.943064702299964
1841.P15614,21,1841,1841:CUB044,male,hand,20260907,0,25.18435120059359,26.920734356104425,23.833919424158236
1841.F05957,18,1841,1841:NCS221,female,head,20260907,0,22.30432291005156,27.186125276662388,24.30612456681251
1841.F05660,20,1841,1841:CUB008,male,head,20260907,0,25.058898402391442,25.285849557735702,21.736494949102173
1841.F05830,26,1841,1841:NAU146,female,head,20260907,0,22.30432291005156,27.794388148293912,24.303607802846315
1841.F05836,28,1841,1841:NAU103,female,head,20260907,0,22.30432291005156,28.414616960347654,23.122447981460407
1841.P16013,26,1841,1841:NAU146,female,hand,20260907,0,22.397428333501587,30.917283107517495,27.58149137478955
10317.000028937,50,10317,10317:4cd17ea33fe6b5736aded648ee2e6f2a14b3d6cfdc57435287f768540fd8a367a68d60e2f6cfbacb0a70e046163d74ba126bb1261c5a2fcd5f87bfd14bb4c7ae,female,head,20260907,0,47.893127921419435,47.670682452824614,50.04198352114652
10317.000015978,66,10317,10317:414c5f35ed69875718a4e654e86d9ae09236801e1b9600a2d4851f548bd46eec37144f9d5a5816365a76c4dcc4550e15afddf35bb18d7f072fece2fae39cd58b,male,hand,20260907,0,43.03455138178261,46.997511386302534,47.484691936988334
1841.F06445,21,1841,1841:CUB044,male,head,20260907,0,25.058898402391442,25.015984298982744,21.588105358273854
10317.000015303,33,10317,10317:d440c033fc5b44bb83e8b5a7794daa4c8e7b24424bcd393f8e6a21ecc3792e9ddfa02679b7eb856a026af5426b34eb4083a5d61d8a1e5ffe59abee1fc9264b37,male,head,20260907,0,42.51678304385714,36.337285749292754,38.672467359731726
10317.000015302,33,10317,10317:d440c033fc5b44bb83e8b5a7794daa4c8e7b24424bcd393f8e6a21ecc3792e9ddfa02679b7eb856a026af5426b34eb4083a5d61d8a1e5ffe59abee1fc9264b37,male,hand,20260907,0,43.03455138178261,38.466919685590604,40.795490858043436
10317.000015301,33,10317,10317:d440c033fc5b44bb83e8b5a7794daa4c8e7b24424bcd393f8e6a21ecc3792e9ddfa02679b7eb856a026af5426b34eb4083a5d61d8a1e5ffe59abee1fc9264b37,male,hand,20260907,0,43.03455138178261,37.32480367104255,41.79217052381681
1841.P15105,18,1841,1841:NCS221,female,hand,20260907,0,22.397428333501587,25.989477451164042,25.67115798018962
10317.000007034,43,10317,10317:24db95a0fff05317ac8b5599cf1761f34d17a8c471ebd2076362229133486e3aacd033d8185a95ec741839e8194f0f1ea58128c7c0ff69e8f994f15d4f5e3f1d,male,head,20260907,0,42.51678304385714,43.136116805230536,43.55159709355109
10317.000005431,36,10317,10317:ca094c456996ab8a9ad0f33489c86fed9f280451a6cc84da275911ae7897e6bad66f0f5976a12854a9da9b8e65cc31dc6c689b846ae257ca5841dd6d1296e0ec,unknown,hand,20260907,0,46.3608073096528,44.562446784854515,43.451908618023715
10317.000005430,36,10317,10317:ca094c456996ab8a9ad0f33489c86fed9f280451a6cc84da275911ae7897e6bad66f0f5976a12854a9da9b8e65cc31dc6c689b846ae257ca5841dd6d1296e0ec,unknown,hand,20260907,0,46.3608073096528,42.432068512047564,45.442496557619435
10317.000005432,36,10317,10317:ca094c456996ab8a9ad0f33489c86fed9f280451a6cc84da275911ae7897e6bad66f0f5976a12854a9da9b8e65cc31dc6c689b846ae257ca5841dd6d1296e0ec,unknown,head,20260907,0,40.70058040728239,42.423610621951084,41.926093943024796
1841.F06557,20,1841,1841:CUB010,female,head,20260907,0,22.30432291005156,24.727242082876273,22.299096303834364
1841.F06004,20,1841,1841:NCS210,female,head,20260907,0,22.30432291005156,24.611983397525684,23.022081311631982
1841.F05361,24,1841,1841:NCS245,female,head,20260907,0,22.30432291005156,25.755192855390227,24.180943895146203
1841.F06485,20,1841,1841:CUB008,male,head,20260907,0,25.058898402391442,22.84888167246224,21.106302937535606
1841.P16561,21,1841,1841:CUB044,male,hand,20260907,0,25.18435120059359,25.41489148310841,23.514722924166637
10317.000002874,72,10317,10317:9b31e31bf0d472e6a54940cdb8e6b0d019f0fb7b65bd335d54bd01c9fab69bd4d1dc62daf2e3866ab5fbff6c481867676633b204ea04a415899d3087ff6041b9,male,hand,20260907,0,43.03455138178261,39.068220465487826,42.63871259401861
1841.F05117,26,1841,1841:NAU146,female,head,20260907,0,22.30432291005156,24.6660520920965,23.081984369164182
10317.000049825,38,10317,10317:810a1cfb40a1b8da310e777113e7a6fa79ef435b2348c768e4213fd5c5dc7e3b2dfebad107eeb75d35a31c7a30a00b8e06c8bf1e32f03c95301328ac8be56fbf,male,hand,20260907,0,43.03455138178261,44.59221168193477,43.057572007921
1841.F05569,20,1841,1841:NAU115,male,head,20260907,0,25.058898402391442,23.090283718018085,19.27116356406384
1841.F06437,21,1841,1841:CUB044,male,head,20260907,0,25.058898402391442,26.434110119894683,21.230048969333716
10317.000049807,66,10317,10317:4863e557347469643abb13187a4c07e6d82a136b7e8ada704bcc1c6ea30fc2961e36855c2dfe883650d88cef48ae1161802be7c3b874b5f003569b1f51adc309,female,hand,20260907,0,49.64699133136904,43.59991119633251,49.26792087479576
1841.P15377,23,1841,1841:NCS244,female,hand,20260907,0,22.397428333501587,24.58609663910651,25.534905508259193
1841.F05177,26,1841,1841:NAU146,female,head,20260907,0,22.30432291005156,26.848162640056024,26.374116048231432
1841.F05170,25,1841,1841:NAU157,male,head,20260907,0,25.058898402391442,27.05089307895809,21.32696697941996
1841.F06012,23,1841,1841:NCS244,female,head,20260907,0,22.30432291005156,24.627447864635364,23.41519370657535
1841.F06545,20,1841,1841:CUB051,male,head,20260907,0,25.058898402391442,25.380137284080305,22.179196337530836
10317.000005167,60,10317,10317:c05d316c7a234de92fd6181929f128efb782363ffe6c343358fc3ab402b473dbf8a8138a22044ea3b02099711ecfa77358776132a3ed110a1b2153eeb178378a,male,head,20260907,0,42.51678304385714,45.100881743640784,46.24714570018165
10317.000005166,60,10317,10317:c05d316c7a234de92fd6181929f128efb782363ffe6c343358fc3ab402b473dbf8a8138a22044ea3b02099711ecfa77358776132a3ed110a1b2153eeb178378a,male,hand,20260907,0,43.03455138178261,47.50554229960223,49.610405227871176
10317.000005165,60,10317,10317:c05d316c7a234de92fd6181929f128efb782363ffe6c343358fc3ab402b473dbf8a8138a22044ea3b02099711ecfa77358776132a3ed110a1b2153eeb178378a,male,hand,20260907,0,43.03455138178261,51.00931738886278,51.313004197857474
1841.F05542,21,1841,1841:CUB044,male,head,20260907,0,25.058898402391442,24.374189961171883,20.244373519717346
1841.P15537,20,1841,1841:NAU115,male,hand,20260907,0,25.18435120059359,23.417767204116153,21.058244522921864
1841.F05896,26,1841,1841:NAU146,female,head,20260907,0,22.30432291005156,24.286263403279268,24.15642145151903
1841.F06208,25,1841,1841:NAU157,male,head,20260907,0,25.058898402391442,27.69495266885891,22.141704276341038
1841.P16394,28,1841,1841:NAU103,female,hand,20260907,0,22.397428333501587,24.913536999261364,23.144614907742678
2010.2244,23,2010,2010:31,female,head,20260907,0,27.27915981320906,39.987810073748086,29.823499713231016
1841.P15513,25,1841,1841:NAU157,male,hand,20260907,0,25.18435120059359,31.074889042602432,23.443992839278042
1841.F05523,20,1841,1841:NAU115,male,head,20260907,0,25.058898402391442,26.59516372516372,21.782151724511625
1841.P15727,25,1841,1841:NAU157,male,hand,20260907,0,25.18435120059359,29.092150314373537,22.32001548224872
2010.2380,23,2010,2010:31,female,head,20260907,0,27.27915981320906,28.626398066540805,26.176386853235353
10317.000005221,40,10317,10317:1d0709acc0c4aa263f168023a3a96ba1e15b95b6c4da81b87f5ddab0fd7d047df0459ece7e25369bc5583a334c204f19a8ed16ff150ddaef72703a971dafa3b9,male,hand,20260907,0,43.03455138178261,41.15824704858241,41.85783906427123
10317.000005222,40,10317,10317:1d0709acc0c4aa263f168023a3a96ba1e15b95b6c4da81b87f5ddab0fd7d047df0459ece7e25369bc5583a334c204f19a8ed16ff150ddaef72703a971dafa3b9,male,head,20260907,0,42.51678304385714,42.556664944062014,42.403476800878295
1841.P16406,23,1841,1841:NCS244,female,hand,20260907,0,22.397428333501587,23.14114270227322,24.641595036368436
1841.F06505,20,1841,1841:CUB010,female,head,20260907,0,22.30432291005156,23.482303373709623,22.877943437509114
1841.P15570,20,1841,1841:NAU115,male,hand,20260907,0,25.18435120059359,25.2103946631767,23.163674274130535
1841.P15963,20,1841,1841:CUB010,female,hand,20260907,0,22.397428333501587,24.801432947587834,24.408256546421974
1841.P15965,21,1841,1841:CUB029,male,hand,20260907,0,25.18435120059359,24.124071902099228,24.24464352640865
1841.P15969,20,1841,1841:CUB051,male,hand,20260907,0,25.18435120059359,36.37176396091785,25.473868894651343
10317.000015064,71,10317,10317:6cd87aca8624e2efe119e5484586386f10cb61ed4a7920dd13cefe68783228eafa46cdc995f2272c25a121fc11cdb971265f86ad6cd99e0d151e6744a5db135c,female,head,20260907,0,47.893127921419435,46.045881865541006,49.02991704695018
10317.000015061,71,10317,10317:6cd87aca8624e2efe119e5484586386f10cb61ed4a7920dd13cefe68783228eafa46cdc995f2272c25a121fc11cdb971265f86ad6cd99e0d151e6744a5db135c,female,hand,20260907,0,49.64699133136904,45.274090758467715,49.333953957385035
10317.000015062,71,10317,10317:6cd87aca8624e2efe119e5484586386f10cb61ed4a7920dd13cefe68783228eafa46cdc995f2272c25a121fc11cdb971265f86ad6cd99e0d151e6744a5db135c,female,hand,20260907,0,49.64699133136904,48.31728589174951,50.46781946437445
1841.F05267,26,1841,1841:NAU146,female,head,20260907,0,22.30432291005156,24.819561152480542,22.39228708674145
1841.F05894,20,1841,1841:NAU115,male,head,20260907,0,25.058898402391442,22.770535523504268,19.244282539519887
1841.P16545,20,1841,1841:CUB051,male,hand,20260907,0,25.18435120059359,26.0422851199046,23.12738084653663
1841.P15080,20,1841,1841:CUB010,female,hand,20260907,0,22.397428333501587,22.894786922503116,23.747628930139562
2010.2294,23,2010,2010:31,female,head,20260907,0,27.27915981320906,27.51780624510195,25.917817268505196
1841.P15413,20,1841,1841:NCS210,female,hand,20260907,0,22.397428333501587,25.191399526148935,25.344382392118966
1841.P15948,20,1841,1841:CUB008,male,hand,20260907,0,25.18435120059359,22.931130163239537,21.472145056399057
1841.P15764,28,1841,1841:NAU103,female,hand,20260907,0,22.397428333501587,27.71105352853447,23.31084630457602
1841.F06263,25,1841,1841:NAU157,male,head,20260907,0,25.058898402391442,29.611231124532292,20.13631485799971
1841.F05247,28,1841,1841:NAU103,female,head,20260907,0,22.30432291005156,29.790055499293015,23.62324888593629
1841.P16332,25,1841,1841:NAU157,male,hand,20260907,0,25.18435120059359,27.822554098861666,25.053887085618438
1841.F05469,28,1841,1841:NAU103,female,head,20260907,0,22.30432291005156,27.327126196870307,24.088262517521535
10317.000033105,37,10317,10317:d0877d5558ae6f23aaebeb97d4f2a1816b79dbb8359440bb51b3f59ad2316a7771768fe5cddd4ede663af3eb0a7e38d2b521a40f417c3ea7bd1a63ed195e9e9c,male,head,20260907,0,42.51678304385714,41.05161471143209,41.25530716827641
10317.000063483,25,10317,10317:a7eb0dd2ec940ca9c3d8c905ee11b3f312886d2373352bf10804121fdb76ae9277a91ce4ea0f346e0c8b67c66e30cabba094db785b990ac67b6fa4ea8b65aeda,female,hand,20260907,0,49.64699133136904,31.99151987562447,38.02540238895298
10317.000015217,46,10317,10317:dd55969d0664a6b5a0188fc460aa56c9db31fb38d59b1bc6cab8778141628932862c52634d68f1f637d42f51131e7fa48bfb164ddc9f18e878a3cf6cc8bb0a20,female,hand,20260907,0,49.64699133136904,46.222252940839155,50.58605040039422
10317.000015216,46,10317,10317:dd55969d0664a6b5a0188fc460aa56c9db31fb38d59b1bc6cab8778141628932862c52634d68f1f637d42f51131e7fa48bfb164ddc9f18e878a3cf6cc8bb0a20,female,hand,20260907,0,49.64699133136904,46.02827774641534,49.900404400954294
10317.000015219,46,10317,10317:dd55969d0664a6b5a0188fc460aa56c9db31fb38d59b1bc6cab8778141628932862c52634d68f1f637d42f51131e7fa48bfb164ddc9f18e878a3cf6cc8bb0a20,female,head,20260907,0,47.893127921419435,47.579362609700325,47.92078932371245
1841.P16166,25,1841,1841:NAU157,male,hand,20260907,0,25.18435120059359,29.077550315074507,23.069299736439607
10317.000068763,34,10317,10317:64e4e987fbbcb4c2194cdd7c106261ec20cfbf2772d835c97eb6311237552ac6be0e79cdb6ed23e686e25afe5db5d7ca46016b14f6939798b7664d7af99914c7,male,head,20260907,0,42.51678304385714,38.458262261259904,39.910468084998385
1841.P16318,26,1841,1841:NAU146,female,hand,20260907,0,22.397428333501587,28.14301425593777,26.28553694781265
1841.P16319,26,1841,1841:NAU146,female,hand,20260907,0,22.397428333501587,27.719273936494556,25.472273412502044
1841.F06340,21,1841,1841:CUB029,male,head,20260907,0,25.058898402391442,22.89081494893995,20.545994243414857
1841.P15043,21,1841,1841:CUB044,male,hand,20260907,0,25.18435120059359,24.63703740795025,22.459330645031304
1841.P15269,21,1841,1841:CUB044,male,hand,20260907,0,25.18435120059359,29.654131990317318,23.98865347322596
10317.000068854,31,10317,10317:8d85619d1e25428067315418f5821569f94dd8cc697ce5e8952a81c8abc325ca2f69b743c1d3539e71093dc8dadc81905dc33874b12ef6d990d55c610bfb1eb3,male,hand,20260907,0,43.03455138178261,36.195642062099495,39.28439959122508
1841.P16092,26,1841,1841:NAU146,female,hand,20260907,0,22.397428333501587,26.46846135543914,24.657358280107488
1841.P16106,25,1841,1841:NAU157,male,hand,20260907,0,25.18435120059359,36.60889016547251,33.234426102943786
1841.P16100,26,1841,1841:NAU146,female,hand,20260907,0,22.397428333501587,23.235090899597484,24.137318895789953
1841.F06119,21,1841,1841:CUB044,male,head,20260907,0,25.058898402391442,23.83892924783549,21.49539183821115
10317.000063236,31,10317,10317:9a6b1d64174bf2de76973d430737df42a6c1d222167a33cad37332ade7aaba03e2f1fd87dd65c5bda2ab171d6373490fa6395929f8ff33c6d5acdec0d7035388,male,head,20260907,0,42.51678304385714,37.064434413740194,39.45742319568477
10317.000068847,30,10317,10317:8d85619d1e25428067315418f5821569f94dd8cc697ce5e8952a81c8abc325ca2f69b743c1d3539e71093dc8dadc81905dc33874b12ef6d990d55c610bfb1eb3,male,head,20260907,0,42.51678304385714,36.483847027596155,40.09642388768891
1841.P15907,20,1841,1841:CUB008,male,hand,20260907,0,25.18435120059359,24.18416369272068,22.383571011504845
1841.P15674,20,1841,1841:CUB008,male,hand,20260907,0,25.18435120059359,24.511681117890966,21.170567997456857
1841.F05206,26,1841,1841:NAU146,female,head,20260907,0,22.30432291005156,26.35047540133478,24.090461845895447
1841.P16378,20,1841,1841:NAU115,male,hand,20260907,0,25.18435120059359,23.43825588610951,21.971659988005765
1841.P16595,20,1841,1841:CUB010,female,hand,20260907,0,22.397428333501587,24.32421933968808,22.838791461192464
1841.F06015,20,1841,1841:NCS210,female,head,20260907,0,22.30432291005156,23.9040994162088,22.60209838073646
1841.F06582,21,1841,1841:CUB044,male,head,20260907,0,25.058898402391442,28.673736768531164,24.288103458430644
1841.P15244,20,1841,1841:CUB051,male,hand,20260907,0,25.18435120059359,30.405226310658293,22.78851689951351
1841.P15249,20,1841,1841:CUB008,male,hand,20260907,0,25.18435120059359,24.875581746906473,22.88020513252499
2010.2114,34,2010,2010:25,female,head,20260907,0,27.27915981320906,40.76459679298752,26.767140578942442
1841.P16129,25,1841,1841:NAU157,male,hand,20260907,0,25.18435120059359,33.66340281745123,26.023330591638455
1841.F05675,21,1841,1841:CUB029,male,head,20260907,0,25.058898402391442,26.009638208843178,21.87313469398676
1841.P15008,21,1841,1841:CUB029,male,hand,20260907,0,25.18435120059359,23.826115843919148,22.650896279958328
1841.F06305,20,1841,1841:CUB008,male,head,20260907,0,25.058898402391442,24.64571456308148,21.413802262893256
10317.000031099,55,10317,10317:c652f7d5d732f3e629d4d90cf706462d9f50414ad33c8efbe370e13cba2467159fd00b1af99fda0aaa19aab27b068e2d581735424ec0b886d2867320bad0e931,male,head,20260907,0,42.51678304385714,43.698703529465305,44.7186575388698
10317.000068770,34,10317,10317:64e4e987fbbcb4c2194cdd7c106261ec20cfbf2772d835c97eb6311237552ac6be0e79cdb6ed23e686e25afe5db5d7ca46016b14f6939798b7664d7af99914c7,male,hand,20260907,0,43.03455138178261,37.89690916263253,37.60425965296384
10317.000072315,42,10317,10317:0cded5ec882014d599e408a086631081c42e2f070234c9e90d7244cf5e39d7d4150b713faf80aed64afaf4dd8ff14b76e9e204f93500060792828269add5de56,female,head,20260907,0,47.893127921419435,41.91067538822929,47.21025049910745
1841.F05092,23,1841,1841:NCS244,female,head,20260907,0,22.30432291005156,22.55862293956045,22.14158798562478
10317.000079831,38,10317,10317:14023540704b6bc088ad4121fb1e4bb829db0af84dceeb6083083578533680a085ce6473901b2aa79e3843299e1ef69adfd4af41442ee2e3ba1981a43c5fea09,female,head,20260907,0,47.893127921419435,39.572745282650516,42.453565211015906
1841.P15342,20,1841,1841:NCS210,female,hand,20260907,0,22.397428333501587,26.71014847489111,25.85434376483703
10317.000049729,36,10317,10317:79bbc1c5c663e0434d917d65535beeb68d902da75556dbb9bc561129718387ed15c630d65f4716cbeb02ed871a1e5044d2cd04da381361681f4a0793ca85598d,male,head,20260907,0,42.51678304385714,43.334345480293024,44.46167173032641
1841.P15023,21,1841,1841:CUB029,male,hand,20260907,0,25.18435120059359,25.03959546367461,23.70841320381737
1841.P15022,20,1841,1841:CUB010,female,hand,20260907,0,22.397428333501587,23.379900637556897,24.15923503745649
1841.F06367,21,1841,1841:CUB029,male,head,20260907,0,25.058898402391442,24.833016246309594,20.91660529075557
1841.F06361,20,1841,1841:CUB008,male,head,20260907,0,25.058898402391442,22.988210400710393,19.950984100266176
1841.P15289,21,1841,1841:CUB029,male,hand,20260907,0,25.18435120059359,29.299942601714815,27.77720618401786
10317.000063476,25,10317,10317:a7eb0dd2ec940ca9c3d8c905ee11b3f312886d2373352bf10804121fdb76ae9277a91ce4ea0f346e0c8b67c66e30cabba094db785b990ac67b6fa4ea8b65aeda,female,head,20260907,0,47.893127921419435,35.699923980963675,36.8360292997881
1841.P16253,26,1841,1841:NAU146,female,hand,20260907,0,22.397428333501587,25.85159690136252,25.828729117707624
1841.P16257,25,1841,1841:NAU157,male,hand,20260907,0,25.18435120059359,27.78178847653922,22.521658040205754
1841.F06170,20,1841,1841:CUB008,male,head,20260907,0,25.058898402391442,23.447662649850137,21.382466294508646
1841.F06175,20,1841,1841:CUB051,male,head,20260907,0,25.058898402391442,24.400276172969193,22.006338431990855
10317.000027751,54,10317,10317:3f3189bfab92107b05a629ba1be6aad212c75b4525d50b0789f4272ba27b446de5cf079bf1c30b52182f0e4ded874c59bc8e41d483192937641083f6a37b6a67,female,head,20260907,0,47.893127921419435,43.485964861934974,47.41384213106756
1841.P15612,20,1841,1841:CUB008,male,hand,20260907,0,25.18435120059359,23.86983498476605,21.54721528606432
1841.P16552,21,1841,1841:CUB044,male,hand,20260907,0,25.18435120059359,25.466999745423657,20.35079465923439
1841.P16416,23,1841,1841:NCS244,female,hand,20260907,0,22.397428333501587,23.450370357787627,24.488203880681056
1841.P16348,28,1841,1841:NAU103,female,hand,20260907,0,22.397428333501587,29.60712079876141,26.565482225826955
10317.000013184,46,10317,10317:c1aeed7ec49ba28fab9705a2a7ef17c7dae7622554dfbffbae7e5be56e0b5ca0fba918409d646af5cd04454fb08cc22ab4f708b179204f985182cefea9e199bd,male,head,20260907,0,42.51678304385714,44.16000096130811,42.9634981459839
10317.000030487,69,10317,10317:08b8c7c89d71fbf3c7c45e4e838c5e9f6a9275be245ff743f08495d4e80cd9e519926d3080aa03f7db3b66c131808ba6bc500ce102040e341c7b930462457631,female,head,20260907,0,47.893127921419435,46.79056406618284,48.611840630507444
10317.000009059,50,10317,10317:d2b0d78183a7fb7003716446b4a9280723b3b3e47823c3e6d1a251d445558a0bbde902b411f4f4015c7f8faa15d573d3a103491eb53d1fb0ff68fedb2e2dd4d7,female,head,20260907,0,47.893127921419435,37.61667888770149,43.760000181573204
1841.F05476,25,1841,1841:NAU157,male,head,20260907,0,25.058898402391442,25.104161516480595,20.854233172098017
1841.P16181,28,1841,1841:NAU103,female,hand,20260907,0,22.397428333501587,28.277882855153308,26.132741720214756
1841.F05647,21,1841,1841:CUB044,male,head,20260907,0,25.058898402391442,23.902598038141775,21.386408391823625
10317.000036125,42,10317,10317:a1cd5635deef381a3388b606e82458a3d030c613a5d1605e912e298677c648fec4c0630fde5c78738c54d9c48767cbe35d882d96bb7fe8a5bb995fbff088cd25,female,head,20260907,0,47.893127921419435,44.23855908241486,45.28391214540897
1841.F05288,25,1841,1841:NAU157,male,head,20260907,0,25.058898402391442,25.82844956140888,19.408727711357887
1841.F05287,25,1841,1841:NAU157,male,head,20260907,0,25.058898402391442,27.36843719984543,19.261873691082055
1841.F05867,25,1841,1841:NAU157,male,head,20260907,0,25.058898402391442,30.35982879760319,21.956069452933683
10317.000033792,27,10317,10317:a8d1e0c8b099dac9041d9cebdac9c0de56819da44b2a634063806e8ed4697d1075a1ad1a75dcb472c0667686ae7dad37b98268caf960b4805fdd05c287c202df,male,head,20260907,0,42.51678304385714,40.85737124816349,41.305131381959555
1841.F06413,20,1841,1841:CUB008,male,head,20260907,0,25.058898402391442,25.0057931100225,22.84478443026955
1841.F06417,20,1841,1841:CUB010,female,head,20260907,0,22.30432291005156,24.075405284119995,21.8532710099973
1841.F05502,20,1841,1841:CUB010,female,head,20260907,0,22.30432291005156,22.4688713023088,22.29580766971753
1841.P15790,25,1841,1841:NAU157,male,hand,20260907,0,25.18435120059359,26.611201531274467,21.99348316659138
1841.P16530,20,1841,1841:CUB010,female,hand,20260907,0,22.397428333501587,22.69655753968254,24.438698351367965
1841.P15429,24,1841,1841:NCS245,female,hand,20260907,0,22.397428333501587,24.67280053127019,25.089287757345108
1841.P16214,25,1841,1841:NAU157,male,hand,20260907,0,25.18435120059359,30.332720941939094,23.362051393059218
1841.P16213,25,1841,1841:NAU157,male,hand,20260907,0,25.18435120059359,27.582575453682797,23.17857825346016
1841.P16212,20,1841,1841:NAU115,male,hand,20260907,0,25.18435120059359,26.182394587642744,21.69613304358334
10317.000040133,65,10317,10317:2b9cd37b03a34e4fed908599b8aedfd4277f38cd704e2625664f495885508a6c40fe8b88f3c9b254c454e5fdcaeef45ed360aa3202dd2bd6326d6e5df964004a,male,head,20260907,0,42.51678304385714,47.17282105910603,45.76407993174308
1841.F06062,20,1841,1841:NCS210,female,head,20260907,0,22.30432291005156,27.34853171773309,23.299696432554864
1841.P15306,20,1841,1841:NCS210,female,hand,20260907,0,22.397428333501587,23.81501806751102,26.638880611735942
1841.P15304,23,1841,1841:NCS244,female,hand,20260907,0,22.397428333501587,22.667326232794974,25.164748977618085
10317.000063380,40,10317,10317:df013012aa4de39f899aadbdfdd44572d593e9fa5238274ea143331982f2a039f09b846fef6ce0988eeda26205379399dfdb557ef64371f78334d6ee7beed928,male,head,20260907,0,42.51678304385714,34.469544803492305,37.65621229090158
10317.000063387,40,10317,10317:df013012aa4de39f899aadbdfdd44572d593e9fa5238274ea143331982f2a039f09b846fef6ce0988eeda26205379399dfdb557ef64371f78334d6ee7beed928,male,hand,20260907,0,43.03455138178261,34.30877472532085,35.88687453327421
1841.F05802,25,1841,1841:NAU157,male,head,20260907,0,25.058898402391442,25.12578954032079,21.392590181131474
10317.000003638,58,10317,10317:c9e234a8b8023dc52f81b36210303deb253ee13dabc6022044eb5536429962a7f2dc5854ff06cadbb8969d2e2464fe3ed6ff0808a6c48037574abd2313962f88,female,head,20260907,1,48.8251818348013,47.85,52.21141539872664
1841.F06380,36,1841,1841:CUB042,male,head,20260907,1,24.247158301272314,22.29375,20.776470383803908
1841.F06381,21,1841,1841:CUB012,female,head,20260907,1,22.650341691694734,25.4375,27.478859071618178
1841.F06382,23,1841,1841:CUB028,male,head,20260907,1,24.247158301272314,22.68125,19.689000048472263
1841.F06384,21,1841,1841:CUB038,female,head,20260907,1,22.650341691694734,22.6625,23.076331483506113
1841.F05947,18,1841,1841:NCS213,female,head,20260907,1,22.650341691694734,24.975,23.743712098552336
1841.P15149,18,1841,1841:NCS213,female,hand,20260907,1,22.702738770098804,23.2625,23.57697206631883
1841.F05828,32,1841,1841:NAU102,unknown,head,20260907,1,22.635627002717538,23.38125,17.65772512886099
1841.P16554,20,1841,1841:CUB037,female,hand,20260907,1,22.702738770098804,25.575,26.231816080797145
10317.000068943,39,10317,10317:aa8c21f5078bc7371b21ffbe19854212c26e4ba8b087307ab121b615566704bf41428d321554791b675f216db7f7d1922190d57c119c58c01ff5e6a1b7a11da3,male,head,20260907,1,42.18545826801498,38.725,38.77444804828557
1841.F06452,21,1841,1841:CUB003,female,head,20260907,1,22.650341691694734,25.38125,23.956503916135695
1841.F06459,23,1841,1841:CUB028,male,head,20260907,1,24.247158301272314,23.9125,21.16728173256255
1841.F05109,21,1841,1841:NAU124,female,head,20260907,1,22.650341691694734,24.30625,25.74788658431012
2010.1361,27,2010,2010:7,female,head,20260907,1,27.246575169857778,38.28125,30.07970301473399
1841.P15124,18,1841,1841:NCS213,female,hand,20260907,1,22.702738770098804,22.3875,23.26280335862331
1841.P15121,18,1841,1841:NCS213,female,hand,20260907,1,22.702738770098804,23.2625,23.285539851346826
1841.F05597,19,1841,1841:NAU107,female,head,20260907,1,22.650341691694734,22.6375,22.143523139916123
1841.P16576,21,1841,1841:CUB003,female,hand,20260907,1,22.702738770098804,26.5,25.18298613837868
1841.F06504,20,1841,1841:CUB037,female,head,20260907,1,22.650341691694734,23.025,22.43082865945118
1841.F05162,21,1841,1841:NAU161,male,head,20260907,1,24.247158301272314,22.775,19.870710256363836
1841.P15972,21,1841,1841:CUB038,female,hand,20260907,1,22.702738770098804,24.40625,24.663437758230053
10317.000005159,29,10317,10317:80ed9beefa64e1af619f5d370d79a21b435d10677f5b936ec3554234d47090f2a865337c8ff29f55d3cfc78a4c4fcf22efe713697872112639889bda9805a03e,male,hand,20260907,1,43.17424423708506,43.55625,44.11190340583397
10317.000015151,25,10317,10317:bf103398cbf34d2fdf0ce89d2a4729ec061457ba078a27fff88e775557fa7a6206e6693e016f411dfc8700f10c5787107d76b31f1914db25cee356c3ffb2ee1c,male,hand,20260907,1,43.17424423708506,39.65,42.84297933664245
1841.F06494,21,1841,1841:CUB038,female,head,20260907,1,22.650341691694734,22.88125,23.0969666957715
1841.F06577,36,1841,1841:CUB042,male,head,20260907,1,24.247158301272314,31.9875,22.16793731110237
1841.F06573,21,1841,1841:CUB038,female,head,20260907,1,22.650341691694734,22.00625,22.308380377304736
2010.1488,27,2010,2010:1,female,head,20260907,1,27.246575169857778,39.18125,30.048617264925227
1841.P15525,19,1841,1841:NAU107,female,hand,20260907,1,22.702738770098804,24.325,23.29488087886402
1841.F05555,21,1841,1841:NAU161,male,head,20260907,1,24.247158301272314,23.98125,20.19874468518091
10317.000014492,38,10317,10317:8167c948b0e4857e3fbff706939d373dfab22f6bc351971e2c12e88b854e32580973e05481786c5d02d11e4a9e8f81f300e8ce5b8120172a96b4e37d555a8c90,male,head,20260907,1,42.18545826801498,41.56875,41.69597761315957
1841.F06461,20,1841,1841:CUB037,female,head,20260907,1,22.650341691694734,23.6375,22.01656424717765
10317.000012153,39,10317,10317:11a164f633168118e0565026872fa35afedfe2bae4497973a70320675455a4b33dc3ad7a7c30d5087e7928b80c4f712a6b4192465f4342ce940fa7e45758084d,female,hand,20260907,1,48.878421146948604,40.65625,44.86507164627781
1841.P15737,19,1841,1841:NAU107,female,hand,20260907,1,22.702738770098804,21.86875,23.26893387844449
1841.P15735,21,1841,1841:NAU124,female,hand,20260907,1,22.702738770098804,23.01875,23.54428247903589
1841.P15733,21,1841,1841:NAU161,male,hand,20260907,1,24.137371240648196,23.50625,19.983020041694328
10317.000010809,63,10317,10317:4f1f526cf557e60e9ce5eb0de9d3dd98225fb7747813f64b3d82c6051d735e3b82dfb7abb4f089fb6d86848d907502d663cb4d69dad26574b00e58d0fc884610,male,head,20260907,1,42.18545826801498,40.9,44.010345462830855
10317.000005235,55,10317,10317:45e54011490a1e8319d45ba35b5c9c687e4ec395fd00d5bd3b927f21b897135e002c9c488ced29f5644e9cc87c9d6d420ce68c9a95f88b151cd7a4c6182ead64,male,hand,20260907,1,43.17424423708506,39.19375,44.133597932398196
10317.000015057,80,10317,10317:8dd14dd80ae9b69218b4942e80486ca4299a19f9342258835b868633bfa7bff6581b9102dd034b2a58f5ea1a74b8a2ec5b06b38aca104935d0e20a6925b670f2,unknown,head,20260907,1,37.1173129807584,52.23125,50.547437691508314
1841.F06309,21,1841,1841:CUB003,female,head,20260907,1,22.650341691694734,24.06875,24.238737222625907
1841.F05648,21,1841,1841:CUB012,female,head,20260907,1,22.650341691694734,27.11875,26.32667358097965
1841.F05646,36,1841,1841:CUB042,male,head,20260907,1,24.247158301272314,33.0375,23.634509836883602
1841.F06519,21,1841,1841:CUB012,female,head,20260907,1,22.650341691694734,25.025,25.349796470271862
1841.F06514,36,1841,1841:CUB042,male,head,20260907,1,24.247158301272314,27.3375,22.865743539101967
10317.000036462,38,10317,10317:da8f8a7d664c63431a657d0d888c46bf1f7bec532219c7d97227d8de3bc94ea035161f6a5e94118648a14d399a93b7d0e7cb68f1add742cb0d0d825f410a501d,male,hand,20260907,1,43.17424423708506,41.33125,44.864735065372244
1841.P15507,32,1841,1841:NAU102,unknown,hand,20260907,1,22.690907106257644,24.25,18.855952529599772
10317.000068818,23,10317,10317:aa700130bf2ad84f7dfbd70f11a1ed544685dac3b0af8c4231219413d86330f5973915da8180c4eaa587cffc3aa156c9dafbf597461ddd6251fef35831bd365a,male,hand,20260907,1,43.17424423708506,38.85625,38.6971788211958
2010.1288,34,2010,2010:5,female,head,20260907,1,27.246575169857778,37.6625,27.89378399215982
1841.F06186,36,1841,1841:CUB042,male,head,20260907,1,24.247158301272314,30.8,21.791968296863843
1841.P15759,20,1841,1841:NAU119,male,hand,20260907,1,24.137371240648196,22.00625,19.89560594598821
1841.P15962,36,1841,1841:CUB042,male,hand,20260907,1,24.137371240648196,28.95625,23.128055880730333
10317.000009093,35,10317,10317:360142d429f5a04200879be165fb723bf12539081381440cf759835fb3170ff29aaa9a46fc10cd08978857e2a1b86e035e65a80f5deb8234c611dcce54708792,male,head,20260907,1,42.18545826801498,38.8375,42.453245645338114
1841.F06247,21,1841,1841:NAU124,female,head,20260907,1,22.650341691694734,28.54375,26.07353156667692
1841.F06536,20,1841,1841:CUB037,female,head,20260907,1,22.650341691694734,22.44375,24.055581259988877
1841.P15562,21,1841,1841:NAU161,male,hand,20260907,1,24.137371240648196,22.54375,20.164592112731345
1841.F05519,20,1841,1841:NAU119,male,head,20260907,1,24.247158301272314,22.8375,21.29738288495466
1841.F05514,20,1841,1841:NAU119,male,head,20260907,1,24.247158301272314,22.44375,19.83961239958323
1841.F05513,20,1841,1841:NAU119,male,head,20260907,1,24.247158301272314,23.3375,18.976561174959627
2010.1402,27,2010,2010:1,female,head,20260907,1,27.246575169857778,41.51875,27.281248761972474
1841.F05250,19,1841,1841:NAU107,female,head,20260907,1,22.650341691694734,24.1125,25.14294102304394
1841.P16322,21,1841,1841:NAU161,male,hand,20260907,1,24.137371240648196,21.84375,20.406772453672975
1841.P16327,32,1841,1841:NAU102,unknown,hand,20260907,1,22.690907106257644,30.19375,17.137442562540432
1841.F05512,32,1841,1841:NAU102,unknown,head,20260907,1,22.635627002717538,25.025,17.441978766275952
10317.000066848,27,10317,10317:73bf3573928ab6f8e0dbef1783c99aa8c96f8a341909051dbaaf5e003778464fdf40cee56b971bea2c557859ebdc3351dddc89230df6458726716c8fe13e3583,female,head,20260907,1,48.8251818348013,39.1625,36.761764041328604
1841.F06082,21,1841,1841:NCS262,male,head,20260907,1,24.247158301272314,23.925,18.561139415764778
1841.F05932,18,1841,1841:NCS213,female,head,20260907,1,22.650341691694734,25.4125,23.935174898322472
1841.F05936,18,1841,1841:NCS213,female,head,20260907,1,22.650341691694734,25.625,25.247165411576294
2010.1462,34,2010,2010:5,female,head,20260907,1,27.246575169857778,36.70625,27.728865224501376
1841.P15938,21,1841,1841:CUB012,female,hand,20260907,1,22.702738770098804,26.2125,27.664985661418346
1841.P15018,36,1841,1841:CUB042,male,hand,20260907,1,24.137371240648196,31.725,21.5971930894512
10317.000043162,86,10317,10317:969959b6a56c892088c6fec4a090bc9d7786704432d85dd70c0b376f3082c1743c5522532f4a6139e760de6add314a67dddb22fcaef7e05d6f73095cd5be1d95,female,hand,20260907,1,48.878421146948604,47.43125,54.00863741449635
10317.000049833,61,10317,10317:d37889cdecdba46fdb19bb31c950ed36c9b3a1da31fbac08e9ee2ff35bc8af2ce5a4b24631b63e876500eb54df716ba82caddd429a437e61d996dab1bd51de32,female,hand,20260907,1,48.878421146948604,39.49375,45.928447520144296
1841.P15211,20,1841,1841:CUB037,female,hand,20260907,1,22.702738770098804,23.45625,23.51134269641656
1841.P15217,20,1841,1841:CUB037,female,hand,20260907,1,22.702738770098804,22.675,23.44676032847691
1841.P16175,21,1841,1841:NAU161,male,hand,20260907,1,24.137371240648196,22.76875,21.306809915703667
10317.000069075,22,10317,10317:62da411fb1daa598c9de6fec6d4999096c07c935e32acd264bd45573737d7ca012c560ebc6a3ff42a617cdb54d7d364fb719fc379b15ab5e772bbf3a7356dbde,female,head,20260907,1,48.8251818348013,36.0875,39.94236750044667
1841.F06292,19,1841,1841:NAU107,female,head,20260907,1,22.650341691694734,21.95,22.027711296284675
10317.000040126,46,10317,10317:103ec97d34a8daf110102310e23be292392f51db75531458f8f135039cb11fbaeed1ebd8c2cbfd97772d62c72352ab5c467dccf59885d5c82f03531039a41827,female,head,20260907,1,48.8251818348013,39.9875,44.90053238044557
1841.F05219,20,1841,1841:NAU119,male,head,20260907,1,24.247158301272314,22.53125,20.62493603015408
1841.P16365,32,1841,1841:NAU102,unknown,hand,20260907,1,22.690907106257644,24.325,18.299600381869165
1841.P16580,21,1841,1841:CUB038,female,hand,20260907,1,22.702738770098804,22.8125,24.907456796225603
1841.P16582,36,1841,1841:CUB042,male,hand,20260907,1,24.137371240648196,32.19375,24.893977598526142
10317.000002877,39,10317,10317:f73c970ebbe4576dac4346e12bd70d852fd2fad299e544aaabe76119ae6772ae189eebd9acc9c024c6a0bf917496f24b6520712b5200889e9afdeb9ed347f9e9,female,head,20260907,1,48.8251818348013,45.125,50.47664317856105
1841.F06591,21,1841,1841:CUB012,female,head,20260907,1,22.650341691694734,27.3125,26.347018769686173
1841.F06590,23,1841,1841:CUB028,male,head,20260907,1,24.247158301272314,23.68125,19.95671245935146
1841.P15052,21,1841,1841:CUB003,female,hand,20260907,1,22.702738770098804,23.6875,25.161024090131612
1841.P15050,21,1841,1841:CUB012,female,hand,20260907,1,22.702738770098804,23.7875,24.894686092575746
1841.F06335,21,1841,1841:CUB038,female,head,20260907,1,22.650341691694734,23.43125,22.63736062198839
1841.F06337,23,1841,1841:CUB028,male,head,20260907,1,24.247158301272314,21.66875,19.69899030096889
1841.F06338,21,1841,1841:CUB003,female,head,20260907,1,22.650341691694734,25.1875,23.659243111988943
1841.P15275,21,1841,1841:CUB038,female,hand,20260907,1,22.702738770098804,25.3375,26.229958355759432
1841.P15272,21,1841,1841:CUB003,female,hand,20260907,1,22.702738770098804,22.86875,23.175293103545318
10317.000005457,48,10317,10317:9f89ce9cb3dd20b1b698031ff7eb1f66511855e4c05edd9fc525916e365f4d81ff5e46e5432e82c4e4cc62f66a9167138f3bce9a784b0404333ee6c82e195bd6,male,hand,20260907,1,43.17424423708506,42.2,42.36164941583997
1841.F05686,20,1841,1841:CUB037,female,head,20260907,1,22.650341691694734,24.75625,23.741929730611115
2010.1319,27,2010,2010:1,female,head,20260907,1,27.246575169857778,38.26875,28.871583637712526
10317.000013240,61,10317,10317:a84b06b11ebbd693b0e846d7e1ba1453494db9a71f5caf6fec89add9c1975ce94b16e1f8ac9b930f61e3219bcfc133702ec58308eee167152209a8c2852123c9,male,head,20260907,1,42.18545826801498,39.15625,42.03924894727967
1841.P16341,19,1841,1841:NAU107,female,hand,20260907,1,22.702738770098804,22.94375,24.508144030606775
10317.000005458,47,10317,10317:9f89ce9cb3dd20b1b698031ff7eb1f66511855e4c05edd9fc525916e365f4d81ff5e46e5432e82c4e4cc62f66a9167138f3bce9a784b0404333ee6c82e195bd6,male,head,20260907,1,42.18545826801498,40.5875,43.21834170893948
1841.F05256,21,1841,1841:NAU161,male,head,20260907,1,24.247158301272314,24.0875,20.7100014529371
1841.P15071,20,1841,1841:CUB037,female,hand,20260907,1,22.702738770098804,22.25625,24.03916044669429
1841.P15073,36,1841,1841:CUB042,male,hand,20260907,1,24.137371240648196,31.59375,22.45447854417827
1841.P15075,21,1841,1841:CUB038,female,hand,20260907,1,22.702738770098804,24.19375,23.151515786684495
1841.F06317,21,1841,1841:CUB012,female,head,20260907,1,22.650341691694734,25.48125,24.8631644032602
1841.P15256,36,1841,1841:CUB042,male,hand,20260907,1,24.137371240648196,34.6,23.27050810995219
1841.P15257,20,1841,1841:CUB037,female,hand,20260907,1,22.702738770098804,23.9125,22.889622667412556
1841.P15252,21,1841,1841:CUB038,female,hand,20260907,1,22.702738770098804,24.35,24.698371481018423
1841.F06237,20,1841,1841:NAU119,male,head,20260907,1,24.247158301272314,23.95625,18.01073232920682
10317.000068806,30,10317,10317:219fdff6b9dcec67c1aa0b866cb025d68ac35295256f63c520911912293fe0849d61cd408675c0305a5c92df708363f8172fc8e6969982b5a49c4e44d28547fb,female,hand,20260907,1,48.878421146948604,45.25,49.78033214901391
10317.000007117,60,10317,10317:2c2e468c2481938c25962a208bec11d9f0eeca11f8a06d48aa50be31a747dd0327f6137458e4dfda584fc42b4c5f35613440eef5b177a1d0569e16e7432648dd,male,head,20260907,1,42.18545826801498,43.725,44.371391655135554
10317.000007115,60,10317,10317:2c2e468c2481938c25962a208bec11d9f0eeca11f8a06d48aa50be31a747dd0327f6137458e4dfda584fc42b4c5f35613440eef5b177a1d0569e16e7432648dd,male,hand,20260907,1,43.17424423708506,39.7125,42.596052588640575
10317.000007119,60,10317,10317:2c2e468c2481938c25962a208bec11d9f0eeca11f8a06d48aa50be31a747dd0327f6137458e4dfda584fc42b4c5f35613440eef5b177a1d0569e16e7432648dd,male,hand,20260907,1,43.17424423708506,41.86875,45.14408266449163
1841.P16281,19,1841,1841:NAU107,female,hand,20260907,1,22.702738770098804,22.425,23.36969293237505
10317.000046210,26,10317,10317:2cadcc9c9bb4b3018c35f7012a5f45417f5e7d3c5a8205a3e266e3994e6d3a312146e795ee10a538d9dcde6a356e15798fdfc96aea7f23df2c8c505d8bb465a4,female,head,20260907,1,48.8251818348013,38.23125,43.09169511299006
1841.P16137,19,1841,1841:NAU107,female,hand,20260907,1,22.702738770098804,23.45625,24.4955215519258
10317.000003336,74,10317,10317:cc74256c990c430993cd5fc5079433232702a5006ee4a770421edf6482fee08db076f06f1fcf83bacf50a1a592d1fbd51c3edee6f558ab60369868d09a642c78,female,hand,20260907,1,48.878421146948604,40.525,46.5778039497548
10317.000015183,55,10317,10317:45e54011490a1e8319d45ba35b5c9c687e4ec395fd00d5bd3b927f21b897135e002c9c488ced29f5644e9cc87c9d6d420ce68c9a95f88b151cd7a4c6182ead64,male,hand,20260907,1,43.17424423708506,42.9125,42.04267872230099
10317.000015182,55,10317,10317:45e54011490a1e8319d45ba35b5c9c687e4ec395fd00d5bd3b927f21b897135e002c9c488ced29f5644e9cc87c9d6d420ce68c9a95f88b151cd7a4c6182ead64,male,head,20260907,1,42.18545826801498,40.14375,40.13355237934816
10317.000015184,55,10317,10317:45e54011490a1e8319d45ba35b5c9c687e4ec395fd00d5bd3b927f21b897135e002c9c488ced29f5644e9cc87c9d6d420ce68c9a95f88b151cd7a4c6182ead64,male,hand,20260907,1,43.17424423708506,36.6,41.655024079963425
1841.P15010,21,1841,1841:CUB012,female,hand,20260907,1,22.702738770098804,25.55625,24.598489395292013
10317.000049831,61,10317,10317:d37889cdecdba46fdb19bb31c950ed36c9b3a1da31fbac08e9ee2ff35bc8af2ce5a4b24631b63e876500eb54df716ba82caddd429a437e61d996dab1bd51de32,female,head,20260907,1,48.8251818348013,43.55,47.11860104132375
1841.F05423,21,1841,1841:NAU161,male,head,20260907,1,24.247158301272314,23.29375,20.3854018276582
1841.F05426,21,1841,1841:NAU124,female,head,20260907,1,22.650341691694734,23.06875,24.99267512809486
1841.F05635,21,1841,1841:CUB012,female,head,20260907,1,22.650341691694734,24.29375,23.868390365621224
10317.000017775,56,10317,10317:95161bf754ca78bbc6736e1276a0c069dd937e05defae03a23b5b34bc3f3e0325898e86cd7fd838de6514fbeb888d6634c7497e3855ab1d45839d35295e2ba95,male,head,20260907,1,42.18545826801498,44.39375,44.72630621705386
10317.000002088,52,10317,10317:d12b3488162547d96d3669a939c33c47bb7e94f9db76d64dbd76d7bcd6ccf5dc1c2202772cb5712605a51d28e9a8109105db0a01b5d13f55512047b95056356b,male,head,20260907,1,42.18545826801498,42.825,46.553685256012734
1841.F05990,18,1841,1841:NCS213,female,head,20260907,1,22.650341691694734,24.75,23.3701363902195
10317.000022189,57,10317,10317:83129c2b229f0d9fb6e870c62c2b01797d6f2d1e18875a4474c1d621fd4239f0509c12f293d0febfee93496a315d1b8ed8f7d66b9046ea392b2913819b93632c,female,head,20260907,1,48.8251818348013,40.6875,44.51685667801782
10317.000063450,29,10317,10317:012c33f74519c193ec10f17ef58846a7db07b462e5497db82c40fedc4ca3edac7e3c610143fdb11e0e0617da7dcd562ee2bf2be850227286ef06ab72c6361d25,male,head,20260907,1,42.18545826801498,50.46875,51.5457177685923
1841.F05858,21,1841,1841:NAU161,male,head,20260907,1,24.247158301272314,23.0375,19.99211662506783
1841.F05293,32,1841,1841:NAU102,unknown,head,20260907,1,22.635627002717538,24.08125,17.715740440550384
1841.P16059,20,1841,1841:NAU119,male,hand,20260907,1,24.137371240648196,23.75625,21.901537840804508
1841.P16506,21,1841,1841:CUB038,female,hand,20260907,1,22.702738770098804,23.19375,23.11938689575216
10317.000007131,39,10317,10317:8b672a386ead28ace9c7eaea68003a8d0be6651cf9544c799a49155c372bc6524d53fd7aae5b008caced52ac352c5fe0a4810a846032621cf2d9fc79200e1218,unknown,hand,20260907,1,38.93422250130329,42.33125,42.331917991266046
1841.F06407,21,1841,1841:CUB003,female,head,20260907,1,22.650341691694734,25.9,25.297591552258083
1841.F06406,20,1841,1841:CUB037,female,head,20260907,1,22.650341691694734,22.125,22.423486815811334
1841.F06405,23,1841,1841:CUB028,male,head,20260907,1,24.247158301272314,22.6875,20.07494851798183
1841.F06403,23,1841,1841:CUB028,male,head,20260907,1,24.247158301272314,22.7125,19.717962584072612
10317.000023967,37,10317,10317:9992b77d3934e6dedb1d00b22ce9dc2dbe00f7d81c1170230af7cace8324f4a479f87014fc077e6d8426aed7c84ab99cb32e3b88919ce65bb012aef6e28c6a0a,male,head,20260907,1,42.18545826801498,43.41875,43.825164980188234
1841.F05601,20,1841,1841:CUB037,female,head,20260907,1,22.650341691694734,24.525,23.517747650308472
1841.F05603,21,1841,1841:CUB003,female,head,20260907,1,22.650341691694734,22.70625,23.17573405863453
1841.F05605,23,1841,1841:CUB028,male,head,20260907,1,24.247158301272314,22.85,21.614783329339595
1841.F05607,20,1841,1841:CUB037,female,head,20260907,1,22.650341691694734,22.6375,22.42547661221366
1841.F05463,21,1841,1841:NAU124,female,head,20260907,1,22.650341691694734,23.3875,23.992686811639572
1841.P16197,19,1841,1841:NAU107,female,hand,20260907,1,22.702738770098804,22.1125,22.557532718394413
1841.P16199,21,1841,1841:NAU161,male,hand,20260907,1,24.137371240648196,25.19375,23.062997571083965
2010.1394,27,2010,2010:1,female,head,20260907,1,27.246575169857778,38.43125,30.050104420409664
10317.000040124,46,10317,10317:103ec97d34a8daf110102310e23be292392f51db75531458f8f135039cb11fbaeed1ebd8c2cbfd97772d62c72352ab5c467dccf59885d5c82f03531039a41827,female,hand,20260907,1,48.878421146948604,40.875,45.651532350711534
1841.P15177,18,1841,1841:NCS213,female,hand,20260907,1,22.702738770098804,23.0375,23.893296078971694
1841.F05814,32,1841,1841:NAU102,unknown,head,20260907,1,22.635627002717538,24.38125,17.448679923668124
1841.F05810,32,1841,1841:NAU102,unknown,head,20260907,1,22.635627002717538,22.86875,17.479232092170875
10317.000007113,60,10317,10317:2c2e468c2481938c25962a208bec11d9f0eeca11f8a06d48aa50be31a747dd0327f6137458e4dfda584fc42b4c5f35613440eef5b177a1d0569e16e7432648dd,male,hand,20260907,1,43.17424423708506,39.59375,46.34440835414763
10317.000007112,60,10317,10317:2c2e468c2481938c25962a208bec11d9f0eeca11f8a06d48aa50be31a747dd0327f6137458e4dfda584fc42b4c5f35613440eef5b177a1d0569e16e7432648dd,male,hand,20260907,1,43.17424423708506,44.9625,46.99295440591207
2010.2777,24,2010,2010:37,female,head,20260907,1,27.246575169857778,26.98125,26.00984348304709
10317.000007110,60,10317,10317:2c2e468c2481938c25962a208bec11d9f0eeca11f8a06d48aa50be31a747dd0327f6137458e4dfda584fc42b4c5f35613440eef5b177a1d0569e16e7432648dd,male,head,20260907,1,42.18545826801498,42.9625,44.98153625130149
10317.000014464,41,10317,10317:a6784c1d3806fcca45ba186c495c648cf0cf10b392f120efe7f26f9c0e66051dc675a9c077f1f39993f524f521e594b30048ca45ea6cbc19b96938f9734afb55,male,head,20260907,1,42.18545826801498,34.66875,39.50741244626317
1841.F06468,36,1841,1841:CUB042,male,head,20260907,1,24.247158301272314,33.85,23.366526648288485
1841.F06396,20,1841,1841:CUB037,female,head,20260907,1,22.650341691694734,24.16875,22.265026502052166
10317.000005646,65,10317,10317:98e719bb087e2058ac8f1e380218232d306e4f5c7d2359784abda5fddf02926beb32a6c0ba8383dd0026ec1f0d372d68007114cdd2512a3abb3d77158fa6f4d1,female,hand,20260907,1,48.878421146948604,43.325,48.7382083611139
10317.000005644,65,10317,10317:98e719bb087e2058ac8f1e380218232d306e4f5c7d2359784abda5fddf02926beb32a6c0ba8383dd0026ec1f0d372d68007114cdd2512a3abb3d77158fa6f4d1,female,head,20260907,1,48.8251818348013,43.45,47.1230198558462
10317.000005645,65,10317,10317:98e719bb087e2058ac8f1e380218232d306e4f5c7d2359784abda5fddf02926beb32a6c0ba8383dd0026ec1f0d372d68007114cdd2512a3abb3d77158fa6f4d1,female,hand,20260907,1,48.878421146948604,43.75,48.64970638613578
10317.000020708,38,10317,10317:06cf6f63a01f0bbf35a097b00d8e378ca6a8df068d8f99cb73feead69c041664f4cbec9fbc91e7f587844c43d5c16bab7d422b2890e7a2805db632fccecc39a0,female,hand,20260907,1,48.878421146948604,41.09375,42.248457037122265
1841.P15789,21,1841,1841:NAU161,male,hand,20260907,1,24.137371240648196,25.1,20.24981460512749
1841.F05665,21,1841,1841:CUB038,female,head,20260907,1,22.650341691694734,25.375,25.593174649971072
1841.F05662,21,1841,1841:CUB003,female,head,20260907,1,22.650341691694734,23.39375,23.224056381726825
10317.000015354,35,10317,10317:3e61f3e0bf34ee92653b3e1a4bce3fbbf22e7a5be5fc03a5c5d44f0d311d4f9ec4e1c0d98964bdbdf2f1d537fbd16c0b62503f50d8923e608eb8aacd64cb9fa3,male,hand,20260907,1,43.17424423708506,42.73125,45.02646309312088
10317.000015352,35,10317,10317:3e61f3e0bf34ee92653b3e1a4bce3fbbf22e7a5be5fc03a5c5d44f0d311d4f9ec4e1c0d98964bdbdf2f1d537fbd16c0b62503f50d8923e608eb8aacd64cb9fa3,male,head,20260907,1,42.18545826801498,46.7625,47.479845185307695
10317.000015351,35,10317,10317:3e61f3e0bf34ee92653b3e1a4bce3fbbf22e7a5be5fc03a5c5d44f0d311d4f9ec4e1c0d98964bdbdf2f1d537fbd16c0b62503f50d8923e608eb8aacd64cb9fa3,male,hand,20260907,1,43.17424423708506,43.4625,44.133493363774775
1841.F05835,19,1841,1841:NAU107,female,head,20260907,1,22.650341691694734,24.16875,23.27053139172628
1841.F05838,32,1841,1841:NAU102,unknown,head,20260907,1,22.635627002717538,24.0375,18.77315718472727
2010.1218,27,2010,2010:1,female,head,20260907,1,27.246575169857778,38.19375,29.07519512595234
1841.F05620,36,1841,1841:CUB042,male,head,20260907,1,24.247158301272314,30.41875,24.953878769945835
1841.P16016,19,1841,1841:NAU107,female,hand,20260907,1,22.702738770098804,22.825,24.155193007779463
10317.000028935,49,10317,10317:59c5a0dcd9d6d45203241bf0d68b0edca829b4582f84f330ac3af24222033b834f16c878479c24ee630d0f140e43b819dacac90ab05a15289947fda4549dfdec,male,head,20260907,1,42.18545826801498,47.6625,47.817912962194576
10317.000068950,39,10317,10317:aa8c21f5078bc7371b21ffbe19854212c26e4ba8b087307ab121b615566704bf41428d321554791b675f216db7f7d1922190d57c119c58c01ff5e6a1b7a11da3,male,hand,20260907,1,43.17424423708506,37.6125,37.56571106384173
1841.F06446,21,1841,1841:CUB012,female,head,20260907,1,22.650341691694734,27.375,27.778927305620755
1841.F05588,21,1841,1841:NAU124,female,head,20260907,1,22.650341691694734,22.5,24.45745803843819
1841.F05365,18,1841,1841:NCS213,female,head,20260907,1,22.650341691694734,23.16875,23.618733545558328
1841.F06488,21,1841,1841:CUB038,female,head,20260907,1,22.650341691694734,25.83125,23.92032186057931
1841.P16565,21,1841,1841:CUB038,female,hand,20260907,1,22.702738770098804,23.675,24.852367714427757
2010.2902,24,2010,2010:37,female,head,20260907,1,27.246575169857778,26.0625,25.202434602682317
1841.F05110,20,1841,1841:NAU119,male,head,20260907,1,24.247158301272314,22.5875,20.529841031393516
1841.F05113,21,1841,1841:NAU124,female,head,20260907,1,22.650341691694734,24.975,26.52485427344968
1841.F05116,21,1841,1841:NAU124,female,head,20260907,1,22.650341691694734,23.89375,26.410875703473117
1841.P16600,21,1841,1841:CUB003,female,hand,20260907,1,22.702738770098804,26.88125,25.53093798192706
1841.P16601,21,1841,1841:CUB012,female,hand,20260907,1,22.702738770098804,24.09375,23.825840046445702
1841.P15111,18,1841,1841:NCS213,female,hand,20260907,1,22.702738770098804,24.575,24.570249334517943
1841.P15990,23,1841,1841:CUB028,male,hand,20260907,1,24.137371240648196,22.6875,20.449523668242904
1841.P15997,36,1841,1841:CUB042,male,hand,20260907,1,24.137371240648196,34.16875,26.633145277430664
1841.F05562,21,1841,1841:NAU124,female,head,20260907,1,22.650341691694734,22.7125,25.058175877920934
10317.000015152,25,10317,10317:bf103398cbf34d2fdf0ce89d2a4729ec061457ba078a27fff88e775557fa7a6206e6693e016f411dfc8700f10c5787107d76b31f1914db25cee356c3ffb2ee1c,male,hand,20260907,1,43.17424423708506,42.39375,44.773180468175624
10317.000015154,25,10317,10317:bf103398cbf34d2fdf0ce89d2a4729ec061457ba078a27fff88e775557fa7a6206e6693e016f411dfc8700f10c5787107d76b31f1914db25cee356c3ffb2ee1c,male,head,20260907,1,42.18545826801498,40.96875,41.1553601060592
1841.F06489,21,1841,1841:CUB012,female,head,20260907,1,22.650341691694734,29.95,27.538833879539332
10317.000033403,37,10317,10317:8a84e546f33305e110f2059f0c1a87a533d58f09e3ae2fd4519dcf3418d8d566956b23eebebef879dda59b2ae8ba5c775acf7a5181d6b381697b949a1c8cefc6,male,head,20260907,1,42.18545826801498,42.7,44.907724945201906
1841.F06548,20,1841,1841:CUB037,female,head,20260907,1,22.650341691694734,24.0375,23.697100864188997
1841.P15392,21,1841,1841:NCS262,male,hand,20260907,1,24.137371240648196,22.075,21.05154554013493
10317.000005161,29,10317,10317:80ed9beefa64e1af619f5d370d79a21b435d10677f5b936ec3554234d47090f2a865337c8ff29f55d3cfc78a4c4fcf22efe713697872112639889bda9805a03e,male,head,20260907,1,42.18545826801498,45.275,44.54244495532617
10317.000005160,29,10317,10317:80ed9beefa64e1af619f5d370d79a21b435d10677f5b936ec3554234d47090f2a865337c8ff29f55d3cfc78a4c4fcf22efe713697872112639889bda9805a03e,male,hand,20260907,1,43.17424423708506,47.0375,47.46026681228174
1841.P15083,21,1841,1841:CUB012,female,hand,20260907,1,22.702738770098804,24.45625,28.333682511944144
1841.F05613,23,1841,1841:CUB028,male,head,20260907,1,24.247158301272314,25.175,21.348442341506782
1841.P15708,19,1841,1841:NAU107,female,hand,20260907,1,22.702738770098804,22.65,23.808769576376605
1841.P15709,21,1841,1841:NAU161,male,hand,20260907,1,24.137371240648196,23.5625,21.300519064817706
1841.F06205,21,1841,1841:NAU124,female,head,20260907,1,22.650341691694734,23.5125,25.053649945382123
10317.000028314,57,10317,10317:22d2760f969511df810ec5b468e81eb97e8822f3d303b2f72a874ee4196f9a705e1460b3be27a0a183fa9f8847872de4f8bf255567a7def57c62e260e4d758f0,male,head,20260907,1,42.18545826801498,41.50625,42.33050097784249
1841.F05155,19,1841,1841:NAU107,female,head,20260907,1,22.650341691694734,23.6875,23.117376066331953
1841.F06568,21,1841,1841:CUB038,female,head,20260907,1,22.650341691694734,22.29375,23.64669214576297
1841.P16184,32,1841,1841:NAU102,unknown,hand,20260907,1,22.690907106257644,24.04375,17.873670870664753
1841.P15515,20,1841,1841:NAU119,male,hand,20260907,1,24.137371240648196,22.41875,20.835026866207894
1841.P15511,20,1841,1841:NAU119,male,hand,20260907,1,24.137371240648196,23.29375,21.323292904369406
1841.F05521,19,1841,1841:NAU107,female,head,20260907,1,22.650341691694734,23.5625,21.636318438020105
1841.F06492,36,1841,1841:CUB042,male,head,20260907,1,24.247158301272314,28.4125,20.835233659561723
1841.P16093,21,1841,1841:NAU124,female,hand,20260907,1,22.702738770098804,23.14375,24.837853237059544
10317.000069003,22,10317,10317:6c9d8d2f421f87624a87ae9bbee457570d9633bf4eaf97f36b65a13462bc290706c4dec83b825a291b12b7a777d237b75c8f935a0f1de4e6ee5b105ab5de7c0c,male,head,20260907,1,42.18545826801498,34.9125,36.004007600246126
1841.P15720,21,1841,1841:NAU124,female,hand,20260907,1,22.702738770098804,22.99375,22.49520958407136
10317.000031898,34,10317,10317:f7d599694238b74a09daca6c98fc12816a2f8fb52871032650e28d1b3817096404a96c1f0c84c57d6c558db1c22e281e2af87b6fe26c5b1727f23ea6fd789556,male,head,20260907,1,42.18545826801498,36.94375,41.846567994547165
1841.P16401,21,1841,1841:NAU124,female,hand,20260907,1,22.702738770098804,23.76875,26.077974089438314
1841.F06502,21,1841,1841:CUB038,female,head,20260907,1,22.650341691694734,23.83125,22.752388018482225
1841.P15579,21,1841,1841:NAU124,female,hand,20260907,1,22.702738770098804,23.85625,25.2696956908431
1841.P15573,21,1841,1841:NAU124,female,hand,20260907,1,22.702738770098804,24.85625,23.749879328638198
1841.F05056,21,1841,1841:NAU161,male,head,20260907,1,24.247158301272314,25.4625,20.833505243101747
1841.F06436,21,1841,1841:CUB003,female,head,20260907,1,22.650341691694734,25.7125,24.33394459166051
10317.000063219,34,10317,10317:a392cbf64e250298f990fe6714ca17e38472972feee9471db99da4dfcfd1fe8b106d9ec41e004081362ba7728e8ac7a9d25f3b658d31bc856798d1c4eabb81c0,male,hand,20260907,1,43.17424423708506,35.55,37.247565377824124
10317.000015060,80,10317,10317:8dd14dd80ae9b69218b4942e80486ca4299a19f9342258835b868633bfa7bff6581b9102dd034b2a58f5ea1a74b8a2ec5b06b38aca104935d0e20a6925b670f2,unknown,hand,20260907,1,38.93422250130329,48.6375,50.17842654154698
1841.F06526,23,1841,1841:CUB028,male,head,20260907,1,24.247158301272314,23.35,21.40660478934686
1841.P15087,36,1841,1841:CUB042,male,hand,20260907,1,24.137371240648196,34.30625,25.05461446668299
1841.P15081,21,1841,1841:CUB038,female,hand,20260907,1,22.702738770098804,27.56875,25.27542725714979
1841.P15229,21,1841,1841:CUB012,female,hand,20260907,1,22.702738770098804,27.4125,29.376708940391577
1841.F05075,20,1841,1841:NAU119,male,head,20260907,1,24.247158301272314,23.4625,19.948087158547
1841.P15941,23,1841,1841:CUB028,male,hand,20260907,1,24.137371240648196,22.625,20.115172584497056
1841.P15945,21,1841,1841:CUB003,female,hand,20260907,1,22.702738770098804,25.21875,23.04482224322968
1841.P16445,21,1841,1841:NAU161,male,hand,20260907,1,24.137371240648196,23.95625,20.56361459658805
10317.000066855,27,10317,10317:73bf3573928ab6f8e0dbef1783c99aa8c96f8a341909051dbaaf5e003778464fdf40cee56b971bea2c557859ebdc3351dddc89230df6458726716c8fe13e3583,female,hand,20260907,1,48.878421146948604,36.8125,38.49200043065399
1841.P15207,23,1841,1841:CUB028,male,hand,20260907,1,24.137371240648196,24.4125,22.254823092983788
1841.P15205,21,1841,1841:CUB003,female,hand,20260907,1,22.702738770098804,29.20625,30.66605722728256
1841.P15201,23,1841,1841:CUB028,male,hand,20260907,1,24.137371240648196,23.79375,22.21790640571153
1841.F05909,18,1841,1841:NCS213,female,head,20260907,1,22.650341691694734,22.69375,23.411188497948377
1841.P16160,32,1841,1841:NAU102,unknown,hand,20260907,1,22.690907106257644,23.05,18.8268653100604
10317.000069082,22,10317,10317:62da411fb1daa598c9de6fec6d4999096c07c935e32acd264bd45573737d7ca012c560ebc6a3ff42a617cdb54d7d364fb719fc379b15ab5e772bbf3a7356dbde,female,hand,20260907,1,48.878421146948604,33.575,40.413516621052224
1841.P15926,21,1841,1841:CUB012,female,hand,20260907,1,22.702738770098804,24.41875,27.483772525761495
1841.F06287,21,1841,1841:NAU161,male,head,20260907,1,24.247158301272314,24.05,20.44031288880387
10317.000033429,62,10317,10317:1b595cbd54b82f80c4b023585b3a8baad15d027aab0c5b04a69b8c3e9e5d48bfcb2d532872548685bc12d0c706255362bb8a230524186fc6cc64f429295eb166,female,hand,20260907,1,48.878421146948604,49.6125,54.36783190056126
1841.F05226,32,1841,1841:NAU102,unknown,head,20260907,1,22.635627002717538,25.08125,16.497647549633637
10317.000023667,41,10317,10317:4f4512f9ca8dd41284a2463c8496ef3405ebc0188c8fcb1bacb236d71b61de04174823da6ad26715031b7936e03c152bc15cd335c36b25dee976cfdc089dd6e2,male,head,20260907,1,42.18545826801498,42.18125,45.407251797550266
1841.P16311,32,1841,1841:NAU102,unknown,hand,20260907,1,22.690907106257644,24.29375,18.858682375638324
10317.000004059,66,10317,10317:f57b4981ac785615aba8f290342788db9294e4ab6b643dfb22eed77da0a189aacfb59ca5f5cf63c481d99849f549972a540d8f2170fbc94b25f2f659ad1687d8,male,hand,20260907,1,43.17424423708506,45.0,46.37791001065296
10317.000004058,66,10317,10317:f57b4981ac785615aba8f290342788db9294e4ab6b643dfb22eed77da0a189aacfb59ca5f5cf63c481d99849f549972a540d8f2170fbc94b25f2f659ad1687d8,male,head,20260907,1,42.18545826801498,45.38125,48.44165194906657
10317.000071442,22,10317,10317:3f7869fcd99617b9f2bf18fbf0bd9979e5887887afaedf57e4fde973b8756b3be0e2e24ed76f875086eaf6c006b354b48c001d1a162093cbffe2caa0db0ecffc,male,head,20260907,1,42.18545826801498,39.325,41.953138272321176
10317.000002722,67,10317,10317:552862a47c1f4572c6de06ef045a0b5dfe8124f8167b59fc9e3602a42e27303ea444e307e4d303917535cb422622610350e6897ddbc33a1a70a49944b51adc14,male,head,20260907,1,42.18545826801498,40.375,40.53878164248676
1841.P15596,19,1841,1841:NAU107,female,hand,20260907,1,22.702738770098804,22.75,23.466269613301424
1841.P15267,21,1841,1841:CUB003,female,hand,20260907,1,22.702738770098804,23.81875,24.746388751850596
1841.P15059,23,1841,1841:CUB028,male,hand,20260907,1,24.137371240648196,23.64375,22.643639229974458
1841.F05692,21,1841,1841:CUB003,female,head,20260907,1,22.650341691694734,23.2375,22.981130097862017
1841.F05969,18,1841,1841:NCS213,female,head,20260907,1,22.650341691694734,22.9,22.671144442500616
1841.P16102,21,1841,1841:NAU124,female,hand,20260907,1,22.702738770098804,23.91875,23.83511079183377
10317.000006972,61,10317,10317:71663baf1b46589d68296c0b2c93208b950a8d8f87dd95255336d0e162d3d45a6922f6512a1dbbbdecd027ff264b625773e6d10d54f1a7750050d3b813d4eadd,female,hand,20260907,1,48.878421146948604,39.2875,46.15924843447574
2010.1308,27,2010,2010:7,female,head,20260907,1,27.246575169857778,35.80625,28.82630455281922
2010.1302,34,2010,2010:5,female,head,20260907,1,27.246575169857778,39.25625,30.79694716909531
1841.P15904,20,1841,1841:CUB037,female,hand,20260907,1,22.702738770098804,22.80625,22.866884263125932
1841.P15908,21,1841,1841:CUB038,female,hand,20260907,1,22.702738770098804,23.425,23.7593980142507
1841.P15909,21,1841,1841:CUB003,female,hand,20260907,1,22.702738770098804,24.4,24.455348082671645
10317.000004056,52,10317,10317:6d4586a1f7c90185bb4ec90e82083cc45b12d79db4919f699dc24cc403347dfd5df17e6008b69cf2b3109ddb41512f4d7a52c91b647c1b59bfd31e8057bfcb0f,male,hand,20260907,1,43.17424423708506,43.71875,46.67745806027187
1841.P15679,36,1841,1841:CUB042,male,hand,20260907,1,24.137371240648196,30.15625,21.90945083602235
10317.000048405,28,10317,10317:4287cb26d2ebcaddb5129d95ff2d4ae496c47b0162672df93082abfc9303671b6d9332bfe211f6530019940e6d40144094a4bc4c012716375b5e72166c04b6e2,female,hand,20260907,1,48.878421146948604,48.9875,55.316844967899144
10317.000048407,28,10317,10317:4287cb26d2ebcaddb5129d95ff2d4ae496c47b0162672df93082abfc9303671b6d9332bfe211f6530019940e6d40144094a4bc4c012716375b5e72166c04b6e2,female,head,20260907,1,48.8251818348013,42.125,48.90617436300991
10317.000048406,28,10317,10317:4287cb26d2ebcaddb5129d95ff2d4ae496c47b0162672df93082abfc9303671b6d9332bfe211f6530019940e6d40144094a4bc4c012716375b5e72166c04b6e2,female,hand,20260907,1,48.878421146948604,46.35625,51.53554836871672
1841.F05201,19,1841,1841:NAU107,female,head,20260907,1,22.650341691694734,22.86875,22.122429585266865
1841.F05202,21,1841,1841:NAU161,male,head,20260907,1,24.247158301272314,26.1625,21.103828304658283
1841.P16426,20,1841,1841:NAU119,male,hand,20260907,1,24.137371240648196,23.2125,21.601712106852702
1841.P16373,20,1841,1841:NAU128,female,hand,20260907,1,22.702738770098804,25.8375,26.055436306583008
1841.P16397,32,1841,1841:NAU102,unknown,hand,20260907,1,22.690907106257644,23.49375,19.229535578986564
1841.P16590,23,1841,1841:CUB028,male,hand,20260907,1,24.137371240648196,23.58125,20.383805997070482
1841.F06586,21,1841,1841:CUB003,female,head,20260907,1,22.650341691694734,24.14375,23.222542277153206
1841.F06581,21,1841,1841:CUB003,female,head,20260907,1,22.650341691694734,27.06875,26.747516240273043
1841.P15240,21,1841,1841:CUB012,female,hand,20260907,1,22.702738770098804,27.34375,28.74580942946791
10317.000007122,60,10317,10317:2c2e468c2481938c25962a208bec11d9f0eeca11f8a06d48aa50be31a747dd0327f6137458e4dfda584fc42b4c5f35613440eef5b177a1d0569e16e7432648dd,male,hand,20260907,1,43.17424423708506,43.50625,48.11745296724515
10317.000007123,60,10317,10317:2c2e468c2481938c25962a208bec11d9f0eeca11f8a06d48aa50be31a747dd0327f6137458e4dfda584fc42b4c5f35613440eef5b177a1d0569e16e7432648dd,male,hand,20260907,1,43.17424423708506,44.71875,46.49797426341558
10317.000007121,60,10317,10317:2c2e468c2481938c25962a208bec11d9f0eeca11f8a06d48aa50be31a747dd0327f6137458e4dfda584fc42b4c5f35613440eef5b177a1d0569e16e7432648dd,male,head,20260907,1,42.18545826801498,53.05,51.2326345166931
1841.P16294,21,1841,1841:NAU161,male,hand,20260907,1,24.137371240648196,26.43125,24.488419028079075
1841.F05941,18,1841,1841:NCS213,female,head,20260907,1,22.650341691694734,26.69375,24.20927349593628
1841.F05415,20,1841,1841:NAU119,male,head,20260907,1,24.247158301272314,23.19375,19.828302122528978
10317.000068799,30,10317,10317:219fdff6b9dcec67c1aa0b866cb025d68ac35295256f63c520911912293fe0849d61cd408675c0305a5c92df708363f8172fc8e6969982b5a49c4e44d28547fb,female,head,20260907,1,48.8251818348013,41.275,45.88872167251056
10317.000063212,34,10317,10317:a392cbf64e250298f990fe6714ca17e38472972feee9471db99da4dfcfd1fe8b106d9ec41e004081362ba7728e8ac7a9d25f3b658d31bc856798d1c4eabb81c0,male,head,20260907,1,42.18545826801498,34.71875,38.83685803077012
10317.000005234,55,10317,10317:45e54011490a1e8319d45ba35b5c9c687e4ec395fd00d5bd3b927f21b897135e002c9c488ced29f5644e9cc87c9d6d420ce68c9a95f88b151cd7a4c6182ead64,male,hand,20260907,1,43.17424423708506,38.875,42.545865699949765
1841.P16034,21,1841,1841:NAU161,male,hand,20260907,1,24.137371240648196,23.3625,21.8056341577127
1841.F05496,19,1841,1841:NAU107,female,head,20260907,1,22.650341691694734,23.5375,22.2910759892231
1841.P15004,20,1841,1841:CUB037,female,hand,20260907,1,22.702738770098804,22.4375,23.809565060059892
1841.P15007,21,1841,1841:CUB003,female,hand,20260907,1,22.702738770098804,23.1875,24.372836762294945
1841.P15001,23,1841,1841:CUB028,male,hand,20260907,1,24.137371240648196,22.13125,20.876874523867183
1841.P15003,23,1841,1841:CUB028,male,hand,20260907,1,24.137371240648196,22.90625,21.40125964107538
1841.F06303,20,1841,1841:CUB037,female,head,20260907,1,22.650341691694734,24.35625,22.797291748655176
10317.000068811,23,10317,10317:aa700130bf2ad84f7dfbd70f11a1ed544685dac3b0af8c4231219413d86330f5973915da8180c4eaa587cffc3aa156c9dafbf597461ddd6251fef35831bd365a,male,head,20260907,1,42.18545826801498,35.725,37.83932389114759
1841.F05439,21,1841,1841:NAU161,male,head,20260907,1,24.247158301272314,25.19375,19.10607139204427
1841.F05434,20,1841,1841:NAU119,male,head,20260907,1,24.247158301272314,23.725,21.12620291527234
2010.1347,34,2010,2010:5,female,head,20260907,1,27.246575169857778,36.16875,29.376173591013934
1841.P15025,21,1841,1841:CUB003,female,hand,20260907,1,22.702738770098804,25.0,25.843662861152367
1841.P15221,36,1841,1841:CUB042,male,hand,20260907,1,24.137371240648196,33.2625,25.709741077531874
1841.F05987,18,1841,1841:NCS213,female,head,20260907,1,22.650341691694734,23.175,22.92798036586788
10317.000015058,80,10317,10317:8dd14dd80ae9b69218b4942e80486ca4299a19f9342258835b868633bfa7bff6581b9102dd034b2a58f5ea1a74b8a2ec5b06b38aca104935d0e20a6925b670f2,unknown,hand,20260907,1,38.93422250130329,52.35625,53.00770509111385
1841.P16251,20,1841,1841:NAU119,male,hand,20260907,1,24.137371240648196,22.9375,20.752475863859374
1841.P16068,21,1841,1841:NAU124,female,hand,20260907,1,22.702738770098804,22.4375,24.48102948662696
10317.000009540,53,10317,10317:58d4b73b2478e68af9ec6ecd6f84a5c5b12f4bc9800c9f70889f2bf166a48e6c18a19edff402e2d4ba36c6c10a1cb0f060bef325706d3ec31b9f0e301d253e1a,female,head,20260907,1,48.8251818348013,48.21875,53.72842387115839
1841.F06346,21,1841,1841:CUB012,female,head,20260907,1,22.650341691694734,27.05,25.825359873402128
1841.P15407,18,1841,1841:NCS213,female,hand,20260907,1,22.702738770098804,23.575,23.731600154039334
1841.P16278,21,1841,1841:NAU124,female,hand,20260907,1,22.702738770098804,24.73125,24.987047387356846
1841.F05470,19,1841,1841:NAU107,female,head,20260907,1,22.650341691694734,23.925,23.780686742841183
1841.F05645,21,1841,1841:CUB038,female,head,20260907,1,22.650341691694734,24.00625,25.189067958300217
1841.P16182,20,1841,1841:NAU119,male,hand,20260907,1,24.137371240648196,24.4,21.47670605704235
1841.P15988,21,1841,1841:CUB012,female,hand,20260907,1,22.702738770098804,26.61875,26.48383909917312
1841.P15985,20,1841,1841:CUB037,female,hand,20260907,1,22.702738770098804,30.125,28.607033835657514
1841.P15181,18,1841,1841:NCS213,female,hand,20260907,1,22.702738770098804,26.64375,22.888060171271817
1841.F05804,21,1841,1841:NAU124,female,head,20260907,1,22.650341691694734,23.30625,25.118174065967214
1841.P16516,21,1841,1841:CUB012,female,hand,20260907,1,22.702738770098804,23.84375,25.190833929499476
10317.000007128,39,10317,10317:8b672a386ead28ace9c7eaea68003a8d0be6651cf9544c799a49155c372bc6524d53fd7aae5b008caced52ac352c5fe0a4810a846032621cf2d9fc79200e1218,unknown,head,20260907,1,37.1173129807584,45.23125,41.64369399907844
10317.000007129,39,10317,10317:8b672a386ead28ace9c7eaea68003a8d0be6651cf9544c799a49155c372bc6524d53fd7aae5b008caced52ac352c5fe0a4810a846032621cf2d9fc79200e1218,unknown,hand,20260907,1,38.93422250130329,44.59375,43.71724935536977
2010.1246,34,2010,2010:5,female,head,20260907,1,27.246575169857778,35.65,28.533601247727386
10317.000028943,46,10317,10317:f418e55e3e56cef19b56c0429433fa84e94863f2dc63628da31cf79cf361518786dfccf3fb6ae6e69d5dda970371a55dfedfec2e4e44bf990c150a4b1010a10a,male,hand,20260907,1,43.17424423708506,44.0375,45.88952236582374
10317.000028942,46,10317,10317:f418e55e3e56cef19b56c0429433fa84e94863f2dc63628da31cf79cf361518786dfccf3fb6ae6e69d5dda970371a55dfedfec2e4e44bf990c150a4b1010a10a,male,hand,20260907,1,43.17424423708506,45.2,48.24381963532433
10317.000063440,30,10317,10317:012c33f74519c193ec10f17ef58846a7db07b462e5497db82c40fedc4ca3edac7e3c610143fdb11e0e0617da7dcd562ee2bf2be850227286ef06ab72c6361d25,male,head,20260907,1,42.18545826801498,37.125,37.10522461301907
10317.000063447,30,10317,10317:012c33f74519c193ec10f17ef58846a7db07b462e5497db82c40fedc4ca3edac7e3c610143fdb11e0e0617da7dcd562ee2bf2be850227286ef06ab72c6361d25,male,hand,20260907,1,43.17424423708506,38.2625,42.02831470539474
1841.F06410,21,1841,1841:CUB012,female,head,20260907,1,22.650341691694734,25.525,27.814962769044676
1841.F06414,36,1841,1841:CUB042,male,head,20260907,1,24.247158301272314,29.5375,20.484903204740846
10317.000049130,48,10317,10317:9f89ce9cb3dd20b1b698031ff7eb1f66511855e4c05edd9fc525916e365f4d81ff5e46e5432e82c4e4cc62f66a9167138f3bce9a784b0404333ee6c82e195bd6,male,head,20260907,1,42.18545826801498,43.5125,42.010398613536225
10317.000049131,48,10317,10317:9f89ce9cb3dd20b1b698031ff7eb1f66511855e4c05edd9fc525916e365f4d81ff5e46e5432e82c4e4cc62f66a9167138f3bce9a784b0404333ee6c82e195bd6,male,hand,20260907,1,43.17424423708506,40.375,42.87309516563849
10317.000049132,48,10317,10317:9f89ce9cb3dd20b1b698031ff7eb1f66511855e4c05edd9fc525916e365f4d81ff5e46e5432e82c4e4cc62f66a9167138f3bce9a784b0404333ee6c82e195bd6,male,hand,20260907,1,43.17424423708506,41.675,41.38047759528229
1841.P15792,20,1841,1841:NAU119,male,hand,20260907,1,24.137371240648196,22.56875,20.331569465467574
1841.P16531,23,1841,1841:CUB028,male,hand,20260907,1,24.137371240648196,23.06875,21.10999676042935
1841.P16537,20,1841,1841:CUB037,female,hand,20260907,1,22.702738770098804,22.5875,23.275603880322393
1841.P16211,21,1841,1841:NAU124,female,hand,20260907,1,22.702738770098804,23.075,25.491520308864008
1841.F05490,21,1841,1841:NAU161,male,head,20260907,1,24.247158301272314,22.79375,20.289260041958443
1841.P15168,18,1841,1841:NCS213,female,hand,20260907,1,22.702738770098804,23.85,23.25787059791314
1841.P15163,18,1841,1841:NCS213,female,hand,20260907,1,22.702738770098804,24.3625,24.657323614933823
10317.000005236,55,10317,10317:45e54011490a1e8319d45ba35b5c9c687e4ec395fd00d5bd3b927f21b897135e002c9c488ced29f5644e9cc87c9d6d420ce68c9a95f88b151cd7a4c6182ead64,male,head,20260907,1,42.18545826801498,40.3375,41.38977530718918
1841.F06355,36,1841,1841:CUB042,male,head,20260907,1,24.247158301272314,26.76875,20.808289409087198
10317.000009724,39,10317,10317:8b672a386ead28ace9c7eaea68003a8d0be6651cf9544c799a49155c372bc6524d53fd7aae5b008caced52ac352c5fe0a4810a846032621cf2d9fc79200e1218,unknown,hand,20260907,1,38.93422250130329,42.3875,40.77585847792713
1841.F05806,20,1841,1841:NAU128,female,head,20260907,1,22.650341691694734,23.625,23.04095978149498
2010.1260,27,2010,2010:1,female,head,20260907,1,27.246575169857778,35.575,26.825698606462502
1841.P16534,20,1841,1841:CUB037,female,hand,20260907,1,22.702738770098804,24.2,24.65463701895609
1841.P16536,36,1841,1841:CUB042,male,hand,20260907,1,24.137371240648196,26.5625,22.372020948252104
10317.000009725,39,10317,10317:8b672a386ead28ace9c7eaea68003a8d0be6651cf9544c799a49155c372bc6524d53fd7aae5b008caced52ac352c5fe0a4810a846032621cf2d9fc79200e1218,unknown,head,20260907,1,37.1173129807584,44.75,42.979937320276974
10317.000009722,39,10317,10317:8b672a386ead28ace9c7eaea68003a8d0be6651cf9544c799a49155c372bc6524d53fd7aae5b008caced52ac352c5fe0a4810a846032621cf2d9fc79200e1218,unknown,hand,20260907,1,38.93422250130329,45.29375,42.0809354326524
1841.F06479,22,1841,1841:CUB040,male,head,20260907,2,24.40790725636508,25.6,20.86374327313297
10317.000087026,50,10317,10317:9556b26ba73292c840427f56d0913d9372bd8a0285daab53c83800b8972dbbba507f9182b997a497c8a055076429cf80e4a5a7c313c7b1a6d508774a769bb61d,male,hand,20260907,2,44.45501722661544,43.55,44.69119419686514
1841.F05120,20,1841,1841:NAU110,female,head,20260907,2,21.675673218981053,27.9,22.266003577919378
1841.F05124,20,1841,1841:NAU110,female,head,20260907,2,21.675673218981053,28.25,22.32830978437817
1841.F05126,21,1841,1841:NAU154,female,head,20260907,2,21.675673218981053,26.95,23.115418523782896
1841.P16237,22,1841,1841:NAU130,female,hand,20260907,2,21.717476096173442,22.05,24.681656336747896
1841.P16491,22,1841,1841:NCS212,female,hand,20260907,2,21.717476096173442,24.93125,26.467446642610724
2010.2652,26,2010,2010:33,female,head,20260907,2,27.494274735564623,24.75,25.617587240835782
1841.F05820,30,1841,1841:NAU108,female,head,20260907,2,21.675673218981053,37.29375,26.598541892363304
1841.P16557,20,1841,1841:CUB027,female,hand,20260907,2,21.717476096173442,23.40625,24.802637117634536
1841.P16559,41,1841,1841:CUB050,female,hand,20260907,2,21.717476096173442,28.14375,27.1068732821109
1841.F06456,20,1841,1841:CUB036,female,head,20260907,2,21.675673218981053,24.25625,22.274518881631586
1841.F06458,21,1841,1841:CUB026,male,head,20260907,2,24.40790725636508,23.675,20.712959998685243
10317.000063344,29,10317,10317:e8fffa963380c63cba1d064de83b3a91000831ddbab3f8b56168ee1903063a0900f0a9b07f79b2f4a728ad7af62c82a718d51b95ccc1f12d6d1d3ce257c151f7,female,head,20260907,2,48.29283646538926,34.2125,36.522393682413664
1841.F05594,32,1841,1841:NAU150,female,head,20260907,2,21.675673218981053,27.5625,23.34975763150452
1841.F05595,21,1841,1841:NAU113,female,head,20260907,2,21.675673218981053,23.51875,21.829900728746516
1841.F05831,32,1841,1841:NAU150,female,head,20260907,2,21.675673218981053,26.1875,24.16711674622583
10317.000015451,46,10317,10317:3483b70983107b3501a2fdeab0f7e00b06ec05b5a7afdf499c410267e4aa99ea36b3643db981cdf6f557435d6ff028c1059e2bc75261e6f468598f093fde8b72,male,hand,20260907,2,44.45501722661544,53.1625,56.41618579669303
1841.P16577,29,1841,1841:CUB011,female,hand,20260907,2,21.717476096173442,21.94375,24.925449022144562
1841.P16572,22,1841,1841:CUB040,male,hand,20260907,2,24.4099372604461,25.60625,24.648722933924624
1841.F06556,41,1841,1841:CUB050,female,head,20260907,2,21.675673218981053,27.65625,25.49293714189354
1841.F06558,29,1841,1841:CUB011,female,head,20260907,2,21.675673218981053,23.5125,23.92393677748608
1841.P15435,19,1841,1841:NCS241,female,hand,20260907,2,21.717476096173442,23.59375,25.737925487503823
1841.F06482,21,1841,1841:CUB000,female,head,20260907,2,21.675673218981053,23.4875,22.11884868535246
1841.F06493,21,1841,1841:CUB000,female,head,20260907,2,21.675673218981053,25.05,23.56403471801327
1841.F06497,21,1841,1841:CUB000,female,head,20260907,2,21.675673218981053,21.75,20.56452152854542
1841.P15712,20,1841,1841:NAU110,female,hand,20260907,2,21.717476096173442,24.6125,24.309978382363408
1841.P15714,22,1841,1841:NAU130,female,hand,20260907,2,21.717476096173442,22.1375,24.19711545852236
1841.P15717,32,1841,1841:NAU150,female,hand,20260907,2,21.717476096173442,23.95,25.413686612596248
1841.P15716,21,1841,1841:NAU154,female,hand,20260907,2,21.717476096173442,24.5875,23.86495453827026
1841.P16380,30,1841,1841:NAU108,female,hand,20260907,2,21.717476096173442,24.5625,25.78952610473005
1841.F06441,20,1841,1841:CUB027,female,head,20260907,2,21.675673218981053,22.5125,22.96374304233821
1841.F06440,20,1841,1841:CUB027,female,head,20260907,2,21.675673218981053,23.50625,23.844262808088384
1841.F06570,20,1841,1841:CUB036,female,head,20260907,2,21.675673218981053,21.75,22.86695405654399
10317.000048946,25,10317,10317:fd658c211decf8560568703bb1621dc7ab2972b0403502579cb6058df268644a35e2777929b99fcec24a21c8dac8e433694e070c10166c3c162dc7d93491b7c9,unknown,hand,20260907,2,49.735733673177656,44.50625,47.3951275309801
10317.000048947,25,10317,10317:fd658c211decf8560568703bb1621dc7ab2972b0403502579cb6058df268644a35e2777929b99fcec24a21c8dac8e433694e070c10166c3c162dc7d93491b7c9,unknown,head,20260907,2,41.08524692438384,46.075,45.39584187507565
1841.P15520,20,1841,1841:NAU110,female,hand,20260907,2,21.717476096173442,28.95625,23.026336616566322
1841.F05553,20,1841,1841:NAU110,female,head,20260907,2,21.675673218981053,27.075,22.14762506887427
1841.F06464,20,1841,1841:CUB036,female,head,20260907,2,21.675673218981053,23.25,22.92834587387046
1841.F05882,21,1841,1841:NAU151,male,head,20260907,2,24.40790725636508,24.03125,19.51526258393984
1841.F05889,33,1841,1841:NAU144,male,head,20260907,2,24.40790725636508,25.16875,21.149758399362867
10317.000041057,33,10317,10317:cc7a72730c7716b41648ac90728f72eb759bd32caaa07b60e4db721abd907a2e38b19314c602ce3a7b19a7634037bd360e4d54c532513a267152129589e536de,male,hand,20260907,2,44.45501722661544,38.03125,40.707123640462015
1841.P16066,20,1841,1841:NAU110,female,hand,20260907,2,21.717476096173442,27.21875,24.750267161280426
1841.P16419,22,1841,1841:NCS212,female,hand,20260907,2,21.717476096173442,23.6625,23.26452363276035
1841.P16411,22,1841,1841:NCS212,female,hand,20260907,2,21.717476096173442,22.85,24.269922554825666
2010.1617,28,2010,2010:13,female,head,20260907,2,27.494274735564623,41.9,31.44103660546495
1841.F06510,21,1841,1841:CUB000,female,head,20260907,2,21.675673218981053,24.8875,23.93302146032247
2010.2255,22,2010,2010:27,female,head,20260907,2,27.494274735564623,38.8375,30.21416123166361
1841.F05537,30,1841,1841:NAU108,female,head,20260907,2,21.675673218981053,26.3625,25.645862778788498
1841.F05532,22,1841,1841:NAU130,female,head,20260907,2,21.675673218981053,21.94375,21.95595488372967
1841.F05533,22,1841,1841:NAU116,male,head,20260907,2,24.40790725636508,21.45625,19.38698566762755
1841.P16086,20,1841,1841:NAU110,female,hand,20260907,2,21.717476096173442,28.1125,26.46309352300073
1841.F06181,29,1841,1841:CUB011,female,head,20260907,2,21.675673218981053,24.925,24.19269152287794
1841.P15976,21,1841,1841:CUB000,female,hand,20260907,2,21.717476096173442,24.475,26.820978661912434
1841.P15966,29,1841,1841:CUB011,female,hand,20260907,2,21.717476096173442,22.175,24.875331819250434
1841.F05276,24,1841,1841:NAU109,male,head,20260907,2,24.40790725636508,25.68125,21.258304947489542
1841.F05278,24,1841,1841:NAU109,male,head,20260907,2,24.40790725636508,23.5875,21.160459133936666
10317.000066824,29,10317,10317:7f8b5599423e74bb4268af85d143fbeed68370b2eaa79f6e6facbcf10974040d6ef4afefb5ff2aab1f618ba97f2eecc39b0621fb60a556425670ca9606d4aa0c,male,head,20260907,2,42.10485097427183,37.00625,34.8456340816178
1841.F06531,21,1841,1841:CUB026,male,head,20260907,2,24.40790725636508,23.85,19.83070095703172
1841.F06537,41,1841,1841:CUB050,female,head,20260907,2,21.675673218981053,26.88125,27.007939471291103
1841.F05515,20,1841,1841:NAU110,female,head,20260907,2,21.675673218981053,28.25625,23.780923055516173
1841.F05510,24,1841,1841:NAU109,male,head,20260907,2,24.40790725636508,25.1125,20.344351919172798
10317.000005597,74,10317,10317:7ba032cf20a095821627a110ab26bb5c1b92a9eec7dc65f29d2b0b7c0f2dece8e620882864fff5d7d829b5d72d5061c1b402d6fba6e4e8a623373670f402b87e,male,hand,20260907,2,44.45501722661544,45.8875,47.25159192788116
1841.F05436,20,1841,1841:NAU110,female,head,20260907,2,21.675673218981053,28.4125,21.447801569092963
10317.000063284,29,10317,10317:c78075767b35e039a0b606f8a727e3fc3e2823715abe6a1c7c9956e664a6ff667e1ed5a2426907b56b3a7776221005afb7b5f38d5a651d25074abdbea76cec2f,male,head,20260907,2,42.10485097427183,37.1125,38.53835348370625
1841.P15955,22,1841,1841:CUB040,male,hand,20260907,2,24.4099372604461,21.9625,21.118721779240463
1841.F05258,33,1841,1841:NAU144,male,head,20260907,2,24.40790725636508,24.16875,19.941580492836298
1841.F06052,22,1841,1841:NCS212,female,head,20260907,2,21.675673218981053,23.1625,21.744064118477283
1841.P16329,30,1841,1841:NAU108,female,hand,20260907,2,21.717476096173442,22.45625,25.519659034941757
1841.P16328,30,1841,1841:NAU108,female,hand,20260907,2,21.717476096173442,40.85,29.605090110896512
1841.P16320,33,1841,1841:NAU144,male,hand,20260907,2,24.4099372604461,21.41875,20.450586836333287
1841.P16451,22,1841,1841:NAU130,female,hand,20260907,2,21.717476096173442,21.9875,24.181663728032913
1841.P16325,33,1841,1841:NAU144,male,hand,20260907,2,24.4099372604461,23.725,21.49586451088567
1841.P16326,24,1841,1841:NAU109,male,hand,20260907,2,24.4099372604461,24.15,21.102108288069562
1841.F05043,22,1841,1841:NCS212,female,head,20260907,2,21.675673218981053,22.03125,22.255473765552864
2010.1653,28,2010,2010:13,female,head,20260907,2,27.494274735564623,42.45625,30.964146952071275
10317.000003085,53,10317,10317:8665422eb8a1ffd2fa3c26bdc0bd4cb3cd47439a5631922ac7af3c45be2274db8dfab19dc80c4bb5237d7035d95768044a90af2a19499f5e5af50d527a6174c7,female,hand,20260907,2,51.94862836076935,42.16875,49.11121318658374
1841.P15096,21,1841,1841:CUB000,female,hand,20260907,2,21.717476096173442,23.24375,26.293763576213024
1841.P15091,21,1841,1841:CUB000,female,hand,20260907,2,21.717476096173442,22.49375,24.34901860740927
1841.P15549,30,1841,1841:NAU108,female,hand,20260907,2,21.717476096173442,25.40625,27.614443997830325
1841.P16157,24,1841,1841:NAU109,male,hand,20260907,2,24.4099372604461,23.19375,24.39880216892932
1841.P15932,21,1841,1841:CUB026,male,hand,20260907,2,24.4099372604461,21.8875,20.48594461441283
1841.F06274,32,1841,1841:NAU150,female,head,20260907,2,21.675673218981053,23.1625,22.29357157451809
1841.F06276,32,1841,1841:NAU150,female,head,20260907,2,21.675673218981053,24.34375,22.966271387504264
1841.F06277,32,1841,1841:NAU150,female,head,20260907,2,21.675673218981053,25.15,25.28502024517774
1841.F06270,22,1841,1841:NAU130,female,head,20260907,2,21.675673218981053,22.6625,20.80282458284138
10317.000005079,33,10317,10317:a29fd754368cde4d06c428f68fac03a5f07bc4192f8ad6f00b4dead3a90b4f2a07cda53d353c8eebcdf472b25a87cc69592d2bcf0fae7f901a0ee6e9cff063c9,male,head,20260907,2,42.10485097427183,41.425,39.81605489596981
1841.P16307,33,1841,1841:NAU144,male,hand,20260907,2,24.4099372604461,22.0625,20.53100277176549
1841.P16305,33,1841,1841:NAU144,male,hand,20260907,2,24.4099372604461,24.43125,20.973743957343267
1841.P16304,33,1841,1841:NAU144,male,hand,20260907,2,24.4099372604461,22.41875,21.190373128989226
1841.P15213,20,1841,1841:CUB027,female,hand,20260907,2,21.717476096173442,22.63125,25.28172725878994
10317.000069142,34,10317,10317:2fe8dc51162640ecda81c266c7b13a12fa0b362550125c042231ebf311ae65b5597119ff4c21bc3e0d2daf7c54569db93c6d59b2cd8c7abd7c7e43d806b66718,male,hand,20260907,2,44.45501722661544,38.81875,44.92502027930083
10317.000068842,36,10317,10317:1828cb0e8db79ff7771af2763605e12af956358756170093e17230a4ffb081fdfb2040dc65ff286b54429aedd73f9630fd5d98b9a5ad628c6116a74fb994dcf8,male,hand,20260907,2,44.45501722661544,37.8875,41.48483502253453
1841.F05006,22,1841,1841:NCS212,female,head,20260907,2,21.675673218981053,23.78125,23.36904292012916
2010.2149,22,2010,2010:27,female,head,20260907,2,27.494274735564623,38.6,28.93856944015639
1841.P16174,24,1841,1841:NAU109,male,hand,20260907,2,24.4099372604461,25.59375,23.35546649317251
1841.P15914,29,1841,1841:CUB011,female,hand,20260907,2,21.717476096173442,22.075,24.761607778573932
1841.P15258,21,1841,1841:CUB026,male,hand,20260907,2,24.4099372604461,21.98125,21.37437100872146
1841.F05213,30,1841,1841:NAU108,female,head,20260907,2,21.675673218981053,21.575,22.090649704192494
1841.F05218,32,1841,1841:NAU150,female,head,20260907,2,21.675673218981053,24.66875,24.23787815224572
1841.P16367,22,1841,1841:NAU130,female,hand,20260907,2,21.717476096173442,21.75625,24.5836292718615
1841.P16366,33,1841,1841:NAU144,male,hand,20260907,2,24.4099372604461,23.90625,21.903562823955838
1841.P16369,21,1841,1841:NAU154,female,hand,20260907,2,21.717476096173442,24.3125,26.63649954941134
1841.P16581,21,1841,1841:CUB000,female,hand,20260907,2,21.717476096173442,24.49375,26.72914294641665
1841.P16583,20,1841,1841:CUB036,female,hand,20260907,2,21.717476096173442,23.98125,24.48596644397124
1841.P16586,20,1841,1841:CUB027,female,hand,20260907,2,21.717476096173442,22.4625,26.30143823840443
1841.P15057,20,1841,1841:CUB036,female,hand,20260907,2,21.717476096173442,22.75625,25.155078659541477
10317.000049876,74,10317,10317:7ba032cf20a095821627a110ab26bb5c1b92a9eec7dc65f29d2b0b7c0f2dece8e620882864fff5d7d829b5d72d5061c1b402d6fba6e4e8a623373670f402b87e,male,head,20260907,2,42.10485097427183,49.53125,48.78472990880505
1841.F06330,20,1841,1841:CUB027,female,head,20260907,2,21.675673218981053,23.2625,23.65316555526408
1841.F05029,22,1841,1841:NCS212,female,head,20260907,2,21.675673218981053,21.50625,22.487065358369918
1841.P15277,21,1841,1841:CUB026,male,hand,20260907,2,24.4099372604461,24.9375,22.082516082753592
1841.F05689,21,1841,1841:CUB026,male,head,20260907,2,24.40790725636508,23.2125,20.04327645893033
1841.F05682,20,1841,1841:CUB027,female,head,20260907,2,21.675673218981053,23.08125,23.847753441601608
1841.F05684,21,1841,1841:CUB026,male,head,20260907,2,24.40790725636508,24.00625,21.422811812090025
1841.P15554,20,1841,1841:NAU110,female,hand,20260907,2,21.717476096173442,25.59375,28.487462798125883
1841.P15559,21,1841,1841:NAU154,female,hand,20260907,2,21.717476096173442,22.7875,22.939334385473714
1841.F05977,18,1841,1841:NCS232,female,head,20260907,2,21.675673218981053,25.98125,24.330073973748796
1841.F06109,41,1841,1841:CUB050,female,head,20260907,2,21.675673218981053,28.425,24.560757489945082
1841.P16343,30,1841,1841:NAU108,female,hand,20260907,2,21.717476096173442,24.03125,24.809352084279762
1841.P16340,24,1841,1841:NAU109,male,hand,20260907,2,24.4099372604461,28.5,23.706540072695365
2010.1814,34,2010,2010:17,female,head,20260907,2,27.494274735564623,36.925,28.013493916901464
10317.000005021,30,10317,10317:2c781cf584aee5d39efce29589579b7dd2febe3a4bfa62c60433de1447518df5880335cd63d2437a93a394f955e59f77d49504cf3a905aa0691d531a5832b69b,female,hand,20260907,2,51.94862836076935,41.775,47.41247695759537
1841.P15070,20,1841,1841:CUB036,female,hand,20260907,2,21.717476096173442,23.0625,25.17137425294937
1841.P15076,21,1841,1841:CUB000,female,hand,20260907,2,21.717476096173442,22.7875,24.146859324940912
1841.P15077,21,1841,1841:CUB000,female,hand,20260907,2,21.717476096173442,26.26875,27.613870481716805
1841.F06311,21,1841,1841:CUB026,male,head,20260907,2,24.40790725636508,23.225,20.412863106164707
1841.F06319,21,1841,1841:CUB000,female,head,20260907,2,21.675673218981053,25.70625,23.61133712176335
1841.F05340,22,1841,1841:NCS212,female,head,20260907,2,21.675673218981053,29.325,27.125528901816864
1841.P16287,32,1841,1841:NAU150,female,hand,20260907,2,21.717476096173442,25.26875,26.650883962937783
10317.000069034,22,10317,10317:a6a72ae91b2b02c8ea4cfe12d58d98ebe5b424cd88d36f8b84e1deec1b971b6c50e1fbca139d0b8b67d6f73821c7922d555844d105af99dd4813cd966993df6f,male,hand,20260907,2,44.45501722661544,36.11875,39.080069089092945
1841.F05408,21,1841,1841:NAU154,female,head,20260907,2,21.675673218981053,23.9125,21.91545165233459
1841.P16324,21,1841,1841:NAU151,male,hand,20260907,2,24.4099372604461,24.225,22.337332553515463
1841.F06123,41,1841,1841:CUB050,female,head,20260907,2,21.675673218981053,32.2625,24.37434466737954
1841.P15020,22,1841,1841:CUB040,male,hand,20260907,2,24.4099372604461,33.825,30.324793884862974
2010.1715,22,2010,2010:15,female,head,20260907,2,27.494274735564623,36.66875,28.37186703032879
10317.000005598,74,10317,10317:7ba032cf20a095821627a110ab26bb5c1b92a9eec7dc65f29d2b0b7c0f2dece8e620882864fff5d7d829b5d72d5061c1b402d6fba6e4e8a623373670f402b87e,male,hand,20260907,2,44.45501722661544,45.48125,47.34140320064181
10317.000005594,74,10317,10317:7ba032cf20a095821627a110ab26bb5c1b92a9eec7dc65f29d2b0b7c0f2dece8e620882864fff5d7d829b5d72d5061c1b402d6fba6e4e8a623373670f402b87e,male,head,20260907,2,42.10485097427183,43.15,44.16566611306855
1841.P15014,20,1841,1841:CUB036,female,hand,20260907,2,21.717476096173442,24.9875,23.92210203219267
1841.P15011,41,1841,1841:CUB050,female,hand,20260907,2,21.717476096173442,27.29375,27.83493085329746
1841.F06378,21,1841,1841:CUB000,female,head,20260907,2,21.675673218981053,24.89375,23.359957622787842
1841.F05421,22,1841,1841:NAU130,female,head,20260907,2,21.675673218981053,22.75625,24.19761281587869
10317.000027763,32,10317,10317:cc923c4395f942a7be06745a9437731d12a282545bc59fe0b238fef4ed14300cab1a65ed16964ba9a8f4c846101d7788077d138343a7acc82f00e6b9375b6efb,male,hand,20260907,2,44.45501722661544,42.69375,45.155119826451326
1841.P15940,20,1841,1841:CUB036,female,hand,20260907,2,21.717476096173442,22.60625,25.252616206559317
10317.000072302,41,10317,10317:400d83c79d0086701c4c33b64a7e55f4f464325c35db42f0fed54c6d6f796d9b7943607ae3434897302c87033bd2704c82d5bed240c95f743566d2b3fd469f57,female,head,20260907,2,48.29283646538926,42.2,43.96173220099682
1841.P16079,22,1841,1841:NAU130,female,hand,20260907,2,21.717476096173442,22.55625,25.216799480455535
1841.F05180,32,1841,1841:NAU150,female,head,20260907,2,21.675673218981053,26.73125,25.69927119571959
2010.1728,22,2010,2010:15,female,head,20260907,2,27.494274735564623,39.0,31.419756187657654
1841.P15039,20,1841,1841:CUB027,female,hand,20260907,2,21.717476096173442,23.05625,26.1389537034518
1841.P15036,21,1841,1841:CUB026,male,hand,20260907,2,24.4099372604461,23.1375,20.52043272472909
1841.P15037,41,1841,1841:CUB050,female,hand,20260907,2,21.717476096173442,26.7375,29.29376573029065
1841.P15030,41,1841,1841:CUB050,female,hand,20260907,2,21.717476096173442,27.3875,28.14209046614643
1841.F06425,22,1841,1841:CUB040,male,head,20260907,2,24.40790725636508,23.075,21.094844870000998
1841.F06424,22,1841,1841:CUB040,male,head,20260907,2,24.40790725636508,25.73125,20.177076605332587
1841.P15295,20,1841,1841:CUB027,female,hand,20260907,2,21.717476096173442,23.925,26.17046474376153
1841.P15297,22,1841,1841:CUB040,male,hand,20260907,2,24.4099372604461,25.2625,23.334891988201495
1841.F05852,24,1841,1841:NAU109,male,head,20260907,2,24.40790725636508,23.71875,21.39674629272997
1841.F06168,20,1841,1841:CUB036,female,head,20260907,2,21.675673218981053,21.68125,21.460607910709584
1841.P15999,21,1841,1841:CUB026,male,hand,20260907,2,24.4099372604461,23.775,23.08115253506983
1841.P15600,32,1841,1841:NAU150,female,hand,20260907,2,21.717476096173442,27.8125,25.465872862717713
10317.000048388,21,10317,10317:30d7ca7c505d10cb4c76c0443a75de8f2f826d67386377db4fa33b8983b7e1be84ec36794891a1993f919a1c5c528a78e39e90c8c94320bc3b555e3aa3643685,female,head,20260907,2,48.29283646538926,44.425,49.89773467546634
10317.000048389,21,10317,10317:30d7ca7c505d10cb4c76c0443a75de8f2f826d67386377db4fa33b8983b7e1be84ec36794891a1993f919a1c5c528a78e39e90c8c94320bc3b555e3aa3643685,female,hand,20260907,2,51.94862836076935,42.4375,49.8322477184495
1841.F05874,24,1841,1841:NAU109,male,head,20260907,2,24.40790725636508,24.525,21.133164841363907
1841.P16508,20,1841,1841:CUB027,female,hand,20260907,2,21.717476096173442,22.1,24.22519004615145
1841.P16504,21,1841,1841:CUB000,female,hand,20260907,2,21.717476096173442,23.7125,25.123888184200627
10317.000010743,57,10317,10317:e3d63efad86b6ba5702575dbdf508760336727d94a56fa3563ac83a3936884e3760920dec88797bbb8362b8e7199a290f7746e80e9991d22fa187e1e4b2b0f25,male,head,20260907,2,42.10485097427183,46.93125,46.61767394738142
1841.F05246,33,1841,1841:NAU144,male,head,20260907,2,24.40790725636508,24.4875,18.45055257181633
1841.F06400,29,1841,1841:CUB011,female,head,20260907,2,21.675673218981053,24.98125,24.722479017920914
1841.P16337,32,1841,1841:NAU150,female,hand,20260907,2,21.717476096173442,25.8375,25.68946190780874
1841.P16335,33,1841,1841:NAU144,male,hand,20260907,2,24.4099372604461,24.43125,22.114518174254336
10317.000041346,46,10317,10317:e264e42ddf5814bac0981098f8e9a48fb9a1d3524b60bad0405e26151eceeaa0db735671ad5dc0c78c554c78e4d745510d94413264b20449f53a1fe1be4f0529,male,hand,20260907,2,44.45501722661544,43.81875,47.25715170913946
10317.000041345,46,10317,10317:e264e42ddf5814bac0981098f8e9a48fb9a1d3524b60bad0405e26151eceeaa0db735671ad5dc0c78c554c78e4d745510d94413264b20449f53a1fe1be4f0529,male,hand,20260907,2,44.45501722661544,43.8875,45.80223458484908
10317.000069027,22,10317,10317:a6a72ae91b2b02c8ea4cfe12d58d98ebe5b424cd88d36f8b84e1deec1b971b6c50e1fbca139d0b8b67d6f73821c7922d555844d105af99dd4813cd966993df6f,male,head,20260907,2,42.10485097427183,36.31875,38.14204700474403
10317.000015120,28,10317,10317:d031d7eaf91c489f64052f69777e1385468d8cbdc419eb3568de9547015ad04606d5d70ca9970521bd182907f9b00d2640e54727e0262ceaea9ccb7d9603385e,female,hand,20260907,2,51.94862836076935,43.0,49.545161109811914
1841.F05819,33,1841,1841:NAU144,male,head,20260907,2,24.40790725636508,23.2875,19.266574275657693
1841.F05818,22,1841,1841:NAU130,female,head,20260907,2,21.675673218981053,21.6,22.10084275401918
1841.F05816,21,1841,1841:NAU154,female,head,20260907,2,21.675673218981053,24.3375,23.982787280343125
1841.F05813,20,1841,1841:NAU110,female,head,20260907,2,21.675673218981053,26.775,22.4578207041452
1841.F05812,24,1841,1841:NAU109,male,head,20260907,2,24.40790725636508,26.075,20.33464943004916
1841.P16527,21,1841,1841:CUB026,male,hand,20260907,2,24.4099372604461,22.35,21.603098308457103
1841.F06351,20,1841,1841:CUB036,female,head,20260907,2,21.675673218981053,22.2625,22.07975394529706
1841.F06467,22,1841,1841:CUB040,male,head,20260907,2,24.40790725636508,26.14375,21.81619978918117
1841.F06391,21,1841,1841:CUB026,male,head,20260907,2,24.40790725636508,22.58125,20.68888220605528
1841.P15610,41,1841,1841:CUB050,female,hand,20260907,2,21.717476096173442,28.63125,28.65760817801595
1841.P15784,21,1841,1841:NAU154,female,hand,20260907,2,21.717476096173442,23.71875,26.55790248021191
1841.P15785,22,1841,1841:NAU130,female,hand,20260907,2,21.717476096173442,22.36875,24.979044012083733
1841.P15788,22,1841,1841:NAU130,female,hand,20260907,2,21.717476096173442,21.75625,23.703472625138467
1841.F05664,22,1841,1841:CUB040,male,head,20260907,2,24.40790725636508,25.79375,20.65321232576003
1841.F05661,21,1841,1841:CUB000,female,head,20260907,2,21.675673218981053,24.2375,23.36894196438687
10317.000015326,35,10317,10317:6eb269d94d6e32fa517a561269634737fc4de40944d6d037a2c1e867bbe9e8d13686a131c81709f95eabe5834b99badd054994b1cf967842aaca451c97a22451,female,hand,20260907,2,51.94862836076935,42.01875,51.750544515235035
1841.F05481,22,1841,1841:NAU130,female,head,20260907,2,21.675673218981053,23.0,23.577251488416973
10317.000015452,45,10317,10317:3483b70983107b3501a2fdeab0f7e00b06ec05b5a7afdf499c410267e4aa99ea36b3643db981cdf6f557435d6ff028c1059e2bc75261e6f468598f093fde8b72,male,head,20260907,2,42.10485097427183,46.03125,45.87613226178138
10317.000031066,42,10317,10317:7335b37622ba1bdd7e488bc6758f7c8fd36c26e43d8fdb09f00e1ae18ff0959bc7f4f27508aebf68b1a500bbc62282d5389c9d49419171cf9e9c946f433596f6,male,hand,20260907,2,44.45501722661544,41.13125,42.2363224566589
2010.3117,31,2010,2010:41,female,head,20260907,2,27.494274735564623,34.5375,25.889920316115365
1841.F05833,30,1841,1841:NAU108,female,head,20260907,2,21.675673218981053,24.28125,25.046789980448253
1841.F05343,21,1841,1841:NAU154,female,head,20260907,2,21.675673218981053,23.59375,23.290375437431162
1841.F05345,22,1841,1841:NCS212,female,head,20260907,2,21.675673218981053,25.7625,26.850867765948855
1841.F05834,30,1841,1841:NAU108,female,head,20260907,2,21.675673218981053,27.3125,26.960994778034777
1841.F05628,41,1841,1841:CUB050,female,head,20260907,2,21.675673218981053,26.36875,23.625649676841395
1841.P16014,32,1841,1841:NAU150,female,hand,20260907,2,21.717476096173442,23.38125,24.61489371657504
1841.F05442,20,1841,1841:NAU110,female,head,20260907,2,21.675673218981053,26.53125,23.163247999715605
1841.F05644,22,1841,1841:CUB040,male,head,20260907,2,24.40790725636508,29.85,19.766970392176074
1841.F05136,22,1841,1841:NAU130,female,head,20260907,2,21.675673218981053,21.59375,23.02375800625665
1841.P16228,32,1841,1841:NAU150,female,hand,20260907,2,21.717476096173442,23.625,24.981996678950622
1841.P16488,22,1841,1841:NCS212,female,hand,20260907,2,21.717476096173442,21.33125,24.862323540472808
1841.F05841,30,1841,1841:NAU108,female,head,20260907,2,21.675673218981053,23.9125,25.627301331768038
2010.1689,22,2010,2010:15,female,head,20260907,2,27.494274735564623,38.54375,31.6797618624543
1841.P15132,18,1841,1841:NCS232,female,hand,20260907,2,21.717476096173442,24.2875,24.90241230910731
10317.000003299,61,10317,10317:e7639c4697365b2cdd0af17e85e19fae656bebe2ca231e4057397460de8a06886fbdc663413a68e30c542241a5d4a8765a2affefbadf0e387eda6d67a72749a0,male,head,20260907,2,42.10485097427183,43.025,44.28198099125392
1841.P15683,29,1841,1841:CUB011,female,hand,20260907,2,21.717476096173442,22.4875,25.406787000752388
1841.F06550,22,1841,1841:CUB040,male,head,20260907,2,24.40790725636508,26.66875,20.903388423095755
1841.F06483,21,1841,1841:CUB000,female,head,20260907,2,21.675673218981053,23.26875,23.077422960784418
1841.P16569,41,1841,1841:CUB050,female,hand,20260907,2,21.717476096173442,30.10625,28.273714912038145
1841.P16566,41,1841,1841:CUB050,female,hand,20260907,2,21.717476096173442,25.84375,26.2222548593891
10317.000028916,73,10317,10317:f683242e74204128eb6f0c48f059f9cc0f82c39979573e92a85625acbd1daa1c25397a2b8f8904604e543f3f09aaad3960234f5612a616d2bc9c639e9be3e5b9,female,head,20260907,2,48.29283646538926,45.0625,48.86685523607109
2010.3092,31,2010,2010:41,female,head,20260907,2,27.494274735564623,37.94375,29.109878646736583
1841.P16602,22,1841,1841:CUB040,male,hand,20260907,2,24.4099372604461,27.5375,23.1145565438984
10317.000063351,29,10317,10317:e8fffa963380c63cba1d064de83b3a91000831ddbab3f8b56168ee1903063a0900f0a9b07f79b2f4a728ad7af62c82a718d51b95ccc1f12d6d1d3ce257c151f7,female,hand,20260907,2,51.94862836076935,32.5625,37.71962936010141
1841.P15803,21,1841,1841:NAU154,female,hand,20260907,2,21.717476096173442,22.40625,25.08307262393701
2010.2690,26,2010,2010:33,female,head,20260907,2,27.494274735564623,24.5125,25.746138826566053
1841.F05560,21,1841,1841:NAU154,female,head,20260907,2,21.675673218981053,22.6375,22.720266284009803
1841.F06345,20,1841,1841:CUB036,female,head,20260907,2,21.675673218981053,21.73125,21.945196274279994
1841.F06435,41,1841,1841:CUB050,female,head,20260907,2,21.675673218981053,31.1125,25.81146510261844
10317.000005088,34,10317,10317:b74b978649567cb54fc875fffd91ae1e96fe51d67ba3b37beafd17700ef6cc8174703285ab46d656b674c96a535fb1c24429eee1b4c50b47eedb924ba7c66a50,male,head,20260907,2,42.10485097427183,45.25625,45.94805103929516
10317.000005084,34,10317,10317:b74b978649567cb54fc875fffd91ae1e96fe51d67ba3b37beafd17700ef6cc8174703285ab46d656b674c96a535fb1c24429eee1b4c50b47eedb924ba7c66a50,male,hand,20260907,2,44.45501722661544,44.90625,48.39593800642875
10317.000005086,34,10317,10317:b74b978649567cb54fc875fffd91ae1e96fe51d67ba3b37beafd17700ef6cc8174703285ab46d656b674c96a535fb1c24429eee1b4c50b47eedb924ba7c66a50,male,hand,20260907,2,44.45501722661544,44.125,46.834877478691475
10317.000005081,33,10317,10317:a29fd754368cde4d06c428f68fac03a5f07bc4192f8ad6f00b4dead3a90b4f2a07cda53d353c8eebcdf472b25a87cc69592d2bcf0fae7f901a0ee6e9cff063c9,male,hand,20260907,2,44.45501722661544,37.28125,43.420127952592075
10317.000005083,33,10317,10317:a29fd754368cde4d06c428f68fac03a5f07bc4192f8ad6f00b4dead3a90b4f2a07cda53d353c8eebcdf472b25a87cc69592d2bcf0fae7f901a0ee6e9cff063c9,male,hand,20260907,2,44.45501722661544,38.925,43.89159546048461
10317.000015330,35,10317,10317:6eb269d94d6e32fa517a561269634737fc4de40944d6d037a2c1e867bbe9e8d13686a131c81709f95eabe5834b99badd054994b1cf967842aaca451c97a22451,female,head,20260907,2,48.29283646538926,40.73125,46.84742187264798
10317.000027366,37,10317,10317:482345a32e3a7b9b720d6fdc686fc3e70d753e64e43afd362ef02e1fc5dd37b501623bdb8a16c51af559d1fc8a5f1aea69b6791e90ce65954b3ece776b8e4868,male,hand,20260907,2,44.45501722661544,45.54375,46.90090229753408
1841.P15533,22,1841,1841:NAU130,female,hand,20260907,2,21.717476096173442,22.28125,24.88554164497295
1841.P15532,21,1841,1841:NAU154,female,hand,20260907,2,21.717476096173442,22.59375,23.774114141013868
1841.P15534,22,1841,1841:NAU116,male,hand,20260907,2,24.4099372604461,23.4125,22.4270925221488
1841.F05619,21,1841,1841:CUB000,female,head,20260907,2,21.675673218981053,25.35625,24.736922587461326
1841.F05615,20,1841,1841:CUB027,female,head,20260907,2,21.675673218981053,23.36875,25.167920094520607
1841.F05893,33,1841,1841:NAU144,male,head,20260907,2,24.40790725636508,23.95,18.274606563694384
1841.F05898,24,1841,1841:NAU109,male,head,20260907,2,24.40790725636508,23.45,20.68325095369895
1841.P16393,33,1841,1841:NAU144,male,hand,20260907,2,24.4099372604461,22.8,20.652456774897473
10317.000041062,33,10317,10317:cc7a72730c7716b41648ac90728f72eb759bd32caaa07b60e4db721abd907a2e38b19314c602ce3a7b19a7634037bd360e4d54c532513a267152129589e536de,male,hand,20260907,2,44.45501722661544,38.28125,43.47154556665163
10317.000004053,54,10317,10317:7c2ab4fd0ff794379f970934bd5bd789fb515903877b15c3dd2422a09212fc3a5ad62b4d2a149d5d34564a6e8e0488a0c4b1d673016c8a9c4870363225cb4059,female,hand,20260907,2,51.94862836076935,43.35,49.13261086784418
2010.3050,31,2010,2010:41,female,head,20260907,2,27.494274735564623,37.36875,28.71323091525557
1841.F05157,20,1841,1841:NAU110,female,head,20260907,2,21.675673218981053,27.48125,21.594353945847935
10317.000068998,29,10317,10317:fad8ec3f3e1d0020041ba9c117373e6abfd242b0ece7d768af390422eb907827a7ac8fb22732c500478dcf1ab82bd83ed997d23b1233bce38d043d35edf8f47c,unknown,hand,20260907,2,49.735733673177656,40.26875,38.071307691498745
10317.000068991,29,10317,10317:fad8ec3f3e1d0020041ba9c117373e6abfd242b0ece7d768af390422eb907827a7ac8fb22732c500478dcf1ab82bd83ed997d23b1233bce38d043d35edf8f47c,unknown,head,20260907,2,41.08524692438384,40.125,43.467918653743624
1841.P16399,24,1841,1841:NAU109,male,hand,20260907,2,24.4099372604461,23.325,22.52913823914182
1841.F06563,20,1841,1841:CUB027,female,head,20260907,2,21.675673218981053,24.9375,23.17873107018988
1841.F06565,41,1841,1841:CUB050,female,head,20260907,2,21.675673218981053,27.35625,24.967719725482066
1841.P15517,33,1841,1841:NAU144,male,hand,20260907,2,24.4099372604461,26.69375,22.035035559115684
1841.P15512,24,1841,1841:NAU109,male,hand,20260907,2,24.4099372604461,21.8625,20.573557840821337
1841.F05527,33,1841,1841:NAU144,male,head,20260907,2,24.40790725636508,24.825,19.005694984474687
1841.P16099,20,1841,1841:NAU110,female,hand,20260907,2,21.717476096173442,28.93125,24.78176281553551
1841.P15724,32,1841,1841:NAU150,female,hand,20260907,2,21.717476096173442,25.825,26.325325953318774
1841.P15728,20,1841,1841:NAU110,female,hand,20260907,2,21.717476096173442,27.71875,23.765764078299217
2010.1665,22,2010,2010:15,female,head,20260907,2,27.494274735564623,35.95625,26.48740166597036
1841.F06503,20,1841,1841:CUB027,female,head,20260907,2,21.675673218981053,22.61875,23.32110077349194
1841.F06500,29,1841,1841:CUB011,female,head,20260907,2,21.675673218981053,25.09375,24.396917860195497
1841.F05548,22,1841,1841:NAU130,female,head,20260907,2,21.675673218981053,21.55,22.652439301223836
10317.000069135,34,10317,10317:2fe8dc51162640ecda81c266c7b13a12fa0b362550125c042231ebf311ae65b5597119ff4c21bc3e0d2daf7c54569db93c6d59b2cd8c7abd7c7e43d806b66718,male,head,20260907,2,42.10485097427183,39.70625,40.44935555453213
1841.F05058,22,1841,1841:NCS212,female,head,20260907,2,21.675673218981053,23.0625,22.527584513375835
10317.000020406,21,10317,10317:067f46a4c1905f4c5da538e403fcc7d5af159a01e7cf12222f38ba20baa75d47585bf073da073889ebf123e47d4d51985f22c2591db7d64cd298c3fefa779aaa,female,head,20260907,2,48.29283646538926,34.54375,40.365232688016114
10317.000015253,34,10317,10317:b74b978649567cb54fc875fffd91ae1e96fe51d67ba3b37beafd17700ef6cc8174703285ab46d656b674c96a535fb1c24429eee1b4c50b47eedb924ba7c66a50,male,hand,20260907,2,44.45501722661544,42.9,44.37660409896016
10317.000015252,34,10317,10317:b74b978649567cb54fc875fffd91ae1e96fe51d67ba3b37beafd17700ef6cc8174703285ab46d656b674c96a535fb1c24429eee1b4c50b47eedb924ba7c66a50,male,head,20260907,2,42.10485097427183,42.075,41.21236898534289
10317.000015255,34,10317,10317:b74b978649567cb54fc875fffd91ae1e96fe51d67ba3b37beafd17700ef6cc8174703285ab46d656b674c96a535fb1c24429eee1b4c50b47eedb924ba7c66a50,male,hand,20260907,2,44.45501722661544,40.6625,44.50043765883563
10317.000063291,29,10317,10317:c78075767b35e039a0b606f8a727e3fc3e2823715abe6a1c7c9956e664a6ff667e1ed5a2426907b56b3a7776221005afb7b5f38d5a651d25074abdbea76cec2f,male,hand,20260907,2,44.45501722661544,42.73125,42.12304829123221
1841.P15960,20,1841,1841:CUB036,female,hand,20260907,2,21.717476096173442,21.2125,24.819699109894493
1841.P15742,20,1841,1841:NAU110,female,hand,20260907,2,21.717476096173442,28.9625,24.578259862681225
2010.1623,22,2010,2010:15,female,head,20260907,2,27.494274735564623,37.31875,28.441233737308313
10317.000066831,29,10317,10317:7f8b5599423e74bb4268af85d143fbeed68370b2eaa79f6e6facbcf10974040d6ef4afefb5ff2aab1f618ba97f2eecc39b0621fb60a556425670ca9606d4aa0c,male,hand,20260907,2,44.45501722661544,35.11875,33.44379290039458
10317.000003320,68,10317,10317:296d3619f89620d7a1813eded08db85d465fbadcd5c992b8a0df0a8fa6163430bd5551d6a56e69f72d9f2bd4931877236ea9dc795fe08d7859973e3711bf2616,female,head,20260907,2,48.29283646538926,42.2125,46.815209663235834
1841.F06520,21,1841,1841:CUB026,male,head,20260907,2,24.40790725636508,23.74375,19.186887691595864
1841.P15086,22,1841,1841:CUB040,male,hand,20260907,2,24.4099372604461,27.91875,23.72227070306331
1841.P15223,29,1841,1841:CUB011,female,hand,20260907,2,21.717476096173442,22.13125,26.13549650733036
1841.P15550,22,1841,1841:NAU130,female,hand,20260907,2,21.717476096173442,21.34375,24.114900495373558
1841.P15224,22,1841,1841:CUB040,male,hand,20260907,2,24.4099372604461,25.96875,22.243509267630593
1841.P15226,20,1841,1841:CUB036,female,hand,20260907,2,21.717476096173442,25.35,25.633457068664903
1841.F05389,19,1841,1841:NCS241,female,head,20260907,2,21.675673218981053,23.9625,22.477657136846048
1841.P16146,33,1841,1841:NAU144,male,hand,20260907,2,24.4099372604461,22.20625,21.959607917889603
1841.P15919,20,1841,1841:CUB027,female,hand,20260907,2,21.717476096173442,23.65625,26.224212907089985
10317.000063279,30,10317,10317:891ba49891c93e012ced08e68550251a74e2939dbec3af58e67b97d73d2d0f32fd7530e785db3ae620b3a125927c31d18d0e6c08bfe00778a19646a44083e9e7,male,hand,20260907,2,44.45501722661544,37.125,40.20617902865743
1841.P15766,32,1841,1841:NAU150,female,hand,20260907,2,21.717476096173442,22.9375,24.724125278132245
1841.F05604,20,1841,1841:CUB036,female,head,20260907,2,21.675673218981053,23.3125,21.54203028887589
1841.F05465,21,1841,1841:NAU154,female,head,20260907,2,21.675673218981053,23.2125,21.932378613580376
1841.P15206,20,1841,1841:CUB036,female,hand,20260907,2,21.717476096173442,22.5125,23.561578131268078
1841.P15202,20,1841,1841:CUB036,female,hand,20260907,2,21.717476096173442,26.0875,25.044525877777826
1841.P15200,41,1841,1841:CUB050,female,hand,20260907,2,21.717476096173442,26.7,26.432352315516326
2010.3011,31,2010,2010:41,female,head,20260907,2,27.494274735564623,36.3,27.043652498498503
10317.000026508,76,10317,10317:a158faae1efddbd20bb064586e2ed359d9d89fe23e5776aaf6362e6a33b0760e24e9c69462baab420cef8bacb535b245b3687a18e94f0a8e346556bdb347fb67,male,head,20260907,2,42.10485097427183,43.59375,44.03787966353323
1841.P15923,21,1841,1841:CUB000,female,hand,20260907,2,21.717476096173442,26.39375,27.73671848014248
1841.F06285,21,1841,1841:NAU154,female,head,20260907,2,21.675673218981053,23.59375,22.39193004016626
1841.F06202,32,1841,1841:NAU150,female,head,20260907,2,21.675673218981053,24.25,24.03353700776569
1841.F05227,24,1841,1841:NAU109,male,head,20260907,2,24.40790725636508,24.21875,20.376825649772048
1841.P16310,20,1841,1841:NAU110,female,hand,20260907,2,21.717476096173442,29.28125,23.883730697333796
1841.P16315,24,1841,1841:NAU109,male,hand,20260907,2,24.4099372604461,24.625,21.561558210908636
1841.P16316,33,1841,1841:NAU144,male,hand,20260907,2,24.4099372604461,22.375,20.91478744930035
1841.P16317,21,1841,1841:NAU154,female,hand,20260907,2,21.717476096173442,22.7375,24.53522972117078
10317.000015015,41,10317,10317:ce1fd98484e30049ab6a9f362cff6bacde2a68b949d54142b56fe830f015c8ec656e789dfe4d793ec0abc652ccb025d8f245a86aa12b68a7664f1f34156f22d4,male,head,20260907,2,42.10485097427183,48.025,47.50779281374355
1841.P15045,22,1841,1841:CUB040,male,hand,20260907,2,24.4099372604461,22.5875,22.68811541820667
1841.P15047,20,1841,1841:CUB027,female,hand,20260907,2,21.717476096173442,22.70625,24.674558070039375
1841.P15597,21,1841,1841:NAU113,female,hand,20260907,2,21.717476096173442,24.1875,24.824967485895062
1841.P15260,21,1841,1841:CUB000,female,hand,20260907,2,21.717476096173442,25.55625,26.007093444690074
1841.F05084,22,1841,1841:NCS212,female,head,20260907,2,21.675673218981053,22.69375,22.25800547759912
1841.P16442,22,1841,1841:NCS212,female,hand,20260907,2,21.717476096173442,23.60625,25.343631758638438
1841.F05036,22,1841,1841:NAU130,female,head,20260907,2,21.675673218981053,22.43125,21.76095428788045
10317.000028823,30,10317,10317:98f1f8c9217912fbbec5cd8e5c39acc05c729d5d4b5113f922efc048b9e4b68d2de8c43cb8721151f190923c84f990227a8cdf3359af1f0a5fc59ecd028dabf4,male,head,20260907,2,42.10485097427183,35.89375,38.552353350965284
1841.P16104,30,1841,1841:NAU108,female,hand,20260907,2,21.717476096173442,22.925,26.983750421043048
1841.P16107,24,1841,1841:NAU109,male,hand,20260907,2,24.4099372604461,23.6125,21.698457294748522
1841.P16103,21,1841,1841:NAU154,female,hand,20260907,2,21.717476096173442,22.4875,22.920539289967625
1841.P15310,22,1841,1841:NCS212,female,hand,20260907,2,21.717476096173442,22.2,25.88468451602577
10317.000014513,43,10317,10317:945445118eb28a47d0311468e8170b2c68dd921cbb868623641758d82330a5f89defc8f3631f8c7f925da369315c0e442e1b32d12fae4688f05b9a40c0167080,male,head,20260907,2,42.10485097427183,36.45,36.92399397967737
1841.P15672,20,1841,1841:CUB036,female,hand,20260907,2,21.717476096173442,22.83125,23.546984489386798
1841.F05207,24,1841,1841:NAU109,male,head,20260907,2,24.40790725636508,24.575,21.187073403320124
1841.F05209,24,1841,1841:NAU109,male,head,20260907,2,24.40790725636508,24.13125,20.88415067341945
1841.P16395,22,1841,1841:NAU130,female,hand,20260907,2,21.717476096173442,21.8875,25.02983058363902
1841.P16370,20,1841,1841:NAU110,female,hand,20260907,2,21.717476096173442,32.7375,23.62467201765621
1841.F05884,20,1841,1841:NAU110,female,head,20260907,2,21.675673218981053,27.475,23.657827347048336
1841.F06584,22,1841,1841:CUB040,male,head,20260907,2,24.40790725636508,24.9375,19.883743779347338
1841.F06585,29,1841,1841:CUB011,female,head,20260907,2,21.675673218981053,22.8,21.152255486999326
1841.F06580,21,1841,1841:CUB000,female,head,20260907,2,21.675673218981053,25.025,24.602062964946587
1841.P15060,22,1841,1841:CUB040,male,hand,20260907,2,24.4099372604461,25.93125,23.07049759230799
10317.000003385,57,10317,10317:e36b03fa22764e26a56edd5b75a454e7ebf99d597c381d00186fa32b482bff3046c06024a335a9f1c29fb95217a131573eb7860fa709d5a472294e56d5762d4c,female,head,20260907,2,48.29283646538926,47.88125,52.263096813297764
1841.F06326,29,1841,1841:CUB011,female,head,20260907,2,21.675673218981053,22.26875,23.009651245138365
2010.2516,26,2010,2010:33,female,head,20260907,2,27.494274735564623,33.79375,29.21229626283446
10317.000068835,36,10317,10317:1828cb0e8db79ff7771af2763605e12af956358756170093e17230a4ffb081fdfb2040dc65ff286b54429aedd73f9630fd5d98b9a5ad628c6116a74fb994dcf8,male,head,20260907,2,42.10485097427183,39.625,38.53495672391813
1841.P16296,21,1841,1841:NAU154,female,hand,20260907,2,21.717476096173442,26.2,22.97349381811726
10317.000015118,28,10317,10317:d031d7eaf91c489f64052f69777e1385468d8cbdc419eb3568de9547015ad04606d5d70ca9970521bd182907f9b00d2640e54727e0262ceaea9ccb7d9603385e,female,hand,20260907,2,51.94862836076935,41.9375,51.171741897563514
10317.000015116,28,10317,10317:d031d7eaf91c489f64052f69777e1385468d8cbdc419eb3568de9547015ad04606d5d70ca9970521bd182907f9b00d2640e54727e0262ceaea9ccb7d9603385e,female,head,20260907,2,48.29283646538926,47.425,50.21542970061591
1841.F05414,32,1841,1841:NAU150,female,head,20260907,2,21.675673218981053,23.76875,22.950687777388534
1841.P16122,33,1841,1841:NAU144,male,hand,20260907,2,24.4099372604461,25.96875,20.27790005085962
10317.000005890,56,10317,10317:33ba8a7afe558034e3f527d8bcded781b3a03f65b84046973746dc39322e5974f8eea69a05cf01664cb731c14698655a03f89a9740b6d8a90c6d209b076ef538,male,hand,20260907,2,44.45501722661544,44.575,47.82014413829228
10317.000015453,46,10317,10317:3483b70983107b3501a2fdeab0f7e00b06ec05b5a7afdf499c410267e4aa99ea36b3643db981cdf6f557435d6ff028c1059e2bc75261e6f468598f093fde8b72,male,hand,20260907,2,44.45501722661544,43.4375,46.10017945182311
2010.3180,31,2010,2010:41,female,head,20260907,2,27.494274735564623,36.41875,29.249491152618333
1841.P16356,30,1841,1841:NAU108,female,hand,20260907,2,21.717476096173442,24.63125,26.86803112350007
2010.1803,34,2010,2010:17,female,head,20260907,2,27.494274735564623,35.38125,28.193054825626607
1841.P16524,21,1841,1841:CUB026,male,hand,20260907,2,24.4099372604461,24.81875,22.066302726495437
1841.P15005,29,1841,1841:CUB011,female,hand,20260907,2,21.717476096173442,24.63125,28.50531464585101
10317.000007105,53,10317,10317:ebedffb9e4d507d8cbaa7af0405caf451aa201d9746c76619a2a69f6b1c164e191af34fbad4f50a53bbb30a92cba77bf673b82db2b687fa2258240612900791e,male,hand,20260907,2,44.45501722661544,47.46875,48.15922747097367
10317.000007106,53,10317,10317:ebedffb9e4d507d8cbaa7af0405caf451aa201d9746c76619a2a69f6b1c164e191af34fbad4f50a53bbb30a92cba77bf673b82db2b687fa2258240612900791e,male,head,20260907,2,42.10485097427183,45.0875,44.19898999291634
10317.000007103,53,10317,10317:ebedffb9e4d507d8cbaa7af0405caf451aa201d9746c76619a2a69f6b1c164e191af34fbad4f50a53bbb30a92cba77bf673b82db2b687fa2258240612900791e,male,hand,20260907,2,44.45501722661544,47.71875,51.533224462797705
1841.F05433,32,1841,1841:NAU150,female,head,20260907,2,21.675673218981053,23.9,22.430486327248307
1841.F05432,32,1841,1841:NAU150,female,head,20260907,2,21.675673218981053,23.7375,22.6908100089736
1841.F06211,22,1841,1841:NAU130,female,head,20260907,2,21.675673218981053,22.64375,22.177016414404633
2010.1751,23,2010,2010:15,female,head,20260907,2,27.494274735564623,37.7625,27.395072950585902
1841.P15021,20,1841,1841:CUB027,female,hand,20260907,2,21.717476096173442,21.9125,24.781319133138975
1841.F06368,29,1841,1841:CUB011,female,head,20260907,2,21.675673218981053,21.15,22.233260646343886
1841.F06362,22,1841,1841:CUB040,male,head,20260907,2,24.40790725636508,24.825,20.182007769421613
1841.P15283,22,1841,1841:CUB040,male,hand,20260907,2,24.4099372604461,25.2125,23.173795689884134
1841.P15281,41,1841,1841:CUB050,female,hand,20260907,2,21.717476096173442,31.90625,28.645899913276146
1841.P15222,21,1841,1841:CUB000,female,hand,20260907,2,21.717476096173442,25.85,28.088004697833195
1841.F05520,21,1841,1841:NAU154,female,head,20260907,2,21.675673218981053,25.40625,22.866753709562285
1841.P15618,41,1841,1841:CUB050,female,hand,20260907,2,21.717476096173442,30.1625,29.235693065345924
10317.000048390,21,10317,10317:30d7ca7c505d10cb4c76c0443a75de8f2f826d67386377db4fa33b8983b7e1be84ec36794891a1993f919a1c5c528a78e39e90c8c94320bc3b555e3aa3643685,female,hand,20260907,2,51.94862836076935,47.0375,51.81519466323597
1841.F05843,22,1841,1841:NAU130,female,head,20260907,2,21.675673218981053,21.69375,21.382220695024483
1841.F05840,33,1841,1841:NAU144,male,head,20260907,2,24.40790725636508,24.35,18.977772709429285
1841.P16553,29,1841,1841:CUB011,female,hand,20260907,2,21.717476096173442,22.7125,25.979317304422448
1841.F05849,33,1841,1841:NAU144,male,head,20260907,2,24.40790725636508,26.45,20.29048192888728
1841.F06432,41,1841,1841:CUB050,female,head,20260907,2,21.675673218981053,29.3,27.376202017628035
1841.F06433,21,1841,1841:CUB026,male,head,20260907,2,24.40790725636508,22.79375,18.273854597980296
1841.F06439,20,1841,1841:CUB027,female,head,20260907,2,21.675673218981053,22.25,22.471250651696383
1841.F06589,20,1841,1841:CUB027,female,head,20260907,2,21.675673218981053,23.2125,25.06218863003287
1841.F05617,29,1841,1841:CUB011,female,head,20260907,2,21.675673218981053,22.825,22.72872285267259
1841.F05611,20,1841,1841:CUB036,female,head,20260907,2,21.675673218981053,23.5375,23.380731806963635
10317.000027250,26,10317,10317:35ad3a0f8be46af7197f78a77d7f387c0c7eaf6f1a077f0e0176fc9111103db539f114ea70834449cb5b086a49f41113f54c36fb5bbd31c5afcbf0a1d618fe92,male,head,20260907,2,42.10485097427183,39.225,41.733279176828745
1841.P16276,32,1841,1841:NAU150,female,hand,20260907,2,21.717476096173442,24.61875,24.68874516274405
1841.P16272,22,1841,1841:NAU130,female,hand,20260907,2,21.717476096173442,23.1625,24.84780643088636
1841.P16270,32,1841,1841:NAU150,female,hand,20260907,2,21.717476096173442,26.8875,26.81917417787097
1841.F05477,20,1841,1841:NAU110,female,head,20260907,2,21.675673218981053,26.7,21.856256946719753
1841.F05474,22,1841,1841:NAU130,female,head,20260907,2,21.675673218981053,22.05625,21.79024822555411
1841.F06031,22,1841,1841:NCS212,female,head,20260907,2,21.675673218981053,23.36875,22.53828570894198
1841.P16187,24,1841,1841:NAU109,male,hand,20260907,2,24.4099372604461,22.2625,20.98042532960637
1841.P16186,24,1841,1841:NAU109,male,hand,20260907,2,24.4099372604461,26.0625,22.745587372588066
1841.P16180,32,1841,1841:NAU150,female,hand,20260907,2,21.717476096173442,28.43125,27.0018670846043
1841.F05640,20,1841,1841:CUB036,female,head,20260907,2,21.675673218981053,23.00625,23.23247684874036
10317.000004764,36,10317,10317:733d141620ab14d73e0aa4683aff41e7dfc3bae381840f02c270e108c123ae0e90bf1390da736c2d78815083080cfd4f47f1bacbfc2de5a20e1ea897fbb49593,male,hand,20260907,2,44.45501722661544,47.28125,48.65298375182561
1841.P15365,22,1841,1841:NCS212,female,hand,20260907,2,21.717476096173442,22.95625,23.723457217357396
1841.F05808,21,1841,1841:NAU154,female,head,20260907,2,21.675673218981053,23.49375,22.801467062579533
1841.F05869,30,1841,1841:NAU108,female,head,20260907,2,21.675673218981053,23.1625,24.318477610572305
1841.F05864,33,1841,1841:NAU144,male,head,20260907,2,24.40790725636508,24.2875,17.88320016412055
1841.P16513,29,1841,1841:CUB011,female,hand,20260907,2,21.717476096173442,22.61875,24.69940135934209
1841.F06419,20,1841,1841:CUB036,female,head,20260907,2,21.675673218981053,22.775,23.3029042495748
1841.F06416,41,1841,1841:CUB050,female,head,20260907,2,21.675673218981053,26.20625,24.78785982489216
10317.000005654,35,10317,10317:8606c4dd2d9371a4b109521ba900732b745ba94bf06c0047a2b8189bb5e157e1f6bcb5d5ed855b3e972841afb6a38ae24f88d3995e2f6c362286bd69d07c83ed,female,hand,20260907,2,51.94862836076935,38.8125,47.93120628912695
10317.000005657,35,10317,10317:8606c4dd2d9371a4b109521ba900732b745ba94bf06c0047a2b8189bb5e157e1f6bcb5d5ed855b3e972841afb6a38ae24f88d3995e2f6c362286bd69d07c83ed,female,head,20260907,2,48.29283646538926,39.59375,44.71640701829822
10317.000005656,35,10317,10317:8606c4dd2d9371a4b109521ba900732b745ba94bf06c0047a2b8189bb5e157e1f6bcb5d5ed855b3e972841afb6a38ae24f88d3995e2f6c362286bd69d07c83ed,female,hand,20260907,2,51.94862836076935,38.91875,47.838293041629605
1841.P15799,21,1841,1841:NAU154,female,hand,20260907,2,21.717476096173442,22.13125,24.200306035598956
1841.P15427,22,1841,1841:NCS212,female,hand,20260907,2,21.717476096173442,22.16875,24.155961637729188
1841.P15420,22,1841,1841:NCS212,female,hand,20260907,2,21.717476096173442,23.7,26.926410633803773
1841.F05676,41,1841,1841:CUB050,female,head,20260907,2,21.675673218981053,31.9,25.307211264023593
1841.F05679,22,1841,1841:CUB040,male,head,20260907,2,24.40790725636508,26.69375,20.181866197198396
1841.P15054,21,1841,1841:CUB026,male,hand,20260907,2,24.4099372604461,24.08125,22.897933972688435
10317.000004846,43,10317,10317:a17a75eada9222f4d52ce6eb301bb5f83a31b9f5c3f8169a805aa8db550330187a4d89b93a8a8f82115a4bcf6ab38541b4e58a7343862e089fdea11ac94f627a,male,head,20260907,2,42.10485097427183,41.55625,43.55486737104455
1841.F05805,33,1841,1841:NAU144,male,head,20260907,2,24.40790725636508,23.625,19.269553024583708
1841.F05803,33,1841,1841:NAU144,male,head,20260907,2,24.40790725636508,24.53125,20.045336710212815
1841.F05416,21,1841,1841:NAU154,female,head,20260907,2,21.675673218981053,25.05625,22.280789580779455
1841.F05822,33,1841,1841:NAU144,male,head,20260907,2,24.40790725636508,24.01875,21.303378924080686
1841.F06472,22,1841,1841:CUB007,female,head,20260907,3,22.349464528634222,21.84375,23.126871794962373
1841.F06389,23,1841,1841:CUB053,female,head,20260907,3,22.349464528634222,25.2375,24.184728376917935
10317.000004984,61,10317,10317:4fcea5cd0a1bce2d5eabe662e771f90edf941650014bd56668c6086d789fa2cff4cfcf939a865e51ba74bb1cbabc385ec9acbcc1b41ee41e0ddd437171849719,female,head,20260907,3,47.51926136895253,43.825,48.02041436744537
1841.P15440,22,1841,1841:NCS202,female,hand,20260907,3,22.297653843714563,24.5125,23.315604067598652
1841.F05658,22,1841,1841:CUB016,female,head,20260907,3,22.349464528634222,25.0,25.008148386497812
1841.P16234,20,1841,1841:NAU121,female,hand,20260907,3,22.297653843714563,23.64375,25.78555825351551
1841.P16497,22,1841,1841:NCS255,female,hand,20260907,3,22.297653843714563,22.1625,22.398349174282533
1841.P16496,27,1841,1841:NCS214,male,hand,20260907,3,24.94535008965013,26.7375,23.828038126700612
1841.P16494,23,1841,1841:NCS203,female,hand,20260907,3,22.297653843714563,26.35625,23.92473486129364
1841.P15331,23,1841,1841:NCS243,male,hand,20260907,3,24.94535008965013,23.1,21.057966723949463
1841.P15336,23,1841,1841:NCS203,female,hand,20260907,3,22.297653843714563,23.6,24.262851848192312
1841.P15145,19,1841,1841:NCS233,male,hand,20260907,3,24.94535008965013,24.66875,21.455222932447622
1841.F06045,23,1841,1841:NCS243,male,head,20260907,3,25.006100787327405,26.6,21.154198471894844
1841.P15320,23,1841,1841:NCS243,male,hand,20260907,3,24.94535008965013,26.175,21.100616098044075
2010.3168,31,2010,2010:43,female,head,20260907,3,27.40046319613207,37.3,29.10725479107121
10317.000015209,60,10317,10317:f85c35ccb1de86d528e1bc924109d3f1ef2725eff131fffbb4f955f2bf62f99d01df00160e393e9c7ca1eba714fcb5547b4952bd7ca8fbba07e51e58be5c6410,unknown,hand,20260907,3,39.179777231940186,45.0875,44.76472179473284
1841.F05350,21,1841,1841:NCS247,unknown,head,20260907,3,25.060358033704215,24.4,16.917878492482387
1841.F05351,22,1841,1841:NCS202,female,head,20260907,3,22.349464528634222,24.3,24.809358005873065
1841.P16003,23,1841,1841:CUB053,female,hand,20260907,3,22.297653843714563,26.06875,25.11376605972531
10317.000049906,69,10317,10317:f468dfbfdc239f0e3bbe1de592c866535d2e70f74b05af2999cd5ac5b39818383c58a904146c605bc773f87fac2da08ddde7d4bedced3110d5c1d3b15657f73e,male,head,20260907,3,43.26788735612373,45.61875,45.02898794957078
1841.F06454,23,1841,1841:CUB053,female,head,20260907,3,22.349464528634222,28.86875,25.539986375304405
1841.F05105,22,1841,1841:NAU164,male,head,20260907,3,25.006100787327405,25.65625,20.73412057002004
1841.F05102,22,1841,1841:NAU164,male,head,20260907,3,25.006100787327405,28.75625,22.80362192433685
1841.P15125,19,1841,1841:NCS233,male,hand,20260907,3,24.94535008965013,25.525,21.149554178872066
1841.P15122,27,1841,1841:NCS214,male,hand,20260907,3,24.94535008965013,27.575,24.104791537812094
1841.F05373,19,1841,1841:NCS233,male,head,20260907,3,25.006100787327405,23.49375,21.680036812601433
10317.000002260,52,10317,10317:aa101e557d45d2c4a31a1d301fd4c574f8a5fc0833b116d35789d31262e1e05a55d401f9b79aeba4e9d3eba2940a8eb96f2f5b422ec59ccfd8c6811d9cd18c8d,female,head,20260907,3,47.51926136895253,40.60625,43.78755501231362
10317.000003207,56,10317,10317:8ce2fa4322344d737377931be840bf961f38b556f4fa437394b744900c1501895f7f56793071423d8af658d690902a9fb79c2d372eb011251cc952c8b26e075b,female,head,20260907,3,47.51926136895253,50.39375,51.244810468382454
2010.1566,35,2010,2010:9,female,head,20260907,3,27.40046319613207,36.19375,27.983100164274653
1841.F06002,23,1841,1841:NCS243,male,head,20260907,3,25.006100787327405,23.1,20.410525965183442
1841.F06006,21,1841,1841:NCS229,male,head,20260907,3,25.006100787327405,24.21875,20.271933414255464
1841.F06005,27,1841,1841:NCS253,female,head,20260907,3,22.349464528634222,29.94375,26.203765130295174
1841.F06009,23,1841,1841:NCS243,male,head,20260907,3,25.006100787327405,28.75625,23.35506884620997
1841.F05570,20,1841,1841:NAU121,female,head,20260907,3,22.349464528634222,21.05625,22.349955198538613
1841.F05574,23,1841,1841:NAU100,male,head,20260907,3,25.006100787327405,23.8875,19.488298071489385
1841.P16439,23,1841,1841:NCS203,female,hand,20260907,3,22.297653843714563,27.35625,26.12228397242519
1841.P16383,21,1841,1841:NAU106,female,hand,20260907,3,22.297653843714563,22.3125,24.837338969298763
1841.P16432,23,1841,1841:NCS243,male,hand,20260907,3,24.94535008965013,26.8875,22.3166508367154
1841.P16435,22,1841,1841:NCS255,female,hand,20260907,3,22.297653843714563,22.49375,24.885548376160013
10317.000063308,25,10317,10317:42aad521c038df949fad8060826afdde769401bb8b33ad632fd3209cd6d04c4e5106446ce4aef7bc16b30a904ca2d9896b24cf2ebff3881ae31264873b61c661,male,head,20260907,3,43.26788735612373,38.71875,37.14188926425256
1841.P15385,22,1841,1841:NCS255,female,hand,20260907,3,22.297653843714563,24.25625,24.566763185332967
2010.3272,31,2010,2010:43,female,head,20260907,3,27.40046319613207,38.23125,28.598198599203766
1841.P15521,21,1841,1841:NAU106,female,hand,20260907,3,22.297653843714563,24.8125,27.307990591088004
1841.P16473,19,1841,1841:NCS233,male,hand,20260907,3,24.94535008965013,24.5875,20.250799059603697
1841.F06216,20,1841,1841:NAU121,female,head,20260907,3,22.349464528634222,22.95,22.869286343399246
1841.P16417,22,1841,1841:NCS255,female,hand,20260907,3,22.297653843714563,22.54375,24.061290397045504
1841.P16414,23,1841,1841:NCS203,female,hand,20260907,3,22.297653843714563,24.46875,25.510831269240196
1841.P16413,27,1841,1841:NCS253,female,hand,20260907,3,22.297653843714563,26.3,25.114543639206182
1841.F06517,20,1841,1841:CUB005,female,head,20260907,3,22.349464528634222,23.30625,23.254909134072125
10317.000063188,38,10317,10317:441ac85e1bd02fd74bfe5cd7d33fc7e79af9e5986e7d55e177b00f2dadef7b37442c83e626aa9eec53feaf0e250a42f14f03b147a269cd1c57142e99e994ff08,male,head,20260907,3,43.26788735612373,36.74375,38.694317426158186
1841.P15505,22,1841,1841:NAU137,female,hand,20260907,3,22.297653843714563,21.8875,23.012364316195363
1841.F05530,21,1841,1841:NAU106,female,head,20260907,3,22.349464528634222,24.0625,22.75478782700487
10317.000005361,67,10317,10317:673c8ce01f6c4b5120fb00380499db5eeb6a2fb55f33a66a36d79a28f321105b432b54532ecd02900640e027e6baa65fe94b194fa11f3a0eaf97f6abf95c9417,unknown,hand,20260907,3,39.179777231940186,42.1,41.49271141728282
1841.P16081,22,1841,1841:NAU137,female,hand,20260907,3,22.297653843714563,23.1125,21.79847047271203
1841.P16083,22,1841,1841:NAU164,male,hand,20260907,3,24.94535008965013,32.59375,26.62586667430295
10317.000048369,30,10317,10317:0c2dd9543685a21b0e6e26055bb6623e91dd2d77a34a450a1f4c666e6c8726990361f37c3c84c16b86b8d7ac7ac715d380ccc2006772a5e62b5bda6c41b96f13,male,head,20260907,3,43.26788735612373,37.59375,40.24354223838794
2010.1420,35,2010,2010:9,female,head,20260907,3,27.40046319613207,37.95625,28.30022389041772
1841.P15753,22,1841,1841:NAU137,female,hand,20260907,3,22.297653843714563,23.8875,23.45877098749713
10317.000063296,26,10317,10317:9a079253652d16fa017050fd68017b646c3c734b4c96ca593236c537806682233e513b33fb850475266ef28a5c34e9297ffbd213ef416263b306bfae257d1aef,male,head,20260907,3,43.26788735612373,36.79375,37.65858556334514
1841.P15747,20,1841,1841:NAU121,female,hand,20260907,3,22.297653843714563,23.65625,25.870724164986946
1841.F05274,21,1841,1841:NAU106,female,head,20260907,3,22.349464528634222,28.26875,26.511826494794125
1841.F06532,22,1841,1841:CUB016,female,head,20260907,3,22.349464528634222,20.90625,22.211881322096193
1841.F06539,23,1841,1841:CUB053,female,head,20260907,3,22.349464528634222,23.0875,23.623647392421137
10317.000049908,69,10317,10317:f468dfbfdc239f0e3bbe1de592c866535d2e70f74b05af2999cd5ac5b39818383c58a904146c605bc773f87fac2da08ddde7d4bedced3110d5c1d3b15657f73e,male,hand,20260907,3,42.784686049577715,41.825,43.35651681915176
1841.P15567,22,1841,1841:NAU164,male,hand,20260907,3,24.94535008965013,25.71875,22.803494832893264
1841.P15561,21,1841,1841:NAU106,female,hand,20260907,3,22.297653843714563,25.96875,26.744575456618993
1841.F05438,22,1841,1841:NAU164,male,head,20260907,3,25.006100787327405,24.09375,22.205385834664032
1841.P15967,20,1841,1841:CUB005,female,hand,20260907,3,22.297653843714563,27.525,23.488467822788877
10317.000015186,26,10317,10317:cb8ea224a3bb7ef53bf08da62860c079b5996441cbbb6ef11fbe09454172198e57a65569937d0e57c98a2327cfe4b04a55969cdda8eed8fc5f998c2468e4920a,male,hand,20260907,3,42.784686049577715,39.33125,42.522577335395404
10317.000015188,26,10317,10317:cb8ea224a3bb7ef53bf08da62860c079b5996441cbbb6ef11fbe09454172198e57a65569937d0e57c98a2327cfe4b04a55969cdda8eed8fc5f998c2468e4920a,male,head,20260907,3,43.26788735612373,37.28125,40.905354416730894
1841.P15777,20,1841,1841:NAU121,female,hand,20260907,3,22.297653843714563,23.75,24.619733895532804
1841.F06259,20,1841,1841:NAU121,female,head,20260907,3,22.349464528634222,23.6375,23.779168186705274
1841.P15569,20,1841,1841:NAU121,female,hand,20260907,3,22.297653843714563,23.04375,23.17728514589743
1841.F06252,22,1841,1841:NAU137,female,head,20260907,3,22.349464528634222,23.75,23.015148324842738
1841.F06253,20,1841,1841:NAU121,female,head,20260907,3,22.349464528634222,24.0375,23.029156093487977
1841.F06250,20,1841,1841:NAU121,female,head,20260907,3,22.349464528634222,23.54375,22.4697948513247
1841.P15563,20,1841,1841:NAU121,female,hand,20260907,3,22.297653843714563,23.85625,24.86225312884194
2010.2602,21,2010,2010:35,female,head,20260907,3,27.40046319613207,36.04375,27.235036625378694
10317.000029543,48,10317,10317:c86071d17549b1edea0c1ee4fd08d1f8f445ff93e7557a199712b7b28cc1547cf0bf2fbe6c28e355b5a962568aa61b5f158ed2022969d51ccb413287f708fe10,female,head,20260907,3,47.51926136895253,40.38125,43.70624324764791
1841.F05517,20,1841,1841:NAU121,female,head,20260907,3,22.349464528634222,23.48125,23.611725105948523
1841.F06450,20,1841,1841:CUB005,female,head,20260907,3,22.349464528634222,23.25625,23.777046048257485
1841.F06451,23,1841,1841:CUB053,female,head,20260907,3,22.349464528634222,26.44375,25.552554611147112
10317.000066843,27,10317,10317:75e7facbcee6190c9bd0ec55d33af511592981c1851bc62c90ffa060b30d59451c3407b0344a1357b33b8a653eb1ab6517c15e9f6f193c447e3882c2ada31e9a,male,hand,20260907,3,42.784686049577715,33.21875,36.10898953088378
1841.F06088,22,1841,1841:NCS255,female,head,20260907,3,22.349464528634222,22.90625,23.78113151988576
1841.F06085,23,1841,1841:NCS203,female,head,20260907,3,22.349464528634222,26.25,25.749609200523857
1841.P15093,22,1841,1841:CUB007,female,hand,20260907,3,22.297653843714563,23.35625,23.573718057642072
1841.P15546,22,1841,1841:NAU164,male,hand,20260907,3,24.94535008965013,27.8125,24.48287876898542
1841.P15238,20,1841,1841:CUB005,female,hand,20260907,3,22.297653843714563,26.1125,23.960779434969382
1841.F05060,23,1841,1841:NCS203,female,head,20260907,3,22.349464528634222,28.09375,23.566976785178536
1841.F05063,23,1841,1841:NCS203,female,head,20260907,3,22.349464528634222,23.95625,23.338757669150198
1841.F05065,23,1841,1841:NCS203,female,head,20260907,3,22.349464528634222,29.275,22.897096205966022
1841.F05066,22,1841,1841:NCS255,female,head,20260907,3,22.349464528634222,22.5125,23.96009315078451
1841.F05068,23,1841,1841:NCS203,female,head,20260907,3,22.349464528634222,25.51875,23.70527488415435
1841.F05937,19,1841,1841:NCS233,male,head,20260907,3,25.006100787327405,22.4,21.24485912027412
1841.P16154,21,1841,1841:NAU106,female,hand,20260907,3,22.297653843714563,24.325,25.224351113705218
1841.P16462,27,1841,1841:NCS253,female,hand,20260907,3,22.297653843714563,38.2875,29.732764762815872
1841.P15939,22,1841,1841:CUB007,female,hand,20260907,3,22.297653843714563,25.23125,24.202774425316246
1841.P15936,23,1841,1841:CUB053,female,hand,20260907,3,22.297653843714563,24.4625,25.309909485085562
10317.000005291,69,10317,10317:f468dfbfdc239f0e3bbe1de592c866535d2e70f74b05af2999cd5ac5b39818383c58a904146c605bc773f87fac2da08ddde7d4bedced3110d5c1d3b15657f73e,male,hand,20260907,3,42.784686049577715,42.2875,44.37456241165224
10317.000007078,48,10317,10317:63aa1010fee4655f80a2fd1ca92db0c9c662b7ff7dfeccd99a08edb7b7f5af8b2df1c92465690a27ee6aad1207495376abce78f3ddeffc05da0acb099f8efdb8,male,hand,20260907,3,42.784686049577715,39.0625,40.94929702424005
10317.000007079,48,10317,10317:63aa1010fee4655f80a2fd1ca92db0c9c662b7ff7dfeccd99a08edb7b7f5af8b2df1c92465690a27ee6aad1207495376abce78f3ddeffc05da0acb099f8efdb8,male,hand,20260907,3,42.784686049577715,41.1,41.26414290029532
1841.P16303,21,1841,1841:NAU106,female,hand,20260907,3,22.297653843714563,23.9375,24.996941899015468
1841.P15218,20,1841,1841:CUB005,female,hand,20260907,3,22.297653843714563,23.15,23.46472902765595
1841.P15215,23,1841,1841:CUB053,female,hand,20260907,3,22.297653843714563,23.91875,25.76718509380266
1841.P15216,22,1841,1841:CUB007,female,hand,20260907,3,22.297653843714563,21.76875,23.46928816245945
1841.F05004,23,1841,1841:NCS203,female,head,20260907,3,22.349464528634222,25.6375,22.503346184957483
1841.F05003,27,1841,1841:NCS253,female,head,20260907,3,22.349464528634222,35.7875,25.649257829025448
10317.000015207,60,10317,10317:f85c35ccb1de86d528e1bc924109d3f1ef2725eff131fffbb4f955f2bf62f99d01df00160e393e9c7ca1eba714fcb5547b4952bd7ca8fbba07e51e58be5c6410,unknown,hand,20260907,3,39.179777231940186,42.575,41.433491908184166
10317.000015208,60,10317,10317:f85c35ccb1de86d528e1bc924109d3f1ef2725eff131fffbb4f955f2bf62f99d01df00160e393e9c7ca1eba714fcb5547b4952bd7ca8fbba07e51e58be5c6410,unknown,head,20260907,3,38.693369583228304,41.6375,43.948775023751075
1841.F05910,19,1841,1841:NCS233,male,head,20260907,3,25.006100787327405,23.2,21.943665432600863
10317.000032844,34,10317,10317:2f99bf4f7ec4110bbb356ecafe18a81cf99c407dc04127efbbe24227d256b81c690640ad22fa2a115f1adb9a603c2509999f0325292f5ad6c80144726ff29fb3,male,head,20260907,3,43.26788735612373,45.625,43.251773992318206
1841.P16170,22,1841,1841:NAU137,female,hand,20260907,3,22.297653843714563,21.83125,22.273422728394547
10317.000007766,37,10317,10317:33f6eb641f0e5c66654a93864fec0950724028557f530a644e104dc1d7f29bec16c25352f4cffae510cf433760537423b71c5a032a7e279e0c197c4df1d601a4,male,head,20260907,3,43.26788735612373,40.0,42.95641455903602
10317.000007764,37,10317,10317:33f6eb641f0e5c66654a93864fec0950724028557f530a644e104dc1d7f29bec16c25352f4cffae510cf433760537423b71c5a032a7e279e0c197c4df1d601a4,male,head,20260907,3,43.26788735612373,38.2875,38.66341352450807
10317.000007760,38,10317,10317:33f6eb641f0e5c66654a93864fec0950724028557f530a644e104dc1d7f29bec16c25352f4cffae510cf433760537423b71c5a032a7e279e0c197c4df1d601a4,male,head,20260907,3,43.26788735612373,45.26875,44.22047432083879
1841.P15913,22,1841,1841:CUB016,female,hand,20260907,3,22.297653843714563,23.05,23.27977753783348
1841.F05216,22,1841,1841:NAU137,female,head,20260907,3,22.349464528634222,22.4625,22.761473489148138
1841.F06592,20,1841,1841:CUB005,female,head,20260907,3,22.349464528634222,22.44375,22.830932464800792
1841.P15056,23,1841,1841:CUB053,female,hand,20260907,3,22.297653843714563,28.3,25.653706964621314
1841.P15055,20,1841,1841:CUB005,female,hand,20260907,3,22.297653843714563,24.18125,23.74733327802487
10317.000051536,37,10317,10317:ff0768b01a1b6fd95f392b3c03b42f32fff2e917781b9ebb95b1bc13edfb801fc07ff383bd863ecb6e436ef6280bcfe138564e3de25075730af8842b4f95ecab,female,head,20260907,3,47.51926136895253,42.44375,46.45408127256909
1841.F06333,23,1841,1841:CUB053,female,head,20260907,3,22.349464528634222,31.48125,28.539720368181506
1841.P15278,22,1841,1841:CUB016,female,hand,20260907,3,22.297653843714563,24.4875,24.12024533313938
1841.F05024,27,1841,1841:NCS253,female,head,20260907,3,22.349464528634222,34.29375,27.901856223808572
1841.F05025,22,1841,1841:NCS255,female,head,20260907,3,22.349464528634222,23.1125,23.324522348253787
1841.F05680,22,1841,1841:CUB007,female,head,20260907,3,22.349464528634222,23.26875,21.934657175074204
1841.F05683,23,1841,1841:CUB053,female,head,20260907,3,22.349464528634222,25.00625,28.497020280912853
1841.F05974,27,1841,1841:NCS214,male,head,20260907,3,25.006100787327405,31.3125,24.0765028300274
1841.P16342,21,1841,1841:NAU106,female,hand,20260907,3,22.297653843714563,22.3,23.71739358821237
1841.P16452,27,1841,1841:NCS253,female,hand,20260907,3,22.297653843714563,31.38125,25.767550865625292
1841.F06316,22,1841,1841:CUB007,female,head,20260907,3,22.349464528634222,23.95,25.29811162905196
1841.P16450,22,1841,1841:NCS255,female,hand,20260907,3,22.297653843714563,22.09375,24.17816152679197
1841.F05400,22,1841,1841:NAU164,male,head,20260907,3,25.006100787327405,28.8,21.84410638007725
2010.1377,35,2010,2010:9,female,head,20260907,3,27.40046319613207,37.1375,30.793079330668714
1841.P16454,23,1841,1841:NCS203,female,hand,20260907,3,22.297653843714563,31.4625,25.91559272574409
1841.F06127,23,1841,1841:CUB053,female,head,20260907,3,22.349464528634222,26.7625,25.449281656280576
2010.2868,23,2010,2010:39,female,head,20260907,3,27.40046319613207,30.09375,27.01096377046119
1841.P15012,23,1841,1841:CUB053,female,hand,20260907,3,22.297653843714563,24.9875,24.70186134992293
1841.P15013,22,1841,1841:CUB016,female,hand,20260907,3,22.297653843714563,23.39375,24.398453038491407
10317.000063416,36,10317,10317:702fbc8dfcb76217e73344a0a11dd54afca4b678302097929bc6cc1cadce5d5fc80da1e599a9d752eea1f081540d8b89772bcb670f71f2d38a11bdce484be812,female,head,20260907,3,47.51926136895253,38.04375,38.546758088505214
10317.000049839,69,10317,10317:c9253f884608fc319fe8569e8e2979bb54c91a0e0d3c4ff7a4b8f149c7372a1c77029903e0508684d15d336da510bcc78d1e9c1aecbf85c0b6bc664b85990a20,female,hand,20260907,3,48.17329121532879,46.58125,50.13365916832636
1841.P15355,23,1841,1841:NCS203,female,hand,20260907,3,22.297653843714563,31.1875,25.192180533285732
10317.000023059,74,10317,10317:7903469fb68001b987d8ac0d762e78777829661f7bb380ee87598fe94e18cb4f57d8029bf74c2f1db263f07017cfe1291af68c5ba65cfcdfc3998fff8bf67e81,female,head,20260907,3,47.51926136895253,42.91875,44.90279241508233
1841.F05424,20,1841,1841:NAU121,female,head,20260907,3,22.349464528634222,22.7,21.615380886168328
1841.P15370,23,1841,1841:NCS243,male,hand,20260907,3,24.94535008965013,27.35,20.571888486719182
1841.P15354,23,1841,1841:NCS243,male,hand,20260907,3,24.94535008965013,24.0125,21.249118501448432
1841.F06079,22,1841,1841:NCS255,female,head,20260907,3,22.349464528634222,23.025,23.90639809052413
1841.F06086,22,1841,1841:NCS255,female,head,20260907,3,22.349464528634222,23.425,22.819257058528905
2010.2800,23,2010,2010:39,female,head,20260907,3,27.40046319613207,28.33125,25.93596253136867
1841.F05854,21,1841,1841:NAU106,female,head,20260907,3,22.349464528634222,25.4125,26.228586619544934
1841.F05857,21,1841,1841:NAU106,female,head,20260907,3,22.349464528634222,27.775,25.98423218826036
1841.P15350,27,1841,1841:NCS253,female,hand,20260907,3,22.297653843714563,25.10625,25.091286264339587
10317.000003029,32,10317,10317:fa11b389cb9170b533e6a9c56b69f18fa8798f2970218ed97fe0be0906826592de8a478773a5037053f08aa21d349fcf39e64c85dbd26bd904614d8dd6335cae,male,head,20260907,3,43.26788735612373,42.76875,40.8704465788709
10317.000003025,44,10317,10317:99e188b8ec5527a3ad82cb7cca4318dabe62c69e2ab959f3d9bd68b4ac2521f3f32364757e49c2f7ee2f82a39fb74f6008ab75e1b82c5f6b2bf1ba4869f0b4ff,male,head,20260907,3,43.26788735612373,41.275,43.94799022596612
1841.F06420,22,1841,1841:CUB016,female,head,20260907,3,22.349464528634222,24.9125,24.44418217349461
1841.F06426,22,1841,1841:CUB007,female,head,20260907,3,22.349464528634222,22.8375,23.272385383133646
10317.000049768,66,10317,10317:5e5f5fc79a512a180eb0cd63fa75b7307715996b1aff58edbefb0ed0d6548904bf74f95a466efb9525a910f69150d98cfae7b1c55b9bf3e278b402a8439e8d4c,male,head,20260907,3,43.26788735612373,36.09375,39.41168523184926
10317.000049767,66,10317,10317:5e5f5fc79a512a180eb0cd63fa75b7307715996b1aff58edbefb0ed0d6548904bf74f95a466efb9525a910f69150d98cfae7b1c55b9bf3e278b402a8439e8d4c,male,hand,20260907,3,42.784686049577715,45.35,47.150586789355785
10317.000049766,66,10317,10317:5e5f5fc79a512a180eb0cd63fa75b7307715996b1aff58edbefb0ed0d6548904bf74f95a466efb9525a910f69150d98cfae7b1c55b9bf3e278b402a8439e8d4c,male,hand,20260907,3,42.784686049577715,39.625,40.75989878376214
10317.000049763,52,10317,10317:00069244bd1f2b8987ec0be407f83eec727bd40dde9ff15d05497f7db0f60f551d4af74463256aae7abd00d1a3180ca506bd16e684d859304c2864b1c7e4a8f6,male,head,20260907,3,43.26788735612373,48.4,47.99268955281849
10317.000049762,52,10317,10317:00069244bd1f2b8987ec0be407f83eec727bd40dde9ff15d05497f7db0f60f551d4af74463256aae7abd00d1a3180ca506bd16e684d859304c2864b1c7e4a8f6,male,hand,20260907,3,42.784686049577715,40.9375,42.85406225093194
10317.000005359,67,10317,10317:673c8ce01f6c4b5120fb00380499db5eeb6a2fb55f33a66a36d79a28f321105b432b54532ecd02900640e027e6baa65fe94b194fa11f3a0eaf97f6abf95c9417,unknown,head,20260907,3,38.693369583228304,41.7375,41.506910721987225
1841.F05980,27,1841,1841:NCS214,male,head,20260907,3,25.006100787327405,32.475,21.193452581301425
1841.F05993,19,1841,1841:NCS233,male,head,20260907,3,25.006100787327405,24.7875,21.32027401772924
1841.F05995,27,1841,1841:NCS214,male,head,20260907,3,25.006100787327405,28.23125,25.41075981150827
10317.000040147,34,10317,10317:338bb7890bb4108f90b5027f8ffed6cd6fd3fb3d5a8f0bfa9f16a9dc184403e392c5429f663b0c7929ed1a431187e38fb9303f5d93da105fda803ec085f157e6,male,head,20260907,3,43.26788735612373,38.48125,41.51302881240492
1841.P15996,22,1841,1841:CUB007,female,hand,20260907,3,22.297653843714563,25.6375,25.488608654892964
1841.P15994,22,1841,1841:CUB016,female,hand,20260907,3,22.297653843714563,21.88125,23.450129045484267
1841.P15192,19,1841,1841:NCS233,male,hand,20260907,3,24.94535008965013,23.6,21.802608918751556
2010.2828,23,2010,2010:39,female,head,20260907,3,27.40046319613207,25.6875,25.109415685601252
10317.000012183,20,10317,10317:dcec02861cff21f48d1c5f3ed86756b2b4a7b0454ada0eebaf563693a8cb77d2a15532e24b80dea64c7e2834c1e81a8c3544105283aac287a4f258b2e279673f,unknown,head,20260907,3,38.693369583228304,37.725,40.120686900733894
10317.000048386,59,10317,10317:7e311968682a8a9e2268ae2d13c8b70ca7ce45f11d29b24932473b816f814e56f115793ba0ca9a91710fda8ae01664aab7b94207e18484fb0b45616cab408ea5,female,head,20260907,3,47.51926136895253,47.65,49.965608919584184
10317.000048387,59,10317,10317:7e311968682a8a9e2268ae2d13c8b70ca7ce45f11d29b24932473b816f814e56f115793ba0ca9a91710fda8ae01664aab7b94207e18484fb0b45616cab408ea5,female,hand,20260907,3,48.17329121532879,41.55625,44.1418257339197
1841.P15801,20,1841,1841:NAU121,female,hand,20260907,3,22.297653843714563,21.975,22.375507419816152
10317.000049121,62,10317,10317:cf42e22cb0b5def3e5fb85e3eedb9fec63ec3614a7783d0ac195975b575a9863d801522f080d492d8032502dfbef61ba79d17264597f600354ba3cb662748955,male,head,20260907,3,43.26788735612373,45.2375,42.95193930027072
1841.F05608,23,1841,1841:CUB053,female,head,20260907,3,22.349464528634222,23.8875,24.16577907044145
1841.P16262,20,1841,1841:NAU121,female,hand,20260907,3,22.297653843714563,26.00625,25.259502293140713
1841.F05468,22,1841,1841:NAU137,female,head,20260907,3,22.349464528634222,22.96875,22.23608624645942
1841.P16440,23,1841,1841:NCS203,female,hand,20260907,3,22.297653843714563,24.54375,23.49637610540746
1841.P15171,27,1841,1841:NCS214,male,hand,20260907,3,24.94535008965013,27.6125,23.56916025082904
1841.P15172,19,1841,1841:NCS233,male,hand,20260907,3,24.94535008965013,23.55,20.58666038974607
1841.P15311,21,1841,1841:NCS229,male,hand,20260907,3,24.94535008965013,24.0,21.40077424584524
2010.3131,31,2010,2010:43,female,head,20260907,3,27.40046319613207,33.2375,26.658453725593066
1841.P16522,20,1841,1841:CUB005,female,hand,20260907,3,22.297653843714563,23.34375,23.68437638519298
10317.000004206,76,10317,10317:e4f690795c66a065feccd07de0128f89746b411eb215789f6c7c9bd18b20cd831f9b9a7e3b8af5952b3c56c532534d3f1045f353d46b4b79876a0f6c8b58df96,female,hand,20260907,3,48.17329121532879,53.0,58.82139037867138
1841.F06399,22,1841,1841:CUB016,female,head,20260907,3,22.349464528634222,22.65,21.706276942628378
1841.F06393,22,1841,1841:CUB007,female,head,20260907,3,22.349464528634222,22.7125,22.721223931301562
10317.000003421,38,10317,10317:2c1dc7180a23c9b4b53377ef49354e5a65ac187f6b2e4c844d48fd9ce66134f3da5f2dca02c0517797503a34ddc875a23897cd9d5727c990e46a58599759b35a,male,head,20260907,3,43.26788735612373,42.09375,43.0697077773206
1841.P15347,27,1841,1841:NCS253,female,hand,20260907,3,22.297653843714563,28.675,25.462127295213385
1841.P15783,22,1841,1841:NAU164,male,hand,20260907,3,24.94535008965013,28.1125,22.964279971493987
10317.000015363,43,10317,10317:3fec78757c5821d558096acce3e9df6968ae564264912c66f6a851727ebd63c36eee0764c3d1e47c0813cb5998caa14cb2bec75ca8716e8e3437768b86b408aa,male,head,20260907,3,43.26788735612373,38.5125,40.768502131462625
10317.000015365,43,10317,10317:3fec78757c5821d558096acce3e9df6968ae564264912c66f6a851727ebd63c36eee0764c3d1e47c0813cb5998caa14cb2bec75ca8716e8e3437768b86b408aa,male,hand,20260907,3,42.784686049577715,40.9375,43.377843009871405
1841.P16200,21,1841,1841:NAU106,female,hand,20260907,3,22.297653843714563,23.625,23.587024732014424
1841.P15299,23,1841,1841:NCS243,male,hand,20260907,3,24.94535008965013,27.50625,22.0821843530715
1841.F05484,21,1841,1841:NAU106,female,head,20260907,3,22.349464528634222,23.31875,24.09653498867
1841.P15159,27,1841,1841:NCS214,male,hand,20260907,3,24.94535008965013,27.9125,24.439731561295996
1841.P15158,19,1841,1841:NCS233,male,hand,20260907,3,24.94535008965013,24.1625,22.891140143776447
1841.P15156,27,1841,1841:NCS214,male,hand,20260907,3,24.94535008965013,26.95,23.10497255931914
10317.000027703,68,10317,10317:f4417cf9261b7cf7eafdfa7c1e4c2f0b04b7f6a0a74833597eb9f455b64175009de471b6099ea840835964becfbbea46fda6746deaeb30cc1b29201c1259072e,male,head,20260907,3,43.26788735612373,45.075,44.45105768708764
1841.P15152,19,1841,1841:NCS233,male,hand,20260907,3,24.94535008965013,26.55625,24.37849537845107
10317.000002212,69,10317,10317:576a03c295c356d35a0d25b2110dd88b3617bd98ae2ff786f650e35db756be0c2368e573093bcfce63e963af568b1198c749606c6e11a98ea707a8a38b2cb1b3,female,hand,20260907,3,48.17329121532879,46.675,51.48221154358946
1841.F06448,22,1841,1841:CUB016,female,head,20260907,3,22.349464528634222,23.18125,23.623094828850313
10317.000007829,37,10317,10317:33f6eb641f0e5c66654a93864fec0950724028557f530a644e104dc1d7f29bec16c25352f4cffae510cf433760537423b71c5a032a7e279e0c197c4df1d601a4,male,head,20260907,3,43.26788735612373,37.75,40.725565067877774
1841.P16229,20,1841,1841:NAU121,female,hand,20260907,3,22.297653843714563,24.11875,24.309351852024427
10317.000020534,34,10317,10317:6e4903f0be32c34121cd50c2891666fc8b26923970412591f3c900d7253a186450e745d33fc88b07a5c41c9992e15153f2c3fd7a20f01e43073e39ca8a3b4afe,male,head,20260907,3,43.26788735612373,42.59375,44.74938493003804
1841.P16482,27,1841,1841:NCS253,female,hand,20260907,3,22.297653843714563,29.6875,28.199820819063216
1841.P15109,27,1841,1841:NCS214,male,hand,20260907,3,24.94535008965013,34.15625,24.095887925246053
10317.000015465,69,10317,10317:f468dfbfdc239f0e3bbe1de592c866535d2e70f74b05af2999cd5ac5b39818383c58a904146c605bc773f87fac2da08ddde7d4bedced3110d5c1d3b15657f73e,male,hand,20260907,3,42.784686049577715,42.93125,44.45436180060226
1841.P15130,19,1841,1841:NCS233,male,hand,20260907,3,24.94535008965013,23.80625,20.235546807925417
1841.F06059,27,1841,1841:NCS253,female,head,20260907,3,22.349464528634222,24.7375,24.93345204161745
1841.F06055,27,1841,1841:NCS253,female,head,20260907,3,22.349464528634222,30.475,27.88215353426647
1841.F06484,22,1841,1841:CUB007,female,head,20260907,3,22.349464528634222,22.5625,22.68604024623297
1841.F06481,20,1841,1841:CUB005,female,head,20260907,3,22.349464528634222,23.1375,22.50998916825616
1841.P16563,23,1841,1841:CUB053,female,hand,20260907,3,22.297653843714563,25.56875,26.127512256046355
1841.P16564,20,1841,1841:CUB005,female,hand,20260907,3,22.297653843714563,23.5625,23.863614210046233
10317.000026072,42,10317,10317:d8c91d966b0e79c63575c2bf1ca811089c2e6f59c115850da307c43a39d0d4f9e3fea903d8a626f02f4f4d5d7f4da9fc7117333b148c82d8342d4ba550b09c59,female,head,20260907,3,47.51926136895253,42.78125,46.87476107682382
2010.2946,23,2010,2010:39,female,head,20260907,3,27.40046319613207,26.0625,25.226862164657284
1841.F05111,20,1841,1841:NAU121,female,head,20260907,3,22.349464528634222,24.33125,22.973903830181023
1841.F05119,21,1841,1841:NAU106,female,head,20260907,3,22.349464528634222,22.91875,23.153570359700733
1841.P15279,22,1841,1841:CUB007,female,hand,20260907,3,22.297653843714563,23.50625,24.356420610185314
1841.P15117,27,1841,1841:NCS214,male,hand,20260907,3,24.94535008965013,34.025,24.995607327093367
1841.P15114,27,1841,1841:NCS214,male,hand,20260907,3,24.94535008965013,27.10625,23.03772142274989
1841.F06039,23,1841,1841:NCS203,female,head,20260907,3,22.349464528634222,25.23125,23.611712316825855
1841.F06034,23,1841,1841:NCS243,male,head,20260907,3,25.006100787327405,22.125,20.060066643355633
1841.F05561,21,1841,1841:NAU106,female,head,20260907,3,22.349464528634222,23.20625,23.678594177376993
1841.F05565,20,1841,1841:NAU121,female,head,20260907,3,22.349464528634222,22.2125,22.972720048352837
1841.F05567,22,1841,1841:NAU164,male,head,20260907,3,25.006100787327405,27.7875,22.688805052088274
1841.P15195,19,1841,1841:NCS233,male,hand,20260907,3,24.94535008965013,23.45,22.155285511339738
1841.F05314,23,1841,1841:NCS203,female,head,20260907,3,22.349464528634222,27.6875,24.550169479861626
1841.P15378,22,1841,1841:NCS255,female,hand,20260907,3,22.297653843714563,21.89375,23.208060973479135
10317.000063152,25,10317,10317:3e74c911b962f0afc2cdf9be99137894321cd28afa86ae9be26bfba86712502c3e8a61b4db55401131c7c041ae071ba253516caa7a7f9fd61b5038eea71d7d41,female,head,20260907,3,47.51926136895253,32.925,34.7855415600389
1841.P15395,23,1841,1841:NCS203,female,hand,20260907,3,22.297653843714563,27.86875,24.818499634442507
1841.P15399,19,1841,1841:NCS233,male,hand,20260907,3,24.94535008965013,23.9375,21.62728290302257
1841.P15398,22,1841,1841:NCS255,female,hand,20260907,3,22.297653843714563,23.425,23.572462476767893
1841.F05543,22,1841,1841:NAU164,male,head,20260907,3,25.006100787327405,26.58125,23.404197852709167
1841.P15530,22,1841,1841:NAU137,female,hand,20260907,3,22.297653843714563,23.6875,23.085268680875902
1841.F05891,20,1841,1841:NAU121,female,head,20260907,3,22.349464528634222,23.16875,23.095089031301672
1841.P15704,21,1841,1841:NAU106,female,hand,20260907,3,22.297653843714563,22.825,24.276379196712952
1841.F05151,22,1841,1841:NAU137,female,head,20260907,3,22.349464528634222,23.4,21.61176943090929
1841.P16424,22,1841,1841:NCS255,female,hand,20260907,3,22.297653843714563,22.5,23.63399282283412
10317.000063315,25,10317,10317:42aad521c038df949fad8060826afdde769401bb8b33ad632fd3209cd6d04c4e5106446ce4aef7bc16b30a904ca2d9896b24cf2ebff3881ae31264873b61c661,male,hand,20260907,3,42.784686049577715,37.01875,36.58875867114959
1841.F06560,20,1841,1841:CUB005,female,head,20260907,3,22.349464528634222,24.9,23.0877020540814
1841.F06564,23,1841,1841:CUB053,female,head,20260907,3,22.349464528634222,22.71875,23.184233467087118
1841.P15519,20,1841,1841:NAU121,female,hand,20260907,3,22.297653843714563,28.88125,25.296181770932122
1841.F05001,22,1841,1841:NCS255,female,head,20260907,3,22.349464528634222,23.1625,22.168689337311047
1841.F05529,22,1841,1841:NAU137,female,head,20260907,3,22.349464528634222,22.975,22.592933839246577
10317.000014483,35,10317,10317:93f03cfc2b6cd24d3e180ee0e8ddfaeabf4cd6cc8b2903861331b9492f02b3479c33fd6cf6ffb699ef212d9c6ec30f938596135b291ff81bd334193c180f7858,female,head,20260907,3,47.51926136895253,42.1,46.43070802178342
10317.000002296,59,10317,10317:1cdc297c8f2ba505978edaff0ca8a91960f6e37bcadd2d77435d2c65097bb57ad3ff6cc0fa9a2fb4694f352f0371cbd3faae7bad89ff335242858790807507c1,female,hand,20260907,3,48.17329121532879,47.79375,49.645288685278565
10317.000063159,25,10317,10317:3e74c911b962f0afc2cdf9be99137894321cd28afa86ae9be26bfba86712502c3e8a61b4db55401131c7c041ae071ba253516caa7a7f9fd61b5038eea71d7d41,female,hand,20260907,3,48.17329121532879,31.9125,36.689137904162365
10317.000003441,50,10317,10317:bd5a894e45bb2eb6713f65d285f8814cb96d0de3ef15bb170f5968bc039588919fa9f9ed4ad18689cb92997342c0e17279efd41f4e2f858e6075291cd2fd04d7,female,hand,20260907,3,48.17329121532879,42.8125,45.828797927713204
1841.P16404,23,1841,1841:NCS203,female,hand,20260907,3,22.297653843714563,26.1125,25.346532279231425
1841.F06507,22,1841,1841:CUB007,female,head,20260907,3,22.349464528634222,22.08125,22.799989416727843
10317.000063196,38,10317,10317:441ac85e1bd02fd74bfe5cd7d33fc7e79af9e5986e7d55e177b00f2dadef7b37442c83e626aa9eec53feaf0e250a42f14f03b147a269cd1c57142e99e994ff08,male,hand,20260907,3,42.784686049577715,48.0,44.09086660187286
1841.F05091,27,1841,1841:NCS253,female,head,20260907,3,22.349464528634222,28.91875,26.327561532756643
1841.F05051,22,1841,1841:NCS255,female,head,20260907,3,22.349464528634222,21.8375,23.061851386720896
1841.F05053,27,1841,1841:NCS253,female,head,20260907,3,22.349464528634222,33.8125,25.583768957869204
1841.F05500,22,1841,1841:NAU137,female,head,20260907,3,22.349464528634222,22.35625,21.870226166141997
1841.F05055,22,1841,1841:NCS255,female,head,20260907,3,22.349464528634222,22.4875,22.784762769323972
1841.P15361,27,1841,1841:NCS253,female,hand,20260907,3,22.297653843714563,29.975,27.87406267595079
1841.P15748,22,1841,1841:NAU164,male,hand,20260907,3,24.94535008965013,27.46875,23.015964491965985
10317.000035234,69,10317,10317:f468dfbfdc239f0e3bbe1de592c866535d2e70f74b05af2999cd5ac5b39818383c58a904146c605bc773f87fac2da08ddde7d4bedced3110d5c1d3b15657f73e,male,head,20260907,3,43.26788735612373,43.15625,44.51508898565039
10317.000049905,69,10317,10317:f468dfbfdc239f0e3bbe1de592c866535d2e70f74b05af2999cd5ac5b39818383c58a904146c605bc773f87fac2da08ddde7d4bedced3110d5c1d3b15657f73e,male,hand,20260907,3,42.784686049577715,40.575,42.268501786996794
1841.P16466,22,1841,1841:NCS255,female,hand,20260907,3,22.297653843714563,25.55625,23.43887915630884
1841.P16463,23,1841,1841:NCS243,male,hand,20260907,3,24.94535008965013,24.925,20.278952016553845
1841.F05321,27,1841,1841:NCS253,female,head,20260907,3,22.349464528634222,31.925,25.249920599876962
10317.000066836,27,10317,10317:75e7facbcee6190c9bd0ec55d33af511592981c1851bc62c90ffa060b30d59451c3407b0344a1357b33b8a653eb1ab6517c15e9f6f193c447e3882c2ada31e9a,male,head,20260907,3,43.26788735612373,34.80625,33.46033250114246
1841.P16556,23,1841,1841:CUB053,female,hand,20260907,3,22.297653843714563,22.93125,24.131854674260673
1841.F06523,22,1841,1841:CUB007,female,head,20260907,3,22.349464528634222,22.88125,23.49615407540236
1841.P15085,20,1841,1841:CUB005,female,hand,20260907,3,22.297653843714563,23.4,23.164215129708353
1841.F05077,23,1841,1841:NCS243,male,head,20260907,3,25.006100787327405,25.73125,21.685087428323225
1841.F05076,22,1841,1841:NCS255,female,head,20260907,3,22.349464528634222,26.2125,25.78904228554277
1841.F05925,27,1841,1841:NCS214,male,head,20260907,3,25.006100787327405,29.5875,24.787456125969786
1841.F05927,19,1841,1841:NCS233,male,head,20260907,3,25.006100787327405,23.43125,20.110285905317554
1841.F06291,21,1841,1841:NAU106,female,head,20260907,3,22.349464528634222,23.0375,22.79851362602178
10317.000031072,52,10317,10317:704472fc9c96c860a14513fc1c6660f72e2d159bd1dcf6011fcde0750d69d6ace9a9260923b171897ac72f33ec8c0d03721a0dcd0c676e8988974e6e22e4265a,male,hand,20260907,3,42.784686049577715,42.40625,43.81060661660066
2010.1474,35,2010,2010:9,female,head,20260907,3,27.40046319613207,34.5875,29.97409808396042
1841.P15762,22,1841,1841:NAU137,female,hand,20260907,3,22.297653843714563,21.625,22.381903984876097
10317.000012954,63,10317,10317:9d63053308a543f47f4cbdce91e1eacc49775ab0a34b4fe6f4f120e15d3d44f6915ce2e76324bbbb7aba1077216d23ad37b43118ddc87124bf0fd47327d12161,female,head,20260907,3,47.51926136895253,49.00625,51.30554872132041
1841.P16267,20,1841,1841:NAU121,female,hand,20260907,3,22.297653843714563,23.99375,24.15365940673107
1841.F06094,22,1841,1841:NCS255,female,head,20260907,3,22.349464528634222,25.3125,24.047419765464014
10317.000063303,26,10317,10317:9a079253652d16fa017050fd68017b646c3c734b4c96ca593236c537806682233e513b33fb850475266ef28a5c34e9297ffbd213ef416263b306bfae257d1aef,male,hand,20260907,3,42.784686049577715,35.6375,35.86349748145285
1841.F05012,27,1841,1841:NCS214,male,head,20260907,3,25.006100787327405,26.93125,22.413933454510897
1841.F05907,19,1841,1841:NCS233,male,head,20260907,3,25.006100787327405,22.925,20.942614875373913
1841.F05903,27,1841,1841:NCS214,male,head,20260907,3,25.006100787327405,26.7875,23.731214390708878
1841.F05901,19,1841,1841:NCS233,male,head,20260907,3,25.006100787327405,25.25,22.483240240158043
1841.P15925,22,1841,1841:CUB016,female,hand,20260907,3,22.297653843714563,23.2125,24.40842817227531
10317.000005289,69,10317,10317:f468dfbfdc239f0e3bbe1de592c866535d2e70f74b05af2999cd5ac5b39818383c58a904146c605bc773f87fac2da08ddde7d4bedced3110d5c1d3b15657f73e,male,head,20260907,3,43.26788735612373,43.5375,44.40922177133142
10317.000007080,48,10317,10317:63aa1010fee4655f80a2fd1ca92db0c9c662b7ff7dfeccd99a08edb7b7f5af8b2df1c92465690a27ee6aad1207495376abce78f3ddeffc05da0acb099f8efdb8,male,head,20260907,3,43.26788735612373,39.4,39.07131410905649
1841.F05229,22,1841,1841:NAU137,female,head,20260907,3,22.349464528634222,21.91875,22.199778918198668
1841.F05223,21,1841,1841:NAU106,female,head,20260907,3,22.349464528634222,22.225,23.724090368357206
10317.000028832,36,10317,10317:3c63e41945a68fe74a43d054231d84ae90b185102915cbf4e13a11155b618c9d46daa02e507790f8529e4ff507dcc94f8b67e321b3ad761e17dfadff23c89742,male,head,20260907,3,43.26788735612373,39.35,40.21051207848117
1841.P15041,22,1841,1841:CUB007,female,hand,20260907,3,22.297653843714563,22.6125,22.89522101386782
1841.P15042,22,1841,1841:CUB016,female,hand,20260907,3,22.297653843714563,21.71875,23.505512430590535
1841.P15263,22,1841,1841:CUB016,female,hand,20260907,3,22.297653843714563,22.50625,23.47339543905564
1841.P15262,20,1841,1841:CUB005,female,hand,20260907,3,22.297653843714563,23.30625,23.745611751165203
1841.F05031,23,1841,1841:NCS243,male,head,20260907,3,25.006100787327405,26.4125,19.17211136889415
1841.F05030,19,1841,1841:NCS233,male,head,20260907,3,25.006100787327405,24.6375,20.999354940103142
1841.F05694,20,1841,1841:CUB005,female,head,20260907,3,22.349464528634222,26.5125,26.3605438159517
1841.F05693,22,1841,1841:CUB016,female,head,20260907,3,22.349464528634222,22.61875,25.370868878027437
1841.F05964,19,1841,1841:NCS233,male,head,20260907,3,25.006100787327405,24.54375,20.86270830223923
1841.P16101,20,1841,1841:NAU121,female,hand,20260907,3,22.297653843714563,23.66875,24.08217043861346
10317.000049759,52,10317,10317:00069244bd1f2b8987ec0be407f83eec727bd40dde9ff15d05497f7db0f60f551d4af74463256aae7abd00d1a3180ca506bd16e684d859304c2864b1c7e4a8f6,male,hand,20260907,3,42.784686049577715,42.24375,43.263989660219174
10317.000014510,36,10317,10317:afc4cc1e970ef3c7c09dfc377d86b8cb6dd2b6fc250e40ad216859b782525e9a89692b141ec60d853e30f94d919e6d74c8ef2a10c87061cbb48939ce1a8ab53a,female,head,20260907,3,47.51926136895253,38.88125,42.875983854349755
1841.F05559,22,1841,1841:NAU137,female,head,20260907,3,22.349464528634222,21.8,23.827871651440127
1841.P16371,20,1841,1841:NAU121,female,hand,20260907,3,22.297653843714563,23.91875,25.057682840292028
1841.P16596,20,1841,1841:CUB005,female,hand,20260907,3,22.297653843714563,24.2375,23.367319661005645
10317.000015187,27,10317,10317:cb8ea224a3bb7ef53bf08da62860c079b5996441cbbb6ef11fbe09454172198e57a65569937d0e57c98a2327cfe4b04a55969cdda8eed8fc5f998c2468e4920a,male,hand,20260907,3,42.784686049577715,39.0125,41.0898414790359
1841.P15067,22,1841,1841:CUB007,female,hand,20260907,3,22.297653843714563,25.675,23.363902715158662
1841.P15066,23,1841,1841:CUB053,female,hand,20260907,3,22.297653843714563,26.0375,24.048396143554218
1841.F06329,22,1841,1841:CUB016,female,head,20260907,3,22.349464528634222,23.55,22.80612961688496
1841.F05412,21,1841,1841:NAU106,female,head,20260907,3,22.349464528634222,25.25,26.124718453340023
1841.F05419,20,1841,1841:NAU121,female,head,20260907,3,22.349464528634222,22.75625,24.945309343854095
1841.P15580,23,1841,1841:NAU100,male,hand,20260907,3,24.94535008965013,24.175,21.099504137951342
1841.P16354,22,1841,1841:NAU164,male,hand,20260907,3,24.94535008965013,29.99375,23.764531534752997
1841.P15002,22,1841,1841:CUB016,female,hand,20260907,3,22.297653843714563,21.5625,23.600040422341557
1841.F06308,22,1841,1841:CUB016,female,head,20260907,3,22.349464528634222,23.36875,24.03179222404603
10317.000049840,69,10317,10317:c9253f884608fc319fe8569e8e2979bb54c91a0e0d3c4ff7a4b8f149c7372a1c77029903e0508684d15d336da510bcc78d1e9c1aecbf85c0b6bc664b85990a20,female,hand,20260907,3,48.17329121532879,45.45,49.7431555562844
10317.000049841,69,10317,10317:c9253f884608fc319fe8569e8e2979bb54c91a0e0d3c4ff7a4b8f149c7372a1c77029903e0508684d15d336da510bcc78d1e9c1aecbf85c0b6bc664b85990a20,female,head,20260907,3,47.51926136895253,49.51875,51.34050505319359
10317.000005363,67,10317,10317:673c8ce01f6c4b5120fb00380499db5eeb6a2fb55f33a66a36d79a28f321105b432b54532ecd02900640e027e6baa65fe94b194fa11f3a0eaf97f6abf95c9417,unknown,hand,20260907,3,39.179777231940186,44.85,42.92918749242027
10317.000009042,46,10317,10317:df6f20fb4f08ca5e4d0752d216fd11416c51dcc4d2843a31934d166a9e80964e8a8ebaa924df11dde7c18ceb71cdaa8a5809afe436eae6c92ebcf896c5c92b64,female,hand,20260907,3,48.17329121532879,42.65,45.28850897342341
1841.P15634,23,1841,1841:CUB053,female,hand,20260907,3,22.297653843714563,22.0,24.724144970195056
1841.F06365,20,1841,1841:CUB005,female,head,20260907,3,22.349464528634222,23.98125,23.616643665456426
1841.F06360,22,1841,1841:CUB007,female,head,20260907,3,22.349464528634222,23.20625,21.93262599132199
1841.P15284,23,1841,1841:CUB053,female,hand,20260907,3,22.297653843714563,27.00625,28.47422648716692
10317.000049790,27,10317,10317:cb8ea224a3bb7ef53bf08da62860c079b5996441cbbb6ef11fbe09454172198e57a65569937d0e57c98a2327cfe4b04a55969cdda8eed8fc5f998c2468e4920a,male,head,20260907,3,43.26788735612373,43.66875,43.01503724507211
10317.000005290,69,10317,10317:f468dfbfdc239f0e3bbe1de592c866535d2e70f74b05af2999cd5ac5b39818383c58a904146c605bc773f87fac2da08ddde7d4bedced3110d5c1d3b15657f73e,male,hand,20260907,3,42.784686049577715,41.2125,44.3760247540886
1841.F05630,20,1841,1841:CUB005,female,head,20260907,3,22.349464528634222,23.35625,23.393559667063325
10317.000015293,29,10317,10317:fac33038e7fdc9cea92cfafa3a1c3f21658eba746fdc582552dc90cf29de5130fdb07560083b3745b42ab1b35c0098ade96b984095fd4c6ab41f086f38fdf732,male,head,20260907,3,43.26788735612373,41.45,42.23273743395346
10317.000015292,29,10317,10317:fac33038e7fdc9cea92cfafa3a1c3f21658eba746fdc582552dc90cf29de5130fdb07560083b3745b42ab1b35c0098ade96b984095fd4c6ab41f086f38fdf732,male,hand,20260907,3,42.784686049577715,37.58125,41.41187837731102
10317.000015291,29,10317,10317:fac33038e7fdc9cea92cfafa3a1c3f21658eba746fdc582552dc90cf29de5130fdb07560083b3745b42ab1b35c0098ade96b984095fd4c6ab41f086f38fdf732,male,hand,20260907,3,42.784686049577715,41.36875,41.296120545934606
1841.F05636,22,1841,1841:CUB007,female,head,20260907,3,22.349464528634222,22.43125,22.414507631173016
1841.F05986,19,1841,1841:NCS233,male,head,20260907,3,25.006100787327405,23.425,20.796036573863784
1841.F05985,27,1841,1841:NCS214,male,head,20260907,3,25.006100787327405,31.0875,23.156527938020083
1841.F05984,27,1841,1841:NCS214,male,head,20260907,3,25.006100787327405,35.39375,22.27132586376677
10317.000035236,69,10317,10317:f468dfbfdc239f0e3bbe1de592c866535d2e70f74b05af2999cd5ac5b39818383c58a904146c605bc773f87fac2da08ddde7d4bedced3110d5c1d3b15657f73e,male,hand,20260907,3,42.784686049577715,44.01875,45.81862041386279
10317.000015463,69,10317,10317:f468dfbfdc239f0e3bbe1de592c866535d2e70f74b05af2999cd5ac5b39818383c58a904146c605bc773f87fac2da08ddde7d4bedced3110d5c1d3b15657f73e,male,head,20260907,3,43.26788735612373,40.5625,39.971037277987236
10317.000015464,69,10317,10317:f468dfbfdc239f0e3bbe1de592c866535d2e70f74b05af2999cd5ac5b39818383c58a904146c605bc773f87fac2da08ddde7d4bedced3110d5c1d3b15657f73e,male,hand,20260907,3,42.784686049577715,40.525,42.94720216988074
1841.P16063,22,1841,1841:NAU164,male,hand,20260907,3,24.94535008965013,29.45,24.896697602210633
1841.P16065,21,1841,1841:NAU106,female,hand,20260907,3,22.297653843714563,24.16875,25.020842384154246
10317.000063422,36,10317,10317:702fbc8dfcb76217e73344a0a11dd54afca4b678302097929bc6cc1cadce5d5fc80da1e599a9d752eea1f081540d8b89772bcb670f71f2d38a11bdce484be812,female,hand,20260907,3,48.17329121532879,37.89375,39.69323264853479
10317.000049119,62,10317,10317:cf42e22cb0b5def3e5fb85e3eedb9fec63ec3614a7783d0ac195975b575a9863d801522f080d492d8032502dfbef61ba79d17264597f600354ba3cb662748955,male,hand,20260907,3,42.784686049577715,53.50625,54.225097781154446
1841.F05612,20,1841,1841:CUB005,female,head,20260907,3,22.349464528634222,26.85625,24.734223854722586
1841.P15400,27,1841,1841:NCS253,female,hand,20260907,3,22.297653843714563,32.3875,29.219780588289233
1841.F05471,20,1841,1841:NAU121,female,head,20260907,3,22.349464528634222,22.66875,24.331280245843335
1841.P16183,22,1841,1841:NAU137,female,hand,20260907,3,22.297653843714563,23.15,22.647052616539938
1841.P15981,22,1841,1841:CUB007,female,hand,20260907,3,22.297653843714563,22.93125,22.486214767343586
1841.P15369,22,1841,1841:NCS255,female,hand,20260907,3,22.297653843714563,21.9125,21.977713553513833
1841.P15362,27,1841,1841:NCS253,female,hand,20260907,3,22.297653843714563,30.3125,29.508953692098622
1841.F05866,22,1841,1841:NAU164,male,head,20260907,3,25.006100787327405,26.9,23.76757286376411
1841.P16519,22,1841,1841:CUB007,female,hand,20260907,3,22.297653843714563,23.85,27.584349807287996
1841.P16510,20,1841,1841:CUB005,female,hand,20260907,3,22.297653843714563,24.58125,23.209821614751434
1841.F05486,22,1841,1841:NAU137,female,head,20260907,3,22.349464528634222,23.7125,22.822032179349947
1841.F06412,23,1841,1841:CUB053,female,head,20260907,3,22.349464528634222,24.9625,25.133711893510622
1841.F06415,22,1841,1841:CUB016,female,head,20260907,3,22.349464528634222,21.96875,22.242445554466872
1841.F06511,20,1841,1841:CUB005,female,head,20260907,3,22.349464528634222,23.34375,22.686057072476405
10317.000005651,65,10317,10317:5e5f5fc79a512a180eb0cd63fa75b7307715996b1aff58edbefb0ed0d6548904bf74f95a466efb9525a910f69150d98cfae7b1c55b9bf3e278b402a8439e8d4c,male,hand,20260907,3,42.784686049577715,45.10625,47.74028017454258
10317.000005650,65,10317,10317:5e5f5fc79a512a180eb0cd63fa75b7307715996b1aff58edbefb0ed0d6548904bf74f95a466efb9525a910f69150d98cfae7b1c55b9bf3e278b402a8439e8d4c,male,hand,20260907,3,42.784686049577715,42.9125,45.467666291622585
10317.000005652,65,10317,10317:5e5f5fc79a512a180eb0cd63fa75b7307715996b1aff58edbefb0ed0d6548904bf74f95a466efb9525a910f69150d98cfae7b1c55b9bf3e278b402a8439e8d4c,male,head,20260907,3,43.26788735612373,47.24375,46.277920086676296
1841.P15793,22,1841,1841:NAU137,female,hand,20260907,3,22.297653843714563,22.3125,22.952616277280015
1841.P15798,21,1841,1841:NAU106,female,hand,20260907,3,22.297653843714563,25.39375,27.113967090233338
1841.P15425,23,1841,1841:NCS203,female,hand,20260907,3,22.297653843714563,28.25625,24.756639003675815
1841.P15422,21,1841,1841:NCS247,unknown,hand,20260907,3,24.990251405439604,22.60625,19.22268400765471
1841.P16218,22,1841,1841:NAU137,female,hand,20260907,3,22.297653843714563,23.4875,22.94797487217621
1841.F05491,22,1841,1841:NAU137,female,head,20260907,3,22.349464528634222,22.35625,22.335016588831007
1841.P15166,27,1841,1841:NCS214,male,hand,20260907,3,24.94535008965013,30.6125,23.801709487065303
1841.F06060,23,1841,1841:NCS243,male,head,20260907,3,25.006100787327405,28.85,20.767828780552566
1841.F06063,23,1841,1841:NCS203,female,head,20260907,3,22.349464528634222,28.75,23.885374192462614
1841.F06064,23,1841,1841:NCS243,male,head,20260907,3,25.006100787327405,24.2125,22.18177895283475
1841.P15308,23,1841,1841:NCS243,male,hand,20260907,3,24.94535008965013,26.29375,21.447011486725827
1841.F06068,27,1841,1841:NCS253,female,head,20260907,3,22.349464528634222,32.93125,24.937835889018544
1841.P15300,27,1841,1841:NCS253,female,hand,20260907,3,22.297653843714563,26.3875,26.28839846588239
2010.3105,31,2010,2010:43,female,head,20260907,3,27.40046319613207,38.0375,30.56306266086544
10317.000020763,51,10317,10317:271445d9d2f17a19777c6abc5576840700fc57ecb19654f09610d4d1187e722ba995215d7e0cdfd20bd17f6a11fcb5232973c72d5d66bf7a0933e78b7d8aeabc,female,head,20260907,3,47.51926136895253,43.5375,50.06059204883895
1841.P15551,22,1841,1841:NAU137,female,hand,20260907,3,22.297653843714563,23.05625,24.248376908135295
1841.P16533,22,1841,1841:CUB007,female,hand,20260907,3,22.297653843714563,28.1875,29.285964932604056
1841.P16535,22,1841,1841:CUB016,female,hand,20260907,3,22.297653843714563,21.39375,23.251032721013082
1841.F05094,23,1841,1841:NCS203,female,head,20260907,3,22.349464528634222,25.725,23.46865456133367
1841.F06478,20,1841,1841:CUB049,female,head,20260907,4,22.368043275528674,22.48125,24.240166330465787
1841.F06476,23,1841,1841:CUB056,male,head,20260907,4,23.068401314115853,23.40625,21.124599024939915
1841.F06474,22,1841,1841:CUB048,female,head,20260907,4,22.368043275528674,26.35625,25.974411795698163
1841.F06471,21,1841,1841:CUB032,female,head,20260907,4,22.368043275528674,22.89375,24.673485243794293
1841.F06385,22,1841,1841:CUB048,female,head,20260907,4,22.368043275528674,24.46875,23.95889796136116
10317.000068792,39,10317,10317:0610dc25baabfb768bd6465f009077ba740694d1c37591ea165a6eed61b038ba1fd9167c4f0efbd5cd490953bcd66ea07e9d8b594234539c2e566f09dd0e4699,male,hand,20260907,4,42.25043716602058,35.53125,39.59036676306915
1841.P16235,55,1841,1841:NAU149,male,hand,20260907,4,23.042776402368958,34.50625,22.286938264273815
1841.F05564,30,1841,1841:NAU155,female,head,20260907,4,22.368043275528674,23.4375,20.658310101629343
1841.P15324,20,1841,1841:NCS263,male,hand,20260907,4,23.042776402368958,28.0125,26.09761762292714
2010.1953,32,2010,2010:19,female,head,20260907,4,27.62003189007862,43.91875,33.21316615480655
1841.F05821,55,1841,1841:NAU149,male,head,20260907,4,23.068401314115853,30.0375,24.11776996619287
10317.000004238,58,10317,10317:37d8f6f7e4e484018175eb77bb7510245502c3c3d85c9a1874de9d25b0c5fe27d21dbcbe36e8c6663360590a8287912cd7e945311f2e50e46afc4ca3b709cc02,male,head,20260907,4,42.077199836728866,42.95,43.40494605312582
1841.F06139,22,1841,1841:CUB048,female,head,20260907,4,22.368043275528674,23.75,23.798463631640082
10317.000004236,58,10317,10317:37d8f6f7e4e484018175eb77bb7510245502c3c3d85c9a1874de9d25b0c5fe27d21dbcbe36e8c6663360590a8287912cd7e945311f2e50e46afc4ca3b709cc02,male,hand,20260907,4,42.25043716602058,45.18125,45.99473054922944
10317.000004237,58,10317,10317:37d8f6f7e4e484018175eb77bb7510245502c3c3d85c9a1874de9d25b0c5fe27d21dbcbe36e8c6663360590a8287912cd7e945311f2e50e46afc4ca3b709cc02,male,hand,20260907,4,42.25043716602058,44.7125,44.28807025889386
10317.000049240,56,10317,10317:bd91fc26c20a7652fc421fee2aa75624e4db7f68e0e4fde846745c30bb976e46e87f9660bdf0cea293a6b1ddf22122f6376d2be385445805fa204dd33e6dc905,male,hand,20260907,4,42.25043716602058,47.45625,45.73525667022604
10317.000049241,56,10317,10317:bd91fc26c20a7652fc421fee2aa75624e4db7f68e0e4fde846745c30bb976e46e87f9660bdf0cea293a6b1ddf22122f6376d2be385445805fa204dd33e6dc905,male,hand,20260907,4,42.25043716602058,45.08125,43.731165095957195
1841.F05106,37,1841,1841:NAU148,male,head,20260907,4,23.068401314115853,24.0875,19.584326755365566
1841.F05104,20,1841,1841:NAU123,male,head,20260907,4,23.068401314115853,23.80625,19.294906537700914
10317.000010182,33,10317,10317:723b6b9cc65e7b32325680590272929f0ac00ca96b80b0fab7d4f3aa989891c4e461f3d54e5d04cec753535eff24d840aca7c4484f9aaf9507e8c09d37fc902b,unknown,head,20260907,4,42.717468307565376,42.3625,44.100191482594994
1841.P15693,20,1841,1841:CUB049,female,hand,20260907,4,22.43371230544315,21.90625,25.42509569975548
10317.000063164,29,10317,10317:03c0867966fe2299eb3b09291d5f0834310bdf5fceed9c9b7b397570bf8f2d2adaeb945c824ff0cb407abaf691b8173cfa03c4f8eb17e6dd9f6eda17502e66e4,male,head,20260907,4,42.077199836728866,35.45,35.473685060475695
10317.000023128,41,10317,10317:d05b6995db48f6c9db978b1b5ca6e64fdb449b3a00c92813c529766f03bd685a588b170ad83cf571cc7835590556a3954f74f0426fa772dd2e7a9a365c327784,male,head,20260907,4,42.077199836728866,43.8,46.847517445683046
1841.F05593,21,1841,1841:NAU153,female,head,20260907,4,22.368043275528674,22.29375,22.198543523477376
1841.F05598,20,1841,1841:NAU123,male,head,20260907,4,23.068401314115853,23.4,20.361872106911633
10317.000015501,58,10317,10317:39bccde315a4d2e26bd21d11d8612666496433302b42a988f2e86dbe04d585b4ed30f82357ad21121e121b84ba5b37d2ecaf536b10e6faf7bae853217d2e1db6,male,hand,20260907,4,42.25043716602058,40.875,43.21924196743149
1841.P16574,20,1841,1841:CUB049,female,hand,20260907,4,22.43371230544315,21.94375,23.43658690716588
10317.000014679,45,10317,10317:766b16ee6b65383664f73d4720f92c408604f3862a3ca0910ef13758df6833a4e132f7a6a180a0e66a7a0de4de722b7c7dcbbdfe09b051de250e1c70364291e9,female,head,20260907,4,47.45439007776902,40.9875,44.39365535957416
1841.F05161,55,1841,1841:NAU149,male,head,20260907,4,23.068401314115853,27.625,22.682697636550195
1841.F06551,20,1841,1841:CUB049,female,head,20260907,4,22.368043275528674,21.6,22.806703361857075
1841.F05571,30,1841,1841:NAU155,female,head,20260907,4,22.368043275528674,23.26875,21.3873407495591
1841.F05576,30,1841,1841:NAU155,female,head,20260907,4,22.368043275528674,26.775,21.346610277872966
1841.F05844,55,1841,1841:NAU149,male,head,20260907,4,23.068401314115853,32.20625,24.772173882173107
10317.000041070,31,10317,10317:71e5fd7acb649ca95a67898db0fec25f330aaadd054f9606a2bf895d9748f5f2dbb072b66b2f8cbb341c64bf56f1d46adf1543d0cd7406a94c113f4c63d7e45a,female,hand,20260907,4,49.93404536395226,36.65625,42.75538598828144
1841.F05409,22,1841,1841:NAU133,male,head,20260907,4,23.068401314115853,26.94375,19.768576597594972
1841.F06495,22,1841,1841:CUB004,female,head,20260907,4,22.368043275528674,26.41875,25.29039334800565
1841.P15719,22,1841,1841:NAU133,male,hand,20260907,4,23.042776402368958,28.46875,19.35812049753084
1841.P15710,20,1841,1841:NAU123,male,hand,20260907,4,23.042776402368958,22.25625,19.639039326832883
1841.P16436,20,1841,1841:NCS263,male,hand,20260907,4,23.042776402368958,24.31875,22.45132781215053
1841.F06579,21,1841,1841:CUB033,female,head,20260907,4,22.368043275528674,23.3,26.39042767593583
10317.000007695,53,10317,10317:2001cd96b41443702fff754af1697cfbdfad013781990354ba66abf4ba4c1619b3b03ab3cbeff986588254af06fd1bb16cb541da65af96468b507f8eedd4e51f,female,hand,20260907,4,49.93404536395226,38.89375,47.25418981718628
10317.000007696,53,10317,10317:2001cd96b41443702fff754af1697cfbdfad013781990354ba66abf4ba4c1619b3b03ab3cbeff986588254af06fd1bb16cb541da65af96468b507f8eedd4e51f,female,hand,20260907,4,49.93404536395226,41.23125,45.77058379096972
1841.P15383,20,1841,1841:NCS263,male,hand,20260907,4,23.042776402368958,26.08125,22.624309819725685
1841.P15731,22,1841,1841:NAU133,male,hand,20260907,4,23.042776402368958,22.96875,19.856735060611395
1841.F06215,20,1841,1841:NAU123,male,head,20260907,4,23.068401314115853,23.6875,18.436381768325706
1841.P15006,21,1841,1841:CUB032,female,hand,20260907,4,22.43371230544315,23.13125,24.696518100246905
10317.000034638,64,10317,10317:b03b7d707e125ba38f6ae4345eb6389f63c2caed719f3d69552e392dbe3d40c17b9f8b97c1e801df3731171dea8ebdb990b7f88d87da78c626beccba0003cf7f,female,head,20260907,4,47.45439007776902,41.75625,51.368122175354074
10317.000034639,64,10317,10317:b03b7d707e125ba38f6ae4345eb6389f63c2caed719f3d69552e392dbe3d40c17b9f8b97c1e801df3731171dea8ebdb990b7f88d87da78c626beccba0003cf7f,female,hand,20260907,4,49.93404536395226,42.5625,49.816398479235524
1841.F05826,20,1841,1841:NAU123,male,head,20260907,4,23.068401314115853,21.8875,20.214144297016965
1841.P16088,22,1841,1841:NAU133,male,hand,20260907,4,23.042776402368958,24.04375,22.11600021999365
1841.P16089,20,1841,1841:NAU123,male,hand,20260907,4,23.042776402368958,29.68125,26.81970501623983
10317.000003167,56,10317,10317:ca3c1391f1ca6877569a02ad1a4bb08ec17ce43eb36e67a75c7021c818e8b0fc35d4d9d4f88d36031ef5d86fe5d42f004195994d262cc11012d12140268e85ba,male,hand,20260907,4,42.25043716602058,45.96875,46.54116631575626
1841.P15757,20,1841,1841:NAU123,male,hand,20260907,4,23.042776402368958,22.1125,20.424313167646222
1841.P15975,21,1841,1841:CUB032,female,hand,20260907,4,22.43371230544315,22.61875,24.93020260536972
1841.P15978,22,1841,1841:CUB048,female,hand,20260907,4,22.43371230544315,26.2875,25.52391315094992
10317.000015381,34,10317,10317:88f4fbcf0ceb456e7f8e8447af039f0dc2670ad52972600d23a04b60152370409f6b57086023803ce52591376f998806f80e260d50d06764bbb66d26d1b5553e,female,hand,20260907,4,49.93404536395226,38.39375,45.77715769140583
10317.000015383,34,10317,10317:88f4fbcf0ceb456e7f8e8447af039f0dc2670ad52972600d23a04b60152370409f6b57086023803ce52591376f998806f80e260d50d06764bbb66d26d1b5553e,female,head,20260907,4,47.45439007776902,39.875,44.81805260511326
10317.000015382,34,10317,10317:88f4fbcf0ceb456e7f8e8447af039f0dc2670ad52972600d23a04b60152370409f6b57086023803ce52591376f998806f80e260d50d06764bbb66d26d1b5553e,female,hand,20260907,4,49.93404536395226,41.375,48.070965962405744
1841.F05279,20,1841,1841:NAU123,male,head,20260907,4,23.068401314115853,22.1875,21.26144871896711
10317.000069111,29,10317,10317:03c0867966fe2299eb3b09291d5f0834310bdf5fceed9c9b7b397570bf8f2d2adaeb945c824ff0cb407abaf691b8173cfa03c4f8eb17e6dd9f6eda17502e66e4,male,head,20260907,4,42.077199836728866,31.325,32.563111970628256
10317.000069118,29,10317,10317:03c0867966fe2299eb3b09291d5f0834310bdf5fceed9c9b7b397570bf8f2d2adaeb945c824ff0cb407abaf691b8173cfa03c4f8eb17e6dd9f6eda17502e66e4,male,hand,20260907,4,42.25043716602058,34.3625,34.05027471292544
1841.P16477,20,1841,1841:NCS263,male,hand,20260907,4,23.042776402368958,24.225,21.717987416586052
1841.F06530,22,1841,1841:CUB004,female,head,20260907,4,22.368043275528674,25.85625,24.167290949625414
1841.F06534,21,1841,1841:CUB033,female,head,20260907,4,22.368043275528674,24.90625,23.284521416955148
1841.F06538,20,1841,1841:CUB049,female,head,20260907,4,22.368043275528674,22.75625,24.262212437304317
1841.P15566,30,1841,1841:NAU155,female,hand,20260907,4,22.43371230544315,26.1875,25.05995958861873
10317.000008200,46,10317,10317:48d391496558e01a0104b2b5a59686340e1e6a0399c13717e18c37dc683db8cf9db7b16ae3e331f1f78373cf02cfc7c9565ca3f6b2d6eae259d9401e7d93b863,female,head,20260907,4,47.45439007776902,41.3875,46.285261072096496
1841.P15956,21,1841,1841:CUB033,female,hand,20260907,4,22.43371230544315,21.75,24.259404793244645
1841.P15951,22,1841,1841:CUB048,female,hand,20260907,4,22.43371230544315,26.2875,28.338804770263632
1841.P15770,30,1841,1841:NAU155,female,hand,20260907,4,22.43371230544315,24.98125,23.75938014868731
1841.F06254,20,1841,1841:NAU123,male,head,20260907,4,23.068401314115853,22.6375,19.907864040935497
1841.F06299,22,1841,1841:NAU133,male,head,20260907,4,23.068401314115853,23.875,19.61384157472893
10317.000022099,41,10317,10317:e4503538e12701b45b371c7ed670bd3ae6eba6dbfd41e21b14c030e3e6c626aaaf69513c82f4fb7a3e531ea834a73f16c57799fb90f66a9da07d8b3b8dc4b486,male,head,20260907,4,42.077199836728866,44.43125,48.432389306826394
10317.000015212,34,10317,10317:356171d003a70eda05dbc44ca7f1c23e803cbba14631a5247db7774ba0e837cd853a804b6bc41bc084b8849021f84c1c780ad04856231b70f72faf5ef5b4bcbf,male,hand,20260907,4,42.25043716602058,37.81875,40.886758147811065
1841.P15098,22,1841,1841:CUB048,female,hand,20260907,4,22.43371230544315,25.3625,24.80698679045818
1841.P15095,23,1841,1841:CUB056,male,hand,20260907,4,23.042776402368958,23.48125,24.131469725420512
1841.P15092,23,1841,1841:CUB056,male,hand,20260907,4,23.042776402368958,25.9,22.73215724182511
1841.P15548,20,1841,1841:NAU123,male,hand,20260907,4,23.042776402368958,22.575,21.267033146209567
1841.P16539,22,1841,1841:CUB004,female,hand,20260907,4,22.43371230544315,31.625,25.656231243458137
1841.P16158,22,1841,1841:NAU133,male,hand,20260907,4,23.042776402368958,24.96875,22.293178010262302
1841.P15935,21,1841,1841:CUB033,female,hand,20260907,4,22.43371230544315,23.775,25.98845112834793
1841.P15931,21,1841,1841:CUB032,female,hand,20260907,4,22.43371230544315,22.76875,24.726069819354937
1841.F06271,37,1841,1841:NAU148,male,head,20260907,4,23.068401314115853,23.6875,20.973068363516504
10317.000015308,36,10317,10317:feea3e83f7040193068cefe3fbcc20f2ea1091f85bfe70ce251294e52b9fe96590bdfd79bae84e89f8a0e8adb68da76d13e4c631cd02e8440870e7ffa4c40c5d,female,head,20260907,4,47.45439007776902,37.69375,43.825726111126606
10317.000005071,62,10317,10317:95709cc58235ffbd909b031216643693df4dbc827ae14fc247eebb0528bfbea20bc16e3572da9168ccfd0829b33c756aa63ed4ce9ba244ce6bdf5ef97c44e85f,female,hand,20260907,4,49.93404536395226,46.99375,47.61352959963118
10317.000005070,62,10317,10317:95709cc58235ffbd909b031216643693df4dbc827ae14fc247eebb0528bfbea20bc16e3572da9168ccfd0829b33c756aa63ed4ce9ba244ce6bdf5ef97c44e85f,female,hand,20260907,4,49.93404536395226,43.65,50.986187383610215
2010.1851,32,2010,2010:19,female,head,20260907,4,27.62003189007862,42.89375,32.7863329951183
10317.000066867,29,10317,10317:03c0867966fe2299eb3b09291d5f0834310bdf5fceed9c9b7b397570bf8f2d2adaeb945c824ff0cb407abaf691b8173cfa03c4f8eb17e6dd9f6eda17502e66e4,male,hand,20260907,4,42.25043716602058,32.03125,31.230523086292806
10317.000066866,29,10317,10317:03c0867966fe2299eb3b09291d5f0834310bdf5fceed9c9b7b397570bf8f2d2adaeb945c824ff0cb407abaf691b8173cfa03c4f8eb17e6dd9f6eda17502e66e4,male,hand,20260907,4,42.25043716602058,35.93125,37.63924155745512
10317.000066861,29,10317,10317:03c0867966fe2299eb3b09291d5f0834310bdf5fceed9c9b7b397570bf8f2d2adaeb945c824ff0cb407abaf691b8173cfa03c4f8eb17e6dd9f6eda17502e66e4,male,head,20260907,4,42.077199836728866,33.68125,31.54105455972396
10317.000066868,29,10317,10317:03c0867966fe2299eb3b09291d5f0834310bdf5fceed9c9b7b397570bf8f2d2adaeb945c824ff0cb407abaf691b8173cfa03c4f8eb17e6dd9f6eda17502e66e4,male,hand,20260907,4,42.25043716602058,33.49375,32.80454128825254
10317.000003535,46,10317,10317:4aa35b33ec066f163b8daeb1b8200f17ece0f58ed4de27fc1acf828c8864cb5dfb93c989fb4315cfe8721c8eed0e468a5da3102ea9bc9c107e0b214c031f5e1d,female,hand,20260907,4,49.93404536395226,45.31875,50.33591117074785
2010.2229,22,2010,2010:29,female,head,20260907,4,27.62003189007862,36.4875,27.45801869551619
1841.P16176,20,1841,1841:NAU123,male,hand,20260907,4,23.042776402368958,22.48125,21.55483032030095
1841.F06293,22,1841,1841:NAU133,male,head,20260907,4,23.068401314115853,24.825,19.770138198906977
1841.F06290,22,1841,1841:NAU133,male,head,20260907,4,23.068401314115853,23.525,19.756244132295162
1841.F06296,37,1841,1841:NAU148,male,head,20260907,4,23.068401314115853,25.04375,22.401196038237444
1841.F06294,37,1841,1841:NAU148,male,head,20260907,4,23.068401314115853,24.05625,20.92323131732634
1841.P15917,20,1841,1841:CUB049,female,hand,20260907,4,22.43371230544315,22.2,24.52516617738961
10317.000062190,29,10317,10317:03c0867966fe2299eb3b09291d5f0834310bdf5fceed9c9b7b397570bf8f2d2adaeb945c824ff0cb407abaf691b8173cfa03c4f8eb17e6dd9f6eda17502e66e4,male,head,20260907,4,42.077199836728866,31.76875,33.985404033188175
1841.F05002,20,1841,1841:NCS263,male,head,20260907,4,23.068401314115853,29.75625,20.540834135569327
1841.P15774,55,1841,1841:NAU149,male,hand,20260907,4,23.042776402368958,28.075,23.46344563691634
1841.P16588,20,1841,1841:CUB049,female,hand,20260907,4,22.43371230544315,22.975,24.81172502662841
1841.F06597,22,1841,1841:CUB048,female,head,20260907,4,22.368043275528674,25.6,24.643019835498436
1841.F06599,22,1841,1841:CUB004,female,head,20260907,4,22.368043275528674,26.1875,24.29108637106338
1841.P15273,21,1841,1841:CUB032,female,hand,20260907,4,22.43371230544315,24.2875,24.837783968403183
1841.P15582,30,1841,1841:NAU155,female,hand,20260907,4,22.43371230544315,22.95625,23.12998169062466
1841.P15585,37,1841,1841:NAU148,male,hand,20260907,4,23.042776402368958,22.59375,21.353157731834045
1841.P15587,30,1841,1841:NAU155,female,hand,20260907,4,22.43371230544315,29.83125,28.58454842652947
10317.000068823,29,10317,10317:03c0867966fe2299eb3b09291d5f0834310bdf5fceed9c9b7b397570bf8f2d2adaeb945c824ff0cb407abaf691b8173cfa03c4f8eb17e6dd9f6eda17502e66e4,male,head,20260907,4,42.077199836728866,32.9375,34.0323387506079
10317.000069058,31,10317,10317:198ec54664604b9ea87e10f11a6d8349037bf3b4e018e7fb9998979245d8f2079c24bef91d79183b5ff2e19efdc4c846a59dec7189d1fe7235717e66307e1a72,male,hand,20260907,4,42.25043716602058,34.225,37.835422209494396
10317.000069051,31,10317,10317:198ec54664604b9ea87e10f11a6d8349037bf3b4e018e7fb9998979245d8f2079c24bef91d79183b5ff2e19efdc4c846a59dec7189d1fe7235717e66307e1a72,male,head,20260907,4,42.077199836728866,34.35,37.23757650880748
10317.000063224,27,10317,10317:d7b643e267e7874c9fe80600f02183b6cd3019f0fda406b979f05d309d5050c0a106d81fd0d61ac23e2600faaf7da552f0258df8aa6be5e41a39e6b37828c99d,female,head,20260907,4,47.45439007776902,35.0375,39.10534629451479
1841.F06107,20,1841,1841:CUB049,female,head,20260907,4,22.368043275528674,22.44375,23.42049954829624
1841.P16349,21,1841,1841:NAU153,female,hand,20260907,4,22.43371230544315,23.08125,22.787037194447745
1841.F06230,55,1841,1841:NAU149,male,head,20260907,4,23.068401314115853,29.0375,23.112677369327507
1841.F05252,55,1841,1841:NAU149,male,head,20260907,4,23.068401314115853,25.9375,22.025656025276717
1841.P15074,22,1841,1841:CUB004,female,hand,20260907,4,22.43371230544315,26.10625,26.637962266055645
1841.P15079,20,1841,1841:CUB049,female,hand,20260907,4,22.43371230544315,23.6625,24.365568762295126
1841.F06310,21,1841,1841:CUB033,female,head,20260907,4,22.368043275528674,27.38125,24.854250853355744
10317.000005578,33,10317,10317:356171d003a70eda05dbc44ca7f1c23e803cbba14631a5247db7774ba0e837cd853a804b6bc41bc084b8849021f84c1c780ad04856231b70f72faf5ef5b4bcbf,male,hand,20260907,4,42.25043716602058,39.39375,41.61619931828034
10317.000005574,33,10317,10317:356171d003a70eda05dbc44ca7f1c23e803cbba14631a5247db7774ba0e837cd853a804b6bc41bc084b8849021f84c1c780ad04856231b70f72faf5ef5b4bcbf,male,head,20260907,4,42.077199836728866,42.5,42.64653879235603
1841.P15210,20,1841,1841:CUB049,female,hand,20260907,4,22.43371230544315,22.7,24.49395174845355
1841.P16288,37,1841,1841:NAU148,male,hand,20260907,4,23.042776402368958,25.05,22.13188581500862
1841.P16286,55,1841,1841:NAU149,male,hand,20260907,4,23.042776402368958,25.625,22.05104434326087
1841.P16284,22,1841,1841:NAU133,male,hand,20260907,4,23.042776402368958,22.45625,21.40071268667163
10317.000069039,33,10317,10317:65a6735483d4ca756511921efab48bd0d5eefe9702c613c1e3f7065f8b20659da904045df6fb243bf7e1be352dea97d0ceb0c7ccdca5fabb1fd01324d1e414cf,male,head,20260907,4,42.077199836728866,34.58125,38.93854499015203
1841.F05403,20,1841,1841:NAU123,male,head,20260907,4,23.068401314115853,23.9,19.84006088539467
1841.F05405,37,1841,1841:NAU148,male,head,20260907,4,23.068401314115853,25.30625,21.101054135392854
1841.F05049,20,1841,1841:NCS263,male,head,20260907,4,23.068401314115853,27.55625,20.552867797463577
10317.000005420,54,10317,10317:d63484fec8c78056306a841bf283219a2f4dd6eb40568afb6e401ef1dd5a23f563b4e42b92eda0d4b87cc502d1158abf83fac1a38b7a4166f4374fd6ec75beaa,female,head,20260907,4,47.45439007776902,38.95,46.06975696041936
10317.000005421,54,10317,10317:d63484fec8c78056306a841bf283219a2f4dd6eb40568afb6e401ef1dd5a23f563b4e42b92eda0d4b87cc502d1158abf83fac1a38b7a4166f4374fd6ec75beaa,female,hand,20260907,4,49.93404536395226,40.2875,47.67037391452114
1841.P16453,20,1841,1841:NCS263,male,hand,20260907,4,23.042776402368958,24.2875,21.555816309537686
10317.000069015,24,10317,10317:5bdd4aaf66380106e9a8cb6501a1fb4b37d078e2284e7a3cc179877b6b0db9ae596a7d760657f364b5592c1578ae5b8068df09c4ebd6be82e32cfcd9e5fd6c55,male,head,20260907,4,42.077199836728866,35.3625,34.07233045038929
1841.F05425,55,1841,1841:NAU149,male,head,20260907,4,23.068401314115853,30.65625,23.31216490379229
1841.P16573,21,1841,1841:CUB032,female,hand,20260907,4,22.43371230544315,24.275,25.005221327968858
10317.000005577,34,10317,10317:356171d003a70eda05dbc44ca7f1c23e803cbba14631a5247db7774ba0e837cd853a804b6bc41bc084b8849021f84c1c780ad04856231b70f72faf5ef5b4bcbf,male,hand,20260907,4,42.25043716602058,38.05,41.35330179653616
1841.P15602,21,1841,1841:NAU153,female,hand,20260907,4,22.43371230544315,21.35,23.14613742591211
1841.P15356,20,1841,1841:NCS263,male,hand,20260907,4,23.042776402368958,25.93125,22.26619921963732
1841.P15608,22,1841,1841:CUB048,female,hand,20260907,4,22.43371230544315,28.94375,30.46249198814667
10317.000069063,29,10317,10317:03c0867966fe2299eb3b09291d5f0834310bdf5fceed9c9b7b397570bf8f2d2adaeb945c824ff0cb407abaf691b8173cfa03c4f8eb17e6dd9f6eda17502e66e4,male,head,20260907,4,42.077199836728866,33.4125,33.26489005243239
10317.000003339,73,10317,10317:b8164f6522d265b137471f7142d4362a35a7a4dfd6f21aada5888456dda2bfbdda36900f4edf71d621587e3c79a92da70f421d07fe905890c57c4ec4d421335e,female,hand,20260907,4,49.93404536395226,50.575,50.99193813126039
1841.F05850,30,1841,1841:NAU155,female,head,20260907,4,22.368043275528674,24.7875,23.63934082695572
1841.P15038,21,1841,1841:CUB033,female,hand,20260907,4,22.43371230544315,24.16875,26.600106939704634
1841.F06422,21,1841,1841:CUB033,female,head,20260907,4,22.368043275528674,22.775,22.826783184940464
1841.P15294,21,1841,1841:CUB033,female,hand,20260907,4,22.43371230544315,26.025,24.506941478561384
1841.F05621,23,1841,1841:CUB013,male,head,20260907,4,23.068401314115853,26.2625,19.00910044629221
1841.F05457,37,1841,1841:NAU148,male,head,20260907,4,23.068401314115853,22.24375,19.27937532270682
1841.F05456,55,1841,1841:NAU149,male,head,20260907,4,23.068401314115853,31.725,22.502256159834605
10317.000004928,55,10317,10317:169fc8e4a87bbb9fd81677779eb46fc8c4e57700e8a9fe6448edd4c1b573f6c2885cef43b7349fe9fa37dfd3379bc8b84b536aefeb7c6610a495bc898a20d1b7,female,hand,20260907,4,49.93404536395226,40.74375,46.11496402863744
1841.F05445,21,1841,1841:NAU153,female,head,20260907,4,22.368043275528674,22.2375,22.642775353388508
1841.P16246,20,1841,1841:NAU123,male,hand,20260907,4,23.042776402368958,27.03125,23.081864536285188
1841.P16244,37,1841,1841:NAU148,male,hand,20260907,4,23.042776402368958,25.73125,23.463014964022907
1841.P15998,23,1841,1841:CUB056,male,hand,20260907,4,23.042776402368958,27.56875,23.26206063851248
10317.000005262,28,10317,10317:9d5f397f06d407dcb0aa1ac134a406dcc9d133b7241030bf81c3cb01f3341e891530737a66d2693596ab16f97b05b66c20bc630d57221b89a0ecb2db01c1f747,male,head,20260907,4,42.077199836728866,39.775,44.18460961255148
1841.F06404,21,1841,1841:CUB032,female,head,20260907,4,22.368043275528674,23.33125,23.151008624191967
1841.F05606,22,1841,1841:CUB048,female,head,20260907,4,22.368043275528674,26.4,24.090376734776957
1841.F05609,20,1841,1841:CUB049,female,head,20260907,4,22.368043275528674,22.59375,23.422096749538134
1841.P16266,30,1841,1841:NAU155,female,hand,20260907,4,22.43371230544315,24.34375,22.71059958501987
1841.F05467,21,1841,1841:NAU153,female,head,20260907,4,22.368043275528674,21.9875,22.043302264685707
1841.F05461,55,1841,1841:NAU149,male,head,20260907,4,23.068401314115853,27.64375,20.258185096144736
1841.F05652,21,1841,1841:CUB032,female,head,20260907,4,22.368043275528674,24.15,22.264197444337533
10317.000005419,54,10317,10317:d63484fec8c78056306a841bf283219a2f4dd6eb40568afb6e401ef1dd5a23f563b4e42b92eda0d4b87cc502d1158abf83fac1a38b7a4166f4374fd6ec75beaa,female,hand,20260907,4,49.93404536395226,40.0625,48.303092302190095
10317.000036735,63,10317,10317:0195d329f030b0250f2e009ac656b8ee7c006c3a064b6d08770ecd7067bf4098cd0fb82f552a671d583f26002b4f2753d6bca1b02521b55faac3ba0bc1e64d8a,male,head,20260907,4,42.077199836728866,43.5125,43.429312037505525
10317.000036732,63,10317,10317:0195d329f030b0250f2e009ac656b8ee7c006c3a064b6d08770ecd7067bf4098cd0fb82f552a671d583f26002b4f2753d6bca1b02521b55faac3ba0bc1e64d8a,male,head,20260907,4,42.077199836728866,41.86875,42.211686202187174
1841.P16526,22,1841,1841:CUB004,female,hand,20260907,4,22.43371230544315,24.2,26.017662696928376
1841.P16525,23,1841,1841:CUB056,male,hand,20260907,4,23.042776402368958,25.38125,23.768612942042697
1841.P16521,23,1841,1841:CUB056,male,hand,20260907,4,23.042776402368958,24.66875,22.73543484536669
1841.P16520,20,1841,1841:CUB049,female,hand,20260907,4,22.43371230544315,23.10625,23.35390112999652
1841.F06398,23,1841,1841:CUB056,male,head,20260907,4,23.068401314115853,27.3,20.972444855499738
1841.F06397,22,1841,1841:CUB004,female,head,20260907,4,22.368043275528674,24.625,23.726370147713695
1841.P15782,22,1841,1841:NAU133,male,hand,20260907,4,23.042776402368958,23.68125,20.393898080006377
1841.P15787,37,1841,1841:NAU148,male,hand,20260907,4,23.042776402368958,23.58125,20.254292864035943
1841.F05667,22,1841,1841:CUB004,female,head,20260907,4,22.368043275528674,22.48125,23.377592725133894
1841.P16204,37,1841,1841:NAU148,male,hand,20260907,4,23.042776402368958,25.19375,20.171703328262556
1841.F05487,20,1841,1841:NAU123,male,head,20260907,4,23.068401314115853,22.7625,19.469163899319973
1841.F05832,21,1841,1841:NAU153,female,head,20260907,4,22.368043275528674,22.59375,21.40212949701152
1841.F05629,21,1841,1841:CUB033,female,head,20260907,4,22.368043275528674,22.76875,22.604961709105584
1841.F05623,22,1841,1841:CUB004,female,head,20260907,4,22.368043275528674,27.11875,24.599776051590265
1841.P16546,22,1841,1841:CUB004,female,hand,20260907,4,22.43371230544315,22.825,25.746186204379136
1841.P16541,21,1841,1841:CUB033,female,hand,20260907,4,22.43371230544315,24.225,27.46650735612084
1841.P16015,55,1841,1841:NAU149,male,hand,20260907,4,23.042776402368958,24.7,23.200209971383206
1841.P16549,20,1841,1841:CUB049,female,hand,20260907,4,22.43371230544315,23.55625,25.211476315045726
10317.000068787,39,10317,10317:0610dc25baabfb768bd6465f009077ba740694d1c37591ea165a6eed61b038ba1fd9167c4f0efbd5cd490953bcd66ea07e9d8b594234539c2e566f09dd0e4699,male,head,20260907,4,42.077199836728866,37.34375,39.13357244267772
1841.F05133,30,1841,1841:NAU155,female,head,20260907,4,22.368043275528674,24.6,22.48617750446511
10317.000027340,55,10317,10317:41b53357cf00f0544b996f91bab7388aca97716b29b77d7791386ae687cbc26a2ab336f6353bae77995bc81fe3b1eb0b8fedcde9199244073099ff039c21ac0d,male,head,20260907,4,42.077199836728866,39.85,44.05430568831076
1841.P16225,37,1841,1841:NAU148,male,hand,20260907,4,23.042776402368958,26.05,20.34477994598279
1841.P16227,21,1841,1841:NAU153,female,hand,20260907,4,22.43371230544315,22.4,24.06338977564486
1841.P16222,20,1841,1841:NAU123,male,hand,20260907,4,23.042776402368958,23.7,23.617706071046552
1841.P16247,30,1841,1841:NAU155,female,hand,20260907,4,22.43371230544315,25.525,25.87896976510865
1841.F05845,22,1841,1841:NAU133,male,head,20260907,4,23.068401314115853,23.5625,20.63081975350477
1841.F06057,20,1841,1841:NCS263,male,head,20260907,4,23.068401314115853,27.46875,21.287640334936455
1841.F05583,22,1841,1841:NAU133,male,head,20260907,4,23.068401314115853,22.7875,18.70279182191954
1841.F05580,21,1841,1841:NAU153,female,head,20260907,4,22.368043275528674,22.15625,22.83861789498876
1841.P16568,22,1841,1841:CUB048,female,hand,20260907,4,22.43371230544315,27.725,26.134551394165207
1841.P16562,22,1841,1841:CUB048,female,hand,20260907,4,22.43371230544315,26.7625,26.6878252766212
1841.P16567,20,1841,1841:CUB049,female,hand,20260907,4,22.43371230544315,22.93125,23.407508257526644
10317.000031912,54,10317,10317:0c3091f23d30ee5b470301f691493df51f63050506428f17d14304a92cb2773c926aa8302e810812195b2fb3442ae4405b25774e783a0dea0554adffa5e317c5,female,hand,20260907,4,49.93404536395226,41.96875,49.71969085827193
10317.000031910,54,10317,10317:0c3091f23d30ee5b470301f691493df51f63050506428f17d14304a92cb2773c926aa8302e810812195b2fb3442ae4405b25774e783a0dea0554adffa5e317c5,female,head,20260907,4,47.45439007776902,41.65,47.85270957912607
1841.P16603,21,1841,1841:CUB033,female,hand,20260907,4,22.43371230544315,22.6375,22.413781575436975
10317.000063171,29,10317,10317:03c0867966fe2299eb3b09291d5f0834310bdf5fceed9c9b7b397570bf8f2d2adaeb945c824ff0cb407abaf691b8173cfa03c4f8eb17e6dd9f6eda17502e66e4,male,hand,20260907,4,42.25043716602058,35.0625,36.062772412862905
1841.F05568,37,1841,1841:NAU148,male,head,20260907,4,23.068401314115853,23.3875,20.496389628866886
2010.2201,22,2010,2010:29,female,head,20260907,4,27.62003189007862,33.9125,27.1099556062486
10317.000047841,56,10317,10317:0bcb4e3d31b0b117c3b6fa86fc51584ae6a9aa505a981882486f137cc53b9ca3d82e6e63f354b102ed104a17e902d66783bd63854c3549b887a4be67e55128ab,female,hand,20260907,4,49.93404536395226,40.91875,46.41559414685964
1841.F06434,20,1841,1841:CUB049,female,head,20260907,4,22.368043275528674,22.00625,24.275545473273624
1841.F06487,21,1841,1841:CUB032,female,head,20260907,4,22.368043275528674,24.025,24.00772196746465
2010.2072,32,2010,2010:19,female,head,20260907,4,27.62003189007862,46.125,35.303737016326245
10317.000038318,45,10317,10317:3b7d34b44f72e95e00448cb043d5340d44117ce7280c30460dfe394894b0822d4c1583a47eb25eb49e50c149a7e5dc6a736132da19792ffbd2156208e0e9cebf,male,head,20260907,4,42.077199836728866,44.88125,48.097521069167314
10317.000030411,36,10317,10317:a1b4c9ec5f8710558bd4a7d34cd680ebd077aa972f77ae2c7a80904262a269846af690c0af56eec73473625b15e9b30c4413c0ced557f3aeebbcbdbbb0b28698,male,head,20260907,4,42.077199836728866,43.775,42.07308778375461
1841.F06540,22,1841,1841:CUB004,female,head,20260907,4,22.368043275528674,24.5,23.63459773204563
1841.F06546,22,1841,1841:CUB048,female,head,20260907,4,22.368043275528674,25.90625,24.45088180019101
1841.F06019,20,1841,1841:NCS263,male,head,20260907,4,23.068401314115853,28.03125,22.582416329685447
10317.000012382,48,10317,10317:d4747c80cbabfa6a118ab9e828a6e01176aee5c6477c84e90565dd41303cee3f4da5c8eb4c5a5b1abcf05c6ade5c8588fb990c110d1249108ffee63923f0759d,male,hand,20260907,4,42.25043716602058,38.4375,41.89962108267359
1841.P15531,20,1841,1841:NAU123,male,hand,20260907,4,23.042776402368958,30.03125,27.028127812493995
1841.F05328,19,1841,1841:NCS208,female,head,20260907,4,22.368043275528674,25.6125,25.081862688793905
10317.000015283,61,10317,10317:6cafcd38bd5d8a7ae3e097e4e76d4ec0177aa5a4b23e460bcf27496334ea6f015f92f32d33219a9b3815853580c7fa17f6fff3d39827358ac992dd98bc09b99f,male,head,20260907,4,42.077199836728866,44.45,41.19151627233869
10317.000015285,61,10317,10317:6cafcd38bd5d8a7ae3e097e4e76d4ec0177aa5a4b23e460bcf27496334ea6f015f92f32d33219a9b3815853580c7fa17f6fff3d39827358ac992dd98bc09b99f,male,hand,20260907,4,42.25043716602058,44.51875,43.5929194701255
10317.000041069,31,10317,10317:71e5fd7acb649ca95a67898db0fec25f330aaadd054f9606a2bf895d9748f5f2dbb072b66b2f8cbb341c64bf56f1d46adf1543d0cd7406a94c113f4c63d7e45a,female,hand,20260907,4,49.93404536395226,39.35625,45.859202999169334
2010.1902,32,2010,2010:19,female,head,20260907,4,27.62003189007862,36.76875,30.181269546032986
1841.P16396,30,1841,1841:NAU155,female,hand,20260907,4,22.43371230544315,25.5375,25.323809625953118
10317.000049239,56,10317,10317:bd91fc26c20a7652fc421fee2aa75624e4db7f68e0e4fde846745c30bb976e46e87f9660bdf0cea293a6b1ddf22122f6376d2be385445805fa204dd33e6dc905,male,head,20260907,4,42.077199836728866,44.46875,44.672756381960696
10317.000036739,59,10317,10317:8fb4ad789829b8aa6b773eff2956b29d9986e3c6ee0cd5f3125d47adf2ee4adc1008098b5be94b225ac5137bcae428f6b84ede1db0d7bfe5dda5fe7f31fa3514,male,hand,20260907,4,42.25043716602058,40.36875,42.18856341169985
1841.P15706,21,1841,1841:NAU153,female,hand,20260907,4,22.43371230544315,22.19375,21.64772956139731
1841.P15707,21,1841,1841:NAU153,female,hand,20260907,4,22.43371230544315,22.625,23.498531843634517
1841.F06201,37,1841,1841:NAU148,male,head,20260907,4,23.068401314115853,24.56875,17.245284860096888
1841.F05158,22,1841,1841:NAU133,male,head,20260907,4,23.068401314115853,25.8,20.831419786051892
10317.000005069,62,10317,10317:95709cc58235ffbd909b031216643693df4dbc827ae14fc247eebb0528bfbea20bc16e3572da9168ccfd0829b33c756aa63ed4ce9ba244ce6bdf5ef97c44e85f,female,head,20260907,4,47.45439007776902,50.225,52.31758250713492
1841.P16391,55,1841,1841:NAU149,male,hand,20260907,4,23.042776402368958,29.48125,22.769181564351516
1841.P16507,22,1841,1841:CUB004,female,hand,20260907,4,22.43371230544315,34.45625,34.76435105406758
1841.F06566,20,1841,1841:CUB049,female,head,20260907,4,22.368043275528674,22.4375,23.552639032487654
1841.F06567,21,1841,1841:CUB032,female,head,20260907,4,22.368043275528674,23.51875,24.820990630372407
10317.000049004,28,10317,10317:1c1595cde947e2229328634b1257ec5f5c6bf890d5eb88d65618fda2567f5b28fe935303746ce0cd8771db48dc0a929a39b186bfef9fe0ee516d2a408a7ff58d,female,hand,20260907,4,49.93404536395226,34.6375,44.70885276228229
10317.000049005,28,10317,10317:1c1595cde947e2229328634b1257ec5f5c6bf890d5eb88d65618fda2567f5b28fe935303746ce0cd8771db48dc0a929a39b186bfef9fe0ee516d2a408a7ff58d,female,hand,20260907,4,49.93404536395226,38.3125,46.08098727317957
10317.000049008,28,10317,10317:1c1595cde947e2229328634b1257ec5f5c6bf890d5eb88d65618fda2567f5b28fe935303746ce0cd8771db48dc0a929a39b186bfef9fe0ee516d2a408a7ff58d,female,head,20260907,4,47.45439007776902,38.175,44.440852203560276
1841.F05525,20,1841,1841:NAU123,male,head,20260907,4,23.068401314115853,23.00625,19.39075247347524
10317.000010131,58,10317,10317:18f2e49afddb67b3c360c48826bfc2787ccc26e275825c6dd9afebc62893f5e57bcee0a02aedb777006db6eb53183d6c85508ad34d318c8120de7628c5f74232,female,head,20260907,4,47.45439007776902,42.69375,46.10854259877295
1841.F06490,23,1841,1841:CUB056,male,head,20260907,4,23.068401314115853,25.825,21.33936265332241
1841.P16098,30,1841,1841:NAU155,female,hand,20260907,4,22.43371230544315,24.425,22.915628483588133
1841.P16094,37,1841,1841:NAU148,male,hand,20260907,4,23.042776402368958,24.075,20.492723712525176
1841.P15726,55,1841,1841:NAU149,male,hand,20260907,4,23.042776402368958,30.225,24.337660098778347
1841.F06226,55,1841,1841:NAU149,male,head,20260907,4,23.068401314115853,27.275,22.6628235346648
1841.F06225,21,1841,1841:NAU153,female,head,20260907,4,22.368043275528674,21.75625,22.770047058874738
1841.F06224,37,1841,1841:NAU148,male,head,20260907,4,23.068401314115853,24.84375,18.209556761335296
1841.F06220,20,1841,1841:NAU123,male,head,20260907,4,23.068401314115853,22.8375,20.07709946201062
10317.000009650,53,10317,10317:b565af2054e502f6e52e66e3de2b5e2199b3a8637ef66233b06e6fe02859801a1bae272653dde3b99ca69985f5434f1a2cdf4fde7507455f5740cc3df03b878c,female,head,20260907,4,47.45439007776902,42.36875,46.08081242275469
1841.F06508,23,1841,1841:CUB056,male,head,20260907,4,23.068401314115853,28.1625,20.930479995559523
1841.F06509,22,1841,1841:CUB004,female,head,20260907,4,22.368043275528674,25.90625,25.804317691055978
10317.000049845,35,10317,10317:88f4fbcf0ceb456e7f8e8447af039f0dc2670ad52972600d23a04b60152370409f6b57086023803ce52591376f998806f80e260d50d06764bbb66d26d1b5553e,female,hand,20260907,4,49.93404536395226,36.2375,43.948455905161815
1841.P15572,21,1841,1841:NAU153,female,hand,20260907,4,22.43371230544315,22.29375,23.125847083406896
1841.F05059,20,1841,1841:NCS263,male,head,20260907,4,23.068401314115853,27.00625,20.765904399429633
10317.000049745,64,10317,10317:b03b7d707e125ba38f6ae4345eb6389f63c2caed719f3d69552e392dbe3d40c17b9f8b97c1e801df3731171dea8ebdb990b7f88d87da78c626beccba0003cf7f,female,head,20260907,4,47.45439007776902,46.71875,50.052405542296825
1841.P15743,30,1841,1841:NAU155,female,hand,20260907,4,22.43371230544315,24.61875,24.30797144723016
1841.P15740,55,1841,1841:NAU149,male,hand,20260907,4,23.042776402368958,24.8125,22.891458564104116
1841.F06249,30,1841,1841:NAU155,female,head,20260907,4,22.368043275528674,26.09375,22.896266920607676
1841.F06243,55,1841,1841:NAU149,male,head,20260907,4,23.068401314115853,31.1875,24.04218862968869
1841.F06242,37,1841,1841:NAU148,male,head,20260907,4,23.068401314115853,27.76875,20.555035942374655
1841.F05268,37,1841,1841:NAU148,male,head,20260907,4,23.068401314115853,24.21875,18.297492809804293
10317.000006851,73,10317,10317:7705669a351542f9add9390a0a093824f81095a819993d82ab0d00eb2120ac34a953c451ff892c8c30e3f1b8f7630625d2ebb4d0e8512526a243025795e51eb7,male,head,20260907,4,42.077199836728866,39.5625,43.104258922315566
10317.000034581,22,10317,10317:1949c4d7f21b55f1e00af274c955be77947294d6ec424b2079e89205b36ed147727eed570662c7673f354f42b11ea00ee970e7e216e0a45d7e022359783d8aae,unknown,head,20260907,4,42.717468307565376,36.05625,39.855986996257236
1841.P16464,20,1841,1841:NCS263,male,hand,20260907,4,23.042776402368958,25.7625,22.90377978094401
1841.P16465,20,1841,1841:NCS263,male,hand,20260907,4,23.042776402368958,28.6625,22.297666032745994
2010.1447,25,2010,2010:3,female,head,20260907,4,27.62003189007862,37.475,31.23927623079691
10317.000003550,72,10317,10317:fcb45b6f64ab0b3167524aaa234945c75702e9f45b361a7f3af87c2938b4b5bf8244dd705f8119adf55ee8532be48dc7d72387952b30d9ccda48bdc05fec5797,female,hand,20260907,4,49.93404536395226,49.39375,51.51946880600673
1841.F06524,23,1841,1841:CUB056,male,head,20260907,4,23.068401314115853,26.3875,20.51875919870582
1841.F06521,20,1841,1841:CUB049,female,head,20260907,4,22.368043275528674,22.7875,23.053111317271494
1841.F06522,23,1841,1841:CUB056,male,head,20260907,4,23.068401314115853,22.4125,22.2312652807911
1841.F06529,22,1841,1841:CUB004,female,head,20260907,4,22.368043275528674,26.075,22.169961214330606
1841.P15084,21,1841,1841:CUB032,female,hand,20260907,4,22.43371230544315,24.2,25.03922315276824
10317.000062197,29,10317,10317:03c0867966fe2299eb3b09291d5f0834310bdf5fceed9c9b7b397570bf8f2d2adaeb945c824ff0cb407abaf691b8173cfa03c4f8eb17e6dd9f6eda17502e66e4,male,hand,20260907,4,42.25043716602058,31.9875,35.59391810320818
10317.000005260,28,10317,10317:9d5f397f06d407dcb0aa1ac134a406dcc9d133b7241030bf81c3cb01f3341e891530737a66d2693596ab16f97b05b66c20bc630d57221b89a0ecb2db01c1f747,male,hand,20260907,4,42.25043716602058,42.4375,47.614018138002635
10317.000005261,28,10317,10317:9d5f397f06d407dcb0aa1ac134a406dcc9d133b7241030bf81c3cb01f3341e891530737a66d2693596ab16f97b05b66c20bc630d57221b89a0ecb2db01c1f747,male,hand,20260907,4,42.25043716602058,41.475,45.471471139183855
1841.P16339,55,1841,1841:NAU149,male,hand,20260907,4,23.042776402368958,28.94375,24.785671868013857
1841.P16448,20,1841,1841:NCS263,male,hand,20260907,4,23.042776402368958,24.69375,23.271631116544697
1841.F06092,20,1841,1841:NCS263,male,head,20260907,4,23.068401314115853,26.53125,21.520165599191078
1841.F06574,22,1841,1841:CUB048,female,head,20260907,4,22.368043275528674,25.08125,25.05569423818173
1841.P15209,21,1841,1841:CUB033,female,hand,20260907,4,22.43371230544315,27.16875,26.59045867100007
1841.P15208,22,1841,1841:CUB048,female,hand,20260907,4,22.43371230544315,27.7375,27.016640096619042
10317.000015215,33,10317,10317:356171d003a70eda05dbc44ca7f1c23e803cbba14631a5247db7774ba0e837cd853a804b6bc41bc084b8849021f84c1c780ad04856231b70f72faf5ef5b4bcbf,male,hand,20260907,4,42.25043716602058,39.60625,42.616360096081685
10317.000015211,33,10317,10317:356171d003a70eda05dbc44ca7f1c23e803cbba14631a5247db7774ba0e837cd853a804b6bc41bc084b8849021f84c1c780ad04856231b70f72faf5ef5b4bcbf,male,head,20260907,4,42.077199836728866,40.275,39.55210476667395
2010.1989,32,2010,2010:19,female,head,20260907,4,27.62003189007862,42.35625,31.4756730656059
1841.P16165,55,1841,1841:NAU149,male,hand,20260907,4,23.042776402368958,26.2625,22.995011925919492
1841.P15928,21,1841,1841:CUB033,female,hand,20260907,4,22.43371230544315,24.9125,25.621042103627218
1841.P15922,21,1841,1841:CUB033,female,hand,20260907,4,22.43371230544315,23.975,24.60452413088523
1841.P15920,22,1841,1841:CUB004,female,hand,20260907,4,22.43371230544315,24.51875,23.985665817314
1841.F06289,30,1841,1841:NAU155,female,head,20260907,4,22.368043275528674,23.975,23.44865132367108
1841.F06288,55,1841,1841:NAU149,male,head,20260907,4,23.068401314115853,32.13125,24.466816691365636
1841.F06282,55,1841,1841:NAU149,male,head,20260907,4,23.068401314115853,29.7375,22.95094097309081
1841.F06284,21,1841,1841:NAU153,female,head,20260907,4,22.368043275528674,21.96875,22.084052580977193
1841.F06286,30,1841,1841:NAU155,female,head,20260907,4,22.368043275528674,25.86875,21.308280683465522
10317.000033426,26,10317,10317:bf31604fc742f42563e14f529efdb4bf456a2196957cdd5f7a03e77220b2f7cc72b439053c8c0b4e94997264dacb9d6c2dc062250570be1d1ee1d113328653f1,female,hand,20260907,4,49.93404536395226,37.7875,43.23879856510985
1841.P16312,37,1841,1841:NAU148,male,hand,20260907,4,23.042776402368958,22.775,19.66127209123384
1841.P16313,20,1841,1841:NAU123,male,hand,20260907,4,23.042776402368958,31.26875,30.304663737510463
1841.F06342,22,1841,1841:CUB048,female,head,20260907,4,22.368043275528674,26.65625,24.356034974105633
1841.F06343,21,1841,1841:CUB032,female,head,20260907,4,22.368043275528674,26.38125,24.239225237282007
1841.P15268,22,1841,1841:CUB048,female,hand,20260907,4,22.43371230544315,24.46875,24.08528912303157
1841.P15599,20,1841,1841:NAU123,male,hand,20260907,4,23.042776402368958,23.64375,19.557792896768593
1841.P15598,22,1841,1841:NAU133,male,hand,20260907,4,23.042776402368958,29.61875,25.0425164655738
1841.F05038,20,1841,1841:NCS263,male,head,20260907,4,23.068401314115853,26.8125,24.5972026331155
1841.F05033,20,1841,1841:NCS263,male,head,20260907,4,23.068401314115853,35.625,21.02244546366709
1841.F05034,20,1841,1841:NCS263,male,head,20260907,4,23.068401314115853,31.75,20.674458465532812
1841.F05697,22,1841,1841:CUB048,female,head,20260907,4,22.368043275528674,24.8625,24.017221850497307
1841.F05550,20,1841,1841:NAU123,male,head,20260907,4,23.068401314115853,21.7875,19.0122629437199
1841.P15906,21,1841,1841:CUB032,female,hand,20260907,4,22.43371230544315,22.79375,23.13959513776422
1841.P15288,20,1841,1841:CUB049,female,hand,20260907,4,22.43371230544315,27.45,27.146588595357674
10317.000069022,23,10317,10317:5bdd4aaf66380106e9a8cb6501a1fb4b37d078e2284e7a3cc179877b6b0db9ae596a7d760657f364b5592c1578ae5b8068df09c4ebd6be82e32cfcd9e5fd6c55,male,hand,20260907,4,42.25043716602058,34.675,36.36273832137091
1841.F05200,22,1841,1841:NAU133,male,head,20260907,4,23.068401314115853,23.3125,19.6790510002586
1841.P16377,22,1841,1841:NAU133,male,hand,20260907,4,23.042776402368958,29.00625,28.578846386436624
1841.P16379,21,1841,1841:NAU153,female,hand,20260907,4,22.43371230544315,22.0125,24.543162817649048
1841.F05885,37,1841,1841:NAU148,male,head,20260907,4,23.068401314115853,23.30625,20.855033351838117
1841.P16591,21,1841,1841:CUB033,female,hand,20260907,4,22.43371230544315,23.1625,24.435972276898603
1841.P16597,22,1841,1841:CUB004,female,hand,20260907,4,22.43371230544315,27.375,26.893756251895912
1841.P16598,22,1841,1841:CUB048,female,hand,20260907,4,22.43371230544315,25.21875,25.370568484725
10317.000063231,27,10317,10317:d7b643e267e7874c9fe80600f02183b6cd3019f0fda406b979f05d309d5050c0a106d81fd0d61ac23e2600faaf7da552f0258df8aa6be5e41a39e6b37828c99d,female,hand,20260907,4,49.93404536395226,36.125,40.84709040858473
1841.F06583,21,1841,1841:CUB033,female,head,20260907,4,22.368043275528674,22.175,22.918355075542465
1841.F06588,20,1841,1841:CUB049,female,head,20260907,4,22.368043275528674,21.8625,21.9019797900968
1841.P15068,22,1841,1841:CUB048,female,hand,20260907,4,22.43371230544315,30.43125,27.526299015213468
1841.P15065,21,1841,1841:CUB032,female,hand,20260907,4,22.43371230544315,22.65625,26.065161867427832
1841.P15063,23,1841,1841:CUB056,male,hand,20260907,4,23.042776402368958,25.0,24.507913714512373
1841.F06320,21,1841,1841:CUB033,female,head,20260907,4,22.368043275528674,24.6875,23.78409853226531
1841.F06324,21,1841,1841:CUB033,female,head,20260907,4,22.368043275528674,24.05625,23.063577393671952
1841.P15241,23,1841,1841:CUB013,male,hand,20260907,4,23.042776402368958,33.35,20.109401205545733
1841.F06297,55,1841,1841:NAU149,male,head,20260907,4,23.068401314115853,24.91875,22.328709925506395
10317.000068830,29,10317,10317:03c0867966fe2299eb3b09291d5f0834310bdf5fceed9c9b7b397570bf8f2d2adaeb945c824ff0cb407abaf691b8173cfa03c4f8eb17e6dd9f6eda17502e66e4,male,hand,20260907,4,42.25043716602058,31.925,33.974227723057574
1841.P15264,22,1841,1841:CUB004,female,hand,20260907,4,22.43371230544315,23.94375,24.706962370333123
1841.P16299,30,1841,1841:NAU155,female,hand,20260907,4,22.43371230544315,22.85625,23.62390079403111
1841.P16298,55,1841,1841:NAU149,male,hand,20260907,4,23.042776402368958,33.025,26.514107846539595
1841.P16295,55,1841,1841:NAU149,male,hand,20260907,4,23.042776402368958,27.84375,20.729736118030896
1841.P16297,22,1841,1841:NAU133,male,hand,20260907,4,23.042776402368958,26.825,22.5865553738412
1841.P16290,21,1841,1841:NAU153,female,hand,20260907,4,22.43371230544315,22.49375,23.703925573545373
1841.P16293,22,1841,1841:NAU133,male,hand,20260907,4,23.042776402368958,22.49375,20.375828693827597
10317.000069046,33,10317,10317:65a6735483d4ca756511921efab48bd0d5eefe9702c613c1e3f7065f8b20659da904045df6fb243bf7e1be352dea97d0ceb0c7ccdca5fabb1fd01324d1e414cf,male,hand,20260907,4,42.25043716602058,33.15625,34.27228745150819
10317.000031935,40,10317,10317:1975e7358673c93bbe5c29e1d1c529a83458e54503ca2e451dd8757d3f8bb013669586401169beb5fc69b14ab9cb93ec3b7361560a74fadc26bf03b377c16c85,female,head,20260907,4,47.45439007776902,41.575,45.392953001761875
1841.F05455,21,1841,1841:NAU153,female,head,20260907,4,22.368043275528674,22.61875,23.039292223800853
1841.F05674,21,1841,1841:CUB033,female,head,20260907,4,22.368043275528674,24.7875,22.838286390664713
1841.F05671,20,1841,1841:CUB049,female,head,20260907,4,22.368043275528674,25.575,25.49941478494292
1841.F05452,30,1841,1841:NAU155,female,head,20260907,4,22.368043275528674,24.65625,23.148544435314644
1841.P16523,23,1841,1841:CUB056,male,hand,20260907,4,23.042776402368958,24.55625,23.178838776852707
10317.000040503,52,10317,10317:8fc2af33171964330de7e24811df360483b2193e73f509d9de0eca5c34aa9cc4a73311de7d0ba394fbed8d55f72394218e7b7026fd7da8c8ee1ebf0e637b2e85,female,head,20260907,4,47.45439007776902,41.78125,44.60543708696972
10317.000040507,52,10317,10317:8fc2af33171964330de7e24811df360483b2193e73f509d9de0eca5c34aa9cc4a73311de7d0ba394fbed8d55f72394218e7b7026fd7da8c8ee1ebf0e637b2e85,female,hand,20260907,4,49.93404536395226,41.7375,45.088876169405424
1841.F06301,21,1841,1841:CUB032,female,head,20260907,4,22.368043275528674,23.75625,22.46640625148081
1841.F06306,20,1841,1841:CUB049,female,head,20260907,4,22.368043275528674,22.6,22.741576482129894
10317.000049844,35,10317,10317:88f4fbcf0ceb456e7f8e8447af039f0dc2670ad52972600d23a04b60152370409f6b57086023803ce52591376f998806f80e260d50d06764bbb66d26d1b5553e,female,head,20260907,4,47.45439007776902,40.39375,45.65295464018329
10317.000049848,35,10317,10317:88f4fbcf0ceb456e7f8e8447af039f0dc2670ad52972600d23a04b60152370409f6b57086023803ce52591376f998806f80e260d50d06764bbb66d26d1b5553e,female,hand,20260907,4,49.93404536395226,39.65625,46.96609863700204
1841.F05431,30,1841,1841:NAU155,female,head,20260907,4,22.368043275528674,23.4875,20.952535063060747
1841.F06323,22,1841,1841:CUB004,female,head,20260907,4,22.368043275528674,28.75,24.030833832463017
1841.F06210,37,1841,1841:NAU148,male,head,20260907,4,23.068401314115853,23.8875,19.356419369740237
10317.000069070,29,10317,10317:03c0867966fe2299eb3b09291d5f0834310bdf5fceed9c9b7b397570bf8f2d2adaeb945c824ff0cb407abaf691b8173cfa03c4f8eb17e6dd9f6eda17502e66e4,male,hand,20260907,4,42.25043716602058,44.54375,44.47831562205988
1841.P15029,20,1841,1841:CUB049,female,hand,20260907,4,22.43371230544315,22.31875,24.934534892263546
1841.P15024,22,1841,1841:CUB048,female,hand,20260907,4,22.43371230544315,29.48125,24.896681976025775
1841.F06363,21,1841,1841:CUB032,female,head,20260907,4,22.368043275528674,22.85625,22.739768903340494
1841.P15280,23,1841,1841:CUB056,male,hand,20260907,4,23.042776402368958,25.21875,21.58165035088172
10317.000015503,58,10317,10317:39bccde315a4d2e26bd21d11d8612666496433302b42a988f2e86dbe04d585b4ed30f82357ad21121e121b84ba5b37d2ecaf536b10e6faf7bae853217d2e1db6,male,head,20260907,4,42.077199836728866,38.81875,40.58333070715971
10317.000015502,58,10317,10317:39bccde315a4d2e26bd21d11d8612666496433302b42a988f2e86dbe04d585b4ed30f82357ad21121e121b84ba5b37d2ecaf536b10e6faf7bae853217d2e1db6,male,hand,20260907,4,42.25043716602058,42.7125,44.12224701414627
1841.F06465,23,1841,1841:CUB056,male,head,20260907,4,23.068401314115853,25.475,21.43824912990478
1841.F06466,22,1841,1841:CUB048,female,head,20260907,4,22.368043275528674,27.3625,24.814143561497634
1841.F05410,22,1841,1841:NAU133,male,head,20260907,4,23.068401314115853,24.23125,18.912545759313915
1841.P15611,20,1841,1841:CUB049,female,hand,20260907,4,22.43371230544315,22.08125,23.826119967289003
1841.F05848,21,1841,1841:NAU153,female,head,20260907,4,22.368043275528674,22.2625,23.12503820087453
1841.F06349,21,1841,1841:CUB033,female,head,20260907,4,22.368043275528674,23.29375,23.337567698957137
1841.P16279,37,1841,1841:NAU148,male,hand,20260907,4,23.042776402368958,26.96875,23.91397143133172
1841.P16275,37,1841,1841:NAU148,male,hand,20260907,4,23.042776402368958,23.18125,22.097578671252737
1841.F05475,22,1841,1841:NAU133,male,head,20260907,4,23.068401314115853,24.8375,20.080995955893606
1841.P15989,22,1841,1841:CUB004,female,hand,20260907,4,22.43371230544315,22.7,22.30140160561346
2010.1840,32,2010,2010:19,female,head,20260907,4,27.62003189007862,45.70625,34.18717234108832
10317.000006853,74,10317,10317:7705669a351542f9add9390a0a093824f81095a819993d82ab0d00eb2120ac34a953c451ff892c8c30e3f1b8f7630625d2ebb4d0e8512526a243025795e51eb7,male,hand,20260907,4,42.25043716602058,42.325,42.28663957898612
10317.000011979,53,10317,10317:86f38a5d916420ce42057d5012ab6e7b63fe17dce6c5bbd26d4d6b33da03f0c707be225d1759b8991e4a3e2158e96c5ba68e85dfe1ef7f47fcce7ba1ec47ff2e,female,head,20260907,4,47.45439007776902,43.38125,46.687858586040505
10317.000009071,31,10317,10317:48fd24a3221f83a24f4307730fea531db77cc72647a64a29ffcf0dd97f7305deea2b1e3c1cba32b3cbe473a91330373f80b78deedad17f887fccce56f5ebe393,male,head,20260907,4,42.077199836728866,45.38125,45.60199470068613
10317.000009073,31,10317,10317:48fd24a3221f83a24f4307730fea531db77cc72647a64a29ffcf0dd97f7305deea2b1e3c1cba32b3cbe473a91330373f80b78deedad17f887fccce56f5ebe393,male,hand,20260907,4,42.25043716602058,42.175,43.823034489347904
10317.000048360,64,10317,10317:38b52d80745205082d2b0768d21dd49bd97b0762ddb17ec4e549c69b3b75f17167733bf4a73fe6fdc52037e40d6b89fc512dffe4c7ea605af2290fac125f6726,female,head,20260907,4,47.45439007776902,46.89375,50.696994706302235
1841.F06411,22,1841,1841:CUB048,female,head,20260907,4,22.368043275528674,25.7625,23.70489041245791
10317.000020770,63,10317,10317:10c8546946a2e2010a75c89453b040665e96df1bb29926bbc6a4b848240f3496cf382414067385add4d4efb3f09315e48b6000a82bc428ab354207875c319ac4,female,head,20260907,4,47.45439007776902,41.4,46.05602282900171
1841.P15797,21,1841,1841:NAU153,female,hand,20260907,4,22.43371230544315,22.49375,22.866709610628643
1841.P15796,37,1841,1841:NAU148,male,hand,20260907,4,23.042776402368958,23.50625,18.240631234754893
1841.P15424,19,1841,1841:NCS208,female,hand,20260907,4,22.43371230544315,23.45,24.453069283489583
1841.F06190,20,1841,1841:CUB049,female,head,20260907,4,22.368043275528674,23.0,24.9184527411401
1841.F05672,23,1841,1841:CUB056,male,head,20260907,4,23.068401314115853,25.475,21.037008847982218
1841.P16215,55,1841,1841:NAU149,male,hand,20260907,4,23.042776402368958,27.05625,23.432521299188767
1841.P16217,37,1841,1841:NAU148,male,hand,20260907,4,23.042776402368958,26.725,22.90698460299715
1841.P16210,20,1841,1841:NAU123,male,hand,20260907,4,23.042776402368958,29.5,25.79530685086739
1841.P16219,55,1841,1841:NAU149,male,hand,20260907,4,23.042776402368958,27.30625,24.504106861227164
1841.P15231,22,1841,1841:CUB004,female,hand,20260907,4,22.43371230544315,26.11875,24.370776506095844
