sample_id,age,study,group,sex,site,repeat_seed,fold,metadata_prediction,microbiome_prediction,combined_prediction
1841.F06380,36,1841,1841:CUB042,male,head,20260908,0,25.13958165263923,24.10625,22.19532763508022
1841.F05947,18,1841,1841:NCS213,female,head,20260908,0,22.430800690649065,24.1625,23.859023820517738
10317.000068792,39,10317,10317:0610dc25baabfb768bd6465f009077ba740694d1c37591ea165a6eed61b038ba1fd9167c4f0efbd5cd490953bcd66ea07e9d8b594234539c2e566f09dd0e4699,male,hand,20260908,0,43.94124480731217,39.80625,41.398311303897245
1841.P15440,22,1841,1841:NCS202,female,hand,20260908,0,22.328701447759556,26.6875,25.186902632484472
1841.F05658,22,1841,1841:CUB016,female,head,20260908,0,22.430800690649065,24.71875,24.051384779239363
1841.F05120,20,1841,1841:NAU110,female,head,20260908,0,22.430800690649065,31.71875,24.464493832913305
1841.F05124,20,1841,1841:NAU110,female,head,20260908,0,22.430800690649065,31.0125,22.655619563377275
1841.P16237,22,1841,1841:NAU130,female,hand,20260908,0,22.328701447759556,23.6375,23.7020430830404
1841.F05564,30,1841,1841:NAU155,female,head,20260908,0,22.430800690649065,25.08125,21.002774554174003
1841.P15331,23,1841,1841:NCS243,male,hand,20260908,0,25.08375727791583,23.5125,21.706662899969647
1841.P15149,18,1841,1841:NCS213,female,hand,20260908,0,22.328701447759556,24.325,23.957676022433528
1841.F06045,23,1841,1841:NCS243,male,head,20260908,0,25.13958165263923,25.53125,19.928482911000792
1841.P15324,20,1841,1841:NCS263,male,hand,20260908,0,25.08375727791583,32.0625,28.517734237464914
1841.P15320,23,1841,1841:NCS243,male,hand,20260908,0,25.08375727791583,25.25625,22.060404015212434
1841.F05351,22,1841,1841:NCS202,female,head,20260908,0,22.430800690649065,25.70625,23.670659555309477
1841.P16557,20,1841,1841:CUB027,female,hand,20260908,0,22.328701447759556,24.18125,25.676793193140238
1841.F06452,21,1841,1841:CUB003,female,head,20260908,0,22.430800690649065,25.3625,24.155172083502187
1841.F05104,20,1841,1841:NAU123,male,head,20260908,0,25.13958165263923,25.21875,20.571049768653307
2010.1361,27,2010,2010:7,female,head,20260908,0,28.21743853884741,38.1875,31.545120643946696
1841.P15124,18,1841,1841:NCS213,female,hand,20260908,0,22.328701447759556,22.84375,23.66107536280696
1841.P15121,18,1841,1841:NCS213,female,hand,20260908,0,22.328701447759556,24.15,22.404628511998112
1841.F05598,20,1841,1841:NAU123,male,head,20260908,0,25.13958165263923,25.075,19.66432215561157
10317.000015451,46,10317,10317:3483b70983107b3501a2fdeab0f7e00b06ec05b5a7afdf499c410267e4aa99ea36b3643db981cdf6f557435d6ff028c1059e2bc75261e6f468598f093fde8b72,male,hand,20260908,0,43.94124480731217,51.1125,57.49660086525394
1841.P16576,21,1841,1841:CUB003,female,hand,20260908,0,22.328701447759556,28.84375,25.012532997632764
1841.P16577,29,1841,1841:CUB011,female,hand,20260908,0,22.328701447759556,23.4875,24.731234563977292
1841.P16542,20,1841,1841:CUB008,male,hand,20260908,0,25.08375727791583,21.725,22.378602722485077
1841.F06002,23,1841,1841:NCS243,male,head,20260908,0,25.13958165263923,22.88125,20.996889475282583
1841.F06552,21,1841,1841:CUB044,male,head,20260908,0,25.13958165263923,21.80625,19.226447988013724
1841.F06559,21,1841,1841:CUB044,male,head,20260908,0,25.13958165263923,27.08125,20.208369909198375
1841.F06558,29,1841,1841:CUB011,female,head,20260908,0,22.430800690649065,23.78125,24.791999564469677
1841.F06009,23,1841,1841:NCS243,male,head,20260908,0,25.13958165263923,28.3625,22.302422549574086
1841.F05571,30,1841,1841:NAU155,female,head,20260908,0,22.430800690649065,23.825,22.45661093138318
1841.F05576,30,1841,1841:NAU155,female,head,20260908,0,22.430800690649065,27.24375,21.4257316198015
2010.2215,23,2010,2010:31,female,head,20260908,0,28.21743853884741,36.14375,28.428883141001393
1841.F06482,21,1841,1841:CUB000,female,head,20260908,0,22.430800690649065,22.9375,22.23243282357452
1841.F06493,21,1841,1841:CUB000,female,head,20260908,0,22.430800690649065,27.1375,25.62754470846772
1841.F06497,21,1841,1841:CUB000,female,head,20260908,0,22.430800690649065,22.61875,21.388809446062915
1841.F06499,20,1841,1841:CUB008,male,head,20260908,0,25.13958165263923,24.125,20.767593129544593
1841.P15710,20,1841,1841:NAU123,male,hand,20260908,0,25.08375727791583,23.425,20.885840915085776
1841.P15712,20,1841,1841:NAU110,female,hand,20260908,0,22.328701447759556,25.8375,23.110606623663305
1841.P15714,22,1841,1841:NAU130,female,hand,20260908,0,22.328701447759556,22.2625,23.838414574395102
1841.P16432,23,1841,1841:NCS243,male,hand,20260908,0,25.08375727791583,26.25,22.46402473378133
1841.P16436,20,1841,1841:NCS263,male,hand,20260908,0,25.08375727791583,24.7875,23.999836415025204
1841.F06441,20,1841,1841:CUB027,female,head,20260908,0,22.430800690649065,24.38125,24.295593428385153
1841.F06440,20,1841,1841:CUB027,female,head,20260908,0,22.430800690649065,23.48125,24.864162196584886
1841.F06577,36,1841,1841:CUB042,male,head,20260908,0,25.13958165263923,32.51875,21.6804017580167
1841.F06575,21,1841,1841:CUB044,male,head,20260908,0,25.13958165263923,25.5375,20.895158587596306
1841.P15383,20,1841,1841:NCS263,male,hand,20260908,0,25.08375727791583,27.05625,21.323142644032167
2010.1488,27,2010,2010:1,female,head,20260908,0,28.21743853884741,42.0625,30.83555207307565
1841.P15520,20,1841,1841:NAU110,female,hand,20260908,0,22.328701447759556,30.4,22.215524849356697
1841.F05553,20,1841,1841:NAU110,female,head,20260908,0,22.430800690649065,27.05625,22.969336830624513
1841.F05554,21,1841,1841:NAU140,female,head,20260908,0,22.430800690649065,24.475,23.477118556084015
1841.F05882,21,1841,1841:NAU151,male,head,20260908,0,25.13958165263923,24.0375,20.09210924845804
1841.P16066,20,1841,1841:NAU110,female,hand,20260908,0,22.328701447759556,29.3,23.280814827089795
10317.000068781,27,10317,10317:81381621a969782bdf9c1f120f5b0aff5f61963b498785f38baad9308e26b0be6260f7823e90d20fd377699c2619a523364a2456157fdbfffc70dd29d0b09941,male,hand,20260908,0,43.94124480731217,36.9875,38.8838853551201
1841.F06215,20,1841,1841:NAU123,male,head,20260908,0,25.13958165263923,23.7375,19.32001913385183
10317.000005235,55,10317,10317:45e54011490a1e8319d45ba35b5c9c687e4ec395fd00d5bd3b927f21b897135e002c9c488ced29f5644e9cc87c9d6d420ce68c9a95f88b151cd7a4c6182ead64,male,hand,20260908,0,43.94124480731217,40.425,40.55111974729799
1841.F06309,21,1841,1841:CUB003,female,head,20260908,0,22.430800690649065,23.475,23.036239992560162
1841.P16579,21,1841,1841:CUB044,male,hand,20260908,0,25.08375727791583,23.2625,22.764143193410657
1841.F05646,36,1841,1841:CUB042,male,head,20260908,0,25.13958165263923,32.8,24.18031724181953
1841.F06514,36,1841,1841:CUB042,male,head,20260908,0,25.13958165263923,28.2125,22.558895595536008
1841.F06510,21,1841,1841:CUB000,female,head,20260908,0,22.430800690649065,27.35,26.561809228075838
10317.000063188,38,10317,10317:441ac85e1bd02fd74bfe5cd7d33fc7e79af9e5986e7d55e177b00f2dadef7b37442c83e626aa9eec53feaf0e250a42f14f03b147a269cd1c57142e99e994ff08,male,head,20260908,0,41.86956487216707,40.39375,39.30862526509516
1841.F05826,20,1841,1841:NAU123,male,head,20260908,0,25.13958165263923,22.725,19.99660057682208
1841.F05532,22,1841,1841:NAU130,female,head,20260908,0,22.430800690649065,22.25,22.28141532577155
1841.F05656,21,1841,1841:CUB044,male,head,20260908,0,25.13958165263923,27.81875,21.1969832262967
1841.P16089,20,1841,1841:NAU123,male,hand,20260908,0,25.08375727791583,31.3875,30.60763511219958
1841.P16086,20,1841,1841:NAU110,female,hand,20260908,0,22.328701447759556,28.8625,26.05960440184656
1841.F06181,29,1841,1841:CUB011,female,head,20260908,0,22.430800690649065,26.31875,24.173742158702414
1841.F06186,36,1841,1841:CUB042,male,head,20260908,0,25.13958165263923,30.95,21.841598634479684
1841.P15757,20,1841,1841:NAU123,male,hand,20260908,0,25.08375727791583,22.76875,20.735445543409902
1841.P15976,21,1841,1841:CUB000,female,hand,20260908,0,22.328701447759556,26.06875,26.928474608309564
1841.P15759,20,1841,1841:NAU119,male,hand,20260908,0,25.08375727791583,23.6375,20.89844295535917
10317.000063296,26,10317,10317:9a079253652d16fa017050fd68017b646c3c734b4c96ca593236c537806682233e513b33fb850475266ef28a5c34e9297ffbd213ef416263b306bfae257d1aef,male,head,20260908,0,41.86956487216707,37.50625,39.96407165729069
1841.P15962,36,1841,1841:CUB042,male,hand,20260908,0,25.08375727791583,29.63125,25.312223084492583
1841.P15966,29,1841,1841:CUB011,female,hand,20260908,0,22.328701447759556,24.0125,24.037331753823683
1841.F05276,24,1841,1841:NAU109,male,head,20260908,0,25.13958165263923,26.51875,21.65346817766049
1841.F05279,20,1841,1841:NAU123,male,head,20260908,0,25.13958165263923,23.08125,19.962461248781665
1841.F05278,24,1841,1841:NAU109,male,head,20260908,0,25.13958165263923,25.45,22.95274633338578
1841.P16477,20,1841,1841:NCS263,male,hand,20260908,0,25.08375727791583,24.18125,23.382972012500975
10317.000066824,29,10317,10317:7f8b5599423e74bb4268af85d143fbeed68370b2eaa79f6e6facbcf10974040d6ef4afefb5ff2aab1f618ba97f2eecc39b0621fb60a556425670ca9606d4aa0c,male,head,20260908,0,41.86956487216707,36.55625,35.375739520078056
1841.F06533,20,1841,1841:CUB008,male,head,20260908,0,25.13958165263923,24.1375,21.172258367453345
1841.F06532,22,1841,1841:CUB016,female,head,20260908,0,22.430800690649065,22.2,22.13209015794921
1841.P15566,30,1841,1841:NAU155,female,hand,20260908,0,22.328701447759556,28.84375,23.597992717407493
1841.F05519,20,1841,1841:NAU119,male,head,20260908,0,25.13958165263923,22.8625,20.65092880922937
1841.F05514,20,1841,1841:NAU119,male,head,20260908,0,25.13958165263923,23.3625,21.07289279581808
1841.F05515,20,1841,1841:NAU110,female,head,20260908,0,22.430800690649065,31.05625,23.24210134788848
1841.F05510,24,1841,1841:NAU109,male,head,20260908,0,25.13958165263923,26.33125,21.299698267518444
1841.F05513,20,1841,1841:NAU119,male,head,20260908,0,25.13958165263923,23.21875,19.01218887640578
1841.F05436,20,1841,1841:NAU110,female,head,20260908,0,22.430800690649065,32.125,24.48755035818571
2010.1402,27,2010,2010:1,female,head,20260908,0,28.21743853884741,40.74375,28.716050892497535
10317.000009107,36,10317,10317:537aafb62a3a3b2aaa192863f0b56d8fa9e292bcf83e78ffff10ffa372470a7d9db35cb40b3e2ab58fbc446c04a2e5b7b934e0feab0f0dce92c02f9e59476330,male,head,20260908,0,41.86956487216707,40.66875,41.69974809906002
1841.P15954,20,1841,1841:CUB008,male,hand,20260908,0,25.08375727791583,23.6,22.097480815208804
1841.P15770,30,1841,1841:NAU155,female,hand,20260908,0,22.328701447759556,26.68125,24.95046905132141
1841.F06254,20,1841,1841:NAU123,male,head,20260908,0,25.13958165263923,22.875,19.488892638257298
2010.2602,21,2010,2010:35,female,head,20260908,0,28.21743853884741,33.49375,27.83650246555886
1841.P16451,22,1841,1841:NAU130,female,hand,20260908,0,22.328701447759556,22.08125,23.574638043022816
1841.P16326,24,1841,1841:NAU109,male,hand,20260908,0,25.08375727791583,23.90625,22.935867968612268
10317.000003085,53,10317,10317:8665422eb8a1ffd2fa3c26bdc0bd4cb3cd47439a5631922ac7af3c45be2274db8dfab19dc80c4bb5237d7035d95768044a90af2a19499f5e5af50d527a6174c7,female,hand,20260908,0,48.93183358491968,44.925,48.360792249669984
1841.F06082,21,1841,1841:NCS262,male,head,20260908,0,25.13958165263923,23.45625,20.989721135529713
1841.P15096,21,1841,1841:CUB000,female,hand,20260908,0,22.328701447759556,23.76875,25.6396230978605
1841.P15090,20,1841,1841:CUB008,male,hand,20260908,0,25.08375727791583,23.76875,22.54614617925491
1841.P15091,21,1841,1841:CUB000,female,hand,20260908,0,22.328701447759556,23.825,24.701339633807663
1841.P15548,20,1841,1841:NAU123,male,hand,20260908,0,25.08375727791583,22.51875,21.52097002219296
10317.000029487,62,10317,10317:1c1b943df02cc46512abc94ff23e6a911e98427d63e06b7083bbfc52367f051a310a8bc2a0c971a6302a5550414d984988f69258ecf789af12a5f5e19514d5cf,male,head,20260908,0,41.86956487216707,40.325,43.37263330519989
10317.000015222,53,10317,10317:ee6b0199d11ab9c50774b9e56abce9e5b0601741d7922866f57f5c638ca8cf822c2cfa394a8707365a589b0a6368c20df23f66a6c845f66e662b0742e5937eb4,male,hand,20260908,0,43.94124480731217,44.55,47.62866986519582
10317.000015221,53,10317,10317:ee6b0199d11ab9c50774b9e56abce9e5b0601741d7922866f57f5c638ca8cf822c2cfa394a8707365a589b0a6368c20df23f66a6c845f66e662b0742e5937eb4,male,head,20260908,0,41.86956487216707,48.35625,48.44053872498313
1841.F05932,18,1841,1841:NCS213,female,head,20260908,0,22.430800690649065,25.63125,23.988410183924874
1841.F05936,18,1841,1841:NCS213,female,head,20260908,0,22.430800690649065,25.09375,24.026712726116596
1841.P16157,24,1841,1841:NAU109,male,hand,20260908,0,25.08375727791583,24.1125,24.00620861904523
1841.F06270,22,1841,1841:NAU130,female,head,20260908,0,22.430800690649065,21.925,22.8985468763169
1841.F05639,20,1841,1841:CUB008,male,head,20260908,0,25.13958165263923,22.88125,20.834544392004315
10317.000005071,62,10317,10317:95709cc58235ffbd909b031216643693df4dbc827ae14fc247eebb0528bfbea20bc16e3572da9168ccfd0829b33c756aa63ed4ce9ba244ce6bdf5ef97c44e85f,female,hand,20260908,0,48.93183358491968,42.66875,47.894734483514284
10317.000005070,62,10317,10317:95709cc58235ffbd909b031216643693df4dbc827ae14fc247eebb0528bfbea20bc16e3572da9168ccfd0829b33c756aa63ed4ce9ba244ce6bdf5ef97c44e85f,female,hand,20260908,0,48.93183358491968,45.40625,50.414793279704895
1841.P15018,36,1841,1841:CUB042,male,hand,20260908,0,25.08375727791583,33.29375,21.744945555235468
10317.000007078,48,10317,10317:63aa1010fee4655f80a2fd1ca92db0c9c662b7ff7dfeccd99a08edb7b7f5af8b2df1c92465690a27ee6aad1207495376abce78f3ddeffc05da0acb099f8efdb8,male,hand,20260908,0,43.94124480731217,37.38125,41.72434324390352
10317.000007079,48,10317,10317:63aa1010fee4655f80a2fd1ca92db0c9c662b7ff7dfeccd99a08edb7b7f5af8b2df1c92465690a27ee6aad1207495376abce78f3ddeffc05da0acb099f8efdb8,male,hand,20260908,0,43.94124480731217,40.0375,43.99049092708553
10317.000006732,55,10317,10317:ed020761c7ba4f7a64f3ebf12adc7f8dad56d9bd7b209c08e63fb95be9af9360fa3cebe2bcedac211a2b46ffd9478544970ca36098a278521a67c91e153cdc45,female,head,20260908,0,48.6684281429694,38.95625,43.58542129234406
1841.P15213,20,1841,1841:CUB027,female,hand,20260908,0,22.328701447759556,23.1125,24.93434861988495
1841.P16174,24,1841,1841:NAU109,male,hand,20260908,0,25.08375727791583,25.5375,22.633854155509006
1841.P16176,20,1841,1841:NAU123,male,hand,20260908,0,25.08375727791583,24.475,22.14618471643326
1841.P15913,22,1841,1841:CUB016,female,hand,20260908,0,22.328701447759556,22.46875,25.508435271511285
1841.P15914,29,1841,1841:CUB011,female,hand,20260908,0,22.328701447759556,24.39375,25.39672845213232
1841.F05002,20,1841,1841:NCS263,male,head,20260908,0,25.13958165263923,28.59375,21.09125523128417
2010.2318,23,2010,2010:31,female,head,20260908,0,28.21743853884741,24.4,26.80312662637304
1841.P15953,20,1841,1841:CUB008,male,hand,20260908,0,25.08375727791583,23.2125,21.962981124761946
1841.F05219,20,1841,1841:NAU119,male,head,20260908,0,25.13958165263923,22.98125,20.83136335627825
1841.P16367,22,1841,1841:NAU130,female,hand,20260908,0,22.328701447759556,23.2,23.941685884555884
1841.P16581,21,1841,1841:CUB000,female,hand,20260908,0,22.328701447759556,26.075,28.69336128151024
1841.P16582,36,1841,1841:CUB042,male,hand,20260908,0,25.08375727791583,31.58125,24.04254798372441
1841.P16586,20,1841,1841:CUB027,female,hand,20260908,0,22.328701447759556,23.38125,24.95537963939329
1841.P16589,21,1841,1841:CUB044,male,hand,20260908,0,25.08375727791583,23.3125,23.186904037957316
1841.P15052,21,1841,1841:CUB003,female,hand,20260908,0,22.328701447759556,25.525,24.435350954105942
1841.P15053,20,1841,1841:CUB008,male,hand,20260908,0,25.08375727791583,22.35,19.888198122052998
1841.F06330,20,1841,1841:CUB027,female,head,20260908,0,22.430800690649065,23.81875,24.240604575049574
1841.F06338,21,1841,1841:CUB003,female,head,20260908,0,22.430800690649065,26.35,24.345696158924905
1841.P15272,21,1841,1841:CUB003,female,hand,20260908,0,22.328701447759556,23.375,24.62967812218994
1841.P15582,30,1841,1841:NAU155,female,hand,20260908,0,22.328701447759556,23.28125,23.502834669508296
1841.P15587,30,1841,1841:NAU155,female,hand,20260908,0,22.328701447759556,31.0375,27.860122064874922
10317.000005457,48,10317,10317:9f89ce9cb3dd20b1b698031ff7eb1f66511855e4c05edd9fc525916e365f4d81ff5e46e5432e82c4e4cc62f66a9167138f3bce9a784b0404333ee6c82e195bd6,male,hand,20260908,0,43.94124480731217,44.025,43.508963009850284
1841.P15278,22,1841,1841:CUB016,female,hand,20260908,0,22.328701447759556,24.35,24.1666199614406
1841.F05682,20,1841,1841:CUB027,female,head,20260908,0,22.430800690649065,22.2875,23.78608957314435
1841.P15556,21,1841,1841:CUB044,male,hand,20260908,0,25.08375727791583,32.31875,26.50262894568143
1841.P15554,20,1841,1841:NAU110,female,hand,20260908,0,22.328701447759556,27.825,26.764314661082945
2010.1319,27,2010,2010:1,female,head,20260908,0,28.21743853884741,39.0,32.27667225939622
1841.F06102,20,1841,1841:CUB008,male,head,20260908,0,25.13958165263923,23.71875,20.694809209814817
1841.F06106,21,1841,1841:CUB044,male,head,20260908,0,25.13958165263923,23.275,19.049117038013364
1841.P16340,24,1841,1841:NAU109,male,hand,20260908,0,25.08375727791583,30.975,23.717233596690917
10317.000005458,47,10317,10317:9f89ce9cb3dd20b1b698031ff7eb1f66511855e4c05edd9fc525916e365f4d81ff5e46e5432e82c4e4cc62f66a9167138f3bce9a784b0404333ee6c82e195bd6,male,head,20260908,0,41.86956487216707,41.71875,43.29512672450144
1841.P15072,20,1841,1841:CUB008,male,hand,20260908,0,25.08375727791583,25.2375,22.509869657257987
1841.P15073,36,1841,1841:CUB042,male,hand,20260908,0,25.08375727791583,30.475,22.203503342996427
1841.P15076,21,1841,1841:CUB000,female,hand,20260908,0,22.328701447759556,23.13125,25.36260804441013
1841.P15077,21,1841,1841:CUB000,female,hand,20260908,0,22.328701447759556,26.40625,27.366140198283734
1841.F06319,21,1841,1841:CUB000,female,head,20260908,0,22.430800690649065,25.54375,25.688786261341797
1841.P15256,36,1841,1841:CUB042,male,hand,20260908,0,25.08375727791583,37.29375,24.44003064696736
1841.P15251,21,1841,1841:CUB044,male,hand,20260908,0,25.08375727791583,29.68125,24.511112731365827
1841.F06237,20,1841,1841:NAU119,male,head,20260908,0,25.13958165263923,22.9125,19.07551607359123
10317.000069034,22,10317,10317:a6a72ae91b2b02c8ea4cfe12d58d98ebe5b424cd88d36f8b84e1deec1b971b6c50e1fbca139d0b8b67d6f73821c7922d555844d105af99dd4813cd966993df6f,male,hand,20260908,0,43.94124480731217,37.81875,37.912743090532395
1841.F05403,20,1841,1841:NAU123,male,head,20260908,0,25.13958165263923,24.30625,20.1546872515944
1841.F05049,20,1841,1841:NCS263,male,head,20260908,0,25.13958165263923,27.78125,21.14804840032032
1841.P16453,20,1841,1841:NCS263,male,hand,20260908,0,25.08375727791583,25.34375,21.77332347717437
1841.P16324,21,1841,1841:NAU151,male,hand,20260908,0,25.08375727791583,24.70625,23.744005919588766
1841.F06377,21,1841,1841:CUB044,male,head,20260908,0,25.13958165263923,23.78125,19.880775568277233
10317.000015183,55,10317,10317:45e54011490a1e8319d45ba35b5c9c687e4ec395fd00d5bd3b927f21b897135e002c9c488ced29f5644e9cc87c9d6d420ce68c9a95f88b151cd7a4c6182ead64,male,hand,20260908,0,43.94124480731217,44.6375,44.22393536019145
10317.000015182,55,10317,10317:45e54011490a1e8319d45ba35b5c9c687e4ec395fd00d5bd3b927f21b897135e002c9c488ced29f5644e9cc87c9d6d420ce68c9a95f88b151cd7a4c6182ead64,male,head,20260908,0,41.86956487216707,38.28125,41.280780933107344
10317.000015184,55,10317,10317:45e54011490a1e8319d45ba35b5c9c687e4ec395fd00d5bd3b927f21b897135e002c9c488ced29f5644e9cc87c9d6d420ce68c9a95f88b151cd7a4c6182ead64,male,hand,20260908,0,43.94124480731217,39.225,43.30880001989308
1841.P15013,22,1841,1841:CUB016,female,hand,20260908,0,22.328701447759556,24.0375,26.046901586564726
1841.F06378,21,1841,1841:CUB000,female,head,20260908,0,22.430800690649065,26.41875,22.980652357559027
1841.P15604,21,1841,1841:CUB044,male,hand,20260908,0,25.08375727791583,23.64375,22.376711968777258
1841.P15237,20,1841,1841:CUB008,male,hand,20260908,0,25.08375727791583,25.75625,22.76484075271477
1841.F05421,22,1841,1841:NAU130,female,head,20260908,0,22.430800690649065,23.8375,25.589492867542425
1841.P15370,23,1841,1841:NCS243,male,hand,20260908,0,25.08375727791583,26.55,23.737690467311943
1841.P15354,23,1841,1841:NCS243,male,hand,20260908,0,25.08375727791583,24.86875,23.40751486597384
1841.P15356,20,1841,1841:NCS263,male,hand,20260908,0,25.08375727791583,27.6625,22.27756349456594
10317.000048954,40,10317,10317:1044942a7b8a90539218b4698c4b9c3fcdfa273fbbaae3fd79cc45fa05997f6e566261c304f4eb18014b4d7f09e95259f47b9afe6b589a6d2fabfacc7e2a09b7,male,head,20260908,0,41.86956487216707,38.375,39.667928990264194
10317.000048956,40,10317,10317:1044942a7b8a90539218b4698c4b9c3fcdfa273fbbaae3fd79cc45fa05997f6e566261c304f4eb18014b4d7f09e95259f47b9afe6b589a6d2fabfacc7e2a09b7,male,hand,20260908,0,43.94124480731217,36.28125,42.91611481137633
10317.000048957,40,10317,10317:1044942a7b8a90539218b4698c4b9c3fcdfa273fbbaae3fd79cc45fa05997f6e566261c304f4eb18014b4d7f09e95259f47b9afe6b589a6d2fabfacc7e2a09b7,male,hand,20260908,0,43.94124480731217,39.3125,42.949672682044685
1841.F05850,30,1841,1841:NAU155,female,head,20260908,0,22.430800690649065,25.96875,24.6064661171269
1841.P16079,22,1841,1841:NAU130,female,hand,20260908,0,22.328701447759556,22.1625,24.343146749287172
10317.000003025,44,10317,10317:99e188b8ec5527a3ad82cb7cca4318dabe62c69e2ab959f3d9bd68b4ac2521f3f32364757e49c2f7ee2f82a39fb74f6008ab75e1b82c5f6b2bf1ba4869f0b4ff,male,head,20260908,0,41.86956487216707,39.36875,42.68480929282116
1841.P15039,20,1841,1841:CUB027,female,hand,20260908,0,22.328701447759556,23.18125,24.792258568503083
1841.P15031,21,1841,1841:CUB044,male,hand,20260908,0,25.08375727791583,24.2875,23.166190054133548
1841.P15032,20,1841,1841:CUB008,male,hand,20260908,0,25.08375727791583,23.46875,21.90564886718171
1841.F06420,22,1841,1841:CUB016,female,head,20260908,0,22.430800690649065,25.175,24.050206584654624
1841.F06428,20,1841,1841:CUB008,male,head,20260908,0,25.13958165263923,23.05625,20.736257842923454
1841.P15295,20,1841,1841:CUB027,female,hand,20260908,0,22.328701447759556,24.0125,25.477262071516343
1841.P16246,20,1841,1841:NAU123,male,hand,20260908,0,25.08375727791583,26.78125,25.032840947561528
1841.F05990,18,1841,1841:NCS213,female,head,20260908,0,22.430800690649065,24.19375,22.49332152869541
1841.F05852,24,1841,1841:NAU109,male,head,20260908,0,25.13958165263923,24.025,20.54416270586332
1841.P15993,21,1841,1841:CUB044,male,hand,20260908,0,25.08375727791583,25.10625,21.885525890215764
1841.P15994,22,1841,1841:CUB016,female,hand,20260908,0,22.328701447759556,22.6875,24.74291640267666
10317.000005262,28,10317,10317:9d5f397f06d407dcb0aa1ac134a406dcc9d133b7241030bf81c3cb01f3341e891530737a66d2693596ab16f97b05b66c20bc630d57221b89a0ecb2db01c1f747,male,head,20260908,0,41.86956487216707,40.90625,43.97238540425522
10317.000048386,59,10317,10317:7e311968682a8a9e2268ae2d13c8b70ca7ce45f11d29b24932473b816f814e56f115793ba0ca9a91710fda8ae01664aab7b94207e18484fb0b45616cab408ea5,female,head,20260908,0,48.6684281429694,48.43125,53.82703845499814
10317.000048387,59,10317,10317:7e311968682a8a9e2268ae2d13c8b70ca7ce45f11d29b24932473b816f814e56f115793ba0ca9a91710fda8ae01664aab7b94207e18484fb0b45616cab408ea5,female,hand,20260908,0,48.93183358491968,40.65625,49.34750844330247
10317.000048388,21,10317,10317:30d7ca7c505d10cb4c76c0443a75de8f2f826d67386377db4fa33b8983b7e1be84ec36794891a1993f919a1c5c528a78e39e90c8c94320bc3b555e3aa3643685,female,head,20260908,0,48.6684281429694,44.5125,49.64957686558205
10317.000048389,21,10317,10317:30d7ca7c505d10cb4c76c0443a75de8f2f826d67386377db4fa33b8983b7e1be84ec36794891a1993f919a1c5c528a78e39e90c8c94320bc3b555e3aa3643685,female,hand,20260908,0,48.93183358491968,39.6125,48.61454763351868
1841.F05874,24,1841,1841:NAU109,male,head,20260908,0,25.13958165263923,25.05,23.079769557632545
1841.P16508,20,1841,1841:CUB027,female,hand,20260908,0,22.328701447759556,22.8625,23.245773482269296
1841.P16504,21,1841,1841:CUB000,female,hand,20260908,0,22.328701447759556,25.9125,25.583375376040607
1841.P16059,20,1841,1841:NAU119,male,hand,20260908,0,25.08375727791583,23.05,22.931092712650074
10317.000007131,39,10317,10317:8b672a386ead28ace9c7eaea68003a8d0be6651cf9544c799a49155c372bc6524d53fd7aae5b008caced52ac352c5fe0a4810a846032621cf2d9fc79200e1218,unknown,hand,20260908,0,46.87779727578943,43.43125,47.08455488913871
10317.000030149,27,10317,10317:1a5e088d33b2528cfe40203fda9bfcd0dc35268782b9d69c13311dd8036aba48919cd2bc59d125b4622ddb34b727a0f4ee6ab054d9cba2d3fd100fcbe69d7a21,female,head,20260908,0,48.6684281429694,41.14375,44.323505346390256
1841.F06407,21,1841,1841:CUB003,female,head,20260908,0,22.430800690649065,27.24375,24.708656948777215
1841.F06400,29,1841,1841:CUB011,female,head,20260908,0,22.430800690649065,24.9875,25.103041489415236
1841.F05603,21,1841,1841:CUB003,female,head,20260908,0,22.430800690649065,23.2,24.534322458434026
1841.P16266,30,1841,1841:NAU155,female,hand,20260908,0,22.328701447759556,24.95,23.074281915480753
2010.1394,27,2010,2010:1,female,head,20260908,0,28.21743853884741,38.225,30.86970412305742
10317.000015223,53,10317,10317:ee6b0199d11ab9c50774b9e56abce9e5b0601741d7922866f57f5c638ca8cf822c2cfa394a8707365a589b0a6368c20df23f66a6c845f66e662b0742e5937eb4,male,hand,20260908,0,43.94124480731217,46.74375,48.33350147719458
1841.P15177,18,1841,1841:NCS213,female,hand,20260908,0,22.328701447759556,22.96875,24.042703152014756
10317.000069027,22,10317,10317:a6a72ae91b2b02c8ea4cfe12d58d98ebe5b424cd88d36f8b84e1deec1b971b6c50e1fbca139d0b8b67d6f73821c7922d555844d105af99dd4813cd966993df6f,male,head,20260908,0,41.86956487216707,37.2875,38.64238665703254
1841.F05818,22,1841,1841:NAU130,female,head,20260908,0,22.430800690649065,21.79375,23.217907149732923
1841.F05813,20,1841,1841:NAU110,female,head,20260908,0,22.430800690649065,29.3,22.1877566113099
1841.F05812,24,1841,1841:NAU109,male,head,20260908,0,25.13958165263923,27.71875,21.505364112359526
1841.F06352,20,1841,1841:CUB008,male,head,20260908,0,25.13958165263923,22.81875,21.04578914692158
1841.F06356,20,1841,1841:CUB008,male,head,20260908,0,25.13958165263923,22.45,21.815505826968206
10317.000014464,41,10317,10317:a6784c1d3806fcca45ba186c495c648cf0cf10b392f120efe7f26f9c0e66051dc675a9c077f1f39993f524f521e594b30048ca45ea6cbc19b96938f9734afb55,male,head,20260908,0,41.86956487216707,38.46875,39.7861759843478
1841.F06468,36,1841,1841:CUB042,male,head,20260908,0,25.13958165263923,35.56875,22.590116922373937
1841.F06399,22,1841,1841:CUB016,female,head,20260908,0,22.430800690649065,23.2125,23.030546415900314
1841.P15614,21,1841,1841:CUB044,male,hand,20260908,0,25.08375727791583,26.14375,24.946754981435202
10317.000005646,65,10317,10317:98e719bb087e2058ac8f1e380218232d306e4f5c7d2359784abda5fddf02926beb32a6c0ba8383dd0026ec1f0d372d68007114cdd2512a3abb3d77158fa6f4d1,female,hand,20260908,0,48.93183358491968,43.34375,49.63209490703971
10317.000005644,65,10317,10317:98e719bb087e2058ac8f1e380218232d306e4f5c7d2359784abda5fddf02926beb32a6c0ba8383dd0026ec1f0d372d68007114cdd2512a3abb3d77158fa6f4d1,female,head,20260908,0,48.6684281429694,44.825,48.1933267228905
10317.000005645,65,10317,10317:98e719bb087e2058ac8f1e380218232d306e4f5c7d2359784abda5fddf02926beb32a6c0ba8383dd0026ec1f0d372d68007114cdd2512a3abb3d77158fa6f4d1,female,hand,20260908,0,48.93183358491968,44.7625,49.15980553404383
1841.F05957,18,1841,1841:NCS221,female,head,20260908,0,22.430800690649065,25.275,24.570654603548718
1841.P15785,22,1841,1841:NAU130,female,hand,20260908,0,22.328701447759556,23.21875,24.53696653355585
10317.000015363,43,10317,10317:3fec78757c5821d558096acce3e9df6968ae564264912c66f6a851727ebd63c36eee0764c3d1e47c0813cb5998caa14cb2bec75ca8716e8e3437768b86b408aa,male,head,20260908,0,41.86956487216707,39.81875,40.79546541087538
1841.P15788,22,1841,1841:NAU130,female,hand,20260908,0,22.328701447759556,22.23125,23.88173563783104
10317.000015365,43,10317,10317:3fec78757c5821d558096acce3e9df6968ae564264912c66f6a851727ebd63c36eee0764c3d1e47c0813cb5998caa14cb2bec75ca8716e8e3437768b86b408aa,male,hand,20260908,0,43.94124480731217,43.66875,42.59940231571336
1841.F05662,21,1841,1841:CUB003,female,head,20260908,0,22.430800690649065,23.725,23.443478162732873
1841.F05660,20,1841,1841:CUB008,male,head,20260908,0,25.13958165263923,25.5125,21.347615920278688
1841.F05661,21,1841,1841:CUB000,female,head,20260908,0,22.430800690649065,25.75625,24.3614944374544
1841.P15299,23,1841,1841:NCS243,male,hand,20260908,0,25.08375727791583,26.575,23.855717880615575
1841.F05481,22,1841,1841:NAU130,female,head,20260908,0,22.430800690649065,23.90625,22.471040293222064
1841.F05487,20,1841,1841:NAU123,male,head,20260908,0,25.13958165263923,23.6375,19.22923747160697
10317.000015452,45,10317,10317:3483b70983107b3501a2fdeab0f7e00b06ec05b5a7afdf499c410267e4aa99ea36b3643db981cdf6f557435d6ff028c1059e2bc75261e6f468598f093fde8b72,male,head,20260908,0,41.86956487216707,43.9125,44.157405164895515
10317.000015354,35,10317,10317:3e61f3e0bf34ee92653b3e1a4bce3fbbf22e7a5be5fc03a5c5d44f0d311d4f9ec4e1c0d98964bdbdf2f1d537fbd16c0b62503f50d8923e608eb8aacd64cb9fa3,male,hand,20260908,0,43.94124480731217,42.91875,44.39180231612314
10317.000015352,35,10317,10317:3e61f3e0bf34ee92653b3e1a4bce3fbbf22e7a5be5fc03a5c5d44f0d311d4f9ec4e1c0d98964bdbdf2f1d537fbd16c0b62503f50d8923e608eb8aacd64cb9fa3,male,head,20260908,0,41.86956487216707,45.85,45.88391631003331
10317.000015351,35,10317,10317:3e61f3e0bf34ee92653b3e1a4bce3fbbf22e7a5be5fc03a5c5d44f0d311d4f9ec4e1c0d98964bdbdf2f1d537fbd16c0b62503f50d8923e608eb8aacd64cb9fa3,male,hand,20260908,0,43.94124480731217,42.325,43.524371205063645
2010.1218,27,2010,2010:1,female,head,20260908,0,28.21743853884741,37.275,30.555016842353304
1841.F05620,36,1841,1841:CUB042,male,head,20260908,0,25.13958165263923,33.15,24.87366424894591
1841.F06445,21,1841,1841:CUB044,male,head,20260908,0,25.13958165263923,24.31875,21.809522609404375
1841.F06448,22,1841,1841:CUB016,female,head,20260908,0,22.430800690649065,23.75625,23.12754825815986
10317.000068787,39,10317,10317:0610dc25baabfb768bd6465f009077ba740694d1c37591ea165a6eed61b038ba1fd9167c4f0efbd5cd490953bcd66ea07e9d8b594234539c2e566f09dd0e4699,male,head,20260908,0,41.86956487216707,39.04375,40.937077896695364
1841.F05442,20,1841,1841:NAU110,female,head,20260908,0,22.430800690649065,27.69375,23.5732295042809
1841.F05133,30,1841,1841:NAU155,female,head,20260908,0,22.430800690649065,26.4625,25.319998360081254
1841.F05136,22,1841,1841:NAU130,female,head,20260908,0,22.430800690649065,22.25,23.581665001286908
1841.P16222,20,1841,1841:NAU123,male,hand,20260908,0,25.08375727791583,25.80625,23.71157063285036
1841.P16247,30,1841,1841:NAU155,female,hand,20260908,0,22.328701447759556,26.43125,26.998905892060762
1841.P15105,18,1841,1841:NCS221,female,hand,20260908,0,22.328701447759556,28.38125,25.652569886628932
1841.F06057,20,1841,1841:NCS263,male,head,20260908,0,25.13958165263923,27.89375,22.7331953485838
1841.P15683,29,1841,1841:CUB011,female,hand,20260908,0,22.328701447759556,24.8625,25.750975711484053
1841.F05365,18,1841,1841:NCS213,female,head,20260908,0,22.430800690649065,24.49375,24.17108250175525
1841.F05361,24,1841,1841:NCS245,female,head,20260908,0,22.430800690649065,26.1125,24.658367107873065
1841.F06485,20,1841,1841:CUB008,male,head,20260908,0,25.13958165263923,23.35,21.234243406460426
1841.F06483,21,1841,1841:CUB000,female,head,20260908,0,22.430800690649065,24.21875,25.79536670935202
1841.P16561,21,1841,1841:CUB044,male,hand,20260908,0,25.08375727791583,24.36875,23.36763359966021
1841.F05110,20,1841,1841:NAU119,male,head,20260908,0,25.13958165263923,22.69375,21.091801209198774
1841.P16600,21,1841,1841:CUB003,female,hand,20260908,0,22.328701447759556,27.59375,25.44080828219855
1841.P15111,18,1841,1841:NCS213,female,hand,20260908,0,22.328701447759556,24.8375,23.462878327914336
1841.F06034,23,1841,1841:NCS243,male,head,20260908,0,25.13958165263923,22.30625,19.59495837147439
1841.P15997,36,1841,1841:CUB042,male,hand,20260908,0,25.08375727791583,34.45625,25.786007922008626
10317.000047841,56,10317,10317:0bcb4e3d31b0b117c3b6fa86fc51584ae6a9aa505a981882486f137cc53b9ca3d82e6e63f354b102ed104a17e902d66783bd63854c3549b887a4be67e55128ab,female,hand,20260908,0,48.93183358491968,43.24375,45.78666415698198
1841.F06437,21,1841,1841:CUB044,male,head,20260908,0,25.13958165263923,25.5875,19.84742232450866
10317.000005088,34,10317,10317:b74b978649567cb54fc875fffd91ae1e96fe51d67ba3b37beafd17700ef6cc8174703285ab46d656b674c96a535fb1c24429eee1b4c50b47eedb924ba7c66a50,male,head,20260908,0,41.86956487216707,43.475,45.22480215769422
10317.000005084,34,10317,10317:b74b978649567cb54fc875fffd91ae1e96fe51d67ba3b37beafd17700ef6cc8174703285ab46d656b674c96a535fb1c24429eee1b4c50b47eedb924ba7c66a50,male,hand,20260908,0,43.94124480731217,45.33125,46.24025824029638
10317.000005086,34,10317,10317:b74b978649567cb54fc875fffd91ae1e96fe51d67ba3b37beafd17700ef6cc8174703285ab46d656b674c96a535fb1c24429eee1b4c50b47eedb924ba7c66a50,male,hand,20260908,0,43.94124480731217,42.71875,45.44564144646998
10317.000033403,37,10317,10317:8a84e546f33305e110f2059f0c1a87a533d58f09e3ae2fd4519dcf3418d8d566956b23eebebef879dda59b2ae8ba5c775acf7a5181d6b381697b949a1c8cefc6,male,head,20260908,0,41.86956487216707,44.1375,43.3023164903456
1841.F06019,20,1841,1841:NCS263,male,head,20260908,0,25.13958165263923,27.39375,22.73457050037947
1841.P15392,21,1841,1841:NCS262,male,hand,20260908,0,25.08375727791583,23.175,20.879214612088663
1841.F05542,21,1841,1841:CUB044,male,head,20260908,0,25.13958165263923,24.0,19.704823946691263
1841.P15531,20,1841,1841:NAU123,male,hand,20260908,0,25.08375727791583,33.3625,30.464396349244755
1841.P15533,22,1841,1841:NAU130,female,hand,20260908,0,22.328701447759556,22.53125,24.77581059364482
1841.F05619,21,1841,1841:CUB000,female,head,20260908,0,22.430800690649065,26.19375,24.577177792918555
1841.F05615,20,1841,1841:CUB027,female,head,20260908,0,22.430800690649065,24.575,24.965757874636953
1841.F05898,24,1841,1841:NAU109,male,head,20260908,0,25.13958165263923,23.70625,21.328474753091328
1841.P16396,30,1841,1841:NAU155,female,hand,20260908,0,22.328701447759556,27.23125,25.257788400100385
10317.000036739,59,10317,10317:8fb4ad789829b8aa6b773eff2956b29d9986e3c6ee0cd5f3125d47adf2ee4adc1008098b5be94b225ac5137bcae428f6b84ede1db0d7bfe5dda5fe7f31fa3514,male,hand,20260908,0,43.94124480731217,43.31875,45.74968488781491
1841.F05157,20,1841,1841:NAU110,female,head,20260908,0,22.430800690649065,28.775,22.69293615335879
10317.000005069,62,10317,10317:95709cc58235ffbd909b031216643693df4dbc827ae14fc247eebb0528bfbea20bc16e3572da9168ccfd0829b33c756aa63ed4ce9ba244ce6bdf5ef97c44e85f,female,head,20260908,0,48.6684281429694,47.975,51.339507336285536
1841.P16399,24,1841,1841:NAU109,male,hand,20260908,0,25.08375727791583,24.2,22.18975983762567
1841.F06563,20,1841,1841:CUB027,female,head,20260908,0,22.430800690649065,24.59375,23.855435366792868
2010.2244,23,2010,2010:31,female,head,20260908,0,28.21743853884741,40.375,31.904988811356088
1841.P15515,20,1841,1841:NAU119,male,hand,20260908,0,25.08375727791583,22.04375,22.266986451864085
1841.P15512,24,1841,1841:NAU109,male,hand,20260908,0,25.08375727791583,23.5625,21.32591043251112
1841.P15511,20,1841,1841:NAU119,male,hand,20260908,0,25.08375727791583,23.09375,22.506261699962675
1841.F05525,20,1841,1841:NAU123,male,head,20260908,0,25.13958165263923,22.80625,19.92142645460942
1841.F06492,36,1841,1841:CUB042,male,head,20260908,0,25.13958165263923,30.4,20.93446424048269
1841.P16099,20,1841,1841:NAU110,female,hand,20260908,0,22.328701447759556,31.525,24.171613847873722
1841.P16098,30,1841,1841:NAU155,female,hand,20260908,0,22.328701447759556,26.0125,24.575551372621828
1841.P15728,20,1841,1841:NAU110,female,hand,20260908,0,22.328701447759556,30.8,23.694705902807815
1841.F06220,20,1841,1841:NAU123,male,head,20260908,0,25.13958165263923,22.4625,19.69014843698376
2010.2380,23,2010,2010:31,female,head,20260908,0,28.21743853884741,26.3,27.16694800140413
1841.F06503,20,1841,1841:CUB027,female,head,20260908,0,22.430800690649065,22.4375,23.112978515704135
1841.F06500,29,1841,1841:CUB011,female,head,20260908,0,22.430800690649065,26.78125,23.670469077110837
10317.000063196,38,10317,10317:441ac85e1bd02fd74bfe5cd7d33fc7e79af9e5986e7d55e177b00f2dadef7b37442c83e626aa9eec53feaf0e250a42f14f03b147a269cd1c57142e99e994ff08,male,hand,20260908,0,43.94124480731217,46.14375,46.99464397524117
1841.F05548,22,1841,1841:NAU130,female,head,20260908,0,22.430800690649065,22.2875,22.577945238650916
1841.F05059,20,1841,1841:NCS263,male,head,20260908,0,25.13958165263923,28.33125,22.353043577564833
1841.F06436,21,1841,1841:CUB003,female,head,20260908,0,22.430800690649065,27.01875,23.437007922457884
10317.000015253,34,10317,10317:b74b978649567cb54fc875fffd91ae1e96fe51d67ba3b37beafd17700ef6cc8174703285ab46d656b674c96a535fb1c24429eee1b4c50b47eedb924ba7c66a50,male,hand,20260908,0,43.94124480731217,39.125,42.25752986898779
10317.000015252,34,10317,10317:b74b978649567cb54fc875fffd91ae1e96fe51d67ba3b37beafd17700ef6cc8174703285ab46d656b674c96a535fb1c24429eee1b4c50b47eedb924ba7c66a50,male,head,20260908,0,41.86956487216707,40.9,41.08469275517122
10317.000015255,34,10317,10317:b74b978649567cb54fc875fffd91ae1e96fe51d67ba3b37beafd17700ef6cc8174703285ab46d656b674c96a535fb1c24429eee1b4c50b47eedb924ba7c66a50,male,hand,20260908,0,43.94124480731217,39.55625,42.35174087877006
1841.P15742,20,1841,1841:NAU110,female,hand,20260908,0,22.328701447759556,29.5375,25.430978642278816
1841.P15743,30,1841,1841:NAU155,female,hand,20260908,0,22.328701447759556,26.1,24.155347535763426
1841.F06249,30,1841,1841:NAU155,female,head,20260908,0,22.430800690649065,26.425,22.15828725461375
10317.000034581,22,10317,10317:1949c4d7f21b55f1e00af274c955be77947294d6ec424b2079e89205b36ed147727eed570662c7673f354f42b11ea00ee970e7e216e0a45d7e022359783d8aae,unknown,head,20260908,0,41.74363258296698,38.525,38.483740116676486
1841.P16464,20,1841,1841:NCS263,male,hand,20260908,0,25.08375727791583,27.04375,22.807416269242776
1841.P16465,20,1841,1841:NCS263,male,hand,20260908,0,25.08375727791583,30.8375,23.85259732270248
1841.P16463,23,1841,1841:NCS243,male,hand,20260908,0,25.08375727791583,23.60625,22.048664538815498
10317.000003550,72,10317,10317:fcb45b6f64ab0b3167524aaa234945c75702e9f45b361a7f3af87c2938b4b5bf8244dd705f8119adf55ee8532be48dc7d72387952b30d9ccda48bdc05fec5797,female,hand,20260908,0,48.93183358491968,51.1875,50.969122838574876
10317.000066831,29,10317,10317:7f8b5599423e74bb4268af85d143fbeed68370b2eaa79f6e6facbcf10974040d6ef4afefb5ff2aab1f618ba97f2eecc39b0621fb60a556425670ca9606d4aa0c,male,hand,20260908,0,43.94124480731217,36.35,34.918652985120175
1841.P15087,36,1841,1841:CUB042,male,hand,20260908,0,25.08375727791583,36.28125,26.010620240444045
1841.P15223,29,1841,1841:CUB011,female,hand,20260908,0,22.328701447759556,23.0625,25.28346829306053
1841.P15550,22,1841,1841:NAU130,female,hand,20260908,0,22.328701447759556,22.68125,24.64948620408108
2010.2294,23,2010,2010:31,female,head,20260908,0,28.21743853884741,24.09375,26.830216721800003
1841.F05077,23,1841,1841:NCS243,male,head,20260908,0,25.13958165263923,26.3125,20.46006977221556
1841.F05075,20,1841,1841:NAU119,male,head,20260908,0,25.13958165263923,23.94375,20.195294633413095
1841.P15919,20,1841,1841:CUB027,female,hand,20260908,0,22.328701447759556,25.625,24.70363421122275
1841.P15948,20,1841,1841:CUB008,male,hand,20260908,0,25.08375727791583,22.93125,19.897342140966302
1841.P15945,21,1841,1841:CUB003,female,hand,20260908,0,22.328701447759556,25.125,24.40478756471699
10317.000005260,28,10317,10317:9d5f397f06d407dcb0aa1ac134a406dcc9d133b7241030bf81c3cb01f3341e891530737a66d2693596ab16f97b05b66c20bc630d57221b89a0ecb2db01c1f747,male,hand,20260908,0,43.94124480731217,44.5125,46.72943771743065
10317.000005261,28,10317,10317:9d5f397f06d407dcb0aa1ac134a406dcc9d133b7241030bf81c3cb01f3341e891530737a66d2693596ab16f97b05b66c20bc630d57221b89a0ecb2db01c1f747,male,hand,20260908,0,43.94124480731217,42.69375,44.45987540181382
1841.P16448,20,1841,1841:NCS263,male,hand,20260908,0,25.08375727791583,23.33125,22.901901553385294
1841.F06092,20,1841,1841:NCS263,male,head,20260908,0,25.13958165263923,26.4875,22.39900804831044
10317.000063303,26,10317,10317:9a079253652d16fa017050fd68017b646c3c734b4c96ca593236c537806682233e513b33fb850475266ef28a5c34e9297ffbd213ef416263b306bfae257d1aef,male,hand,20260908,0,43.94124480731217,34.13125,38.86788918639675
1841.P15205,21,1841,1841:CUB003,female,hand,20260908,0,22.328701447759556,33.375,35.00387509873862
10317.000063483,25,10317,10317:a7eb0dd2ec940ca9c3d8c905ee11b3f312886d2373352bf10804121fdb76ae9277a91ce4ea0f346e0c8b67c66e30cabba094db785b990ac67b6fa4ea8b65aeda,female,hand,20260908,0,48.93183358491968,32.9,37.769868170070225
10317.000026508,76,10317,10317:a158faae1efddbd20bb064586e2ed359d9d89fe23e5776aaf6362e6a33b0760e24e9c69462baab420cef8bacb535b245b3687a18e94f0a8e346556bdb347fb67,male,head,20260908,0,41.86956487216707,42.91875,42.34050116827009
1841.F05909,18,1841,1841:NCS213,female,head,20260908,0,22.430800690649065,22.55,22.75073438488464
1841.P15925,22,1841,1841:CUB016,female,hand,20260908,0,22.328701447759556,23.48125,24.807732325586564
1841.P15923,21,1841,1841:CUB000,female,hand,20260908,0,22.328701447759556,27.7375,26.07814976829404
1841.F06289,30,1841,1841:NAU155,female,head,20260908,0,22.430800690649065,24.675,23.11030098235136
1841.F06286,30,1841,1841:NAU155,female,head,20260908,0,22.430800690649065,26.1125,22.890693499004573
10317.000007080,48,10317,10317:63aa1010fee4655f80a2fd1ca92db0c9c662b7ff7dfeccd99a08edb7b7f5af8b2df1c92465690a27ee6aad1207495376abce78f3ddeffc05da0acb099f8efdb8,male,head,20260908,0,41.86956487216707,40.43125,40.9508466405671
1841.F05227,24,1841,1841:NAU109,male,head,20260908,0,25.13958165263923,23.63125,20.86377838219774
1841.P16310,20,1841,1841:NAU110,female,hand,20260908,0,22.328701447759556,30.71875,23.303158704803128
1841.P16313,20,1841,1841:NAU123,male,hand,20260908,0,25.08375727791583,37.975,34.33929889310872
1841.P16315,24,1841,1841:NAU109,male,hand,20260908,0,25.08375727791583,26.26875,20.55518405700575
10317.000028832,36,10317,10317:3c63e41945a68fe74a43d054231d84ae90b185102915cbf4e13a11155b618c9d46daa02e507790f8529e4ff507dcc94f8b67e321b3ad761e17dfadff23c89742,male,head,20260908,0,41.86956487216707,41.8875,40.753281626957275
1841.P15043,21,1841,1841:CUB044,male,hand,20260908,0,25.08375727791583,22.81875,22.25653987037515
1841.P15042,22,1841,1841:CUB016,female,hand,20260908,0,22.328701447759556,22.6,24.75127100731995
1841.P15047,20,1841,1841:CUB027,female,hand,20260908,0,22.328701447759556,22.15625,23.830977471119038
10317.000002722,67,10317,10317:552862a47c1f4572c6de06ef045a0b5dfe8124f8167b59fc9e3602a42e27303ea444e307e4d303917535cb422622610350e6897ddbc33a1a70a49944b51adc14,male,head,20260908,0,41.86956487216707,41.40625,44.1031147453137
1841.P15269,21,1841,1841:CUB044,male,hand,20260908,0,25.08375727791583,30.79375,23.972542875778444
1841.P15599,20,1841,1841:NAU123,male,hand,20260908,0,25.08375727791583,23.38125,21.258094318084485
1841.P15267,21,1841,1841:CUB003,female,hand,20260908,0,22.328701447759556,24.5625,24.790725304411545
1841.P15260,21,1841,1841:CUB000,female,hand,20260908,0,22.328701447759556,26.88125,25.361324737450676
1841.P15263,22,1841,1841:CUB016,female,hand,20260908,0,22.328701447759556,22.5625,23.830781825665447
10317.000068854,31,10317,10317:8d85619d1e25428067315418f5821569f94dd8cc697ce5e8952a81c8abc325ca2f69b743c1d3539e71093dc8dadc81905dc33874b12ef6d990d55c610bfb1eb3,male,hand,20260908,0,43.94124480731217,36.95625,39.543823652712085
1841.F05038,20,1841,1841:NCS263,male,head,20260908,0,25.13958165263923,28.425,23.90585178881185
1841.F05033,20,1841,1841:NCS263,male,head,20260908,0,25.13958165263923,32.46875,20.329328704435618
1841.F05031,23,1841,1841:NCS243,male,head,20260908,0,25.13958165263923,25.8375,19.732751749168617
1841.F05036,22,1841,1841:NAU130,female,head,20260908,0,22.430800690649065,22.3125,22.055887668573867
1841.F05034,20,1841,1841:NCS263,male,head,20260908,0,25.13958165263923,30.65625,21.87275836985104
1841.F05693,22,1841,1841:CUB016,female,head,20260908,0,22.430800690649065,26.48125,26.012971388241642
1841.F05692,21,1841,1841:CUB003,female,head,20260908,0,22.430800690649065,23.925,22.72027348005521
1841.F05969,18,1841,1841:NCS213,female,head,20260908,0,22.430800690649065,22.51875,22.546714766854123
1841.P16107,24,1841,1841:NAU109,male,hand,20260908,0,25.08375727791583,24.7,23.73775105558967
2010.1308,27,2010,2010:7,female,head,20260908,0,28.21743853884741,36.93125,26.60417160480893
10317.000014510,36,10317,10317:afc4cc1e970ef3c7c09dfc377d86b8cb6dd2b6fc250e40ad216859b782525e9a89692b141ec60d853e30f94d919e6d74c8ef2a10c87061cbb48939ce1a8ab53a,female,head,20260908,0,48.6684281429694,39.675,44.64376821762253
1841.F05550,20,1841,1841:NAU123,male,head,20260908,0,25.13958165263923,21.38125,19.49152989249249
1841.F06119,21,1841,1841:CUB044,male,head,20260908,0,25.13958165263923,22.75625,20.049093077357956
10317.000068847,30,10317,10317:8d85619d1e25428067315418f5821569f94dd8cc697ce5e8952a81c8abc325ca2f69b743c1d3539e71093dc8dadc81905dc33874b12ef6d990d55c610bfb1eb3,male,head,20260908,0,41.86956487216707,36.2625,39.91565862873921
1841.P15907,20,1841,1841:CUB008,male,hand,20260908,0,25.08375727791583,24.0375,22.753585521979616
1841.P15909,21,1841,1841:CUB003,female,hand,20260908,0,22.328701447759556,24.36875,24.683470635328355
1841.P15674,20,1841,1841:CUB008,male,hand,20260908,0,25.08375727791583,23.48125,22.1698208277729
1841.P15679,36,1841,1841:CUB042,male,hand,20260908,0,25.08375727791583,30.425,20.47828973539885
1841.F05207,24,1841,1841:NAU109,male,head,20260908,0,25.13958165263923,26.25625,23.38360387608496
1841.P16426,20,1841,1841:NAU119,male,hand,20260908,0,25.08375727791583,23.28125,20.76472419883234
1841.F05209,24,1841,1841:NAU109,male,head,20260908,0,25.13958165263923,23.85,21.759351828637797
1841.P16395,22,1841,1841:NAU130,female,hand,20260908,0,22.328701447759556,23.4625,24.894186051329985
1841.P16370,20,1841,1841:NAU110,female,hand,20260908,0,22.328701447759556,34.40625,22.63175178943342
1841.F05884,20,1841,1841:NAU110,female,head,20260908,0,22.430800690649065,28.6375,24.213938918018187
1841.F06586,21,1841,1841:CUB003,female,head,20260908,0,22.430800690649065,24.73125,22.478019473660996
1841.F06585,29,1841,1841:CUB011,female,head,20260908,0,22.430800690649065,24.25625,23.172231867808694
1841.F06582,21,1841,1841:CUB044,male,head,20260908,0,25.13958165263923,26.48125,22.603068813792916
1841.F06580,21,1841,1841:CUB000,female,head,20260908,0,22.430800690649065,25.69375,25.6053075297854
1841.F06581,21,1841,1841:CUB003,female,head,20260908,0,22.430800690649065,27.15625,25.431524696910063
1841.F06326,29,1841,1841:CUB011,female,head,20260908,0,22.430800690649065,22.4875,24.72309543008899
1841.F06329,22,1841,1841:CUB016,female,head,20260908,0,22.430800690649065,23.425,22.968718891098533
1841.P15249,20,1841,1841:CUB008,male,hand,20260908,0,25.08375727791583,25.05,20.653356578756345
1841.P16299,30,1841,1841:NAU155,female,hand,20260908,0,22.328701447759556,23.7,23.952724810502595
1841.F05941,18,1841,1841:NCS213,female,head,20260908,0,22.430800690649065,27.06875,23.91167232605855
1841.F05415,20,1841,1841:NAU119,male,head,20260908,0,25.13958165263923,22.60625,20.035267613866335
10317.000015453,46,10317,10317:3483b70983107b3501a2fdeab0f7e00b06ec05b5a7afdf499c410267e4aa99ea36b3643db981cdf6f557435d6ff028c1059e2bc75261e6f468598f093fde8b72,male,hand,20260908,0,43.94124480731217,39.4125,45.02134663349621
1841.F05452,30,1841,1841:NAU155,female,head,20260908,0,22.430800690649065,26.0875,23.504831104672824
10317.000005234,55,10317,10317:45e54011490a1e8319d45ba35b5c9c687e4ec395fd00d5bd3b927f21b897135e002c9c488ced29f5644e9cc87c9d6d420ce68c9a95f88b151cd7a4c6182ead64,male,hand,20260908,0,43.94124480731217,40.925,42.4112895600994
1841.P15005,29,1841,1841:CUB011,female,hand,20260908,0,22.328701447759556,25.475,26.47525193240478
1841.P15007,21,1841,1841:CUB003,female,hand,20260908,0,22.328701447759556,24.4375,26.653542765505183
1841.P15002,22,1841,1841:CUB016,female,hand,20260908,0,22.328701447759556,23.1,23.992686149437183
1841.F06308,22,1841,1841:CUB016,female,head,20260908,0,22.430800690649065,23.78125,25.70470378566376
1841.F06305,20,1841,1841:CUB008,male,head,20260908,0,25.13958165263923,24.425,21.42427112255106
10317.000007105,53,10317,10317:ebedffb9e4d507d8cbaa7af0405caf451aa201d9746c76619a2a69f6b1c164e191af34fbad4f50a53bbb30a92cba77bf673b82db2b687fa2258240612900791e,male,hand,20260908,0,43.94124480731217,45.83125,47.472103337196565
10317.000007106,53,10317,10317:ebedffb9e4d507d8cbaa7af0405caf451aa201d9746c76619a2a69f6b1c164e191af34fbad4f50a53bbb30a92cba77bf673b82db2b687fa2258240612900791e,male,head,20260908,0,41.86956487216707,45.78125,45.037016665963016
10317.000007103,53,10317,10317:ebedffb9e4d507d8cbaa7af0405caf451aa201d9746c76619a2a69f6b1c164e191af34fbad4f50a53bbb30a92cba77bf673b82db2b687fa2258240612900791e,male,hand,20260908,0,43.94124480731217,47.4625,50.331519634670244
1841.F05431,30,1841,1841:NAU155,female,head,20260908,0,22.430800690649065,25.86875,23.352396386195057
10317.000031099,55,10317,10317:c652f7d5d732f3e629d4d90cf706462d9f50414ad33c8efbe370e13cba2467159fd00b1af99fda0aaa19aab27b068e2d581735424ec0b886d2867320bad0e931,male,head,20260908,0,41.86956487216707,40.43125,43.60699979181476
1841.F05434,20,1841,1841:NAU119,male,head,20260908,0,25.13958165263923,23.30625,20.182965219219213
1841.F06211,22,1841,1841:NAU130,female,head,20260908,0,22.430800690649065,21.925,22.61413690469671
1841.P15021,20,1841,1841:CUB027,female,hand,20260908,0,22.328701447759556,22.5375,25.62175795593973
1841.P15025,21,1841,1841:CUB003,female,hand,20260908,0,22.328701447759556,26.68125,24.360914889874323
1841.F06368,29,1841,1841:CUB011,female,head,20260908,0,22.430800690649065,22.675,23.481321191100818
1841.F06361,20,1841,1841:CUB008,male,head,20260908,0,25.13958165263923,22.90625,21.387904214124436
1841.P15221,36,1841,1841:CUB042,male,hand,20260908,0,25.08375727791583,35.38125,28.16172652985138
10317.000063476,25,10317,10317:a7eb0dd2ec940ca9c3d8c905ee11b3f312886d2373352bf10804121fdb76ae9277a91ce4ea0f346e0c8b67c66e30cabba094db785b990ac67b6fa4ea8b65aeda,female,head,20260908,0,48.6684281429694,36.00625,35.3405475547647
1841.P15222,21,1841,1841:CUB000,female,hand,20260908,0,22.328701447759556,28.05625,27.269391192902496
1841.F05987,18,1841,1841:NCS213,female,head,20260908,0,22.430800690649065,23.01875,23.44744865852184
1841.P16251,20,1841,1841:NAU119,male,hand,20260908,0,25.08375727791583,22.54375,20.17938700706287
1841.F06170,20,1841,1841:CUB008,male,head,20260908,0,25.13958165263923,22.5125,21.029299517344885
1841.P15612,20,1841,1841:CUB008,male,hand,20260908,0,25.08375727791583,23.0625,22.208411000738483
1841.P16552,21,1841,1841:CUB044,male,hand,20260908,0,25.08375727791583,24.75625,21.409588545840997
10317.000048390,21,10317,10317:30d7ca7c505d10cb4c76c0443a75de8f2f826d67386377db4fa33b8983b7e1be84ec36794891a1993f919a1c5c528a78e39e90c8c94320bc3b555e3aa3643685,female,hand,20260908,0,48.93183358491968,45.83125,49.59735226142163
1841.F05843,22,1841,1841:NAU130,female,head,20260908,0,22.430800690649065,22.2125,23.01098991499305
1841.P16553,29,1841,1841:CUB011,female,hand,20260908,0,22.328701447759556,23.8125,24.723333163481307
1841.F06439,20,1841,1841:CUB027,female,head,20260908,0,22.430800690649065,23.35625,24.151550680571084
1841.F06589,20,1841,1841:CUB027,female,head,20260908,0,22.430800690649065,25.10625,25.99581322220425
1841.F05617,29,1841,1841:CUB011,female,head,20260908,0,22.430800690649065,23.2875,23.05996043129581
1841.P15407,18,1841,1841:NCS213,female,hand,20260908,0,22.328701447759556,23.58125,24.880961716315568
1841.P16272,22,1841,1841:NAU130,female,hand,20260908,0,22.328701447759556,23.76875,25.10952010646249
1841.F05477,20,1841,1841:NAU110,female,head,20260908,0,22.430800690649065,27.39375,24.601885403212048
1841.F05474,22,1841,1841:NAU130,female,head,20260908,0,22.430800690649065,21.8625,23.49326571025937
1841.P16187,24,1841,1841:NAU109,male,hand,20260908,0,25.08375727791583,22.65,21.394260167598606
1841.P16186,24,1841,1841:NAU109,male,hand,20260908,0,25.08375727791583,26.7625,23.6104894222141
1841.P16182,20,1841,1841:NAU119,male,hand,20260908,0,25.08375727791583,24.15,21.21832415648742
1841.F05647,21,1841,1841:CUB044,male,head,20260908,0,25.13958165263923,23.85625,20.802926142659764
1841.P15181,18,1841,1841:NCS213,female,hand,20260908,0,22.328701447759556,25.06875,24.04367867676016
1841.P16513,29,1841,1841:CUB011,female,hand,20260908,0,22.328701447759556,24.8375,26.11975453306676
10317.000007128,39,10317,10317:8b672a386ead28ace9c7eaea68003a8d0be6651cf9544c799a49155c372bc6524d53fd7aae5b008caced52ac352c5fe0a4810a846032621cf2d9fc79200e1218,unknown,head,20260908,0,41.74363258296698,45.45,46.33654751113532
10317.000007129,39,10317,10317:8b672a386ead28ace9c7eaea68003a8d0be6651cf9544c799a49155c372bc6524d53fd7aae5b008caced52ac352c5fe0a4810a846032621cf2d9fc79200e1218,unknown,hand,20260908,0,46.87779727578943,43.5625,47.922668629142684
1841.F06413,20,1841,1841:CUB008,male,head,20260908,0,25.13958165263923,25.71875,21.785244660146947
1841.F06414,36,1841,1841:CUB042,male,head,20260908,0,25.13958165263923,29.675,21.19999561489272
1841.F06415,22,1841,1841:CUB016,female,head,20260908,0,22.430800690649065,23.08125,22.90250721638506
10317.000049130,48,10317,10317:9f89ce9cb3dd20b1b698031ff7eb1f66511855e4c05edd9fc525916e365f4d81ff5e46e5432e82c4e4cc62f66a9167138f3bce9a784b0404333ee6c82e195bd6,male,head,20260908,0,41.86956487216707,42.35625,42.90098453118292
10317.000049131,48,10317,10317:9f89ce9cb3dd20b1b698031ff7eb1f66511855e4c05edd9fc525916e365f4d81ff5e46e5432e82c4e4cc62f66a9167138f3bce9a784b0404333ee6c82e195bd6,male,hand,20260908,0,43.94124480731217,40.8875,43.70584383563121
10317.000049132,48,10317,10317:9f89ce9cb3dd20b1b698031ff7eb1f66511855e4c05edd9fc525916e365f4d81ff5e46e5432e82c4e4cc62f66a9167138f3bce9a784b0404333ee6c82e195bd6,male,hand,20260908,0,43.94124480731217,41.73125,43.363213031139956
1841.P15792,20,1841,1841:NAU119,male,hand,20260908,0,25.08375727791583,22.30625,20.821570063373883
1841.P15429,24,1841,1841:NCS245,female,hand,20260908,0,22.328701447759556,26.5875,25.7362455947213
1841.P16210,20,1841,1841:NAU123,male,hand,20260908,0,25.08375727791583,31.1375,28.074983732580804
1841.P15168,18,1841,1841:NCS213,female,hand,20260908,0,22.328701447759556,25.15,23.26586902672861
1841.P15163,18,1841,1841:NCS213,female,hand,20260908,0,22.328701447759556,24.5,23.452933541818663
1841.F06060,23,1841,1841:NCS243,male,head,20260908,0,25.13958165263923,28.36875,20.011598992361122
1841.F06064,23,1841,1841:NCS243,male,head,20260908,0,25.13958165263923,25.5625,20.809916856185655
1841.P15308,23,1841,1841:NCS243,male,hand,20260908,0,25.08375727791583,26.6125,23.602107158337752
10317.000005236,55,10317,10317:45e54011490a1e8319d45ba35b5c9c687e4ec395fd00d5bd3b927f21b897135e002c9c488ced29f5644e9cc87c9d6d420ce68c9a95f88b151cd7a4c6182ead64,male,head,20260908,0,41.86956487216707,41.8625,42.88892589644104
1841.F06355,36,1841,1841:CUB042,male,head,20260908,0,25.13958165263923,28.51875,24.13217185539983
10317.000009724,39,10317,10317:8b672a386ead28ace9c7eaea68003a8d0be6651cf9544c799a49155c372bc6524d53fd7aae5b008caced52ac352c5fe0a4810a846032621cf2d9fc79200e1218,unknown,hand,20260908,0,46.87779727578943,42.1125,45.336361441910014
2010.1260,27,2010,2010:1,female,head,20260908,0,28.21743853884741,38.26875,28.691498530463786
1841.P16535,22,1841,1841:CUB016,female,hand,20260908,0,22.328701447759556,22.85625,23.966562446071435
1841.P16536,36,1841,1841:CUB042,male,hand,20260908,0,25.08375727791583,26.90625,23.31934349669564
10317.000009725,39,10317,10317:8b672a386ead28ace9c7eaea68003a8d0be6651cf9544c799a49155c372bc6524d53fd7aae5b008caced52ac352c5fe0a4810a846032621cf2d9fc79200e1218,unknown,head,20260908,0,41.74363258296698,44.20625,47.91096161965524
10317.000009722,39,10317,10317:8b672a386ead28ace9c7eaea68003a8d0be6651cf9544c799a49155c372bc6524d53fd7aae5b008caced52ac352c5fe0a4810a846032621cf2d9fc79200e1218,unknown,hand,20260908,0,46.87779727578943,41.3,46.83445714528774
1841.F06474,22,1841,1841:CUB048,female,head,20260908,1,22.669314589124497,26.44375,25.04907728145725
1841.F06472,22,1841,1841:CUB007,female,head,20260908,1,22.669314589124497,22.525,22.700603043876235
1841.F05357,20,1841,1841:NCS210,female,head,20260908,1,22.669314589124497,24.625,24.74016563058597
1841.F06381,21,1841,1841:CUB012,female,head,20260908,1,22.669314589124497,25.73125,25.936708623212436
1841.F06385,22,1841,1841:CUB048,female,head,20260908,1,22.669314589124497,25.08125,25.13317894150828
1841.F06389,23,1841,1841:CUB053,female,head,20260908,1,22.669314589124497,26.9875,24.91690284760599
10317.000004984,61,10317,10317:4fcea5cd0a1bce2d5eabe662e771f90edf941650014bd56668c6086d789fa2cff4cfcf939a865e51ba74bb1cbabc385ec9acbcc1b41ee41e0ddd437171849719,female,head,20260908,1,48.675880220932626,42.9375,47.92374489197182
1841.F05659,20,1841,1841:CUB010,female,head,20260908,1,22.669314589124497,24.4,22.830192997078196
1841.P16235,55,1841,1841:NAU149,male,hand,20260908,1,23.574170609185856,35.0,23.912738033720057
1841.P15327,20,1841,1841:NCS210,female,hand,20260908,1,22.67238999770871,23.975,27.25830160607083
2010.3168,31,2010,2010:43,female,head,20260908,1,26.8081546289343,37.4125,27.31982418390286
10317.000015209,60,10317,10317:f85c35ccb1de86d528e1bc924109d3f1ef2725eff131fffbb4f955f2bf62f99d01df00160e393e9c7ca1eba714fcb5547b4952bd7ca8fbba07e51e58be5c6410,unknown,hand,20260908,1,48.10403745363554,45.3,50.604827362670534
10317.000020453,42,10317,10317:717a010ecae247e17c0d75cdc08151d79ef870155f338e469f89c0489311881fcd9a409c1f2f17cbfdb5c5e655cd7b7ba153016ff78cd3d0326a1da4bbbbe1b4,male,head,20260908,1,43.06452483822564,43.55,43.94068172470909
1841.F05825,20,1841,1841:NAU115,male,head,20260908,1,23.680884375873198,21.94375,18.58290332750653
1841.F05821,55,1841,1841:NAU149,male,head,20260908,1,23.680884375873198,29.3625,24.189074685782167
10317.000006913,50,10317,10317:9efe5bb96e044b67cb80fc4069443555b8751175a7004a0a040349274f4aeacaa0bdcc77fe15bf3b071a944c2c9d4c02decf67f559f2a2d31615e4e98ed3e904,unknown,head,20260908,1,45.64777250013622,42.1125,47.208129852973165
1841.P16555,20,1841,1841:CUB010,female,hand,20260908,1,22.67238999770871,23.475,23.623868321218232
1841.P16550,20,1841,1841:CUB010,female,hand,20260908,1,22.67238999770871,23.0875,23.5039349194732
1841.P16003,23,1841,1841:CUB053,female,hand,20260908,1,22.67238999770871,24.3625,27.146967633974654
1841.F06139,22,1841,1841:CUB048,female,head,20260908,1,22.669314589124497,25.3,23.2252788102409
10317.000049906,69,10317,10317:f468dfbfdc239f0e3bbe1de592c866535d2e70f74b05af2999cd5ac5b39818383c58a904146c605bc773f87fac2da08ddde7d4bedced3110d5c1d3b15657f73e,male,head,20260908,1,43.06452483822564,45.75,45.667895306945674
1841.F06454,23,1841,1841:CUB053,female,head,20260908,1,22.669314589124497,30.11875,25.30240563706628
1841.F06456,20,1841,1841:CUB036,female,head,20260908,1,22.669314589124497,24.325,24.427564675429046
10317.000010182,33,10317,10317:723b6b9cc65e7b32325680590272929f0ac00ca96b80b0fab7d4f3aa989891c4e461f3d54e5d04cec753535eff24d840aca7c4484f9aaf9507e8c09d37fc902b,unknown,head,20260908,1,45.64777250013622,44.66875,44.980022115338585
1841.F06026,20,1841,1841:NCS210,female,head,20260908,1,22.669314589124497,25.46875,23.619957438953453
1841.F05595,21,1841,1841:NAU113,female,head,20260908,1,22.669314589124497,23.40625,22.746172045672587
10317.000068979,34,10317,10317:39f71cf33f09de164d937b070afbdb0ae6316326fe838edc8aeebb9c941d1edd0c4b841e5e1b5c435cf9310595d4cb9a17a4d2777234628da9e9e7e1cc78e36f,male,head,20260908,1,43.06452483822564,37.9125,40.636913610991755
10317.000005637,32,10317,10317:8e6d5660e04b428afe96bc9b82f94ffbde8b593ec7e7a39e6d802ccde219bc29f29c18ff10e18b4c6a067ce34878d5cc2b0addc2b1e539d565c014f00b4d3452,unknown,hand,20260908,1,48.10403745363554,38.23125,47.128481411184055
10317.000005636,32,10317,10317:8e6d5660e04b428afe96bc9b82f94ffbde8b593ec7e7a39e6d802ccde219bc29f29c18ff10e18b4c6a067ce34878d5cc2b0addc2b1e539d565c014f00b4d3452,unknown,hand,20260908,1,48.10403745363554,40.36875,45.5419477661555
10317.000005634,32,10317,10317:8e6d5660e04b428afe96bc9b82f94ffbde8b593ec7e7a39e6d802ccde219bc29f29c18ff10e18b4c6a067ce34878d5cc2b0addc2b1e539d565c014f00b4d3452,unknown,head,20260908,1,45.64777250013622,38.11875,45.72980134308805
1841.F05161,55,1841,1841:NAU149,male,head,20260908,1,23.680884375873198,29.45625,21.831899353284264
1841.F05162,21,1841,1841:NAU161,male,head,20260908,1,23.680884375873198,23.3625,19.564365155016475
10317.000003207,56,10317,10317:8ce2fa4322344d737377931be840bf961f38b556f4fa437394b744900c1501895f7f56793071423d8af658d690902a9fb79c2d372eb011251cc952c8b26e075b,female,head,20260908,1,48.675880220932626,48.0625,52.701921426774575
1841.F06233,26,1841,1841:NAU146,female,head,20260908,1,22.669314589124497,27.225,24.038154511472698
1841.F05844,55,1841,1841:NAU149,male,head,20260908,1,23.680884375873198,32.8875,22.26516005745688
10317.000041070,31,10317,10317:71e5fd7acb649ca95a67898db0fec25f330aaadd054f9606a2bf895d9748f5f2dbb072b66b2f8cbb341c64bf56f1d46adf1543d0cd7406a94c113f4c63d7e45a,female,hand,20260908,1,52.23387611273963,38.3375,43.99997506700514
1841.F06495,22,1841,1841:CUB004,female,head,20260908,1,22.669314589124497,28.15625,22.820112447190713
1841.F06498,20,1841,1841:CUB010,female,head,20260908,1,22.669314589124497,22.91875,22.43077758352269
1841.F05145,20,1841,1841:NAU115,male,head,20260908,1,23.680884375873198,23.41875,18.767929896410063
10317.000049828,37,10317,10317:810a1cfb40a1b8da310e777113e7a6fa79ef435b2348c768e4213fd5c5dc7e3b2dfebad107eeb75d35a31c7a30a00b8e06c8bf1e32f03c95301328ac8be56fbf,male,head,20260908,1,43.06452483822564,47.675,43.91693319310374
1841.P15325,20,1841,1841:NCS210,female,hand,20260908,1,22.67238999770871,26.65625,26.7191555351286
1841.F05050,20,1841,1841:NCS210,female,head,20260908,1,22.669314589124497,24.1375,24.55359393242633
1841.F05505,20,1841,1841:NAU115,male,head,20260908,1,23.680884375873198,22.93125,19.874646676423765
10317.000015976,66,10317,10317:414c5f35ed69875718a4e654e86d9ae09236801e1b9600a2d4851f548bd46eec37144f9d5a5816365a76c4dcc4550e15afddf35bb18d7f072fece2fae39cd58b,male,head,20260908,1,43.06452483822564,47.79375,45.34240596933119
1841.F06570,20,1841,1841:CUB036,female,head,20260908,1,22.669314589124497,22.2625,22.989455434440025
2010.3272,31,2010,2010:43,female,head,20260908,1,26.8081546289343,40.7875,29.523502079286793
1841.F05555,21,1841,1841:NAU161,male,head,20260908,1,23.680884375873198,23.375,19.68688807291862
1841.F06464,20,1841,1841:CUB036,female,head,20260908,1,22.669314589124497,22.53125,23.314183330019638
1841.P15733,21,1841,1841:NAU161,male,hand,20260908,1,23.574170609185856,23.1125,19.508496572728948
1841.F06212,20,1841,1841:NAU115,male,head,20260908,1,23.680884375873198,22.9125,18.93309794191835
10317.000068986,34,10317,10317:39f71cf33f09de164d937b070afbdb0ae6316326fe838edc8aeebb9c941d1edd0c4b841e5e1b5c435cf9310595d4cb9a17a4d2777234628da9e9e7e1cc78e36f,male,hand,20260908,1,43.808441902552204,39.45,39.92254592180064
1841.F05648,21,1841,1841:CUB012,female,head,20260908,1,22.669314589124497,26.7625,24.463554860224093
1841.F06519,21,1841,1841:CUB012,female,head,20260908,1,22.669314589124497,24.4875,25.791318616784693
1841.F06517,20,1841,1841:CUB005,female,head,20260908,1,22.669314589124497,24.41875,23.993453599452153
1841.P15504,20,1841,1841:CUB010,female,hand,20260908,1,22.67238999770871,23.7375,25.50526016208982
1841.P15506,20,1841,1841:NAU115,male,hand,20260908,1,23.574170609185856,22.49375,20.885950262303368
1841.F05533,22,1841,1841:NAU116,male,head,20260908,1,23.680884375873198,23.325,18.683586681380618
1841.P16085,20,1841,1841:NAU115,male,hand,20260908,1,23.574170609185856,22.9125,20.397612570194728
10317.000003167,56,10317,10317:ca3c1391f1ca6877569a02ad1a4bb08ec17ce43eb36e67a75c7021c818e8b0fc35d4d9d4f88d36031ef5d86fe5d42f004195994d262cc11012d12140268e85ba,male,hand,20260908,1,43.808441902552204,46.8625,50.025204001212586
1841.P15978,22,1841,1841:CUB048,female,hand,20260908,1,22.67238999770871,27.175,26.21313318801302
1841.F06543,20,1841,1841:CUB010,female,head,20260908,1,22.669314589124497,23.5125,23.71248412059062
1841.F06530,22,1841,1841:CUB004,female,head,20260908,1,22.669314589124497,25.95625,22.716579122339816
1841.F06539,23,1841,1841:CUB053,female,head,20260908,1,22.669314589124497,23.2,23.48450415757041
10317.000049908,69,10317,10317:f468dfbfdc239f0e3bbe1de592c866535d2e70f74b05af2999cd5ac5b39818383c58a904146c605bc773f87fac2da08ddde7d4bedced3110d5c1d3b15657f73e,male,hand,20260908,1,43.808441902552204,43.59375,44.93850874095282
1841.P15562,21,1841,1841:NAU161,male,hand,20260908,1,23.574170609185856,22.7625,20.054323561986507
10317.000008200,46,10317,10317:48d391496558e01a0104b2b5a59686340e1e6a0399c13717e18c37dc683db8cf9db7b16ae3e331f1f78373cf02cfc7c9565ca3f6b2d6eae259d9401e7d93b863,female,head,20260908,1,48.675880220932626,39.53125,46.213858731803505
1841.P15967,20,1841,1841:CUB005,female,hand,20260908,1,22.67238999770871,28.60625,25.188313433368716
10317.000063284,29,10317,10317:c78075767b35e039a0b606f8a727e3fc3e2823715abe6a1c7c9956e664a6ff667e1ed5a2426907b56b3a7776221005afb7b5f38d5a651d25074abdbea76cec2f,male,head,20260908,1,43.06452483822564,39.65625,39.50229615409657
1841.P15957,20,1841,1841:CUB010,female,hand,20260908,1,22.67238999770871,23.14375,24.543872377035115
1841.P15951,22,1841,1841:CUB048,female,hand,20260908,1,22.67238999770871,27.1875,25.63315586104045
10317.000029543,48,10317,10317:c86071d17549b1edea0c1ee4fd08d1f8f445ff93e7557a199712b7b28cc1547cf0bf2fbe6c28e355b5a962568aa61b5f158ed2022969d51ccb413287f708fe10,female,head,20260908,1,48.675880220932626,43.175,45.687433642924894
1841.P16322,21,1841,1841:NAU161,male,hand,20260908,1,23.574170609185856,22.43125,19.99665450007225
1841.F06450,20,1841,1841:CUB005,female,head,20260908,1,22.669314589124497,22.25,23.539352567936813
1841.F06451,23,1841,1841:CUB053,female,head,20260908,1,22.669314589124497,27.5,25.004313820668543
1841.P15098,22,1841,1841:CUB048,female,hand,20260908,1,22.67238999770871,24.28125,24.985204014547453
1841.P15093,22,1841,1841:CUB007,female,hand,20260908,1,22.67238999770871,23.55625,23.64067114465659
1841.P15238,20,1841,1841:CUB005,female,hand,20260908,1,22.67238999770871,25.65,27.10485562265323
1841.P16539,22,1841,1841:CUB004,female,hand,20260908,1,22.67238999770871,29.54375,24.200291921519128
1841.P15939,22,1841,1841:CUB007,female,hand,20260908,1,22.67238999770871,26.35,25.26296490570084
1841.P15938,21,1841,1841:CUB012,female,hand,20260908,1,22.67238999770871,28.85625,27.847425918163413
1841.P15936,23,1841,1841:CUB053,female,hand,20260908,1,22.67238999770871,25.725,27.776576006434205
10317.000005079,33,10317,10317:a29fd754368cde4d06c428f68fac03a5f07bc4192f8ad6f00b4dead3a90b4f2a07cda53d353c8eebcdf472b25a87cc69592d2bcf0fae7f901a0ee6e9cff063c9,male,head,20260908,1,43.06452483822564,41.04375,43.028524862577235
10317.000005291,69,10317,10317:f468dfbfdc239f0e3bbe1de592c866535d2e70f74b05af2999cd5ac5b39818383c58a904146c605bc773f87fac2da08ddde7d4bedced3110d5c1d3b15657f73e,male,hand,20260908,1,43.808441902552204,42.6375,46.69698596552936
1841.P16306,20,1841,1841:NAU115,male,hand,20260908,1,23.574170609185856,22.8875,20.673908636411234
1841.P15218,20,1841,1841:CUB005,female,hand,20260908,1,22.67238999770871,23.125,24.39712818326013
1841.P15215,23,1841,1841:CUB053,female,hand,20260908,1,22.67238999770871,26.63125,26.265589577968804
1841.P15216,22,1841,1841:CUB007,female,hand,20260908,1,22.67238999770871,21.9875,24.527036989915015
10317.000069142,34,10317,10317:2fe8dc51162640ecda81c266c7b13a12fa0b362550125c042231ebf311ae65b5597119ff4c21bc3e0d2daf7c54569db93c6d59b2cd8c7abd7c7e43d806b66718,male,hand,20260908,1,43.808441902552204,39.01875,40.400400104005385
1841.F05008,20,1841,1841:NCS210,female,head,20260908,1,22.669314589124497,23.36875,24.23122541357828
1841.F05009,20,1841,1841:NCS210,female,head,20260908,1,22.669314589124497,25.70625,24.64296769019247
10317.000015207,60,10317,10317:f85c35ccb1de86d528e1bc924109d3f1ef2725eff131fffbb4f955f2bf62f99d01df00160e393e9c7ca1eba714fcb5547b4952bd7ca8fbba07e51e58be5c6410,unknown,hand,20260908,1,48.10403745363554,42.5,45.09298452465871
10317.000015208,60,10317,10317:f85c35ccb1de86d528e1bc924109d3f1ef2725eff131fffbb4f955f2bf62f99d01df00160e393e9c7ca1eba714fcb5547b4952bd7ca8fbba07e51e58be5c6410,unknown,head,20260908,1,45.64777250013622,44.3875,47.13164148165831
10317.000032844,34,10317,10317:2f99bf4f7ec4110bbb356ecafe18a81cf99c407dc04127efbbe24227d256b81c690640ad22fa2a115f1adb9a603c2509999f0325292f5ad6c80144726ff29fb3,male,head,20260908,1,43.06452483822564,42.96875,43.15502053318722
1841.P16175,21,1841,1841:NAU161,male,hand,20260908,1,23.574170609185856,22.7625,20.463802543382247
10317.000069075,22,10317,10317:62da411fb1daa598c9de6fec6d4999096c07c935e32acd264bd45573737d7ca012c560ebc6a3ff42a617cdb54d7d364fb719fc379b15ab5e772bbf3a7356dbde,female,head,20260908,1,48.675880220932626,35.50625,40.191798715420276
1841.F05430,20,1841,1841:NAU115,male,head,20260908,1,23.680884375873198,22.13125,20.170097751733056
10317.000009079,24,10317,10317:78d12b80b1c72aca05eb432fc60c9d17e9d26e9976af5f011f95b27013837975271da44deb87ae11ab5d17f776090675276d08a78b15a8ad0920edeb6e7b75b0,male,head,20260908,1,43.06452483822564,42.1,41.54994124370311
1841.P15775,20,1841,1841:NAU115,male,hand,20260908,1,23.574170609185856,22.35,21.341685950541166
1841.P15774,55,1841,1841:NAU149,male,hand,20260908,1,23.574170609185856,33.10625,23.841547698217887
1841.P16362,20,1841,1841:NAU115,male,hand,20260908,1,23.574170609185856,22.3875,21.59455923311711
1841.P16583,20,1841,1841:CUB036,female,hand,20260908,1,22.67238999770871,23.84375,24.574884507745764
1841.F06597,22,1841,1841:CUB048,female,head,20260908,1,22.669314589124497,26.1125,23.45641715126082
1841.F06591,21,1841,1841:CUB012,female,head,20260908,1,22.669314589124497,27.79375,26.493399885294206
1841.F06592,20,1841,1841:CUB005,female,head,20260908,1,22.669314589124497,22.20625,22.566253415481608
1841.F06599,22,1841,1841:CUB004,female,head,20260908,1,22.669314589124497,26.4875,22.993270699937323
1841.F06598,20,1841,1841:CUB010,female,head,20260908,1,22.669314589124497,23.4375,22.886983714947746
1841.P15050,21,1841,1841:CUB012,female,hand,20260908,1,22.67238999770871,23.71875,25.300152549508134
1841.P15056,23,1841,1841:CUB053,female,hand,20260908,1,22.67238999770871,26.4375,25.8824468379224
1841.P15057,20,1841,1841:CUB036,female,hand,20260908,1,22.67238999770871,24.09375,26.215398070914528
1841.P15055,20,1841,1841:CUB005,female,hand,20260908,1,22.67238999770871,24.05,26.068997465651258
1841.F06333,23,1841,1841:CUB053,female,head,20260908,1,22.669314589124497,34.1375,28.453644956194754
1841.F06339,20,1841,1841:CUB010,female,head,20260908,1,22.669314589124497,22.875,22.44831789032933
1841.F05680,22,1841,1841:CUB007,female,head,20260908,1,22.669314589124497,26.3625,21.764556891805736
1841.F05683,23,1841,1841:CUB053,female,head,20260908,1,22.669314589124497,28.0,28.23480434310333
10317.000069058,31,10317,10317:198ec54664604b9ea87e10f11a6d8349037bf3b4e018e7fb9998979245d8f2079c24bef91d79183b5ff2e19efdc4c846a59dec7189d1fe7235717e66307e1a72,male,hand,20260908,1,43.808441902552204,35.2125,39.771133689722355
10317.000069051,31,10317,10317:198ec54664604b9ea87e10f11a6d8349037bf3b4e018e7fb9998979245d8f2079c24bef91d79183b5ff2e19efdc4c846a59dec7189d1fe7235717e66307e1a72,male,head,20260908,1,43.06452483822564,37.4125,39.47803628629258
2010.1814,34,2010,2010:17,female,head,20260908,1,26.8081546289343,33.475,26.999473165497626
1841.F06230,55,1841,1841:NAU149,male,head,20260908,1,23.680884375873198,31.3375,22.047507963738127
1841.F05256,21,1841,1841:NAU161,male,head,20260908,1,23.680884375873198,24.2625,20.40592913118716
1841.F05252,55,1841,1841:NAU149,male,head,20260908,1,23.680884375873198,25.65625,21.55649846507951
1841.P15070,20,1841,1841:CUB036,female,hand,20260908,1,22.67238999770871,22.79375,24.98236835117423
1841.P15074,22,1841,1841:CUB004,female,hand,20260908,1,22.67238999770871,28.9,25.99130165209206
1841.F06317,21,1841,1841:CUB012,female,head,20260908,1,22.669314589124497,27.40625,24.67566982558004
1841.F06316,22,1841,1841:CUB007,female,head,20260908,1,22.669314589124497,21.93125,22.80840954415749
1841.P15250,20,1841,1841:CUB010,female,hand,20260908,1,22.67238999770871,25.34375,27.5566960151973
1841.P16286,55,1841,1841:NAU149,male,hand,20260908,1,23.574170609185856,29.0625,23.589422794577867
10317.000046210,26,10317,10317:2cadcc9c9bb4b3018c35f7012a5f45417f5e7d3c5a8205a3e266e3994e6d3a312146e795ee10a538d9dcde6a356e15798fdfc96aea7f23df2c8c505d8bb465a4,female,head,20260908,1,48.675880220932626,38.5125,45.978158530912566
1841.F06127,23,1841,1841:CUB053,female,head,20260908,1,22.669314589124497,25.775,26.49354107996282
1841.F05046,20,1841,1841:NCS210,female,head,20260908,1,22.669314589124497,25.175,23.09611240745795
1841.P15014,20,1841,1841:CUB036,female,hand,20260908,1,22.67238999770871,24.69375,26.40268909327386
1841.P15012,23,1841,1841:CUB053,female,hand,20260908,1,22.67238999770871,24.91875,27.57654818936033
1841.P15010,21,1841,1841:CUB012,female,hand,20260908,1,22.67238999770871,24.0125,25.806314102233493
10317.000063416,36,10317,10317:702fbc8dfcb76217e73344a0a11dd54afca4b678302097929bc6cc1cadce5d5fc80da1e599a9d752eea1f081540d8b89772bcb670f71f2d38a11bdce484be812,female,head,20260908,1,48.675880220932626,40.00625,43.97488965130669
1841.F06372,20,1841,1841:CUB010,female,head,20260908,1,22.669314589124497,27.64375,23.485215791149656
10317.000023059,74,10317,10317:7903469fb68001b987d8ac0d762e78777829661f7bb380ee87598fe94e18cb4f57d8029bf74c2f1db263f07017cfe1291af68c5ba65cfcdfc3998fff8bf67e81,female,head,20260908,1,48.675880220932626,46.55625,47.18895153410429
1841.F05423,21,1841,1841:NAU161,male,head,20260908,1,23.680884375873198,23.325,19.570824043847352
1841.F05425,55,1841,1841:NAU149,male,head,20260908,1,23.680884375873198,30.5875,21.389470125794908
10317.000027763,32,10317,10317:cc923c4395f942a7be06745a9437731d12a282545bc59fe0b238fef4ed14300cab1a65ed16964ba9a8f4c846101d7788077d138343a7acc82f00e6b9375b6efb,male,hand,20260908,1,43.808441902552204,42.09375,44.427287133921745
1841.P15608,22,1841,1841:CUB048,female,hand,20260908,1,22.67238999770871,32.43125,28.05728739880246
1841.P15940,20,1841,1841:CUB036,female,hand,20260908,1,22.67238999770871,22.25,24.25299517218023
1841.F05635,21,1841,1841:CUB012,female,head,20260908,1,22.669314589124497,24.76875,26.330474805645114
1841.F06426,22,1841,1841:CUB007,female,head,20260908,1,22.669314589124497,22.99375,24.321185869040907
1841.F05191,26,1841,1841:NAU146,female,head,20260908,1,22.669314589124497,23.85,22.767824037598242
1841.F05456,55,1841,1841:NAU149,male,head,20260908,1,23.680884375873198,29.625,22.969931147412243
1841.F05858,21,1841,1841:NAU161,male,head,20260908,1,23.680884375873198,23.1,20.40068242365535
1841.F06168,20,1841,1841:CUB036,female,head,20260908,1,22.669314589124497,21.9125,22.67995977486982
1841.P15996,22,1841,1841:CUB007,female,hand,20260908,1,22.67238999770871,25.9625,25.880922051591487
10317.000012183,20,10317,10317:dcec02861cff21f48d1c5f3ed86756b2b4a7b0454ada0eebaf563693a8cb77d2a15532e24b80dea64c7e2834c1e81a8c3544105283aac287a4f258b2e279673f,unknown,head,20260908,1,45.64777250013622,41.2,45.2846118633042
1841.P16503,20,1841,1841:NCS210,female,hand,20260908,1,22.67238999770871,25.4375,26.95389190018884
1841.P16502,20,1841,1841:NCS210,female,hand,20260908,1,22.67238999770871,26.16875,26.013372299820855
1841.F05606,22,1841,1841:CUB048,female,head,20260908,1,22.669314589124497,26.25,23.841419204724236
1841.F05608,23,1841,1841:CUB053,female,head,20260908,1,22.669314589124497,23.825,24.706058630350793
1841.F05461,55,1841,1841:NAU149,male,head,20260908,1,23.680884375873198,30.30625,20.94318434158481
1841.P16196,26,1841,1841:NAU146,female,hand,20260908,1,22.67238999770871,27.7875,27.872394325713618
1841.P16194,26,1841,1841:NAU146,female,hand,20260908,1,22.67238999770871,25.025,27.237474772965978
1841.P16199,21,1841,1841:NAU161,male,hand,20260908,1,23.574170609185856,25.6,21.24910388111357
1841.P16449,20,1841,1841:NCS210,female,hand,20260908,1,22.67238999770871,27.54375,27.14459171817303
1841.P16447,20,1841,1841:NCS210,female,hand,20260908,1,22.67238999770871,25.25,24.961774172319274
2010.3131,31,2010,2010:43,female,head,20260908,1,26.8081546289343,33.1875,27.46917686107878
1841.F05817,20,1841,1841:NAU115,male,head,20260908,1,23.680884375873198,23.05,18.492451768505326
1841.P16526,22,1841,1841:CUB004,female,hand,20260908,1,22.67238999770871,23.05,23.216428803650956
1841.P16522,20,1841,1841:CUB005,female,hand,20260908,1,22.67238999770871,23.98125,24.036455763273352
1841.F06351,20,1841,1841:CUB036,female,head,20260908,1,22.669314589124497,22.68125,23.118763142306417
1841.F06397,22,1841,1841:CUB004,female,head,20260908,1,22.669314589124497,25.13125,24.037401900171638
1841.F06393,22,1841,1841:CUB007,female,head,20260908,1,22.669314589124497,22.5375,22.42558037652732
10317.000002610,56,10317,10317:dd3fbf0f2c96e9182d8538806757f0f2102c6124dfeb04c9fa449391b445968553d59114033b794df4532c7b77765fba1b12c00969628c268640fc23848b7978,female,head,20260908,1,48.675880220932626,47.08125,49.61653523283214
10317.000020708,38,10317,10317:06cf6f63a01f0bbf35a097b00d8e378ca6a8df068d8f99cb73feead69c041664f4cbec9fbc91e7f587844c43d5c16bab7d422b2890e7a2805db632fccecc39a0,female,hand,20260908,1,52.23387611273963,41.3125,44.73253012699778
1841.P15789,21,1841,1841:NAU161,male,hand,20260908,1,23.574170609185856,24.475,20.434209894763825
1841.F05667,22,1841,1841:CUB004,female,head,20260908,1,22.669314589124497,23.00625,21.41612573556764
1841.F05830,26,1841,1841:NAU146,female,head,20260908,1,22.669314589124497,25.45,24.34104501113113
1841.F05623,22,1841,1841:CUB004,female,head,20260908,1,22.669314589124497,28.8625,23.050222211465325
1841.P16013,26,1841,1841:NAU146,female,hand,20260908,1,22.67238999770871,31.63125,28.076988427419323
1841.P16546,22,1841,1841:CUB004,female,hand,20260908,1,22.67238999770871,24.6625,25.379678829725563
1841.P16015,55,1841,1841:NAU149,male,hand,20260908,1,23.574170609185856,26.4375,23.918681448232064
10317.000028935,49,10317,10317:59c5a0dcd9d6d45203241bf0d68b0edca829b4582f84f330ac3af24222033b834f16c878479c24ee630d0f140e43b819dacac90ab05a15289947fda4549dfdec,male,head,20260908,1,43.06452483822564,47.025,46.03612464136112
10317.000015978,66,10317,10317:414c5f35ed69875718a4e654e86d9ae09236801e1b9600a2d4851f548bd46eec37144f9d5a5816365a76c4dcc4550e15afddf35bb18d7f072fece2fae39cd58b,male,hand,20260908,1,43.808441902552204,47.175,48.05489998947225
1841.F06446,21,1841,1841:CUB012,female,head,20260908,1,22.669314589124497,26.60625,25.499112403518033
10317.000015465,69,10317,10317:f468dfbfdc239f0e3bbe1de592c866535d2e70f74b05af2999cd5ac5b39818383c58a904146c605bc773f87fac2da08ddde7d4bedced3110d5c1d3b15657f73e,male,hand,20260908,1,43.808441902552204,42.83125,47.11345399948807
10317.000005431,36,10317,10317:ca094c456996ab8a9ad0f33489c86fed9f280451a6cc84da275911ae7897e6bad66f0f5976a12854a9da9b8e65cc31dc6c689b846ae257ca5841dd6d1296e0ec,unknown,hand,20260908,1,48.10403745363554,41.26875,47.197393227184406
10317.000005430,36,10317,10317:ca094c456996ab8a9ad0f33489c86fed9f280451a6cc84da275911ae7897e6bad66f0f5976a12854a9da9b8e65cc31dc6c689b846ae257ca5841dd6d1296e0ec,unknown,hand,20260908,1,48.10403745363554,41.5125,47.41401240116752
10317.000005432,36,10317,10317:ca094c456996ab8a9ad0f33489c86fed9f280451a6cc84da275911ae7897e6bad66f0f5976a12854a9da9b8e65cc31dc6c689b846ae257ca5841dd6d1296e0ec,unknown,head,20260908,1,45.64777250013622,41.71875,44.10996794663457
1841.F06557,20,1841,1841:CUB010,female,head,20260908,1,22.669314589124497,23.825,22.369426255769206
1841.F06004,20,1841,1841:NCS210,female,head,20260908,1,22.669314589124497,25.225,25.420370885973714
1841.F06484,22,1841,1841:CUB007,female,head,20260908,1,22.669314589124497,23.50625,22.647084030049307
1841.F06481,20,1841,1841:CUB005,female,head,20260908,1,22.669314589124497,23.21875,22.329478143847908
1841.P16568,22,1841,1841:CUB048,female,hand,20260908,1,22.67238999770871,26.85,24.88976156194829
1841.P16563,23,1841,1841:CUB053,female,hand,20260908,1,22.67238999770871,26.9125,26.13626996180709
1841.P16562,22,1841,1841:CUB048,female,hand,20260908,1,22.67238999770871,27.55625,25.335329668702542
1841.P16564,20,1841,1841:CUB005,female,hand,20260908,1,22.67238999770871,22.425,24.89181171011739
10317.000028916,73,10317,10317:f683242e74204128eb6f0c48f059f9cc0f82c39979573e92a85625acbd1daa1c25397a2b8f8904604e543f3f09aaad3960234f5612a616d2bc9c639e9be3e5b9,female,head,20260908,1,48.675880220932626,43.54375,50.026780933512335
1841.F05117,26,1841,1841:NAU146,female,head,20260908,1,22.669314589124497,23.43125,23.016708671268933
1841.P15279,22,1841,1841:CUB007,female,hand,20260908,1,22.67238999770871,24.4,24.714051383591418
10317.000049825,38,10317,10317:810a1cfb40a1b8da310e777113e7a6fa79ef435b2348c768e4213fd5c5dc7e3b2dfebad107eeb75d35a31c7a30a00b8e06c8bf1e32f03c95301328ac8be56fbf,male,hand,20260908,1,43.808441902552204,44.38125,42.887626579424015
1841.P16601,21,1841,1841:CUB012,female,hand,20260908,1,22.67238999770871,23.79375,27.43509199714238
1841.F05569,20,1841,1841:NAU115,male,head,20260908,1,23.680884375873198,21.7875,18.356778364420776
1841.F06345,20,1841,1841:CUB036,female,head,20260908,1,22.669314589124497,22.2,22.135836546056105
1841.F06489,21,1841,1841:CUB012,female,head,20260908,1,22.669314589124497,31.10625,28.84564530064774
1841.F05177,26,1841,1841:NAU146,female,head,20260908,1,22.669314589124497,26.7125,26.17112936554211
10317.000005081,33,10317,10317:a29fd754368cde4d06c428f68fac03a5f07bc4192f8ad6f00b4dead3a90b4f2a07cda53d353c8eebcdf472b25a87cc69592d2bcf0fae7f901a0ee6e9cff063c9,male,hand,20260908,1,43.808441902552204,38.1375,42.778726973368535
10317.000005083,33,10317,10317:a29fd754368cde4d06c428f68fac03a5f07bc4192f8ad6f00b4dead3a90b4f2a07cda53d353c8eebcdf472b25a87cc69592d2bcf0fae7f901a0ee6e9cff063c9,male,hand,20260908,1,43.808441902552204,38.9375,42.53022301203236
1841.F06540,22,1841,1841:CUB004,female,head,20260908,1,22.669314589124497,24.75,21.46686697205562
1841.F06546,22,1841,1841:CUB048,female,head,20260908,1,22.669314589124497,24.8,22.392773905800134
10317.000063152,25,10317,10317:3e74c911b962f0afc2cdf9be99137894321cd28afa86ae9be26bfba86712502c3e8a61b4db55401131c7c041ae071ba253516caa7a7f9fd61b5038eea71d7d41,female,head,20260908,1,48.675880220932626,32.5,33.923203544915026
1841.P15083,21,1841,1841:CUB012,female,hand,20260908,1,22.67238999770871,29.35625,29.648582091250212
10317.000027366,37,10317,10317:482345a32e3a7b9b720d6fdc686fc3e70d753e64e43afd362ef02e1fc5dd37b501623bdb8a16c51af559d1fc8a5f1aea69b6791e90ce65954b3ece776b8e4868,male,hand,20260908,1,43.808441902552204,45.58125,48.337350932159794
1841.P15534,22,1841,1841:NAU116,male,hand,20260908,1,23.574170609185856,24.7875,19.606485662469137
1841.P15537,20,1841,1841:NAU115,male,hand,20260908,1,23.574170609185856,24.3875,21.136684840597916
1841.F05896,26,1841,1841:NAU146,female,head,20260908,1,22.669314589124497,23.15625,24.02935575087305
1841.F05328,19,1841,1841:NCS208,female,head,20260908,1,22.669314589124497,26.00625,24.08753781631983
10317.000041069,31,10317,10317:71e5fd7acb649ca95a67898db0fec25f330aaadd054f9606a2bf895d9748f5f2dbb072b66b2f8cbb341c64bf56f1d46adf1543d0cd7406a94c113f4c63d7e45a,female,hand,20260908,1,52.23387611273963,39.45625,45.98899174156643
1841.P15709,21,1841,1841:NAU161,male,hand,20260908,1,23.574170609185856,23.275,20.789902259251054
10317.000028314,57,10317,10317:22d2760f969511df810ec5b468e81eb97e8822f3d303b2f72a874ee4196f9a705e1460b3be27a0a183fa9f8847872de4f8bf255567a7def57c62e260e4d758f0,male,head,20260908,1,43.06452483822564,39.50625,41.525670544083255
10317.000068998,29,10317,10317:fad8ec3f3e1d0020041ba9c117373e6abfd242b0ece7d768af390422eb907827a7ac8fb22732c500478dcf1ab82bd83ed997d23b1233bce38d043d35edf8f47c,unknown,hand,20260908,1,48.10403745363554,37.575,41.7980640729928
10317.000068991,29,10317,10317:fad8ec3f3e1d0020041ba9c117373e6abfd242b0ece7d768af390422eb907827a7ac8fb22732c500478dcf1ab82bd83ed997d23b1233bce38d043d35edf8f47c,unknown,head,20260908,1,45.64777250013622,44.775,48.09947000791442
1841.P16391,55,1841,1841:NAU149,male,hand,20260908,1,23.574170609185856,29.54375,24.475049873250107
1841.P16507,22,1841,1841:CUB004,female,hand,20260908,1,22.67238999770871,35.65625,34.25987422390335
1841.F06560,20,1841,1841:CUB005,female,head,20260908,1,22.669314589124497,23.475,22.489345686744997
1841.F06564,23,1841,1841:CUB053,female,head,20260908,1,22.669314589124497,22.23125,23.504376405757167
1841.F05523,20,1841,1841:NAU115,male,head,20260908,1,23.680884375873198,24.13125,19.04341427129241
10317.000002296,59,10317,10317:1cdc297c8f2ba505978edaff0ca8a91960f6e37bcadd2d77435d2c65097bb57ad3ff6cc0fa9a2fb4694f352f0371cbd3faae7bad89ff335242858790807507c1,female,hand,20260908,1,52.23387611273963,43.125,50.81100232776934
10317.000063159,25,10317,10317:3e74c911b962f0afc2cdf9be99137894321cd28afa86ae9be26bfba86712502c3e8a61b4db55401131c7c041ae071ba253516caa7a7f9fd61b5038eea71d7d41,female,hand,20260908,1,52.23387611273963,31.4375,39.15353293471409
1841.P15726,55,1841,1841:NAU149,male,hand,20260908,1,23.574170609185856,34.5875,24.136559036417903
1841.F06226,55,1841,1841:NAU149,male,head,20260908,1,23.680884375873198,27.975,21.12835258530545
10317.000003441,50,10317,10317:bd5a894e45bb2eb6713f65d285f8814cb96d0de3ef15bb170f5968bc039588919fa9f9ed4ad18689cb92997342c0e17279efd41f4e2f858e6075291cd2fd04d7,female,hand,20260908,1,52.23387611273963,42.7,46.47045552140757
1841.F06509,22,1841,1841:CUB004,female,head,20260908,1,22.669314589124497,27.3625,26.64698831599847
1841.F06507,22,1841,1841:CUB007,female,head,20260908,1,22.669314589124497,21.79375,22.06459362773135
1841.F06505,20,1841,1841:CUB010,female,head,20260908,1,22.669314589124497,23.53125,22.715766354540598
10317.000069135,34,10317,10317:2fe8dc51162640ecda81c266c7b13a12fa0b362550125c042231ebf311ae65b5597119ff4c21bc3e0d2daf7c54569db93c6d59b2cd8c7abd7c7e43d806b66718,male,head,20260908,1,43.06452483822564,39.8125,40.031954839837866
1841.P15570,20,1841,1841:NAU115,male,hand,20260908,1,23.574170609185856,23.675,20.653661215633793
1841.F05056,21,1841,1841:NAU161,male,head,20260908,1,23.680884375873198,24.7875,19.787012559417885
10317.000020406,21,10317,10317:067f46a4c1905f4c5da538e403fcc7d5af159a01e7cf12222f38ba20baa75d47585bf073da073889ebf123e47d4d51985f22c2591db7d64cd298c3fefa779aaa,female,head,20260908,1,48.675880220932626,35.13125,41.554387686718066
10317.000063291,29,10317,10317:c78075767b35e039a0b606f8a727e3fc3e2823715abe6a1c7c9956e664a6ff667e1ed5a2426907b56b3a7776221005afb7b5f38d5a651d25074abdbea76cec2f,male,hand,20260908,1,43.808441902552204,42.53125,39.892139025372614
1841.P15963,20,1841,1841:CUB010,female,hand,20260908,1,22.67238999770871,24.25,25.358193843361196
1841.P15960,20,1841,1841:CUB036,female,hand,20260908,1,22.67238999770871,21.825,23.021492139441456
1841.P15740,55,1841,1841:NAU149,male,hand,20260908,1,23.574170609185856,27.8875,23.831474159241786
10317.000035234,69,10317,10317:f468dfbfdc239f0e3bbe1de592c866535d2e70f74b05af2999cd5ac5b39818383c58a904146c605bc773f87fac2da08ddde7d4bedced3110d5c1d3b15657f73e,male,head,20260908,1,43.06452483822564,45.30625,45.060915153881595
1841.F06243,55,1841,1841:NAU149,male,head,20260908,1,23.680884375873198,31.275,23.862253027738635
10317.000049905,69,10317,10317:f468dfbfdc239f0e3bbe1de592c866535d2e70f74b05af2999cd5ac5b39818383c58a904146c605bc773f87fac2da08ddde7d4bedced3110d5c1d3b15657f73e,male,hand,20260908,1,43.808441902552204,45.90625,42.91111678473479
10317.000063219,34,10317,10317:a392cbf64e250298f990fe6714ca17e38472972feee9471db99da4dfcfd1fe8b106d9ec41e004081362ba7728e8ac7a9d25f3b658d31bc856798d1c4eabb81c0,male,hand,20260908,1,43.808441902552204,36.09375,41.04686478857917
1841.F05267,26,1841,1841:NAU146,female,head,20260908,1,22.669314589124497,23.4375,21.91677201978983
1841.F05894,20,1841,1841:NAU115,male,head,20260908,1,23.680884375873198,22.86875,20.47738745662801
1841.P16556,23,1841,1841:CUB053,female,hand,20260908,1,22.67238999770871,23.63125,25.283135580371614
1841.F06523,22,1841,1841:CUB007,female,head,20260908,1,22.669314589124497,23.7125,23.560533853371194
1841.F06529,22,1841,1841:CUB004,female,head,20260908,1,22.669314589124497,26.15,22.788541310346567
1841.P15085,20,1841,1841:CUB005,female,hand,20260908,1,22.67238999770871,24.86875,25.99424778583756
1841.P15080,20,1841,1841:CUB010,female,hand,20260908,1,22.67238999770871,22.54375,25.08669880122622
1841.P15226,20,1841,1841:CUB036,female,hand,20260908,1,22.67238999770871,25.94375,26.37544512592104
1841.P15229,21,1841,1841:CUB012,female,hand,20260908,1,22.67238999770871,26.3875,26.489167659262005
1841.P15413,20,1841,1841:NCS210,female,hand,20260908,1,22.67238999770871,23.46875,25.327113887299255
1841.F05604,20,1841,1841:CUB036,female,head,20260908,1,22.669314589124497,23.425,24.36960244589891
1841.P16339,55,1841,1841:NAU149,male,hand,20260908,1,23.574170609185856,30.275,24.335796075816045
1841.P16445,21,1841,1841:NAU161,male,hand,20260908,1,23.574170609185856,23.2625,22.181674063666915
1841.F06574,22,1841,1841:CUB048,female,head,20260908,1,22.669314589124497,26.98125,25.021311614141926
1841.P15206,20,1841,1841:CUB036,female,hand,20260908,1,22.67238999770871,23.2375,24.235148522034777
1841.P15202,20,1841,1841:CUB036,female,hand,20260908,1,22.67238999770871,25.53125,26.131872051309383
1841.P15208,22,1841,1841:CUB048,female,hand,20260908,1,22.67238999770871,27.01875,26.276869465084058
10317.000015217,46,10317,10317:dd55969d0664a6b5a0188fc460aa56c9db31fb38d59b1bc6cab8778141628932862c52634d68f1f637d42f51131e7fa48bfb164ddc9f18e878a3cf6cc8bb0a20,female,hand,20260908,1,52.23387611273963,46.69375,50.03113757987778
10317.000015216,46,10317,10317:dd55969d0664a6b5a0188fc460aa56c9db31fb38d59b1bc6cab8778141628932862c52634d68f1f637d42f51131e7fa48bfb164ddc9f18e878a3cf6cc8bb0a20,female,hand,20260908,1,52.23387611273963,47.80625,52.40472563321837
10317.000015219,46,10317,10317:dd55969d0664a6b5a0188fc460aa56c9db31fb38d59b1bc6cab8778141628932862c52634d68f1f637d42f51131e7fa48bfb164ddc9f18e878a3cf6cc8bb0a20,female,head,20260908,1,48.675880220932626,43.625,47.89348568689365
1841.P16165,55,1841,1841:NAU149,male,hand,20260908,1,23.574170609185856,26.56875,23.962766897753024
10317.000069082,22,10317,10317:62da411fb1daa598c9de6fec6d4999096c07c935e32acd264bd45573737d7ca012c560ebc6a3ff42a617cdb54d7d364fb719fc379b15ab5e772bbf3a7356dbde,female,hand,20260908,1,52.23387611273963,36.56875,42.098903990095444
1841.P15926,21,1841,1841:CUB012,female,hand,20260908,1,22.67238999770871,25.06875,25.801761110947677
1841.P15920,22,1841,1841:CUB004,female,hand,20260908,1,22.67238999770871,24.63125,23.772815789028925
1841.F06288,55,1841,1841:NAU149,male,head,20260908,1,23.680884375873198,33.61875,25.47681027386939
1841.F06282,55,1841,1841:NAU149,male,head,20260908,1,23.680884375873198,29.54375,21.66852945612925
1841.F06287,21,1841,1841:NAU161,male,head,20260908,1,23.680884375873198,25.7125,20.414773519505
10317.000005289,69,10317,10317:f468dfbfdc239f0e3bbe1de592c866535d2e70f74b05af2999cd5ac5b39818383c58a904146c605bc773f87fac2da08ddde7d4bedced3110d5c1d3b15657f73e,male,head,20260908,1,43.06452483822564,44.8375,45.09437635972002
1841.P16318,26,1841,1841:NAU146,female,hand,20260908,1,22.67238999770871,28.425,25.993575446242453
1841.P16319,26,1841,1841:NAU146,female,hand,20260908,1,22.67238999770871,27.8,25.01490251139489
10317.000015015,41,10317,10317:ce1fd98484e30049ab6a9f362cff6bacde2a68b949d54142b56fe830f015c8ec656e789dfe4d793ec0abc652ccb025d8f245a86aa12b68a7664f1f34156f22d4,male,head,20260908,1,43.06452483822564,47.41875,46.835626274058264
1841.F06342,22,1841,1841:CUB048,female,head,20260908,1,22.669314589124497,26.23125,24.163215098934106
1841.P15041,22,1841,1841:CUB007,female,hand,20260908,1,22.67238999770871,22.4125,24.286468798089896
1841.P15268,22,1841,1841:CUB048,female,hand,20260908,1,22.67238999770871,25.40625,24.267074828329484
1841.P15597,21,1841,1841:NAU113,female,hand,20260908,1,22.67238999770871,24.35,24.614729851602487
1841.P15262,20,1841,1841:CUB005,female,hand,20260908,1,22.67238999770871,23.81875,26.824525031957876
1841.P16092,26,1841,1841:NAU146,female,hand,20260908,1,22.67238999770871,26.79375,24.365772161253474
1841.F05697,22,1841,1841:CUB048,female,head,20260908,1,22.669314589124497,26.30625,24.505450771883606
1841.F05694,20,1841,1841:CUB005,female,head,20260908,1,22.669314589124497,26.53125,27.18016550372905
1841.P16100,26,1841,1841:NAU146,female,hand,20260908,1,22.67238999770871,22.5625,24.614161321793727
1841.P15672,20,1841,1841:CUB036,female,hand,20260908,1,22.67238999770871,23.0875,25.092949332532754
1841.F05206,26,1841,1841:NAU146,female,head,20260908,1,22.669314589124497,24.7875,24.674894770324084
1841.F05202,21,1841,1841:NAU161,male,head,20260908,1,23.680884375873198,25.025,21.458009864785595
1841.P16373,20,1841,1841:NAU128,female,hand,20260908,1,22.67238999770871,26.5875,26.18494306859802
1841.P16378,20,1841,1841:NAU115,male,hand,20260908,1,23.574170609185856,22.5625,20.445756422726394
1841.P16596,20,1841,1841:CUB005,female,hand,20260908,1,22.67238999770871,23.58125,25.356676533116257
1841.P16597,22,1841,1841:CUB004,female,hand,20260908,1,22.67238999770871,28.78125,25.180071242227328
1841.P16595,20,1841,1841:CUB010,female,hand,20260908,1,22.67238999770871,24.06875,23.719983508593142
1841.P16598,22,1841,1841:CUB048,female,hand,20260908,1,22.67238999770871,27.6125,25.29084205264876
1841.F06015,20,1841,1841:NCS210,female,head,20260908,1,22.669314589124497,23.7375,24.085796767679273
1841.P15068,22,1841,1841:CUB048,female,hand,20260908,1,22.67238999770871,30.0875,25.594667509539192
1841.P15067,22,1841,1841:CUB007,female,hand,20260908,1,22.67238999770871,26.59375,25.844819796172303
1841.P15066,23,1841,1841:CUB053,female,hand,20260908,1,22.67238999770871,25.725,25.918543676851304
1841.P15240,21,1841,1841:CUB012,female,hand,20260908,1,22.67238999770871,26.1125,27.84331956272287
1841.F06297,55,1841,1841:NAU149,male,head,20260908,1,23.680884375873198,26.50625,23.11259965253909
1841.P15264,22,1841,1841:CUB004,female,hand,20260908,1,22.67238999770871,24.025,23.0468864049232
1841.P16298,55,1841,1841:NAU149,male,hand,20260908,1,23.574170609185856,32.425,26.10951570246525
1841.P16295,55,1841,1841:NAU149,male,hand,20260908,1,23.574170609185856,27.93125,23.282776977324307
1841.P16294,21,1841,1841:NAU161,male,hand,20260908,1,23.574170609185856,23.58125,22.116775596929294
10317.000063212,34,10317,10317:a392cbf64e250298f990fe6714ca17e38472972feee9471db99da4dfcfd1fe8b106d9ec41e004081362ba7728e8ac7a9d25f3b658d31bc856798d1c4eabb81c0,male,head,20260908,1,43.06452483822564,34.88125,39.77854669501789
2010.1803,34,2010,2010:17,female,head,20260908,1,26.8081546289343,36.23125,28.530689574706884
1841.P16034,21,1841,1841:NAU161,male,hand,20260908,1,23.574170609185856,24.175,22.01726216930313
10317.000009042,46,10317,10317:df6f20fb4f08ca5e4d0752d216fd11416c51dcc4d2843a31934d166a9e80964e8a8ebaa924df11dde7c18ceb71cdaa8a5809afe436eae6c92ebcf896c5c92b64,female,hand,20260908,1,52.23387611273963,43.225,48.51852177626954
1841.F05439,21,1841,1841:NAU161,male,head,20260908,1,23.680884375873198,24.41875,19.357665476264724
1841.F06323,22,1841,1841:CUB004,female,head,20260908,1,22.669314589124497,28.0375,22.10510425984344
1841.P15634,23,1841,1841:CUB053,female,hand,20260908,1,22.67238999770871,22.20625,24.314947346883507
10317.000072315,42,10317,10317:0cded5ec882014d599e408a086631081c42e2f070234c9e90d7244cf5e39d7d4150b713faf80aed64afaf4dd8ff14b76e9e204f93500060792828269add5de56,female,head,20260908,1,48.675880220932626,42.48125,45.9202417517805
10317.000079831,38,10317,10317:14023540704b6bc088ad4121fb1e4bb829db0af84dceeb6083083578533680a085ce6473901b2aa79e3843299e1ef69adfd4af41442ee2e3ba1981a43c5fea09,female,head,20260908,1,48.675880220932626,38.05625,43.67395775725387
1841.P15342,20,1841,1841:NCS210,female,hand,20260908,1,22.67238999770871,27.54375,26.080833782861582
1841.P15022,20,1841,1841:CUB010,female,hand,20260908,1,22.67238999770871,23.30625,24.003856071954576
1841.P15024,22,1841,1841:CUB048,female,hand,20260908,1,22.67238999770871,29.81875,25.1487286237567
1841.F06365,20,1841,1841:CUB005,female,head,20260908,1,22.669314589124497,23.9375,23.23381901613354
1841.F06360,22,1841,1841:CUB007,female,head,20260908,1,22.669314589124497,23.4,21.62448332828844
1841.P15284,23,1841,1841:CUB053,female,hand,20260908,1,22.67238999770871,31.4375,29.38413577145928
10317.000005290,69,10317,10317:f468dfbfdc239f0e3bbe1de592c866535d2e70f74b05af2999cd5ac5b39818383c58a904146c605bc773f87fac2da08ddde7d4bedced3110d5c1d3b15657f73e,male,hand,20260908,1,43.808441902552204,43.3375,46.668322057825854
1841.F06466,22,1841,1841:CUB048,female,head,20260908,1,22.669314589124497,26.88125,25.089717883587962
1841.F05630,20,1841,1841:CUB005,female,head,20260908,1,22.669314589124497,22.4625,22.957120851317093
10317.000015293,29,10317,10317:fac33038e7fdc9cea92cfafa3a1c3f21658eba746fdc582552dc90cf29de5130fdb07560083b3745b42ab1b35c0098ade96b984095fd4c6ab41f086f38fdf732,male,head,20260908,1,43.06452483822564,42.10625,42.8242292707596
10317.000015292,29,10317,10317:fac33038e7fdc9cea92cfafa3a1c3f21658eba746fdc582552dc90cf29de5130fdb07560083b3745b42ab1b35c0098ade96b984095fd4c6ab41f086f38fdf732,male,hand,20260908,1,43.808441902552204,39.5625,43.30359280947584
10317.000015291,29,10317,10317:fac33038e7fdc9cea92cfafa3a1c3f21658eba746fdc582552dc90cf29de5130fdb07560083b3745b42ab1b35c0098ade96b984095fd4c6ab41f086f38fdf732,male,hand,20260908,1,43.808441902552204,44.675,45.23200071169137
1841.F05636,22,1841,1841:CUB007,female,head,20260908,1,22.669314589124497,22.95625,23.097766995782067
1841.P16253,26,1841,1841:NAU146,female,hand,20260908,1,22.67238999770871,24.1375,24.078214660409063
10317.000035236,69,10317,10317:f468dfbfdc239f0e3bbe1de592c866535d2e70f74b05af2999cd5ac5b39818383c58a904146c605bc773f87fac2da08ddde7d4bedced3110d5c1d3b15657f73e,male,hand,20260908,1,43.808441902552204,46.275,48.46154769346935
10317.000015463,69,10317,10317:f468dfbfdc239f0e3bbe1de592c866535d2e70f74b05af2999cd5ac5b39818383c58a904146c605bc773f87fac2da08ddde7d4bedced3110d5c1d3b15657f73e,male,head,20260908,1,43.06452483822564,43.825,40.63274565602982
10317.000015464,69,10317,10317:f468dfbfdc239f0e3bbe1de592c866535d2e70f74b05af2999cd5ac5b39818383c58a904146c605bc773f87fac2da08ddde7d4bedced3110d5c1d3b15657f73e,male,hand,20260908,1,43.808441902552204,42.53125,45.79074461176738
1841.F06346,21,1841,1841:CUB012,female,head,20260908,1,22.669314589124497,26.125,25.742679157179882
10317.000063422,36,10317,10317:702fbc8dfcb76217e73344a0a11dd54afca4b678302097929bc6cc1cadce5d5fc80da1e599a9d752eea1f081540d8b89772bcb670f71f2d38a11bdce484be812,female,hand,20260908,1,52.23387611273963,42.1625,45.98583241712174
1841.F05612,20,1841,1841:CUB005,female,head,20260908,1,22.669314589124497,25.99375,25.32546078277964
1841.F05611,20,1841,1841:CUB036,female,head,20260908,1,22.669314589124497,23.8625,24.469489074920865
10317.000027250,26,10317,10317:35ad3a0f8be46af7197f78a77d7f387c0c7eaf6f1a077f0e0176fc9111103db539f114ea70834449cb5b086a49f41113f54c36fb5bbd31c5afcbf0a1d618fe92,male,head,20260908,1,43.06452483822564,42.11875,41.25952364583234
1841.F05640,20,1841,1841:CUB036,female,head,20260908,1,22.669314589124497,24.91875,24.605409494545803
1841.P15988,21,1841,1841:CUB012,female,hand,20260908,1,22.67238999770871,25.6,25.644017365414058
1841.P15989,22,1841,1841:CUB004,female,hand,20260908,1,22.67238999770871,25.175,23.769149656476685
1841.P15981,22,1841,1841:CUB007,female,hand,20260908,1,22.67238999770871,23.91875,25.28847505055163
10317.000036125,42,10317,10317:a1cd5635deef381a3388b606e82458a3d030c613a5d1605e912e298677c648fec4c0630fde5c78738c54d9c48767cbe35d882d96bb7fe8a5bb995fbff088cd25,female,head,20260908,1,48.675880220932626,40.8875,46.49189026405619
1841.P16519,22,1841,1841:CUB007,female,hand,20260908,1,22.67238999770871,23.1625,24.63615648342638
1841.P16510,20,1841,1841:CUB005,female,hand,20260908,1,22.67238999770871,23.75,25.136344123822845
1841.P16516,21,1841,1841:CUB012,female,hand,20260908,1,22.67238999770871,23.15625,25.358986716273808
1841.F06419,20,1841,1841:CUB036,female,head,20260908,1,22.669314589124497,23.1625,24.239610411627854
1841.F06410,21,1841,1841:CUB012,female,head,20260908,1,22.669314589124497,27.04375,27.243984818622703
1841.F06411,22,1841,1841:CUB048,female,head,20260908,1,22.669314589124497,26.11875,23.587416873208916
1841.F06412,23,1841,1841:CUB053,female,head,20260908,1,22.669314589124497,23.60625,25.011378318452586
1841.F06417,20,1841,1841:CUB010,female,head,20260908,1,22.669314589124497,24.20625,23.229175176646436
1841.F06511,20,1841,1841:CUB005,female,head,20260908,1,22.669314589124497,24.21875,23.912993843733297
10317.000005654,35,10317,10317:8606c4dd2d9371a4b109521ba900732b745ba94bf06c0047a2b8189bb5e157e1f6bcb5d5ed855b3e972841afb6a38ae24f88d3995e2f6c362286bd69d07c83ed,female,hand,20260908,1,52.23387611273963,37.8125,46.55422435393983
10317.000005657,35,10317,10317:8606c4dd2d9371a4b109521ba900732b745ba94bf06c0047a2b8189bb5e157e1f6bcb5d5ed855b3e972841afb6a38ae24f88d3995e2f6c362286bd69d07c83ed,female,head,20260908,1,48.675880220932626,39.5375,44.95217318745339
10317.000005656,35,10317,10317:8606c4dd2d9371a4b109521ba900732b745ba94bf06c0047a2b8189bb5e157e1f6bcb5d5ed855b3e972841afb6a38ae24f88d3995e2f6c362286bd69d07c83ed,female,hand,20260908,1,52.23387611273963,39.89375,48.27052118791891
1841.F05502,20,1841,1841:CUB010,female,head,20260908,1,22.669314589124497,22.14375,22.543437986223637
1841.P16530,20,1841,1841:CUB010,female,hand,20260908,1,22.67238999770871,23.325,24.41486998500476
1841.P15424,19,1841,1841:NCS208,female,hand,20260908,1,22.67238999770871,23.725,25.053997495551567
1841.P16215,55,1841,1841:NAU149,male,hand,20260908,1,23.574170609185856,28.15,22.843661404367364
1841.P16212,20,1841,1841:NAU115,male,hand,20260908,1,23.574170609185856,24.375,20.29281018613391
1841.P16219,55,1841,1841:NAU149,male,hand,20260908,1,23.574170609185856,29.85625,24.5070806583357
1841.F05490,21,1841,1841:NAU161,male,head,20260908,1,23.680884375873198,23.50625,18.68449834055058
1841.P15231,22,1841,1841:CUB004,female,hand,20260908,1,22.67238999770871,28.55625,24.975487091582572
1841.F06062,20,1841,1841:NCS210,female,head,20260908,1,22.669314589124497,25.88125,23.281699489875198
1841.P15306,20,1841,1841:NCS210,female,hand,20260908,1,22.67238999770871,23.68125,24.44398849355342
2010.3105,31,2010,2010:43,female,head,20260908,1,26.8081546289343,36.93125,28.59940988606096
1841.F05806,20,1841,1841:NAU128,female,head,20260908,1,22.669314589124497,24.825,23.497607410260994
1841.P16533,22,1841,1841:CUB007,female,hand,20260908,1,22.67238999770871,27.9375,30.200394567477954
1841.F06476,23,1841,1841:CUB056,male,head,20260908,2,24.587762854513876,22.75,21.954453987600452
10317.000087026,50,10317,10317:9556b26ba73292c840427f56d0913d9372bd8a0285daab53c83800b8972dbbba507f9182b997a497c8a055076429cf80e4a5a7c313c7b1a6d508774a769bb61d,male,hand,20260908,2,42.764722495109005,44.8125,45.53339286470656
1841.F06384,21,1841,1841:CUB038,female,head,20260908,2,22.25699997181762,22.48125,21.101706625397508
1841.P16499,23,1841,1841:NCS244,female,hand,20260908,2,22.346810363019458,24.48125,24.120551071638793
1841.P15145,19,1841,1841:NCS233,male,hand,20260908,2,24.606661263900413,23.5625,21.59632239415319
2010.1953,32,2010,2010:19,female,head,20260908,2,27.765604629779993,42.3,31.8439717429238
1841.P16345,25,1841,1841:NAU157,male,hand,20260908,2,24.606661263900413,28.51875,26.482310962640863
1841.F05350,21,1841,1841:NCS247,unknown,head,20260908,2,23.527221760286743,25.40625,18.122717953440418
1841.F05820,30,1841,1841:NAU108,female,head,20260908,2,22.25699997181762,37.1375,23.843434667773856
1841.F05828,32,1841,1841:NAU102,unknown,head,20260908,2,23.527221760286743,22.54375,19.670439505889693
10317.000005565,53,10317,10317:2bbbda8f68f57e1c57d3e97ada9c16a61165e5a3a31f556df77429e4efca7c8de4a4dd989152a974f15603348945abd6a2335caec0d3d6fe9e7136e3865909bc,male,hand,20260908,2,42.764722495109005,47.25625,49.52155903868257
10317.000005564,53,10317,10317:2bbbda8f68f57e1c57d3e97ada9c16a61165e5a3a31f556df77429e4efca7c8de4a4dd989152a974f15603348945abd6a2335caec0d3d6fe9e7136e3865909bc,male,head,20260908,2,42.641703159939524,43.16875,42.81641671855857
10317.000005566,53,10317,10317:2bbbda8f68f57e1c57d3e97ada9c16a61165e5a3a31f556df77429e4efca7c8de4a4dd989152a974f15603348945abd6a2335caec0d3d6fe9e7136e3865909bc,male,hand,20260908,2,42.764722495109005,43.6125,46.20931557997614
1841.P16554,20,1841,1841:CUB037,female,hand,20260908,2,22.346810363019458,23.39375,26.116515278674953
1841.P15125,19,1841,1841:NCS233,male,hand,20260908,2,24.606661263900413,25.875,21.041175552311653
10317.000023128,41,10317,10317:d05b6995db48f6c9db978b1b5ca6e64fdb449b3a00c92813c529766f03bd685a588b170ad83cf571cc7835590556a3954f74f0426fa772dd2e7a9a365c327784,male,head,20260908,2,42.641703159939524,46.8,47.38820497040248
1841.F05373,19,1841,1841:NCS233,male,head,20260908,2,24.587762854513876,22.3625,20.143429198703224
1841.F06504,20,1841,1841:CUB037,female,head,20260908,2,22.25699997181762,22.53125,23.760752524713606
1841.P16543,21,1841,1841:CUB020,female,hand,20260908,2,22.346810363019458,28.4,24.56864456142489
1841.P15972,21,1841,1841:CUB038,female,hand,20260908,2,22.346810363019458,24.625,24.107198293698104
1841.F06006,21,1841,1841:NCS229,male,head,20260908,2,24.587762854513876,23.55,23.07410944898221
1841.F06232,25,1841,1841:NAU157,male,head,20260908,2,24.587762854513876,24.14375,20.06048646903759
1841.F05409,22,1841,1841:NAU133,male,head,20260908,2,24.587762854513876,27.9875,22.69011827550243
1841.F06494,21,1841,1841:CUB038,female,head,20260908,2,22.25699997181762,23.25,22.0420489392809
1841.P15719,22,1841,1841:NAU133,male,hand,20260908,2,24.606661263900413,28.0,20.698850271590924
1841.P16380,30,1841,1841:NAU108,female,hand,20260908,2,22.346810363019458,24.2875,25.404747415621213
1841.F05507,25,1841,1841:NAU157,male,head,20260908,2,24.587762854513876,24.075,22.298172509793588
1841.F06573,21,1841,1841:CUB038,female,head,20260908,2,22.25699997181762,21.725,21.77288992521776
1841.F05086,23,1841,1841:NCS244,female,head,20260908,2,22.25699997181762,23.45,22.84097186502907
1841.P15528,20,1841,1841:NAU141,female,hand,20260908,2,22.346810363019458,24.6125,25.89379706968607
10317.000014492,38,10317,10317:8167c948b0e4857e3fbff706939d373dfab22f6bc351971e2c12e88b854e32580973e05481786c5d02d11e4a9e8f81f300e8ce5b8120172a96b4e37d555a8c90,male,head,20260908,2,42.641703159939524,41.18125,41.837923182570805
1841.F05881,25,1841,1841:NAU157,male,head,20260908,2,24.587762854513876,23.475,21.014364216493973
10317.000041057,33,10317,10317:cc7a72730c7716b41648ac90728f72eb759bd32caaa07b60e4db721abd907a2e38b19314c602ce3a7b19a7634037bd360e4d54c532513a267152129589e536de,male,hand,20260908,2,42.764722495109005,38.7875,41.995506379874094
1841.F06461,20,1841,1841:CUB037,female,head,20260908,2,22.25699997181762,23.25625,21.486871899281596
10317.000003105,30,10317,10317:5917a22ca19367d0c27accc713d8781a073c9c1934d011ac6932648afb15315a7093a032134132de091a4406951dc0cf1616e1458c99936fe5356f19385255c0,male,head,20260908,2,42.641703159939524,41.76875,45.12658337904511
1841.P16473,19,1841,1841:NCS233,male,hand,20260908,2,24.606661263900413,25.475,22.02123521187189
1841.P15731,22,1841,1841:NAU133,male,hand,20260908,2,24.606661263900413,24.375,21.86495628557002
10317.000010809,63,10317,10317:4f1f526cf557e60e9ce5eb0de9d3dd98225fb7747813f64b3d82c6051d735e3b82dfb7abb4f089fb6d86848d907502d663cb4d69dad26574b00e58d0fc884610,male,head,20260908,2,42.641703159939524,42.0,45.19633755446163
2010.2255,22,2010,2010:27,female,head,20260908,2,27.765604629779993,38.78125,28.454581701433266
1841.P15505,22,1841,1841:NAU137,female,hand,20260908,2,22.346810363019458,21.88125,24.704289986201616
1841.P15507,32,1841,1841:NAU102,unknown,hand,20260908,2,23.61737663369226,23.075,19.56061445197062
1841.F05537,30,1841,1841:NAU108,female,head,20260908,2,22.25699997181762,25.36875,25.105871568483487
1841.F05531,20,1841,1841:NAU141,female,head,20260908,2,22.25699997181762,23.95,21.64543280322898
1841.P16088,22,1841,1841:NAU133,male,hand,20260908,2,24.606661263900413,27.5,25.865177154440126
1841.P16081,22,1841,1841:NAU137,female,hand,20260908,2,22.346810363019458,22.14375,22.911165768696062
10317.000048369,30,10317,10317:0c2dd9543685a21b0e6e26055bb6623e91dd2d77a34a450a1f4c666e6c8726990361f37c3c84c16b86b8d7ac7ac715d380ccc2006772a5e62b5bda6c41b96f13,male,head,20260908,2,42.641703159939524,36.94375,40.4414710902189
2010.1288,34,2010,2010:5,female,head,20260908,2,27.765604629779993,38.6,29.445558959862275
1841.P15753,22,1841,1841:NAU137,female,hand,20260908,2,22.346810363019458,23.03125,24.086016404151074
10317.000015381,34,10317,10317:88f4fbcf0ceb456e7f8e8447af039f0dc2670ad52972600d23a04b60152370409f6b57086023803ce52591376f998806f80e260d50d06764bbb66d26d1b5553e,female,hand,20260908,2,48.65196302032109,39.8875,44.47207089493512
10317.000015383,34,10317,10317:88f4fbcf0ceb456e7f8e8447af039f0dc2670ad52972600d23a04b60152370409f6b57086023803ce52591376f998806f80e260d50d06764bbb66d26d1b5553e,female,head,20260908,2,47.33922734033347,37.9125,43.58161294905952
10317.000015382,34,10317,10317:88f4fbcf0ceb456e7f8e8447af039f0dc2670ad52972600d23a04b60152370409f6b57086023803ce52591376f998806f80e260d50d06764bbb66d26d1b5553e,female,hand,20260908,2,48.65196302032109,41.48125,45.91678888023961
1841.P16475,23,1841,1841:NCS244,female,hand,20260908,2,22.346810363019458,22.3,22.91743406893314
1841.F06536,20,1841,1841:CUB037,female,head,20260908,2,22.25699997181762,22.325,21.554220277891634
10317.000008202,47,10317,10317:7cc5c069db6eab6ca70adb3c38c792d60541ae6bc238d37452ba179cd855f4eef887ff1ee7a82c8e3ed38d80f5ec6216acf1971f02f4a9426720ed8515710296,male,head,20260908,2,42.641703159939524,43.78125,45.01802525712487
10317.000015186,26,10317,10317:cb8ea224a3bb7ef53bf08da62860c079b5996441cbbb6ef11fbe09454172198e57a65569937d0e57c98a2327cfe4b04a55969cdda8eed8fc5f998c2468e4920a,male,hand,20260908,2,42.764722495109005,39.625,40.96134285708195
10317.000015188,26,10317,10317:cb8ea224a3bb7ef53bf08da62860c079b5996441cbbb6ef11fbe09454172198e57a65569937d0e57c98a2327cfe4b04a55969cdda8eed8fc5f998c2468e4920a,male,head,20260908,2,42.641703159939524,40.71875,39.502809059237535
1841.F06252,22,1841,1841:NAU137,female,head,20260908,2,22.25699997181762,22.7875,21.71493609731015
1841.F06093,23,1841,1841:NCS244,female,head,20260908,2,22.25699997181762,25.0625,22.419474698485416
1841.P16329,30,1841,1841:NAU108,female,hand,20260908,2,22.346810363019458,22.05,24.507517092130144
1841.P16328,30,1841,1841:NAU108,female,hand,20260908,2,22.346810363019458,41.18125,25.471789118478952
1841.P16321,25,1841,1841:NAU157,male,hand,20260908,2,24.606661263900413,22.64375,21.548540775849318
1841.P16327,32,1841,1841:NAU102,unknown,hand,20260908,2,23.61737663369226,28.79375,20.815584918334423
1841.F05512,32,1841,1841:NAU102,unknown,head,20260908,2,23.527221760286743,25.11875,18.944523872273674
10317.000066848,27,10317,10317:73bf3573928ab6f8e0dbef1783c99aa8c96f8a341909051dbaaf5e003778464fdf40cee56b971bea2c557859ebdc3351dddc89230df6458726716c8fe13e3583,female,head,20260908,2,47.33922734033347,37.11875,39.38701006359768
1841.F06299,22,1841,1841:NAU133,male,head,20260908,2,24.587762854513876,24.7625,19.74905877460262
10317.000022099,41,10317,10317:e4503538e12701b45b371c7ed670bd3ae6eba6dbfd41e21b14c030e3e6c626aaaf69513c82f4fb7a3e531ea834a73f16c57799fb90f66a9da07d8b3b8dc4b486,male,head,20260908,2,42.641703159939524,43.85625,47.56437582544936
1841.P15095,23,1841,1841:CUB056,male,hand,20260908,2,24.606661263900413,24.13125,23.42710702829565
1841.P15092,23,1841,1841:CUB056,male,hand,20260908,2,24.606661263900413,26.49375,23.50205291461343
1841.P15549,30,1841,1841:NAU108,female,hand,20260908,2,22.346810363019458,25.56875,25.069318542764563
1841.F05937,19,1841,1841:NCS233,male,head,20260908,2,24.587762854513876,22.18125,21.179660198023413
1841.P16158,22,1841,1841:NAU133,male,hand,20260908,2,24.606661263900413,27.34375,23.953814846991573
2010.1462,34,2010,2010:5,female,head,20260908,2,27.765604629779993,38.78125,29.959577088779284
1841.F05232,25,1841,1841:NAU157,male,head,20260908,2,24.587762854513876,27.45625,19.71391596579418
2010.1851,32,2010,2010:19,female,head,20260908,2,27.765604629779993,46.85,32.855618215286
10317.000003535,46,10317,10317:4aa35b33ec066f163b8daeb1b8200f17ece0f58ed4de27fc1acf828c8864cb5dfb93c989fb4315cfe8721c8eed0e468a5da3102ea9bc9c107e0b214c031f5e1d,female,hand,20260908,2,48.65196302032109,42.36875,45.09770171811838
10317.000049833,61,10317,10317:d37889cdecdba46fdb19bb31c950ed36c9b3a1da31fbac08e9ee2ff35bc8af2ce5a4b24631b63e876500eb54df716ba82caddd429a437e61d996dab1bd51de32,female,hand,20260908,2,48.65196302032109,39.18125,46.43170893573325
2010.2229,22,2010,2010:29,female,head,20260908,2,27.765604629779993,36.7125,27.910802228209697
1841.P15211,20,1841,1841:CUB037,female,hand,20260908,2,22.346810363019458,24.0625,24.186124963109343
1841.P15217,20,1841,1841:CUB037,female,hand,20260908,2,22.346810363019458,22.6,22.61365952829966
2010.2149,22,2010,2010:27,female,head,20260908,2,27.765604629779993,39.18125,27.60345378513623
1841.F05910,19,1841,1841:NCS233,male,head,20260908,2,24.587762854513876,23.25625,21.953315362281177
1841.P16170,22,1841,1841:NAU137,female,hand,20260908,2,22.346810363019458,22.3,22.483175752842143
1841.P16173,25,1841,1841:NAU157,male,hand,20260908,2,24.606661263900413,31.325,29.60768676638034
10317.000063243,31,10317,10317:9a6b1d64174bf2de76973d430737df42a6c1d222167a33cad37332ade7aaba03e2f1fd87dd65c5bda2ab171d6373490fa6395929f8ff33c6d5acdec0d7035388,male,hand,20260908,2,42.764722495109005,40.71875,41.0616062449812
1841.F06293,22,1841,1841:NAU133,male,head,20260908,2,24.587762854513876,24.3625,21.366899228024668
1841.F06290,22,1841,1841:NAU133,male,head,20260908,2,24.587762854513876,23.825,21.246047221468633
1841.F05213,30,1841,1841:NAU108,female,head,20260908,2,22.25699997181762,22.05,22.512052084081912
1841.F05216,22,1841,1841:NAU137,female,head,20260908,2,22.25699997181762,22.125,22.21749516425369
1841.P16365,32,1841,1841:NAU102,unknown,hand,20260908,2,23.61737663369226,23.2375,21.11354146166722
1841.P16580,21,1841,1841:CUB038,female,hand,20260908,2,22.346810363019458,23.7625,24.323852265581603
10317.000002877,39,10317,10317:f73c970ebbe4576dac4346e12bd70d852fd2fad299e544aaabe76119ae6772ae189eebd9acc9c024c6a0bf917496f24b6520712b5200889e9afdeb9ed347f9e9,female,head,20260908,2,47.33922734033347,46.3625,47.97176096031074
1841.F06335,21,1841,1841:CUB038,female,head,20260908,2,22.25699997181762,23.5625,23.797033194284012
1841.P15275,21,1841,1841:CUB038,female,hand,20260908,2,22.346810363019458,25.39375,26.766557118850073
1841.F05686,20,1841,1841:CUB037,female,head,20260908,2,22.25699997181762,25.54375,22.198274015787717
10317.000013240,61,10317,10317:a84b06b11ebbd693b0e846d7e1ba1453494db9a71f5caf6fec89add9c1975ce94b16e1f8ac9b930f61e3219bcfc133702ec58308eee167152209a8c2852123c9,male,head,20260908,2,42.641703159939524,39.28125,41.871644967379304
1841.P16343,30,1841,1841:NAU108,female,hand,20260908,2,22.346810363019458,23.675,24.956353698342326
1841.P15071,20,1841,1841:CUB037,female,hand,20260908,2,22.346810363019458,22.29375,22.709946490271417
1841.P15075,21,1841,1841:CUB038,female,hand,20260908,2,22.346810363019458,22.35625,23.27444710325239
1841.P15257,20,1841,1841:CUB037,female,hand,20260908,2,22.346810363019458,22.73125,23.34070599432965
1841.P15252,21,1841,1841:CUB038,female,hand,20260908,2,22.346810363019458,24.36875,25.63259031794364
10317.000068806,30,10317,10317:219fdff6b9dcec67c1aa0b866cb025d68ac35295256f63c520911912293fe0849d61cd408675c0305a5c92df708363f8172fc8e6969982b5a49c4e44d28547fb,female,hand,20260908,2,48.65196302032109,44.99375,49.60301503592039
1841.P16284,22,1841,1841:NAU133,male,hand,20260908,2,24.606661263900413,22.4625,22.25026778769931
10317.000005420,54,10317,10317:d63484fec8c78056306a841bf283219a2f4dd6eb40568afb6e401ef1dd5a23f563b4e42b92eda0d4b87cc502d1158abf83fac1a38b7a4166f4374fd6ec75beaa,female,head,20260908,2,47.33922734033347,40.675,46.53275347607751
10317.000005421,54,10317,10317:d63484fec8c78056306a841bf283219a2f4dd6eb40568afb6e401ef1dd5a23f563b4e42b92eda0d4b87cc502d1158abf83fac1a38b7a4166f4374fd6ec75beaa,female,hand,20260908,2,48.65196302032109,38.18125,44.75762045654827
1841.F05041,23,1841,1841:NCS244,female,head,20260908,2,22.25699997181762,21.75,21.57039524814855
2010.1715,22,2010,2010:15,female,head,20260908,2,27.765604629779993,38.33125,28.102857165287705
10317.000049733,36,10317,10317:79bbc1c5c663e0434d917d65535beeb68d902da75556dbb9bc561129718387ed15c630d65f4716cbeb02ed871a1e5044d2cd04da381361681f4a0793ca85598d,male,hand,20260908,2,42.764722495109005,41.325,43.58301704958516
10317.000049732,36,10317,10317:79bbc1c5c663e0434d917d65535beeb68d902da75556dbb9bc561129718387ed15c630d65f4716cbeb02ed871a1e5044d2cd04da381361681f4a0793ca85598d,male,hand,20260908,2,42.764722495109005,41.88125,44.92618712165155
10317.000049831,61,10317,10317:d37889cdecdba46fdb19bb31c950ed36c9b3a1da31fbac08e9ee2ff35bc8af2ce5a4b24631b63e876500eb54df716ba82caddd429a437e61d996dab1bd51de32,female,head,20260908,2,47.33922734033347,44.6375,46.140784925182246
10317.000003339,73,10317,10317:b8164f6522d265b137471f7142d4362a35a7a4dfd6f21aada5888456dda2bfbdda36900f4edf71d621587e3c79a92da70f421d07fe905890c57c4ec4d421335e,female,hand,20260908,2,48.65196302032109,50.15,52.678944185962116
1841.P16078,25,1841,1841:NAU157,male,hand,20260908,2,24.606661263900413,28.41875,22.81820166298216
2010.1728,22,2010,2010:15,female,head,20260908,2,27.765604629779993,39.84375,31.49832860405853
10317.000003029,32,10317,10317:fa11b389cb9170b533e6a9c56b69f18fa8798f2970218ed97fe0be0906826592de8a478773a5037053f08aa21d349fcf39e64c85dbd26bd904614d8dd6335cae,male,head,20260908,2,42.641703159939524,45.99375,44.902319882869435
1841.F05447,25,1841,1841:NAU157,male,head,20260908,2,24.587762854513876,27.4375,22.373685034564364
1841.F05993,19,1841,1841:NCS233,male,head,20260908,2,24.587762854513876,24.51875,19.365489223753507
10317.000063450,29,10317,10317:012c33f74519c193ec10f17ef58846a7db07b462e5497db82c40fedc4ca3edac7e3c610143fdb11e0e0617da7dcd562ee2bf2be850227286ef06ab72c6361d25,male,head,20260908,2,42.641703159939524,59.3,59.65220503750785
10317.000041369,42,10317,10317:c9f8653bd4ebdf70f189788ed1bc962f7b89716eac15b10fba77e815cba9483cbb0ce452ea8acd0cd27b17a9a599ec7023e375a67fa1551bb8a70af168495dd3,male,head,20260908,2,42.641703159939524,41.0125,41.00705469042298
1841.P15998,23,1841,1841:CUB056,male,hand,20260908,2,24.606661263900413,30.91875,23.13565851234302
1841.P15192,19,1841,1841:NCS233,male,hand,20260908,2,24.606661263900413,22.7125,21.557258675989303
1841.F05293,32,1841,1841:NAU102,unknown,head,20260908,2,23.527221760286743,25.0875,20.94139496838026
1841.F05294,25,1841,1841:NAU157,male,head,20260908,2,24.587762854513876,26.16875,21.617966307148368
1841.F05064,23,1841,1841:NCS244,female,head,20260908,2,22.25699997181762,22.1125,23.135235151602366
1841.F05876,25,1841,1841:NAU157,male,head,20260908,2,24.587762854513876,24.24375,19.88369787647274
1841.P16506,21,1841,1841:CUB038,female,hand,20260908,2,22.346810363019458,22.84375,23.21989641077669
1841.F06406,20,1841,1841:CUB037,female,head,20260908,2,22.25699997181762,21.65,22.80733276455804
1841.F05601,20,1841,1841:CUB037,female,head,20260908,2,22.25699997181762,23.0625,22.498275756772877
1841.F05607,20,1841,1841:CUB037,female,head,20260908,2,22.25699997181762,21.725,21.667126771169702
1841.F05468,22,1841,1841:NAU137,female,head,20260908,2,22.25699997181762,22.0,23.59138194141126
10317.000005419,54,10317,10317:d63484fec8c78056306a841bf283219a2f4dd6eb40568afb6e401ef1dd5a23f563b4e42b92eda0d4b87cc502d1158abf83fac1a38b7a4166f4374fd6ec75beaa,female,hand,20260908,2,48.65196302032109,41.86875,47.20879687809185
10317.000041346,46,10317,10317:e264e42ddf5814bac0981098f8e9a48fb9a1d3524b60bad0405e26151eceeaa0db735671ad5dc0c78c554c78e4d745510d94413264b20449f53a1fe1be4f0529,male,hand,20260908,2,42.764722495109005,44.075,47.566532820935066
10317.000041345,46,10317,10317:e264e42ddf5814bac0981098f8e9a48fb9a1d3524b60bad0405e26151eceeaa0db735671ad5dc0c78c554c78e4d745510d94413264b20449f53a1fe1be4f0529,male,hand,20260908,2,42.764722495109005,40.24375,43.80845218709749
1841.P15172,19,1841,1841:NCS233,male,hand,20260908,2,24.606661263900413,22.525,21.721703090143787
1841.P15311,21,1841,1841:NCS229,male,hand,20260908,2,24.606661263900413,25.55,20.614244380248472
1841.F05814,32,1841,1841:NAU102,unknown,head,20260908,2,23.527221760286743,24.85,20.457377987949624
1841.F05810,32,1841,1841:NAU102,unknown,head,20260908,2,23.527221760286743,21.825,19.11441579095757
1841.P16525,23,1841,1841:CUB056,male,hand,20260908,2,24.606661263900413,24.9,23.264660825166786
1841.P16521,23,1841,1841:CUB056,male,hand,20260908,2,24.606661263900413,23.26875,22.37003332320068
10317.000004206,76,10317,10317:e4f690795c66a065feccd07de0128f89746b411eb215789f6c7c9bd18b20cd831f9b9a7e3b8af5952b3c56c532534d3f1045f353d46b4b79876a0f6c8b58df96,female,hand,20260908,2,48.65196302032109,51.7375,55.20721026936933
1841.F06398,23,1841,1841:CUB056,male,head,20260908,2,24.587762854513876,26.0625,21.42852600680609
1841.F06396,20,1841,1841:CUB037,female,head,20260908,2,22.25699997181762,23.30625,22.104083254402006
1841.P15782,22,1841,1841:NAU133,male,hand,20260908,2,24.606661263900413,22.9875,20.442911885768062
1841.F05665,21,1841,1841:CUB038,female,head,20260908,2,22.25699997181762,24.55625,27.124738424167383
1841.P15158,19,1841,1841:NCS233,male,hand,20260908,2,24.606661263900413,23.525,22.460951889996082
10317.000027703,68,10317,10317:f4417cf9261b7cf7eafdfa7c1e4c2f0b04b7f6a0a74833597eb9f455b64175009de471b6099ea840835964becfbbea46fda6746deaeb30cc1b29201c1259072e,male,head,20260908,2,42.641703159939524,43.6125,42.427931019139805
1841.P15152,19,1841,1841:NCS233,male,hand,20260908,2,24.606661263900413,26.51875,25.5249527150718
1841.F05833,30,1841,1841:NAU108,female,head,20260908,2,22.25699997181762,24.0625,24.810767871721996
1841.F05834,30,1841,1841:NAU108,female,head,20260908,2,22.25699997181762,25.525,25.60209258140331
1841.F05838,32,1841,1841:NAU102,unknown,head,20260908,2,23.527221760286743,24.21875,20.96858174824571
10317.000028937,50,10317,10317:4cd17ea33fe6b5736aded648ee2e6f2a14b3d6cfdc57435287f768540fd8a367a68d60e2f6cfbacb0a70e046163d74ba126bb1261c5a2fcd5f87bfd14bb4c7ae,female,head,20260908,2,47.33922734033347,45.9375,49.31037517270249
10317.000020534,34,10317,10317:6e4903f0be32c34121cd50c2891666fc8b26923970412591f3c900d7253a186450e745d33fc88b07a5c41c9992e15153f2c3fd7a20f01e43073e39ca8a3b4afe,male,head,20260908,2,42.641703159939524,46.95,48.5041954211281
1841.F05841,30,1841,1841:NAU108,female,head,20260908,2,22.25699997181762,25.45,24.374082074349722
2010.1689,22,2010,2010:15,female,head,20260908,2,27.765604629779993,38.19375,31.74479999771654
1841.F05845,22,1841,1841:NAU133,male,head,20260908,2,24.587762854513876,22.4875,21.947208959268934
1841.P15130,19,1841,1841:NCS233,male,hand,20260908,2,24.606661263900413,23.325,22.091442074031562
10317.000003299,61,10317,10317:e7639c4697365b2cdd0af17e85e19fae656bebe2ca231e4057397460de8a06886fbdc663413a68e30c542241a5d4a8765a2affefbadf0e387eda6d67a72749a0,male,head,20260908,2,42.641703159939524,47.6375,45.85990064558441
1841.F05583,22,1841,1841:NAU133,male,head,20260908,2,24.587762854513876,23.0875,19.868581376260043
1841.F06488,21,1841,1841:CUB038,female,head,20260908,2,22.25699997181762,25.6,23.472216038668375
1841.P16565,21,1841,1841:CUB038,female,hand,20260908,2,22.346810363019458,24.03125,24.447542469185567
10317.000002874,72,10317,10317:9b31e31bf0d472e6a54940cdb8e6b0d019f0fb7b65bd335d54bd01c9fab69bd4d1dc62daf2e3866ab5fbff6c481867676633b204ea04a415899d3087ff6041b9,male,hand,20260908,2,42.764722495109005,40.01875,40.948821334223155
10317.000031912,54,10317,10317:0c3091f23d30ee5b470301f691493df51f63050506428f17d14304a92cb2773c926aa8302e810812195b2fb3442ae4405b25774e783a0dea0554adffa5e317c5,female,hand,20260908,2,48.65196302032109,42.78125,47.546172089956094
10317.000031910,54,10317,10317:0c3091f23d30ee5b470301f691493df51f63050506428f17d14304a92cb2773c926aa8302e810812195b2fb3442ae4405b25774e783a0dea0554adffa5e317c5,female,head,20260908,2,47.33922734033347,43.49375,45.217423157107405
1841.P15195,19,1841,1841:NCS233,male,hand,20260908,2,24.606661263900413,22.7125,21.230959205446318
2010.2201,22,2010,2010:29,female,head,20260908,2,27.765604629779993,37.0875,25.399382226656222
1841.P15377,23,1841,1841:NCS244,female,hand,20260908,2,22.346810363019458,24.8625,25.25081377779114
1841.F05170,25,1841,1841:NAU157,male,head,20260908,2,24.587762854513876,25.74375,20.53066895730038
2010.2072,32,2010,2010:19,female,head,20260908,2,27.765604629779993,45.26875,32.79531081358793
10317.000038318,45,10317,10317:3b7d34b44f72e95e00448cb043d5340d44117ce7280c30460dfe394894b0822d4c1583a47eb25eb49e50c149a7e5dc6a736132da19792ffbd2156208e0e9cebf,male,head,20260908,2,42.641703159939524,47.9625,45.91714592596616
10317.000030411,36,10317,10317:a1b4c9ec5f8710558bd4a7d34cd680ebd077aa972f77ae2c7a80904262a269846af690c0af56eec73473625b15e9b30c4413c0ced557f3aeebbcbdbbb0b28698,male,head,20260908,2,42.641703159939524,45.7375,45.933568812809604
1841.F06012,23,1841,1841:NCS244,female,head,20260908,2,22.25699997181762,24.65625,22.116197555241417
1841.F06548,20,1841,1841:CUB037,female,head,20260908,2,22.25699997181762,23.25625,21.639354503291194
1841.P15399,19,1841,1841:NCS233,male,hand,20260908,2,24.606661263900413,23.8875,21.252894403390194
10317.000012382,48,10317,10317:d4747c80cbabfa6a118ab9e828a6e01176aee5c6477c84e90565dd41303cee3f4da5c8eb4c5a5b1abcf05c6ade5c8588fb990c110d1249108ffee63923f0759d,male,hand,20260908,2,42.764722495109005,40.25,41.449502362997265
1841.P15530,22,1841,1841:NAU137,female,hand,20260908,2,22.346810363019458,23.23125,22.63911462010236
10317.000041062,33,10317,10317:cc7a72730c7716b41648ac90728f72eb759bd32caaa07b60e4db721abd907a2e38b19314c602ce3a7b19a7634037bd360e4d54c532513a267152129589e536de,male,hand,20260908,2,42.764722495109005,38.25,41.99138000096296
2010.1902,32,2010,2010:19,female,head,20260908,2,27.765604629779993,41.54375,30.228637532608776
1841.F06208,25,1841,1841:NAU157,male,head,20260908,2,24.587762854513876,26.33125,20.9773454190709
1841.F05158,22,1841,1841:NAU133,male,head,20260908,2,24.587762854513876,25.0625,21.92504082750983
1841.F05151,22,1841,1841:NAU137,female,head,20260908,2,22.25699997181762,22.15,22.29498408453009
1841.F06568,21,1841,1841:CUB038,female,head,20260908,2,22.25699997181762,22.1375,22.019289124030532
1841.P16184,32,1841,1841:NAU102,unknown,hand,20260908,2,23.61737663369226,21.98125,20.878026933072537
1841.P15513,25,1841,1841:NAU157,male,hand,20260908,2,24.606661263900413,29.75625,23.244978306694648
10317.000010131,58,10317,10317:18f2e49afddb67b3c360c48826bfc2787ccc26e275825c6dd9afebc62893f5e57bcee0a02aedb777006db6eb53183d6c85508ad34d318c8120de7628c5f74232,female,head,20260908,2,47.33922734033347,45.2375,48.0603452636543
1841.F05529,22,1841,1841:NAU137,female,head,20260908,2,22.25699997181762,23.51875,22.171700975293543
1841.F06490,23,1841,1841:CUB056,male,head,20260908,2,24.587762854513876,24.31875,23.32737224285696
1841.P15727,25,1841,1841:NAU157,male,hand,20260908,2,24.606661263900413,26.8875,21.628397306416566
2010.1665,22,2010,2010:15,female,head,20260908,2,27.765604629779993,37.14375,27.282428682817237
1841.P16406,23,1841,1841:NCS244,female,hand,20260908,2,22.346810363019458,22.80625,24.005528691914115
10317.000009650,53,10317,10317:b565af2054e502f6e52e66e3de2b5e2199b3a8637ef66233b06e6fe02859801a1bae272653dde3b99ca69985f5434f1a2cdf4fde7507455f5740cc3df03b878c,female,head,20260908,2,47.33922734033347,41.275,44.00518751297743
1841.F06508,23,1841,1841:CUB056,male,head,20260908,2,24.587762854513876,26.4125,21.431653644918264
1841.F06502,21,1841,1841:CUB038,female,head,20260908,2,22.25699997181762,21.69375,22.002067317932593
10317.000049845,35,10317,10317:88f4fbcf0ceb456e7f8e8447af039f0dc2670ad52972600d23a04b60152370409f6b57086023803ce52591376f998806f80e260d50d06764bbb66d26d1b5553e,female,hand,20260908,2,48.65196302032109,40.95,43.5919295706686
1841.F05500,22,1841,1841:NAU137,female,head,20260908,2,22.25699997181762,21.8,22.19439121990173
2010.1623,22,2010,2010:15,female,head,20260908,2,27.765604629779993,38.48125,29.671149082314706
1841.F06524,23,1841,1841:CUB056,male,head,20260908,2,24.587762854513876,27.94375,23.12268822532311
1841.F06522,23,1841,1841:CUB056,male,head,20260908,2,24.587762854513876,23.01875,23.050790961580248
1841.P15081,21,1841,1841:CUB038,female,hand,20260908,2,22.346810363019458,27.36875,25.107544606566034
1841.F05927,19,1841,1841:NCS233,male,head,20260908,2,24.587762854513876,22.6625,19.689542338507955
1841.P15762,22,1841,1841:NAU137,female,hand,20260908,2,22.346810363019458,21.3125,22.871300487638393
1841.F06263,25,1841,1841:NAU157,male,head,20260908,2,24.587762854513876,29.1375,20.32091866369144
1841.P16332,25,1841,1841:NAU157,male,hand,20260908,2,24.606661263900413,27.45625,26.016259042118875
10317.000066855,27,10317,10317:73bf3573928ab6f8e0dbef1783c99aa8c96f8a341909051dbaaf5e003778464fdf40cee56b971bea2c557859ebdc3351dddc89230df6458726716c8fe13e3583,female,hand,20260908,2,48.65196302032109,35.50625,37.18521920782265
2010.1989,32,2010,2010:19,female,head,20260908,2,27.765604629779993,43.55,31.28165936152547
1841.F05907,19,1841,1841:NCS233,male,head,20260908,2,24.587762854513876,22.95625,19.621820199792946
1841.F05901,19,1841,1841:NCS233,male,head,20260908,2,24.587762854513876,24.35,24.09847022708268
1841.P16166,25,1841,1841:NAU157,male,hand,20260908,2,24.606661263900413,29.425,23.013546773789678
1841.P16160,32,1841,1841:NAU102,unknown,hand,20260908,2,23.61737663369226,22.31875,20.849179800523782
10317.000068763,34,10317,10317:64e4e987fbbcb4c2194cdd7c106261ec20cfbf2772d835c97eb6311237552ac6be0e79cdb6ed23e686e25afe5db5d7ca46016b14f6939798b7664d7af99914c7,male,head,20260908,2,42.641703159939524,38.75625,39.94586888312648
10317.000033429,62,10317,10317:1b595cbd54b82f80c4b023585b3a8baad15d027aab0c5b04a69b8c3e9e5d48bfcb2d532872548685bc12d0c706255362bb8a230524186fc6cc64f429295eb166,female,hand,20260908,2,48.65196302032109,49.00625,50.99732020765684
1841.F05229,22,1841,1841:NAU137,female,head,20260908,2,22.25699997181762,21.6625,21.930104842981446
1841.F05226,32,1841,1841:NAU102,unknown,head,20260908,2,23.527221760286743,23.26875,18.649574881961346
1841.P16311,32,1841,1841:NAU102,unknown,hand,20260908,2,23.61737663369226,23.125,21.207998020541947
10317.000071442,22,10317,10317:3f7869fcd99617b9f2bf18fbf0bd9979e5887887afaedf57e4fde973b8756b3be0e2e24ed76f875086eaf6c006b354b48c001d1a162093cbffe2caa0db0ecffc,male,head,20260908,2,42.641703159939524,41.7375,42.61755445955885
1841.P15598,22,1841,1841:NAU133,male,hand,20260908,2,24.606661263900413,32.9375,29.592183573391083
1841.F05030,19,1841,1841:NCS233,male,head,20260908,2,24.587762854513876,24.39375,20.317993074531856
1841.F05964,19,1841,1841:NCS233,male,head,20260908,2,24.587762854513876,23.43125,20.22604656296564
1841.P16104,30,1841,1841:NAU108,female,hand,20260908,2,22.346810363019458,24.11875,26.20240710029755
1841.P16106,25,1841,1841:NAU157,male,hand,20260908,2,24.606661263900413,35.4625,30.357003659240306
10317.000006972,61,10317,10317:71663baf1b46589d68296c0b2c93208b950a8d8f87dd95255336d0e162d3d45a6922f6512a1dbbbdecd027ff264b625773e6d10d54f1a7750050d3b813d4eadd,female,hand,20260908,2,48.65196302032109,40.9625,46.337176788132375
2010.1302,34,2010,2010:5,female,head,20260908,2,27.765604629779993,39.3625,32.4231328498926
10317.000063236,31,10317,10317:9a6b1d64174bf2de76973d430737df42a6c1d222167a33cad37332ade7aaba03e2f1fd87dd65c5bda2ab171d6373490fa6395929f8ff33c6d5acdec0d7035388,male,head,20260908,2,42.641703159939524,40.26875,41.419234776126984
1841.F05559,22,1841,1841:NAU137,female,head,20260908,2,22.25699997181762,21.4375,22.37447942233066
1841.P15904,20,1841,1841:CUB037,female,hand,20260908,2,22.346810363019458,22.10625,22.138199621932667
1841.P15908,21,1841,1841:CUB038,female,hand,20260908,2,22.346810363019458,22.79375,22.541405724673933
10317.000048405,28,10317,10317:4287cb26d2ebcaddb5129d95ff2d4ae496c47b0162672df93082abfc9303671b6d9332bfe211f6530019940e6d40144094a4bc4c012716375b5e72166c04b6e2,female,hand,20260908,2,48.65196302032109,53.3125,54.613243686512895
10317.000048407,28,10317,10317:4287cb26d2ebcaddb5129d95ff2d4ae496c47b0162672df93082abfc9303671b6d9332bfe211f6530019940e6d40144094a4bc4c012716375b5e72166c04b6e2,female,head,20260908,2,47.33922734033347,50.35,53.621942799867284
10317.000048406,28,10317,10317:4287cb26d2ebcaddb5129d95ff2d4ae496c47b0162672df93082abfc9303671b6d9332bfe211f6530019940e6d40144094a4bc4c012716375b5e72166c04b6e2,female,hand,20260908,2,48.65196302032109,47.66875,50.272688181674724
1841.F05200,22,1841,1841:NAU133,male,head,20260908,2,24.587762854513876,23.95,21.07143370487432
1841.P16377,22,1841,1841:NAU133,male,hand,20260908,2,24.606661263900413,29.6375,29.81812422256083
1841.P16397,32,1841,1841:NAU102,unknown,hand,20260908,2,23.61737663369226,22.7375,21.574830794569024
10317.000015187,27,10317,10317:cb8ea224a3bb7ef53bf08da62860c079b5996441cbbb6ef11fbe09454172198e57a65569937d0e57c98a2327cfe4b04a55969cdda8eed8fc5f998c2468e4920a,male,hand,20260908,2,42.764722495109005,39.675,41.86829673366159
1841.P15063,23,1841,1841:CUB056,male,hand,20260908,2,24.606661263900413,26.45625,25.797554873233125
1841.P16297,22,1841,1841:NAU133,male,hand,20260908,2,24.606661263900413,25.96875,23.356317307261953
1841.P16293,22,1841,1841:NAU133,male,hand,20260908,2,24.606661263900413,22.89375,22.635527495509457
1841.P16129,25,1841,1841:NAU157,male,hand,20260908,2,24.606661263900413,33.9125,26.638208985658178
10317.000068799,30,10317,10317:219fdff6b9dcec67c1aa0b866cb025d68ac35295256f63c520911912293fe0849d61cd408675c0305a5c92df708363f8172fc8e6969982b5a49c4e44d28547fb,female,head,20260908,2,47.33922734033347,42.1125,47.75298853612659
1841.P16356,30,1841,1841:NAU108,female,hand,20260908,2,22.346810363019458,25.9875,26.988644991482634
1841.P16523,23,1841,1841:CUB056,male,hand,20260908,2,24.606661263900413,23.29375,23.37372199550689
1841.P15004,20,1841,1841:CUB037,female,hand,20260908,2,22.346810363019458,22.40625,23.21644512334805
1841.F06303,20,1841,1841:CUB037,female,head,20260908,2,22.25699997181762,24.69375,23.069878540623144
10317.000049844,35,10317,10317:88f4fbcf0ceb456e7f8e8447af039f0dc2670ad52972600d23a04b60152370409f6b57086023803ce52591376f998806f80e260d50d06764bbb66d26d1b5553e,female,head,20260908,2,47.33922734033347,42.5375,46.72245120575034
10317.000049848,35,10317,10317:88f4fbcf0ceb456e7f8e8447af039f0dc2670ad52972600d23a04b60152370409f6b57086023803ce52591376f998806f80e260d50d06764bbb66d26d1b5553e,female,hand,20260908,2,48.65196302032109,42.44375,44.921713782723955
2010.1347,34,2010,2010:5,female,head,20260908,2,27.765604629779993,38.575,30.213168027586416
10317.000068770,34,10317,10317:64e4e987fbbcb4c2194cdd7c106261ec20cfbf2772d835c97eb6311237552ac6be0e79cdb6ed23e686e25afe5db5d7ca46016b14f6939798b7664d7af99914c7,male,hand,20260908,2,42.764722495109005,36.7875,36.4124530973329
1841.F05092,23,1841,1841:NCS244,female,head,20260908,2,22.25699997181762,22.8375,23.450082738396034
2010.1751,23,2010,2010:15,female,head,20260908,2,27.765604629779993,39.4,27.73332821146208
10317.000049729,36,10317,10317:79bbc1c5c663e0434d917d65535beeb68d902da75556dbb9bc561129718387ed15c630d65f4716cbeb02ed871a1e5044d2cd04da381361681f4a0793ca85598d,male,head,20260908,2,42.641703159939524,40.5875,43.306692570504026
1841.P15280,23,1841,1841:CUB056,male,hand,20260908,2,24.606661263900413,25.03125,24.271647051052266
10317.000049790,27,10317,10317:cb8ea224a3bb7ef53bf08da62860c079b5996441cbbb6ef11fbe09454172198e57a65569937d0e57c98a2327cfe4b04a55969cdda8eed8fc5f998c2468e4920a,male,head,20260908,2,42.641703159939524,39.8375,41.80304715240085
1841.F06465,23,1841,1841:CUB056,male,head,20260908,2,24.587762854513876,25.975,23.531391002961815
1841.F05986,19,1841,1841:NCS233,male,head,20260908,2,24.587762854513876,23.24375,19.718049083870373
1841.P16257,25,1841,1841:NAU157,male,hand,20260908,2,24.606661263900413,27.775,23.230675274935308
1841.F05410,22,1841,1841:NAU133,male,head,20260908,2,24.587762854513876,24.30625,20.440242345470278
1841.P16416,23,1841,1841:NCS244,female,hand,20260908,2,22.346810363019458,22.35625,24.86688964253864
10317.000030487,69,10317,10317:08b8c7c89d71fbf3c7c45e4e838c5e9f6a9275be245ff743f08495d4e80cd9e519926d3080aa03f7db3b66c131808ba6bc500ce102040e341c7b930462457631,female,head,20260908,2,47.33922734033347,45.19375,46.38984364161851
10317.000009540,53,10317,10317:58d4b73b2478e68af9ec6ecd6f84a5c5b12f4bc9800c9f70889f2bf166a48e6c18a19edff402e2d4ba36c6c10a1cb0f060bef325706d3ec31b9f0e301d253e1a,female,head,20260908,2,47.33922734033347,49.725,51.87328057355871
1841.F05476,25,1841,1841:NAU157,male,head,20260908,2,24.587762854513876,25.35625,21.40379621975712
1841.F05475,22,1841,1841:NAU133,male,head,20260908,2,24.587762854513876,25.725,20.94276507254329
1841.F05645,21,1841,1841:CUB038,female,head,20260908,2,22.25699997181762,23.425,22.862198683845516
1841.P16183,22,1841,1841:NAU137,female,hand,20260908,2,22.346810363019458,22.9625,22.19835660821037
1841.P15985,20,1841,1841:CUB037,female,hand,20260908,2,22.346810363019458,32.2125,30.236353516502653
2010.1840,32,2010,2010:19,female,head,20260908,2,27.765604629779993,44.2625,31.850093756652633
1841.F05288,25,1841,1841:NAU157,male,head,20260908,2,24.587762854513876,24.61875,21.001969979373424
1841.F05287,25,1841,1841:NAU157,male,head,20260908,2,24.587762854513876,26.125,20.76507552875638
1841.F05869,30,1841,1841:NAU108,female,head,20260908,2,22.25699997181762,23.5125,23.440540409580684
1841.F05867,25,1841,1841:NAU157,male,head,20260908,2,24.587762854513876,28.6125,22.79752062291229
10317.000033792,27,10317,10317:a8d1e0c8b099dac9041d9cebdac9c0de56819da44b2a634063806e8ed4697d1075a1ad1a75dcb472c0667686ae7dad37b98268caf960b4805fdd05c287c202df,male,head,20260908,2,42.641703159939524,40.65,40.080087254124614
2010.1246,34,2010,2010:5,female,head,20260908,2,27.765604629779993,36.575,28.561342679611524
1841.F05486,22,1841,1841:NAU137,female,head,20260908,2,22.25699997181762,23.73125,23.02586156261491
10317.000048360,64,10317,10317:38b52d80745205082d2b0768d21dd49bd97b0762ddb17ec4e549c69b3b75f17167733bf4a73fe6fdc52037e40d6b89fc512dffe4c7ea605af2290fac125f6726,female,head,20260908,2,47.33922734033347,45.1375,50.702103378497114
10317.000063440,30,10317,10317:012c33f74519c193ec10f17ef58846a7db07b462e5497db82c40fedc4ca3edac7e3c610143fdb11e0e0617da7dcd562ee2bf2be850227286ef06ab72c6361d25,male,head,20260908,2,42.641703159939524,35.31875,36.10910859899155
10317.000063447,30,10317,10317:012c33f74519c193ec10f17ef58846a7db07b462e5497db82c40fedc4ca3edac7e3c610143fdb11e0e0617da7dcd562ee2bf2be850227286ef06ab72c6361d25,male,hand,20260908,2,42.764722495109005,35.7625,37.63324688610622
1841.P15790,25,1841,1841:NAU157,male,hand,20260908,2,24.606661263900413,24.69375,23.43603574524666
1841.P15793,22,1841,1841:NAU137,female,hand,20260908,2,22.346810363019458,22.2375,24.429433889744235
1841.P16537,20,1841,1841:CUB037,female,hand,20260908,2,22.346810363019458,21.60625,22.647170390184915
1841.P15422,21,1841,1841:NCS247,unknown,hand,20260908,2,23.61737663369226,24.5375,22.88033492039594
1841.F05672,23,1841,1841:CUB056,male,head,20260908,2,24.587762854513876,27.24375,22.284824898235744
1841.P16214,25,1841,1841:NAU157,male,hand,20260908,2,24.606661263900413,27.9125,23.14036056889206
1841.P16213,25,1841,1841:NAU157,male,hand,20260908,2,24.606661263900413,26.64375,22.387532926809037
1841.P16218,22,1841,1841:NAU137,female,hand,20260908,2,22.346810363019458,25.15625,24.11334910373556
1841.F05491,22,1841,1841:NAU137,female,head,20260908,2,22.25699997181762,23.225,22.0608822593613
10317.000040133,65,10317,10317:2b9cd37b03a34e4fed908599b8aedfd4277f38cd704e2625664f495885508a6c40fe8b88f3c9b254c454e5fdcaeef45ed360aa3202dd2bd6326d6e5df964004a,male,head,20260908,2,42.641703159939524,48.2875,47.18524957110657
1841.P15304,23,1841,1841:NCS244,female,hand,20260908,2,22.346810363019458,22.36875,23.530571316522245
10317.000004846,43,10317,10317:a17a75eada9222f4d52ce6eb301bb5f83a31b9f5c3f8169a805aa8db550330187a4d89b93a8a8f82115a4bcf6ab38541b4e58a7343862e089fdea11ac94f627a,male,head,20260908,2,42.641703159939524,43.01875,42.95767712477213
1841.F05802,25,1841,1841:NAU157,male,head,20260908,2,24.587762854513876,24.41875,22.12475951987255
1841.P15551,22,1841,1841:NAU137,female,hand,20260908,2,22.346810363019458,23.7375,22.91367817645016
1841.P16534,20,1841,1841:CUB037,female,hand,20260908,2,22.346810363019458,22.275,23.785730518562413
10317.000003638,58,10317,10317:c9e234a8b8023dc52f81b36210303deb253ee13dabc6022044eb5536429962a7f2dc5854ff06cadbb8969d2e2464fe3ed6ff0808a6c48037574abd2313962f88,female,head,20260908,3,47.950923728788766,45.24242679961337,49.814892128655394
1841.F06479,22,1841,1841:CUB040,male,head,20260908,3,23.84877457308682,26.376714708902206,21.636506961546807
10317.000049806,66,10317,10317:4863e557347469643abb13187a4c07e6d82a136b7e8ada704bcc1c6ea30fc2961e36855c2dfe883650d88cef48ae1161802be7c3b874b5f003569b1f51adc309,female,head,20260908,3,47.950923728788766,42.933988775726384,45.13531013419391
1841.F05126,21,1841,1841:NAU154,female,head,20260908,3,22.364135447628158,25.016255898066525,24.215870754022678
1841.P16234,20,1841,1841:NAU121,female,hand,20260908,3,22.379819306996385,25.20746555960057,23.584540396834722
1841.P16491,22,1841,1841:NCS212,female,hand,20260908,3,22.379819306996385,25.687434357142905,25.64087801956232
10317.000068943,39,10317,10317:aa8c21f5078bc7371b21ffbe19854212c26e4ba8b087307ab121b615566704bf41428d321554791b675f216db7f7d1922190d57c119c58c01ff5e6a1b7a11da3,male,head,20260908,3,43.33053240519983,41.34345831671104,37.80596751357223
1841.F05106,37,1841,1841:NAU148,male,head,20260908,3,23.84877457308682,24.72763160603693,18.12521721692882
1841.F05105,22,1841,1841:NAU164,male,head,20260908,3,23.84877457308682,26.042189327028968,20.709505941070347
1841.F05102,22,1841,1841:NAU164,male,head,20260908,3,23.84877457308682,28.322610748701557,23.403235691610096
2010.2046,34,2010,2010:25,female,head,20260908,3,27.14521884628911,37.41025483565732,30.01727415229921
1841.F05594,32,1841,1841:NAU150,female,head,20260908,3,22.364135447628158,25.16685755221301,21.97268017065454
1841.F05597,19,1841,1841:NAU107,female,head,20260908,3,22.364135447628158,22.90888453560328,21.59468149161106
1841.F05593,21,1841,1841:NAU153,female,head,20260908,3,22.364135447628158,22.048565618409384,23.583583603339477
1841.F05831,32,1841,1841:NAU150,female,head,20260908,3,22.364135447628158,27.671496045502913,23.288624854979886
10317.000015501,58,10317,10317:39bccde315a4d2e26bd21d11d8612666496433302b42a988f2e86dbe04d585b4ed30f82357ad21121e121b84ba5b37d2ecaf536b10e6faf7bae853217d2e1db6,male,hand,20260908,3,42.40964286482793,40.65356437113498,43.95621926463495
10317.000002260,52,10317,10317:aa101e557d45d2c4a31a1d301fd4c574f8a5fc0833b116d35789d31262e1e05a55d401f9b79aeba4e9d3eba2940a8eb96f2f5b422ec59ccfd8c6811d9cd18c8d,female,head,20260908,3,47.950923728788766,42.55562372990725,45.58125653261607
1841.P16572,22,1841,1841:CUB040,male,hand,20260908,3,23.713954498349807,26.45013127975953,22.22406946582065
10317.000014679,45,10317,10317:766b16ee6b65383664f73d4720f92c408604f3862a3ca0910ef13758df6833a4e132f7a6a180a0e66a7a0de4de722b7c7dcbbdfe09b051de250e1c70364291e9,female,head,20260908,3,47.950923728788766,40.135124580756525,44.242387769597016
10317.000005159,29,10317,10317:80ed9beefa64e1af619f5d370d79a21b435d10677f5b936ec3554234d47090f2a865337c8ff29f55d3cfc78a4c4fcf22efe713697872112639889bda9805a03e,male,hand,20260908,3,42.40964286482793,42.19128713813046,42.47849216010013
1841.P15435,19,1841,1841:NCS241,female,hand,20260908,3,22.379819306996385,23.996368988446203,25.49129253442502
10317.000015151,25,10317,10317:bf103398cbf34d2fdf0ce89d2a4729ec061457ba078a27fff88e775557fa7a6206e6693e016f411dfc8700f10c5787107d76b31f1914db25cee356c3ffb2ee1c,male,hand,20260908,3,42.40964286482793,41.46187646231146,43.3691540943626
1841.F05570,20,1841,1841:NAU121,female,head,20260908,3,22.364135447628158,21.636246219058727,22.854045417476243
1841.F05574,23,1841,1841:NAU100,male,head,20260908,3,23.84877457308682,25.11975202923114,19.865827905288448
1841.P15717,32,1841,1841:NAU150,female,hand,20260908,3,22.379819306996385,24.459305373445993,23.856111726260355
1841.P15716,21,1841,1841:NAU154,female,hand,20260908,3,22.379819306996385,23.61750912659201,24.28026980396879
1841.P16383,21,1841,1841:NAU106,female,hand,20260908,3,22.379819306996385,23.134805240178203,23.76056916511772
1841.P15521,21,1841,1841:NAU106,female,hand,20260908,3,22.379819306996385,26.41126350907649,26.576571208370375
1841.P15525,19,1841,1841:NAU107,female,hand,20260908,3,22.379819306996385,24.889384090281926,23.651121278693864
1841.F05889,33,1841,1841:NAU144,male,head,20260908,3,23.84877457308682,24.43914836217274,19.77669383493688
10317.000012153,39,10317,10317:11a164f633168118e0565026872fa35afedfe2bae4497973a70320675455a4b33dc3ad7a7c30d5087e7928b80c4f712a6b4192465f4342ce940fa7e45758084d,female,hand,20260908,3,50.674581268588824,38.01577760359568,45.63882726224116
1841.P15737,19,1841,1841:NAU107,female,hand,20260908,3,22.379819306996385,22.24535357004107,23.062711276623702
1841.F06216,20,1841,1841:NAU121,female,head,20260908,3,22.364135447628158,23.263121204996203,21.700616341597883
10317.000002497,37,10317,10317:247ebb14f6dfcf8839f209aeb66c1f16f579162fc35aab08f18db6328b9ebbe7785cbc9394ed8d5c92ea65a93f9129469fbd86e96009e7e4f2ac54540bbf9d4f,male,head,20260908,3,43.33053240519983,40.69255465999535,41.15763929304831
1841.P16419,22,1841,1841:NCS212,female,hand,20260908,3,22.379819306996385,24.96516480200301,23.721671222482204
1841.P16411,22,1841,1841:NCS212,female,hand,20260908,3,22.379819306996385,23.051887740017328,22.680493320313957
2010.2027,34,2010,2010:25,female,head,20260908,3,27.14521884628911,36.32778846764994,28.443804738197432
1841.F05530,21,1841,1841:NAU106,female,head,20260908,3,22.364135447628158,24.61712381876295,22.12448198773073
10317.000005361,67,10317,10317:673c8ce01f6c4b5120fb00380499db5eeb6a2fb55f33a66a36d79a28f321105b432b54532ecd02900640e027e6baa65fe94b194fa11f3a0eaf97f6abf95c9417,unknown,hand,20260908,3,43.145726830849554,41.84981853585003,44.603451334807595
10317.000068818,23,10317,10317:aa700130bf2ad84f7dfbd70f11a1ed544685dac3b0af8c4231219413d86330f5973915da8180c4eaa587cffc3aa156c9dafbf597461ddd6251fef35831bd365a,male,hand,20260908,3,42.40964286482793,35.86627213473524,39.55547569514435
1841.P16083,22,1841,1841:NAU164,male,hand,20260908,3,23.713954498349807,32.038565406910664,24.857301469985575
1841.P15747,20,1841,1841:NAU121,female,hand,20260908,3,22.379819306996385,24.20784930561746,25.686834325461724
1841.F05274,21,1841,1841:NAU106,female,head,20260908,3,22.364135447628158,28.95903219496147,26.820931855059555
1841.P15567,22,1841,1841:NAU164,male,hand,20260908,3,23.713954498349807,25.066121144480526,21.074621706765313
1841.P15561,21,1841,1841:NAU106,female,hand,20260908,3,22.379819306996385,25.11270478508192,24.763495336140256
1841.F05438,22,1841,1841:NAU164,male,head,20260908,3,23.84877457308682,25.47316044719171,20.997607752942393
1841.P15955,22,1841,1841:CUB040,male,hand,20260908,3,23.713954498349807,22.432633477633473,20.56393925078952
1841.P15777,20,1841,1841:NAU121,female,hand,20260908,3,22.379819306996385,24.027161374895755,24.379021983809018
1841.F06259,20,1841,1841:NAU121,female,head,20260908,3,22.364135447628158,23.660207904443368,22.184273453066368
1841.P15569,20,1841,1841:NAU121,female,hand,20260908,3,22.379819306996385,22.94880644733126,24.43160215148061
1841.F06253,20,1841,1841:NAU121,female,head,20260908,3,22.364135447628158,23.077976190476196,23.661892180962706
1841.F06250,20,1841,1841:NAU121,female,head,20260908,3,22.364135447628158,23.051692931520236,22.742654018065977
1841.P15563,20,1841,1841:NAU121,female,hand,20260908,3,22.379819306996385,23.436002261627262,24.42277600276128
1841.F05250,19,1841,1841:NAU107,female,head,20260908,3,22.364135447628158,26.519176684174777,25.519672213879073
1841.F05258,33,1841,1841:NAU144,male,head,20260908,3,23.84877457308682,25.126163023269,20.638657096845314
1841.F06052,22,1841,1841:NCS212,female,head,20260908,3,22.364135447628158,23.6932665098382,22.086258025664325
1841.P16320,33,1841,1841:NAU144,male,hand,20260908,3,23.713954498349807,22.471280418229433,19.58196797261895
1841.P16325,33,1841,1841:NAU144,male,hand,20260908,3,23.713954498349807,23.426329850704853,20.459560528420248
1841.F05043,22,1841,1841:NCS212,female,head,20260908,3,22.364135447628158,22.315882485569983,23.139798592594083
1841.F05517,20,1841,1841:NAU121,female,head,20260908,3,22.364135447628158,23.955453448206207,23.656247616930536
10317.000015212,34,10317,10317:356171d003a70eda05dbc44ca7f1c23e803cbba14631a5247db7774ba0e837cd853a804b6bc41bc084b8849021f84c1c780ad04856231b70f72faf5ef5b4bcbf,male,hand,20260908,3,42.40964286482793,41.92209092713094,43.220201176776094
1841.P15546,22,1841,1841:NAU164,male,hand,20260908,3,23.713954498349807,25.198273566711066,22.478654543369075
1841.P16154,21,1841,1841:NAU106,female,hand,20260908,3,22.379819306996385,24.37067240153637,26.153837601869565
1841.F06274,32,1841,1841:NAU150,female,head,20260908,3,22.364135447628158,24.636648682710266,23.028946482528113
1841.F06276,32,1841,1841:NAU150,female,head,20260908,3,22.364135447628158,24.468494810385057,23.377991044540586
1841.F06277,32,1841,1841:NAU150,female,head,20260908,3,22.364135447628158,26.03218486323725,24.97034057178943
1841.F06271,37,1841,1841:NAU148,male,head,20260908,3,23.84877457308682,24.028498973248965,20.429376456614342
1841.P16307,33,1841,1841:NAU144,male,hand,20260908,3,23.713954498349807,23.279843954809483,20.56403943727096
1841.P16305,33,1841,1841:NAU144,male,hand,20260908,3,23.713954498349807,25.4591078368095,20.750491656322374
1841.P16304,33,1841,1841:NAU144,male,hand,20260908,3,23.713954498349807,22.99224759615385,20.723950690072297
1841.P16303,21,1841,1841:NAU106,female,hand,20260908,3,22.379819306996385,24.173043137418144,24.621725918663525
1841.F05006,22,1841,1841:NCS212,female,head,20260908,3,22.364135447628158,23.446678840702646,24.53048280928402
10317.000007766,37,10317,10317:33f6eb641f0e5c66654a93864fec0950724028557f530a644e104dc1d7f29bec16c25352f4cffae510cf433760537423b71c5a032a7e279e0c197c4df1d601a4,male,head,20260908,3,43.33053240519983,42.50817272890582,44.38489880194724
10317.000007764,37,10317,10317:33f6eb641f0e5c66654a93864fec0950724028557f530a644e104dc1d7f29bec16c25352f4cffae510cf433760537423b71c5a032a7e279e0c197c4df1d601a4,male,head,20260908,3,43.33053240519983,37.76083521013954,39.992036268876014
10317.000007760,38,10317,10317:33f6eb641f0e5c66654a93864fec0950724028557f530a644e104dc1d7f29bec16c25352f4cffae510cf433760537423b71c5a032a7e279e0c197c4df1d601a4,male,head,20260908,3,43.33053240519983,44.95514643712378,44.59398402403312
1841.F06292,19,1841,1841:NAU107,female,head,20260908,3,22.364135447628158,22.57053539342602,22.1205612236787
1841.F06296,37,1841,1841:NAU148,male,head,20260908,3,23.84877457308682,25.96633260359544,20.76131762543876
1841.F06294,37,1841,1841:NAU148,male,head,20260908,3,23.84877457308682,25.50095696195145,21.440279440760502
10317.000040126,46,10317,10317:103ec97d34a8daf110102310e23be292392f51db75531458f8f135039cb11fbaeed1ebd8c2cbfd97772d62c72352ab5c467dccf59885d5c82f03531039a41827,female,head,20260908,3,47.950923728788766,41.19981850063395,45.92262858050126
1841.F05218,32,1841,1841:NAU150,female,head,20260908,3,22.364135447628158,26.17520651771475,23.061243373047162
1841.P16366,33,1841,1841:NAU144,male,hand,20260908,3,23.713954498349807,25.329481463695615,21.674960710053195
1841.P16369,21,1841,1841:NAU154,female,hand,20260908,3,22.379819306996385,24.527795627252864,25.06976358335355
10317.000051534,32,10317,10317:e6e5e53d1a49b2c6511917e62c6123eb734a4571e659825bd125323520a41405bcfee1e3c00e87a30d6cc80dd238a6b93e170970d11ec86eafa0326cdd2dcc04,male,head,20260908,3,43.33053240519983,46.899213348855085,46.13912413301359
10317.000051536,37,10317,10317:ff0768b01a1b6fd95f392b3c03b42f32fff2e917781b9ebb95b1bc13edfb801fc07ff383bd863ecb6e436ef6280bcfe138564e3de25075730af8842b4f95ecab,female,head,20260908,3,47.950923728788766,45.009923225411164,49.09234817459816
1841.P15585,37,1841,1841:NAU148,male,hand,20260908,3,23.713954498349807,23.44731827200578,19.709329907633133
1841.F05029,22,1841,1841:NCS212,female,head,20260908,3,22.364135447628158,21.454410642462125,22.320231844168912
1841.P15559,21,1841,1841:NAU154,female,hand,20260908,3,22.379819306996385,22.44659677128427,22.914758783458602
1841.P16349,21,1841,1841:NAU153,female,hand,20260908,3,22.379819306996385,23.49088067416652,23.119322665244496
1841.P16342,21,1841,1841:NAU106,female,hand,20260908,3,22.379819306996385,22.83012038742507,23.039854109698602
1841.P16341,19,1841,1841:NAU107,female,hand,20260908,3,22.379819306996385,22.480401785714292,24.01665805184303
1841.F05340,22,1841,1841:NCS212,female,head,20260908,3,22.364135447628158,28.399412306529467,27.246229094670866
10317.000005578,33,10317,10317:356171d003a70eda05dbc44ca7f1c23e803cbba14631a5247db7774ba0e837cd853a804b6bc41bc084b8849021f84c1c780ad04856231b70f72faf5ef5b4bcbf,male,hand,20260908,3,42.40964286482793,42.03623351989336,44.15953868258329
10317.000005574,33,10317,10317:356171d003a70eda05dbc44ca7f1c23e803cbba14631a5247db7774ba0e837cd853a804b6bc41bc084b8849021f84c1c780ad04856231b70f72faf5ef5b4bcbf,male,head,20260908,3,43.33053240519983,45.959426236518205,43.92754940052505
10317.000007117,60,10317,10317:2c2e468c2481938c25962a208bec11d9f0eeca11f8a06d48aa50be31a747dd0327f6137458e4dfda584fc42b4c5f35613440eef5b177a1d0569e16e7432648dd,male,head,20260908,3,43.33053240519983,45.674615699556234,45.07541429397163
10317.000007115,60,10317,10317:2c2e468c2481938c25962a208bec11d9f0eeca11f8a06d48aa50be31a747dd0327f6137458e4dfda584fc42b4c5f35613440eef5b177a1d0569e16e7432648dd,male,hand,20260908,3,42.40964286482793,40.58232569608883,44.992751749561165
10317.000007119,60,10317,10317:2c2e468c2481938c25962a208bec11d9f0eeca11f8a06d48aa50be31a747dd0327f6137458e4dfda584fc42b4c5f35613440eef5b177a1d0569e16e7432648dd,male,hand,20260908,3,42.40964286482793,45.92884856034813,45.41517458695838
1841.P16288,37,1841,1841:NAU148,male,hand,20260908,3,23.713954498349807,26.895312610801437,21.579291023945043
1841.P16287,32,1841,1841:NAU150,female,hand,20260908,3,22.379819306996385,26.70684480868934,25.837435441242913
1841.P16281,19,1841,1841:NAU107,female,hand,20260908,3,22.379819306996385,22.258884054541948,22.61670160435081
10317.000069039,33,10317,10317:65a6735483d4ca756511921efab48bd0d5eefe9702c613c1e3f7065f8b20659da904045df6fb243bf7e1be352dea97d0ceb0c7ccdca5fabb1fd01324d1e414cf,male,head,20260908,3,43.33053240519983,34.96300658258117,37.481041162889525
1841.F05400,22,1841,1841:NAU164,male,head,20260908,3,23.84877457308682,27.925735396805617,22.17874618420504
1841.F05405,37,1841,1841:NAU148,male,head,20260908,3,23.84877457308682,24.0693881166726,18.483166577530167
1841.F05408,21,1841,1841:NAU154,female,head,20260908,3,22.364135447628158,23.41416191447441,24.07786273652218
1841.P16137,19,1841,1841:NAU107,female,hand,20260908,3,22.379819306996385,23.751593578522925,24.202613330732454
1841.P15020,22,1841,1841:CUB040,male,hand,20260908,3,23.713954498349807,31.400512509515284,28.17979214948461
2010.2868,23,2010,2010:39,female,head,20260908,3,27.14521884628911,32.50088666711638,26.618822986968535
10317.000069015,24,10317,10317:5bdd4aaf66380106e9a8cb6501a1fb4b37d078e2284e7a3cc179877b6b0db9ae596a7d760657f364b5592c1578ae5b8068df09c4ebd6be82e32cfcd9e5fd6c55,male,head,20260908,3,43.33053240519983,36.49143538318552,34.32637342174513
1841.F05424,20,1841,1841:NAU121,female,head,20260908,3,22.364135447628158,23.364289477883226,20.593864740449746
10317.000005577,34,10317,10317:356171d003a70eda05dbc44ca7f1c23e803cbba14631a5247db7774ba0e837cd853a804b6bc41bc084b8849021f84c1c780ad04856231b70f72faf5ef5b4bcbf,male,hand,20260908,3,42.40964286482793,40.6668703638067,43.135739545651184
1841.P15602,21,1841,1841:NAU153,female,hand,20260908,3,22.379819306996385,22.47722686688312,22.952704974524387
10317.000072302,41,10317,10317:400d83c79d0086701c4c33b64a7e55f4f464325c35db42f0fed54c6d6f796d9b7943607ae3434897302c87033bd2704c82d5bed240c95f743566d2b3fd469f57,female,head,20260908,3,47.950923728788766,38.55764203936473,42.50091082909835
2010.2800,23,2010,2010:39,female,head,20260908,3,27.14521884628911,29.973670056262755,25.488159939304637
1841.F05854,21,1841,1841:NAU106,female,head,20260908,3,22.364135447628158,25.323773865644874,27.089949633492058
1841.F05857,21,1841,1841:NAU106,female,head,20260908,3,22.364135447628158,25.649903667615057,24.572040248989083
1841.F05180,32,1841,1841:NAU150,female,head,20260908,3,22.364135447628158,26.341189392205006,26.182357796380742
1841.F06425,22,1841,1841:CUB040,male,head,20260908,3,23.84877457308682,25.313056248286024,22.162000254904765
1841.F06424,22,1841,1841:CUB040,male,head,20260908,3,23.84877457308682,24.513196447649566,20.22554654607106
10317.000049768,66,10317,10317:5e5f5fc79a512a180eb0cd63fa75b7307715996b1aff58edbefb0ed0d6548904bf74f95a466efb9525a910f69150d98cfae7b1c55b9bf3e278b402a8439e8d4c,male,head,20260908,3,43.33053240519983,38.0785130572769,39.3026030112726
10317.000049767,66,10317,10317:5e5f5fc79a512a180eb0cd63fa75b7307715996b1aff58edbefb0ed0d6548904bf74f95a466efb9525a910f69150d98cfae7b1c55b9bf3e278b402a8439e8d4c,male,hand,20260908,3,42.40964286482793,47.59081734611962,45.24454353999434
10317.000049766,66,10317,10317:5e5f5fc79a512a180eb0cd63fa75b7307715996b1aff58edbefb0ed0d6548904bf74f95a466efb9525a910f69150d98cfae7b1c55b9bf3e278b402a8439e8d4c,male,hand,20260908,3,42.40964286482793,40.22923562887969,41.714593560945275
10317.000049763,52,10317,10317:00069244bd1f2b8987ec0be407f83eec727bd40dde9ff15d05497f7db0f60f551d4af74463256aae7abd00d1a3180ca506bd16e684d859304c2864b1c7e4a8f6,male,head,20260908,3,43.33053240519983,41.05834290858202,41.14789519955634
10317.000049762,52,10317,10317:00069244bd1f2b8987ec0be407f83eec727bd40dde9ff15d05497f7db0f60f551d4af74463256aae7abd00d1a3180ca506bd16e684d859304c2864b1c7e4a8f6,male,hand,20260908,3,42.40964286482793,43.91211934080577,43.08390797877203
10317.000005359,67,10317,10317:673c8ce01f6c4b5120fb00380499db5eeb6a2fb55f33a66a36d79a28f321105b432b54532ecd02900640e027e6baa65fe94b194fa11f3a0eaf97f6abf95c9417,unknown,head,20260908,3,36.26733244198776,42.2336829419479,42.3067551960071
1841.P15297,22,1841,1841:CUB040,male,hand,20260908,3,23.713954498349807,24.14738996246808,22.490386255946426
1841.F05621,23,1841,1841:CUB013,male,head,20260908,3,23.84877457308682,26.21762295165534,20.159238150051337
1841.F05457,37,1841,1841:NAU148,male,head,20260908,3,23.84877457308682,24.462228836829016,19.07853964791434
1841.F05445,21,1841,1841:NAU153,female,head,20260908,3,22.364135447628158,22.120146246416624,22.45377976931928
1841.P16244,37,1841,1841:NAU148,male,hand,20260908,3,23.713954498349807,26.14777673715174,21.263324124119997
2010.2828,23,2010,2010:39,female,head,20260908,3,27.14521884628911,28.403734148609725,24.474327600389074
1841.P15600,32,1841,1841:NAU150,female,hand,20260908,3,22.379819306996385,26.202005279381922,24.804306785910036
1841.P15801,20,1841,1841:NAU121,female,hand,20260908,3,22.379819306996385,22.634988275613267,23.441225685261955
10317.000010743,57,10317,10317:e3d63efad86b6ba5702575dbdf508760336727d94a56fa3563ac83a3936884e3760920dec88797bbb8362b8e7199a290f7746e80e9991d22fa187e1e4b2b0f25,male,head,20260908,3,43.33053240519983,45.476264020892685,46.840596096494735
1841.F05246,33,1841,1841:NAU144,male,head,20260908,3,23.84877457308682,25.391756795620957,21.083759563624874
10317.000023967,37,10317,10317:9992b77d3934e6dedb1d00b22ce9dc2dbe00f7d81c1170230af7cace8324f4a479f87014fc077e6d8426aed7c84ab99cb32e3b88919ce65bb012aef6e28c6a0a,male,head,20260908,3,43.33053240519983,44.994970659793026,45.03863565814506
1841.P16262,20,1841,1841:NAU121,female,hand,20260908,3,22.379819306996385,25.230916243682785,24.281408250171236
1841.F05467,21,1841,1841:NAU153,female,head,20260908,3,22.364135447628158,21.88539366883116,22.944655345906067
1841.P16197,19,1841,1841:NAU107,female,hand,20260908,3,22.379819306996385,21.80313133047509,22.54534926662968
1841.P16337,32,1841,1841:NAU150,female,hand,20260908,3,22.379819306996385,26.508108262351687,24.85538789806827
1841.P16335,33,1841,1841:NAU144,male,hand,20260908,3,23.713954498349807,24.194796921828182,23.095189956067372
10317.000040124,46,10317,10317:103ec97d34a8daf110102310e23be292392f51db75531458f8f135039cb11fbaeed1ebd8c2cbfd97772d62c72352ab5c467dccf59885d5c82f03531039a41827,female,hand,20260908,3,50.674581268588824,41.25876242388199,43.6057326768544
10317.000015120,28,10317,10317:d031d7eaf91c489f64052f69777e1385468d8cbdc419eb3568de9547015ad04606d5d70ca9970521bd182907f9b00d2640e54727e0262ceaea9ccb7d9603385e,female,hand,20260908,3,50.674581268588824,42.80251047210118,46.2377934350578
1841.F05819,33,1841,1841:NAU144,male,head,20260908,3,23.84877457308682,23.474122572400432,20.336306614385414
1841.F05816,21,1841,1841:NAU154,female,head,20260908,3,22.364135447628158,26.18765732021246,24.68940958448716
10317.000007113,60,10317,10317:2c2e468c2481938c25962a208bec11d9f0eeca11f8a06d48aa50be31a747dd0327f6137458e4dfda584fc42b4c5f35613440eef5b177a1d0569e16e7432648dd,male,hand,20260908,3,42.40964286482793,39.073308779797436,45.78520938206869
10317.000007112,60,10317,10317:2c2e468c2481938c25962a208bec11d9f0eeca11f8a06d48aa50be31a747dd0327f6137458e4dfda584fc42b4c5f35613440eef5b177a1d0569e16e7432648dd,male,hand,20260908,3,42.40964286482793,45.8832003680477,47.866828521745546
10317.000007110,60,10317,10317:2c2e468c2481938c25962a208bec11d9f0eeca11f8a06d48aa50be31a747dd0327f6137458e4dfda584fc42b4c5f35613440eef5b177a1d0569e16e7432648dd,male,head,20260908,3,43.33053240519983,43.70760231411613,45.22387154286008
1841.F06467,22,1841,1841:CUB040,male,head,20260908,3,23.84877457308682,26.927783175770315,22.903721458290438
10317.000003421,38,10317,10317:2c1dc7180a23c9b4b53377ef49354e5a65ac187f6b2e4c844d48fd9ce66134f3da5f2dca02c0517797503a34ddc875a23897cd9d5727c990e46a58599759b35a,male,head,20260908,3,43.33053240519983,41.82155440278944,45.24979842642867
1841.P15783,22,1841,1841:NAU164,male,hand,20260908,3,23.713954498349807,27.108567816745314,22.985600069455554
1841.P15787,37,1841,1841:NAU148,male,hand,20260908,3,23.713954498349807,25.21184610163229,19.444873878789274
1841.P15784,21,1841,1841:NAU154,female,hand,20260908,3,22.379819306996385,23.2115769559986,24.876182588379162
1841.F05664,22,1841,1841:CUB040,male,head,20260908,3,23.84877457308682,24.009400191822074,21.24910561064821
1841.P16204,37,1841,1841:NAU148,male,hand,20260908,3,23.713954498349807,26.34879348490561,18.282355630978838
1841.P16200,21,1841,1841:NAU106,female,hand,20260908,3,22.379819306996385,25.10088758893327,24.28242754849763
10317.000015326,35,10317,10317:6eb269d94d6e32fa517a561269634737fc4de40944d6d037a2c1e867bbe9e8d13686a131c81709f95eabe5834b99badd054994b1cf967842aaca451c97a22451,female,hand,20260908,3,50.674581268588824,41.51407800833932,48.55444408975254
1841.F05484,21,1841,1841:NAU106,female,head,20260908,3,22.364135447628158,23.102227461060178,23.54564548086159
2010.3117,31,2010,2010:41,female,head,20260908,3,27.14521884628911,33.32027682963036,25.460242367402778
1841.F05832,21,1841,1841:NAU153,female,head,20260908,3,22.364135447628158,22.567002924159176,21.193707570605294
1841.F05343,21,1841,1841:NAU154,female,head,20260908,3,22.364135447628158,24.201003920507592,23.533884446833465
1841.F05345,22,1841,1841:NCS212,female,head,20260908,3,22.364135447628158,26.635139051796067,24.63568401692314
1841.F05835,19,1841,1841:NAU107,female,head,20260908,3,22.364135447628158,22.463693121114996,22.390865128915515
1841.P16016,19,1841,1841:NAU107,female,hand,20260908,3,22.379819306996385,22.558878738449046,24.0017658327578
1841.P16014,32,1841,1841:NAU150,female,hand,20260908,3,22.379819306996385,23.53218172860636,23.619267557275005
10317.000068950,39,10317,10317:aa8c21f5078bc7371b21ffbe19854212c26e4ba8b087307ab121b615566704bf41428d321554791b675f216db7f7d1922190d57c119c58c01ff5e6a1b7a11da3,male,hand,20260908,3,42.40964286482793,40.5472368341381,37.51383579943189
10317.000007829,37,10317,10317:33f6eb641f0e5c66654a93864fec0950724028557f530a644e104dc1d7f29bec16c25352f4cffae510cf433760537423b71c5a032a7e279e0c197c4df1d601a4,male,head,20260908,3,43.33053240519983,41.15208300615892,38.963136042950644
1841.F05644,22,1841,1841:CUB040,male,head,20260908,3,23.84877457308682,30.00646395421744,21.40502097295584
10317.000027340,55,10317,10317:41b53357cf00f0544b996f91bab7388aca97716b29b77d7791386ae687cbc26a2ab336f6353bae77995bc81fe3b1eb0b8fedcde9199244073099ff039c21ac0d,male,head,20260908,3,43.33053240519983,40.56104427974424,43.72904594958086
1841.P16228,32,1841,1841:NAU150,female,hand,20260908,3,22.379819306996385,24.21963929914685,23.464283046165395
1841.P16229,20,1841,1841:NAU121,female,hand,20260908,3,22.379819306996385,23.85186748657795,23.548388435730264
1841.P16225,37,1841,1841:NAU148,male,hand,20260908,3,23.713954498349807,26.90765227113574,17.89600537928647
1841.P16227,21,1841,1841:NAU153,female,hand,20260908,3,22.379819306996385,22.502669604700852,23.48287397073747
1841.P16488,22,1841,1841:NCS212,female,hand,20260908,3,22.379819306996385,22.445163577741695,22.97302549132213
10317.000015303,33,10317,10317:d440c033fc5b44bb83e8b5a7794daa4c8e7b24424bcd393f8e6a21ecc3792e9ddfa02679b7eb856a026af5426b34eb4083a5d61d8a1e5ffe59abee1fc9264b37,male,head,20260908,3,43.33053240519983,36.815639795683914,38.44565070955213
10317.000015302,33,10317,10317:d440c033fc5b44bb83e8b5a7794daa4c8e7b24424bcd393f8e6a21ecc3792e9ddfa02679b7eb856a026af5426b34eb4083a5d61d8a1e5ffe59abee1fc9264b37,male,hand,20260908,3,42.40964286482793,40.99363215595669,41.96352851442889
10317.000015301,33,10317,10317:d440c033fc5b44bb83e8b5a7794daa4c8e7b24424bcd393f8e6a21ecc3792e9ddfa02679b7eb856a026af5426b34eb4083a5d61d8a1e5ffe59abee1fc9264b37,male,hand,20260908,3,42.40964286482793,38.65773611430372,40.42440676222349
10317.000007034,43,10317,10317:24db95a0fff05317ac8b5599cf1761f34d17a8c471ebd2076362229133486e3aacd033d8185a95ec741839e8194f0f1ea58128c7c0ff69e8f994f15d4f5e3f1d,male,head,20260908,3,43.33053240519983,44.03165143365454,43.30404027381623
1841.F06550,22,1841,1841:CUB040,male,head,20260908,3,23.84877457308682,27.782346529271326,21.355525039358206
1841.F05580,21,1841,1841:NAU153,female,head,20260908,3,22.364135447628158,22.755412755647132,22.612923364462368
2010.3092,31,2010,2010:41,female,head,20260908,3,27.14521884628911,37.35885953254369,26.68369624953365
10317.000026072,42,10317,10317:d8c91d966b0e79c63575c2bf1ca811089c2e6f59c115850da307c43a39d0d4f9e3fea903d8a626f02f4f4d5d7f4da9fc7117333b148c82d8342d4ba550b09c59,female,head,20260908,3,47.950923728788766,42.950745803187544,47.54781227680575
2010.2946,23,2010,2010:39,female,head,20260908,3,27.14521884628911,28.728786850754638,24.69650254495776
1841.F05111,20,1841,1841:NAU121,female,head,20260908,3,22.364135447628158,24.883621579313555,23.148082090396127
1841.F05119,21,1841,1841:NAU106,female,head,20260908,3,22.364135447628158,22.768922084859586,23.3360208807008
1841.P16602,22,1841,1841:CUB040,male,hand,20260908,3,23.713954498349807,28.116981615708635,23.327558771522924
1841.P15803,21,1841,1841:NAU154,female,hand,20260908,3,22.379819306996385,22.860262307137315,23.292024026165986
1841.F05568,37,1841,1841:NAU148,male,head,20260908,3,23.84877457308682,24.231773358381822,19.00419717445076
1841.F05561,21,1841,1841:NAU106,female,head,20260908,3,22.364135447628158,23.44530543312897,23.173929845962007
1841.F05560,21,1841,1841:NAU154,female,head,20260908,3,22.364135447628158,22.716630077170425,22.528605730001267
1841.F05565,20,1841,1841:NAU121,female,head,20260908,3,22.364135447628158,22.43026627886003,22.404144991083673
10317.000015152,25,10317,10317:bf103398cbf34d2fdf0ce89d2a4729ec061457ba078a27fff88e775557fa7a6206e6693e016f411dfc8700f10c5787107d76b31f1914db25cee356c3ffb2ee1c,male,hand,20260908,3,42.40964286482793,42.44653441527031,45.63015915760731
1841.F05567,22,1841,1841:NAU164,male,head,20260908,3,23.84877457308682,26.55853466936938,19.523269669335345
10317.000015154,25,10317,10317:bf103398cbf34d2fdf0ce89d2a4729ec061457ba078a27fff88e775557fa7a6206e6693e016f411dfc8700f10c5787107d76b31f1914db25cee356c3ffb2ee1c,male,head,20260908,3,43.33053240519983,39.51256997201375,41.351798006207126
10317.000049807,66,10317,10317:4863e557347469643abb13187a4c07e6d82a136b7e8ada704bcc1c6ea30fc2961e36855c2dfe883650d88cef48ae1161802be7c3b874b5f003569b1f51adc309,female,hand,20260908,3,50.674581268588824,43.918212921613545,49.03165110306458
10317.000015330,35,10317,10317:6eb269d94d6e32fa517a561269634737fc4de40944d6d037a2c1e867bbe9e8d13686a131c81709f95eabe5834b99badd054994b1cf967842aaca451c97a22451,female,head,20260908,3,47.950923728788766,39.14873709209356,48.03740305952003
10317.000005161,29,10317,10317:80ed9beefa64e1af619f5d370d79a21b435d10677f5b936ec3554234d47090f2a865337c8ff29f55d3cfc78a4c4fcf22efe713697872112639889bda9805a03e,male,head,20260908,3,43.33053240519983,46.28419158788317,46.37714533416699
10317.000005160,29,10317,10317:80ed9beefa64e1af619f5d370d79a21b435d10677f5b936ec3554234d47090f2a865337c8ff29f55d3cfc78a4c4fcf22efe713697872112639889bda9805a03e,male,hand,20260908,3,42.40964286482793,46.20477572275839,47.87833396129819
1841.F05543,22,1841,1841:NAU164,male,head,20260908,3,23.84877457308682,24.757219830822777,19.987508275804775
1841.P15532,21,1841,1841:NAU154,female,hand,20260908,3,22.379819306996385,23.05936466490884,23.92063602215073
1841.F05891,20,1841,1841:NAU121,female,head,20260908,3,22.364135447628158,23.505246947862073,22.706429084065075
1841.F05893,33,1841,1841:NAU144,male,head,20260908,3,23.84877457308682,23.851624712093454,20.05004474260791
1841.P16393,33,1841,1841:NAU144,male,hand,20260908,3,23.713954498349807,22.943035181730025,20.903732879417728
10317.000004053,54,10317,10317:7c2ab4fd0ff794379f970934bd5bd789fb515903877b15c3dd2422a09212fc3a5ad62b4d2a149d5d34564a6e8e0488a0c4b1d673016c8a9c4870363225cb4059,female,hand,20260908,3,50.674581268588824,42.703017522463504,46.0754131233705
1841.P15708,19,1841,1841:NAU107,female,hand,20260908,3,22.379819306996385,22.514080650252527,24.294072872669656
1841.P15706,21,1841,1841:NAU153,female,hand,20260908,3,22.379819306996385,23.291815500471763,23.210009863332967
1841.P15707,21,1841,1841:NAU153,female,hand,20260908,3,22.379819306996385,22.27010529401155,24.642555772305727
1841.P15704,21,1841,1841:NAU106,female,hand,20260908,3,22.379819306996385,23.269936347734863,24.66643300700617
1841.F06201,37,1841,1841:NAU148,male,head,20260908,3,23.84877457308682,25.66581535761751,17.958980629740154
2010.3050,31,2010,2010:41,female,head,20260908,3,27.14521884628911,35.841951754692005,27.402046253123874
1841.F05155,19,1841,1841:NAU107,female,head,20260908,3,22.364135447628158,24.042628901939562,22.52793949588227
10317.000049004,28,10317,10317:1c1595cde947e2229328634b1257ec5f5c6bf890d5eb88d65618fda2567f5b28fe935303746ce0cd8771db48dc0a929a39b186bfef9fe0ee516d2a408a7ff58d,female,hand,20260908,3,50.674581268588824,36.54004695303426,43.995085742001535
10317.000049005,28,10317,10317:1c1595cde947e2229328634b1257ec5f5c6bf890d5eb88d65618fda2567f5b28fe935303746ce0cd8771db48dc0a929a39b186bfef9fe0ee516d2a408a7ff58d,female,hand,20260908,3,50.674581268588824,38.01555778261823,44.73944438536377
10317.000049008,28,10317,10317:1c1595cde947e2229328634b1257ec5f5c6bf890d5eb88d65618fda2567f5b28fe935303746ce0cd8771db48dc0a929a39b186bfef9fe0ee516d2a408a7ff58d,female,head,20260908,3,47.950923728788766,41.17047358387147,48.01049503567717
1841.P15517,33,1841,1841:NAU144,male,hand,20260908,3,23.713954498349807,26.059638432974037,22.779871739246865
1841.P15519,20,1841,1841:NAU121,female,hand,20260908,3,22.379819306996385,26.358978356063222,23.959224750345076
1841.F05527,33,1841,1841:NAU144,male,head,20260908,3,23.84877457308682,24.28698505898342,20.01082439960154
1841.F05521,19,1841,1841:NAU107,female,head,20260908,3,22.364135447628158,23.8606609015984,22.94014911968009
10317.000014483,35,10317,10317:93f03cfc2b6cd24d3e180ee0e8ddfaeabf4cd6cc8b2903861331b9492f02b3479c33fd6cf6ffb699ef212d9c6ec30f938596135b291ff81bd334193c180f7858,female,head,20260908,3,47.950923728788766,43.14211286076258,45.803033401676934
1841.P16094,37,1841,1841:NAU148,male,hand,20260908,3,23.713954498349807,24.25254713515651,19.386267707381094
10317.000069003,22,10317,10317:6c9d8d2f421f87624a87ae9bbee457570d9633bf4eaf97f36b65a13462bc290706c4dec83b825a291b12b7a777d237b75c8f935a0f1de4e6ee5b105ab5de7c0c,male,head,20260908,3,43.33053240519983,35.789641628991234,36.17731744864465
1841.P15724,32,1841,1841:NAU150,female,hand,20260908,3,22.379819306996385,27.32100799374236,26.85758304433305
1841.F06225,21,1841,1841:NAU153,female,head,20260908,3,22.364135447628158,22.267783405830276,23.07633054169163
1841.F06224,37,1841,1841:NAU148,male,head,20260908,3,23.84877457308682,24.577435576066087,18.88547235204026
1841.P15572,21,1841,1841:NAU153,female,hand,20260908,3,22.379819306996385,21.530689693272425,23.159081677623472
1841.F05058,22,1841,1841:NCS212,female,head,20260908,3,22.364135447628158,23.938585344394173,22.051196650627286
1841.P15748,22,1841,1841:NAU164,male,hand,20260908,3,23.713954498349807,26.07416632183177,23.334777637332884
1841.F06242,37,1841,1841:NAU148,male,head,20260908,3,23.84877457308682,27.505576326417337,21.34143357430654
1841.F05268,37,1841,1841:NAU148,male,head,20260908,3,23.84877457308682,23.802711198115606,16.960731888420483
10317.000003320,68,10317,10317:296d3619f89620d7a1813eded08db85d465fbadcd5c992b8a0df0a8fa6163430bd5551d6a56e69f72d9f2bd4931877236ea9dc795fe08d7859973e3711bf2616,female,head,20260908,3,47.950923728788766,44.07133586483392,45.50864945513006
1841.P15086,22,1841,1841:CUB040,male,hand,20260908,3,23.713954498349807,28.88274011063219,23.70984866842179
1841.P15224,22,1841,1841:CUB040,male,hand,20260908,3,23.713954498349807,25.96684049280291,22.72474645887205
1841.F05389,19,1841,1841:NCS241,female,head,20260908,3,22.364135447628158,22.78767699314576,21.599070271011644
1841.P16146,33,1841,1841:NAU144,male,hand,20260908,3,23.713954498349807,22.829176469546532,21.478155943907197
1841.F06291,21,1841,1841:NAU106,female,head,20260908,3,22.364135447628158,23.590413735569975,23.805585714349103
10317.000031072,52,10317,10317:704472fc9c96c860a14513fc1c6660f72e2d159bd1dcf6011fcde0750d69d6ace9a9260923b171897ac72f33ec8c0d03721a0dcd0c676e8988974e6e22e4265a,male,hand,20260908,3,42.40964286482793,41.28595468703044,43.10143862835927
1841.P15766,32,1841,1841:NAU150,female,hand,20260908,3,22.379819306996385,24.088933878621383,24.417726485414683
10317.000012954,63,10317,10317:9d63053308a543f47f4cbdce91e1eacc49775ab0a34b4fe6f4f120e15d3d44f6915ce2e76324bbbb7aba1077216d23ad37b43118ddc87124bf0fd47327d12161,female,head,20260908,3,47.950923728788766,49.220127624219586,50.90570280038855
1841.P16267,20,1841,1841:NAU121,female,hand,20260908,3,22.379819306996385,23.34852343403124,23.82706599520005
1841.F05465,21,1841,1841:NAU154,female,head,20260908,3,22.364135447628158,22.859091007106834,22.313701008264992
10317.000033105,37,10317,10317:d0877d5558ae6f23aaebeb97d4f2a1816b79dbb8359440bb51b3f59ad2316a7771768fe5cddd4ede663af3eb0a7e38d2b521a40f417c3ea7bd1a63ed195e9e9c,male,head,20260908,3,43.33053240519983,41.408016852435736,40.15144407733817
2010.3011,31,2010,2010:41,female,head,20260908,3,27.14521884628911,33.47049516542968,25.61575631165259
10317.000015215,33,10317,10317:356171d003a70eda05dbc44ca7f1c23e803cbba14631a5247db7774ba0e837cd853a804b6bc41bc084b8849021f84c1c780ad04856231b70f72faf5ef5b4bcbf,male,hand,20260908,3,42.40964286482793,43.7328769608632,43.223957424204926
10317.000015211,33,10317,10317:356171d003a70eda05dbc44ca7f1c23e803cbba14631a5247db7774ba0e837cd853a804b6bc41bc084b8849021f84c1c780ad04856231b70f72faf5ef5b4bcbf,male,head,20260908,3,43.33053240519983,42.32792202456936,43.54267299298307
1841.F06285,21,1841,1841:NAU154,female,head,20260908,3,22.364135447628158,23.2195277774207,22.175589958232475
1841.F06284,21,1841,1841:NAU153,female,head,20260908,3,22.364135447628158,23.004587335407653,22.226544243862637
1841.F06202,32,1841,1841:NAU150,female,head,20260908,3,22.364135447628158,28.078249065068917,27.02192735716612
1841.F05223,21,1841,1841:NAU106,female,head,20260908,3,22.364135447628158,23.578340623836947,23.180073895302357
10317.000023667,41,10317,10317:4f4512f9ca8dd41284a2463c8496ef3405ebc0188c8fcb1bacb236d71b61de04174823da6ad26715031b7936e03c152bc15cd335c36b25dee976cfdc089dd6e2,male,head,20260908,3,43.33053240519983,42.83626870178722,43.95918433441848
1841.P16312,37,1841,1841:NAU148,male,hand,20260908,3,23.713954498349807,22.744044687196862,18.301421177065535
1841.P16316,33,1841,1841:NAU144,male,hand,20260908,3,23.713954498349807,22.464599619130865,20.57484753269197
1841.P16317,21,1841,1841:NAU154,female,hand,20260908,3,22.379819306996385,23.11562896944065,24.133831364346047
10317.000004059,66,10317,10317:f57b4981ac785615aba8f290342788db9294e4ab6b643dfb22eed77da0a189aacfb59ca5f5cf63c481d99849f549972a540d8f2170fbc94b25f2f659ad1687d8,male,hand,20260908,3,42.40964286482793,45.47771547649392,45.42514231223982
10317.000004058,66,10317,10317:f57b4981ac785615aba8f290342788db9294e4ab6b643dfb22eed77da0a189aacfb59ca5f5cf63c481d99849f549972a540d8f2170fbc94b25f2f659ad1687d8,male,head,20260908,3,43.33053240519983,47.72960982887637,46.24700566773377
1841.P15045,22,1841,1841:CUB040,male,hand,20260908,3,23.713954498349807,23.58943610209235,21.04194850638318
1841.P15596,19,1841,1841:NAU107,female,hand,20260908,3,22.379819306996385,22.424135586635582,22.294839613806804
1841.F05084,22,1841,1841:NCS212,female,head,20260908,3,22.364135447628158,23.67579532191664,23.721518955357034
1841.P16442,22,1841,1841:NCS212,female,hand,20260908,3,22.379819306996385,23.884980514277395,23.63248810744434
10317.000028823,30,10317,10317:98f1f8c9217912fbbec5cd8e5c39acc05c729d5d4b5113f922efc048b9e4b68d2de8c43cb8721151f190923c84f990227a8cdf3359af1f0a5fc59ecd028dabf4,male,head,20260908,3,43.33053240519983,36.83674255803107,37.942014176794736
1841.P16101,20,1841,1841:NAU121,female,hand,20260908,3,22.379819306996385,25.346790357212235,24.30593273699988
1841.P16103,21,1841,1841:NAU154,female,hand,20260908,3,22.379819306996385,22.320487238455982,23.64031699829267
10317.000049759,52,10317,10317:00069244bd1f2b8987ec0be407f83eec727bd40dde9ff15d05497f7db0f60f551d4af74463256aae7abd00d1a3180ca506bd16e684d859304c2864b1c7e4a8f6,male,hand,20260908,3,42.40964286482793,41.8151896093883,43.87831488139197
1841.P15310,22,1841,1841:NCS212,female,hand,20260908,3,22.379819306996385,22.95198546245421,23.93486903516181
10317.000004056,52,10317,10317:6d4586a1f7c90185bb4ec90e82083cc45b12d79db4919f699dc24cc403347dfd5df17e6008b69cf2b3109ddb41512f4d7a52c91b647c1b59bfd31e8057bfcb0f,male,hand,20260908,3,42.40964286482793,45.825222167987945,47.192197532469685
10317.000069022,23,10317,10317:5bdd4aaf66380106e9a8cb6501a1fb4b37d078e2284e7a3cc179877b6b0db9ae596a7d760657f364b5592c1578ae5b8068df09c4ebd6be82e32cfcd9e5fd6c55,male,hand,20260908,3,42.40964286482793,35.79946593761336,38.154657371913025
1841.F05201,19,1841,1841:NAU107,female,head,20260908,3,22.364135447628158,22.693868827931322,21.68474046560944
1841.P16371,20,1841,1841:NAU121,female,hand,20260908,3,22.379819306996385,22.86453395562771,23.804458108011662
1841.P16379,21,1841,1841:NAU153,female,hand,20260908,3,22.379819306996385,22.237786571067815,23.473679959016277
1841.F05885,37,1841,1841:NAU148,male,head,20260908,3,23.84877457308682,22.955968930987314,19.17689246109844
1841.F06584,22,1841,1841:CUB040,male,head,20260908,3,23.84877457308682,24.139422140359645,22.175027773309402
1841.P15060,22,1841,1841:CUB040,male,hand,20260908,3,23.713954498349807,26.454856992986596,24.208013178086503
10317.000003385,57,10317,10317:e36b03fa22764e26a56edd5b75a454e7ebf99d597c381d00186fa32b482bff3046c06024a335a9f1c29fb95217a131573eb7860fa709d5a472294e56d5762d4c,female,head,20260908,3,47.950923728788766,50.502044735305645,53.10330191304781
1841.P15241,23,1841,1841:CUB013,male,hand,20260908,3,23.713954498349807,35.001184275980805,23.784163367340184
10317.000007122,60,10317,10317:2c2e468c2481938c25962a208bec11d9f0eeca11f8a06d48aa50be31a747dd0327f6137458e4dfda584fc42b4c5f35613440eef5b177a1d0569e16e7432648dd,male,hand,20260908,3,42.40964286482793,46.94278435162305,50.648926476295166
10317.000007123,60,10317,10317:2c2e468c2481938c25962a208bec11d9f0eeca11f8a06d48aa50be31a747dd0327f6137458e4dfda584fc42b4c5f35613440eef5b177a1d0569e16e7432648dd,male,hand,20260908,3,42.40964286482793,47.66036033162807,48.562618671141074
10317.000007121,60,10317,10317:2c2e468c2481938c25962a208bec11d9f0eeca11f8a06d48aa50be31a747dd0327f6137458e4dfda584fc42b4c5f35613440eef5b177a1d0569e16e7432648dd,male,head,20260908,3,43.33053240519983,57.354151603198474,54.93628976662112
1841.P16296,21,1841,1841:NAU154,female,hand,20260908,3,22.379819306996385,26.234671214202468,23.951295314050725
1841.P16290,21,1841,1841:NAU153,female,hand,20260908,3,22.379819306996385,22.740499526515148,23.66030638600827
10317.000015118,28,10317,10317:d031d7eaf91c489f64052f69777e1385468d8cbdc419eb3568de9547015ad04606d5d70ca9970521bd182907f9b00d2640e54727e0262ceaea9ccb7d9603385e,female,hand,20260908,3,50.674581268588824,39.82431416244686,48.46979117701588
2010.2114,34,2010,2010:25,female,head,20260908,3,27.14521884628911,41.11566657831634,25.606981595494098
10317.000015116,28,10317,10317:d031d7eaf91c489f64052f69777e1385468d8cbdc419eb3568de9547015ad04606d5d70ca9970521bd182907f9b00d2640e54727e0262ceaea9ccb7d9603385e,female,head,20260908,3,47.950923728788766,46.59824004871527,47.58494025328448
10317.000069046,33,10317,10317:65a6735483d4ca756511921efab48bd0d5eefe9702c613c1e3f7065f8b20659da904045df6fb243bf7e1be352dea97d0ceb0c7ccdca5fabb1fd01324d1e414cf,male,hand,20260908,3,42.40964286482793,35.28462956620672,37.132646164039926
1841.F05412,21,1841,1841:NAU106,female,head,20260908,3,22.364135447628158,24.86686110764234,25.191195152028154
1841.F05414,32,1841,1841:NAU150,female,head,20260908,3,22.364135447628158,23.999246248033018,22.765084915477598
1841.F05419,20,1841,1841:NAU121,female,head,20260908,3,22.364135447628158,24.23498850108225,23.886600197967187
1841.P16122,33,1841,1841:NAU144,male,hand,20260908,3,23.713954498349807,26.368281559932587,21.61561734684707
10317.000005890,56,10317,10317:33ba8a7afe558034e3f527d8bcded781b3a03f65b84046973746dc39322e5974f8eea69a05cf01664cb731c14698655a03f89a9740b6d8a90c6d209b076ef538,male,hand,20260908,3,42.40964286482793,42.18090279199625,46.81517687538844
10317.000031935,40,10317,10317:1975e7358673c93bbe5c29e1d1c529a83458e54503ca2e451dd8757d3f8bb013669586401169beb5fc69b14ab9cb93ec3b7361560a74fadc26bf03b377c16c85,female,head,20260908,3,47.950923728788766,40.57307251980256,45.01856610858455
1841.F05455,21,1841,1841:NAU153,female,head,20260908,3,22.364135447628158,23.25401880350929,22.877645718825494
1841.P15580,23,1841,1841:NAU100,male,hand,20260908,3,23.713954498349807,25.677333633025626,21.21620364332081
2010.3180,31,2010,2010:41,female,head,20260908,3,27.14521884628911,38.45233165185415,28.6422120302087
1841.P16354,22,1841,1841:NAU164,male,hand,20260908,3,23.713954498349807,28.057942711904122,23.11711777884182
1841.F05496,19,1841,1841:NAU107,female,head,20260908,3,22.364135447628158,23.007397066781248,22.331840639881346
10317.000005363,67,10317,10317:673c8ce01f6c4b5120fb00380499db5eeb6a2fb55f33a66a36d79a28f321105b432b54532ecd02900640e027e6baa65fe94b194fa11f3a0eaf97f6abf95c9417,unknown,hand,20260908,3,43.145726830849554,44.905711782665136,44.923425924989246
10317.000068811,23,10317,10317:aa700130bf2ad84f7dfbd70f11a1ed544685dac3b0af8c4231219413d86330f5973915da8180c4eaa587cffc3aa156c9dafbf597461ddd6251fef35831bd365a,male,head,20260908,3,43.33053240519983,38.38272974192052,39.631231183117606
1841.F05433,32,1841,1841:NAU150,female,head,20260908,3,22.364135447628158,24.77892775627151,23.56590257672788
1841.F05432,32,1841,1841:NAU150,female,head,20260908,3,22.364135447628158,25.33457687141076,23.576839303179376
1841.F06210,37,1841,1841:NAU148,male,head,20260908,3,23.84877457308682,25.296810575944335,18.83000471480586
1841.F06362,22,1841,1841:CUB040,male,head,20260908,3,23.84877457308682,24.51474578373017,20.98704268578823
1841.P15283,22,1841,1841:CUB040,male,hand,20260908,3,23.713954498349807,25.64547912615103,22.353423074808614
10317.000015503,58,10317,10317:39bccde315a4d2e26bd21d11d8612666496433302b42a988f2e86dbe04d585b4ed30f82357ad21121e121b84ba5b37d2ecaf536b10e6faf7bae853217d2e1db6,male,head,20260908,3,43.33053240519983,41.760821977233846,42.23353507693571
10317.000015502,58,10317,10317:39bccde315a4d2e26bd21d11d8612666496433302b42a988f2e86dbe04d585b4ed30f82357ad21121e121b84ba5b37d2ecaf536b10e6faf7bae853217d2e1db6,male,hand,20260908,3,42.40964286482793,44.54245684522865,45.29182953101027
1841.F05520,21,1841,1841:NAU154,female,head,20260908,3,22.364135447628158,24.348332437578772,23.532248106471926
1841.F05840,33,1841,1841:NAU144,male,head,20260908,3,23.84877457308682,24.700260446790047,21.540012162778364
1841.F05848,21,1841,1841:NAU153,female,head,20260908,3,22.364135447628158,22.144042700827733,22.451562310225945
1841.F05849,33,1841,1841:NAU144,male,head,20260908,3,23.84877457308682,26.922784195206333,20.770024054862134
1841.P16063,22,1841,1841:NAU164,male,hand,20260908,3,23.713954498349807,27.57544514695831,23.08335570228121
1841.P16065,21,1841,1841:NAU106,female,hand,20260908,3,22.379819306996385,25.372854904329838,24.37822008299667
10317.000013184,46,10317,10317:c1aeed7ec49ba28fab9705a2a7ef17c7dae7622554dfbffbae7e5be56e0b5ca0fba918409d646af5cd04454fb08cc22ab4f708b179204f985182cefea9e199bd,male,head,20260908,3,43.33053240519983,40.29907845454087,40.89906734664551
10317.000009059,50,10317,10317:d2b0d78183a7fb7003716446b4a9280723b3b3e47823c3e6d1a251d445558a0bbde902b411f4f4015c7f8faa15d573d3a103491eb53d1fb0ff68fedb2e2dd4d7,female,head,20260908,3,47.950923728788766,40.01696861138261,45.452291483781245
1841.P16279,37,1841,1841:NAU148,male,hand,20260908,3,23.713954498349807,28.334831461987534,24.792255789864907
1841.P16276,32,1841,1841:NAU150,female,hand,20260908,3,22.379819306996385,25.853447172619052,26.60705586551727
1841.P16275,37,1841,1841:NAU148,male,hand,20260908,3,23.713954498349807,24.04412775388419,22.106446364281144
1841.P16270,32,1841,1841:NAU150,female,hand,20260908,3,22.379819306996385,26.403535544316792,25.8447502790014
1841.F05471,20,1841,1841:NAU121,female,head,20260908,3,22.364135447628158,22.796639159451665,22.2291681298622
1841.F05470,19,1841,1841:NAU107,female,head,20260908,3,22.364135447628158,23.60825898315328,22.88930407104827
1841.F06031,22,1841,1841:NCS212,female,head,20260908,3,22.364135447628158,23.562842155801725,23.023160336505704
1841.P16180,32,1841,1841:NAU150,female,hand,20260908,3,22.379819306996385,28.112030431272167,26.141375481722314
1841.P15365,22,1841,1841:NCS212,female,hand,20260908,3,22.379819306996385,22.979981553346253,22.24148086775251
1841.F05808,21,1841,1841:NAU154,female,head,20260908,3,22.364135447628158,22.73941513211734,23.022357046602696
1841.F05864,33,1841,1841:NAU144,male,head,20260908,3,23.84877457308682,23.71683285464536,20.422749025126944
1841.F05866,22,1841,1841:NAU164,male,head,20260908,3,23.84877457308682,26.973484414890663,22.607400635937807
10317.000005651,65,10317,10317:5e5f5fc79a512a180eb0cd63fa75b7307715996b1aff58edbefb0ed0d6548904bf74f95a466efb9525a910f69150d98cfae7b1c55b9bf3e278b402a8439e8d4c,male,hand,20260908,3,42.40964286482793,45.13663558407687,46.34286148490578
10317.000005650,65,10317,10317:5e5f5fc79a512a180eb0cd63fa75b7307715996b1aff58edbefb0ed0d6548904bf74f95a466efb9525a910f69150d98cfae7b1c55b9bf3e278b402a8439e8d4c,male,hand,20260908,3,42.40964286482793,43.14706381651053,45.24558168489317
10317.000005652,65,10317,10317:5e5f5fc79a512a180eb0cd63fa75b7307715996b1aff58edbefb0ed0d6548904bf74f95a466efb9525a910f69150d98cfae7b1c55b9bf3e278b402a8439e8d4c,male,head,20260908,3,43.33053240519983,46.279576372161564,44.557669413150435
1841.P15797,21,1841,1841:NAU153,female,hand,20260908,3,22.379819306996385,22.764811334498837,22.907611337491705
1841.P15796,37,1841,1841:NAU148,male,hand,20260908,3,23.713954498349807,24.086749023545895,20.11571286098505
1841.P15799,21,1841,1841:NAU154,female,hand,20260908,3,22.379819306996385,22.869043369824617,23.318154194981336
1841.P15798,21,1841,1841:NAU106,female,hand,20260908,3,22.379819306996385,25.434895896318583,25.890629613342
1841.P15427,22,1841,1841:NCS212,female,hand,20260908,3,22.379819306996385,23.4501257162976,24.664419397882202
1841.P15420,22,1841,1841:NCS212,female,hand,20260908,3,22.379819306996385,25.3579234205337,24.182114422219207
1841.F05679,22,1841,1841:CUB040,male,head,20260908,3,23.84877457308682,27.61666688477671,21.633819072783282
1841.P16217,37,1841,1841:NAU148,male,hand,20260908,3,23.713954498349807,28.77239598150709,23.698124589050092
10317.000063380,40,10317,10317:df013012aa4de39f899aadbdfdd44572d593e9fa5238274ea143331982f2a039f09b846fef6ce0988eeda26205379399dfdb557ef64371f78334d6ee7beed928,male,head,20260908,3,43.33053240519983,36.30048794087748,36.377746347422594
10317.000063387,40,10317,10317:df013012aa4de39f899aadbdfdd44572d593e9fa5238274ea143331982f2a039f09b846fef6ce0988eeda26205379399dfdb557ef64371f78334d6ee7beed928,male,hand,20260908,3,42.40964286482793,35.87483107815102,35.246238701721765
10317.000020763,51,10317,10317:271445d9d2f17a19777c6abc5576840700fc57ecb19654f09610d4d1187e722ba995215d7e0cdfd20bd17f6a11fcb5232973c72d5d66bf7a0933e78b7d8aeabc,female,head,20260908,3,47.950923728788766,47.518481909239355,52.355615886315555
1841.F05805,33,1841,1841:NAU144,male,head,20260908,3,23.84877457308682,23.578478882228882,20.648383599265703
1841.F05803,33,1841,1841:NAU144,male,head,20260908,3,23.84877457308682,23.994277370290543,20.39045731172994
1841.F05416,21,1841,1841:NAU154,female,head,20260908,3,22.364135447628158,24.588720724633554,23.699300276503457
1841.F05822,33,1841,1841:NAU144,male,head,20260908,3,23.84877457308682,24.018886962710496,19.525161658561323
1841.F06478,20,1841,1841:CUB049,female,head,20260908,4,21.833348077733014,23.0875,22.155761401193384
1841.F06471,21,1841,1841:CUB032,female,head,20260908,4,21.833348077733014,23.95,23.051190353037427
1841.F06382,23,1841,1841:CUB028,male,head,20260908,4,24.781867231084227,22.46875,21.19170142997043
1841.F05651,21,1841,1841:CUB029,male,head,20260908,4,24.781867231084227,23.975,21.538116502053995
1841.F05650,20,1841,1841:CUB051,male,head,20260908,4,24.781867231084227,25.0375,20.8924548098288
1841.P16497,22,1841,1841:NCS255,female,hand,20260908,4,21.862243038410803,22.0875,22.743728318067806
1841.P16496,27,1841,1841:NCS214,male,hand,20260908,4,24.713701034186272,24.925,22.557378186060287
1841.P16494,23,1841,1841:NCS203,female,hand,20260908,4,21.862243038410803,25.775,24.529847887432048
1841.P15336,23,1841,1841:NCS203,female,hand,20260908,4,21.862243038410803,23.36875,24.707750771656993
2010.2652,26,2010,2010:33,female,head,20260908,4,27.32405273249801,25.875,25.981794955271685
1841.P16559,41,1841,1841:CUB050,female,hand,20260908,4,21.862243038410803,27.74375,27.035628252713657
10317.000004238,58,10317,10317:37d8f6f7e4e484018175eb77bb7510245502c3c3d85c9a1874de9d25b0c5fe27d21dbcbe36e8c6663360590a8287912cd7e945311f2e50e46afc4ca3b709cc02,male,head,20260908,4,41.56061647023097,40.4375,42.6182261494513
10317.000004236,58,10317,10317:37d8f6f7e4e484018175eb77bb7510245502c3c3d85c9a1874de9d25b0c5fe27d21dbcbe36e8c6663360590a8287912cd7e945311f2e50e46afc4ca3b709cc02,male,hand,20260908,4,42.56704864343564,45.81875,45.13526827161154
10317.000004237,58,10317,10317:37d8f6f7e4e484018175eb77bb7510245502c3c3d85c9a1874de9d25b0c5fe27d21dbcbe36e8c6663360590a8287912cd7e945311f2e50e46afc4ca3b709cc02,male,hand,20260908,4,42.56704864343564,44.025,43.95979007274535
10317.000049240,56,10317,10317:bd91fc26c20a7652fc421fee2aa75624e4db7f68e0e4fde846745c30bb976e46e87f9660bdf0cea293a6b1ddf22122f6376d2be385445805fa204dd33e6dc905,male,hand,20260908,4,42.56704864343564,45.575,43.47227148818926
10317.000049241,56,10317,10317:bd91fc26c20a7652fc421fee2aa75624e4db7f68e0e4fde846745c30bb976e46e87f9660bdf0cea293a6b1ddf22122f6376d2be385445805fa204dd33e6dc905,male,hand,20260908,4,42.56704864343564,42.01875,43.77506724178633
1841.F06458,21,1841,1841:CUB026,male,head,20260908,4,24.781867231084227,23.275,22.543583879297987
1841.F06459,23,1841,1841:CUB028,male,head,20260908,4,24.781867231084227,23.75,22.842284857578946
1841.F05109,21,1841,1841:NAU124,female,head,20260908,4,21.833348077733014,22.68125,23.775499656486126
1841.P15122,27,1841,1841:NCS214,male,hand,20260908,4,24.713701034186272,26.4875,23.685334409372807
10317.000063344,29,10317,10317:e8fffa963380c63cba1d064de83b3a91000831ddbab3f8b56168ee1903063a0900f0a9b07f79b2f4a728ad7af62c82a718d51b95ccc1f12d6d1d3ce257c151f7,female,head,20260908,4,47.43351121786001,34.45625,36.30485311358926
1841.P15693,20,1841,1841:CUB049,female,hand,20260908,4,21.862243038410803,22.9,24.118802422691967
10317.000063164,29,10317,10317:03c0867966fe2299eb3b09291d5f0834310bdf5fceed9c9b7b397570bf8f2d2adaeb945c824ff0cb407abaf691b8173cfa03c4f8eb17e6dd9f6eda17502e66e4,male,head,20260908,4,41.56061647023097,36.35,36.757866557170864
1841.F05590,28,1841,1841:NAU103,female,head,20260908,4,21.833348077733014,28.325,22.453603081210854
1841.P16574,20,1841,1841:CUB049,female,hand,20260908,4,21.862243038410803,22.08125,23.668562406027498
1841.P16544,20,1841,1841:CUB051,male,hand,20260908,4,24.713701034186272,30.175,26.71374307185853
10317.000003410,49,10317,10317:d1910a1a76a8f78681bcb07a5bd97d35113c3770a82cd58a4cc41bbd0f24a54931c4699e445992cd3590ec9d1ae2db92ad3f118ade23b3ab902226bfb6b6915f,male,head,20260908,4,41.56061647023097,43.15,42.96076926414456
2010.1566,35,2010,2010:9,female,head,20260908,4,27.32405273249801,35.8875,30.197094260985683
1841.F06551,20,1841,1841:CUB049,female,head,20260908,4,21.833348077733014,22.5875,21.723142963674878
1841.F06555,20,1841,1841:CUB051,male,head,20260908,4,24.781867231084227,24.7875,22.458565182161205
1841.F06005,27,1841,1841:NCS253,female,head,20260908,4,21.833348077733014,28.89375,25.959969471154402
1841.F06556,41,1841,1841:CUB050,female,head,20260908,4,21.833348077733014,27.95,25.974996126679528
10317.000005219,40,10317,10317:1d0709acc0c4aa263f168023a3a96ba1e15b95b6c4da81b87f5ddab0fd7d047df0459ece7e25369bc5583a334c204f19a8ed16ff150ddaef72703a971dafa3b9,male,hand,20260908,4,42.56704864343564,35.5875,38.40563192532614
1841.P16439,23,1841,1841:NCS203,female,hand,20260908,4,21.862243038410803,27.9625,27.355019824424105
1841.P16435,22,1841,1841:NCS255,female,hand,20260908,4,21.862243038410803,22.73125,24.115718153635665
10317.000063308,25,10317,10317:42aad521c038df949fad8060826afdde769401bb8b33ad632fd3209cd6d04c4e5106446ce4aef7bc16b30a904ca2d9896b24cf2ebff3881ae31264873b61c661,male,head,20260908,4,41.56061647023097,36.3375,39.43789026014617
1841.F06579,21,1841,1841:CUB033,female,head,20260908,4,21.833348077733014,25.55625,25.47552942871096
10317.000007695,53,10317,10317:2001cd96b41443702fff754af1697cfbdfad013781990354ba66abf4ba4c1619b3b03ab3cbeff986588254af06fd1bb16cb541da65af96468b507f8eedd4e51f,female,hand,20260908,4,48.15726572993363,39.925,45.91998019978306
10317.000007696,53,10317,10317:2001cd96b41443702fff754af1697cfbdfad013781990354ba66abf4ba4c1619b3b03ab3cbeff986588254af06fd1bb16cb541da65af96468b507f8eedd4e51f,female,hand,20260908,4,48.15726572993363,40.0875,44.45803719082903
1841.P15385,22,1841,1841:NCS255,female,hand,20260908,4,21.862243038410803,24.225,25.317431814130305
10317.000048946,25,10317,10317:fd658c211decf8560568703bb1621dc7ab2972b0403502579cb6058df268644a35e2777929b99fcec24a21c8dac8e433694e070c10166c3c162dc7d93491b7c9,unknown,hand,20260908,4,41.811820092594004,39.80625,40.537948422187846
10317.000048947,25,10317,10317:fd658c211decf8560568703bb1621dc7ab2972b0403502579cb6058df268644a35e2777929b99fcec24a21c8dac8e433694e070c10166c3c162dc7d93491b7c9,unknown,head,20260908,4,37.498545479105154,42.21875,40.01424213465999
1841.P15735,21,1841,1841:NAU124,female,hand,20260908,4,21.862243038410803,22.3125,23.011393114854684
1841.P15006,21,1841,1841:CUB032,female,hand,20260908,4,21.862243038410803,24.11875,23.940019669676406
10317.000015057,80,10317,10317:8dd14dd80ae9b69218b4942e80486ca4299a19f9342258835b868633bfa7bff6581b9102dd034b2a58f5ea1a74b8a2ec5b06b38aca104935d0e20a6925b670f2,unknown,head,20260908,4,37.498545479105154,45.93125,46.18758799645535
1841.P16417,22,1841,1841:NCS255,female,hand,20260908,4,21.862243038410803,21.7125,22.772096003130404
1841.P16414,23,1841,1841:NCS203,female,hand,20260908,4,21.862243038410803,24.83125,24.345817953103616
1841.P16413,27,1841,1841:NCS253,female,hand,20260908,4,21.862243038410803,25.23125,25.52284855649475
2010.1617,28,2010,2010:13,female,head,20260908,4,27.32405273249801,38.75,27.85679155013959
10317.000063327,36,10317,10317:5cac11f98d016720bf90c511d008405a6bd9d9a9f5d68939414a0cad29cedd0b2aba4673b7615fc76fb17b76523634ebb166e93c77804249ebc70ba37d6de287,female,hand,20260908,4,48.15726572993363,32.66875,37.062287087983435
10317.000036462,38,10317,10317:da8f8a7d664c63431a657d0d888c46bf1f7bec532219c7d97227d8de3bc94ea035161f6a5e94118648a14d399a93b7d0e7cb68f1add742cb0d0d825f410a501d,male,hand,20260908,4,42.56704864343564,40.65,43.78797575256794
10317.000063320,36,10317,10317:5cac11f98d016720bf90c511d008405a6bd9d9a9f5d68939414a0cad29cedd0b2aba4673b7615fc76fb17b76523634ebb166e93c77804249ebc70ba37d6de287,female,head,20260908,4,47.43351121786001,35.1875,39.50583915176458
10317.000034638,64,10317,10317:b03b7d707e125ba38f6ae4345eb6389f63c2caed719f3d69552e392dbe3d40c17b9f8b97c1e801df3731171dea8ebdb990b7f88d87da78c626beccba0003cf7f,female,head,20260908,4,47.43351121786001,43.68125,48.169096919551855
10317.000034639,64,10317,10317:b03b7d707e125ba38f6ae4345eb6389f63c2caed719f3d69552e392dbe3d40c17b9f8b97c1e801df3731171dea8ebdb990b7f88d87da78c626beccba0003cf7f,female,hand,20260908,4,48.15726572993363,41.6625,47.66494278894079
1841.F05536,28,1841,1841:NAU103,female,head,20260908,4,21.833348077733014,24.2625,23.26417097132247
2010.1420,35,2010,2010:9,female,head,20260908,4,27.32405273249801,36.36875,28.298519321377547
1841.P15975,21,1841,1841:CUB032,female,hand,20260908,4,21.862243038410803,23.0875,24.48441874912438
1841.P16000,21,1841,1841:CUB029,male,hand,20260908,4,24.713701034186272,23.43125,21.898419748644287
10317.000009093,35,10317,10317:360142d429f5a04200879be165fb723bf12539081381440cf759835fb3170ff29aaa9a46fc10cd08978857e2a1b86e035e65a80f5deb8234c611dcce54708792,male,head,20260908,4,41.56061647023097,38.8375,41.211643338515636
10317.000069111,29,10317,10317:03c0867966fe2299eb3b09291d5f0834310bdf5fceed9c9b7b397570bf8f2d2adaeb945c824ff0cb407abaf691b8173cfa03c4f8eb17e6dd9f6eda17502e66e4,male,head,20260908,4,41.56061647023097,32.1,34.231222022432384
10317.000069118,29,10317,10317:03c0867966fe2299eb3b09291d5f0834310bdf5fceed9c9b7b397570bf8f2d2adaeb945c824ff0cb407abaf691b8173cfa03c4f8eb17e6dd9f6eda17502e66e4,male,hand,20260908,4,42.56704864343564,33.39375,33.82046632364685
1841.F06247,21,1841,1841:NAU124,female,head,20260908,4,21.833348077733014,25.50625,25.4664106891681
1841.F06531,21,1841,1841:CUB026,male,head,20260908,4,24.781867231084227,23.9625,22.107852913844383
1841.F06537,41,1841,1841:CUB050,female,head,20260908,4,21.833348077733014,28.575,24.392653601949444
1841.F06534,21,1841,1841:CUB033,female,head,20260908,4,21.833348077733014,23.88125,23.188168282557026
1841.F06538,20,1841,1841:CUB049,female,head,20260908,4,21.833348077733014,23.5125,24.051985800258553
10317.000005597,74,10317,10317:7ba032cf20a095821627a110ab26bb5c1b92a9eec7dc65f29d2b0b7c0f2dece8e620882864fff5d7d829b5d72d5061c1b402d6fba6e4e8a623373670f402b87e,male,hand,20260908,4,42.56704864343564,41.825,45.00699254513238
1841.P15956,21,1841,1841:CUB033,female,hand,20260908,4,21.862243038410803,22.875,24.69517890962799
1841.P15959,21,1841,1841:CUB029,male,hand,20260908,4,24.713701034186272,23.2125,22.56981679284616
1841.P15682,20,1841,1841:CUB051,male,hand,20260908,4,24.713701034186272,29.5625,26.21627175609344
2010.1653,28,2010,2010:13,female,head,20260908,4,27.32405273249801,40.7375,30.960441004795804
10317.000066843,27,10317,10317:75e7facbcee6190c9bd0ec55d33af511592981c1851bc62c90ffa060b30d59451c3407b0344a1357b33b8a653eb1ab6517c15e9f6f193c447e3882c2ada31e9a,male,hand,20260908,4,42.56704864343564,34.75,33.378150364554074
1841.F06088,22,1841,1841:NCS255,female,head,20260908,4,21.833348077733014,22.33125,24.01425902548781
1841.F06085,23,1841,1841:NCS203,female,head,20260908,4,21.833348077733014,26.74375,24.780595441279047
1841.P15540,28,1841,1841:NAU103,female,hand,20260908,4,21.862243038410803,25.8125,23.328466195015785
1841.F05060,23,1841,1841:NCS203,female,head,20260908,4,21.833348077733014,27.03125,22.95386841621929
1841.F05063,23,1841,1841:NCS203,female,head,20260908,4,21.833348077733014,23.84375,24.25107935245538
1841.F05065,23,1841,1841:NCS203,female,head,20260908,4,21.833348077733014,33.00625,24.680335268317627
1841.F05066,22,1841,1841:NCS255,female,head,20260908,4,21.833348077733014,23.075,23.4225732788601
1841.F05068,23,1841,1841:NCS203,female,head,20260908,4,21.833348077733014,24.9625,22.827834230640754
1841.P16462,27,1841,1841:NCS253,female,hand,20260908,4,21.862243038410803,36.95,30.070922522059654
1841.P15935,21,1841,1841:CUB033,female,hand,20260908,4,21.862243038410803,23.73125,24.71292869601434
1841.P15934,21,1841,1841:CUB029,male,hand,20260908,4,24.713701034186272,23.5875,21.481646875561346
1841.P15931,21,1841,1841:CUB032,female,hand,20260908,4,21.862243038410803,21.84375,23.861044052646374
1841.P15932,21,1841,1841:CUB026,male,hand,20260908,4,24.713701034186272,22.475,21.618043097599045
10317.000015308,36,10317,10317:feea3e83f7040193068cefe3fbcc20f2ea1091f85bfe70ce251294e52b9fe96590bdfd79bae84e89f8a0e8adb68da76d13e4c631cd02e8440870e7ffa4c40c5d,female,head,20260908,4,47.43351121786001,39.2,43.359072802914056
10317.000066867,29,10317,10317:03c0867966fe2299eb3b09291d5f0834310bdf5fceed9c9b7b397570bf8f2d2adaeb945c824ff0cb407abaf691b8173cfa03c4f8eb17e6dd9f6eda17502e66e4,male,hand,20260908,4,42.56704864343564,30.55,31.267162097982013
10317.000066866,29,10317,10317:03c0867966fe2299eb3b09291d5f0834310bdf5fceed9c9b7b397570bf8f2d2adaeb945c824ff0cb407abaf691b8173cfa03c4f8eb17e6dd9f6eda17502e66e4,male,hand,20260908,4,42.56704864343564,36.0875,38.670074875708416
10317.000066861,29,10317,10317:03c0867966fe2299eb3b09291d5f0834310bdf5fceed9c9b7b397570bf8f2d2adaeb945c824ff0cb407abaf691b8173cfa03c4f8eb17e6dd9f6eda17502e66e4,male,head,20260908,4,41.56061647023097,31.93125,30.93696496514173
10317.000066868,29,10317,10317:03c0867966fe2299eb3b09291d5f0834310bdf5fceed9c9b7b397570bf8f2d2adaeb945c824ff0cb407abaf691b8173cfa03c4f8eb17e6dd9f6eda17502e66e4,male,hand,20260908,4,42.56704864343564,32.2625,35.87419526304196
1841.F05101,28,1841,1841:NAU103,female,head,20260908,4,21.833348077733014,27.1625,24.202351800507138
10317.000043162,86,10317,10317:969959b6a56c892088c6fec4a090bc9d7786704432d85dd70c0b376f3082c1743c5522532f4a6139e760de6add314a67dddb22fcaef7e05d6f73095cd5be1d95,female,hand,20260908,4,48.15726572993363,47.1875,52.899780816331116
10317.000068842,36,10317,10317:1828cb0e8db79ff7771af2763605e12af956358756170093e17230a4ffb081fdfb2040dc65ff286b54429aedd73f9630fd5d98b9a5ad628c6116a74fb994dcf8,male,hand,20260908,4,42.56704864343564,38.18125,38.34202830044569
1841.F05004,23,1841,1841:NCS203,female,head,20260908,4,21.833348077733014,24.7375,23.282090630385724
1841.F05003,27,1841,1841:NCS253,female,head,20260908,4,21.833348077733014,33.8,24.536319587378912
1841.P16177,28,1841,1841:NAU103,female,hand,20260908,4,21.862243038410803,29.21875,23.15855819695491
1841.P15912,20,1841,1841:CUB051,male,hand,20260908,4,24.713701034186272,28.39375,24.622005460851245
1841.P15917,20,1841,1841:CUB049,female,hand,20260908,4,21.862243038410803,22.00625,22.822017593085686
10317.000062190,29,10317,10317:03c0867966fe2299eb3b09291d5f0834310bdf5fceed9c9b7b397570bf8f2d2adaeb945c824ff0cb407abaf691b8173cfa03c4f8eb17e6dd9f6eda17502e66e4,male,head,20260908,4,41.56061647023097,32.3625,34.21896198258007
1841.P15258,21,1841,1841:CUB026,male,hand,20260908,4,24.713701034186272,22.3625,21.591394047992647
1841.F05211,28,1841,1841:NAU103,female,head,20260908,4,21.833348077733014,24.5875,21.337223155658837
1841.P16588,20,1841,1841:CUB049,female,hand,20260908,4,21.862243038410803,23.0625,23.949258830144345
1841.F06354,20,1841,1841:CUB051,male,head,20260908,4,24.781867231084227,23.33125,19.97646661120613
1841.F06590,23,1841,1841:CUB028,male,head,20260908,4,24.781867231084227,23.775,19.63845559054732
1841.P15058,20,1841,1841:CUB051,male,hand,20260908,4,24.713701034186272,24.94375,21.76942464565078
10317.000049876,74,10317,10317:7ba032cf20a095821627a110ab26bb5c1b92a9eec7dc65f29d2b0b7c0f2dece8e620882864fff5d7d829b5d72d5061c1b402d6fba6e4e8a623373670f402b87e,male,head,20260908,4,41.56061647023097,46.81875,47.2717150491267
1841.F06331,21,1841,1841:CUB029,male,head,20260908,4,24.781867231084227,22.8875,21.594078415550808
1841.F06337,23,1841,1841:CUB028,male,head,20260908,4,24.781867231084227,21.95625,20.899294864134433
1841.P15273,21,1841,1841:CUB032,female,hand,20260908,4,21.862243038410803,23.29375,25.92542063018141
1841.P15589,28,1841,1841:NAU103,female,hand,20260908,4,21.862243038410803,25.61875,23.089414010688852
10317.000068823,29,10317,10317:03c0867966fe2299eb3b09291d5f0834310bdf5fceed9c9b7b397570bf8f2d2adaeb945c824ff0cb407abaf691b8173cfa03c4f8eb17e6dd9f6eda17502e66e4,male,head,20260908,4,41.56061647023097,34.61875,35.20557515738318
1841.F05024,27,1841,1841:NCS253,female,head,20260908,4,21.833348077733014,32.125,28.110770250592612
1841.F05025,22,1841,1841:NCS255,female,head,20260908,4,21.833348077733014,23.2125,22.515889139249694
1841.P15277,21,1841,1841:CUB026,male,hand,20260908,4,24.713701034186272,26.0625,23.85932923895476
1841.F05689,21,1841,1841:CUB026,male,head,20260908,4,24.781867231084227,23.48125,21.99721512677046
1841.F05684,21,1841,1841:CUB026,male,head,20260908,4,24.781867231084227,26.75625,23.327379268381844
1841.F05977,18,1841,1841:NCS232,female,head,20260908,4,21.833348077733014,24.76875,24.676536242903435
1841.F05974,27,1841,1841:NCS214,male,head,20260908,4,24.781867231084227,33.5875,23.617436907521903
1841.F06109,41,1841,1841:CUB050,female,head,20260908,4,21.833348077733014,27.775,25.669233444604643
10317.000063224,27,10317,10317:d7b643e267e7874c9fe80600f02183b6cd3019f0fda406b979f05d309d5050c0a106d81fd0d61ac23e2600faaf7da552f0258df8aa6be5e41a39e6b37828c99d,female,head,20260908,4,47.43351121786001,39.53125,41.73698121181835
1841.F06107,20,1841,1841:CUB049,female,head,20260908,4,21.833348077733014,22.525,22.87067845243658
10317.000005021,30,10317,10317:2c781cf584aee5d39efce29589579b7dd2febe3a4bfa62c60433de1447518df5880335cd63d2437a93a394f955e59f77d49504cf3a905aa0691d531a5832b69b,female,hand,20260908,4,48.15726572993363,40.61875,45.94741478724093
1841.P16452,27,1841,1841:NCS253,female,hand,20260908,4,21.862243038410803,28.2125,28.932057944153172
1841.P15079,20,1841,1841:CUB049,female,hand,20260908,4,21.862243038410803,23.54375,23.97257513499886
1841.F06312,20,1841,1841:CUB051,male,head,20260908,4,24.781867231084227,24.9125,20.017922446833204
1841.F06311,21,1841,1841:CUB026,male,head,20260908,4,24.781867231084227,23.54375,21.064811235208477
1841.F06310,21,1841,1841:CUB033,female,head,20260908,4,21.833348077733014,26.33125,26.315845278977257
1841.P15253,21,1841,1841:CUB029,male,hand,20260908,4,24.713701034186272,23.41875,22.57889994275603
1841.P16450,22,1841,1841:NCS255,female,hand,20260908,4,21.862243038410803,23.66875,25.052660327694433
1841.P15210,20,1841,1841:CUB049,female,hand,20260908,4,21.862243038410803,22.44375,23.876661337000833
2010.1377,35,2010,2010:9,female,head,20260908,4,27.32405273249801,37.21875,30.052718739597797
10317.000003336,74,10317,10317:cc74256c990c430993cd5fc5079433232702a5006ee4a770421edf6482fee08db076f06f1fcf83bacf50a1a592d1fbd51c3edee6f558ab60369868d09a642c78,female,hand,20260908,4,48.15726572993363,42.11875,47.16338952582973
1841.P16454,23,1841,1841:NCS203,female,hand,20260908,4,21.862243038410803,31.38125,25.83536010067166
1841.F06123,41,1841,1841:CUB050,female,head,20260908,4,21.833348077733014,29.5625,25.2017650030971
10317.000005598,74,10317,10317:7ba032cf20a095821627a110ab26bb5c1b92a9eec7dc65f29d2b0b7c0f2dece8e620882864fff5d7d829b5d72d5061c1b402d6fba6e4e8a623373670f402b87e,male,hand,20260908,4,42.56704864343564,41.2125,45.95433482666
10317.000005594,74,10317,10317:7ba032cf20a095821627a110ab26bb5c1b92a9eec7dc65f29d2b0b7c0f2dece8e620882864fff5d7d829b5d72d5061c1b402d6fba6e4e8a623373670f402b87e,male,head,20260908,4,41.56061647023097,40.6375,42.901116893465115
1841.P15011,41,1841,1841:CUB050,female,hand,20260908,4,21.862243038410803,27.09375,27.55275464102951
10317.000049839,69,10317,10317:c9253f884608fc319fe8569e8e2979bb54c91a0e0d3c4ff7a4b8f149c7372a1c77029903e0508684d15d336da510bcc78d1e9c1aecbf85c0b6bc664b85990a20,female,hand,20260908,4,48.15726572993363,44.7,50.086820935310435
1841.P15355,23,1841,1841:NCS203,female,hand,20260908,4,21.862243038410803,29.30625,26.63379153628232
1841.F05426,21,1841,1841:NAU124,female,head,20260908,4,21.833348077733014,22.13125,23.869082737290427
1841.P16573,21,1841,1841:CUB032,female,hand,20260908,4,21.862243038410803,24.19375,24.78234193461074
1841.F06079,22,1841,1841:NCS255,female,head,20260908,4,21.833348077733014,22.53125,23.728783553372555
10317.000069063,29,10317,10317:03c0867966fe2299eb3b09291d5f0834310bdf5fceed9c9b7b397570bf8f2d2adaeb945c824ff0cb407abaf691b8173cfa03c4f8eb17e6dd9f6eda17502e66e4,male,head,20260908,4,41.56061647023097,34.3,33.58842143582299
1841.P15942,21,1841,1841:CUB029,male,hand,20260908,4,24.713701034186272,22.01875,21.217480086882745
1841.F06086,22,1841,1841:NCS255,female,head,20260908,4,21.833348077733014,23.74375,22.746142078153692
1841.P16072,28,1841,1841:NAU103,female,hand,20260908,4,21.862243038410803,26.0875,25.31987316430628
1841.P15350,27,1841,1841:NCS253,female,hand,20260908,4,21.862243038410803,25.9,25.181548166827405
1841.P15038,21,1841,1841:CUB033,female,hand,20260908,4,21.862243038410803,25.0625,25.970541171081535
1841.P15036,21,1841,1841:CUB026,male,hand,20260908,4,24.713701034186272,23.35,22.52697976180436
1841.P15037,41,1841,1841:CUB050,female,hand,20260908,4,21.862243038410803,26.0125,25.889406082594153
1841.P15030,41,1841,1841:CUB050,female,hand,20260908,4,21.862243038410803,27.35,27.82455007918292
10317.000017775,56,10317,10317:95161bf754ca78bbc6736e1276a0c069dd937e05defae03a23b5b34bc3f3e0325898e86cd7fd838de6514fbeb888d6634c7497e3855ab1d45839d35295e2ba95,male,head,20260908,4,41.56061647023097,44.2125,43.65950594741918
1841.F06421,21,1841,1841:CUB029,male,head,20260908,4,24.781867231084227,24.31875,21.399744131298007
1841.F06422,21,1841,1841:CUB033,female,head,20260908,4,21.833348077733014,22.88125,23.73210993641245
1841.P15294,21,1841,1841:CUB033,female,hand,20260908,4,21.862243038410803,24.80625,24.67522700798634
10317.000002088,52,10317,10317:d12b3488162547d96d3669a939c33c47bb7e94f9db76d64dbd76d7bcd6ccf5dc1c2202772cb5712605a51d28e9a8109105db0a01b5d13f55512047b95056356b,male,head,20260908,4,41.56061647023097,43.5375,44.40116331162047
10317.000004928,55,10317,10317:169fc8e4a87bbb9fd81677779eb46fc8c4e57700e8a9fe6448edd4c1b573f6c2885cef43b7349fe9fa37dfd3379bc8b84b536aefeb7c6610a495bc898a20d1b7,female,hand,20260908,4,48.15726572993363,39.64375,45.94765159084973
1841.F05980,27,1841,1841:NCS214,male,head,20260908,4,24.781867231084227,33.1125,23.47834586331184
1841.F05995,27,1841,1841:NCS214,male,head,20260908,4,24.781867231084227,29.65625,23.101416339488367
10317.000022189,57,10317,10317:83129c2b229f0d9fb6e870c62c2b01797d6f2d1e18875a4474c1d621fd4239f0509c12f293d0febfee93496a315d1b8ed8f7d66b9046ea392b2913819b93632c,female,head,20260908,4,47.43351121786001,40.2875,43.39289906595626
10317.000040147,34,10317,10317:338bb7890bb4108f90b5027f8ffed6cd6fd3fb3d5a8f0bfa9f16a9dc184403e392c5429f663b0c7929ed1a431187e38fb9303f5d93da105fda803ec085f157e6,male,head,20260908,4,41.56061647023097,39.75625,41.35709993215869
1841.P15999,21,1841,1841:CUB026,male,hand,20260908,4,24.713701034186272,23.86875,21.460447869823145
1841.F05871,28,1841,1841:NAU103,female,head,20260908,4,21.833348077733014,25.35625,23.092245152316906
1841.F06405,23,1841,1841:CUB028,male,head,20260908,4,24.781867231084227,22.60625,20.467374890471227
1841.F06404,21,1841,1841:CUB032,female,head,20260908,4,21.833348077733014,22.38125,22.87587177671665
1841.F06403,23,1841,1841:CUB028,male,head,20260908,4,24.781867231084227,22.69375,21.55723352786742
1841.F06409,21,1841,1841:CUB029,male,head,20260908,4,24.781867231084227,22.64375,21.322037581311786
10317.000049121,62,10317,10317:cf42e22cb0b5def3e5fb85e3eedb9fec63ec3614a7783d0ac195975b575a9863d801522f080d492d8032502dfbef61ba79d17264597f600354ba3cb662748955,male,head,20260908,4,41.56061647023097,40.8125,40.275282358192484
1841.F05605,23,1841,1841:CUB028,male,head,20260908,4,24.781867231084227,22.2875,20.943173416724726
1841.F05609,20,1841,1841:CUB049,female,head,20260908,4,21.833348077733014,22.51875,22.80532989930161
1841.F05463,21,1841,1841:NAU124,female,head,20260908,4,21.833348077733014,22.0125,23.64849620459916
1841.F05652,21,1841,1841:CUB032,female,head,20260908,4,21.833348077733014,23.175,24.395787132997373
1841.P16440,23,1841,1841:NCS203,female,hand,20260908,4,21.862243038410803,23.8375,25.011329002411713
1841.P15171,27,1841,1841:NCS214,male,hand,20260908,4,24.713701034186272,27.2375,24.17644585245858
10317.000036735,63,10317,10317:0195d329f030b0250f2e009ac656b8ee7c006c3a064b6d08770ecd7067bf4098cd0fb82f552a671d583f26002b4f2753d6bca1b02521b55faac3ba0bc1e64d8a,male,head,20260908,4,41.56061647023097,42.4,43.71178049803849
10317.000036732,63,10317,10317:0195d329f030b0250f2e009ac656b8ee7c006c3a064b6d08770ecd7067bf4098cd0fb82f552a671d583f26002b4f2753d6bca1b02521b55faac3ba0bc1e64d8a,male,head,20260908,4,41.56061647023097,40.55,41.979985215845076
1841.P16527,21,1841,1841:CUB026,male,hand,20260908,4,24.713701034186272,23.08125,21.004941220728675
1841.P16520,20,1841,1841:CUB049,female,hand,20260908,4,21.862243038410803,22.26875,24.35073612732067
1841.F06353,21,1841,1841:CUB029,male,head,20260908,4,24.781867231084227,23.05,20.87215369292061
2010.2777,24,2010,2010:37,female,head,20260908,4,27.32405273249801,25.5125,25.985745969407343
1841.F06394,21,1841,1841:CUB029,male,head,20260908,4,24.781867231084227,23.88125,20.862959942681655
1841.F06391,21,1841,1841:CUB026,male,head,20260908,4,24.781867231084227,23.49375,20.711905507700358
1841.F06462,20,1841,1841:CUB051,male,head,20260908,4,24.781867231084227,25.775,22.10861317008701
1841.P15610,41,1841,1841:CUB050,female,hand,20260908,4,21.862243038410803,28.35625,26.730528204537595
1841.P15347,27,1841,1841:NCS253,female,hand,20260908,4,21.862243038410803,26.95,27.593064526206227
10317.000031066,42,10317,10317:7335b37622ba1bdd7e488bc6758f7c8fd36c26e43d8fdb09f00e1ae18ff0959bc7f4f27508aebf68b1a500bbc62282d5389c9d49419171cf9e9c946f433596f6,male,hand,20260908,4,42.56704864343564,38.40625,40.74500063644713
1841.P15159,27,1841,1841:NCS214,male,hand,20260908,4,24.713701034186272,26.74375,22.947492900952668
1841.P15156,27,1841,1841:NCS214,male,hand,20260908,4,24.713701034186272,26.0375,22.895893080575817
1841.F05836,28,1841,1841:NAU103,female,head,20260908,4,21.833348077733014,24.8625,22.36126545650031
1841.F05628,41,1841,1841:CUB050,female,head,20260908,4,21.833348077733014,26.9375,22.351487918985587
1841.F05629,21,1841,1841:CUB033,female,head,20260908,4,21.833348077733014,23.61875,23.832150120331363
1841.P16541,21,1841,1841:CUB033,female,hand,20260908,4,21.862243038410803,24.75625,26.350808955055115
1841.P16549,20,1841,1841:CUB049,female,hand,20260908,4,21.862243038410803,22.56875,23.822006408129752
10317.000002212,69,10317,10317:576a03c295c356d35a0d25b2110dd88b3617bd98ae2ff786f650e35db756be0c2368e573093bcfce63e963af568b1198c749606c6e11a98ea707a8a38b2cb1b3,female,hand,20260908,4,48.15726572993363,45.1,51.51803885664509
1841.P16482,27,1841,1841:NCS253,female,hand,20260908,4,21.862243038410803,29.85625,26.387000337238632
1841.P15109,27,1841,1841:NCS214,male,hand,20260908,4,24.713701034186272,34.29375,23.28689711958447
1841.P15132,18,1841,1841:NCS232,female,hand,20260908,4,21.862243038410803,24.4375,24.264074607067666
1841.F06059,27,1841,1841:NCS253,female,head,20260908,4,21.833348077733014,26.55,25.35272589818567
1841.F06055,27,1841,1841:NCS253,female,head,20260908,4,21.833348077733014,31.68125,27.436640640834767
1841.F05588,21,1841,1841:NAU124,female,head,20260908,4,21.833348077733014,22.34375,23.1944724318322
1841.P16569,41,1841,1841:CUB050,female,hand,20260908,4,21.862243038410803,29.61875,29.725690488636676
1841.P16567,20,1841,1841:CUB049,female,hand,20260908,4,21.862243038410803,22.2,22.721928005334078
1841.P16566,41,1841,1841:CUB050,female,hand,20260908,4,21.862243038410803,26.9625,26.754200929809528
2010.2902,24,2010,2010:37,female,head,20260908,4,27.32405273249801,26.7625,25.555584606847706
1841.F05113,21,1841,1841:NAU124,female,head,20260908,4,21.833348077733014,24.13125,25.9988607828805
1841.F05116,21,1841,1841:NAU124,female,head,20260908,4,21.833348077733014,22.3625,23.579851190257944
1841.P16603,21,1841,1841:CUB033,female,hand,20260908,4,21.862243038410803,22.75625,23.161758311542012
1841.P15117,27,1841,1841:NCS214,male,hand,20260908,4,24.713701034186272,33.66875,24.637393915018514
1841.P15114,27,1841,1841:NCS214,male,hand,20260908,4,24.713701034186272,26.71875,23.097562369891932
1841.F06039,23,1841,1841:NCS203,female,head,20260908,4,21.833348077733014,24.0,23.70264473472408
10317.000063351,29,10317,10317:e8fffa963380c63cba1d064de83b3a91000831ddbab3f8b56168ee1903063a0900f0a9b07f79b2f4a728ad7af62c82a718d51b95ccc1f12d6d1d3ce257c151f7,female,hand,20260908,4,48.15726572993363,31.75625,34.653460041204625
10317.000063171,29,10317,10317:03c0867966fe2299eb3b09291d5f0834310bdf5fceed9c9b7b397570bf8f2d2adaeb945c824ff0cb407abaf691b8173cfa03c4f8eb17e6dd9f6eda17502e66e4,male,hand,20260908,4,42.56704864343564,33.49375,37.443357672758026
2010.2690,26,2010,2010:33,female,head,20260908,4,27.32405273249801,24.7875,24.53602343287815
1841.P15990,23,1841,1841:CUB028,male,hand,20260908,4,24.713701034186272,23.025,21.509578437526653
1841.F05562,21,1841,1841:NAU124,female,head,20260908,4,21.833348077733014,22.86875,23.73154345477676
1841.F06434,20,1841,1841:CUB049,female,head,20260908,4,21.833348077733014,22.38125,23.141979083815333
1841.F06435,41,1841,1841:CUB050,female,head,20260908,4,21.833348077733014,29.96875,26.650495952490196
1841.F05314,23,1841,1841:NCS203,female,head,20260908,4,21.833348077733014,26.7625,23.512298830572156
1841.F06487,21,1841,1841:CUB032,female,head,20260908,4,21.833348077733014,22.66875,23.953292238501128
1841.P15378,22,1841,1841:NCS255,female,hand,20260908,4,21.862243038410803,21.94375,23.83217961756689
1841.F06545,20,1841,1841:CUB051,male,head,20260908,4,24.781867231084227,24.40625,21.27362364703506
1841.P15395,23,1841,1841:NCS203,female,hand,20260908,4,21.862243038410803,28.05,25.521009726587334
1841.P15398,22,1841,1841:NCS255,female,hand,20260908,4,21.862243038410803,22.73125,24.141443036313134
10317.000005167,60,10317,10317:c05d316c7a234de92fd6181929f128efb782363ffe6c343358fc3ab402b473dbf8a8138a22044ea3b02099711ecfa77358776132a3ed110a1b2153eeb178378a,male,head,20260908,4,41.56061647023097,44.61875,45.689967107488485
10317.000005166,60,10317,10317:c05d316c7a234de92fd6181929f128efb782363ffe6c343358fc3ab402b473dbf8a8138a22044ea3b02099711ecfa77358776132a3ed110a1b2153eeb178378a,male,hand,20260908,4,42.56704864343564,46.925,44.318645569569746
10317.000005165,60,10317,10317:c05d316c7a234de92fd6181929f128efb782363ffe6c343358fc3ab402b473dbf8a8138a22044ea3b02099711ecfa77358776132a3ed110a1b2153eeb178378a,male,hand,20260908,4,42.56704864343564,50.20625,49.314665313097514
1841.F05613,23,1841,1841:CUB028,male,head,20260908,4,24.781867231084227,24.48125,21.572811320260854
10317.000015283,61,10317,10317:6cafcd38bd5d8a7ae3e097e4e76d4ec0177aa5a4b23e460bcf27496334ea6f015f92f32d33219a9b3815853580c7fa17f6fff3d39827358ac992dd98bc09b99f,male,head,20260908,4,41.56061647023097,43.1625,41.68498656843485
10317.000015285,61,10317,10317:6cafcd38bd5d8a7ae3e097e4e76d4ec0177aa5a4b23e460bcf27496334ea6f015f92f32d33219a9b3815853580c7fa17f6fff3d39827358ac992dd98bc09b99f,male,hand,20260908,4,42.56704864343564,40.99375,43.02049463715062
10317.000049239,56,10317,10317:bd91fc26c20a7652fc421fee2aa75624e4db7f68e0e4fde846745c30bb976e46e87f9660bdf0cea293a6b1ddf22122f6376d2be385445805fa204dd33e6dc905,male,head,20260908,4,41.56061647023097,40.725,43.10899656152248
1841.F06205,21,1841,1841:NAU124,female,head,20260908,4,21.833348077733014,22.90625,24.418102504727266
1841.P16394,28,1841,1841:NAU103,female,hand,20260908,4,21.862243038410803,23.95,22.553930875785948
1841.P16424,22,1841,1841:NCS255,female,hand,20260908,4,21.862243038410803,23.1,23.588470796099994
10317.000063315,25,10317,10317:42aad521c038df949fad8060826afdde769401bb8b33ad632fd3209cd6d04c4e5106446ce4aef7bc16b30a904ca2d9896b24cf2ebff3881ae31264873b61c661,male,hand,20260908,4,42.56704864343564,38.31875,38.689827798162405
1841.F06565,41,1841,1841:CUB050,female,head,20260908,4,21.833348077733014,26.28125,26.12422837120586
1841.F06566,20,1841,1841:CUB049,female,head,20260908,4,21.833348077733014,22.40625,22.374958069229088
1841.F06567,21,1841,1841:CUB032,female,head,20260908,4,21.833348077733014,23.33125,24.098418804948427
1841.F05001,22,1841,1841:NCS255,female,head,20260908,4,21.833348077733014,22.88125,23.405076509517645
1841.P16093,21,1841,1841:NAU124,female,hand,20260908,4,21.862243038410803,22.93125,24.922939485447017
1841.P15720,21,1841,1841:NAU124,female,hand,20260908,4,21.862243038410803,22.2,23.60536345256885
10317.000031898,34,10317,10317:f7d599694238b74a09daca6c98fc12816a2f8fb52871032650e28d1b3817096404a96c1f0c84c57d6c558db1c22e281e2af87b6fe26c5b1727f23ea6fd789556,male,head,20260908,4,41.56061647023097,36.8,39.67368822256782
10317.000005221,40,10317,10317:1d0709acc0c4aa263f168023a3a96ba1e15b95b6c4da81b87f5ddab0fd7d047df0459ece7e25369bc5583a334c204f19a8ed16ff150ddaef72703a971dafa3b9,male,hand,20260908,4,42.56704864343564,37.2875,38.83691266468172
10317.000005222,40,10317,10317:1d0709acc0c4aa263f168023a3a96ba1e15b95b6c4da81b87f5ddab0fd7d047df0459ece7e25369bc5583a334c204f19a8ed16ff150ddaef72703a971dafa3b9,male,head,20260908,4,41.56061647023097,37.64375,41.646307586731645
1841.P16401,21,1841,1841:NAU124,female,hand,20260908,4,21.862243038410803,23.4375,25.54686606982676
1841.P16404,23,1841,1841:NCS203,female,hand,20260908,4,21.862243038410803,24.98125,25.964012529211328
1841.F05091,27,1841,1841:NCS253,female,head,20260908,4,21.833348077733014,28.2125,28.706921483891236
1841.P15579,21,1841,1841:NAU124,female,hand,20260908,4,21.862243038410803,23.99375,24.698038190899112
1841.P15573,21,1841,1841:NAU124,female,hand,20260908,4,21.862243038410803,22.64375,23.475426378529438
1841.F05051,22,1841,1841:NCS255,female,head,20260908,4,21.833348077733014,22.61875,22.93575685825955
1841.F05053,27,1841,1841:NCS253,female,head,20260908,4,21.833348077733014,31.06875,27.043853356361563
1841.F05055,22,1841,1841:NCS255,female,head,20260908,4,21.833348077733014,21.775,22.015447743688565
10317.000049745,64,10317,10317:b03b7d707e125ba38f6ae4345eb6389f63c2caed719f3d69552e392dbe3d40c17b9f8b97c1e801df3731171dea8ebdb990b7f88d87da78c626beccba0003cf7f,female,head,20260908,4,47.43351121786001,47.38125,49.86893669102993
1841.P15361,27,1841,1841:NCS253,female,hand,20260908,4,21.862243038410803,25.675,26.519260870550653
1841.P15965,21,1841,1841:CUB029,male,hand,20260908,4,24.713701034186272,22.91875,22.544219123552352
1841.P15969,20,1841,1841:CUB051,male,hand,20260908,4,24.713701034186272,38.75,26.086936715947065
10317.000015064,71,10317,10317:6cd87aca8624e2efe119e5484586386f10cb61ed4a7920dd13cefe68783228eafa46cdc995f2272c25a121fc11cdb971265f86ad6cd99e0d151e6744a5db135c,female,head,20260908,4,47.43351121786001,45.58125,47.11948453553355
10317.000015060,80,10317,10317:8dd14dd80ae9b69218b4942e80486ca4299a19f9342258835b868633bfa7bff6581b9102dd034b2a58f5ea1a74b8a2ec5b06b38aca104935d0e20a6925b670f2,unknown,hand,20260908,4,41.811820092594004,44.0375,46.893249306945876
10317.000015061,71,10317,10317:6cd87aca8624e2efe119e5484586386f10cb61ed4a7920dd13cefe68783228eafa46cdc995f2272c25a121fc11cdb971265f86ad6cd99e0d151e6744a5db135c,female,hand,20260908,4,48.15726572993363,44.66875,45.83156688216395
10317.000015062,71,10317,10317:6cd87aca8624e2efe119e5484586386f10cb61ed4a7920dd13cefe68783228eafa46cdc995f2272c25a121fc11cdb971265f86ad6cd99e0d151e6744a5db135c,female,hand,20260908,4,48.15726572993363,46.2875,45.655106804058896
10317.000006851,73,10317,10317:7705669a351542f9add9390a0a093824f81095a819993d82ab0d00eb2120ac34a953c451ff892c8c30e3f1b8f7630625d2ebb4d0e8512526a243025795e51eb7,male,head,20260908,4,41.56061647023097,38.95,40.70465687048599
1841.P16466,22,1841,1841:NCS255,female,hand,20260908,4,21.862243038410803,25.38125,25.11422533397788
2010.1447,25,2010,2010:3,female,head,20260908,4,27.32405273249801,35.6,29.460016758014127
1841.F05321,27,1841,1841:NCS253,female,head,20260908,4,21.833348077733014,30.75,25.73683547480514
1841.P16545,20,1841,1841:CUB051,male,hand,20260908,4,24.713701034186272,25.175,22.07920048403934
10317.000066836,27,10317,10317:75e7facbcee6190c9bd0ec55d33af511592981c1851bc62c90ffa060b30d59451c3407b0344a1357b33b8a653eb1ab6517c15e9f6f193c447e3882c2ada31e9a,male,head,20260908,4,41.56061647023097,36.36875,33.07586028684182
1841.F06526,23,1841,1841:CUB028,male,head,20260908,4,24.781867231084227,24.24375,20.234904570249554
1841.F06520,21,1841,1841:CUB026,male,head,20260908,4,24.781867231084227,25.1625,20.9738298420377
1841.F06521,20,1841,1841:CUB049,female,head,20260908,4,21.833348077733014,21.7625,22.587489218038375
1841.P15084,21,1841,1841:CUB032,female,hand,20260908,4,21.862243038410803,23.925,23.955097800323742
1841.F05076,22,1841,1841:NCS255,female,head,20260908,4,21.833348077733014,23.88125,25.108856604445464
1841.F05925,27,1841,1841:NCS214,male,head,20260908,4,24.781867231084227,29.8125,25.357326012917017
2010.1474,35,2010,2010:9,female,head,20260908,4,27.32405273249801,37.51875,28.794006681779205
10317.000063279,30,10317,10317:891ba49891c93e012ced08e68550251a74e2939dbec3af58e67b97d73d2d0f32fd7530e785db3ae620b3a125927c31d18d0e6c08bfe00778a19646a44083e9e7,male,hand,20260908,4,42.56704864343564,36.85625,38.465583947722635
1841.P15764,28,1841,1841:NAU103,female,hand,20260908,4,21.862243038410803,26.05,24.933075057054303
1841.P15941,23,1841,1841:CUB028,male,hand,20260908,4,24.713701034186272,22.225,22.80135616476705
10317.000062197,29,10317,10317:03c0867966fe2299eb3b09291d5f0834310bdf5fceed9c9b7b397570bf8f2d2adaeb945c824ff0cb407abaf691b8173cfa03c4f8eb17e6dd9f6eda17502e66e4,male,hand,20260908,4,42.56704864343564,33.10625,36.17498460196025
1841.F05247,28,1841,1841:NAU103,female,head,20260908,4,21.833348077733014,29.175,22.145745605295396
1841.F05469,28,1841,1841:NAU103,female,head,20260908,4,21.833348077733014,25.21875,24.770708995335976
1841.F06094,22,1841,1841:NCS255,female,head,20260908,4,21.833348077733014,25.06875,24.895754036896133
1841.P15207,23,1841,1841:CUB028,male,hand,20260908,4,24.713701034186272,23.64375,21.31032739045324
1841.P15201,23,1841,1841:CUB028,male,hand,20260908,4,24.713701034186272,23.875,22.26170423388668
1841.P15200,41,1841,1841:CUB050,female,hand,20260908,4,21.862243038410803,27.39375,24.978631299586254
1841.P15209,21,1841,1841:CUB033,female,hand,20260908,4,21.862243038410803,27.0125,26.112579486859097
1841.F05012,27,1841,1841:NCS214,male,head,20260908,4,24.781867231084227,26.4625,20.903481833728218
1841.F05903,27,1841,1841:NCS214,male,head,20260908,4,24.781867231084227,29.3875,23.908188811067262
1841.P15928,21,1841,1841:CUB033,female,hand,20260908,4,21.862243038410803,25.6,27.035818310668674
1841.P15922,21,1841,1841:CUB033,female,hand,20260908,4,21.862243038410803,23.0125,25.462042097993535
10317.000033426,26,10317,10317:bf31604fc742f42563e14f529efdb4bf456a2196957cdd5f7a03e77220b2f7cc72b439053c8c0b4e94997264dacb9d6c2dc062250570be1d1ee1d113328653f1,female,hand,20260908,4,48.15726572993363,40.51875,44.00985156106886
1841.F06340,21,1841,1841:CUB029,male,head,20260908,4,24.781867231084227,22.525,21.470897808636963
1841.F06343,21,1841,1841:CUB032,female,head,20260908,4,21.833348077733014,24.99375,24.132799941776835
1841.P15059,23,1841,1841:CUB028,male,hand,20260908,4,24.713701034186272,23.6125,23.124439998270393
1841.P16102,21,1841,1841:NAU124,female,hand,20260908,4,21.862243038410803,23.48125,23.919976179045143
10317.000014513,43,10317,10317:945445118eb28a47d0311468e8170b2c68dd921cbb868623641758d82330a5f89defc8f3631f8c7f925da369315c0e442e1b32d12fae4688f05b9a40c0167080,male,head,20260908,4,41.56061647023097,35.8625,41.28791947353686
1841.P15906,21,1841,1841:CUB032,female,hand,20260908,4,21.862243038410803,23.44375,23.703259575794636
1841.P15288,20,1841,1841:CUB049,female,hand,20260908,4,21.862243038410803,25.36875,25.777088921553613
1841.P16590,23,1841,1841:CUB028,male,hand,20260908,4,24.713701034186272,23.4125,20.824617178804015
1841.P16591,21,1841,1841:CUB033,female,hand,20260908,4,21.862243038410803,23.625,24.562984453065408
10317.000063231,27,10317,10317:d7b643e267e7874c9fe80600f02183b6cd3019f0fda406b979f05d309d5050c0a106d81fd0d61ac23e2600faaf7da552f0258df8aa6be5e41a39e6b37828c99d,female,hand,20260908,4,48.15726572993363,41.74375,45.02206648338664
1841.F06583,21,1841,1841:CUB033,female,head,20260908,4,21.833348077733014,22.83125,22.616339570936365
1841.F06588,20,1841,1841:CUB049,female,head,20260908,4,21.833348077733014,22.35625,21.44652274486128
1841.P15065,21,1841,1841:CUB032,female,hand,20260908,4,21.862243038410803,23.31875,24.26684944950251
1841.F06320,21,1841,1841:CUB033,female,head,20260908,4,21.833348077733014,28.01875,26.427277600094683
1841.F06324,21,1841,1841:CUB033,female,head,20260908,4,21.833348077733014,23.83125,23.969817155756882
1841.P15244,20,1841,1841:CUB051,male,hand,20260908,4,24.713701034186272,29.0625,23.62886927193975
2010.2516,26,2010,2010:33,female,head,20260908,4,27.32405273249801,33.8375,29.53220319837692
10317.000068830,29,10317,10317:03c0867966fe2299eb3b09291d5f0834310bdf5fceed9c9b7b397570bf8f2d2adaeb945c824ff0cb407abaf691b8173cfa03c4f8eb17e6dd9f6eda17502e66e4,male,hand,20260908,4,42.56704864343564,32.74375,35.56731251492025
10317.000068835,36,10317,10317:1828cb0e8db79ff7771af2763605e12af956358756170093e17230a4ffb081fdfb2040dc65ff286b54429aedd73f9630fd5d98b9a5ad628c6116a74fb994dcf8,male,head,20260908,4,41.56061647023097,35.7125,37.905072503875765
1841.F05675,21,1841,1841:CUB029,male,head,20260908,4,24.781867231084227,24.0875,21.845181751034303
1841.F05674,21,1841,1841:CUB033,female,head,20260908,4,21.833348077733014,24.09375,22.497712779537203
1841.F05671,20,1841,1841:CUB049,female,head,20260908,4,21.833348077733014,24.4375,22.32430934481609
1841.P16524,21,1841,1841:CUB026,male,hand,20260908,4,24.713701034186272,26.2875,20.818717599306996
10317.000040503,52,10317,10317:8fc2af33171964330de7e24811df360483b2193e73f509d9de0eca5c34aa9cc4a73311de7d0ba394fbed8d55f72394218e7b7026fd7da8c8ee1ebf0e637b2e85,female,head,20260908,4,47.43351121786001,39.9,45.44313518152436
10317.000040507,52,10317,10317:8fc2af33171964330de7e24811df360483b2193e73f509d9de0eca5c34aa9cc4a73311de7d0ba394fbed8d55f72394218e7b7026fd7da8c8ee1ebf0e637b2e85,female,hand,20260908,4,48.15726572993363,41.575,45.74734650263956
1841.P15001,23,1841,1841:CUB028,male,hand,20260908,4,24.713701034186272,22.34375,21.495804050168594
1841.P15003,23,1841,1841:CUB028,male,hand,20260908,4,24.713701034186272,23.30625,21.66122076246641
1841.P15008,21,1841,1841:CUB029,male,hand,20260908,4,24.713701034186272,24.4375,23.28122462137491
1841.F06301,21,1841,1841:CUB032,female,head,20260908,4,21.833348077733014,23.475,23.77106404172403
1841.F06306,20,1841,1841:CUB049,female,head,20260908,4,21.833348077733014,22.7875,22.64978423693059
10317.000049840,69,10317,10317:c9253f884608fc319fe8569e8e2979bb54c91a0e0d3c4ff7a4b8f149c7372a1c77029903e0508684d15d336da510bcc78d1e9c1aecbf85c0b6bc664b85990a20,female,hand,20260908,4,48.15726572993363,44.675,50.56793675447398
10317.000049841,69,10317,10317:c9253f884608fc319fe8569e8e2979bb54c91a0e0d3c4ff7a4b8f149c7372a1c77029903e0508684d15d336da510bcc78d1e9c1aecbf85c0b6bc664b85990a20,female,head,20260908,4,47.43351121786001,45.60625,50.33932323794195
10317.000069070,29,10317,10317:03c0867966fe2299eb3b09291d5f0834310bdf5fceed9c9b7b397570bf8f2d2adaeb945c824ff0cb407abaf691b8173cfa03c4f8eb17e6dd9f6eda17502e66e4,male,hand,20260908,4,42.56704864343564,42.23125,43.255474165873224
1841.P15029,20,1841,1841:CUB049,female,hand,20260908,4,21.862243038410803,21.76875,24.13654588811315
1841.P15023,21,1841,1841:CUB029,male,hand,20260908,4,24.713701034186272,25.13125,22.919821184939565
1841.F06367,21,1841,1841:CUB029,male,head,20260908,4,24.781867231084227,23.9,19.622481845155374
1841.F06363,21,1841,1841:CUB032,female,head,20260908,4,21.833348077733014,21.80625,22.41895418877935
1841.P15289,21,1841,1841:CUB029,male,hand,20260908,4,24.713701034186272,26.96875,27.125424776835665
1841.P15281,41,1841,1841:CUB050,female,hand,20260908,4,21.862243038410803,32.26875,27.370312768202293
1841.F05985,27,1841,1841:NCS214,male,head,20260908,4,24.781867231084227,28.99375,21.68828568043092
1841.F05984,27,1841,1841:NCS214,male,head,20260908,4,24.781867231084227,34.71875,22.48927686633591
10317.000015058,80,10317,10317:8dd14dd80ae9b69218b4942e80486ca4299a19f9342258835b868633bfa7bff6581b9102dd034b2a58f5ea1a74b8a2ec5b06b38aca104935d0e20a6925b670f2,unknown,hand,20260908,4,41.811820092594004,48.19375,49.28240337885628
1841.F06175,20,1841,1841:CUB051,male,head,20260908,4,24.781867231084227,23.73125,22.376434989001755
10317.000027751,54,10317,10317:3f3189bfab92107b05a629ba1be6aad212c75b4525d50b0789f4272ba27b446de5cf079bf1c30b52182f0e4ded874c59bc8e41d483192937641083f6a37b6a67,female,head,20260908,4,47.43351121786001,40.76875,46.25293609486181
1841.P15611,20,1841,1841:CUB049,female,hand,20260908,4,21.862243038410803,22.60625,23.237086765105985
1841.P15618,41,1841,1841:CUB050,female,hand,20260908,4,21.862243038410803,28.7,26.12806022303702
1841.P16068,21,1841,1841:NAU124,female,hand,20260908,4,21.862243038410803,22.79375,24.15191329037254
1841.P16348,28,1841,1841:NAU103,female,hand,20260908,4,21.862243038410803,27.025,24.753072558268347
1841.F06432,41,1841,1841:CUB050,female,head,20260908,4,21.833348077733014,30.05625,25.89408071859838
1841.F06433,21,1841,1841:CUB026,male,head,20260908,4,24.781867231084227,22.68125,20.10940085127232
1841.F06349,21,1841,1841:CUB033,female,head,20260908,4,21.833348077733014,23.04375,22.81048595337526
10317.000049119,62,10317,10317:cf42e22cb0b5def3e5fb85e3eedb9fec63ec3614a7783d0ac195975b575a9863d801522f080d492d8032502dfbef61ba79d17264597f600354ba3cb662748955,male,hand,20260908,4,42.56704864343564,42.575,45.86138357016301
1841.P15400,27,1841,1841:NCS253,female,hand,20260908,4,21.862243038410803,29.64375,28.073337945771062
1841.P16278,21,1841,1841:NAU124,female,hand,20260908,4,21.862243038410803,22.36875,24.902788979915606
1841.P16181,28,1841,1841:NAU103,female,hand,20260908,4,21.862243038410803,25.19375,23.906243086413507
10317.000004764,36,10317,10317:733d141620ab14d73e0aa4683aff41e7dfc3bae381840f02c270e108c123ae0e90bf1390da736c2d78815083080cfd4f47f1bacbfc2de5a20e1ea897fbb49593,male,hand,20260908,4,42.56704864343564,44.775,44.94697834186305
1841.P15369,22,1841,1841:NCS255,female,hand,20260908,4,21.862243038410803,22.4,23.174048773513245
1841.P15362,27,1841,1841:NCS253,female,hand,20260908,4,21.862243038410803,29.41875,28.093419379629854
10317.000006853,74,10317,10317:7705669a351542f9add9390a0a093824f81095a819993d82ab0d00eb2120ac34a953c451ff892c8c30e3f1b8f7630625d2ebb4d0e8512526a243025795e51eb7,male,hand,20260908,4,42.56704864343564,42.825,41.693842191966645
1841.F05804,21,1841,1841:NAU124,female,head,20260908,4,21.833348077733014,22.9875,23.66683761311481
10317.000011979,53,10317,10317:86f38a5d916420ce42057d5012ab6e7b63fe17dce6c5bbd26d4d6b33da03f0c707be225d1759b8991e4a3e2158e96c5ba68e85dfe1ef7f47fcce7ba1ec47ff2e,female,head,20260908,4,47.43351121786001,44.875,47.27529012863873
10317.000009071,31,10317,10317:48fd24a3221f83a24f4307730fea531db77cc72647a64a29ffcf0dd97f7305deea2b1e3c1cba32b3cbe473a91330373f80b78deedad17f887fccce56f5ebe393,male,head,20260908,4,41.56061647023097,42.425,44.682857266840664
10317.000009073,31,10317,10317:48fd24a3221f83a24f4307730fea531db77cc72647a64a29ffcf0dd97f7305deea2b1e3c1cba32b3cbe473a91330373f80b78deedad17f887fccce56f5ebe393,male,hand,20260908,4,42.56704864343564,40.20625,43.407937258532016
10317.000028943,46,10317,10317:f418e55e3e56cef19b56c0429433fa84e94863f2dc63628da31cf79cf361518786dfccf3fb6ae6e69d5dda970371a55dfedfec2e4e44bf990c150a4b1010a10a,male,hand,20260908,4,42.56704864343564,41.6875,43.936028404422544
10317.000028942,46,10317,10317:f418e55e3e56cef19b56c0429433fa84e94863f2dc63628da31cf79cf361518786dfccf3fb6ae6e69d5dda970371a55dfedfec2e4e44bf990c150a4b1010a10a,male,hand,20260908,4,42.56704864343564,41.04375,43.01479691117638
1841.F06416,41,1841,1841:CUB050,female,head,20260908,4,21.833348077733014,26.21875,26.916019244503545
10317.000020770,63,10317,10317:10c8546946a2e2010a75c89453b040665e96df1bb29926bbc6a4b848240f3496cf382414067385add4d4efb3f09315e48b6000a82bc428ab354207875c319ac4,female,head,20260908,4,47.43351121786001,41.59375,43.77962297475544
1841.P16531,23,1841,1841:CUB028,male,hand,20260908,4,24.713701034186272,21.68125,22.49165965211145
1841.P15425,23,1841,1841:NCS203,female,hand,20260908,4,21.862243038410803,28.15625,26.149921294099617
1841.F06190,20,1841,1841:CUB049,female,head,20260908,4,21.833348077733014,22.5,22.997747323844553
1841.F05676,41,1841,1841:CUB050,female,head,20260908,4,21.833348077733014,29.5,26.505519952818606
1841.P16211,21,1841,1841:NAU124,female,hand,20260908,4,21.862243038410803,24.05625,24.179275700604787
1841.P15054,21,1841,1841:CUB026,male,hand,20260908,4,24.713701034186272,24.6375,24.552745599623428
1841.P15166,27,1841,1841:NCS214,male,hand,20260908,4,24.713701034186272,30.55,24.538124797334522
1841.F06063,23,1841,1841:NCS203,female,head,20260908,4,21.833348077733014,27.3375,25.683178503153894
1841.F06068,27,1841,1841:NCS253,female,head,20260908,4,21.833348077733014,30.5625,26.112423507193014
1841.P15300,27,1841,1841:NCS253,female,hand,20260908,4,21.862243038410803,27.98125,28.372980424380362
1841.F05094,23,1841,1841:NCS203,female,head,20260908,4,21.833348077733014,23.65625,22.641677434390086
