sample_id,age,study,group,sex,site,repeat_seed,fold,metadata_prediction,microbiome_prediction,combined_prediction
10317.000003638,58,10317,10317:c9e234a8b8023dc52f81b36210303deb253ee13dabc6022044eb5536429962a7f2dc5854ff06cadbb8969d2e2464fe3ed6ff0808a6c48037574abd2313962f88,female,head,20260906,0,47.78224808479702,42.975,47.427934216389566
1841.F06479,22,1841,1841:CUB040,male,head,20260906,0,23.85579828379381,26.33125,24.10213539052952
1841.F06382,23,1841,1841:CUB028,male,head,20260906,0,23.85579828379381,22.63125,20.682478434913666
1841.F06389,23,1841,1841:CUB053,female,head,20260906,0,22.311783067771454,25.59375,23.271359726044714
1841.F05120,20,1841,1841:NAU110,female,head,20260906,0,22.311783067771454,30.74375,25.947139739914952
1841.F05650,20,1841,1841:CUB051,male,head,20260906,0,23.85579828379381,24.4375,21.080002317982615
1841.F05124,20,1841,1841:NAU110,female,head,20260906,0,22.311783067771454,29.85,26.397468778810293
1841.P16235,55,1841,1841:NAU149,male,hand,20260906,0,24.002005853999236,29.65625,21.677047322825857
2010.3168,31,2010,2010:43,female,head,20260906,0,26.070980086070442,37.9,28.915251186932938
1841.F05820,30,1841,1841:NAU108,female,head,20260906,0,22.311783067771454,36.375,25.187568165306317
1841.F05821,55,1841,1841:NAU149,male,head,20260906,0,23.85579828379381,29.8625,25.023223289103683
10317.000005565,53,10317,10317:2bbbda8f68f57e1c57d3e97ada9c16a61165e5a3a31f556df77429e4efca7c8de4a4dd989152a974f15603348945abd6a2335caec0d3d6fe9e7136e3865909bc,male,hand,20260906,0,42.828756362114376,46.3,46.140999091802016
10317.000005564,53,10317,10317:2bbbda8f68f57e1c57d3e97ada9c16a61165e5a3a31f556df77429e4efca7c8de4a4dd989152a974f15603348945abd6a2335caec0d3d6fe9e7136e3865909bc,male,head,20260906,0,43.096951733765856,42.00625,45.467988847249515
10317.000005566,53,10317,10317:2bbbda8f68f57e1c57d3e97ada9c16a61165e5a3a31f556df77429e4efca7c8de4a4dd989152a974f15603348945abd6a2335caec0d3d6fe9e7136e3865909bc,male,hand,20260906,0,42.828756362114376,44.65,45.347140708500056
1841.P16003,23,1841,1841:CUB053,female,hand,20260906,0,22.403919415175885,25.53125,23.84177388064736
10317.000049906,69,10317,10317:f468dfbfdc239f0e3bbe1de592c866535d2e70f74b05af2999cd5ac5b39818383c58a904146c605bc773f87fac2da08ddde7d4bedced3110d5c1d3b15657f73e,male,head,20260906,0,43.096951733765856,47.49375,44.24590052977835
1841.F06454,23,1841,1841:CUB053,female,head,20260906,0,22.311783067771454,28.7125,23.693389358798303
1841.F06452,21,1841,1841:CUB003,female,head,20260906,0,22.311783067771454,23.24375,24.013217407061617
1841.F06458,21,1841,1841:CUB026,male,head,20260906,0,23.85579828379381,24.66875,23.64695640143829
1841.F06459,23,1841,1841:CUB028,male,head,20260906,0,23.85579828379381,24.625,22.903908043413175
1841.F05104,20,1841,1841:NAU123,male,head,20260906,0,23.85579828379381,24.875,22.432196290932904
10317.000010182,33,10317,10317:723b6b9cc65e7b32325680590272929f0ac00ca96b80b0fab7d4f3aa989891c4e461f3d54e5d04cec753535eff24d840aca7c4484f9aaf9507e8c09d37fc902b,unknown,head,20260906,0,42.736003748769264,41.1375,41.879155426761415
10317.000023128,41,10317,10317:d05b6995db48f6c9db978b1b5ca6e64fdb449b3a00c92813c529766f03bd685a588b170ad83cf571cc7835590556a3954f74f0426fa772dd2e7a9a365c327784,male,head,20260906,0,43.096951733765856,48.2375,47.03050720726248
1841.F05597,19,1841,1841:NAU107,female,head,20260906,0,22.311783067771454,22.6875,22.38444429165842
1841.F05590,28,1841,1841:NAU103,female,head,20260906,0,22.311783067771454,26.7,22.276696007829027
1841.F05598,20,1841,1841:NAU123,male,head,20260906,0,23.85579828379381,24.3625,20.395670121232364
10317.000015501,58,10317,10317:39bccde315a4d2e26bd21d11d8612666496433302b42a988f2e86dbe04d585b4ed30f82357ad21121e121b84ba5b37d2ecaf536b10e6faf7bae853217d2e1db6,male,hand,20260906,0,42.828756362114376,40.45625,43.516309436367905
1841.P16576,21,1841,1841:CUB003,female,hand,20260906,0,22.403919415175885,27.4625,25.239176541725705
1841.P16572,22,1841,1841:CUB040,male,hand,20260906,0,24.002005853999236,27.2125,24.13533621571598
10317.000068979,34,10317,10317:39f71cf33f09de164d937b070afbdb0ae6316326fe838edc8aeebb9c941d1edd0c4b841e5e1b5c435cf9310595d4cb9a17a4d2777234628da9e9e7e1cc78e36f,male,head,20260906,0,43.096951733765856,37.46875,38.9799065850977
1841.P16544,20,1841,1841:CUB051,male,hand,20260906,0,24.002005853999236,29.10625,24.248590036724533
1841.P16543,21,1841,1841:CUB020,female,hand,20260906,0,22.403919415175885,27.96875,24.31810469027193
1841.P16542,20,1841,1841:CUB008,male,hand,20260906,0,24.002005853999236,21.9,22.062456611338426
1841.F05161,55,1841,1841:NAU149,male,head,20260906,0,23.85579828379381,25.74375,21.135681155963265
2010.1566,35,2010,2010:9,female,head,20260906,0,26.070980086070442,38.36875,27.1683405011232
1841.F06555,20,1841,1841:CUB051,male,head,20260906,0,23.85579828379381,26.1125,22.577860904789894
1841.F05844,55,1841,1841:NAU149,male,head,20260906,0,23.85579828379381,29.8,22.924060998073447
1841.F06482,21,1841,1841:CUB000,female,head,20260906,0,22.311783067771454,23.1,23.840146339417263
1841.F06493,21,1841,1841:CUB000,female,head,20260906,0,22.311783067771454,26.00625,27.390283981784037
1841.F06497,21,1841,1841:CUB000,female,head,20260906,0,22.311783067771454,21.83125,22.388858885205423
1841.F06499,20,1841,1841:CUB008,male,head,20260906,0,23.85579828379381,23.09375,21.981854860914503
1841.P15710,20,1841,1841:NAU123,male,hand,20260906,0,24.002005853999236,24.9375,20.021117001501022
1841.P15712,20,1841,1841:NAU110,female,hand,20260906,0,22.403919415175885,26.79375,22.21056120523024
1841.P16383,21,1841,1841:NAU106,female,hand,20260906,0,22.403919415175885,22.175,22.536384264448525
1841.P16380,30,1841,1841:NAU108,female,hand,20260906,0,22.403919415175885,26.26875,25.80460986257497
10317.000049828,37,10317,10317:810a1cfb40a1b8da310e777113e7a6fa79ef435b2348c768e4213fd5c5dc7e3b2dfebad107eeb75d35a31c7a30a00b8e06c8bf1e32f03c95301328ac8be56fbf,male,head,20260906,0,43.096951733765856,43.4125,44.064549379939784
10317.000063308,25,10317,10317:42aad521c038df949fad8060826afdde769401bb8b33ad632fd3209cd6d04c4e5106446ce4aef7bc16b30a904ca2d9896b24cf2ebff3881ae31264873b61c661,male,head,20260906,0,43.096951733765856,35.14375,39.042927278599265
1841.F06579,21,1841,1841:CUB033,female,head,20260906,0,22.311783067771454,25.6875,23.962834349246883
2010.3272,31,2010,2010:43,female,head,20260906,0,26.070980086070442,36.56875,27.681797140545015
1841.P15520,20,1841,1841:NAU110,female,hand,20260906,0,22.403919415175885,27.4875,21.973425221757434
1841.P15521,21,1841,1841:NAU106,female,hand,20260906,0,22.403919415175885,23.9875,25.26313124378975
1841.P15525,19,1841,1841:NAU107,female,hand,20260906,0,22.403919415175885,25.50625,23.402666441915095
1841.P15528,20,1841,1841:NAU141,female,hand,20260906,0,22.403919415175885,24.80625,24.520434182870055
1841.F05553,20,1841,1841:NAU110,female,head,20260906,0,22.311783067771454,27.9375,24.35491009132846
1841.P16066,20,1841,1841:NAU110,female,hand,20260906,0,22.403919415175885,28.19375,24.14896415572965
10317.000003105,30,10317,10317:5917a22ca19367d0c27accc713d8781a073c9c1934d011ac6932648afb15315a7093a032134132de091a4406951dc0cf1616e1458c99936fe5356f19385255c0,male,head,20260906,0,43.096951733765856,40.98125,42.721309074748355
1841.P15737,19,1841,1841:NAU107,female,hand,20260906,0,22.403919415175885,21.61875,22.080658705108913
1841.F06215,20,1841,1841:NAU123,male,head,20260906,0,23.85579828379381,22.81875,20.57689129235642
10317.000068986,34,10317,10317:39f71cf33f09de164d937b070afbdb0ae6316326fe838edc8aeebb9c941d1edd0c4b841e5e1b5c435cf9310595d4cb9a17a4d2777234628da9e9e7e1cc78e36f,male,hand,20260906,0,42.828756362114376,37.28125,34.643795079815945
1841.F06309,21,1841,1841:CUB003,female,head,20260906,0,22.311783067771454,24.2125,23.58968733808633
1841.F06510,21,1841,1841:CUB000,female,head,20260906,0,22.311783067771454,26.7625,26.329832302345274
10317.000034638,64,10317,10317:b03b7d707e125ba38f6ae4345eb6389f63c2caed719f3d69552e392dbe3d40c17b9f8b97c1e801df3731171dea8ebdb990b7f88d87da78c626beccba0003cf7f,female,head,20260906,0,47.78224808479702,44.975,49.18412604799057
10317.000034639,64,10317,10317:b03b7d707e125ba38f6ae4345eb6389f63c2caed719f3d69552e392dbe3d40c17b9f8b97c1e801df3731171dea8ebdb990b7f88d87da78c626beccba0003cf7f,female,hand,20260906,0,47.1961018558434,42.2375,46.30743596174288
1841.F05826,20,1841,1841:NAU123,male,head,20260906,0,23.85579828379381,22.68125,20.80485486190717
1841.P15505,22,1841,1841:NAU137,female,hand,20260906,0,22.403919415175885,22.28125,23.12387996020553
1841.F05536,28,1841,1841:NAU103,female,head,20260906,0,22.311783067771454,25.2,22.842839733101318
1841.F05537,30,1841,1841:NAU108,female,head,20260906,0,22.311783067771454,24.88125,24.609393235601633
1841.F05530,21,1841,1841:NAU106,female,head,20260906,0,22.311783067771454,24.55,23.961689274505392
1841.F05531,20,1841,1841:NAU141,female,head,20260906,0,22.311783067771454,22.9625,24.24397920478097
10317.000068818,23,10317,10317:aa700130bf2ad84f7dfbd70f11a1ed544685dac3b0af8c4231219413d86330f5973915da8180c4eaa587cffc3aa156c9dafbf597461ddd6251fef35831bd365a,male,hand,20260906,0,42.828756362114376,39.40625,39.632738695069584
1841.P16089,20,1841,1841:NAU123,male,hand,20260906,0,24.002005853999236,28.91875,28.42065082457284
1841.P16086,20,1841,1841:NAU110,female,hand,20260906,0,22.403919415175885,28.0,25.446404579213755
1841.P16081,22,1841,1841:NAU137,female,hand,20260906,0,22.403919415175885,24.00625,22.670120470928598
10317.000048369,30,10317,10317:0c2dd9543685a21b0e6e26055bb6623e91dd2d77a34a450a1f4c666e6c8726990361f37c3c84c16b86b8d7ac7ac715d380ccc2006772a5e62b5bda6c41b96f13,male,head,20260906,0,43.096951733765856,35.65625,42.90424905056682
2010.1420,35,2010,2010:9,female,head,20260906,0,26.070980086070442,37.4875,28.2417529780537
1841.P15757,20,1841,1841:NAU123,male,hand,20260906,0,24.002005853999236,22.725,20.054911179837024
1841.P15753,22,1841,1841:NAU137,female,hand,20260906,0,22.403919415175885,24.55625,23.19435857349665
1841.P15976,21,1841,1841:CUB000,female,hand,20260906,0,22.403919415175885,24.74375,25.02538334807159
10317.000015381,34,10317,10317:88f4fbcf0ceb456e7f8e8447af039f0dc2670ad52972600d23a04b60152370409f6b57086023803ce52591376f998806f80e260d50d06764bbb66d26d1b5553e,female,hand,20260906,0,47.1961018558434,41.5,45.5132347412291
10317.000015383,34,10317,10317:88f4fbcf0ceb456e7f8e8447af039f0dc2670ad52972600d23a04b60152370409f6b57086023803ce52591376f998806f80e260d50d06764bbb66d26d1b5553e,female,head,20260906,0,47.78224808479702,40.65625,43.29243987954656
10317.000015382,34,10317,10317:88f4fbcf0ceb456e7f8e8447af039f0dc2670ad52972600d23a04b60152370409f6b57086023803ce52591376f998806f80e260d50d06764bbb66d26d1b5553e,female,hand,20260906,0,47.1961018558434,43.34375,46.12795470329823
1841.F05274,21,1841,1841:NAU106,female,head,20260906,0,22.311783067771454,27.49375,25.39766480321574
1841.F05279,20,1841,1841:NAU123,male,head,20260906,0,23.85579828379381,22.48125,22.88208880993097
1841.F06533,20,1841,1841:CUB008,male,head,20260906,0,23.85579828379381,23.15,21.986984416628868
1841.F06531,21,1841,1841:CUB026,male,head,20260906,0,23.85579828379381,23.925,21.797064799510835
1841.F06534,21,1841,1841:CUB033,female,head,20260906,0,22.311783067771454,23.88125,23.554080789589808
1841.F06539,23,1841,1841:CUB053,female,head,20260906,0,22.311783067771454,22.55625,22.19459372080831
10317.000049908,69,10317,10317:f468dfbfdc239f0e3bbe1de592c866535d2e70f74b05af2999cd5ac5b39818383c58a904146c605bc773f87fac2da08ddde7d4bedced3110d5c1d3b15657f73e,male,hand,20260906,0,42.828756362114376,42.43125,43.14909334732748
1841.P15561,21,1841,1841:NAU106,female,hand,20260906,0,22.403919415175885,23.68125,24.339216677623938
1841.F05515,20,1841,1841:NAU110,female,head,20260906,0,22.311783067771454,28.6625,24.62145933427034
1841.F05436,20,1841,1841:NAU110,female,head,20260906,0,22.311783067771454,29.675,24.98512450573642
1841.P15956,21,1841,1841:CUB033,female,hand,20260906,0,22.403919415175885,22.85625,23.43765903458656
1841.P15955,22,1841,1841:CUB040,male,hand,20260906,0,24.002005853999236,22.65,21.393979614899546
1841.P15954,20,1841,1841:CUB008,male,hand,20260906,0,24.002005853999236,24.25625,22.129910658738797
1841.F06254,20,1841,1841:NAU123,male,head,20260906,0,23.85579828379381,22.4375,20.1038798999378
1841.F06252,22,1841,1841:NAU137,female,head,20260906,0,22.311783067771454,24.6625,23.25776125605754
1841.F05250,19,1841,1841:NAU107,female,head,20260906,0,22.311783067771454,25.2,25.73743735127098
1841.P16329,30,1841,1841:NAU108,female,hand,20260906,0,22.403919415175885,22.18125,22.994169441965184
1841.P16328,30,1841,1841:NAU108,female,hand,20260906,0,22.403919415175885,40.975,25.61449058477348
1841.P15682,20,1841,1841:CUB051,male,hand,20260906,0,24.002005853999236,29.81875,25.182719533856677
1841.F06451,23,1841,1841:CUB053,female,head,20260906,0,22.311783067771454,25.26875,24.6350280579056
10317.000066848,27,10317,10317:73bf3573928ab6f8e0dbef1783c99aa8c96f8a341909051dbaaf5e003778464fdf40cee56b971bea2c557859ebdc3351dddc89230df6458726716c8fe13e3583,female,head,20260906,0,47.78224808479702,36.6875,38.275002125427996
10317.000022099,41,10317,10317:e4503538e12701b45b371c7ed670bd3ae6eba6dbfd41e21b14c030e3e6c626aaaf69513c82f4fb7a3e531ea834a73f16c57799fb90f66a9da07d8b3b8dc4b486,male,head,20260906,0,43.096951733765856,43.66875,46.2610173635148
1841.P15096,21,1841,1841:CUB000,female,hand,20260906,0,22.403919415175885,24.675,24.82385423655533
1841.P15090,20,1841,1841:CUB008,male,hand,20260906,0,24.002005853999236,22.75625,22.102166483859296
1841.P15091,21,1841,1841:CUB000,female,hand,20260906,0,22.403919415175885,23.95625,23.52496166330279
1841.P15540,28,1841,1841:NAU103,female,hand,20260906,0,22.403919415175885,27.05,23.752131662895472
1841.P15548,20,1841,1841:NAU123,male,hand,20260906,0,24.002005853999236,22.5625,20.803161424142427
1841.P15549,30,1841,1841:NAU108,female,hand,20260906,0,22.403919415175885,26.2875,25.806481563487935
1841.P16154,21,1841,1841:NAU106,female,hand,20260906,0,22.403919415175885,22.76875,23.561592917410955
1841.P15935,21,1841,1841:CUB033,female,hand,20260906,0,22.403919415175885,24.0,24.582710069773977
1841.P15936,23,1841,1841:CUB053,female,hand,20260906,0,22.403919415175885,23.9875,25.35241982736099
1841.P15932,21,1841,1841:CUB026,male,hand,20260906,0,24.002005853999236,22.475,20.223507932641894
1841.F05639,20,1841,1841:CUB008,male,head,20260906,0,23.85579828379381,22.6375,20.898893985065847
10317.000005291,69,10317,10317:f468dfbfdc239f0e3bbe1de592c866535d2e70f74b05af2999cd5ac5b39818383c58a904146c605bc773f87fac2da08ddde7d4bedced3110d5c1d3b15657f73e,male,hand,20260906,0,42.828756362114376,46.3875,45.44728013931815
1841.P16303,21,1841,1841:NAU106,female,hand,20260906,0,22.403919415175885,23.91875,24.0202050027528
1841.F05101,28,1841,1841:NAU103,female,head,20260906,0,22.311783067771454,25.75,22.24189131231356
10317.000003535,46,10317,10317:4aa35b33ec066f163b8daeb1b8200f17ece0f58ed4de27fc1acf828c8864cb5dfb93c989fb4315cfe8721c8eed0e468a5da3102ea9bc9c107e0b214c031f5e1d,female,hand,20260906,0,47.1961018558434,45.0875,48.298895353850156
10317.000049833,61,10317,10317:d37889cdecdba46fdb19bb31c950ed36c9b3a1da31fbac08e9ee2ff35bc8af2ce5a4b24631b63e876500eb54df716ba82caddd429a437e61d996dab1bd51de32,female,hand,20260906,0,47.1961018558434,38.975,48.10865708427412
1841.P15215,23,1841,1841:CUB053,female,hand,20260906,0,22.403919415175885,23.85,22.949567138294626
1841.P16170,22,1841,1841:NAU137,female,hand,20260906,0,22.403919415175885,22.6375,22.49317090989533
1841.P16176,20,1841,1841:NAU123,male,hand,20260906,0,24.002005853999236,23.03125,20.99097529766497
1841.P16177,28,1841,1841:NAU103,female,hand,20260906,0,22.403919415175885,26.2375,22.208228513606862
1841.F06292,19,1841,1841:NAU107,female,head,20260906,0,22.311783067771454,22.11875,21.83804577270297
1841.P15912,20,1841,1841:CUB051,male,hand,20260906,0,24.002005853999236,27.26875,22.567580699116316
1841.P15258,21,1841,1841:CUB026,male,hand,20260906,0,24.002005853999236,22.6875,21.811753992907686
1841.P15953,20,1841,1841:CUB008,male,hand,20260906,0,24.002005853999236,23.05,21.536055883843233
10317.000009079,24,10317,10317:78d12b80b1c72aca05eb432fc60c9d17e9d26e9976af5f011f95b27013837975271da44deb87ae11ab5d17f776090675276d08a78b15a8ad0920edeb6e7b75b0,male,head,20260906,0,43.096951733765856,38.54375,39.69853236713301
1841.P15774,55,1841,1841:NAU149,male,hand,20260906,0,24.002005853999236,28.13125,22.06114472085144
1841.F05213,30,1841,1841:NAU108,female,head,20260906,0,22.311783067771454,22.44375,23.183085838246576
1841.F05211,28,1841,1841:NAU103,female,head,20260906,0,22.311783067771454,23.84375,21.548929586199055
1841.F05216,22,1841,1841:NAU137,female,head,20260906,0,22.311783067771454,22.51875,22.789018691963378
1841.P16581,21,1841,1841:CUB000,female,hand,20260906,0,22.403919415175885,26.80625,27.801778728148328
1841.F06354,20,1841,1841:CUB051,male,head,20260906,0,23.85579828379381,25.0625,20.680742556589827
1841.F06590,23,1841,1841:CUB028,male,head,20260906,0,23.85579828379381,23.0875,20.019846839240806
1841.P15058,20,1841,1841:CUB051,male,hand,20260906,0,24.002005853999236,25.13125,21.82722937200455
1841.P15052,21,1841,1841:CUB003,female,hand,20260906,0,22.403919415175885,22.59375,23.637893731407267
1841.P15053,20,1841,1841:CUB008,male,hand,20260906,0,24.002005853999236,22.41875,20.51298984326985
1841.P15056,23,1841,1841:CUB053,female,hand,20260906,0,22.403919415175885,25.7875,23.825368044892592
1841.F06333,23,1841,1841:CUB053,female,head,20260906,0,22.311783067771454,29.46875,26.67690999267814
1841.F06337,23,1841,1841:CUB028,male,head,20260906,0,23.85579828379381,22.225,20.124231862870886
1841.F06338,21,1841,1841:CUB003,female,head,20260906,0,22.311783067771454,25.625,23.77470614846432
1841.P15272,21,1841,1841:CUB003,female,hand,20260906,0,22.403919415175885,22.76875,22.55018288914736
1841.P15589,28,1841,1841:NAU103,female,hand,20260906,0,22.403919415175885,24.76875,22.895109459905257
1841.P15277,21,1841,1841:CUB026,male,hand,20260906,0,24.002005853999236,25.0375,21.550628741511492
1841.F05689,21,1841,1841:CUB026,male,head,20260906,0,23.85579828379381,24.3625,21.520014168732292
1841.F05683,23,1841,1841:CUB053,female,head,20260906,0,22.311783067771454,23.98125,25.283339348194296
1841.F05684,21,1841,1841:CUB026,male,head,20260906,0,23.85579828379381,25.60625,22.742076316972017
1841.P15554,20,1841,1841:NAU110,female,hand,20260906,0,22.403919415175885,29.06875,27.173755779320274
10317.000069058,31,10317,10317:198ec54664604b9ea87e10f11a6d8349037bf3b4e018e7fb9998979245d8f2079c24bef91d79183b5ff2e19efdc4c846a59dec7189d1fe7235717e66307e1a72,male,hand,20260906,0,42.828756362114376,34.55625,36.61498659844327
10317.000069051,31,10317,10317:198ec54664604b9ea87e10f11a6d8349037bf3b4e018e7fb9998979245d8f2079c24bef91d79183b5ff2e19efdc4c846a59dec7189d1fe7235717e66307e1a72,male,head,20260906,0,43.096951733765856,35.85,38.35145265953877
1841.F06102,20,1841,1841:CUB008,male,head,20260906,0,23.85579828379381,22.7125,22.50278035011135
1841.P16343,30,1841,1841:NAU108,female,hand,20260906,0,22.403919415175885,25.75,24.521433576806615
1841.P16342,21,1841,1841:NAU106,female,hand,20260906,0,22.403919415175885,22.3625,23.021460295521905
1841.P16341,19,1841,1841:NAU107,female,hand,20260906,0,22.403919415175885,22.525,24.77409808847774
2010.1814,34,2010,2010:17,female,head,20260906,0,26.070980086070442,35.39375,25.83515795227051
1841.F06230,55,1841,1841:NAU149,male,head,20260906,0,23.85579828379381,27.31875,23.048401298593628
1841.F05252,55,1841,1841:NAU149,male,head,20260906,0,23.85579828379381,26.45,21.833658642767016
1841.P15072,20,1841,1841:CUB008,male,hand,20260906,0,24.002005853999236,24.23125,21.36204692644983
1841.P15076,21,1841,1841:CUB000,female,hand,20260906,0,22.403919415175885,23.1,24.840963515472776
1841.P15077,21,1841,1841:CUB000,female,hand,20260906,0,22.403919415175885,25.7875,25.29755671776793
1841.F06312,20,1841,1841:CUB051,male,head,20260906,0,23.85579828379381,23.95625,20.49165745153932
1841.F06311,21,1841,1841:CUB026,male,head,20260906,0,23.85579828379381,23.45625,20.57933725051013
1841.F06310,21,1841,1841:CUB033,female,head,20260906,0,22.311783067771454,26.5625,26.53108608294851
1841.F06319,21,1841,1841:CUB000,female,head,20260906,0,22.311783067771454,25.93125,26.473773944239987
1841.P16286,55,1841,1841:NAU149,male,hand,20260906,0,24.002005853999236,27.51875,21.31117647266927
1841.P16281,19,1841,1841:NAU107,female,hand,20260906,0,22.403919415175885,22.175,23.004180929666305
10317.000069039,33,10317,10317:65a6735483d4ca756511921efab48bd0d5eefe9702c613c1e3f7065f8b20659da904045df6fb243bf7e1be352dea97d0ceb0c7ccdca5fabb1fd01324d1e414cf,male,head,20260906,0,43.096951733765856,36.225,39.69870194598192
1841.F05403,20,1841,1841:NAU123,male,head,20260906,0,23.85579828379381,23.46875,20.158369466521876
2010.1377,35,2010,2010:9,female,head,20260906,0,26.070980086070442,34.41875,28.71012337225526
1841.P16137,19,1841,1841:NAU107,female,hand,20260906,0,22.403919415175885,23.10625,23.70477793234029
1841.F06127,23,1841,1841:CUB053,female,head,20260906,0,22.311783067771454,28.08125,25.72182616263272
1841.P15020,22,1841,1841:CUB040,male,hand,20260906,0,24.002005853999236,33.80625,30.984215017919603
1841.P15012,23,1841,1841:CUB053,female,hand,20260906,0,22.403919415175885,23.69375,23.197283826634937
1841.F06378,21,1841,1841:CUB000,female,head,20260906,0,22.311783067771454,25.61875,23.917759298560384
10317.000063416,36,10317,10317:702fbc8dfcb76217e73344a0a11dd54afca4b678302097929bc6cc1cadce5d5fc80da1e599a9d752eea1f081540d8b89772bcb670f71f2d38a11bdce484be812,female,head,20260906,0,47.78224808479702,38.6875,41.51097476940963
10317.000049831,61,10317,10317:d37889cdecdba46fdb19bb31c950ed36c9b3a1da31fbac08e9ee2ff35bc8af2ce5a4b24631b63e876500eb54df716ba82caddd429a437e61d996dab1bd51de32,female,head,20260906,0,47.78224808479702,40.16875,47.701859798522385
1841.P15237,20,1841,1841:CUB008,male,hand,20260906,0,24.002005853999236,25.85,21.675692644722016
1841.F05425,55,1841,1841:NAU149,male,head,20260906,0,23.85579828379381,29.04375,21.730202593791912
10317.000003339,73,10317,10317:b8164f6522d265b137471f7142d4362a35a7a4dfd6f21aada5888456dda2bfbdda36900f4edf71d621587e3c79a92da70f421d07fe905890c57c4ec4d421335e,female,hand,20260906,0,47.1961018558434,45.94375,52.63124635438208
1841.F05854,21,1841,1841:NAU106,female,head,20260906,0,22.311783067771454,25.83125,24.74284595379595
1841.F05857,21,1841,1841:NAU106,female,head,20260906,0,22.311783067771454,24.11875,24.749424446284504
1841.P16072,28,1841,1841:NAU103,female,hand,20260906,0,22.403919415175885,26.64375,23.465268034965316
1841.P15038,21,1841,1841:CUB033,female,hand,20260906,0,22.403919415175885,24.3,26.25311023437068
1841.P15036,21,1841,1841:CUB026,male,hand,20260906,0,24.002005853999236,24.39375,20.69397108110303
1841.P15032,20,1841,1841:CUB008,male,hand,20260906,0,24.002005853999236,24.36875,22.742084382475156
10317.000017775,56,10317,10317:95161bf754ca78bbc6736e1276a0c069dd937e05defae03a23b5b34bc3f3e0325898e86cd7fd838de6514fbeb888d6634c7497e3855ab1d45839d35295e2ba95,male,head,20260906,0,43.096951733765856,44.74375,45.44365814130205
1841.F06422,21,1841,1841:CUB033,female,head,20260906,0,22.311783067771454,23.93125,22.79601758325282
1841.F06425,22,1841,1841:CUB040,male,head,20260906,0,23.85579828379381,24.275,24.27026061935435
1841.F06424,22,1841,1841:CUB040,male,head,20260906,0,23.85579828379381,25.0875,23.093533984784703
1841.F06428,20,1841,1841:CUB008,male,head,20260906,0,23.85579828379381,23.61875,22.045231044346508
10317.000049763,52,10317,10317:00069244bd1f2b8987ec0be407f83eec727bd40dde9ff15d05497f7db0f60f551d4af74463256aae7abd00d1a3180ca506bd16e684d859304c2864b1c7e4a8f6,male,head,20260906,0,43.096951733765856,45.95625,45.38366938576407
10317.000049762,52,10317,10317:00069244bd1f2b8987ec0be407f83eec727bd40dde9ff15d05497f7db0f60f551d4af74463256aae7abd00d1a3180ca506bd16e684d859304c2864b1c7e4a8f6,male,hand,20260906,0,42.828756362114376,41.18125,42.95691966307192
1841.P15294,21,1841,1841:CUB033,female,hand,20260906,0,22.403919415175885,24.975,23.688544191290028
1841.P15297,22,1841,1841:CUB040,male,hand,20260906,0,24.002005853999236,24.40625,22.962664808423405
10317.000002088,52,10317,10317:d12b3488162547d96d3669a939c33c47bb7e94f9db76d64dbd76d7bcd6ccf5dc1c2202772cb5712605a51d28e9a8109105db0a01b5d13f55512047b95056356b,male,head,20260906,0,43.096951733765856,46.28125,45.1602711363094
1841.F05456,55,1841,1841:NAU149,male,head,20260906,0,23.85579828379381,28.14375,22.7850996647688
1841.P16246,20,1841,1841:NAU123,male,hand,20260906,0,24.002005853999236,26.0875,25.093846127995086
10317.000063450,29,10317,10317:012c33f74519c193ec10f17ef58846a7db07b462e5497db82c40fedc4ca3edac7e3c610143fdb11e0e0617da7dcd562ee2bf2be850227286ef06ab72c6361d25,male,head,20260906,0,43.096951733765856,56.88125,57.711184285118385
10317.000041369,42,10317,10317:c9f8653bd4ebdf70f189788ed1bc962f7b89716eac15b10fba77e815cba9483cbb0ce452ea8acd0cd27b17a9a599ec7023e375a67fa1551bb8a70af168495dd3,male,head,20260906,0,43.096951733765856,39.93125,40.29129364783639
1841.P15999,21,1841,1841:CUB026,male,hand,20260906,0,24.002005853999236,23.125,21.580320717508105
1841.F05871,28,1841,1841:NAU103,female,head,20260906,0,22.311783067771454,24.26875,23.25125205975402
1841.P16504,21,1841,1841:CUB000,female,hand,20260906,0,22.403919415175885,25.225,26.181222741935862
10317.000007131,39,10317,10317:8b672a386ead28ace9c7eaea68003a8d0be6651cf9544c799a49155c372bc6524d53fd7aae5b008caced52ac352c5fe0a4810a846032621cf2d9fc79200e1218,unknown,hand,20260906,0,43.792443378366656,40.61875,43.61534278254955
1841.F06407,21,1841,1841:CUB003,female,head,20260906,0,22.311783067771454,26.3875,25.872822378048337
1841.F06405,23,1841,1841:CUB028,male,head,20260906,0,23.85579828379381,22.725,21.244656811816085
1841.F06403,23,1841,1841:CUB028,male,head,20260906,0,23.85579828379381,22.50625,20.696042961903874
1841.F05603,21,1841,1841:CUB003,female,head,20260906,0,22.311783067771454,23.14375,23.63478975408248
1841.F05605,23,1841,1841:CUB028,male,head,20260906,0,23.85579828379381,22.03125,20.833108147010737
1841.F05608,23,1841,1841:CUB053,female,head,20260906,0,22.311783067771454,24.14375,23.15094771932405
1841.F05461,55,1841,1841:NAU149,male,head,20260906,0,23.85579828379381,25.9875,21.9478345576439
1841.F05468,22,1841,1841:NAU137,female,head,20260906,0,22.311783067771454,22.1,21.62082829058536
1841.P16197,19,1841,1841:NAU107,female,hand,20260906,0,22.403919415175885,21.94375,22.969161328698146
2010.3131,31,2010,2010:43,female,head,20260906,0,26.070980086070442,34.10625,25.5721029387201
1841.F05813,20,1841,1841:NAU110,female,head,20260906,0,22.311783067771454,28.55,23.111980076057602
1841.P16527,21,1841,1841:CUB026,male,hand,20260906,0,24.002005853999236,22.475,19.722812133285785
1841.F06352,20,1841,1841:CUB008,male,head,20260906,0,23.85579828379381,22.95,21.51735971834677
1841.F06356,20,1841,1841:CUB008,male,head,20260906,0,23.85579828379381,23.3,21.938081518758143
1841.F06467,22,1841,1841:CUB040,male,head,20260906,0,23.85579828379381,28.1125,23.523542416206414
1841.F06391,21,1841,1841:CUB026,male,head,20260906,0,23.85579828379381,23.70625,20.885433447254794
1841.F06462,20,1841,1841:CUB051,male,head,20260906,0,23.85579828379381,24.26875,22.765023990863043
1841.F05664,22,1841,1841:CUB040,male,head,20260906,0,23.85579828379381,24.55,23.08493684552001
1841.F05662,21,1841,1841:CUB003,female,head,20260906,0,22.311783067771454,22.625,22.45690686445744
1841.F05660,20,1841,1841:CUB008,male,head,20260906,0,23.85579828379381,24.5,23.226550940940847
1841.F05661,21,1841,1841:CUB000,female,head,20260906,0,22.311783067771454,26.19375,26.37816361404492
1841.P16200,21,1841,1841:NAU106,female,hand,20260906,0,22.403919415175885,23.73125,22.93566685856762
1841.F05487,20,1841,1841:NAU123,male,head,20260906,0,23.85579828379381,23.96875,22.3100294799978
1841.F05484,21,1841,1841:NAU106,female,head,20260906,0,22.311783067771454,21.9,22.194059099683592
2010.3117,31,2010,2010:41,female,head,20260906,0,26.070980086070442,34.84375,25.009037983407012
1841.F05833,30,1841,1841:NAU108,female,head,20260906,0,22.311783067771454,25.75,23.85051771079553
1841.F05836,28,1841,1841:NAU103,female,head,20260906,0,22.311783067771454,25.85,24.009617579992167
1841.F05835,19,1841,1841:NAU107,female,head,20260906,0,22.311783067771454,22.8625,22.969337726186684
1841.F05834,30,1841,1841:NAU108,female,head,20260906,0,22.311783067771454,26.11875,25.25300994882373
1841.F05629,21,1841,1841:CUB033,female,head,20260906,0,22.311783067771454,23.26875,23.971610490855074
1841.P16541,21,1841,1841:CUB033,female,hand,20260906,0,22.403919415175885,24.625,25.609141709273967
1841.P16016,19,1841,1841:NAU107,female,hand,20260906,0,22.403919415175885,22.76875,22.82255660500751
1841.P16015,55,1841,1841:NAU149,male,hand,20260906,0,24.002005853999236,25.1125,22.140579404195762
10317.000028935,49,10317,10317:59c5a0dcd9d6d45203241bf0d68b0edca829b4582f84f330ac3af24222033b834f16c878479c24ee630d0f140e43b819dacac90ab05a15289947fda4549dfdec,male,head,20260906,0,43.096951733765856,46.95,47.1993310078044
10317.000002212,69,10317,10317:576a03c295c356d35a0d25b2110dd88b3617bd98ae2ff786f650e35db756be0c2368e573093bcfce63e963af568b1198c749606c6e11a98ea707a8a38b2cb1b3,female,hand,20260906,0,47.1961018558434,46.73125,50.428549811677854
1841.F05442,20,1841,1841:NAU110,female,head,20260906,0,22.311783067771454,27.05625,24.071324676018257
1841.F05644,22,1841,1841:CUB040,male,head,20260906,0,23.85579828379381,27.95625,21.987504312321114
1841.P16222,20,1841,1841:NAU123,male,hand,20260906,0,24.002005853999236,25.41875,22.7944123806468
1841.F05841,30,1841,1841:NAU108,female,head,20260906,0,22.311783067771454,25.1875,23.81869997000105
10317.000015465,69,10317,10317:f468dfbfdc239f0e3bbe1de592c866535d2e70f74b05af2999cd5ac5b39818383c58a904146c605bc773f87fac2da08ddde7d4bedced3110d5c1d3b15657f73e,male,hand,20260906,0,42.828756362114376,44.36875,44.59528932306647
10317.000007034,43,10317,10317:24db95a0fff05317ac8b5599cf1761f34d17a8c471ebd2076362229133486e3aacd033d8185a95ec741839e8194f0f1ea58128c7c0ff69e8f994f15d4f5e3f1d,male,head,20260906,0,43.096951733765856,45.375,44.08352459054538
10317.000005431,36,10317,10317:ca094c456996ab8a9ad0f33489c86fed9f280451a6cc84da275911ae7897e6bad66f0f5976a12854a9da9b8e65cc31dc6c689b846ae257ca5841dd6d1296e0ec,unknown,hand,20260906,0,43.792443378366656,39.81875,43.74776327967229
10317.000005430,36,10317,10317:ca094c456996ab8a9ad0f33489c86fed9f280451a6cc84da275911ae7897e6bad66f0f5976a12854a9da9b8e65cc31dc6c689b846ae257ca5841dd6d1296e0ec,unknown,hand,20260906,0,43.792443378366656,38.65,44.54835723453763
10317.000005432,36,10317,10317:ca094c456996ab8a9ad0f33489c86fed9f280451a6cc84da275911ae7897e6bad66f0f5976a12854a9da9b8e65cc31dc6c689b846ae257ca5841dd6d1296e0ec,unknown,head,20260906,0,42.736003748769264,39.0125,43.45619350043135
1841.F06550,22,1841,1841:CUB040,male,head,20260906,0,23.85579828379381,27.2375,22.963265920019193
1841.F06485,20,1841,1841:CUB008,male,head,20260906,0,23.85579828379381,23.3125,21.904933088471875
1841.F06483,21,1841,1841:CUB000,female,head,20260906,0,22.311783067771454,24.3125,23.703133920240266
1841.P16563,23,1841,1841:CUB053,female,hand,20260906,0,22.403919415175885,27.625,24.47671558221805
2010.3092,31,2010,2010:41,female,head,20260906,0,26.070980086070442,36.9,25.51284006655138
1841.F05119,21,1841,1841:NAU106,female,head,20260906,0,22.311783067771454,22.9125,23.66861029867775
10317.000049825,38,10317,10317:810a1cfb40a1b8da310e777113e7a6fa79ef435b2348c768e4213fd5c5dc7e3b2dfebad107eeb75d35a31c7a30a00b8e06c8bf1e32f03c95301328ac8be56fbf,male,hand,20260906,0,42.828756362114376,41.275,44.19156126942093
1841.P16602,22,1841,1841:CUB040,male,hand,20260906,0,24.002005853999236,31.6625,26.288392263031625
1841.P16603,21,1841,1841:CUB033,female,hand,20260906,0,22.403919415175885,22.18125,24.831591361119905
1841.P16600,21,1841,1841:CUB003,female,hand,20260906,0,22.403919415175885,28.7375,25.082673833917042
1841.P15990,23,1841,1841:CUB028,male,hand,20260906,0,24.002005853999236,22.45,21.13186450208142
1841.F05561,21,1841,1841:NAU106,female,head,20260906,0,22.311783067771454,22.95625,23.068399607340922
10317.000047841,56,10317,10317:0bcb4e3d31b0b117c3b6fa86fc51584ae6a9aa505a981882486f137cc53b9ca3d82e6e63f354b102ed104a17e902d66783bd63854c3549b887a4be67e55128ab,female,hand,20260906,0,47.1961018558434,39.1375,42.84148529716297
10317.000005088,34,10317,10317:b74b978649567cb54fc875fffd91ae1e96fe51d67ba3b37beafd17700ef6cc8174703285ab46d656b674c96a535fb1c24429eee1b4c50b47eedb924ba7c66a50,male,head,20260906,0,43.096951733765856,43.60625,44.5382706522889
10317.000005084,34,10317,10317:b74b978649567cb54fc875fffd91ae1e96fe51d67ba3b37beafd17700ef6cc8174703285ab46d656b674c96a535fb1c24429eee1b4c50b47eedb924ba7c66a50,male,hand,20260906,0,42.828756362114376,44.76875,45.0015357982653
10317.000005086,34,10317,10317:b74b978649567cb54fc875fffd91ae1e96fe51d67ba3b37beafd17700ef6cc8174703285ab46d656b674c96a535fb1c24429eee1b4c50b47eedb924ba7c66a50,male,hand,20260906,0,42.828756362114376,42.8875,43.862242099841346
1841.F06545,20,1841,1841:CUB051,male,head,20260906,0,23.85579828379381,25.40625,21.56524095699113
1841.P15531,20,1841,1841:NAU123,male,hand,20260906,0,24.002005853999236,30.1375,27.278735010880094
1841.P15530,22,1841,1841:NAU137,female,hand,20260906,0,22.403919415175885,24.06875,23.166158359277325
1841.F05619,21,1841,1841:CUB000,female,head,20260906,0,22.311783067771454,26.09375,25.368706683303298
1841.F05613,23,1841,1841:CUB028,male,head,20260906,0,23.85579828379381,24.875,22.917802934811487
1841.P15708,19,1841,1841:NAU107,female,hand,20260906,0,22.403919415175885,23.3375,23.885351252247577
1841.P15704,21,1841,1841:NAU106,female,hand,20260906,0,22.403919415175885,23.54375,23.787315135693625
2010.3050,31,2010,2010:41,female,head,20260906,0,26.070980086070442,34.21875,27.946712774004983
1841.F05155,19,1841,1841:NAU107,female,head,20260906,0,22.311783067771454,23.25625,23.9504402744216
1841.F05157,20,1841,1841:NAU110,female,head,20260906,0,22.311783067771454,29.56875,26.600673539244454
1841.F05151,22,1841,1841:NAU137,female,head,20260906,0,22.311783067771454,21.88125,23.433826843802915
1841.P16391,55,1841,1841:NAU149,male,hand,20260906,0,24.002005853999236,29.68125,22.41715099281677
1841.P16394,28,1841,1841:NAU103,female,hand,20260906,0,22.403919415175885,25.08125,23.58918985251208
10317.000063315,25,10317,10317:42aad521c038df949fad8060826afdde769401bb8b33ad632fd3209cd6d04c4e5106446ce4aef7bc16b30a904ca2d9896b24cf2ebff3881ae31264873b61c661,male,hand,20260906,0,42.828756362114376,35.2875,38.42512102891265
1841.F06564,23,1841,1841:CUB053,female,head,20260906,0,22.311783067771454,22.4,22.289565485301498
1841.F05525,20,1841,1841:NAU123,male,head,20260906,0,23.85579828379381,23.30625,20.943444948907416
1841.F05521,19,1841,1841:NAU107,female,head,20260906,0,22.311783067771454,24.33125,21.296443080884313
1841.F05529,22,1841,1841:NAU137,female,head,20260906,0,22.311783067771454,23.84375,22.139669469670824
1841.P16099,20,1841,1841:NAU110,female,hand,20260906,0,22.403919415175885,31.85625,25.74081347098908
10317.000002296,59,10317,10317:1cdc297c8f2ba505978edaff0ca8a91960f6e37bcadd2d77435d2c65097bb57ad3ff6cc0fa9a2fb4694f352f0371cbd3faae7bad89ff335242858790807507c1,female,hand,20260906,0,47.1961018558434,44.8875,48.955179570890024
1841.P15726,55,1841,1841:NAU149,male,hand,20260906,0,24.002005853999236,33.1625,24.160161146723706
1841.P15728,20,1841,1841:NAU110,female,hand,20260906,0,22.403919415175885,29.125,23.91679831253982
1841.F06226,55,1841,1841:NAU149,male,head,20260906,0,23.85579828379381,26.49375,22.875164645941183
1841.F06220,20,1841,1841:NAU123,male,head,20260906,0,23.85579828379381,21.80625,20.538434305105017
10317.000049845,35,10317,10317:88f4fbcf0ceb456e7f8e8447af039f0dc2670ad52972600d23a04b60152370409f6b57086023803ce52591376f998806f80e260d50d06764bbb66d26d1b5553e,female,hand,20260906,0,47.1961018558434,39.25625,43.62208476386203
1841.F05500,22,1841,1841:NAU137,female,head,20260906,0,22.311783067771454,21.9375,21.643670125273317
1841.F06436,21,1841,1841:CUB003,female,head,20260906,0,22.311783067771454,27.4125,24.751440909100655
10317.000015253,34,10317,10317:b74b978649567cb54fc875fffd91ae1e96fe51d67ba3b37beafd17700ef6cc8174703285ab46d656b674c96a535fb1c24429eee1b4c50b47eedb924ba7c66a50,male,hand,20260906,0,42.828756362114376,41.425,40.94769201775065
10317.000015252,34,10317,10317:b74b978649567cb54fc875fffd91ae1e96fe51d67ba3b37beafd17700ef6cc8174703285ab46d656b674c96a535fb1c24429eee1b4c50b47eedb924ba7c66a50,male,head,20260906,0,43.096951733765856,42.06875,41.0094714720033
10317.000015255,34,10317,10317:b74b978649567cb54fc875fffd91ae1e96fe51d67ba3b37beafd17700ef6cc8174703285ab46d656b674c96a535fb1c24429eee1b4c50b47eedb924ba7c66a50,male,hand,20260906,0,42.828756362114376,41.88125,40.86195976269078
10317.000049745,64,10317,10317:b03b7d707e125ba38f6ae4345eb6389f63c2caed719f3d69552e392dbe3d40c17b9f8b97c1e801df3731171dea8ebdb990b7f88d87da78c626beccba0003cf7f,female,head,20260906,0,47.78224808479702,43.2375,48.08100556827553
1841.P15742,20,1841,1841:NAU110,female,hand,20260906,0,22.403919415175885,29.475,25.632620858346613
1841.P15740,55,1841,1841:NAU149,male,hand,20260906,0,24.002005853999236,27.23125,22.28334196756204
1841.P15969,20,1841,1841:CUB051,male,hand,20260906,0,24.002005853999236,35.41875,28.59398860993282
10317.000035234,69,10317,10317:f468dfbfdc239f0e3bbe1de592c866535d2e70f74b05af2999cd5ac5b39818383c58a904146c605bc773f87fac2da08ddde7d4bedced3110d5c1d3b15657f73e,male,head,20260906,0,43.096951733765856,46.00625,46.51304806087346
1841.F06243,55,1841,1841:NAU149,male,head,20260906,0,23.85579828379381,28.7375,23.046536065081487
10317.000049905,69,10317,10317:f468dfbfdc239f0e3bbe1de592c866535d2e70f74b05af2999cd5ac5b39818383c58a904146c605bc773f87fac2da08ddde7d4bedced3110d5c1d3b15657f73e,male,hand,20260906,0,42.828756362114376,42.76875,42.74148712347624
10317.000006851,73,10317,10317:7705669a351542f9add9390a0a093824f81095a819993d82ab0d00eb2120ac34a953c451ff892c8c30e3f1b8f7630625d2ebb4d0e8512526a243025795e51eb7,male,head,20260906,0,43.096951733765856,41.35,42.463318143441846
2010.1447,25,2010,2010:3,female,head,20260906,0,26.070980086070442,37.6125,31.09706460111949
10317.000003550,72,10317,10317:fcb45b6f64ab0b3167524aaa234945c75702e9f45b361a7f3af87c2938b4b5bf8244dd705f8119adf55ee8532be48dc7d72387952b30d9ccda48bdc05fec5797,female,hand,20260906,0,47.1961018558434,51.6375,47.8659474905261
1841.P16545,20,1841,1841:CUB051,male,hand,20260906,0,24.002005853999236,25.3375,22.060521849234306
1841.P16556,23,1841,1841:CUB053,female,hand,20260906,0,22.403919415175885,23.425,23.28100335832799
1841.F06526,23,1841,1841:CUB028,male,head,20260906,0,23.85579828379381,23.7375,21.791374180737453
1841.F06520,21,1841,1841:CUB026,male,head,20260906,0,23.85579828379381,24.2375,21.61508969886422
1841.P15086,22,1841,1841:CUB040,male,hand,20260906,0,24.002005853999236,29.0125,23.28893006966849
1841.P15224,22,1841,1841:CUB040,male,hand,20260906,0,24.002005853999236,26.34375,22.603050523885422
1841.F06291,21,1841,1841:NAU106,female,head,20260906,0,22.311783067771454,23.35625,22.498991390352714
2010.1474,35,2010,2010:9,female,head,20260906,0,26.070980086070442,35.55,27.920035963170907
1841.P15948,20,1841,1841:CUB008,male,hand,20260906,0,24.002005853999236,22.55,22.09980845645366
1841.P15764,28,1841,1841:NAU103,female,hand,20260906,0,22.403919415175885,25.68125,23.81170318356275
1841.P15941,23,1841,1841:CUB028,male,hand,20260906,0,24.002005853999236,22.45,20.355542532098628
1841.P15945,21,1841,1841:CUB003,female,hand,20260906,0,22.403919415175885,23.3875,23.55165941490545
1841.P15762,22,1841,1841:NAU137,female,hand,20260906,0,22.403919415175885,22.125,23.338888164561165
1841.F05247,28,1841,1841:NAU103,female,head,20260906,0,22.311783067771454,26.74375,23.322843452931362
1841.P16339,55,1841,1841:NAU149,male,hand,20260906,0,24.002005853999236,28.8375,23.05740935732983
10317.000066855,27,10317,10317:73bf3573928ab6f8e0dbef1783c99aa8c96f8a341909051dbaaf5e003778464fdf40cee56b971bea2c557859ebdc3351dddc89230df6458726716c8fe13e3583,female,hand,20260906,0,47.1961018558434,35.8375,36.73206135451328
1841.F05469,28,1841,1841:NAU103,female,head,20260906,0,22.311783067771454,25.4125,23.92352941878198
1841.P15207,23,1841,1841:CUB028,male,hand,20260906,0,24.002005853999236,24.35,21.208649362936477
1841.P15205,21,1841,1841:CUB003,female,hand,20260906,0,22.403919415175885,31.15625,30.438237052829884
1841.P15201,23,1841,1841:CUB028,male,hand,20260906,0,24.002005853999236,23.28125,21.568898714273075
1841.P15209,21,1841,1841:CUB033,female,hand,20260906,0,22.403919415175885,26.88125,26.541883597800048
2010.3011,31,2010,2010:41,female,head,20260906,0,26.070980086070442,33.78125,23.740580831893567
1841.P16165,55,1841,1841:NAU149,male,hand,20260906,0,24.002005853999236,25.8375,22.111800692791835
1841.P15928,21,1841,1841:CUB033,female,hand,20260906,0,22.403919415175885,26.1375,26.73379939076053
1841.P15922,21,1841,1841:CUB033,female,hand,20260906,0,22.403919415175885,23.43125,25.545614576687907
1841.P15923,21,1841,1841:CUB000,female,hand,20260906,0,22.403919415175885,26.05,24.525002615239174
1841.F06288,55,1841,1841:NAU149,male,head,20260906,0,23.85579828379381,32.30625,24.085875901100117
1841.F06282,55,1841,1841:NAU149,male,head,20260906,0,23.85579828379381,27.825,22.84386949436765
10317.000005289,69,10317,10317:f468dfbfdc239f0e3bbe1de592c866535d2e70f74b05af2999cd5ac5b39818383c58a904146c605bc773f87fac2da08ddde7d4bedced3110d5c1d3b15657f73e,male,head,20260906,0,43.096951733765856,47.81875,47.18567846991242
10317.000033429,62,10317,10317:1b595cbd54b82f80c4b023585b3a8baad15d027aab0c5b04a69b8c3e9e5d48bfcb2d532872548685bc12d0c706255362bb8a230524186fc6cc64f429295eb166,female,hand,20260906,0,47.1961018558434,48.81875,48.34706395366709
1841.F05229,22,1841,1841:NAU137,female,head,20260906,0,22.311783067771454,22.63125,22.12418098229994
1841.F05223,21,1841,1841:NAU106,female,head,20260906,0,22.311783067771454,23.21875,21.771346572995203
1841.P16310,20,1841,1841:NAU110,female,hand,20260906,0,22.403919415175885,32.20625,23.69873997341054
1841.P16313,20,1841,1841:NAU123,male,hand,20260906,0,24.002005853999236,32.35,33.84977331828442
10317.000071442,22,10317,10317:3f7869fcd99617b9f2bf18fbf0bd9979e5887887afaedf57e4fde973b8756b3be0e2e24ed76f875086eaf6c006b354b48c001d1a162093cbffe2caa0db0ecffc,male,head,20260906,0,43.096951733765856,37.8125,40.65969226097904
10317.000028832,36,10317,10317:3c63e41945a68fe74a43d054231d84ae90b185102915cbf4e13a11155b618c9d46daa02e507790f8529e4ff507dcc94f8b67e321b3ad761e17dfadff23c89742,male,head,20260906,0,43.096951733765856,41.31875,42.09599583470164
1841.P15045,22,1841,1841:CUB040,male,hand,20260906,0,24.002005853999236,23.075,23.005397830159627
1841.P15599,20,1841,1841:NAU123,male,hand,20260906,0,24.002005853999236,22.76875,20.888890020771438
1841.P15596,19,1841,1841:NAU107,female,hand,20260906,0,22.403919415175885,21.8875,22.016003282631747
1841.P15267,21,1841,1841:CUB003,female,hand,20260906,0,22.403919415175885,23.8125,23.880010780943262
1841.P15260,21,1841,1841:CUB000,female,hand,20260906,0,22.403919415175885,25.775,25.85979980998982
1841.P15059,23,1841,1841:CUB028,male,hand,20260906,0,24.002005853999236,23.875,22.684199172579486
1841.F05692,21,1841,1841:CUB003,female,head,20260906,0,22.311783067771454,22.8625,22.347973475044082
1841.P16104,30,1841,1841:NAU108,female,hand,20260906,0,22.403919415175885,25.8625,24.645597799056667
10317.000049759,52,10317,10317:00069244bd1f2b8987ec0be407f83eec727bd40dde9ff15d05497f7db0f60f551d4af74463256aae7abd00d1a3180ca506bd16e684d859304c2864b1c7e4a8f6,male,hand,20260906,0,42.828756362114376,40.3375,40.424559869962614
1841.F05550,20,1841,1841:NAU123,male,head,20260906,0,23.85579828379381,21.83125,19.831177726284384
1841.F05559,22,1841,1841:NAU137,female,head,20260906,0,22.311783067771454,22.4125,22.957287941744518
1841.P15907,20,1841,1841:CUB008,male,hand,20260906,0,24.002005853999236,23.65625,22.51298241042602
1841.P15909,21,1841,1841:CUB003,female,hand,20260906,0,22.403919415175885,23.56875,24.05115217785842
10317.000004056,52,10317,10317:6d4586a1f7c90185bb4ec90e82083cc45b12d79db4919f699dc24cc403347dfd5df17e6008b69cf2b3109ddb41512f4d7a52c91b647c1b59bfd31e8057bfcb0f,male,hand,20260906,0,42.828756362114376,46.05625,46.607413322384474
1841.P15674,20,1841,1841:CUB008,male,hand,20260906,0,24.002005853999236,23.14375,21.86684085505738
1841.F05201,19,1841,1841:NAU107,female,head,20260906,0,22.311783067771454,23.08125,22.650880769792195
1841.P16370,20,1841,1841:NAU110,female,hand,20260906,0,22.403919415175885,34.5125,24.175501599511136
1841.F05884,20,1841,1841:NAU110,female,head,20260906,0,22.311783067771454,29.35,23.377986307674654
1841.P16590,23,1841,1841:CUB028,male,hand,20260906,0,24.002005853999236,23.675,21.020342205480933
1841.P16591,21,1841,1841:CUB033,female,hand,20260906,0,22.403919415175885,24.34375,23.898201483099893
1841.F06586,21,1841,1841:CUB003,female,head,20260906,0,22.311783067771454,24.4625,22.846985729927837
1841.F06584,22,1841,1841:CUB040,male,head,20260906,0,23.85579828379381,25.13125,23.107602604754934
1841.F06583,21,1841,1841:CUB033,female,head,20260906,0,22.311783067771454,23.2875,24.203680995361022
1841.F06580,21,1841,1841:CUB000,female,head,20260906,0,22.311783067771454,25.55625,25.98475870303338
1841.F06581,21,1841,1841:CUB003,female,head,20260906,0,22.311783067771454,28.24375,26.487161639080682
1841.P15066,23,1841,1841:CUB053,female,hand,20260906,0,22.403919415175885,23.2,23.509379966626625
1841.P15060,22,1841,1841:CUB040,male,hand,20260906,0,24.002005853999236,27.6625,25.283503275718306
1841.F06320,21,1841,1841:CUB033,female,head,20260906,0,22.311783067771454,25.38125,25.34416426134879
1841.F06324,21,1841,1841:CUB033,female,head,20260906,0,22.311783067771454,24.45,25.064274073503924
1841.P15244,20,1841,1841:CUB051,male,hand,20260906,0,24.002005853999236,28.25,21.59069193429649
1841.P15249,20,1841,1841:CUB008,male,hand,20260906,0,24.002005853999236,23.9875,22.09714759481223
1841.F06297,55,1841,1841:NAU149,male,head,20260906,0,23.85579828379381,26.1125,23.97958410173698
1841.P16298,55,1841,1841:NAU149,male,hand,20260906,0,24.002005853999236,30.51875,23.81618578049868
1841.P16295,55,1841,1841:NAU149,male,hand,20260906,0,24.002005853999236,27.8,21.49669423252908
10317.000069046,33,10317,10317:65a6735483d4ca756511921efab48bd0d5eefe9702c613c1e3f7065f8b20659da904045df6fb243bf7e1be352dea97d0ceb0c7ccdca5fabb1fd01324d1e414cf,male,hand,20260906,0,42.828756362114376,34.0125,36.25175425678182
1841.F05412,21,1841,1841:NAU106,female,head,20260906,0,22.311783067771454,24.84375,22.636789844423905
1841.F05674,21,1841,1841:CUB033,female,head,20260906,0,22.311783067771454,23.90625,23.357008156555544
2010.3180,31,2010,2010:41,female,head,20260906,0,26.070980086070442,34.7875,25.72195826309982
1841.P16356,30,1841,1841:NAU108,female,hand,20260906,0,22.403919415175885,24.2,24.757156525376317
2010.1803,34,2010,2010:17,female,head,20260906,0,26.070980086070442,36.3125,27.628219802459906
1841.P16524,21,1841,1841:CUB026,male,hand,20260906,0,24.002005853999236,24.1375,20.186648329694513
1841.F05496,19,1841,1841:NAU107,female,head,20260906,0,22.311783067771454,23.95625,22.645878998051373
1841.P15007,21,1841,1841:CUB003,female,hand,20260906,0,22.403919415175885,24.775,25.10785462024904
1841.P15001,23,1841,1841:CUB028,male,hand,20260906,0,24.002005853999236,21.75625,20.109905558565845
1841.P15003,23,1841,1841:CUB028,male,hand,20260906,0,24.002005853999236,22.3875,21.956218470037502
1841.F06305,20,1841,1841:CUB008,male,head,20260906,0,23.85579828379381,24.79375,22.24314253426568
10317.000049844,35,10317,10317:88f4fbcf0ceb456e7f8e8447af039f0dc2670ad52972600d23a04b60152370409f6b57086023803ce52591376f998806f80e260d50d06764bbb66d26d1b5553e,female,head,20260906,0,47.78224808479702,39.65,45.50870350612688
10317.000049848,35,10317,10317:88f4fbcf0ceb456e7f8e8447af039f0dc2670ad52972600d23a04b60152370409f6b57086023803ce52591376f998806f80e260d50d06764bbb66d26d1b5553e,female,hand,20260906,0,47.1961018558434,41.5375,42.00877511601748
10317.000068811,23,10317,10317:aa700130bf2ad84f7dfbd70f11a1ed544685dac3b0af8c4231219413d86330f5973915da8180c4eaa587cffc3aa156c9dafbf597461ddd6251fef35831bd365a,male,head,20260906,0,43.096951733765856,38.63125,38.91338541293446
10317.000031099,55,10317,10317:c652f7d5d732f3e629d4d90cf706462d9f50414ad33c8efbe370e13cba2467159fd00b1af99fda0aaa19aab27b068e2d581735424ec0b886d2867320bad0e931,male,head,20260906,0,43.096951733765856,42.63125,44.1809767693802
1841.P15634,23,1841,1841:CUB053,female,hand,20260906,0,22.403919415175885,22.09375,23.459722081064925
1841.P15025,21,1841,1841:CUB003,female,hand,20260906,0,22.403919415175885,27.50625,24.4007579442168
1841.F06362,22,1841,1841:CUB040,male,head,20260906,0,23.85579828379381,24.69375,21.94136104409121
1841.F06361,20,1841,1841:CUB008,male,head,20260906,0,23.85579828379381,22.70625,21.555899641942403
1841.P15284,23,1841,1841:CUB053,female,hand,20260906,0,22.403919415175885,29.65,29.986944349907688
1841.P15283,22,1841,1841:CUB040,male,hand,20260906,0,24.002005853999236,25.03125,23.73865577276226
10317.000015503,58,10317,10317:39bccde315a4d2e26bd21d11d8612666496433302b42a988f2e86dbe04d585b4ed30f82357ad21121e121b84ba5b37d2ecaf536b10e6faf7bae853217d2e1db6,male,head,20260906,0,43.096951733765856,41.8625,42.97541401089655
10317.000005290,69,10317,10317:f468dfbfdc239f0e3bbe1de592c866535d2e70f74b05af2999cd5ac5b39818383c58a904146c605bc773f87fac2da08ddde7d4bedced3110d5c1d3b15657f73e,male,hand,20260906,0,42.828756362114376,45.45625,44.96109061824766
10317.000015502,58,10317,10317:39bccde315a4d2e26bd21d11d8612666496433302b42a988f2e86dbe04d585b4ed30f82357ad21121e121b84ba5b37d2ecaf536b10e6faf7bae853217d2e1db6,male,hand,20260906,0,42.828756362114376,43.91875,44.7749112031287
1841.P15222,21,1841,1841:CUB000,female,hand,20260906,0,22.403919415175885,27.78125,27.738314779478532
1841.F06170,20,1841,1841:CUB008,male,head,20260906,0,23.85579828379381,22.925,21.96250976329649
1841.F06175,20,1841,1841:CUB051,male,head,20260906,0,23.85579828379381,23.7,21.638309444722488
10317.000035236,69,10317,10317:f468dfbfdc239f0e3bbe1de592c866535d2e70f74b05af2999cd5ac5b39818383c58a904146c605bc773f87fac2da08ddde7d4bedced3110d5c1d3b15657f73e,male,hand,20260906,0,42.828756362114376,49.71875,46.96379092499874
1841.P15612,20,1841,1841:CUB008,male,hand,20260906,0,24.002005853999236,23.5625,21.54914850392317
10317.000015463,69,10317,10317:f468dfbfdc239f0e3bbe1de592c866535d2e70f74b05af2999cd5ac5b39818383c58a904146c605bc773f87fac2da08ddde7d4bedced3110d5c1d3b15657f73e,male,head,20260906,0,43.096951733765856,42.63125,40.10907250982754
10317.000015464,69,10317,10317:f468dfbfdc239f0e3bbe1de592c866535d2e70f74b05af2999cd5ac5b39818383c58a904146c605bc773f87fac2da08ddde7d4bedced3110d5c1d3b15657f73e,male,hand,20260906,0,42.828756362114376,41.1,42.51691346791196
1841.P16065,21,1841,1841:NAU106,female,hand,20260906,0,22.403919415175885,23.49375,24.599194654323153
1841.P16348,28,1841,1841:NAU103,female,hand,20260906,0,22.403919415175885,26.65625,22.847001007930995
1841.F06433,21,1841,1841:CUB026,male,head,20260906,0,23.85579828379381,22.95625,21.814031743079077
10317.000063422,36,10317,10317:702fbc8dfcb76217e73344a0a11dd54afca4b678302097929bc6cc1cadce5d5fc80da1e599a9d752eea1f081540d8b89772bcb670f71f2d38a11bdce484be812,female,hand,20260906,0,47.1961018558434,37.475,41.2580753183462
1841.F06349,21,1841,1841:CUB033,female,head,20260906,0,22.311783067771454,23.1125,24.310833062950216
1841.F05470,19,1841,1841:NAU107,female,head,20260906,0,22.311783067771454,24.20625,22.40331854950938
1841.F05477,20,1841,1841:NAU110,female,head,20260906,0,22.311783067771454,27.50625,24.585853423808228
1841.P16181,28,1841,1841:NAU103,female,hand,20260906,0,22.403919415175885,28.58125,24.063788041421716
1841.P16183,22,1841,1841:NAU137,female,hand,20260906,0,22.403919415175885,22.39375,22.3847218227407
10317.000006853,74,10317,10317:7705669a351542f9add9390a0a093824f81095a819993d82ab0d00eb2120ac34a953c451ff892c8c30e3f1b8f7630625d2ebb4d0e8512526a243025795e51eb7,male,hand,20260906,0,42.828756362114376,46.50625,46.10101614065054
1841.F05869,30,1841,1841:NAU108,female,head,20260906,0,22.311783067771454,23.23125,23.56270129598878
10317.000007128,39,10317,10317:8b672a386ead28ace9c7eaea68003a8d0be6651cf9544c799a49155c372bc6524d53fd7aae5b008caced52ac352c5fe0a4810a846032621cf2d9fc79200e1218,unknown,head,20260906,0,42.736003748769264,45.81875,45.98417822181144
10317.000007129,39,10317,10317:8b672a386ead28ace9c7eaea68003a8d0be6651cf9544c799a49155c372bc6524d53fd7aae5b008caced52ac352c5fe0a4810a846032621cf2d9fc79200e1218,unknown,hand,20260906,0,43.792443378366656,44.4625,47.01527762125261
1841.F05486,22,1841,1841:NAU137,female,head,20260906,0,22.311783067771454,24.3125,23.099198159436526
10317.000063440,30,10317,10317:012c33f74519c193ec10f17ef58846a7db07b462e5497db82c40fedc4ca3edac7e3c610143fdb11e0e0617da7dcd562ee2bf2be850227286ef06ab72c6361d25,male,head,20260906,0,43.096951733765856,38.30625,39.76674568179993
10317.000063447,30,10317,10317:012c33f74519c193ec10f17ef58846a7db07b462e5497db82c40fedc4ca3edac7e3c610143fdb11e0e0617da7dcd562ee2bf2be850227286ef06ab72c6361d25,male,hand,20260906,0,42.828756362114376,36.75625,40.626880780565315
1841.F06412,23,1841,1841:CUB053,female,head,20260906,0,22.311783067771454,23.80625,23.24516987260506
1841.F06413,20,1841,1841:CUB008,male,head,20260906,0,23.85579828379381,23.59375,21.16151853279009
1841.P15793,22,1841,1841:NAU137,female,hand,20260906,0,22.403919415175885,23.0625,22.01254302984297
1841.P15798,21,1841,1841:NAU106,female,hand,20260906,0,22.403919415175885,25.0375,23.665498025780824
1841.P16531,23,1841,1841:CUB028,male,hand,20260906,0,24.002005853999236,22.19375,21.5909785093378
1841.F05679,22,1841,1841:CUB040,male,head,20260906,0,23.85579828379381,27.0625,23.529548386908367
1841.P16215,55,1841,1841:NAU149,male,hand,20260906,0,24.002005853999236,27.65,21.76285674697925
1841.P16210,20,1841,1841:NAU123,male,hand,20260906,0,24.002005853999236,29.90625,25.465086328024086
1841.P16219,55,1841,1841:NAU149,male,hand,20260906,0,24.002005853999236,27.59375,22.260970009856432
1841.P16218,22,1841,1841:NAU137,female,hand,20260906,0,22.403919415175885,23.73125,22.584138939651062
1841.P15054,21,1841,1841:CUB026,male,hand,20260906,0,24.002005853999236,24.89375,22.140411751189532
1841.F05491,22,1841,1841:NAU137,female,head,20260906,0,22.311783067771454,22.1625,21.984678922998377
10317.000063380,40,10317,10317:df013012aa4de39f899aadbdfdd44572d593e9fa5238274ea143331982f2a039f09b846fef6ce0988eeda26205379399dfdb557ef64371f78334d6ee7beed928,male,head,20260906,0,43.096951733765856,33.9125,37.432120087944796
10317.000063387,40,10317,10317:df013012aa4de39f899aadbdfdd44572d593e9fa5238274ea143331982f2a039f09b846fef6ce0988eeda26205379399dfdb557ef64371f78334d6ee7beed928,male,hand,20260906,0,42.828756362114376,36.2875,36.86479499982317
2010.3105,31,2010,2010:43,female,head,20260906,0,26.070980086070442,38.5875,28.909702899956415
10317.000009724,39,10317,10317:8b672a386ead28ace9c7eaea68003a8d0be6651cf9544c799a49155c372bc6524d53fd7aae5b008caced52ac352c5fe0a4810a846032621cf2d9fc79200e1218,unknown,hand,20260906,0,43.792443378366656,43.01875,44.78822957760621
1841.P15551,22,1841,1841:NAU137,female,hand,20260906,0,22.403919415175885,23.1375,23.61223307653931
10317.000009725,39,10317,10317:8b672a386ead28ace9c7eaea68003a8d0be6651cf9544c799a49155c372bc6524d53fd7aae5b008caced52ac352c5fe0a4810a846032621cf2d9fc79200e1218,unknown,head,20260906,0,42.736003748769264,41.60625,45.51852449270512
10317.000009722,39,10317,10317:8b672a386ead28ace9c7eaea68003a8d0be6651cf9544c799a49155c372bc6524d53fd7aae5b008caced52ac352c5fe0a4810a846032621cf2d9fc79200e1218,unknown,hand,20260906,0,43.792443378366656,40.35625,43.67051124912402
1841.F06476,23,1841,1841:CUB056,male,head,20260906,1,24.232162444530857,23.0875,20.263810734701725
1841.F06471,21,1841,1841:CUB032,female,head,20260906,1,22.070462084459063,22.975,23.699721653487693
1841.F05947,18,1841,1841:NCS213,female,head,20260906,1,22.070462084459063,23.4625,23.2341206112004
1841.F05651,21,1841,1841:CUB029,male,head,20260906,1,24.232162444530857,23.10625,21.766247788156196
1841.P16491,22,1841,1841:NCS212,female,hand,20260906,1,22.093254368848886,25.04375,25.44077016518324
1841.P15149,18,1841,1841:NCS213,female,hand,20260906,1,22.093254368848886,22.89375,25.10091388166953
1841.P15324,20,1841,1841:NCS263,male,hand,20260906,1,24.395156406312005,26.4125,25.085486438648243
2010.1953,32,2010,2010:19,female,head,20260906,1,27.99195562376527,41.975,32.15061308140535
1841.P16559,41,1841,1841:CUB050,female,hand,20260906,1,22.093254368848886,27.85,27.408450937658156
10317.000004238,58,10317,10317:37d8f6f7e4e484018175eb77bb7510245502c3c3d85c9a1874de9d25b0c5fe27d21dbcbe36e8c6663360590a8287912cd7e945311f2e50e46afc4ca3b709cc02,male,head,20260906,1,41.99302490473077,43.1625,43.24257958220943
10317.000004236,58,10317,10317:37d8f6f7e4e484018175eb77bb7510245502c3c3d85c9a1874de9d25b0c5fe27d21dbcbe36e8c6663360590a8287912cd7e945311f2e50e46afc4ca3b709cc02,male,hand,20260906,1,42.13413270662596,46.55,47.09165753898455
10317.000004237,58,10317,10317:37d8f6f7e4e484018175eb77bb7510245502c3c3d85c9a1874de9d25b0c5fe27d21dbcbe36e8c6663360590a8287912cd7e945311f2e50e46afc4ca3b709cc02,male,hand,20260906,1,42.13413270662596,44.11875,46.23544587942422
10317.000068943,39,10317,10317:aa8c21f5078bc7371b21ffbe19854212c26e4ba8b087307ab121b615566704bf41428d321554791b675f216db7f7d1922190d57c119c58c01ff5e6a1b7a11da3,male,head,20260906,1,41.99302490473077,40.8625,35.83634994228197
1841.P15124,18,1841,1841:NCS213,female,hand,20260906,1,22.093254368848886,22.84375,24.05077187507789
1841.P15121,18,1841,1841:NCS213,female,hand,20260906,1,22.093254368848886,23.45,23.41936824957307
10317.000063164,29,10317,10317:03c0867966fe2299eb3b09291d5f0834310bdf5fceed9c9b7b397570bf8f2d2adaeb945c824ff0cb407abaf691b8173cfa03c4f8eb17e6dd9f6eda17502e66e4,male,head,20260906,1,41.99302490473077,34.2125,36.411659427876096
1841.F05595,21,1841,1841:NAU113,female,head,20260906,1,22.070462084459063,23.15,21.95833759734468
1841.F06556,41,1841,1841:CUB050,female,head,20260906,1,22.070462084459063,28.875,24.061715639334242
1841.F06233,26,1841,1841:NAU146,female,head,20260906,1,22.070462084459063,26.65625,24.057601026103686
2010.2215,23,2010,2010:31,female,head,20260906,1,27.99195562376527,36.775,28.222036988999356
10317.000041070,31,10317,10317:71e5fd7acb649ca95a67898db0fec25f330aaadd054f9606a2bf895d9748f5f2dbb072b66b2f8cbb341c64bf56f1d46adf1543d0cd7406a94c113f4c63d7e45a,female,hand,20260906,1,50.5605216078808,38.40625,42.11791740880878
1841.P16436,20,1841,1841:NCS263,male,hand,20260906,1,24.395156406312005,23.70625,23.147742923296526
1841.P15383,20,1841,1841:NCS263,male,hand,20260906,1,24.395156406312005,26.3,22.591982433134834
1841.F05889,33,1841,1841:NAU144,male,head,20260906,1,24.232162444530857,24.54375,22.452511744686408
10317.000010809,63,10317,10317:4f1f526cf557e60e9ce5eb0de9d3dd98225fb7747813f64b3d82c6051d735e3b82dfb7abb4f089fb6d86848d907502d663cb4d69dad26574b00e58d0fc884610,male,head,20260906,1,41.99302490473077,42.1875,42.406165169352555
1841.P15006,21,1841,1841:CUB032,female,hand,20260906,1,22.093254368848886,23.525,27.54690124796392
1841.P16419,22,1841,1841:NCS212,female,hand,20260906,1,22.093254368848886,24.35,23.481345661194098
1841.P16411,22,1841,1841:NCS212,female,hand,20260906,1,22.093254368848886,22.2125,23.897179094936114
1841.F06517,20,1841,1841:CUB005,female,head,20260906,1,22.070462084459063,22.9875,23.826383617256162
1841.P15975,21,1841,1841:CUB032,female,hand,20260906,1,22.093254368848886,22.125,23.910415579236965
1841.P16000,21,1841,1841:CUB029,male,hand,20260906,1,24.395156406312005,22.6,22.6267981552209
10317.000069111,29,10317,10317:03c0867966fe2299eb3b09291d5f0834310bdf5fceed9c9b7b397570bf8f2d2adaeb945c824ff0cb407abaf691b8173cfa03c4f8eb17e6dd9f6eda17502e66e4,male,head,20260906,1,41.99302490473077,33.13125,33.88040623646009
10317.000069118,29,10317,10317:03c0867966fe2299eb3b09291d5f0834310bdf5fceed9c9b7b397570bf8f2d2adaeb945c824ff0cb407abaf691b8173cfa03c4f8eb17e6dd9f6eda17502e66e4,male,hand,20260906,1,42.13413270662596,33.3,35.092041179181976
1841.P16477,20,1841,1841:NCS263,male,hand,20260906,1,24.395156406312005,22.83125,22.557918283567382
1841.F06537,41,1841,1841:CUB050,female,head,20260906,1,22.070462084459063,28.04375,24.320804470794652
10317.000005597,74,10317,10317:7ba032cf20a095821627a110ab26bb5c1b92a9eec7dc65f29d2b0b7c0f2dece8e620882864fff5d7d829b5d72d5061c1b402d6fba6e4e8a623373670f402b87e,male,hand,20260906,1,42.13413270662596,42.5625,46.086196005234925
10317.000008202,47,10317,10317:7cc5c069db6eab6ca70adb3c38c792d60541ae6bc238d37452ba179cd855f4eef887ff1ee7a82c8e3ed38d80f5ec6216acf1971f02f4a9426720ed8515710296,male,head,20260906,1,41.99302490473077,41.025,42.48272776631314
1841.P15967,20,1841,1841:CUB005,female,hand,20260906,1,22.093254368848886,28.175,25.677102521913262
1841.P15959,21,1841,1841:CUB029,male,hand,20260906,1,24.395156406312005,23.18125,23.417644742384365
1841.F05258,33,1841,1841:NAU144,male,head,20260906,1,24.232162444530857,26.1125,21.033932967187415
1841.F06052,22,1841,1841:NCS212,female,head,20260906,1,22.070462084459063,22.7375,21.604143314812138
1841.P16320,33,1841,1841:NAU144,male,hand,20260906,1,24.395156406312005,21.60625,21.884170616829525
1841.P16325,33,1841,1841:NAU144,male,hand,20260906,1,24.395156406312005,23.21875,21.067694822192845
1841.F05043,22,1841,1841:NCS212,female,head,20260906,1,22.070462084459063,22.625,23.422672783196045
1841.F06450,20,1841,1841:CUB005,female,head,20260906,1,22.070462084459063,22.1125,24.415114458328237
10317.000066843,27,10317,10317:75e7facbcee6190c9bd0ec55d33af511592981c1851bc62c90ffa060b30d59451c3407b0344a1357b33b8a653eb1ab6517c15e9f6f193c447e3882c2ada31e9a,male,hand,20260906,1,42.13413270662596,33.4625,34.23404489746311
1841.P15095,23,1841,1841:CUB056,male,hand,20260906,1,24.395156406312005,24.2375,22.527976335370557
1841.P15092,23,1841,1841:CUB056,male,hand,20260906,1,24.395156406312005,25.7125,23.383848198995402
1841.P15238,20,1841,1841:CUB005,female,hand,20260906,1,22.093254368848886,25.75625,26.152363849376194
1841.F05932,18,1841,1841:NCS213,female,head,20260906,1,22.070462084459063,24.58125,22.67185017665866
1841.F05936,18,1841,1841:NCS213,female,head,20260906,1,22.070462084459063,24.5875,23.05098603482452
1841.P15934,21,1841,1841:CUB029,male,hand,20260906,1,24.395156406312005,23.25,21.945191453992756
1841.P15931,21,1841,1841:CUB032,female,hand,20260906,1,22.093254368848886,21.91875,22.753604433644497
10317.000005079,33,10317,10317:a29fd754368cde4d06c428f68fac03a5f07bc4192f8ad6f00b4dead3a90b4f2a07cda53d353c8eebcdf472b25a87cc69592d2bcf0fae7f901a0ee6e9cff063c9,male,head,20260906,1,41.99302490473077,38.85625,41.34393360165272
10317.000007078,48,10317,10317:63aa1010fee4655f80a2fd1ca92db0c9c662b7ff7dfeccd99a08edb7b7f5af8b2df1c92465690a27ee6aad1207495376abce78f3ddeffc05da0acb099f8efdb8,male,hand,20260906,1,42.13413270662596,38.06875,39.87487840169792
10317.000007079,48,10317,10317:63aa1010fee4655f80a2fd1ca92db0c9c662b7ff7dfeccd99a08edb7b7f5af8b2df1c92465690a27ee6aad1207495376abce78f3ddeffc05da0acb099f8efdb8,male,hand,20260906,1,42.13413270662596,40.95,42.93655557976157
10317.000006732,55,10317,10317:ed020761c7ba4f7a64f3ebf12adc7f8dad56d9bd7b209c08e63fb95be9af9360fa3cebe2bcedac211a2b46ffd9478544970ca36098a278521a67c91e153cdc45,female,head,20260906,1,46.693748589548036,37.90625,42.53554155409793
1841.P16307,33,1841,1841:NAU144,male,hand,20260906,1,24.395156406312005,23.925,22.29851014540309
1841.P16305,33,1841,1841:NAU144,male,hand,20260906,1,24.395156406312005,23.38125,20.42979906649242
1841.P16304,33,1841,1841:NAU144,male,hand,20260906,1,24.395156406312005,21.89375,21.55608112902995
2010.1851,32,2010,2010:19,female,head,20260906,1,27.99195562376527,42.525,31.514806087115034
10317.000066867,29,10317,10317:03c0867966fe2299eb3b09291d5f0834310bdf5fceed9c9b7b397570bf8f2d2adaeb945c824ff0cb407abaf691b8173cfa03c4f8eb17e6dd9f6eda17502e66e4,male,hand,20260906,1,42.13413270662596,31.9,32.76847601403244
10317.000066866,29,10317,10317:03c0867966fe2299eb3b09291d5f0834310bdf5fceed9c9b7b397570bf8f2d2adaeb945c824ff0cb407abaf691b8173cfa03c4f8eb17e6dd9f6eda17502e66e4,male,hand,20260906,1,42.13413270662596,36.2875,37.877067307390526
10317.000066861,29,10317,10317:03c0867966fe2299eb3b09291d5f0834310bdf5fceed9c9b7b397570bf8f2d2adaeb945c824ff0cb407abaf691b8173cfa03c4f8eb17e6dd9f6eda17502e66e4,male,head,20260906,1,41.99302490473077,34.54375,31.854354203409393
10317.000066868,29,10317,10317:03c0867966fe2299eb3b09291d5f0834310bdf5fceed9c9b7b397570bf8f2d2adaeb945c824ff0cb407abaf691b8173cfa03c4f8eb17e6dd9f6eda17502e66e4,male,hand,20260906,1,42.13413270662596,34.4875,36.6438304656434
2010.2229,22,2010,2010:29,female,head,20260906,1,27.99195562376527,38.16875,27.6698542456468
1841.P15218,20,1841,1841:CUB005,female,hand,20260906,1,22.093254368848886,23.0875,25.37246016646185
10317.000069142,34,10317,10317:2fe8dc51162640ecda81c266c7b13a12fa0b362550125c042231ebf311ae65b5597119ff4c21bc3e0d2daf7c54569db93c6d59b2cd8c7abd7c7e43d806b66718,male,hand,20260906,1,42.13413270662596,38.68125,41.79731649111167
10317.000068842,36,10317,10317:1828cb0e8db79ff7771af2763605e12af956358756170093e17230a4ffb081fdfb2040dc65ff286b54429aedd73f9630fd5d98b9a5ad628c6116a74fb994dcf8,male,hand,20260906,1,42.13413270662596,37.65,39.2650807081582
1841.F05006,22,1841,1841:NCS212,female,head,20260906,1,22.070462084459063,24.39375,23.911455010787414
10317.000069075,22,10317,10317:62da411fb1daa598c9de6fec6d4999096c07c935e32acd264bd45573737d7ca012c560ebc6a3ff42a617cdb54d7d364fb719fc379b15ab5e772bbf3a7356dbde,female,head,20260906,1,46.693748589548036,36.59375,39.06461290884047
10317.000062190,29,10317,10317:03c0867966fe2299eb3b09291d5f0834310bdf5fceed9c9b7b397570bf8f2d2adaeb945c824ff0cb407abaf691b8173cfa03c4f8eb17e6dd9f6eda17502e66e4,male,head,20260906,1,41.99302490473077,33.275,34.41809264548701
1841.F05002,20,1841,1841:NCS263,male,head,20260906,1,24.232162444530857,28.13125,21.613148962001887
2010.2318,23,2010,2010:31,female,head,20260906,1,27.99195562376527,24.7125,24.81129050734907
1841.P16366,33,1841,1841:NAU144,male,hand,20260906,1,24.395156406312005,22.69375,20.652688814359784
10317.000002877,39,10317,10317:f73c970ebbe4576dac4346e12bd70d852fd2fad299e544aaabe76119ae6772ae189eebd9acc9c024c6a0bf917496f24b6520712b5200889e9afdeb9ed347f9e9,female,head,20260906,1,46.693748589548036,45.96875,48.004354327301805
1841.F06592,20,1841,1841:CUB005,female,head,20260906,1,22.070462084459063,22.93125,22.632990204897336
1841.P15055,20,1841,1841:CUB005,female,hand,20260906,1,22.093254368848886,23.9125,25.57783438771633
10317.000049876,74,10317,10317:7ba032cf20a095821627a110ab26bb5c1b92a9eec7dc65f29d2b0b7c0f2dece8e620882864fff5d7d829b5d72d5061c1b402d6fba6e4e8a623373670f402b87e,male,head,20260906,1,41.99302490473077,47.275,47.685014656039066
1841.F06331,21,1841,1841:CUB029,male,head,20260906,1,24.232162444530857,21.6125,20.064764790464697
1841.P15273,21,1841,1841:CUB032,female,hand,20260906,1,22.093254368848886,23.1375,24.362272903719933
10317.000068823,29,10317,10317:03c0867966fe2299eb3b09291d5f0834310bdf5fceed9c9b7b397570bf8f2d2adaeb945c824ff0cb407abaf691b8173cfa03c4f8eb17e6dd9f6eda17502e66e4,male,head,20260906,1,41.99302490473077,34.29375,34.18776175975171
1841.F05029,22,1841,1841:NCS212,female,head,20260906,1,22.070462084459063,22.46875,21.218894958911402
1841.F06109,41,1841,1841:CUB050,female,head,20260906,1,22.070462084459063,28.1625,25.600863139972823
1841.P15253,21,1841,1841:CUB029,male,hand,20260906,1,24.395156406312005,23.70625,20.87593445612195
1841.F05340,22,1841,1841:NCS212,female,head,20260906,1,22.070462084459063,26.11875,25.765898758855965
10317.000007117,60,10317,10317:2c2e468c2481938c25962a208bec11d9f0eeca11f8a06d48aa50be31a747dd0327f6137458e4dfda584fc42b4c5f35613440eef5b177a1d0569e16e7432648dd,male,head,20260906,1,41.99302490473077,42.2125,45.190293601582496
10317.000007115,60,10317,10317:2c2e468c2481938c25962a208bec11d9f0eeca11f8a06d48aa50be31a747dd0327f6137458e4dfda584fc42b4c5f35613440eef5b177a1d0569e16e7432648dd,male,hand,20260906,1,42.13413270662596,42.59375,42.63257885802906
10317.000007119,60,10317,10317:2c2e468c2481938c25962a208bec11d9f0eeca11f8a06d48aa50be31a747dd0327f6137458e4dfda584fc42b4c5f35613440eef5b177a1d0569e16e7432648dd,male,hand,20260906,1,42.13413270662596,43.6875,45.28524579240039
1841.F05049,20,1841,1841:NCS263,male,head,20260906,1,24.232162444530857,26.775,21.620783372910154
10317.000003336,74,10317,10317:cc74256c990c430993cd5fc5079433232702a5006ee4a770421edf6482fee08db076f06f1fcf83bacf50a1a592d1fbd51c3edee6f558ab60369868d09a642c78,female,hand,20260906,1,50.5605216078808,40.4375,48.32011900773679
1841.P16453,20,1841,1841:NCS263,male,hand,20260906,1,24.395156406312005,24.45,21.81870724202916
1841.F06123,41,1841,1841:CUB050,female,head,20260906,1,22.070462084459063,30.58125,25.30113671787322
10317.000005598,74,10317,10317:7ba032cf20a095821627a110ab26bb5c1b92a9eec7dc65f29d2b0b7c0f2dece8e620882864fff5d7d829b5d72d5061c1b402d6fba6e4e8a623373670f402b87e,male,hand,20260906,1,42.13413270662596,43.58125,46.94855626933821
10317.000005594,74,10317,10317:7ba032cf20a095821627a110ab26bb5c1b92a9eec7dc65f29d2b0b7c0f2dece8e620882864fff5d7d829b5d72d5061c1b402d6fba6e4e8a623373670f402b87e,male,head,20260906,1,41.99302490473077,41.725,44.26806656877455
1841.P15011,41,1841,1841:CUB050,female,hand,20260906,1,22.093254368848886,27.33125,26.376520589998773
10317.000023059,74,10317,10317:7903469fb68001b987d8ac0d762e78777829661f7bb380ee87598fe94e18cb4f57d8029bf74c2f1db263f07017cfe1291af68c5ba65cfcdfc3998fff8bf67e81,female,head,20260906,1,46.693748589548036,41.325,45.1376069743802
1841.P16573,21,1841,1841:CUB032,female,hand,20260906,1,22.093254368848886,23.26875,25.085118445976956
10317.000027763,32,10317,10317:cc923c4395f942a7be06745a9437731d12a282545bc59fe0b238fef4ed14300cab1a65ed16964ba9a8f4c846101d7788077d138343a7acc82f00e6b9375b6efb,male,hand,20260906,1,42.13413270662596,40.0875,41.76793779921792
1841.P15356,20,1841,1841:NCS263,male,hand,20260906,1,24.395156406312005,26.175,22.652513218863405
10317.000069063,29,10317,10317:03c0867966fe2299eb3b09291d5f0834310bdf5fceed9c9b7b397570bf8f2d2adaeb945c824ff0cb407abaf691b8173cfa03c4f8eb17e6dd9f6eda17502e66e4,male,head,20260906,1,41.99302490473077,33.61875,33.183099478183294
1841.P15942,21,1841,1841:CUB029,male,hand,20260906,1,24.395156406312005,21.275,20.81206232290528
1841.P15037,41,1841,1841:CUB050,female,hand,20260906,1,22.093254368848886,25.875,26.085900703919865
1841.P15030,41,1841,1841:CUB050,female,hand,20260906,1,22.093254368848886,26.53125,30.13693535944548
1841.F06421,21,1841,1841:CUB029,male,head,20260906,1,24.232162444530857,22.625,21.269273517107123
1841.F05191,26,1841,1841:NAU146,female,head,20260906,1,22.070462084459063,24.03125,22.94181038437925
1841.F05990,18,1841,1841:NCS213,female,head,20260906,1,22.070462084459063,23.31875,23.382277218328767
10317.000022189,57,10317,10317:83129c2b229f0d9fb6e870c62c2b01797d6f2d1e18875a4474c1d621fd4239f0509c12f293d0febfee93496a315d1b8ed8f7d66b9046ea392b2913819b93632c,female,head,20260906,1,46.693748589548036,40.2625,42.76276905057294
1841.P15998,23,1841,1841:CUB056,male,hand,20260906,1,24.395156406312005,27.48125,24.268053587458724
1841.F05246,33,1841,1841:NAU144,male,head,20260906,1,24.232162444530857,24.55625,18.1264672300339
1841.F06404,21,1841,1841:CUB032,female,head,20260906,1,22.070462084459063,22.56875,23.08878732235446
1841.F06409,21,1841,1841:CUB029,male,head,20260906,1,24.232162444530857,21.55625,19.61174876540402
10317.000049121,62,10317,10317:cf42e22cb0b5def3e5fb85e3eedb9fec63ec3614a7783d0ac195975b575a9863d801522f080d492d8032502dfbef61ba79d17264597f600354ba3cb662748955,male,head,20260906,1,41.99302490473077,43.0375,40.37714769571939
1841.P16196,26,1841,1841:NAU146,female,hand,20260906,1,22.093254368848886,26.575,27.886023545392344
1841.P16194,26,1841,1841:NAU146,female,hand,20260906,1,22.093254368848886,25.175,28.30852388440338
1841.F05652,21,1841,1841:CUB032,female,head,20260906,1,22.070462084459063,23.06875,23.58832835345059
1841.P16335,33,1841,1841:NAU144,male,hand,20260906,1,24.395156406312005,24.24375,21.83795437544246
1841.P15177,18,1841,1841:NCS213,female,hand,20260906,1,22.093254368848886,22.0375,23.29726006362126
10317.000036735,63,10317,10317:0195d329f030b0250f2e009ac656b8ee7c006c3a064b6d08770ecd7067bf4098cd0fb82f552a671d583f26002b4f2753d6bca1b02521b55faac3ba0bc1e64d8a,male,head,20260906,1,41.99302490473077,44.04375,43.122376628492574
10317.000036732,63,10317,10317:0195d329f030b0250f2e009ac656b8ee7c006c3a064b6d08770ecd7067bf4098cd0fb82f552a671d583f26002b4f2753d6bca1b02521b55faac3ba0bc1e64d8a,male,head,20260906,1,41.99302490473077,43.5,42.62660530551881
1841.F05819,33,1841,1841:NAU144,male,head,20260906,1,24.232162444530857,24.3,20.889867919521063
1841.P16525,23,1841,1841:CUB056,male,hand,20260906,1,24.395156406312005,24.25,23.413007035320728
1841.P16522,20,1841,1841:CUB005,female,hand,20260906,1,22.093254368848886,23.51875,25.68673092891594
1841.P16521,23,1841,1841:CUB056,male,hand,20260906,1,24.395156406312005,25.11875,23.89992013526544
1841.F06353,21,1841,1841:CUB029,male,head,20260906,1,24.232162444530857,22.25,21.402792773487942
10317.000007113,60,10317,10317:2c2e468c2481938c25962a208bec11d9f0eeca11f8a06d48aa50be31a747dd0327f6137458e4dfda584fc42b4c5f35613440eef5b177a1d0569e16e7432648dd,male,hand,20260906,1,42.13413270662596,40.1,45.645555257369395
10317.000007112,60,10317,10317:2c2e468c2481938c25962a208bec11d9f0eeca11f8a06d48aa50be31a747dd0327f6137458e4dfda584fc42b4c5f35613440eef5b177a1d0569e16e7432648dd,male,hand,20260906,1,42.13413270662596,45.18125,48.664632446979226
2010.2777,24,2010,2010:37,female,head,20260906,1,27.99195562376527,28.85625,26.391796182630245
10317.000007110,60,10317,10317:2c2e468c2481938c25962a208bec11d9f0eeca11f8a06d48aa50be31a747dd0327f6137458e4dfda584fc42b4c5f35613440eef5b177a1d0569e16e7432648dd,male,head,20260906,1,41.99302490473077,41.375,42.81369830641157
10317.000004206,76,10317,10317:e4f690795c66a065feccd07de0128f89746b411eb215789f6c7c9bd18b20cd831f9b9a7e3b8af5952b3c56c532534d3f1045f353d46b4b79876a0f6c8b58df96,female,hand,20260906,1,50.5605216078808,50.21875,52.14804308823797
1841.F06398,23,1841,1841:CUB056,male,head,20260906,1,24.232162444530857,27.15625,20.107010780674035
1841.F06394,21,1841,1841:CUB029,male,head,20260906,1,24.232162444530857,23.16875,20.356013389431133
10317.000002610,56,10317,10317:dd3fbf0f2c96e9182d8538806757f0f2102c6124dfeb04c9fa449391b445968553d59114033b794df4532c7b77765fba1b12c00969628c268640fc23848b7978,female,head,20260906,1,46.693748589548036,44.44375,49.65195227534702
10317.000005646,65,10317,10317:98e719bb087e2058ac8f1e380218232d306e4f5c7d2359784abda5fddf02926beb32a6c0ba8383dd0026ec1f0d372d68007114cdd2512a3abb3d77158fa6f4d1,female,hand,20260906,1,50.5605216078808,44.075,48.997192678347815
1841.P15610,41,1841,1841:CUB050,female,hand,20260906,1,22.093254368848886,28.91875,26.075553779833193
10317.000005644,65,10317,10317:98e719bb087e2058ac8f1e380218232d306e4f5c7d2359784abda5fddf02926beb32a6c0ba8383dd0026ec1f0d372d68007114cdd2512a3abb3d77158fa6f4d1,female,head,20260906,1,46.693748589548036,44.0375,50.072584585405664
10317.000005645,65,10317,10317:98e719bb087e2058ac8f1e380218232d306e4f5c7d2359784abda5fddf02926beb32a6c0ba8383dd0026ec1f0d372d68007114cdd2512a3abb3d77158fa6f4d1,female,hand,20260906,1,50.5605216078808,42.63125,51.254475425026016
10317.000015363,43,10317,10317:3fec78757c5821d558096acce3e9df6968ae564264912c66f6a851727ebd63c36eee0764c3d1e47c0813cb5998caa14cb2bec75ca8716e8e3437768b86b408aa,male,head,20260906,1,41.99302490473077,36.725,41.88245571734485
10317.000020708,38,10317,10317:06cf6f63a01f0bbf35a097b00d8e378ca6a8df068d8f99cb73feead69c041664f4cbec9fbc91e7f587844c43d5c16bab7d422b2890e7a2805db632fccecc39a0,female,hand,20260906,1,50.5605216078808,41.4375,42.8595290935405
10317.000015365,43,10317,10317:3fec78757c5821d558096acce3e9df6968ae564264912c66f6a851727ebd63c36eee0764c3d1e47c0813cb5998caa14cb2bec75ca8716e8e3437768b86b408aa,male,hand,20260906,1,42.13413270662596,40.4375,43.00274881565175
10317.000031066,42,10317,10317:7335b37622ba1bdd7e488bc6758f7c8fd36c26e43d8fdb09f00e1ae18ff0959bc7f4f27508aebf68b1a500bbc62282d5389c9d49419171cf9e9c946f433596f6,male,hand,20260906,1,42.13413270662596,40.35625,40.69849756324983
1841.F05830,26,1841,1841:NAU146,female,head,20260906,1,22.070462084459063,25.2875,22.806224897548827
1841.F05345,22,1841,1841:NCS212,female,head,20260906,1,22.070462084459063,25.08125,24.42937780689253
1841.F05628,41,1841,1841:CUB050,female,head,20260906,1,22.070462084459063,26.75625,23.067960842746437
1841.P16013,26,1841,1841:NAU146,female,hand,20260906,1,22.093254368848886,28.38125,28.557856439384985
10317.000068950,39,10317,10317:aa8c21f5078bc7371b21ffbe19854212c26e4ba8b087307ab121b615566704bf41428d321554791b675f216db7f7d1922190d57c119c58c01ff5e6a1b7a11da3,male,hand,20260906,1,42.13413270662596,42.8,37.94869269394756
10317.000027340,55,10317,10317:41b53357cf00f0544b996f91bab7388aca97716b29b77d7791386ae687cbc26a2ab336f6353bae77995bc81fe3b1eb0b8fedcde9199244073099ff039c21ac0d,male,head,20260906,1,41.99302490473077,38.56875,41.006699993605466
1841.P16488,22,1841,1841:NCS212,female,hand,20260906,1,22.093254368848886,22.58125,24.283406708734564
1841.F06057,20,1841,1841:NCS263,male,head,20260906,1,24.232162444530857,25.55625,22.05472456741018
1841.F05365,18,1841,1841:NCS213,female,head,20260906,1,22.070462084459063,23.84375,23.6947913040016
1841.F06481,20,1841,1841:CUB005,female,head,20260906,1,22.070462084459063,22.825,23.121275543488192
1841.P16569,41,1841,1841:CUB050,female,hand,20260906,1,22.093254368848886,30.24375,27.136615115412262
1841.P16566,41,1841,1841:CUB050,female,hand,20260906,1,22.093254368848886,27.525,26.14072696261652
1841.P16564,20,1841,1841:CUB005,female,hand,20260906,1,22.093254368848886,22.4375,25.615395006323947
10317.000002874,72,10317,10317:9b31e31bf0d472e6a54940cdb8e6b0d019f0fb7b65bd335d54bd01c9fab69bd4d1dc62daf2e3866ab5fbff6c481867676633b204ea04a415899d3087ff6041b9,male,hand,20260906,1,42.13413270662596,38.3875,43.514115422085275
2010.2902,24,2010,2010:37,female,head,20260906,1,27.99195562376527,27.58125,26.197449032548345
1841.F05117,26,1841,1841:NAU146,female,head,20260906,1,22.070462084459063,23.525,23.685070279188295
1841.P15111,18,1841,1841:NCS213,female,hand,20260906,1,22.093254368848886,24.325,24.552339459244422
10317.000063171,29,10317,10317:03c0867966fe2299eb3b09291d5f0834310bdf5fceed9c9b7b397570bf8f2d2adaeb945c824ff0cb407abaf691b8173cfa03c4f8eb17e6dd9f6eda17502e66e4,male,hand,20260906,1,42.13413270662596,34.3125,38.739797765801285
2010.2201,22,2010,2010:29,female,head,20260906,1,27.99195562376527,35.09375,25.42095511412956
1841.F06435,41,1841,1841:CUB050,female,head,20260906,1,22.070462084459063,29.075,26.68285886368254
1841.F06487,21,1841,1841:CUB032,female,head,20260906,1,22.070462084459063,23.0375,23.03717120005672
1841.F05177,26,1841,1841:NAU146,female,head,20260906,1,22.070462084459063,26.55,26.120872761285618
10317.000005081,33,10317,10317:a29fd754368cde4d06c428f68fac03a5f07bc4192f8ad6f00b4dead3a90b4f2a07cda53d353c8eebcdf472b25a87cc69592d2bcf0fae7f901a0ee6e9cff063c9,male,hand,20260906,1,42.13413270662596,38.73125,41.71581487246314
10317.000005083,33,10317,10317:a29fd754368cde4d06c428f68fac03a5f07bc4192f8ad6f00b4dead3a90b4f2a07cda53d353c8eebcdf472b25a87cc69592d2bcf0fae7f901a0ee6e9cff063c9,male,hand,20260906,1,42.13413270662596,39.025,41.80802290718727
2010.2072,32,2010,2010:19,female,head,20260906,1,27.99195562376527,44.50625,33.31001108913048
1841.F06019,20,1841,1841:NCS263,male,head,20260906,1,24.232162444530857,27.16875,22.642045835344554
10317.000027366,37,10317,10317:482345a32e3a7b9b720d6fdc686fc3e70d753e64e43afd362ef02e1fc5dd37b501623bdb8a16c51af559d1fc8a5f1aea69b6791e90ce65954b3ece776b8e4868,male,hand,20260906,1,42.13413270662596,38.9625,43.209501083802074
1841.F05896,26,1841,1841:NAU146,female,head,20260906,1,22.070462084459063,23.89375,23.94889570118091
1841.F05893,33,1841,1841:NAU144,male,head,20260906,1,24.232162444530857,25.45625,20.761330678125148
1841.P16393,33,1841,1841:NAU144,male,hand,20260906,1,24.395156406312005,22.29375,21.989692685111855
10317.000041069,31,10317,10317:71e5fd7acb649ca95a67898db0fec25f330aaadd054f9606a2bf895d9748f5f2dbb072b66b2f8cbb341c64bf56f1d46adf1543d0cd7406a94c113f4c63d7e45a,female,hand,20260906,1,50.5605216078808,38.75625,44.39663489235156
2010.1902,32,2010,2010:19,female,head,20260906,1,27.99195562376527,40.70625,30.267387538280442
10317.000036739,59,10317,10317:8fb4ad789829b8aa6b773eff2956b29d9986e3c6ee0cd5f3125d47adf2ee4adc1008098b5be94b225ac5137bcae428f6b84ede1db0d7bfe5dda5fe7f31fa3514,male,hand,20260906,1,42.13413270662596,42.08125,42.47874494936043
1841.F06560,20,1841,1841:CUB005,female,head,20260906,1,22.070462084459063,23.025,23.31099164432255
1841.F06565,41,1841,1841:CUB050,female,head,20260906,1,22.070462084459063,27.075,24.416544843982877
1841.F06567,21,1841,1841:CUB032,female,head,20260906,1,22.070462084459063,23.075,23.413208022844827
2010.2244,23,2010,2010:31,female,head,20260906,1,27.99195562376527,36.3625,30.44736913491227
1841.P15517,33,1841,1841:NAU144,male,hand,20260906,1,24.395156406312005,26.3375,22.780549723160657
1841.F05527,33,1841,1841:NAU144,male,head,20260906,1,24.232162444530857,23.83125,20.127162445719417
10317.000014483,35,10317,10317:93f03cfc2b6cd24d3e180ee0e8ddfaeabf4cd6cc8b2903861331b9492f02b3479c33fd6cf6ffb699ef212d9c6ec30f938596135b291ff81bd334193c180f7858,female,head,20260906,1,46.693748589548036,40.7125,46.84187017138605
1841.F06490,23,1841,1841:CUB056,male,head,20260906,1,24.232162444530857,24.6,22.082820117205376
10317.000069003,22,10317,10317:6c9d8d2f421f87624a87ae9bbee457570d9633bf4eaf97f36b65a13462bc290706c4dec83b825a291b12b7a777d237b75c8f935a0f1de4e6ee5b105ab5de7c0c,male,head,20260906,1,41.99302490473077,34.85,37.28399606678682
2010.2380,23,2010,2010:31,female,head,20260906,1,27.99195562376527,27.35625,27.083461136573025
10317.000003441,50,10317,10317:bd5a894e45bb2eb6713f65d285f8814cb96d0de3ef15bb170f5968bc039588919fa9f9ed4ad18689cb92997342c0e17279efd41f4e2f858e6075291cd2fd04d7,female,hand,20260906,1,50.5605216078808,42.625,46.40646056386949
1841.F06508,23,1841,1841:CUB056,male,head,20260906,1,24.232162444530857,29.025,21.980843269604296
10317.000069135,34,10317,10317:2fe8dc51162640ecda81c266c7b13a12fa0b362550125c042231ebf311ae65b5597119ff4c21bc3e0d2daf7c54569db93c6d59b2cd8c7abd7c7e43d806b66718,male,head,20260906,1,41.99302490473077,40.15625,40.91350452256887
1841.F05059,20,1841,1841:NCS263,male,head,20260906,1,24.232162444530857,26.5,20.9620544507405
1841.F05058,22,1841,1841:NCS212,female,head,20260906,1,22.070462084459063,22.93125,23.21094923164401
1841.P15965,21,1841,1841:CUB029,male,hand,20260906,1,24.395156406312005,21.9,22.245461812047576
10317.000015064,71,10317,10317:6cd87aca8624e2efe119e5484586386f10cb61ed4a7920dd13cefe68783228eafa46cdc995f2272c25a121fc11cdb971265f86ad6cd99e0d151e6744a5db135c,female,head,20260906,1,46.693748589548036,45.15625,49.45697133155639
10317.000015061,71,10317,10317:6cd87aca8624e2efe119e5484586386f10cb61ed4a7920dd13cefe68783228eafa46cdc995f2272c25a121fc11cdb971265f86ad6cd99e0d151e6744a5db135c,female,hand,20260906,1,50.5605216078808,44.94375,50.261430112349004
10317.000015062,71,10317,10317:6cd87aca8624e2efe119e5484586386f10cb61ed4a7920dd13cefe68783228eafa46cdc995f2272c25a121fc11cdb971265f86ad6cd99e0d151e6744a5db135c,female,hand,20260906,1,50.5605216078808,46.2,51.03258624640619
1841.F05267,26,1841,1841:NAU146,female,head,20260906,1,22.070462084459063,23.075,22.37854193288409
1841.P16464,20,1841,1841:NCS263,male,hand,20260906,1,24.395156406312005,25.85625,23.614990349590915
1841.P16465,20,1841,1841:NCS263,male,hand,20260906,1,24.395156406312005,27.375,23.93106319079566
10317.000066836,27,10317,10317:75e7facbcee6190c9bd0ec55d33af511592981c1851bc62c90ffa060b30d59451c3407b0344a1357b33b8a653eb1ab6517c15e9f6f193c447e3882c2ada31e9a,male,head,20260906,1,41.99302490473077,35.5875,31.919365674007302
1841.F06524,23,1841,1841:CUB056,male,head,20260906,1,24.232162444530857,28.14375,22.343138128967052
1841.F06522,23,1841,1841:CUB056,male,head,20260906,1,24.232162444530857,23.6,21.194363665875777
1841.P15085,20,1841,1841:CUB005,female,hand,20260906,1,22.093254368848886,24.3,25.97643428446463
1841.P15084,21,1841,1841:CUB032,female,hand,20260906,1,22.093254368848886,23.3625,22.835981253968015
2010.2294,23,2010,2010:31,female,head,20260906,1,27.99195562376527,24.74375,25.242322551263644
1841.P16146,33,1841,1841:NAU144,male,hand,20260906,1,24.395156406312005,22.6875,21.3010309345748
10317.000062197,29,10317,10317:03c0867966fe2299eb3b09291d5f0834310bdf5fceed9c9b7b397570bf8f2d2adaeb945c824ff0cb407abaf691b8173cfa03c4f8eb17e6dd9f6eda17502e66e4,male,hand,20260906,1,42.13413270662596,34.825,35.095283882213195
1841.P16448,20,1841,1841:NCS263,male,hand,20260906,1,24.395156406312005,23.5625,23.541069688536346
1841.F06092,20,1841,1841:NCS263,male,head,20260906,1,24.232162444530857,25.95625,21.231071832778266
1841.P15200,41,1841,1841:CUB050,female,hand,20260906,1,22.093254368848886,26.33125,25.02616877866625
10317.000033105,37,10317,10317:d0877d5558ae6f23aaebeb97d4f2a1816b79dbb8359440bb51b3f59ad2316a7771768fe5cddd4ede663af3eb0a7e38d2b521a40f417c3ea7bd1a63ed195e9e9c,male,head,20260906,1,41.99302490473077,37.2375,39.69013813864601
10317.000063483,25,10317,10317:a7eb0dd2ec940ca9c3d8c905ee11b3f312886d2373352bf10804121fdb76ae9277a91ce4ea0f346e0c8b67c66e30cabba094db785b990ac67b6fa4ea8b65aeda,female,hand,20260906,1,50.5605216078808,34.8625,36.77347124096268
10317.000015217,46,10317,10317:dd55969d0664a6b5a0188fc460aa56c9db31fb38d59b1bc6cab8778141628932862c52634d68f1f637d42f51131e7fa48bfb164ddc9f18e878a3cf6cc8bb0a20,female,hand,20260906,1,50.5605216078808,45.13125,46.76520447723892
10317.000015216,46,10317,10317:dd55969d0664a6b5a0188fc460aa56c9db31fb38d59b1bc6cab8778141628932862c52634d68f1f637d42f51131e7fa48bfb164ddc9f18e878a3cf6cc8bb0a20,female,hand,20260906,1,50.5605216078808,45.55,51.31251090398683
10317.000015219,46,10317,10317:dd55969d0664a6b5a0188fc460aa56c9db31fb38d59b1bc6cab8778141628932862c52634d68f1f637d42f51131e7fa48bfb164ddc9f18e878a3cf6cc8bb0a20,female,head,20260906,1,46.693748589548036,44.2,48.91868108449589
2010.1989,32,2010,2010:19,female,head,20260906,1,27.99195562376527,40.01875,30.633194129518596
1841.F05909,18,1841,1841:NCS213,female,head,20260906,1,22.070462084459063,23.3875,22.652256663705156
10317.000069082,22,10317,10317:62da411fb1daa598c9de6fec6d4999096c07c935e32acd264bd45573737d7ca012c560ebc6a3ff42a617cdb54d7d364fb719fc379b15ab5e772bbf3a7356dbde,female,hand,20260906,1,50.5605216078808,35.71875,40.16365893393378
10317.000068763,34,10317,10317:64e4e987fbbcb4c2194cdd7c106261ec20cfbf2772d835c97eb6311237552ac6be0e79cdb6ed23e686e25afe5db5d7ca46016b14f6939798b7664d7af99914c7,male,head,20260906,1,41.99302490473077,38.08125,38.868294952646366
10317.000033426,26,10317,10317:bf31604fc742f42563e14f529efdb4bf456a2196957cdd5f7a03e77220b2f7cc72b439053c8c0b4e94997264dacb9d6c2dc062250570be1d1ee1d113328653f1,female,hand,20260906,1,50.5605216078808,41.65,44.191309991780805
10317.000007080,48,10317,10317:63aa1010fee4655f80a2fd1ca92db0c9c662b7ff7dfeccd99a08edb7b7f5af8b2df1c92465690a27ee6aad1207495376abce78f3ddeffc05da0acb099f8efdb8,male,head,20260906,1,41.99302490473077,39.55,39.092680287008974
1841.P16316,33,1841,1841:NAU144,male,hand,20260906,1,24.395156406312005,22.66875,21.68744100003986
1841.P16318,26,1841,1841:NAU146,female,hand,20260906,1,22.093254368848886,28.23125,25.45677622368884
1841.P16319,26,1841,1841:NAU146,female,hand,20260906,1,22.093254368848886,27.15,25.148785273125483
1841.F06340,21,1841,1841:CUB029,male,head,20260906,1,24.232162444530857,21.55,20.979716182139
1841.F06343,21,1841,1841:CUB032,female,head,20260906,1,22.070462084459063,25.0125,23.806787092605113
1841.P15597,21,1841,1841:NAU113,female,hand,20260906,1,22.093254368848886,24.3625,23.77961056622271
1841.P15262,20,1841,1841:CUB005,female,hand,20260906,1,22.093254368848886,24.05,24.52922508591396
1841.F05084,22,1841,1841:NCS212,female,head,20260906,1,22.070462084459063,23.25625,21.630860839357975
1841.P16442,22,1841,1841:NCS212,female,hand,20260906,1,22.093254368848886,23.00625,24.103564347414192
1841.P16092,26,1841,1841:NAU146,female,hand,20260906,1,22.093254368848886,26.425,25.97642653468189
1841.F05038,20,1841,1841:NCS263,male,head,20260906,1,24.232162444530857,24.6875,23.16651654306753
1841.F05033,20,1841,1841:NCS263,male,head,20260906,1,24.232162444530857,33.05,20.438096453688473
1841.F05034,20,1841,1841:NCS263,male,head,20260906,1,24.232162444530857,28.35,20.76768673204779
1841.F05694,20,1841,1841:CUB005,female,head,20260906,1,22.070462084459063,26.9375,26.630687504763518
1841.F05969,18,1841,1841:NCS213,female,head,20260906,1,22.070462084459063,22.78125,22.529862718019228
1841.P16100,26,1841,1841:NAU146,female,hand,20260906,1,22.093254368848886,22.65625,24.080618693759554
1841.P15310,22,1841,1841:NCS212,female,hand,20260906,1,22.093254368848886,21.84375,25.00266960916256
1841.P15906,21,1841,1841:CUB032,female,hand,20260906,1,22.093254368848886,22.225,23.73316852956996
1841.F05206,26,1841,1841:NAU146,female,head,20260906,1,22.070462084459063,25.71875,24.521512866395547
1841.P16373,20,1841,1841:NAU128,female,hand,20260906,1,22.093254368848886,25.53125,26.58120151965562
1841.P16596,20,1841,1841:CUB005,female,hand,20260906,1,22.093254368848886,24.96875,25.229976234464058
1841.P15065,21,1841,1841:CUB032,female,hand,20260906,1,22.093254368848886,23.0875,23.90573015278845
1841.P15063,23,1841,1841:CUB056,male,hand,20260906,1,24.395156406312005,25.9375,24.600725820977335
10317.000068830,29,10317,10317:03c0867966fe2299eb3b09291d5f0834310bdf5fceed9c9b7b397570bf8f2d2adaeb945c824ff0cb407abaf691b8173cfa03c4f8eb17e6dd9f6eda17502e66e4,male,hand,20260906,1,42.13413270662596,32.6,33.48101981665977
10317.000068835,36,10317,10317:1828cb0e8db79ff7771af2763605e12af956358756170093e17230a4ffb081fdfb2040dc65ff286b54429aedd73f9630fd5d98b9a5ad628c6116a74fb994dcf8,male,head,20260906,1,41.99302490473077,36.73125,37.693837594510654
10317.000007122,60,10317,10317:2c2e468c2481938c25962a208bec11d9f0eeca11f8a06d48aa50be31a747dd0327f6137458e4dfda584fc42b4c5f35613440eef5b177a1d0569e16e7432648dd,male,hand,20260906,1,42.13413270662596,43.675,45.93553728463751
10317.000007123,60,10317,10317:2c2e468c2481938c25962a208bec11d9f0eeca11f8a06d48aa50be31a747dd0327f6137458e4dfda584fc42b4c5f35613440eef5b177a1d0569e16e7432648dd,male,hand,20260906,1,42.13413270662596,45.76875,46.988676592914615
10317.000007121,60,10317,10317:2c2e468c2481938c25962a208bec11d9f0eeca11f8a06d48aa50be31a747dd0327f6137458e4dfda584fc42b4c5f35613440eef5b177a1d0569e16e7432648dd,male,head,20260906,1,41.99302490473077,57.175,53.019551046022336
1841.F05941,18,1841,1841:NCS213,female,head,20260906,1,22.070462084459063,26.075,24.313430656592498
1841.P16122,33,1841,1841:NAU144,male,hand,20260906,1,24.395156406312005,25.0,22.611539136255526
1841.F05675,21,1841,1841:CUB029,male,head,20260906,1,24.232162444530857,23.675,22.01422956102452
1841.P16523,23,1841,1841:CUB056,male,hand,20260906,1,24.395156406312005,25.08125,22.985877635428952
1841.P15008,21,1841,1841:CUB029,male,hand,20260906,1,24.395156406312005,22.80625,22.76641591197169
1841.F06301,21,1841,1841:CUB032,female,head,20260906,1,22.070462084459063,23.45625,24.448111165468084
10317.000009042,46,10317,10317:df6f20fb4f08ca5e4d0752d216fd11416c51dcc4d2843a31934d166a9e80964e8a8ebaa924df11dde7c18ceb71cdaa8a5809afe436eae6c92ebcf896c5c92b64,female,hand,20260906,1,50.5605216078808,40.58125,46.67817812553985
10317.000068770,34,10317,10317:64e4e987fbbcb4c2194cdd7c106261ec20cfbf2772d835c97eb6311237552ac6be0e79cdb6ed23e686e25afe5db5d7ca46016b14f6939798b7664d7af99914c7,male,hand,20260906,1,42.13413270662596,38.225,38.55095015865664
10317.000069070,29,10317,10317:03c0867966fe2299eb3b09291d5f0834310bdf5fceed9c9b7b397570bf8f2d2adaeb945c824ff0cb407abaf691b8173cfa03c4f8eb17e6dd9f6eda17502e66e4,male,hand,20260906,1,42.13413270662596,37.7,43.12819018154535
1841.P15023,21,1841,1841:CUB029,male,hand,20260906,1,24.395156406312005,24.3375,22.987020678330826
1841.F06367,21,1841,1841:CUB029,male,head,20260906,1,24.232162444530857,22.09375,19.675604672624086
1841.F06365,20,1841,1841:CUB005,female,head,20260906,1,22.070462084459063,24.28125,24.137907977109975
1841.F06363,21,1841,1841:CUB032,female,head,20260906,1,22.070462084459063,22.575,22.38191127876717
1841.P15289,21,1841,1841:CUB029,male,hand,20260906,1,24.395156406312005,29.15,27.050913456429278
1841.P15281,41,1841,1841:CUB050,female,hand,20260906,1,22.093254368848886,32.0125,27.966194101847275
1841.P15280,23,1841,1841:CUB056,male,hand,20260906,1,24.395156406312005,24.875,22.804730741624848
1841.F06465,23,1841,1841:CUB056,male,head,20260906,1,24.232162444530857,26.16875,20.567527911773254
10317.000063476,25,10317,10317:a7eb0dd2ec940ca9c3d8c905ee11b3f312886d2373352bf10804121fdb76ae9277a91ce4ea0f346e0c8b67c66e30cabba094db785b990ac67b6fa4ea8b65aeda,female,head,20260906,1,46.693748589548036,36.95,37.73712343604949
1841.F05630,20,1841,1841:CUB005,female,head,20260906,1,22.070462084459063,22.75625,22.317189641088067
1841.F05987,18,1841,1841:NCS213,female,head,20260906,1,22.070462084459063,22.7,22.640915943304094
1841.P16253,26,1841,1841:NAU146,female,hand,20260906,1,22.093254368848886,24.41875,26.164223828540415
10317.000027751,54,10317,10317:3f3189bfab92107b05a629ba1be6aad212c75b4525d50b0789f4272ba27b446de5cf079bf1c30b52182f0e4ded874c59bc8e41d483192937641083f6a37b6a67,female,head,20260906,1,46.693748589548036,40.86875,47.40584468471328
1841.P15618,41,1841,1841:CUB050,female,hand,20260906,1,22.093254368848886,29.1625,26.89928646132539
1841.F05840,33,1841,1841:NAU144,male,head,20260906,1,24.232162444530857,25.55,23.41978855869582
1841.F05849,33,1841,1841:NAU144,male,head,20260906,1,24.232162444530857,26.4875,21.10280908551015
1841.F06432,41,1841,1841:CUB050,female,head,20260906,1,22.070462084459063,28.96875,26.538878969483914
10317.000049119,62,10317,10317:cf42e22cb0b5def3e5fb85e3eedb9fec63ec3614a7783d0ac195975b575a9863d801522f080d492d8032502dfbef61ba79d17264597f600354ba3cb662748955,male,hand,20260906,1,42.13413270662596,51.59375,49.24683294662051
1841.F05612,20,1841,1841:CUB005,female,head,20260906,1,22.070462084459063,24.48125,25.08421515219234
10317.000027250,26,10317,10317:35ad3a0f8be46af7197f78a77d7f387c0c7eaf6f1a077f0e0176fc9111103db539f114ea70834449cb5b086a49f41113f54c36fb5bbd31c5afcbf0a1d618fe92,male,head,20260906,1,41.99302490473077,38.79375,38.50917685702165
1841.P15407,18,1841,1841:NCS213,female,hand,20260906,1,22.093254368848886,22.3125,24.810408264161527
10317.000009059,50,10317,10317:d2b0d78183a7fb7003716446b4a9280723b3b3e47823c3e6d1a251d445558a0bbde902b411f4f4015c7f8faa15d573d3a103491eb53d1fb0ff68fedb2e2dd4d7,female,head,20260906,1,46.693748589548036,35.18125,43.02723137889213
1841.F06031,22,1841,1841:NCS212,female,head,20260906,1,22.070462084459063,23.9375,22.747308409676215
1841.P15181,18,1841,1841:NCS213,female,hand,20260906,1,22.093254368848886,23.5625,22.10367618835545
2010.1840,32,2010,2010:19,female,head,20260906,1,27.99195562376527,43.66875,33.64027771781393
1841.P15365,22,1841,1841:NCS212,female,hand,20260906,1,22.093254368848886,22.73125,23.503434023853764
10317.000036125,42,10317,10317:a1cd5635deef381a3388b606e82458a3d030c613a5d1605e912e298677c648fec4c0630fde5c78738c54d9c48767cbe35d882d96bb7fe8a5bb995fbff088cd25,female,head,20260906,1,46.693748589548036,40.28125,43.81366818468042
10317.000011979,53,10317,10317:86f38a5d916420ce42057d5012ab6e7b63fe17dce6c5bbd26d4d6b33da03f0c707be225d1759b8991e4a3e2158e96c5ba68e85dfe1ef7f47fcce7ba1ec47ff2e,female,head,20260906,1,46.693748589548036,43.975,43.71946431486434
1841.F05864,33,1841,1841:NAU144,male,head,20260906,1,24.232162444530857,24.34375,21.579978829717035
1841.P16510,20,1841,1841:CUB005,female,hand,20260906,1,22.093254368848886,23.23125,26.0000241731025
10317.000009071,31,10317,10317:48fd24a3221f83a24f4307730fea531db77cc72647a64a29ffcf0dd97f7305deea2b1e3c1cba32b3cbe473a91330373f80b78deedad17f887fccce56f5ebe393,male,head,20260906,1,41.99302490473077,44.48125,44.3611769535807
10317.000009073,31,10317,10317:48fd24a3221f83a24f4307730fea531db77cc72647a64a29ffcf0dd97f7305deea2b1e3c1cba32b3cbe473a91330373f80b78deedad17f887fccce56f5ebe393,male,hand,20260906,1,42.13413270662596,38.5375,42.25273029018398
10317.000048360,64,10317,10317:38b52d80745205082d2b0768d21dd49bd97b0762ddb17ec4e549c69b3b75f17167733bf4a73fe6fdc52037e40d6b89fc512dffe4c7ea605af2290fac125f6726,female,head,20260906,1,46.693748589548036,46.6375,48.81603650194379
1841.F06416,41,1841,1841:CUB050,female,head,20260906,1,22.070462084459063,26.20625,25.809257879699754
1841.F06511,20,1841,1841:CUB005,female,head,20260906,1,22.070462084459063,23.81875,24.164612992678887
10317.000005654,35,10317,10317:8606c4dd2d9371a4b109521ba900732b745ba94bf06c0047a2b8189bb5e157e1f6bcb5d5ed855b3e972841afb6a38ae24f88d3995e2f6c362286bd69d07c83ed,female,hand,20260906,1,50.5605216078808,37.89375,46.50924684371508
10317.000005657,35,10317,10317:8606c4dd2d9371a4b109521ba900732b745ba94bf06c0047a2b8189bb5e157e1f6bcb5d5ed855b3e972841afb6a38ae24f88d3995e2f6c362286bd69d07c83ed,female,head,20260906,1,46.693748589548036,40.35625,42.69937195264239
10317.000005656,35,10317,10317:8606c4dd2d9371a4b109521ba900732b745ba94bf06c0047a2b8189bb5e157e1f6bcb5d5ed855b3e972841afb6a38ae24f88d3995e2f6c362286bd69d07c83ed,female,hand,20260906,1,50.5605216078808,37.9125,44.45019818538677
10317.000020770,63,10317,10317:10c8546946a2e2010a75c89453b040665e96df1bb29926bbc6a4b848240f3496cf382414067385add4d4efb3f09315e48b6000a82bc428ab354207875c319ac4,female,head,20260906,1,46.693748589548036,43.1125,45.790971040620086
1841.P15427,22,1841,1841:NCS212,female,hand,20260906,1,22.093254368848886,22.43125,23.570692293330236
1841.P15420,22,1841,1841:NCS212,female,hand,20260906,1,22.093254368848886,22.76875,23.65405266667074
1841.F05676,41,1841,1841:CUB050,female,head,20260906,1,22.070462084459063,30.26875,24.576406920983292
1841.F05672,23,1841,1841:CUB056,male,head,20260906,1,24.232162444530857,24.11875,20.21155402106598
10317.000040133,65,10317,10317:2b9cd37b03a34e4fed908599b8aedfd4277f38cd704e2625664f495885508a6c40fe8b88f3c9b254c454e5fdcaeef45ed360aa3202dd2bd6326d6e5df964004a,male,head,20260906,1,41.99302490473077,44.7875,44.26697324829604
1841.P15168,18,1841,1841:NCS213,female,hand,20260906,1,22.093254368848886,23.1875,24.441261611445398
1841.P15163,18,1841,1841:NCS213,female,hand,20260906,1,22.093254368848886,23.73125,24.610912307093013
1841.F05806,20,1841,1841:NAU128,female,head,20260906,1,22.070462084459063,23.46875,22.912012167455682
1841.F05805,33,1841,1841:NAU144,male,head,20260906,1,24.232162444530857,24.9375,21.851431162033546
1841.F05803,33,1841,1841:NAU144,male,head,20260906,1,24.232162444530857,24.58125,21.432387585194697
1841.F05822,33,1841,1841:NAU144,male,head,20260906,1,24.232162444530857,24.68125,21.34181440600705
1841.F06478,20,1841,1841:CUB049,female,head,20260906,2,22.232626781396554,22.075,23.068295675681036
1841.F06474,22,1841,1841:CUB048,female,head,20260906,2,22.232626781396554,27.1875,24.702286603363746
10317.000087026,50,10317,10317:9556b26ba73292c840427f56d0913d9372bd8a0285daab53c83800b8972dbbba507f9182b997a497c8a055076429cf80e4a5a7c313c7b1a6d508774a769bb61d,male,hand,20260906,2,43.48180374804393,40.94375,44.78882356202338
1841.F05357,20,1841,1841:NCS210,female,head,20260906,2,22.232626781396554,24.3,24.72126932469376
10317.000049806,66,10317,10317:4863e557347469643abb13187a4c07e6d82a136b7e8ada704bcc1c6ea30fc2961e36855c2dfe883650d88cef48ae1161802be7c3b874b5f003569b1f51adc309,female,head,20260906,2,48.69028672502653,46.93125,51.73301281471808
1841.F06380,36,1841,1841:CUB042,male,head,20260906,2,24.06419185296993,22.79375,20.691981331378344
1841.F06381,21,1841,1841:CUB012,female,head,20260906,2,22.232626781396554,25.53125,26.70151308249329
1841.F06385,22,1841,1841:CUB048,female,head,20260906,2,22.232626781396554,25.35,23.854297371287224
10317.000068792,39,10317,10317:0610dc25baabfb768bd6465f009077ba740694d1c37591ea165a6eed61b038ba1fd9167c4f0efbd5cd490953bcd66ea07e9d8b594234539c2e566f09dd0e4699,male,hand,20260906,2,43.48180374804393,39.0375,40.57735010799816
1841.P15440,22,1841,1841:NCS202,female,hand,20260906,2,22.31317492560374,25.3375,25.124676192290423
1841.F05658,22,1841,1841:CUB016,female,head,20260906,2,22.232626781396554,24.8,22.770416367281552
1841.P16497,22,1841,1841:NCS255,female,hand,20260906,2,22.31317492560374,22.175,22.99955635093629
1841.P16499,23,1841,1841:NCS244,female,hand,20260906,2,22.31317492560374,23.55625,25.00383972498946
1841.F05564,30,1841,1841:NAU155,female,head,20260906,2,22.232626781396554,22.81875,20.69900386844888
1841.P15331,23,1841,1841:NCS243,male,hand,20260906,2,24.02128077810405,22.1375,20.82605770962895
1841.F06045,23,1841,1841:NCS243,male,head,20260906,2,24.06419185296993,26.24375,20.28262494298588
1841.P15327,20,1841,1841:NCS210,female,hand,20260906,2,22.31317492560374,24.5,27.031986060987094
1841.P15320,23,1841,1841:NCS243,male,hand,20260906,2,24.02128077810405,25.95625,21.952867716810402
10317.000015209,60,10317,10317:f85c35ccb1de86d528e1bc924109d3f1ef2725eff131fffbb4f955f2bf62f99d01df00160e393e9c7ca1eba714fcb5547b4952bd7ca8fbba07e51e58be5c6410,unknown,hand,20260906,2,38.98356287149991,49.75,49.07029542380094
10317.000020453,42,10317,10317:717a010ecae247e17c0d75cdc08151d79ef870155f338e469f89c0489311881fcd9a409c1f2f17cbfdb5c5e655cd7b7ba153016ff78cd3d0326a1da4bbbbe1b4,male,head,20260906,2,42.85907424225057,42.58125,44.66010830924364
1841.F05351,22,1841,1841:NCS202,female,head,20260906,2,22.232626781396554,25.2125,24.820980776941287
1841.F06139,22,1841,1841:CUB048,female,head,20260906,2,22.232626781396554,25.45625,23.449105941874127
10317.000049240,56,10317,10317:bd91fc26c20a7652fc421fee2aa75624e4db7f68e0e4fde846745c30bb976e46e87f9660bdf0cea293a6b1ddf22122f6376d2be385445805fa204dd33e6dc905,male,hand,20260906,2,43.48180374804393,48.53125,48.1410787659363
10317.000049241,56,10317,10317:bd91fc26c20a7652fc421fee2aa75624e4db7f68e0e4fde846745c30bb976e46e87f9660bdf0cea293a6b1ddf22122f6376d2be385445805fa204dd33e6dc905,male,hand,20260906,2,43.48180374804393,45.73125,48.258165846925486
2010.1361,27,2010,2010:7,female,head,20260906,2,27.74210587187609,39.4125,31.881430791390287
1841.F06026,20,1841,1841:NCS210,female,head,20260906,2,22.232626781396554,25.26875,22.520862407395974
1841.P15693,20,1841,1841:CUB049,female,hand,20260906,2,22.31317492560374,22.55,24.657981181051547
10317.000015451,46,10317,10317:3483b70983107b3501a2fdeab0f7e00b06ec05b5a7afdf499c410267e4aa99ea36b3643db981cdf6f557435d6ff028c1059e2bc75261e6f468598f093fde8b72,male,hand,20260906,2,43.48180374804393,45.86875,49.69944342037391
1841.P16574,20,1841,1841:CUB049,female,hand,20260906,2,22.31317492560374,22.7625,23.98361613041482
10317.000003410,49,10317,10317:d1910a1a76a8f78681bcb07a5bd97d35113c3770a82cd58a4cc41bbd0f24a54931c4699e445992cd3590ec9d1ae2db92ad3f118ade23b3ab902226bfb6b6915f,male,head,20260906,2,42.85907424225057,45.9,46.07626896021271
1841.F06551,20,1841,1841:CUB049,female,head,20260906,2,22.232626781396554,21.475,22.432765278264284
1841.F06002,23,1841,1841:NCS243,male,head,20260906,2,24.06419185296993,22.18125,19.056614071823702
1841.F06009,23,1841,1841:NCS243,male,head,20260906,2,24.06419185296993,27.04375,22.12965071405881
1841.F05571,30,1841,1841:NAU155,female,head,20260906,2,22.232626781396554,23.35625,23.697779404968408
1841.F05576,30,1841,1841:NAU155,female,head,20260906,2,22.232626781396554,26.0375,21.800500708862348
1841.F06495,22,1841,1841:CUB004,female,head,20260906,2,22.232626781396554,29.76875,26.27726496191478
1841.P16432,23,1841,1841:NCS243,male,hand,20260906,2,24.02128077810405,27.16875,21.93938485078081
1841.P16435,22,1841,1841:NCS255,female,hand,20260906,2,22.31317492560374,22.575,25.46763028500054
1841.P15325,20,1841,1841:NCS210,female,hand,20260906,2,22.31317492560374,26.1875,27.963821949117506
1841.F05050,20,1841,1841:NCS210,female,head,20260906,2,22.232626781396554,25.475,24.449946620722056
1841.F06577,36,1841,1841:CUB042,male,head,20260906,2,24.06419185296993,33.39375,23.904366659481315
1841.P15385,22,1841,1841:NCS255,female,hand,20260906,2,22.31317492560374,24.18125,25.423786245223177
1841.F05086,23,1841,1841:NCS244,female,head,20260906,2,22.232626781396554,21.74375,23.124980148706555
10317.000048946,25,10317,10317:fd658c211decf8560568703bb1621dc7ab2972b0403502579cb6058df268644a35e2777929b99fcec24a21c8dac8e433694e070c10166c3c162dc7d93491b7c9,unknown,hand,20260906,2,38.98356287149991,46.7625,43.85260383141705
10317.000048947,25,10317,10317:fd658c211decf8560568703bb1621dc7ab2972b0403502579cb6058df268644a35e2777929b99fcec24a21c8dac8e433694e070c10166c3c162dc7d93491b7c9,unknown,head,20260906,2,38.62898264944967,45.49375,44.90267395630639
10317.000012153,39,10317,10317:11a164f633168118e0565026872fa35afedfe2bae4497973a70320675455a4b33dc3ad7a7c30d5087e7928b80c4f712a6b4192465f4342ce940fa7e45758084d,female,hand,20260906,2,49.85218232521317,41.01875,43.58832069894285
10317.000005235,55,10317,10317:45e54011490a1e8319d45ba35b5c9c687e4ec395fd00d5bd3b927f21b897135e002c9c488ced29f5644e9cc87c9d6d420ce68c9a95f88b151cd7a4c6182ead64,male,hand,20260906,2,43.48180374804393,39.89375,42.144295525488346
10317.000015057,80,10317,10317:8dd14dd80ae9b69218b4942e80486ca4299a19f9342258835b868633bfa7bff6581b9102dd034b2a58f5ea1a74b8a2ec5b06b38aca104935d0e20a6925b670f2,unknown,head,20260906,2,38.62898264944967,50.0375,51.45562981370768
1841.P16417,22,1841,1841:NCS255,female,hand,20260906,2,22.31317492560374,22.93125,24.45358421574152
1841.F05648,21,1841,1841:CUB012,female,head,20260906,2,22.232626781396554,26.55625,26.015975524255147
1841.F05646,36,1841,1841:CUB042,male,head,20260906,2,24.06419185296993,34.33125,23.59052242445502
1841.F06519,21,1841,1841:CUB012,female,head,20260906,2,22.232626781396554,24.075,25.907715833624017
1841.F06514,36,1841,1841:CUB042,male,head,20260906,2,24.06419185296993,27.89375,23.12933929465838
1841.F05533,22,1841,1841:NAU116,male,head,20260906,2,24.06419185296993,23.0,22.58823085661911
2010.1288,34,2010,2010:5,female,head,20260906,2,27.74210587187609,39.65,30.504913711939132
1841.F06186,36,1841,1841:CUB042,male,head,20260906,2,24.06419185296993,30.05,22.47126236695273
1841.P15978,22,1841,1841:CUB048,female,hand,20260906,2,22.31317492560374,27.58125,25.44123228704465
1841.P15962,36,1841,1841:CUB042,male,hand,20260906,2,24.02128077810405,30.375,24.41750846935278
1841.F05276,24,1841,1841:NAU109,male,head,20260906,2,24.06419185296993,24.2375,21.64788926006034
1841.F05278,24,1841,1841:NAU109,male,head,20260906,2,24.06419185296993,25.31875,22.939748618384822
1841.P16475,23,1841,1841:NCS244,female,hand,20260906,2,22.31317492560374,22.39375,23.60083701184223
1841.F06532,22,1841,1841:CUB016,female,head,20260906,2,22.232626781396554,21.3125,22.107649244780045
1841.F06530,22,1841,1841:CUB004,female,head,20260906,2,22.232626781396554,25.7,24.490907753502793
1841.F06538,20,1841,1841:CUB049,female,head,20260906,2,22.232626781396554,24.31875,23.91295718327411
1841.P15566,30,1841,1841:NAU155,female,hand,20260906,2,22.31317492560374,25.7375,23.756391838192407
1841.F05510,24,1841,1841:NAU109,male,head,20260906,2,24.06419185296993,24.85,20.848994794858587
10317.000008200,46,10317,10317:48d391496558e01a0104b2b5a59686340e1e6a0399c13717e18c37dc683db8cf9db7b16ae3e331f1f78373cf02cfc7c9565ca3f6b2d6eae259d9401e7d93b863,female,head,20260906,2,48.69028672502653,39.55,44.9589584769728
10317.000015186,26,10317,10317:cb8ea224a3bb7ef53bf08da62860c079b5996441cbbb6ef11fbe09454172198e57a65569937d0e57c98a2327cfe4b04a55969cdda8eed8fc5f998c2468e4920a,male,hand,20260906,2,43.48180374804393,40.925,43.78049358885665
10317.000015188,26,10317,10317:cb8ea224a3bb7ef53bf08da62860c079b5996441cbbb6ef11fbe09454172198e57a65569937d0e57c98a2327cfe4b04a55969cdda8eed8fc5f998c2468e4920a,male,head,20260906,2,42.85907424225057,40.9625,42.15999777489234
10317.000063284,29,10317,10317:c78075767b35e039a0b606f8a727e3fc3e2823715abe6a1c7c9956e664a6ff667e1ed5a2426907b56b3a7776221005afb7b5f38d5a651d25074abdbea76cec2f,male,head,20260906,2,42.85907424225057,38.3375,40.18684045237384
1841.P15951,22,1841,1841:CUB048,female,hand,20260906,2,22.31317492560374,26.5375,26.92942078523265
1841.P15770,30,1841,1841:NAU155,female,hand,20260906,2,22.31317492560374,23.9375,24.517304464602482
2010.2602,21,2010,2010:35,female,head,20260906,2,27.74210587187609,32.61875,27.742547178576206
1841.F06093,23,1841,1841:NCS244,female,head,20260906,2,22.232626781396554,24.3875,22.429749229017858
10317.000029543,48,10317,10317:c86071d17549b1edea0c1ee4fd08d1f8f445ff93e7557a199712b7b28cc1547cf0bf2fbe6c28e355b5a962568aa61b5f158ed2022969d51ccb413287f708fe10,female,head,20260906,2,48.69028672502653,43.26875,47.138208312981085
1841.P16326,24,1841,1841:NAU109,male,hand,20260906,2,24.02128077810405,23.35,20.794631708981328
1841.F06088,22,1841,1841:NCS255,female,head,20260906,2,22.232626781396554,22.5,24.48505078849184
10317.000015212,34,10317,10317:356171d003a70eda05dbc44ca7f1c23e803cbba14631a5247db7774ba0e837cd853a804b6bc41bc084b8849021f84c1c780ad04856231b70f72faf5ef5b4bcbf,male,hand,20260906,2,43.48180374804393,39.9875,42.01964427588163
1841.P15098,22,1841,1841:CUB048,female,hand,20260906,2,22.31317492560374,24.05,24.751525021453872
1841.P16539,22,1841,1841:CUB004,female,hand,20260906,2,22.31317492560374,31.51875,24.694574671293637
1841.F05066,22,1841,1841:NCS255,female,head,20260906,2,22.232626781396554,21.875,23.770195500654893
10317.000015222,53,10317,10317:ee6b0199d11ab9c50774b9e56abce9e5b0601741d7922866f57f5c638ca8cf822c2cfa394a8707365a589b0a6368c20df23f66a6c845f66e662b0742e5937eb4,male,hand,20260906,2,43.48180374804393,41.69375,46.346352398559276
10317.000015221,53,10317,10317:ee6b0199d11ab9c50774b9e56abce9e5b0601741d7922866f57f5c638ca8cf822c2cfa394a8707365a589b0a6368c20df23f66a6c845f66e662b0742e5937eb4,male,head,20260906,2,42.85907424225057,46.225,48.95754140521531
1841.P16157,24,1841,1841:NAU109,male,hand,20260906,2,24.02128077810405,24.31875,22.955803889494145
2010.1462,34,2010,2010:5,female,head,20260906,2,27.74210587187609,39.45625,31.76383875384079
1841.P15938,21,1841,1841:CUB012,female,hand,20260906,2,22.31317492560374,27.125,27.83743066291059
10317.000005071,62,10317,10317:95709cc58235ffbd909b031216643693df4dbc827ae14fc247eebb0528bfbea20bc16e3572da9168ccfd0829b33c756aa63ed4ce9ba244ce6bdf5ef97c44e85f,female,hand,20260906,2,49.85218232521317,47.6,48.58959762844345
10317.000005070,62,10317,10317:95709cc58235ffbd909b031216643693df4dbc827ae14fc247eebb0528bfbea20bc16e3572da9168ccfd0829b33c756aa63ed4ce9ba244ce6bdf5ef97c44e85f,female,hand,20260906,2,49.85218232521317,45.2125,52.73193801697578
1841.P15018,36,1841,1841:CUB042,male,hand,20260906,2,24.02128077810405,32.65,23.024956546007754
10317.000043162,86,10317,10317:969959b6a56c892088c6fec4a090bc9d7786704432d85dd70c0b376f3082c1743c5522532f4a6139e760de6add314a67dddb22fcaef7e05d6f73095cd5be1d95,female,hand,20260906,2,49.85218232521317,49.65,54.04693078274859
1841.F05008,20,1841,1841:NCS210,female,head,20260906,2,22.232626781396554,22.475,24.50468354586204
1841.F05009,20,1841,1841:NCS210,female,head,20260906,2,22.232626781396554,25.175,26.42059003775713
10317.000015207,60,10317,10317:f85c35ccb1de86d528e1bc924109d3f1ef2725eff131fffbb4f955f2bf62f99d01df00160e393e9c7ca1eba714fcb5547b4952bd7ca8fbba07e51e58be5c6410,unknown,hand,20260906,2,38.98356287149991,44.5875,42.734991569819364
10317.000015208,60,10317,10317:f85c35ccb1de86d528e1bc924109d3f1ef2725eff131fffbb4f955f2bf62f99d01df00160e393e9c7ca1eba714fcb5547b4952bd7ca8fbba07e51e58be5c6410,unknown,head,20260906,2,38.62898264944967,45.86875,43.82638228165104
10317.000032844,34,10317,10317:2f99bf4f7ec4110bbb356ecafe18a81cf99c407dc04127efbbe24227d256b81c690640ad22fa2a115f1adb9a603c2509999f0325292f5ad6c80144726ff29fb3,male,head,20260906,2,42.85907424225057,43.8625,45.39648725936691
1841.P16174,24,1841,1841:NAU109,male,hand,20260906,2,24.02128077810405,26.23125,22.213092090813674
10317.000063243,31,10317,10317:9a6b1d64174bf2de76973d430737df42a6c1d222167a33cad37332ade7aaba03e2f1fd87dd65c5bda2ab171d6373490fa6395929f8ff33c6d5acdec0d7035388,male,hand,20260906,2,43.48180374804393,38.125,41.54497324346578
1841.P15913,22,1841,1841:CUB016,female,hand,20260906,2,22.31317492560374,22.14375,23.485349978425603
1841.P15917,20,1841,1841:CUB049,female,hand,20260906,2,22.31317492560374,23.10625,23.779839444874266
1841.P16582,36,1841,1841:CUB042,male,hand,20260906,2,24.02128077810405,32.71875,26.01439749453036
1841.P16588,20,1841,1841:CUB049,female,hand,20260906,2,22.31317492560374,23.6375,24.277709093709692
1841.F06597,22,1841,1841:CUB048,female,head,20260906,2,22.232626781396554,26.26875,25.193628461640678
1841.F06591,21,1841,1841:CUB012,female,head,20260906,2,22.232626781396554,25.15,26.150553094654832
1841.F06599,22,1841,1841:CUB004,female,head,20260906,2,22.232626781396554,25.73125,22.89368340036122
1841.P15050,21,1841,1841:CUB012,female,hand,20260906,2,22.31317492560374,23.24375,25.500948610629802
1841.P15582,30,1841,1841:NAU155,female,hand,20260906,2,22.31317492560374,23.4625,25.338537301332643
1841.P15587,30,1841,1841:NAU155,female,hand,20260906,2,22.31317492560374,29.7,27.88830628561599
1841.P15278,22,1841,1841:CUB016,female,hand,20260906,2,22.31317492560374,24.48125,24.676303870161792
1841.F05025,22,1841,1841:NCS255,female,head,20260906,2,22.232626781396554,23.5,23.703769760678718
1841.F06107,20,1841,1841:CUB049,female,head,20260906,2,22.232626781396554,21.35625,22.086562722589562
1841.P16340,24,1841,1841:NAU109,male,hand,20260906,2,24.02128077810405,28.46875,21.48392856811871
1841.P15073,36,1841,1841:CUB042,male,hand,20260906,2,24.02128077810405,30.525,21.66780945714981
1841.P15074,22,1841,1841:CUB004,female,hand,20260906,2,22.31317492560374,26.95,25.575415076694323
1841.P15079,20,1841,1841:CUB049,female,hand,20260906,2,22.31317492560374,23.40625,24.57376856006725
1841.F06317,21,1841,1841:CUB012,female,head,20260906,2,22.232626781396554,27.61875,26.146580823797997
1841.P15256,36,1841,1841:CUB042,male,hand,20260906,2,24.02128077810405,36.35625,26.28681972099331
1841.P16450,22,1841,1841:NCS255,female,hand,20260906,2,22.31317492560374,24.69375,25.05251473814434
10317.000005578,33,10317,10317:356171d003a70eda05dbc44ca7f1c23e803cbba14631a5247db7774ba0e837cd853a804b6bc41bc084b8849021f84c1c780ad04856231b70f72faf5ef5b4bcbf,male,hand,20260906,2,43.48180374804393,40.34375,40.93499545660555
10317.000005574,33,10317,10317:356171d003a70eda05dbc44ca7f1c23e803cbba14631a5247db7774ba0e837cd853a804b6bc41bc084b8849021f84c1c780ad04856231b70f72faf5ef5b4bcbf,male,head,20260906,2,42.85907424225057,42.50625,43.393201018572306
1841.P15210,20,1841,1841:CUB049,female,hand,20260906,2,22.31317492560374,23.74375,24.451822118715757
10317.000069034,22,10317,10317:a6a72ae91b2b02c8ea4cfe12d58d98ebe5b424cd88d36f8b84e1deec1b971b6c50e1fbca139d0b8b67d6f73821c7922d555844d105af99dd4813cd966993df6f,male,hand,20260906,2,43.48180374804393,36.45625,38.017992584291854
10317.000046210,26,10317,10317:2cadcc9c9bb4b3018c35f7012a5f45417f5e7d3c5a8205a3e266e3994e6d3a312146e795ee10a538d9dcde6a356e15798fdfc96aea7f23df2c8c505d8bb465a4,female,head,20260906,2,48.69028672502653,39.275,45.805606007929875
1841.F05041,23,1841,1841:NCS244,female,head,20260906,2,22.232626781396554,21.85625,22.60699194671855
1841.F05046,20,1841,1841:NCS210,female,head,20260906,2,22.232626781396554,25.1625,24.461911548572473
2010.1715,22,2010,2010:15,female,head,20260906,2,27.74210587187609,36.625,27.82077266645766
10317.000015183,55,10317,10317:45e54011490a1e8319d45ba35b5c9c687e4ec395fd00d5bd3b927f21b897135e002c9c488ced29f5644e9cc87c9d6d420ce68c9a95f88b151cd7a4c6182ead64,male,hand,20260906,2,43.48180374804393,46.375,45.842611794480575
10317.000015182,55,10317,10317:45e54011490a1e8319d45ba35b5c9c687e4ec395fd00d5bd3b927f21b897135e002c9c488ced29f5644e9cc87c9d6d420ce68c9a95f88b151cd7a4c6182ead64,male,head,20260906,2,42.85907424225057,39.38125,43.56692777552016
10317.000015184,55,10317,10317:45e54011490a1e8319d45ba35b5c9c687e4ec395fd00d5bd3b927f21b897135e002c9c488ced29f5644e9cc87c9d6d420ce68c9a95f88b151cd7a4c6182ead64,male,hand,20260906,2,43.48180374804393,42.6125,44.32325610137595
1841.P15013,22,1841,1841:CUB016,female,hand,20260906,2,22.31317492560374,23.3375,23.873493194101794
1841.P15010,21,1841,1841:CUB012,female,hand,20260906,2,22.31317492560374,26.3125,26.055234207730525
1841.P15370,23,1841,1841:NCS243,male,hand,20260906,2,24.02128077810405,27.125,20.42905118428848
10317.000005577,34,10317,10317:356171d003a70eda05dbc44ca7f1c23e803cbba14631a5247db7774ba0e837cd853a804b6bc41bc084b8849021f84c1c780ad04856231b70f72faf5ef5b4bcbf,male,hand,20260906,2,43.48180374804393,39.425,42.12597952005049
1841.P15354,23,1841,1841:NCS243,male,hand,20260906,2,24.02128077810405,24.48125,23.006834467572517
1841.P15608,22,1841,1841:CUB048,female,hand,20260906,2,22.31317492560374,29.84375,28.797162677729485
1841.F06079,22,1841,1841:NCS255,female,head,20260906,2,22.232626781396554,22.09375,22.95268957561349
10317.000072302,41,10317,10317:400d83c79d0086701c4c33b64a7e55f4f464325c35db42f0fed54c6d6f796d9b7943607ae3434897302c87033bd2704c82d5bed240c95f743566d2b3fd469f57,female,head,20260906,2,48.69028672502653,40.4875,42.469296624329466
1841.F06086,22,1841,1841:NCS255,female,head,20260906,2,22.232626781396554,22.875,22.605950034431633
10317.000048954,40,10317,10317:1044942a7b8a90539218b4698c4b9c3fcdfa273fbbaae3fd79cc45fa05997f6e566261c304f4eb18014b4d7f09e95259f47b9afe6b589a6d2fabfacc7e2a09b7,male,head,20260906,2,42.85907424225057,38.65625,41.159621261706086
10317.000048956,40,10317,10317:1044942a7b8a90539218b4698c4b9c3fcdfa273fbbaae3fd79cc45fa05997f6e566261c304f4eb18014b4d7f09e95259f47b9afe6b589a6d2fabfacc7e2a09b7,male,hand,20260906,2,43.48180374804393,38.79375,41.88539897823773
10317.000048957,40,10317,10317:1044942a7b8a90539218b4698c4b9c3fcdfa273fbbaae3fd79cc45fa05997f6e566261c304f4eb18014b4d7f09e95259f47b9afe6b589a6d2fabfacc7e2a09b7,male,hand,20260906,2,43.48180374804393,40.34375,44.023295125833556
1841.F05850,30,1841,1841:NAU155,female,head,20260906,2,22.232626781396554,26.30625,23.218425826548152
2010.1728,22,2010,2010:15,female,head,20260906,2,27.74210587187609,39.8125,30.923898155224865
1841.F05635,21,1841,1841:CUB012,female,head,20260906,2,22.232626781396554,23.21875,25.17891457960433
1841.F06420,22,1841,1841:CUB016,female,head,20260906,2,22.232626781396554,24.78125,23.46385379264119
1841.F05852,24,1841,1841:NAU109,male,head,20260906,2,24.06419185296993,23.0125,20.7166623453651
1841.P15994,22,1841,1841:CUB016,female,hand,20260906,2,22.31317492560374,21.9375,23.20195942804543
1841.F05064,23,1841,1841:NCS244,female,head,20260906,2,22.232626781396554,22.66875,23.739434529079816
1841.F05874,24,1841,1841:NAU109,male,head,20260906,2,24.06419185296993,24.59375,21.040522996690118
1841.P16503,20,1841,1841:NCS210,female,hand,20260906,2,22.31317492560374,23.9625,25.863815763828143
1841.P16502,20,1841,1841:NCS210,female,hand,20260906,2,22.31317492560374,26.15625,27.383346395624525
1841.F05606,22,1841,1841:CUB048,female,head,20260906,2,22.232626781396554,25.34375,23.454869877106
1841.F05609,20,1841,1841:CUB049,female,head,20260906,2,22.232626781396554,23.29375,22.998795061243946
1841.P16266,30,1841,1841:NAU155,female,hand,20260906,2,22.31317492560374,24.69375,23.156238555646915
1841.P16449,20,1841,1841:NCS210,female,hand,20260906,2,22.31317492560374,26.525,26.078302707892256
1841.P16447,20,1841,1841:NCS210,female,hand,20260906,2,22.31317492560374,24.225,26.352485158484424
10317.000015223,53,10317,10317:ee6b0199d11ab9c50774b9e56abce9e5b0601741d7922866f57f5c638ca8cf822c2cfa394a8707365a589b0a6368c20df23f66a6c845f66e662b0742e5937eb4,male,hand,20260906,2,43.48180374804393,45.73125,50.09770429794923
10317.000041346,46,10317,10317:e264e42ddf5814bac0981098f8e9a48fb9a1d3524b60bad0405e26151eceeaa0db735671ad5dc0c78c554c78e4d745510d94413264b20449f53a1fe1be4f0529,male,hand,20260906,2,43.48180374804393,45.84375,46.4623086731857
10317.000041345,46,10317,10317:e264e42ddf5814bac0981098f8e9a48fb9a1d3524b60bad0405e26151eceeaa0db735671ad5dc0c78c554c78e4d745510d94413264b20449f53a1fe1be4f0529,male,hand,20260906,2,43.48180374804393,43.98125,46.058835363055586
10317.000069027,22,10317,10317:a6a72ae91b2b02c8ea4cfe12d58d98ebe5b424cd88d36f8b84e1deec1b971b6c50e1fbca139d0b8b67d6f73821c7922d555844d105af99dd4813cd966993df6f,male,head,20260906,2,42.85907424225057,38.06875,39.515976854244336
10317.000015120,28,10317,10317:d031d7eaf91c489f64052f69777e1385468d8cbdc419eb3568de9547015ad04606d5d70ca9970521bd182907f9b00d2640e54727e0262ceaea9ccb7d9603385e,female,hand,20260906,2,49.85218232521317,44.775,48.74257886696936
1841.F05812,24,1841,1841:NAU109,male,head,20260906,2,24.06419185296993,26.975,21.677841727077055
1841.P16526,22,1841,1841:CUB004,female,hand,20260906,2,22.31317492560374,24.45,23.433728798082274
1841.P16520,20,1841,1841:CUB049,female,hand,20260906,2,22.31317492560374,22.025,24.387763360940163
10317.000014464,41,10317,10317:a6784c1d3806fcca45ba186c495c648cf0cf10b392f120efe7f26f9c0e66051dc675a9c077f1f39993f524f521e594b30048ca45ea6cbc19b96938f9734afb55,male,head,20260906,2,42.85907424225057,38.3125,40.49442092175582
1841.F06468,36,1841,1841:CUB042,male,head,20260906,2,24.06419185296993,35.11875,23.281574450877695
1841.F06399,22,1841,1841:CUB016,female,head,20260906,2,22.232626781396554,21.85625,22.636870945190154
1841.F06397,22,1841,1841:CUB004,female,head,20260906,2,22.232626781396554,25.775,24.129795168850656
10317.000003421,38,10317,10317:2c1dc7180a23c9b4b53377ef49354e5a65ac187f6b2e4c844d48fd9ce66134f3da5f2dca02c0517797503a34ddc875a23897cd9d5727c990e46a58599759b35a,male,head,20260906,2,42.85907424225057,40.60625,42.74781981857621
1841.F05667,22,1841,1841:CUB004,female,head,20260906,2,22.232626781396554,22.35625,22.767428202826032
1841.P15299,23,1841,1841:NCS243,male,hand,20260906,2,24.02128077810405,26.51875,20.51710038311875
10317.000015326,35,10317,10317:6eb269d94d6e32fa517a561269634737fc4de40944d6d037a2c1e867bbe9e8d13686a131c81709f95eabe5834b99badd054994b1cf967842aaca451c97a22451,female,hand,20260906,2,49.85218232521317,39.4375,48.996835447448696
10317.000015452,45,10317,10317:3483b70983107b3501a2fdeab0f7e00b06ec05b5a7afdf499c410267e4aa99ea36b3643db981cdf6f557435d6ff028c1059e2bc75261e6f468598f093fde8b72,male,head,20260906,2,42.85907424225057,45.54375,44.872388686624625
10317.000015354,35,10317,10317:3e61f3e0bf34ee92653b3e1a4bce3fbbf22e7a5be5fc03a5c5d44f0d311d4f9ec4e1c0d98964bdbdf2f1d537fbd16c0b62503f50d8923e608eb8aacd64cb9fa3,male,hand,20260906,2,43.48180374804393,42.8875,45.31280066974098
10317.000015352,35,10317,10317:3e61f3e0bf34ee92653b3e1a4bce3fbbf22e7a5be5fc03a5c5d44f0d311d4f9ec4e1c0d98964bdbdf2f1d537fbd16c0b62503f50d8923e608eb8aacd64cb9fa3,male,head,20260906,2,42.85907424225057,46.1,47.299054767085735
10317.000015351,35,10317,10317:3e61f3e0bf34ee92653b3e1a4bce3fbbf22e7a5be5fc03a5c5d44f0d311d4f9ec4e1c0d98964bdbdf2f1d537fbd16c0b62503f50d8923e608eb8aacd64cb9fa3,male,hand,20260906,2,43.48180374804393,42.90625,45.16174818484263
1841.F05623,22,1841,1841:CUB004,female,head,20260906,2,22.232626781396554,28.35625,23.33299260144784
1841.F05620,36,1841,1841:CUB042,male,head,20260906,2,24.06419185296993,32.50625,24.228875451900947
1841.P16546,22,1841,1841:CUB004,female,hand,20260906,2,22.31317492560374,24.56875,26.569232505603615
1841.P16549,20,1841,1841:CUB049,female,hand,20260906,2,22.31317492560374,23.5125,24.753951252745964
1841.F06446,21,1841,1841:CUB012,female,head,20260906,2,22.232626781396554,26.36875,26.567034725420807
1841.F06448,22,1841,1841:CUB016,female,head,20260906,2,22.232626781396554,22.8125,22.853644507063564
10317.000068787,39,10317,10317:0610dc25baabfb768bd6465f009077ba740694d1c37591ea165a6eed61b038ba1fd9167c4f0efbd5cd490953bcd66ea07e9d8b594234539c2e566f09dd0e4699,male,head,20260906,2,42.85907424225057,38.29375,40.70518902372286
1841.F05133,30,1841,1841:NAU155,female,head,20260906,2,22.232626781396554,26.95625,24.276401459922937
10317.000020534,34,10317,10317:6e4903f0be32c34121cd50c2891666fc8b26923970412591f3c900d7253a186450e745d33fc88b07a5c41c9992e15153f2c3fd7a20f01e43073e39ca8a3b4afe,male,head,20260906,2,42.85907424225057,48.2625,47.64404596633172
1841.P16247,30,1841,1841:NAU155,female,hand,20260906,2,22.31317492560374,26.125,25.59186606841677
10317.000015303,33,10317,10317:d440c033fc5b44bb83e8b5a7794daa4c8e7b24424bcd393f8e6a21ecc3792e9ddfa02679b7eb856a026af5426b34eb4083a5d61d8a1e5ffe59abee1fc9264b37,male,head,20260906,2,42.85907424225057,35.725,40.679743350321516
10317.000015302,33,10317,10317:d440c033fc5b44bb83e8b5a7794daa4c8e7b24424bcd393f8e6a21ecc3792e9ddfa02679b7eb856a026af5426b34eb4083a5d61d8a1e5ffe59abee1fc9264b37,male,hand,20260906,2,43.48180374804393,38.90625,43.84402798753382
10317.000015301,33,10317,10317:d440c033fc5b44bb83e8b5a7794daa4c8e7b24424bcd393f8e6a21ecc3792e9ddfa02679b7eb856a026af5426b34eb4083a5d61d8a1e5ffe59abee1fc9264b37,male,hand,20260906,2,43.48180374804393,38.2375,41.15973680456253
2010.1689,22,2010,2010:15,female,head,20260906,2,27.74210587187609,38.10625,32.51238167607903
1841.F06004,20,1841,1841:NCS210,female,head,20260906,2,22.232626781396554,24.05,25.385936369213773
1841.P16568,22,1841,1841:CUB048,female,hand,20260906,2,22.31317492560374,30.49375,24.901865731183396
1841.P16562,22,1841,1841:CUB048,female,hand,20260906,2,22.31317492560374,27.15625,25.57196137320311
1841.P16567,20,1841,1841:CUB049,female,hand,20260906,2,22.31317492560374,22.0125,22.577195992478817
10317.000028916,73,10317,10317:f683242e74204128eb6f0c48f059f9cc0f82c39979573e92a85625acbd1daa1c25397a2b8f8904604e543f3f09aaad3960234f5612a616d2bc9c639e9be3e5b9,female,head,20260906,2,48.69028672502653,46.275,49.99813452970716
1841.P16601,21,1841,1841:CUB012,female,hand,20260906,2,22.31317492560374,24.15,25.959490790957
1841.F06034,23,1841,1841:NCS243,male,head,20260906,2,24.06419185296993,22.5625,19.359772588526038
1841.P15997,36,1841,1841:CUB042,male,hand,20260906,2,24.02128077810405,33.65625,26.62317434113519
1841.F06434,20,1841,1841:CUB049,female,head,20260906,2,22.232626781396554,22.76875,24.05199218767212
10317.000049807,66,10317,10317:4863e557347469643abb13187a4c07e6d82a136b7e8ada704bcc1c6ea30fc2961e36855c2dfe883650d88cef48ae1161802be7c3b874b5f003569b1f51adc309,female,hand,20260906,2,49.85218232521317,44.83125,51.7984322949224
1841.P15377,23,1841,1841:NCS244,female,hand,20260906,2,22.31317492560374,24.2875,25.467870068686068
1841.F06489,21,1841,1841:CUB012,female,head,20260906,2,22.232626781396554,29.9625,29.301084200514786
1841.P15378,22,1841,1841:NCS255,female,hand,20260906,2,22.31317492560374,22.54375,23.481599903005364
10317.000015330,35,10317,10317:6eb269d94d6e32fa517a561269634737fc4de40944d6d037a2c1e867bbe9e8d13686a131c81709f95eabe5834b99badd054994b1cf967842aaca451c97a22451,female,head,20260906,2,48.69028672502653,37.7375,45.100706180875726
10317.000030411,36,10317,10317:a1b4c9ec5f8710558bd4a7d34cd680ebd077aa972f77ae2c7a80904262a269846af690c0af56eec73473625b15e9b30c4413c0ced557f3aeebbcbdbbb0b28698,male,head,20260906,2,42.85907424225057,44.14375,43.15048515421481
1841.F06540,22,1841,1841:CUB004,female,head,20260906,2,22.232626781396554,25.65,23.802073786638573
1841.F06546,22,1841,1841:CUB048,female,head,20260906,2,22.232626781396554,24.46875,22.86013984330769
1841.F06012,23,1841,1841:NCS244,female,head,20260906,2,22.232626781396554,24.925,22.420230737425634
10317.000063152,25,10317,10317:3e74c911b962f0afc2cdf9be99137894321cd28afa86ae9be26bfba86712502c3e8a61b4db55401131c7c041ae071ba253516caa7a7f9fd61b5038eea71d7d41,female,head,20260906,2,48.69028672502653,31.83125,35.67685789794
1841.P15398,22,1841,1841:NCS255,female,hand,20260906,2,22.31317492560374,22.93125,24.646148939741728
1841.P15083,21,1841,1841:CUB012,female,hand,20260906,2,22.31317492560374,24.9625,29.99382731744463
1841.P15534,22,1841,1841:NAU116,male,hand,20260906,2,24.02128077810405,24.13125,21.26573492023171
1841.F05898,24,1841,1841:NAU109,male,head,20260906,2,24.06419185296993,23.29375,21.689592408390904
1841.P16396,30,1841,1841:NAU155,female,hand,20260906,2,22.31317492560374,26.81875,25.84347437086653
10317.000004053,54,10317,10317:7c2ab4fd0ff794379f970934bd5bd789fb515903877b15c3dd2422a09212fc3a5ad62b4d2a149d5d34564a6e8e0488a0c4b1d673016c8a9c4870363225cb4059,female,hand,20260906,2,49.85218232521317,38.9125,47.30647088378893
10317.000049239,56,10317,10317:bd91fc26c20a7652fc421fee2aa75624e4db7f68e0e4fde846745c30bb976e46e87f9660bdf0cea293a6b1ddf22122f6376d2be385445805fa204dd33e6dc905,male,head,20260906,2,42.85907424225057,47.4,43.395269180150144
10317.000005069,62,10317,10317:95709cc58235ffbd909b031216643693df4dbc827ae14fc247eebb0528bfbea20bc16e3572da9168ccfd0829b33c756aa63ed4ce9ba244ce6bdf5ef97c44e85f,female,head,20260906,2,48.69028672502653,47.83125,53.25687507522853
1841.P16399,24,1841,1841:NAU109,male,hand,20260906,2,24.02128077810405,24.01875,21.201793888481607
1841.P16424,22,1841,1841:NCS255,female,hand,20260906,2,22.31317492560374,22.85,24.273246933196006
1841.P16507,22,1841,1841:CUB004,female,hand,20260906,2,22.31317492560374,32.2875,31.9846395009587
1841.F06566,20,1841,1841:CUB049,female,head,20260906,2,22.232626781396554,22.65,23.17401238091977
1841.P15512,24,1841,1841:NAU109,male,hand,20260906,2,24.02128077810405,23.025,21.09619297727678
1841.F05001,22,1841,1841:NCS255,female,head,20260906,2,22.232626781396554,22.25,23.68314522386994
1841.F06492,36,1841,1841:CUB042,male,head,20260906,2,24.06419185296993,29.4125,22.6001453157877
1841.P16098,30,1841,1841:NAU155,female,hand,20260906,2,22.31317492560374,23.8,24.73102532092753
10317.000063159,25,10317,10317:3e74c911b962f0afc2cdf9be99137894321cd28afa86ae9be26bfba86712502c3e8a61b4db55401131c7c041ae071ba253516caa7a7f9fd61b5038eea71d7d41,female,hand,20260906,2,49.85218232521317,31.6,38.056703848609615
2010.1665,22,2010,2010:15,female,head,20260906,2,27.74210587187609,36.36875,27.075246004801105
1841.P16406,23,1841,1841:NCS244,female,hand,20260906,2,22.31317492560374,23.18125,23.81488715887547
1841.F06509,22,1841,1841:CUB004,female,head,20260906,2,22.232626781396554,26.05,24.445639522440143
1841.F05051,22,1841,1841:NCS255,female,head,20260906,2,22.232626781396554,22.10625,22.381589664590656
1841.F05055,22,1841,1841:NCS255,female,head,20260906,2,22.232626781396554,22.10625,22.95101421225322
10317.000063291,29,10317,10317:c78075767b35e039a0b606f8a727e3fc3e2823715abe6a1c7c9956e664a6ff667e1ed5a2426907b56b3a7776221005afb7b5f38d5a651d25074abdbea76cec2f,male,hand,20260906,2,43.48180374804393,40.475,40.41984970302055
1841.P15743,30,1841,1841:NAU155,female,hand,20260906,2,22.31317492560374,24.7375,25.010553123261097
1841.F06249,30,1841,1841:NAU155,female,head,20260906,2,22.232626781396554,26.11875,22.46258310123141
10317.000015060,80,10317,10317:8dd14dd80ae9b69218b4942e80486ca4299a19f9342258835b868633bfa7bff6581b9102dd034b2a58f5ea1a74b8a2ec5b06b38aca104935d0e20a6925b670f2,unknown,hand,20260906,2,38.98356287149991,46.19375,49.49328736734021
10317.000034581,22,10317,10317:1949c4d7f21b55f1e00af274c955be77947294d6ec424b2079e89205b36ed147727eed570662c7673f354f42b11ea00ee970e7e216e0a45d7e022359783d8aae,unknown,head,20260906,2,38.62898264944967,39.41875,39.842085136382295
1841.P16466,22,1841,1841:NCS255,female,hand,20260906,2,22.31317492560374,26.41875,25.596051322232018
1841.P16463,23,1841,1841:NCS243,male,hand,20260906,2,24.02128077810405,26.35625,22.194037836382417
2010.1623,22,2010,2010:15,female,head,20260906,2,27.74210587187609,37.88125,28.401150818183392
1841.F06521,20,1841,1841:CUB049,female,head,20260906,2,22.232626781396554,22.04375,23.01024283070664
1841.F06529,22,1841,1841:CUB004,female,head,20260906,2,22.232626781396554,27.6875,23.319223799079634
1841.P15087,36,1841,1841:CUB042,male,hand,20260906,2,24.02128077810405,34.925,25.513900585741112
1841.P15229,21,1841,1841:CUB012,female,hand,20260906,2,22.31317492560374,27.65,28.48335171310149
1841.F05077,23,1841,1841:NCS243,male,head,20260906,2,24.06419185296993,25.65,20.237076888807927
1841.F05076,22,1841,1841:NCS255,female,head,20260906,2,22.232626781396554,25.1375,25.97505251111018
1841.P15413,20,1841,1841:NCS210,female,hand,20260906,2,22.31317492560374,24.5125,26.033217022906697
1841.F06094,22,1841,1841:NCS255,female,head,20260906,2,22.232626781396554,25.86875,25.164842404967583
1841.F06574,22,1841,1841:CUB048,female,head,20260906,2,22.232626781396554,25.8375,23.58787358396472
1841.P15208,22,1841,1841:CUB048,female,hand,20260906,2,22.31317492560374,26.2125,25.55391768880269
10317.000026508,76,10317,10317:a158faae1efddbd20bb064586e2ed359d9d89fe23e5776aaf6362e6a33b0760e24e9c69462baab420cef8bacb535b245b3687a18e94f0a8e346556bdb347fb67,male,head,20260906,2,42.85907424225057,44.1,43.74927433581606
10317.000015215,33,10317,10317:356171d003a70eda05dbc44ca7f1c23e803cbba14631a5247db7774ba0e837cd853a804b6bc41bc084b8849021f84c1c780ad04856231b70f72faf5ef5b4bcbf,male,hand,20260906,2,43.48180374804393,41.1625,42.79063977175626
10317.000015211,33,10317,10317:356171d003a70eda05dbc44ca7f1c23e803cbba14631a5247db7774ba0e837cd853a804b6bc41bc084b8849021f84c1c780ad04856231b70f72faf5ef5b4bcbf,male,head,20260906,2,42.85907424225057,39.9625,43.15659287550333
1841.P15926,21,1841,1841:CUB012,female,hand,20260906,2,22.31317492560374,24.8375,27.015606071440217
1841.P15925,22,1841,1841:CUB016,female,hand,20260906,2,22.31317492560374,22.275,23.72909583177319
1841.P15920,22,1841,1841:CUB004,female,hand,20260906,2,22.31317492560374,24.56875,23.896735724438635
1841.F06289,30,1841,1841:NAU155,female,head,20260906,2,22.232626781396554,23.71875,23.38008999173247
1841.F06286,30,1841,1841:NAU155,female,head,20260906,2,22.232626781396554,25.61875,24.485760891736803
1841.F05227,24,1841,1841:NAU109,male,head,20260906,2,24.06419185296993,23.05625,21.01459164510843
1841.P16315,24,1841,1841:NAU109,male,hand,20260906,2,24.02128077810405,24.875,23.59359055816435
1841.F06342,22,1841,1841:CUB048,female,head,20260906,2,22.232626781396554,27.34375,25.160049994273304
1841.P15042,22,1841,1841:CUB016,female,hand,20260906,2,22.31317492560374,23.0375,24.154325333182072
1841.P15268,22,1841,1841:CUB048,female,hand,20260906,2,22.31317492560374,23.76875,25.12559894882672
1841.P15263,22,1841,1841:CUB016,female,hand,20260906,2,22.31317492560374,23.1375,24.237858704731295
1841.F05031,23,1841,1841:NCS243,male,head,20260906,2,24.06419185296993,25.575,19.365478540322783
10317.000028823,30,10317,10317:98f1f8c9217912fbbec5cd8e5c39acc05c729d5d4b5113f922efc048b9e4b68d2de8c43cb8721151f190923c84f990227a8cdf3359af1f0a5fc59ecd028dabf4,male,head,20260906,2,42.85907424225057,37.39375,38.50005837368541
1841.F05697,22,1841,1841:CUB048,female,head,20260906,2,22.232626781396554,24.0125,23.597944382404368
1841.F05693,22,1841,1841:CUB016,female,head,20260906,2,22.232626781396554,22.99375,23.73964966418574
1841.P16107,24,1841,1841:NAU109,male,hand,20260906,2,24.02128077810405,23.45,21.025614779138273
2010.1308,27,2010,2010:7,female,head,20260906,2,27.74210587187609,37.25625,27.915007391317054
2010.1302,34,2010,2010:5,female,head,20260906,2,27.74210587187609,37.80625,31.53949762068446
10317.000063236,31,10317,10317:9a6b1d64174bf2de76973d430737df42a6c1d222167a33cad37332ade7aaba03e2f1fd87dd65c5bda2ab171d6373490fa6395929f8ff33c6d5acdec0d7035388,male,head,20260906,2,42.85907424225057,38.29375,39.607632473849485
1841.P15288,20,1841,1841:CUB049,female,hand,20260906,2,22.31317492560374,25.26875,26.408072218757148
1841.P15679,36,1841,1841:CUB042,male,hand,20260906,2,24.02128077810405,30.09375,21.82671882315419
10317.000048405,28,10317,10317:4287cb26d2ebcaddb5129d95ff2d4ae496c47b0162672df93082abfc9303671b6d9332bfe211f6530019940e6d40144094a4bc4c012716375b5e72166c04b6e2,female,hand,20260906,2,49.85218232521317,50.23125,53.39060283361525
10317.000048407,28,10317,10317:4287cb26d2ebcaddb5129d95ff2d4ae496c47b0162672df93082abfc9303671b6d9332bfe211f6530019940e6d40144094a4bc4c012716375b5e72166c04b6e2,female,head,20260906,2,48.69028672502653,46.88125,48.193489029728
10317.000048406,28,10317,10317:4287cb26d2ebcaddb5129d95ff2d4ae496c47b0162672df93082abfc9303671b6d9332bfe211f6530019940e6d40144094a4bc4c012716375b5e72166c04b6e2,female,hand,20260906,2,49.85218232521317,45.65,51.479741058120894
1841.F05207,24,1841,1841:NAU109,male,head,20260906,2,24.06419185296993,25.85,22.103289099439994
1841.F05209,24,1841,1841:NAU109,male,head,20260906,2,24.06419185296993,24.39375,22.222487376653852
1841.P16597,22,1841,1841:CUB004,female,hand,20260906,2,22.31317492560374,29.78125,25.867799155131145
1841.P16598,22,1841,1841:CUB048,female,hand,20260906,2,22.31317492560374,26.03125,25.225737683805033
1841.F06015,20,1841,1841:NCS210,female,head,20260906,2,22.232626781396554,24.46875,23.19696749292895
10317.000015187,27,10317,10317:cb8ea224a3bb7ef53bf08da62860c079b5996441cbbb6ef11fbe09454172198e57a65569937d0e57c98a2327cfe4b04a55969cdda8eed8fc5f998c2468e4920a,male,hand,20260906,2,43.48180374804393,41.14375,42.65844453852733
1841.F06588,20,1841,1841:CUB049,female,head,20260906,2,22.232626781396554,22.2125,21.940575033735
1841.P15068,22,1841,1841:CUB048,female,hand,20260906,2,22.31317492560374,31.58125,25.44312326391447
1841.F06329,22,1841,1841:CUB016,female,head,20260906,2,22.232626781396554,23.075,23.11199091163271
1841.P15240,21,1841,1841:CUB012,female,hand,20260906,2,22.31317492560374,28.99375,28.390074676389023
1841.P15264,22,1841,1841:CUB004,female,hand,20260906,2,22.31317492560374,24.94375,24.077466310714517
1841.P16299,30,1841,1841:NAU155,female,hand,20260906,2,22.31317492560374,22.45625,25.082529594275044
10317.000015118,28,10317,10317:d031d7eaf91c489f64052f69777e1385468d8cbdc419eb3568de9547015ad04606d5d70ca9970521bd182907f9b00d2640e54727e0262ceaea9ccb7d9603385e,female,hand,20260906,2,49.85218232521317,44.51875,49.80602220150823
10317.000015116,28,10317,10317:d031d7eaf91c489f64052f69777e1385468d8cbdc419eb3568de9547015ad04606d5d70ca9970521bd182907f9b00d2640e54727e0262ceaea9ccb7d9603385e,female,head,20260906,2,48.69028672502653,46.175,49.26748229958286
1841.F05671,20,1841,1841:CUB049,female,head,20260906,2,22.232626781396554,25.43125,27.154278125853192
10317.000015453,46,10317,10317:3483b70983107b3501a2fdeab0f7e00b06ec05b5a7afdf499c410267e4aa99ea36b3643db981cdf6f557435d6ff028c1059e2bc75261e6f468598f093fde8b72,male,hand,20260906,2,43.48180374804393,39.8125,42.88281635542592
1841.F05452,30,1841,1841:NAU155,female,head,20260906,2,22.232626781396554,24.375,23.40395845499168
10317.000005234,55,10317,10317:45e54011490a1e8319d45ba35b5c9c687e4ec395fd00d5bd3b927f21b897135e002c9c488ced29f5644e9cc87c9d6d420ce68c9a95f88b151cd7a4c6182ead64,male,hand,20260906,2,43.48180374804393,43.8125,43.387276730598934
10317.000040503,52,10317,10317:8fc2af33171964330de7e24811df360483b2193e73f509d9de0eca5c34aa9cc4a73311de7d0ba394fbed8d55f72394218e7b7026fd7da8c8ee1ebf0e637b2e85,female,head,20260906,2,48.69028672502653,42.68125,47.57118493543714
10317.000040507,52,10317,10317:8fc2af33171964330de7e24811df360483b2193e73f509d9de0eca5c34aa9cc4a73311de7d0ba394fbed8d55f72394218e7b7026fd7da8c8ee1ebf0e637b2e85,female,hand,20260906,2,49.85218232521317,45.40625,47.230372736488725
1841.P15002,22,1841,1841:CUB016,female,hand,20260906,2,22.31317492560374,21.55,23.4985623735963
1841.F06308,22,1841,1841:CUB016,female,head,20260906,2,22.232626781396554,23.9375,23.055028536821183
1841.F06306,20,1841,1841:CUB049,female,head,20260906,2,22.232626781396554,22.43125,23.7896811519607
10317.000007105,53,10317,10317:ebedffb9e4d507d8cbaa7af0405caf451aa201d9746c76619a2a69f6b1c164e191af34fbad4f50a53bbb30a92cba77bf673b82db2b687fa2258240612900791e,male,hand,20260906,2,43.48180374804393,46.7875,48.22390184867893
10317.000007106,53,10317,10317:ebedffb9e4d507d8cbaa7af0405caf451aa201d9746c76619a2a69f6b1c164e191af34fbad4f50a53bbb30a92cba77bf673b82db2b687fa2258240612900791e,male,head,20260906,2,42.85907424225057,46.15,48.1469821345196
10317.000007103,53,10317,10317:ebedffb9e4d507d8cbaa7af0405caf451aa201d9746c76619a2a69f6b1c164e191af34fbad4f50a53bbb30a92cba77bf673b82db2b687fa2258240612900791e,male,hand,20260906,2,43.48180374804393,44.68125,49.514764002097046
1841.F05431,30,1841,1841:NAU155,female,head,20260906,2,22.232626781396554,24.54375,23.61463349816932
2010.1347,34,2010,2010:5,female,head,20260906,2,27.74210587187609,36.8375,32.01373510026289
1841.F06323,22,1841,1841:CUB004,female,head,20260906,2,22.232626781396554,31.3125,22.846839731884433
1841.F05092,23,1841,1841:NCS244,female,head,20260906,2,22.232626781396554,22.65,22.788476687854153
10317.000079831,38,10317,10317:14023540704b6bc088ad4121fb1e4bb829db0af84dceeb6083083578533680a085ce6473901b2aa79e3843299e1ef69adfd4af41442ee2e3ba1981a43c5fea09,female,head,20260906,2,48.69028672502653,38.19375,43.13376235981975
1841.P15342,20,1841,1841:NCS210,female,hand,20260906,2,22.31317492560374,26.9375,28.108947184941503
2010.1751,23,2010,2010:15,female,head,20260906,2,27.74210587187609,37.59375,31.105358331914175
1841.P15029,20,1841,1841:CUB049,female,hand,20260906,2,22.31317492560374,21.7875,23.368749459439535
1841.P15024,22,1841,1841:CUB048,female,hand,20260906,2,22.31317492560374,31.61875,23.360086336910218
10317.000049790,27,10317,10317:cb8ea224a3bb7ef53bf08da62860c079b5996441cbbb6ef11fbe09454172198e57a65569937d0e57c98a2327cfe4b04a55969cdda8eed8fc5f998c2468e4920a,male,head,20260906,2,42.85907424225057,43.63125,44.06594727351216
1841.P15221,36,1841,1841:CUB042,male,hand,20260906,2,24.02128077810405,35.45625,26.57910896733752
1841.F06466,22,1841,1841:CUB048,female,head,20260906,2,22.232626781396554,26.55,24.902792551098464
10317.000015058,80,10317,10317:8dd14dd80ae9b69218b4942e80486ca4299a19f9342258835b868633bfa7bff6581b9102dd034b2a58f5ea1a74b8a2ec5b06b38aca104935d0e20a6925b670f2,unknown,hand,20260906,2,38.98356287149991,50.0375,52.187577000660575
1841.P15611,20,1841,1841:CUB049,female,hand,20260906,2,22.31317492560374,22.1625,22.490252801159848
1841.P16416,23,1841,1841:NCS244,female,hand,20260906,2,22.31317492560374,25.2875,23.554699036649104
10317.000013184,46,10317,10317:c1aeed7ec49ba28fab9705a2a7ef17c7dae7622554dfbffbae7e5be56e0b5ca0fba918409d646af5cd04454fb08cc22ab4f708b179204f985182cefea9e199bd,male,head,20260906,2,42.85907424225057,42.44375,43.66209111619638
1841.F06346,21,1841,1841:CUB012,female,head,20260906,2,22.232626781396554,26.775,26.66949250113867
1841.P16187,24,1841,1841:NAU109,male,hand,20260906,2,24.02128077810405,22.48125,21.446201254666043
1841.P16186,24,1841,1841:NAU109,male,hand,20260906,2,24.02128077810405,24.56875,21.621586571189304
10317.000004764,36,10317,10317:733d141620ab14d73e0aa4683aff41e7dfc3bae381840f02c270e108c123ae0e90bf1390da736c2d78815083080cfd4f47f1bacbfc2de5a20e1ea897fbb49593,male,hand,20260906,2,43.48180374804393,48.6375,47.153185116367325
1841.P15988,21,1841,1841:CUB012,female,hand,20260906,2,22.31317492560374,25.9375,26.266607618991504
1841.P15989,22,1841,1841:CUB004,female,hand,20260906,2,22.31317492560374,25.00625,23.829670525458297
1841.P15369,22,1841,1841:NCS255,female,hand,20260906,2,22.31317492560374,21.69375,23.22423576878854
1841.P16516,21,1841,1841:CUB012,female,hand,20260906,2,22.31317492560374,22.74375,24.12524480448443
2010.1246,34,2010,2010:5,female,head,20260906,2,27.74210587187609,34.45,28.123046245783016
10317.000028943,46,10317,10317:f418e55e3e56cef19b56c0429433fa84e94863f2dc63628da31cf79cf361518786dfccf3fb6ae6e69d5dda970371a55dfedfec2e4e44bf990c150a4b1010a10a,male,hand,20260906,2,43.48180374804393,41.54375,45.663592319364376
10317.000028942,46,10317,10317:f418e55e3e56cef19b56c0429433fa84e94863f2dc63628da31cf79cf361518786dfccf3fb6ae6e69d5dda970371a55dfedfec2e4e44bf990c150a4b1010a10a,male,hand,20260906,2,43.48180374804393,45.05,45.10465998082553
1841.F06410,21,1841,1841:CUB012,female,head,20260906,2,22.232626781396554,27.1375,27.79812134164946
1841.F06411,22,1841,1841:CUB048,female,head,20260906,2,22.232626781396554,25.84375,23.477066538997537
1841.F06414,36,1841,1841:CUB042,male,head,20260906,2,24.06419185296993,31.56875,22.871300332396007
1841.F06415,22,1841,1841:CUB016,female,head,20260906,2,22.232626781396554,23.0875,22.44850717995771
1841.F06190,20,1841,1841:CUB049,female,head,20260906,2,22.232626781396554,22.54375,22.401541450161375
1841.P15231,22,1841,1841:CUB004,female,hand,20260906,2,22.31317492560374,27.63125,25.18741823785553
1841.F06060,23,1841,1841:NCS243,male,head,20260906,2,24.06419185296993,26.8875,19.61922855048578
1841.F06062,20,1841,1841:NCS210,female,head,20260906,2,22.232626781396554,26.35,26.166458115813366
1841.F06064,23,1841,1841:NCS243,male,head,20260906,2,24.06419185296993,24.60625,20.86501197918411
1841.P15308,23,1841,1841:NCS243,male,hand,20260906,2,24.02128077810405,27.3875,24.283139677551
1841.P15306,20,1841,1841:NCS210,female,hand,20260906,2,22.31317492560374,23.09375,23.19100747576661
1841.P15304,23,1841,1841:NCS244,female,hand,20260906,2,22.31317492560374,21.74375,23.575410832197313
10317.000004846,43,10317,10317:a17a75eada9222f4d52ce6eb301bb5f83a31b9f5c3f8169a805aa8db550330187a4d89b93a8a8f82115a4bcf6ab38541b4e58a7343862e089fdea11ac94f627a,male,head,20260906,2,42.85907424225057,42.46875,45.204162795531374
10317.000005236,55,10317,10317:45e54011490a1e8319d45ba35b5c9c687e4ec395fd00d5bd3b927f21b897135e002c9c488ced29f5644e9cc87c9d6d420ce68c9a95f88b151cd7a4c6182ead64,male,head,20260906,2,42.85907424225057,41.4,42.30988870483927
1841.F06355,36,1841,1841:CUB042,male,head,20260906,2,24.06419185296993,27.80625,22.132858531033566
10317.000020763,51,10317,10317:271445d9d2f17a19777c6abc5576840700fc57ecb19654f09610d4d1187e722ba995215d7e0cdfd20bd17f6a11fcb5232973c72d5d66bf7a0933e78b7d8aeabc,female,head,20260906,2,48.69028672502653,50.875,51.36610905068232
1841.P16535,22,1841,1841:CUB016,female,hand,20260906,2,22.31317492560374,22.8875,23.07287795164723
1841.P16536,36,1841,1841:CUB042,male,hand,20260906,2,24.02128077810405,28.1,21.8607425861061
1841.F06384,21,1841,1841:CUB038,female,head,20260906,3,22.4768043558311,22.08125,20.758311192214347
1841.F05659,20,1841,1841:CUB010,female,head,20260906,3,22.4768043558311,23.46875,22.29836634059967
2010.2652,26,2010,2010:33,female,head,20260906,3,27.51800760149863,24.63125,25.713658432032805
1841.P16345,25,1841,1841:NAU157,male,hand,20260906,3,25.03862499747077,25.425,25.532948315012113
1841.P16557,20,1841,1841:CUB027,female,hand,20260906,3,22.40685263385533,22.61875,24.895266630292078
1841.P16555,20,1841,1841:CUB010,female,hand,20260906,3,22.40685263385533,22.825,23.672183987706493
1841.P16550,20,1841,1841:CUB010,female,hand,20260906,3,22.40685263385533,22.93125,23.857771750098657
1841.F06456,20,1841,1841:CUB036,female,head,20260906,3,22.4768043558311,24.1125,23.707529160712674
1841.F05105,22,1841,1841:NAU164,male,head,20260906,3,25.09495752441992,24.6375,20.181848071625115
1841.F05102,22,1841,1841:NAU164,male,head,20260906,3,25.09495752441992,28.3375,22.468325653695437
10317.000063344,29,10317,10317:e8fffa963380c63cba1d064de83b3a91000831ddbab3f8b56168ee1903063a0900f0a9b07f79b2f4a728ad7af62c82a718d51b95ccc1f12d6d1d3ce257c151f7,female,head,20260906,3,48.56994081884291,35.3875,38.25974718517127
1841.F05594,32,1841,1841:NAU150,female,head,20260906,3,22.4768043558311,27.8,23.62772831310613
1841.F05593,21,1841,1841:NAU153,female,head,20260906,3,22.4768043558311,22.25,23.255887005276357
1841.F05831,32,1841,1841:NAU150,female,head,20260906,3,22.4768043558311,26.24375,24.985596998573815
10317.000002260,52,10317,10317:aa101e557d45d2c4a31a1d301fd4c574f8a5fc0833b116d35789d31262e1e05a55d401f9b79aeba4e9d3eba2940a8eb96f2f5b422ec59ccfd8c6811d9cd18c8d,female,head,20260906,3,48.56994081884291,43.61875,45.48660758048643
1841.P15972,21,1841,1841:CUB038,female,hand,20260906,3,22.40685263385533,25.01875,22.09558880911722
10317.000003207,56,10317,10317:8ce2fa4322344d737377931be840bf961f38b556f4fa437394b744900c1501895f7f56793071423d8af658d690902a9fb79c2d372eb011251cc952c8b26e075b,female,head,20260906,3,48.56994081884291,46.9,51.83246036015607
1841.F06006,21,1841,1841:NCS229,male,head,20260906,3,25.09495752441992,24.15,22.259940824200765
1841.F06232,25,1841,1841:NAU157,male,head,20260906,3,25.09495752441992,22.88125,19.169268833511303
10317.000005159,29,10317,10317:80ed9beefa64e1af619f5d370d79a21b435d10677f5b936ec3554234d47090f2a865337c8ff29f55d3cfc78a4c4fcf22efe713697872112639889bda9805a03e,male,hand,20260906,3,43.799197082700516,45.40625,46.66146201289442
1841.F05574,23,1841,1841:NAU100,male,head,20260906,3,25.09495752441992,23.71875,20.216495274278415
1841.F06494,21,1841,1841:CUB038,female,head,20260906,3,22.4768043558311,24.03125,22.854855142131058
1841.F06498,20,1841,1841:CUB010,female,head,20260906,3,22.4768043558311,23.39375,23.101371388658638
1841.P15717,32,1841,1841:NAU150,female,hand,20260906,3,22.40685263385533,23.85625,25.497100937760536
10317.000005219,40,10317,10317:1d0709acc0c4aa263f168023a3a96ba1e15b95b6c4da81b87f5ddab0fd7d047df0459ece7e25369bc5583a334c204f19a8ed16ff150ddaef72703a971dafa3b9,male,hand,20260906,3,43.799197082700516,39.18125,41.8828517754533
1841.F05507,25,1841,1841:NAU157,male,head,20260906,3,25.09495752441992,27.05625,20.599323103888896
1841.F06441,20,1841,1841:CUB027,female,head,20260906,3,22.4768043558311,23.63125,22.63869542357556
1841.F06440,20,1841,1841:CUB027,female,head,20260906,3,22.4768043558311,23.9625,24.6664232969139
10317.000015976,66,10317,10317:414c5f35ed69875718a4e654e86d9ae09236801e1b9600a2d4851f548bd46eec37144f9d5a5816365a76c4dcc4550e15afddf35bb18d7f072fece2fae39cd58b,male,head,20260906,3,43.290686067204994,47.54375,49.196762925468256
1841.F06573,21,1841,1841:CUB038,female,head,20260906,3,22.4768043558311,22.9625,23.730837475577644
1841.F06570,20,1841,1841:CUB036,female,head,20260906,3,22.4768043558311,22.1125,24.067584629530145
10317.000007695,53,10317,10317:2001cd96b41443702fff754af1697cfbdfad013781990354ba66abf4ba4c1619b3b03ab3cbeff986588254af06fd1bb16cb541da65af96468b507f8eedd4e51f,female,hand,20260906,3,50.18237238699654,39.95625,47.984548823727394
10317.000007696,53,10317,10317:2001cd96b41443702fff754af1697cfbdfad013781990354ba66abf4ba4c1619b3b03ab3cbeff986588254af06fd1bb16cb541da65af96468b507f8eedd4e51f,female,hand,20260906,3,50.18237238699654,40.3375,48.39784100027563
1841.F05554,21,1841,1841:NAU140,female,head,20260906,3,22.4768043558311,23.40625,22.82037660670982
10317.000014492,38,10317,10317:8167c948b0e4857e3fbff706939d373dfab22f6bc351971e2c12e88b854e32580973e05481786c5d02d11e4a9e8f81f300e8ce5b8120172a96b4e37d555a8c90,male,head,20260906,3,43.290686067204994,42.6,43.17291703603908
1841.F06464,20,1841,1841:CUB036,female,head,20260906,3,22.4768043558311,23.3375,24.35147661544858
1841.F05881,25,1841,1841:NAU157,male,head,20260906,3,25.09495752441992,22.3,19.657356529205494
10317.000041057,33,10317,10317:cc7a72730c7716b41648ac90728f72eb759bd32caaa07b60e4db721abd907a2e38b19314c602ce3a7b19a7634037bd360e4d54c532513a267152129589e536de,male,hand,20260906,3,43.799197082700516,38.53125,39.96181120253165
10317.000068781,27,10317,10317:81381621a969782bdf9c1f120f5b0aff5f61963b498785f38baad9308e26b0be6260f7823e90d20fd377699c2619a523364a2456157fdbfffc70dd29d0b09941,male,hand,20260906,3,43.799197082700516,36.26875,40.39859404768319
10317.000063327,36,10317,10317:5cac11f98d016720bf90c511d008405a6bd9d9a9f5d68939414a0cad29cedd0b2aba4673b7615fc76fb17b76523634ebb166e93c77804249ebc70ba37d6de287,female,hand,20260906,3,50.18237238699654,35.48125,37.21492080289242
10317.000036462,38,10317,10317:da8f8a7d664c63431a657d0d888c46bf1f7bec532219c7d97227d8de3bc94ea035161f6a5e94118648a14d399a93b7d0e7cb68f1add742cb0d0d825f410a501d,male,hand,20260906,3,43.799197082700516,46.46875,45.77900811846286
10317.000063320,36,10317,10317:5cac11f98d016720bf90c511d008405a6bd9d9a9f5d68939414a0cad29cedd0b2aba4673b7615fc76fb17b76523634ebb166e93c77804249ebc70ba37d6de287,female,head,20260906,3,48.56994081884291,36.46875,41.26988212662341
1841.P15504,20,1841,1841:CUB010,female,hand,20260906,3,22.40685263385533,23.75625,24.525008135167322
10317.000005361,67,10317,10317:673c8ce01f6c4b5120fb00380499db5eeb6a2fb55f33a66a36d79a28f321105b432b54532ecd02900640e027e6baa65fe94b194fa11f3a0eaf97f6abf95c9417,unknown,hand,20260906,3,44.14776242496778,40.0625,45.42726008132882
1841.P16083,22,1841,1841:NAU164,male,hand,20260906,3,25.03862499747077,29.0875,23.659508918709165
10317.000003167,56,10317,10317:ca3c1391f1ca6877569a02ad1a4bb08ec17ce43eb36e67a75c7021c818e8b0fc35d4d9d4f88d36031ef5d86fe5d42f004195994d262cc11012d12140268e85ba,male,hand,20260906,3,43.799197082700516,47.88125,49.69458093688947
1841.P15759,20,1841,1841:NAU119,male,hand,20260906,3,25.03862499747077,22.9875,21.049321200295495
10317.000063296,26,10317,10317:9a079253652d16fa017050fd68017b646c3c734b4c96ca593236c537806682233e513b33fb850475266ef28a5c34e9297ffbd213ef416263b306bfae257d1aef,male,head,20260906,3,43.290686067204994,38.6125,39.43685314917433
10317.000009093,35,10317,10317:360142d429f5a04200879be165fb723bf12539081381440cf759835fb3170ff29aaa9a46fc10cd08978857e2a1b86e035e65a80f5deb8234c611dcce54708792,male,head,20260906,3,43.290686067204994,41.03125,43.287338103962796
10317.000066824,29,10317,10317:7f8b5599423e74bb4268af85d143fbeed68370b2eaa79f6e6facbcf10974040d6ef4afefb5ff2aab1f618ba97f2eecc39b0621fb60a556425670ca9606d4aa0c,male,head,20260906,3,43.290686067204994,34.8875,35.521945191486836
1841.F06543,20,1841,1841:CUB010,female,head,20260906,3,22.4768043558311,22.775,22.135371403367873
1841.P15567,22,1841,1841:NAU164,male,hand,20260906,3,25.03862499747077,24.71875,22.5247759908076
1841.F05519,20,1841,1841:NAU119,male,head,20260906,3,25.09495752441992,23.65,19.279234868268993
1841.F05514,20,1841,1841:NAU119,male,head,20260906,3,25.09495752441992,23.55625,21.094610934434073
1841.F05513,20,1841,1841:NAU119,male,head,20260906,3,25.09495752441992,22.725,20.26049521031211
1841.F05438,22,1841,1841:NAU164,male,head,20260906,3,25.09495752441992,24.79375,21.726372599049817
10317.000009107,36,10317,10317:537aafb62a3a3b2aaa192863f0b56d8fa9e292bcf83e78ffff10ffa372470a7d9db35cb40b3e2ab58fbc446c04a2e5b7b934e0feab0f0dce92c02f9e59476330,male,head,20260906,3,43.290686067204994,42.89375,42.13059760985178
1841.P15957,20,1841,1841:CUB010,female,hand,20260906,3,22.40685263385533,22.3,24.85479898418466
1841.P16321,25,1841,1841:NAU157,male,hand,20260906,3,25.03862499747077,23.3,20.466313924768233
1841.F06082,21,1841,1841:NCS262,male,head,20260906,3,25.09495752441992,23.98125,19.90267786729597
1841.P15546,22,1841,1841:NAU164,male,hand,20260906,3,25.03862499747077,26.725,22.416874549406746
10317.000029487,62,10317,10317:1c1b943df02cc46512abc94ff23e6a911e98427d63e06b7083bbfc52367f051a310a8bc2a0c971a6302a5550414d984988f69258ecf789af12a5f5e19514d5cf,male,head,20260906,3,43.290686067204994,43.1875,45.383343066306054
1841.F06274,32,1841,1841:NAU150,female,head,20260906,3,22.4768043558311,23.41875,23.51904702286524
1841.F06276,32,1841,1841:NAU150,female,head,20260906,3,22.4768043558311,24.44375,24.630654821450303
1841.F06277,32,1841,1841:NAU150,female,head,20260906,3,22.4768043558311,26.025,24.935547472081954
1841.F05232,25,1841,1841:NAU157,male,head,20260906,3,25.09495752441992,25.5,19.18050345552985
1841.P15213,20,1841,1841:CUB027,female,hand,20260906,3,22.40685263385533,21.9125,24.08921727493878
1841.P16173,25,1841,1841:NAU157,male,hand,20260906,3,25.03862499747077,32.9,30.77645870677787
10317.000007766,37,10317,10317:33f6eb641f0e5c66654a93864fec0950724028557f530a644e104dc1d7f29bec16c25352f4cffae510cf433760537423b71c5a032a7e279e0c197c4df1d601a4,male,head,20260906,3,43.290686067204994,42.075,44.12150483380062
10317.000007764,37,10317,10317:33f6eb641f0e5c66654a93864fec0950724028557f530a644e104dc1d7f29bec16c25352f4cffae510cf433760537423b71c5a032a7e279e0c197c4df1d601a4,male,head,20260906,3,43.290686067204994,39.2125,40.1774738804382
10317.000007760,38,10317,10317:33f6eb641f0e5c66654a93864fec0950724028557f530a644e104dc1d7f29bec16c25352f4cffae510cf433760537423b71c5a032a7e279e0c197c4df1d601a4,male,head,20260906,3,43.290686067204994,43.64375,42.68675367835568
1841.F05219,20,1841,1841:NAU119,male,head,20260906,3,25.09495752441992,23.18125,20.952847837054644
1841.F05218,32,1841,1841:NAU150,female,head,20260906,3,22.4768043558311,25.11875,24.7012170497013
1841.P16580,21,1841,1841:CUB038,female,hand,20260906,3,22.40685263385533,23.94375,25.91567781907135
1841.P16583,20,1841,1841:CUB036,female,hand,20260906,3,22.40685263385533,23.75625,26.11833293347735
1841.P16586,20,1841,1841:CUB027,female,hand,20260906,3,22.40685263385533,23.825,26.095284733047908
1841.F06598,20,1841,1841:CUB010,female,head,20260906,3,22.4768043558311,24.33125,22.538612325655098
1841.P15057,20,1841,1841:CUB036,female,hand,20260906,3,22.40685263385533,24.29375,25.508440462859422
10317.000051534,32,10317,10317:e6e5e53d1a49b2c6511917e62c6123eb734a4571e659825bd125323520a41405bcfee1e3c00e87a30d6cc80dd238a6b93e170970d11ec86eafa0326cdd2dcc04,male,head,20260906,3,43.290686067204994,45.25,48.93556749413648
1841.F06330,20,1841,1841:CUB027,female,head,20260906,3,22.4768043558311,23.2125,24.26494206201911
1841.F06335,21,1841,1841:CUB038,female,head,20260906,3,22.4768043558311,23.2625,22.440887646719872
1841.F06339,20,1841,1841:CUB010,female,head,20260906,3,22.4768043558311,23.45,22.915464079232862
1841.P15275,21,1841,1841:CUB038,female,hand,20260906,3,22.40685263385533,24.6125,26.010724186205564
1841.F05682,20,1841,1841:CUB027,female,head,20260906,3,22.4768043558311,23.2,23.123755410495928
1841.F05977,18,1841,1841:NCS232,female,head,20260906,3,22.4768043558311,25.3875,22.667748580760318
10317.000063224,27,10317,10317:d7b643e267e7874c9fe80600f02183b6cd3019f0fda406b979f05d309d5050c0a106d81fd0d61ac23e2600faaf7da552f0258df8aa6be5e41a39e6b37828c99d,female,head,20260906,3,48.56994081884291,36.66875,39.897806766055865
1841.P16349,21,1841,1841:NAU153,female,hand,20260906,3,22.40685263385533,22.70625,23.304981034765927
1841.P15070,20,1841,1841:CUB036,female,hand,20260906,3,22.40685263385533,23.85,26.07492369468915
1841.P15075,21,1841,1841:CUB038,female,hand,20260906,3,22.40685263385533,23.525,24.76900060727003
1841.P15250,20,1841,1841:CUB010,female,hand,20260906,3,22.40685263385533,23.2875,25.314262496894514
1841.P15252,21,1841,1841:CUB038,female,hand,20260906,3,22.40685263385533,24.5,26.29520933189403
1841.F06237,20,1841,1841:NAU119,male,head,20260906,3,25.09495752441992,22.68125,19.561744291458652
1841.P16287,32,1841,1841:NAU150,female,hand,20260906,3,22.40685263385533,26.53125,26.346859478946776
1841.F05400,22,1841,1841:NAU164,male,head,20260906,3,25.09495752441992,26.68125,22.356800985786517
10317.000049733,36,10317,10317:79bbc1c5c663e0434d917d65535beeb68d902da75556dbb9bc561129718387ed15c630d65f4716cbeb02ed871a1e5044d2cd04da381361681f4a0793ca85598d,male,hand,20260906,3,43.799197082700516,41.39375,44.549585951715834
10317.000049732,36,10317,10317:79bbc1c5c663e0434d917d65535beeb68d902da75556dbb9bc561129718387ed15c630d65f4716cbeb02ed871a1e5044d2cd04da381361681f4a0793ca85598d,male,hand,20260906,3,43.799197082700516,42.43125,45.6576713647169
1841.P15014,20,1841,1841:CUB036,female,hand,20260906,3,22.40685263385533,25.45625,26.03363695227064
1841.F06372,20,1841,1841:CUB010,female,head,20260906,3,22.4768043558311,27.7625,23.041582273002344
10317.000069015,24,10317,10317:5bdd4aaf66380106e9a8cb6501a1fb4b37d078e2284e7a3cc179877b6b0db9ae596a7d760657f364b5592c1578ae5b8068df09c4ebd6be82e32cfcd9e5fd6c55,male,head,20260906,3,43.290686067204994,35.59375,36.015291785449826
1841.P15602,21,1841,1841:NAU153,female,hand,20260906,3,22.40685263385533,21.53125,24.372975512395705
1841.P15940,20,1841,1841:CUB036,female,hand,20260906,3,22.40685263385533,23.83125,24.01133254441155
1841.P16078,25,1841,1841:NAU157,male,hand,20260906,3,25.03862499747077,26.09375,23.56941203408971
1841.F05180,32,1841,1841:NAU150,female,head,20260906,3,22.4768043558311,26.43125,26.97378433755855
10317.000003029,32,10317,10317:fa11b389cb9170b533e6a9c56b69f18fa8798f2970218ed97fe0be0906826592de8a478773a5037053f08aa21d349fcf39e64c85dbd26bd904614d8dd6335cae,male,head,20260906,3,43.290686067204994,44.0625,44.7176950744604
10317.000003025,44,10317,10317:99e188b8ec5527a3ad82cb7cca4318dabe62c69e2ab959f3d9bd68b4ac2521f3f32364757e49c2f7ee2f82a39fb74f6008ab75e1b82c5f6b2bf1ba4869f0b4ff,male,head,20260906,3,43.290686067204994,39.2,45.042408202904255
1841.P15039,20,1841,1841:CUB027,female,hand,20260906,3,22.40685263385533,22.3625,25.066070071534753
10317.000049768,66,10317,10317:5e5f5fc79a512a180eb0cd63fa75b7307715996b1aff58edbefb0ed0d6548904bf74f95a466efb9525a910f69150d98cfae7b1c55b9bf3e278b402a8439e8d4c,male,head,20260906,3,43.290686067204994,37.60625,40.11773843129232
10317.000049767,66,10317,10317:5e5f5fc79a512a180eb0cd63fa75b7307715996b1aff58edbefb0ed0d6548904bf74f95a466efb9525a910f69150d98cfae7b1c55b9bf3e278b402a8439e8d4c,male,hand,20260906,3,43.799197082700516,49.16875,48.76340852955049
10317.000049766,66,10317,10317:5e5f5fc79a512a180eb0cd63fa75b7307715996b1aff58edbefb0ed0d6548904bf74f95a466efb9525a910f69150d98cfae7b1c55b9bf3e278b402a8439e8d4c,male,hand,20260906,3,43.799197082700516,45.0375,42.954919247513565
10317.000005359,67,10317,10317:673c8ce01f6c4b5120fb00380499db5eeb6a2fb55f33a66a36d79a28f321105b432b54532ecd02900640e027e6baa65fe94b194fa11f3a0eaf97f6abf95c9417,unknown,head,20260906,3,41.31584625812665,42.3125,45.275702415073084
1841.P15295,20,1841,1841:CUB027,female,hand,20260906,3,22.40685263385533,23.05,24.484833696756628
1841.F05621,23,1841,1841:CUB013,male,head,20260906,3,25.09495752441992,26.09375,20.578711368216915
1841.F05447,25,1841,1841:NAU157,male,head,20260906,3,25.09495752441992,26.925,21.134776085028722
1841.F05445,21,1841,1841:NAU153,female,head,20260906,3,22.4768043558311,21.85625,22.912279328142578
1841.F06168,20,1841,1841:CUB036,female,head,20260906,3,22.4768043558311,21.93125,22.82217185282565
10317.000005262,28,10317,10317:9d5f397f06d407dcb0aa1ac134a406dcc9d133b7241030bf81c3cb01f3341e891530737a66d2693596ab16f97b05b66c20bc630d57221b89a0ecb2db01c1f747,male,head,20260906,3,43.290686067204994,42.6375,44.82812021461535
1841.P15600,32,1841,1841:NAU150,female,hand,20260906,3,22.40685263385533,27.06875,26.531262523723193
10317.000012183,20,10317,10317:dcec02861cff21f48d1c5f3ed86756b2b4a7b0454ada0eebaf563693a8cb77d2a15532e24b80dea64c7e2834c1e81a8c3544105283aac287a4f258b2e279673f,unknown,head,20260906,3,41.31584625812665,39.01875,42.4907691096613
1841.F05294,25,1841,1841:NAU157,male,head,20260906,3,25.09495752441992,26.0,20.520119335643102
1841.F05876,25,1841,1841:NAU157,male,head,20260906,3,25.09495752441992,23.1375,19.115437166896587
1841.P16508,20,1841,1841:CUB027,female,hand,20260906,3,22.40685263385533,22.86875,24.148574270741225
1841.P16059,20,1841,1841:NAU119,male,hand,20260906,3,25.03862499747077,23.0875,23.13933357171985
1841.P16506,21,1841,1841:CUB038,female,hand,20260906,3,22.40685263385533,23.05,22.14962429669305
10317.000030149,27,10317,10317:1a5e088d33b2528cfe40203fda9bfcd0dc35268782b9d69c13311dd8036aba48919cd2bc59d125b4622ddb34b727a0f4ee6ab054d9cba2d3fd100fcbe69d7a21,female,head,20260906,3,48.56994081884291,36.56875,44.71350313984272
10317.000023967,37,10317,10317:9992b77d3934e6dedb1d00b22ce9dc2dbe00f7d81c1170230af7cace8324f4a479f87014fc077e6d8426aed7c84ab99cb32e3b88919ce65bb012aef6e28c6a0a,male,head,20260906,3,43.290686067204994,44.5125,45.06738428279951
1841.F05467,21,1841,1841:NAU153,female,head,20260906,3,22.4768043558311,21.83125,22.63725453425584
1841.P16337,32,1841,1841:NAU150,female,hand,20260906,3,22.40685263385533,27.36875,26.355235161785405
1841.P15311,21,1841,1841:NCS229,male,hand,20260906,3,25.03862499747077,25.19375,21.56917281107672
1841.F06351,20,1841,1841:CUB036,female,head,20260906,3,22.4768043558311,22.10625,23.500752842060844
1841.P15783,22,1841,1841:NAU164,male,hand,20260906,3,25.03862499747077,27.1375,22.853027910827375
1841.F05665,21,1841,1841:CUB038,female,head,20260906,3,22.4768043558311,23.8875,25.660395189855784
1841.F05832,21,1841,1841:NAU153,female,head,20260906,3,22.4768043558311,22.61875,21.050020095622802
1841.P16014,32,1841,1841:NAU150,female,hand,20260906,3,22.40685263385533,23.45625,24.64158280265606
10317.000028937,50,10317,10317:4cd17ea33fe6b5736aded648ee2e6f2a14b3d6cfdc57435287f768540fd8a367a68d60e2f6cfbacb0a70e046163d74ba126bb1261c5a2fcd5f87bfd14bb4c7ae,female,head,20260906,3,48.56994081884291,46.80625,50.519936895549655
10317.000015978,66,10317,10317:414c5f35ed69875718a4e654e86d9ae09236801e1b9600a2d4851f548bd46eec37144f9d5a5816365a76c4dcc4550e15afddf35bb18d7f072fece2fae39cd58b,male,hand,20260906,3,43.799197082700516,47.9125,48.822483847708234
10317.000007829,37,10317,10317:33f6eb641f0e5c66654a93864fec0950724028557f530a644e104dc1d7f29bec16c25352f4cffae510cf433760537423b71c5a032a7e279e0c197c4df1d601a4,male,head,20260906,3,43.290686067204994,38.075,41.49082882619073
1841.P16228,32,1841,1841:NAU150,female,hand,20260906,3,22.40685263385533,24.31875,24.35987037435085
1841.P16227,21,1841,1841:NAU153,female,hand,20260906,3,22.40685263385533,22.1125,23.502245477456025
1841.P15132,18,1841,1841:NCS232,female,hand,20260906,3,22.40685263385533,24.9375,23.830113135267577
1841.F06557,20,1841,1841:CUB010,female,head,20260906,3,22.4768043558311,25.6625,23.90391857100588
1841.F05580,21,1841,1841:NAU153,female,head,20260906,3,22.4768043558311,22.725,23.196807658549414
1841.F06488,21,1841,1841:CUB038,female,head,20260906,3,22.4768043558311,26.9625,23.429561014158914
1841.P16565,21,1841,1841:CUB038,female,hand,20260906,3,22.40685263385533,22.26875,24.682702420952122
10317.000031912,54,10317,10317:0c3091f23d30ee5b470301f691493df51f63050506428f17d14304a92cb2773c926aa8302e810812195b2fb3442ae4405b25774e783a0dea0554adffa5e317c5,female,hand,20260906,3,50.18237238699654,42.4625,49.91063075120032
10317.000031910,54,10317,10317:0c3091f23d30ee5b470301f691493df51f63050506428f17d14304a92cb2773c926aa8302e810812195b2fb3442ae4405b25774e783a0dea0554adffa5e317c5,female,head,20260906,3,48.56994081884291,41.025,49.806298383101094
10317.000026072,42,10317,10317:d8c91d966b0e79c63575c2bf1ca811089c2e6f59c115850da307c43a39d0d4f9e3fea903d8a626f02f4f4d5d7f4da9fc7117333b148c82d8342d4ba550b09c59,female,head,20260906,3,48.56994081884291,43.70625,47.4733361190691
1841.F05110,20,1841,1841:NAU119,male,head,20260906,3,25.09495752441992,22.28125,21.19600689392953
10317.000063351,29,10317,10317:e8fffa963380c63cba1d064de83b3a91000831ddbab3f8b56168ee1903063a0900f0a9b07f79b2f4a728ad7af62c82a718d51b95ccc1f12d6d1d3ce257c151f7,female,hand,20260906,3,50.18237238699654,32.4875,36.154227962671825
2010.2690,26,2010,2010:33,female,head,20260906,3,27.51800760149863,24.4875,25.643096828377075
1841.F05567,22,1841,1841:NAU164,male,head,20260906,3,25.09495752441992,24.99375,21.332566771895777
1841.F06345,20,1841,1841:CUB036,female,head,20260906,3,22.4768043558311,22.4375,23.3308505213268
1841.F05170,25,1841,1841:NAU157,male,head,20260906,3,25.09495752441992,25.15,20.361333071844257
1841.P15392,21,1841,1841:NCS262,male,hand,20260906,3,25.03862499747077,23.0,21.855617270993367
10317.000005161,29,10317,10317:80ed9beefa64e1af619f5d370d79a21b435d10677f5b936ec3554234d47090f2a865337c8ff29f55d3cfc78a4c4fcf22efe713697872112639889bda9805a03e,male,head,20260906,3,43.290686067204994,47.30625,47.031818894825456
10317.000005160,29,10317,10317:80ed9beefa64e1af619f5d370d79a21b435d10677f5b936ec3554234d47090f2a865337c8ff29f55d3cfc78a4c4fcf22efe713697872112639889bda9805a03e,male,hand,20260906,3,43.799197082700516,47.18125,47.73400472868387
1841.F05543,22,1841,1841:NAU164,male,head,20260906,3,25.09495752441992,24.94375,20.975465579806826
1841.F05615,20,1841,1841:CUB027,female,head,20260906,3,22.4768043558311,23.91875,24.78429229149519
10317.000041062,33,10317,10317:cc7a72730c7716b41648ac90728f72eb759bd32caaa07b60e4db721abd907a2e38b19314c602ce3a7b19a7634037bd360e4d54c532513a267152129589e536de,male,hand,20260906,3,43.799197082700516,40.59375,41.434663446610124
1841.P15706,21,1841,1841:NAU153,female,hand,20260906,3,22.40685263385533,23.65,22.07857872928361
1841.P15707,21,1841,1841:NAU153,female,hand,20260906,3,22.40685263385533,22.38125,23.97482143045582
1841.F06208,25,1841,1841:NAU157,male,head,20260906,3,25.09495752441992,26.25,21.472104356505675
10317.000068998,29,10317,10317:fad8ec3f3e1d0020041ba9c117373e6abfd242b0ece7d768af390422eb907827a7ac8fb22732c500478dcf1ab82bd83ed997d23b1233bce38d043d35edf8f47c,unknown,hand,20260906,3,44.14776242496778,37.3125,37.21291559779832
10317.000068991,29,10317,10317:fad8ec3f3e1d0020041ba9c117373e6abfd242b0ece7d768af390422eb907827a7ac8fb22732c500478dcf1ab82bd83ed997d23b1233bce38d043d35edf8f47c,unknown,head,20260906,3,41.31584625812665,39.1875,43.94931900325312
1841.F06568,21,1841,1841:CUB038,female,head,20260906,3,22.4768043558311,22.14375,22.248184764250652
1841.F06563,20,1841,1841:CUB027,female,head,20260906,3,22.4768043558311,23.175,23.13330049119737
1841.P15515,20,1841,1841:NAU119,male,hand,20260906,3,25.03862499747077,22.1875,22.52029037664505
1841.P15513,25,1841,1841:NAU157,male,hand,20260906,3,25.03862499747077,32.25,22.967543761998137
1841.P15511,20,1841,1841:NAU119,male,hand,20260906,3,25.03862499747077,22.31875,22.434403622717504
10317.000010131,58,10317,10317:18f2e49afddb67b3c360c48826bfc2787ccc26e275825c6dd9afebc62893f5e57bcee0a02aedb777006db6eb53183d6c85508ad34d318c8120de7628c5f74232,female,head,20260906,3,48.56994081884291,45.7875,48.54196622936899
1841.P15724,32,1841,1841:NAU150,female,hand,20260906,3,22.40685263385533,27.79375,26.53724860784732
1841.P15727,25,1841,1841:NAU157,male,hand,20260906,3,25.03862499747077,26.55,21.48372334190735
1841.F06225,21,1841,1841:NAU153,female,head,20260906,3,22.4768043558311,22.2875,23.892535736216082
10317.000031898,34,10317,10317:f7d599694238b74a09daca6c98fc12816a2f8fb52871032650e28d1b3817096404a96c1f0c84c57d6c558db1c22e281e2af87b6fe26c5b1727f23ea6fd789556,male,head,20260906,3,43.290686067204994,37.39375,40.58077190152066
10317.000005221,40,10317,10317:1d0709acc0c4aa263f168023a3a96ba1e15b95b6c4da81b87f5ddab0fd7d047df0459ece7e25369bc5583a334c204f19a8ed16ff150ddaef72703a971dafa3b9,male,hand,20260906,3,43.799197082700516,40.6125,42.950319807738246
10317.000005222,40,10317,10317:1d0709acc0c4aa263f168023a3a96ba1e15b95b6c4da81b87f5ddab0fd7d047df0459ece7e25369bc5583a334c204f19a8ed16ff150ddaef72703a971dafa3b9,male,head,20260906,3,43.290686067204994,40.03125,42.04368254304213
10317.000009650,53,10317,10317:b565af2054e502f6e52e66e3de2b5e2199b3a8637ef66233b06e6fe02859801a1bae272653dde3b99ca69985f5434f1a2cdf4fde7507455f5740cc3df03b878c,female,head,20260906,3,48.56994081884291,42.95625,46.049960374318445
1841.F06505,20,1841,1841:CUB010,female,head,20260906,3,22.4768043558311,23.7625,23.07786933984064
1841.F06502,21,1841,1841:CUB038,female,head,20260906,3,22.4768043558311,22.6875,21.222068022405264
1841.F06503,20,1841,1841:CUB027,female,head,20260906,3,22.4768043558311,22.21875,23.131103357858947
1841.P15572,21,1841,1841:NAU153,female,hand,20260906,3,22.40685263385533,21.8875,23.988456218948116
10317.000020406,21,10317,10317:067f46a4c1905f4c5da538e403fcc7d5af159a01e7cf12222f38ba20baa75d47585bf073da073889ebf123e47d4d51985f22c2591db7d64cd298c3fefa779aaa,female,head,20260906,3,48.56994081884291,35.15,41.630978683055794
1841.P15963,20,1841,1841:CUB010,female,hand,20260906,3,22.40685263385533,25.3,24.716741687575215
1841.P15960,20,1841,1841:CUB036,female,hand,20260906,3,22.40685263385533,22.4875,23.987954149743327
1841.P15748,22,1841,1841:NAU164,male,hand,20260906,3,25.03862499747077,26.61875,23.284724557874927
10317.000063219,34,10317,10317:a392cbf64e250298f990fe6714ca17e38472972feee9471db99da4dfcfd1fe8b106d9ec41e004081362ba7728e8ac7a9d25f3b658d31bc856798d1c4eabb81c0,male,hand,20260906,3,43.799197082700516,36.1625,39.516367704852485
10317.000066831,29,10317,10317:7f8b5599423e74bb4268af85d143fbeed68370b2eaa79f6e6facbcf10974040d6ef4afefb5ff2aab1f618ba97f2eecc39b0621fb60a556425670ca9606d4aa0c,male,hand,20260906,3,43.799197082700516,34.5375,33.38026880156388
10317.000003320,68,10317,10317:296d3619f89620d7a1813eded08db85d465fbadcd5c992b8a0df0a8fa6163430bd5551d6a56e69f72d9f2bd4931877236ea9dc795fe08d7859973e3711bf2616,female,head,20260906,3,48.56994081884291,45.5,45.84706786548962
1841.P15081,21,1841,1841:CUB038,female,hand,20260906,3,22.40685263385533,27.73125,25.665344490360813
1841.P15080,20,1841,1841:CUB010,female,hand,20260906,3,22.40685263385533,22.56875,23.462479381993976
1841.P15226,20,1841,1841:CUB036,female,hand,20260906,3,22.40685263385533,25.3125,25.64666818644785
1841.F05075,20,1841,1841:NAU119,male,head,20260906,3,25.09495752441992,23.45625,20.843780510601658
10317.000031072,52,10317,10317:704472fc9c96c860a14513fc1c6660f72e2d159bd1dcf6011fcde0750d69d6ace9a9260923b171897ac72f33ec8c0d03721a0dcd0c676e8988974e6e22e4265a,male,hand,20260906,3,43.799197082700516,42.61875,46.339393362125946
1841.P15919,20,1841,1841:CUB027,female,hand,20260906,3,22.40685263385533,23.86875,25.551218886347094
1841.P15766,32,1841,1841:NAU150,female,hand,20260906,3,22.40685263385533,25.66875,24.696871250361916
1841.F06263,25,1841,1841:NAU157,male,head,20260906,3,25.09495752441992,29.3375,20.326408748179034
1841.F05604,20,1841,1841:CUB036,female,head,20260906,3,22.4768043558311,23.7,23.818009011425286
10317.000005260,28,10317,10317:9d5f397f06d407dcb0aa1ac134a406dcc9d133b7241030bf81c3cb01f3341e891530737a66d2693596ab16f97b05b66c20bc630d57221b89a0ecb2db01c1f747,male,hand,20260906,3,43.799197082700516,42.3625,46.50027681523305
10317.000005261,28,10317,10317:9d5f397f06d407dcb0aa1ac134a406dcc9d133b7241030bf81c3cb01f3341e891530737a66d2693596ab16f97b05b66c20bc630d57221b89a0ecb2db01c1f747,male,hand,20260906,3,43.799197082700516,43.05625,45.2852601915797
1841.P16332,25,1841,1841:NAU157,male,hand,20260906,3,25.03862499747077,27.4125,25.143438391004402
10317.000063303,26,10317,10317:9a079253652d16fa017050fd68017b646c3c734b4c96ca593236c537806682233e513b33fb850475266ef28a5c34e9297ffbd213ef416263b306bfae257d1aef,male,hand,20260906,3,43.799197082700516,34.66875,39.10965862194992
1841.P15206,20,1841,1841:CUB036,female,hand,20260906,3,22.40685263385533,22.3375,23.995680488703943
1841.P15202,20,1841,1841:CUB036,female,hand,20260906,3,22.40685263385533,25.975,25.930116155811284
1841.P16166,25,1841,1841:NAU157,male,hand,20260906,3,25.03862499747077,28.28125,22.71621479897712
1841.F06284,21,1841,1841:NAU153,female,head,20260906,3,22.4768043558311,22.425,23.612342174631937
1841.F06202,32,1841,1841:NAU150,female,head,20260906,3,22.4768043558311,28.425,26.663423119030927
10317.000004059,66,10317,10317:f57b4981ac785615aba8f290342788db9294e4ab6b643dfb22eed77da0a189aacfb59ca5f5cf63c481d99849f549972a540d8f2170fbc94b25f2f659ad1687d8,male,hand,20260906,3,43.799197082700516,42.80625,47.22562340353433
10317.000004058,66,10317,10317:f57b4981ac785615aba8f290342788db9294e4ab6b643dfb22eed77da0a189aacfb59ca5f5cf63c481d99849f549972a540d8f2170fbc94b25f2f659ad1687d8,male,head,20260906,3,43.290686067204994,45.00625,49.47375403714575
10317.000015015,41,10317,10317:ce1fd98484e30049ab6a9f362cff6bacde2a68b949d54142b56fe830f015c8ec656e789dfe4d793ec0abc652ccb025d8f245a86aa12b68a7664f1f34156f22d4,male,head,20260906,3,43.290686067204994,48.425,45.78267704440111
1841.P15047,20,1841,1841:CUB027,female,hand,20260906,3,22.40685263385533,22.775,23.67589282129719
1841.P16106,25,1841,1841:NAU157,male,hand,20260906,3,25.03862499747077,40.475,32.401008267947304
10317.000006972,61,10317,10317:71663baf1b46589d68296c0b2c93208b950a8d8f87dd95255336d0e162d3d45a6922f6512a1dbbbdecd027ff264b625773e6d10d54f1a7750050d3b813d4eadd,female,hand,20260906,3,50.18237238699654,38.51875,48.09156938193108
10317.000014510,36,10317,10317:afc4cc1e970ef3c7c09dfc377d86b8cb6dd2b6fc250e40ad216859b782525e9a89692b141ec60d853e30f94d919e6d74c8ef2a10c87061cbb48939ce1a8ab53a,female,head,20260906,3,48.56994081884291,39.6625,44.68718084538703
10317.000014513,43,10317,10317:945445118eb28a47d0311468e8170b2c68dd921cbb868623641758d82330a5f89defc8f3631f8c7f925da369315c0e442e1b32d12fae4688f05b9a40c0167080,male,head,20260906,3,43.290686067204994,37.03125,42.10374457762257
1841.P15908,21,1841,1841:CUB038,female,hand,20260906,3,22.40685263385533,23.1125,24.37514453765804
10317.000069022,23,10317,10317:5bdd4aaf66380106e9a8cb6501a1fb4b37d078e2284e7a3cc179877b6b0db9ae596a7d760657f364b5592c1578ae5b8068df09c4ebd6be82e32cfcd9e5fd6c55,male,hand,20260906,3,43.799197082700516,36.48125,37.95801564266543
1841.P15672,20,1841,1841:CUB036,female,hand,20260906,3,22.40685263385533,23.775,26.868202782847852
1841.P16426,20,1841,1841:NAU119,male,hand,20260906,3,25.03862499747077,22.975,21.906683999317725
1841.P16379,21,1841,1841:NAU153,female,hand,20260906,3,22.40685263385533,22.06875,24.231514791253858
1841.P16595,20,1841,1841:CUB010,female,hand,20260906,3,22.40685263385533,24.06875,23.08651052843441
10317.000063231,27,10317,10317:d7b643e267e7874c9fe80600f02183b6cd3019f0fda406b979f05d309d5050c0a106d81fd0d61ac23e2600faaf7da552f0258df8aa6be5e41a39e6b37828c99d,female,hand,20260906,3,50.18237238699654,37.575,41.869868658762925
1841.P15241,23,1841,1841:CUB013,male,hand,20260906,3,25.03862499747077,34.2375,23.759909480347357
2010.2516,26,2010,2010:33,female,head,20260906,3,27.51800760149863,33.9625,28.50050088966245
1841.P16290,21,1841,1841:NAU153,female,hand,20260906,3,22.40685263385533,21.79375,23.81536449816749
1841.F05415,20,1841,1841:NAU119,male,head,20260906,3,25.09495752441992,22.05625,20.732841284990126
1841.F05414,32,1841,1841:NAU150,female,head,20260906,3,22.4768043558311,24.6,22.961074646043343
1841.P16129,25,1841,1841:NAU157,male,hand,20260906,3,25.03862499747077,34.1625,25.71688144511098
10317.000005890,56,10317,10317:33ba8a7afe558034e3f527d8bcded781b3a03f65b84046973746dc39322e5974f8eea69a05cf01664cb731c14698655a03f89a9740b6d8a90c6d209b076ef538,male,hand,20260906,3,43.799197082700516,42.1,44.861441904436674
10317.000063212,34,10317,10317:a392cbf64e250298f990fe6714ca17e38472972feee9471db99da4dfcfd1fe8b106d9ec41e004081362ba7728e8ac7a9d25f3b658d31bc856798d1c4eabb81c0,male,head,20260906,3,43.290686067204994,33.5625,39.13916299793779
10317.000031935,40,10317,10317:1975e7358673c93bbe5c29e1d1c529a83458e54503ca2e451dd8757d3f8bb013669586401169beb5fc69b14ab9cb93ec3b7361560a74fadc26bf03b377c16c85,female,head,20260906,3,48.56994081884291,38.125,45.419367558675155
1841.F05455,21,1841,1841:NAU153,female,head,20260906,3,22.4768043558311,22.7875,22.521369810765734
1841.P15580,23,1841,1841:NAU100,male,hand,20260906,3,25.03862499747077,25.1,20.39335404862005
1841.P16354,22,1841,1841:NAU164,male,hand,20260906,3,25.03862499747077,28.85625,24.521345574497705
10317.000005363,67,10317,10317:673c8ce01f6c4b5120fb00380499db5eeb6a2fb55f33a66a36d79a28f321105b432b54532ecd02900640e027e6baa65fe94b194fa11f3a0eaf97f6abf95c9417,unknown,hand,20260906,3,44.14776242496778,44.5125,48.00316232186592
1841.F05433,32,1841,1841:NAU150,female,head,20260906,3,22.4768043558311,25.05,22.40554721668938
1841.F05432,32,1841,1841:NAU150,female,head,20260906,3,22.4768043558311,25.71875,24.035119185614104
1841.F05434,20,1841,1841:NAU119,male,head,20260906,3,25.09495752441992,23.35625,21.264975742323088
10317.000049729,36,10317,10317:79bbc1c5c663e0434d917d65535beeb68d902da75556dbb9bc561129718387ed15c630d65f4716cbeb02ed871a1e5044d2cd04da381361681f4a0793ca85598d,male,head,20260906,3,43.290686067204994,41.75625,42.876629325534054
1841.P15022,20,1841,1841:CUB010,female,hand,20260906,3,22.40685263385533,23.44375,23.83574354426898
1841.P15021,20,1841,1841:CUB027,female,hand,20260906,3,22.40685263385533,22.09375,25.565636755752827
10317.000015293,29,10317,10317:fac33038e7fdc9cea92cfafa3a1c3f21658eba746fdc582552dc90cf29de5130fdb07560083b3745b42ab1b35c0098ade96b984095fd4c6ab41f086f38fdf732,male,head,20260906,3,43.290686067204994,42.11875,43.477107062063745
10317.000015292,29,10317,10317:fac33038e7fdc9cea92cfafa3a1c3f21658eba746fdc582552dc90cf29de5130fdb07560083b3745b42ab1b35c0098ade96b984095fd4c6ab41f086f38fdf732,male,hand,20260906,3,43.799197082700516,40.6125,42.97087615718926
10317.000015291,29,10317,10317:fac33038e7fdc9cea92cfafa3a1c3f21658eba746fdc582552dc90cf29de5130fdb07560083b3745b42ab1b35c0098ade96b984095fd4c6ab41f086f38fdf732,male,hand,20260906,3,43.799197082700516,45.45,43.97444485604224
1841.P16251,20,1841,1841:NAU119,male,hand,20260906,3,25.03862499747077,23.13125,20.80839918698152
1841.P16257,25,1841,1841:NAU157,male,hand,20260906,3,25.03862499747077,26.7,21.590420827191295
1841.F05848,21,1841,1841:NAU153,female,head,20260906,3,22.4768043558311,22.475,22.74754686947683
1841.P16063,22,1841,1841:NAU164,male,hand,20260906,3,25.03862499747077,28.54375,22.484616026707883
10317.000030487,69,10317,10317:08b8c7c89d71fbf3c7c45e4e838c5e9f6a9275be245ff743f08495d4e80cd9e519926d3080aa03f7db3b66c131808ba6bc500ce102040e341c7b930462457631,female,head,20260906,3,48.56994081884291,45.7625,48.92318346789767
10317.000009540,53,10317,10317:58d4b73b2478e68af9ec6ecd6f84a5c5b12f4bc9800c9f70889f2bf166a48e6c18a19edff402e2d4ba36c6c10a1cb0f060bef325706d3ec31b9f0e301d253e1a,female,head,20260906,3,48.56994081884291,49.08125,52.48249748043631
1841.F06439,20,1841,1841:CUB027,female,head,20260906,3,22.4768043558311,23.05625,24.1583032862864
1841.F06589,20,1841,1841:CUB027,female,head,20260906,3,22.4768043558311,23.625,25.867234814686793
1841.F05611,20,1841,1841:CUB036,female,head,20260906,3,22.4768043558311,24.275,24.443127160267533
1841.P16276,32,1841,1841:NAU150,female,hand,20260906,3,22.40685263385533,25.58125,25.854006779124678
1841.P16270,32,1841,1841:NAU150,female,hand,20260906,3,22.40685263385533,26.3625,25.84522860842085
1841.F05476,25,1841,1841:NAU157,male,head,20260906,3,25.09495752441992,24.6375,20.350981186649793
1841.F05645,21,1841,1841:CUB038,female,head,20260906,3,22.4768043558311,23.33125,23.34940356004989
1841.P16180,32,1841,1841:NAU150,female,hand,20260906,3,22.40685263385533,27.35625,26.051378966389876
1841.P16182,20,1841,1841:NAU119,male,hand,20260906,3,25.03862499747077,23.60625,23.079070304683665
1841.F05640,20,1841,1841:CUB036,female,head,20260906,3,22.4768043558311,25.21875,24.09767305947858
1841.F05288,25,1841,1841:NAU157,male,head,20260906,3,25.09495752441992,24.0,19.1796388290712
1841.F05287,25,1841,1841:NAU157,male,head,20260906,3,25.09495752441992,26.0,20.228566345117514
1841.F05866,22,1841,1841:NAU164,male,head,20260906,3,25.09495752441992,27.48125,22.257099895239087
1841.F05867,25,1841,1841:NAU157,male,head,20260906,3,25.09495752441992,30.0875,21.17850715129139
1841.F06419,20,1841,1841:CUB036,female,head,20260906,3,22.4768043558311,23.30625,24.43992833798604
1841.F06417,20,1841,1841:CUB010,female,head,20260906,3,22.4768043558311,24.25,22.334780144768406
10317.000005651,65,10317,10317:5e5f5fc79a512a180eb0cd63fa75b7307715996b1aff58edbefb0ed0d6548904bf74f95a466efb9525a910f69150d98cfae7b1c55b9bf3e278b402a8439e8d4c,male,hand,20260906,3,43.799197082700516,51.875,50.494467038984624
10317.000005650,65,10317,10317:5e5f5fc79a512a180eb0cd63fa75b7307715996b1aff58edbefb0ed0d6548904bf74f95a466efb9525a910f69150d98cfae7b1c55b9bf3e278b402a8439e8d4c,male,hand,20260906,3,43.799197082700516,49.6125,50.280882629997095
10317.000005652,65,10317,10317:5e5f5fc79a512a180eb0cd63fa75b7307715996b1aff58edbefb0ed0d6548904bf74f95a466efb9525a910f69150d98cfae7b1c55b9bf3e278b402a8439e8d4c,male,head,20260906,3,43.290686067204994,48.50625,48.71732756005688
1841.F05502,20,1841,1841:CUB010,female,head,20260906,3,22.4768043558311,22.775,23.09871876763912
1841.P15790,25,1841,1841:NAU157,male,hand,20260906,3,25.03862499747077,25.875,21.223439343427543
1841.P15792,20,1841,1841:NAU119,male,hand,20260906,3,25.03862499747077,23.44375,21.51125078969497
1841.P15797,21,1841,1841:NAU153,female,hand,20260906,3,22.40685263385533,22.54375,23.27944928556041
1841.P16530,20,1841,1841:CUB010,female,hand,20260906,3,22.40685263385533,22.51875,23.09564165897385
1841.P16214,25,1841,1841:NAU157,male,hand,20260906,3,25.03862499747077,28.99375,22.7386018123968
1841.P16213,25,1841,1841:NAU157,male,hand,20260906,3,25.03862499747077,27.3625,20.476918674881624
1841.F05802,25,1841,1841:NAU157,male,head,20260906,3,25.09495752441992,24.10625,20.02939561450468
1841.F06472,22,1841,1841:CUB007,female,head,20260906,4,22.4658076549923,22.74375,21.81262765329234
10317.000004984,61,10317,10317:4fcea5cd0a1bce2d5eabe662e771f90edf941650014bd56668c6086d789fa2cff4cfcf939a865e51ba74bb1cbabc385ec9acbcc1b41ee41e0ddd437171849719,female,head,20260906,4,48.1236528470322,42.53125,47.65477481719267
1841.F05126,21,1841,1841:NAU154,female,head,20260906,4,22.4658076549923,24.56875,25.77906601285432
1841.P16237,22,1841,1841:NAU130,female,hand,20260906,4,22.482219411252427,21.91875,23.767891125474844
1841.P16234,20,1841,1841:NAU121,female,hand,20260906,4,22.482219411252427,24.11875,26.57391001724622
1841.P16496,27,1841,1841:NCS214,male,hand,20260906,4,24.252474280971093,25.29375,22.446870615508377
1841.P16494,23,1841,1841:NCS203,female,hand,20260906,4,22.482219411252427,26.13125,25.792494078422607
1841.P15336,23,1841,1841:NCS203,female,hand,20260906,4,22.482219411252427,25.8125,25.474109679214326
1841.P15145,19,1841,1841:NCS233,male,hand,20260906,4,24.252474280971093,25.08125,21.81391314221386
1841.F05825,20,1841,1841:NAU115,male,head,20260906,4,24.56398828627261,23.29375,20.489475632404346
1841.F05350,21,1841,1841:NCS247,unknown,head,20260906,4,23.650338406507238,24.3,19.87506788405474
1841.F05828,32,1841,1841:NAU102,unknown,head,20260906,4,23.650338406507238,22.45625,18.773287275851807
10317.000006913,50,10317,10317:9efe5bb96e044b67cb80fc4069443555b8751175a7004a0a040349274f4aeacaa0bdcc77fe15bf3b071a944c2c9d4c02decf67f559f2a2d31615e4e98ed3e904,unknown,head,20260906,4,39.22927163620456,43.025,41.39484194465145
1841.P16554,20,1841,1841:CUB037,female,hand,20260906,4,22.482219411252427,25.55,28.781169388092305
1841.F05109,21,1841,1841:NAU124,female,head,20260906,4,22.4658076549923,21.64375,23.280649270654262
1841.F05106,37,1841,1841:NAU148,male,head,20260906,4,24.56398828627261,24.475,17.17685816518939
2010.2046,34,2010,2010:25,female,head,20260906,4,27.631891342884863,38.01875,32.97705526623937
1841.P15125,19,1841,1841:NCS233,male,hand,20260906,4,24.252474280971093,26.8625,21.62461541742817
1841.P15122,27,1841,1841:NCS214,male,hand,20260906,4,24.252474280971093,28.75,23.527737635062273
1841.F05373,19,1841,1841:NCS233,male,head,20260906,4,24.56398828627261,22.64375,17.589176868913736
1841.P16577,29,1841,1841:CUB011,female,hand,20260906,4,22.482219411252427,23.25625,25.35452563149267
10317.000014679,45,10317,10317:766b16ee6b65383664f73d4720f92c408604f3862a3ca0910ef13758df6833a4e132f7a6a180a0e66a7a0de4de722b7c7dcbbdfe09b051de250e1c70364291e9,female,head,20260906,4,48.1236528470322,39.90625,44.10658753361731
1841.F06504,20,1841,1841:CUB037,female,head,20260906,4,22.4658076549923,23.1125,22.78009428202523
10317.000005637,32,10317,10317:8e6d5660e04b428afe96bc9b82f94ffbde8b593ec7e7a39e6d802ccde219bc29f29c18ff10e18b4c6a067ce34878d5cc2b0addc2b1e539d565c014f00b4d3452,unknown,hand,20260906,4,47.362923531878906,38.85,42.84466117069153
10317.000005636,32,10317,10317:8e6d5660e04b428afe96bc9b82f94ffbde8b593ec7e7a39e6d802ccde219bc29f29c18ff10e18b4c6a067ce34878d5cc2b0addc2b1e539d565c014f00b4d3452,unknown,hand,20260906,4,47.362923531878906,40.5125,40.975478312368566
10317.000005634,32,10317,10317:8e6d5660e04b428afe96bc9b82f94ffbde8b593ec7e7a39e6d802ccde219bc29f29c18ff10e18b4c6a067ce34878d5cc2b0addc2b1e539d565c014f00b4d3452,unknown,head,20260906,4,39.22927163620456,36.91875,40.24327117675798
1841.F05162,21,1841,1841:NAU161,male,head,20260906,4,24.56398828627261,25.06875,19.23080531517853
1841.F06552,21,1841,1841:CUB044,male,head,20260906,4,24.56398828627261,21.8625,17.995893459385925
1841.F06005,27,1841,1841:NCS253,female,head,20260906,4,22.4658076549923,29.4375,27.415493081509215
1841.F06559,21,1841,1841:CUB044,male,head,20260906,4,24.56398828627261,27.375,20.965151509551834
1841.F06558,29,1841,1841:CUB011,female,head,20260906,4,22.4658076549923,24.325,23.09051675302166
1841.P15435,19,1841,1841:NCS241,female,hand,20260906,4,22.482219411252427,25.2125,25.832067765533527
10317.000015151,25,10317,10317:bf103398cbf34d2fdf0ce89d2a4729ec061457ba078a27fff88e775557fa7a6206e6693e016f411dfc8700f10c5787107d76b31f1914db25cee356c3ffb2ee1c,male,hand,20260906,4,43.1489490231802,40.975,41.633606870291814
1841.F05570,20,1841,1841:NAU121,female,head,20260906,4,22.4658076549923,21.91875,21.61445079044962
1841.F05409,22,1841,1841:NAU133,male,head,20260906,4,24.56398828627261,27.0625,21.490890862388806
1841.P15719,22,1841,1841:NAU133,male,hand,20260906,4,24.252474280971093,27.3625,20.076794080851975
1841.P15714,22,1841,1841:NAU130,female,hand,20260906,4,22.482219411252427,21.8,23.63286040875824
1841.P15716,21,1841,1841:NAU154,female,hand,20260906,4,22.482219411252427,25.25,23.67873430025637
1841.F05145,20,1841,1841:NAU115,male,head,20260906,4,24.56398828627261,22.55,19.70273965673989
1841.P16439,23,1841,1841:NCS203,female,hand,20260906,4,22.482219411252427,28.2125,29.27775494323984
1841.F05505,20,1841,1841:NAU115,male,head,20260906,4,24.56398828627261,22.63125,19.055991342943162
1841.F06575,21,1841,1841:CUB044,male,head,20260906,4,24.56398828627261,24.45625,19.646044757117732
2010.1488,27,2010,2010:1,female,head,20260906,4,27.631891342884863,40.225,30.580223529616614
1841.F05555,21,1841,1841:NAU161,male,head,20260906,4,24.56398828627261,23.4,19.179344871176752
1841.F05882,21,1841,1841:NAU151,male,head,20260906,4,24.56398828627261,23.5625,19.674298619647978
1841.F06461,20,1841,1841:CUB037,female,head,20260906,4,22.4658076549923,22.88125,21.556461085230545
1841.P16473,19,1841,1841:NCS233,male,hand,20260906,4,24.252474280971093,23.525,20.147752813367738
1841.P15735,21,1841,1841:NAU124,female,hand,20260906,4,22.482219411252427,21.84375,24.358105961625704
1841.P15733,21,1841,1841:NAU161,male,hand,20260906,4,24.252474280971093,23.18125,20.71984331291399
1841.P15731,22,1841,1841:NAU133,male,hand,20260906,4,24.252474280971093,23.4875,21.714861224343984
1841.F06212,20,1841,1841:NAU115,male,head,20260906,4,24.56398828627261,23.525,18.656714802299806
1841.F06216,20,1841,1841:NAU121,female,head,20260906,4,22.4658076549923,23.5375,21.72828536512064
10317.000002497,37,10317,10317:247ebb14f6dfcf8839f209aeb66c1f16f579162fc35aab08f18db6328b9ebbe7785cbc9394ed8d5c92ea65a93f9129469fbd86e96009e7e4f2ac54540bbf9d4f,male,head,20260906,4,41.097687556358494,39.25625,40.51864908489229
1841.P16414,23,1841,1841:NCS203,female,hand,20260906,4,22.482219411252427,24.73125,25.6679618021578
1841.P16413,27,1841,1841:NCS253,female,hand,20260906,4,22.482219411252427,26.05,27.598147451215283
2010.2027,34,2010,2010:25,female,head,20260906,4,27.631891342884863,37.875,28.680124779496442
2010.1617,28,2010,2010:13,female,head,20260906,4,27.631891342884863,39.96875,30.902197695910615
1841.P16579,21,1841,1841:CUB044,male,hand,20260906,4,24.252474280971093,24.6375,22.09260401306993
10317.000063188,38,10317,10317:441ac85e1bd02fd74bfe5cd7d33fc7e79af9e5986e7d55e177b00f2dadef7b37442c83e626aa9eec53feaf0e250a42f14f03b147a269cd1c57142e99e994ff08,male,head,20260906,4,41.097687556358494,40.4375,36.699052770581154
2010.2255,22,2010,2010:27,female,head,20260906,4,27.631891342884863,38.91875,29.13605619242281
1841.P15506,20,1841,1841:NAU115,male,hand,20260906,4,24.252474280971093,23.55,19.74556530833858
1841.P15507,32,1841,1841:NAU102,unknown,hand,20260906,4,23.49497228466003,24.2375,22.10660655238824
1841.F05532,22,1841,1841:NAU130,female,head,20260906,4,22.4658076549923,21.54375,21.65296048357633
1841.F05656,21,1841,1841:CUB044,male,head,20260906,4,24.56398828627261,27.8625,20.12692493830804
1841.P16088,22,1841,1841:NAU133,male,hand,20260906,4,24.252474280971093,24.33125,24.72578785092676
1841.P16085,20,1841,1841:NAU115,male,hand,20260906,4,24.252474280971093,21.98125,20.516917892952566
1841.F06181,29,1841,1841:CUB011,female,head,20260906,4,22.4658076549923,24.16875,21.152880910164793
1841.P15747,20,1841,1841:NAU121,female,hand,20260906,4,22.482219411252427,24.35,26.867186435063463
1841.P15966,29,1841,1841:CUB011,female,hand,20260906,4,22.482219411252427,23.5375,26.676298259643733
1841.F06247,21,1841,1841:NAU124,female,head,20260906,4,22.4658076549923,25.53125,25.557594029453078
1841.F06536,20,1841,1841:CUB037,female,head,20260906,4,22.4658076549923,22.25625,22.720770585674494
1841.P15562,21,1841,1841:NAU161,male,hand,20260906,4,24.252474280971093,23.05625,20.508618181738488
2010.1402,27,2010,2010:1,female,head,20260906,4,27.631891342884863,41.7375,27.749872510155118
1841.P15777,20,1841,1841:NAU121,female,hand,20260906,4,22.482219411252427,22.84375,24.529210521092395
1841.F06259,20,1841,1841:NAU121,female,head,20260906,4,22.4658076549923,22.86875,23.38342527191889
1841.P15569,20,1841,1841:NAU121,female,hand,20260906,4,22.482219411252427,22.23125,24.818659756671355
1841.F06253,20,1841,1841:NAU121,female,head,20260906,4,22.4658076549923,23.94375,23.755070269145826
1841.F06250,20,1841,1841:NAU121,female,head,20260906,4,22.4658076549923,23.50625,23.215388579948147
1841.P15563,20,1841,1841:NAU121,female,hand,20260906,4,22.482219411252427,22.425,24.871178021555426
1841.P16451,22,1841,1841:NAU130,female,hand,20260906,4,22.482219411252427,22.13125,23.79588833295482
1841.P16322,21,1841,1841:NAU161,male,hand,20260906,4,24.252474280971093,22.2,20.20471716446096
1841.P16327,32,1841,1841:NAU102,unknown,hand,20260906,4,23.49497228466003,31.025,21.195056792471025
1841.F05517,20,1841,1841:NAU121,female,head,20260906,4,22.4658076549923,23.625,23.517703931215365
1841.F05512,32,1841,1841:NAU102,unknown,head,20260906,4,23.650338406507238,24.5625,19.60118111547235
2010.1653,28,2010,2010:13,female,head,20260906,4,27.631891342884863,42.95625,31.874768709790267
10317.000003085,53,10317,10317:8665422eb8a1ffd2fa3c26bdc0bd4cb3cd47439a5631922ac7af3c45be2274db8dfab19dc80c4bb5237d7035d95768044a90af2a19499f5e5af50d527a6174c7,female,hand,20260906,4,51.09643925685862,44.76875,48.790816917796946
1841.F06299,22,1841,1841:NAU133,male,head,20260906,4,24.56398828627261,24.14375,19.21818165958987
1841.F06085,23,1841,1841:NCS203,female,head,20260906,4,22.4658076549923,26.33125,23.01879887003448
1841.P15093,22,1841,1841:CUB007,female,hand,20260906,4,22.482219411252427,23.05625,23.785355093015625
1841.F05060,23,1841,1841:NCS203,female,head,20260906,4,22.4658076549923,27.26875,24.18353120576098
1841.F05063,23,1841,1841:NCS203,female,head,20260906,4,22.4658076549923,24.775,22.86717720487735
1841.F05065,23,1841,1841:NCS203,female,head,20260906,4,22.4658076549923,31.24375,23.342433368742764
1841.F05068,23,1841,1841:NCS203,female,head,20260906,4,22.4658076549923,27.025,23.937453667935493
1841.F05937,19,1841,1841:NCS233,male,head,20260906,4,24.56398828627261,22.33125,20.173487805776976
1841.P16158,22,1841,1841:NAU133,male,hand,20260906,4,24.252474280971093,27.8375,24.836735078349648
1841.P16462,27,1841,1841:NCS253,female,hand,20260906,4,22.482219411252427,36.6375,28.53407016571537
1841.P15939,22,1841,1841:CUB007,female,hand,20260906,4,22.482219411252427,25.5,27.124271000857732
1841.F06270,22,1841,1841:NAU130,female,head,20260906,4,22.4658076549923,22.65625,21.247375847844783
1841.F06271,37,1841,1841:NAU148,male,head,20260906,4,24.56398828627261,24.4,19.344468933570084
10317.000015308,36,10317,10317:feea3e83f7040193068cefe3fbcc20f2ea1091f85bfe70ce251294e52b9fe96590bdfd79bae84e89f8a0e8adb68da76d13e4c631cd02e8440870e7ffa4c40c5d,female,head,20260906,4,48.1236528470322,40.49375,44.16971140532473
1841.P16306,20,1841,1841:NAU115,male,hand,20260906,4,24.252474280971093,21.7125,20.156430822420948
1841.P15211,20,1841,1841:CUB037,female,hand,20260906,4,22.482219411252427,23.80625,24.830151824266835
1841.P15216,22,1841,1841:CUB007,female,hand,20260906,4,22.482219411252427,21.83125,24.706134951895898
1841.P15217,20,1841,1841:CUB037,female,hand,20260906,4,22.482219411252427,23.64375,24.510345636652435
1841.F05004,23,1841,1841:NCS203,female,head,20260906,4,22.4658076549923,24.975,23.125027225984443
1841.F05003,27,1841,1841:NCS253,female,head,20260906,4,22.4658076549923,36.1,24.968149923245864
2010.2149,22,2010,2010:27,female,head,20260906,4,27.631891342884863,38.10625,28.580169972070532
1841.F05910,19,1841,1841:NCS233,male,head,20260906,4,24.56398828627261,23.00625,19.75409673062977
1841.P16175,21,1841,1841:NAU161,male,hand,20260906,4,24.252474280971093,22.55,21.796383953068737
1841.F05430,20,1841,1841:NAU115,male,head,20260906,4,24.56398828627261,22.13125,18.831454120244288
1841.F06293,22,1841,1841:NAU133,male,head,20260906,4,24.56398828627261,24.65,19.090550096310402
1841.F06290,22,1841,1841:NAU133,male,head,20260906,4,24.56398828627261,23.7125,19.943186927303422
1841.F06296,37,1841,1841:NAU148,male,head,20260906,4,24.56398828627261,26.4625,20.9184327010208
1841.F06294,37,1841,1841:NAU148,male,head,20260906,4,24.56398828627261,25.2375,21.863160898431175
1841.P15914,29,1841,1841:CUB011,female,hand,20260906,4,22.482219411252427,22.66875,25.472126478055532
1841.P15775,20,1841,1841:NAU115,male,hand,20260906,4,24.252474280971093,22.575,22.244881825298066
10317.000040126,46,10317,10317:103ec97d34a8daf110102310e23be292392f51db75531458f8f135039cb11fbaeed1ebd8c2cbfd97772d62c72352ab5c467dccf59885d5c82f03531039a41827,female,head,20260906,4,48.1236528470322,41.13125,46.401228186657434
1841.P16365,32,1841,1841:NAU102,unknown,hand,20260906,4,23.49497228466003,23.825,19.50239685913334
1841.P16367,22,1841,1841:NAU130,female,hand,20260906,4,22.482219411252427,22.40625,23.707058279577566
1841.P16362,20,1841,1841:NAU115,male,hand,20260906,4,24.252474280971093,21.76875,20.5437395853356
1841.P16369,21,1841,1841:NAU154,female,hand,20260906,4,22.482219411252427,24.025,25.31083318799845
1841.P16589,21,1841,1841:CUB044,male,hand,20260906,4,24.252474280971093,24.20625,21.79067014916732
10317.000051536,37,10317,10317:ff0768b01a1b6fd95f392b3c03b42f32fff2e917781b9ebb95b1bc13edfb801fc07ff383bd863ecb6e436ef6280bcfe138564e3de25075730af8842b4f95ecab,female,head,20260906,4,48.1236528470322,46.48125,47.505415728940136
1841.P15585,37,1841,1841:NAU148,male,hand,20260906,4,24.252474280971093,22.59375,19.767919975501457
10317.000005457,48,10317,10317:9f89ce9cb3dd20b1b698031ff7eb1f66511855e4c05edd9fc525916e365f4d81ff5e46e5432e82c4e4cc62f66a9167138f3bce9a784b0404333ee6c82e195bd6,male,hand,20260906,4,43.1489490231802,43.7375,45.51348469821817
1841.F05024,27,1841,1841:NCS253,female,head,20260906,4,22.4658076549923,35.6,26.21047617604014
1841.F05680,22,1841,1841:CUB007,female,head,20260906,4,22.4658076549923,24.95625,23.096761901930037
1841.F05686,20,1841,1841:CUB037,female,head,20260906,4,22.4658076549923,24.9,24.031399597003468
1841.P15556,21,1841,1841:CUB044,male,hand,20260906,4,24.252474280971093,31.03125,27.305909069784896
1841.P15559,21,1841,1841:NAU154,female,hand,20260906,4,22.482219411252427,22.6,23.42294149075844
1841.F05974,27,1841,1841:NCS214,male,head,20260906,4,24.56398828627261,30.4875,22.52173815819177
2010.1319,27,2010,2010:1,female,head,20260906,4,27.631891342884863,39.0875,30.679894808120512
10317.000013240,61,10317,10317:a84b06b11ebbd693b0e846d7e1ba1453494db9a71f5caf6fec89add9c1975ce94b16e1f8ac9b930f61e3219bcfc133702ec58308eee167152209a8c2852123c9,male,head,20260906,4,41.097687556358494,42.51875,42.705165597453956
1841.F06106,21,1841,1841:CUB044,male,head,20260906,4,24.56398828627261,23.09375,19.175839300764842
10317.000005021,30,10317,10317:2c781cf584aee5d39efce29589579b7dd2febe3a4bfa62c60433de1447518df5880335cd63d2437a93a394f955e59f77d49504cf3a905aa0691d531a5832b69b,female,hand,20260906,4,51.09643925685862,42.40625,48.07516454189245
1841.P16452,27,1841,1841:NCS253,female,hand,20260906,4,22.482219411252427,29.18125,27.581361629662634
10317.000005458,47,10317,10317:9f89ce9cb3dd20b1b698031ff7eb1f66511855e4c05edd9fc525916e365f4d81ff5e46e5432e82c4e4cc62f66a9167138f3bce9a784b0404333ee6c82e195bd6,male,head,20260906,4,41.097687556358494,38.45625,45.31831578552991
1841.F05256,21,1841,1841:NAU161,male,head,20260906,4,24.56398828627261,23.33125,20.817549141298567
1841.P15071,20,1841,1841:CUB037,female,hand,20260906,4,22.482219411252427,22.45625,23.258746481012476
1841.F06316,22,1841,1841:CUB007,female,head,20260906,4,22.4658076549923,22.16875,22.55276226456864
1841.P15257,20,1841,1841:CUB037,female,hand,20260906,4,22.482219411252427,24.1,24.005327872949383
1841.P15251,21,1841,1841:CUB044,male,hand,20260906,4,24.252474280971093,30.1125,24.091910625064493
10317.000068806,30,10317,10317:219fdff6b9dcec67c1aa0b866cb025d68ac35295256f63c520911912293fe0849d61cd408675c0305a5c92df708363f8172fc8e6969982b5a49c4e44d28547fb,female,hand,20260906,4,51.09643925685862,44.35,48.82529701653839
1841.P16288,37,1841,1841:NAU148,male,hand,20260906,4,24.252474280971093,27.94375,22.276077489200365
1841.P16284,22,1841,1841:NAU133,male,hand,20260906,4,24.252474280971093,22.30625,22.233506130039924
1841.F05405,37,1841,1841:NAU148,male,head,20260906,4,24.56398828627261,24.9125,21.07643160831757
1841.F05408,21,1841,1841:NAU154,female,head,20260906,4,22.4658076549923,23.8875,24.6165987376184
10317.000005420,54,10317,10317:d63484fec8c78056306a841bf283219a2f4dd6eb40568afb6e401ef1dd5a23f563b4e42b92eda0d4b87cc502d1158abf83fac1a38b7a4166f4374fd6ec75beaa,female,head,20260906,4,48.1236528470322,40.525,44.4539706741421
10317.000005421,54,10317,10317:d63484fec8c78056306a841bf283219a2f4dd6eb40568afb6e401ef1dd5a23f563b4e42b92eda0d4b87cc502d1158abf83fac1a38b7a4166f4374fd6ec75beaa,female,hand,20260906,4,51.09643925685862,38.6875,47.04956623235452
1841.P16324,21,1841,1841:NAU151,male,hand,20260906,4,24.252474280971093,24.51875,24.233329590936254
1841.P16454,23,1841,1841:NCS203,female,hand,20260906,4,22.482219411252427,30.64375,28.55666154090925
1841.F06377,21,1841,1841:CUB044,male,head,20260906,4,24.56398828627261,22.95,19.034596673457713
2010.2868,23,2010,2010:39,female,head,20260906,4,27.631891342884863,30.0875,26.721692990470014
10317.000049839,69,10317,10317:c9253f884608fc319fe8569e8e2979bb54c91a0e0d3c4ff7a4b8f149c7372a1c77029903e0508684d15d336da510bcc78d1e9c1aecbf85c0b6bc664b85990a20,female,hand,20260906,4,51.09643925685862,46.71875,54.09835143348725
1841.P15355,23,1841,1841:NCS203,female,hand,20260906,4,22.482219411252427,29.4125,28.384938682766414
1841.P15604,21,1841,1841:CUB044,male,hand,20260906,4,24.252474280971093,22.225,22.004372218198355
1841.F05421,22,1841,1841:NAU130,female,head,20260906,4,22.4658076549923,23.99375,24.557741988736666
1841.F05423,21,1841,1841:NAU161,male,head,20260906,4,24.56398828627261,23.1375,19.406904975606945
1841.F05424,20,1841,1841:NAU121,female,head,20260906,4,22.4658076549923,23.13125,21.150617572956683
1841.F05426,21,1841,1841:NAU124,female,head,20260906,4,22.4658076549923,22.6125,22.013647816340892
2010.2800,23,2010,2010:39,female,head,20260906,4,27.631891342884863,26.7375,25.681475965517997
1841.P16079,22,1841,1841:NAU130,female,hand,20260906,4,22.482219411252427,22.09375,23.73901292939168
1841.P15350,27,1841,1841:NCS253,female,hand,20260906,4,22.482219411252427,24.8625,27.40665435444382
1841.P15031,21,1841,1841:CUB044,male,hand,20260906,4,24.252474280971093,23.15,21.168564098811437
1841.F06426,22,1841,1841:CUB007,female,head,20260906,4,22.4658076549923,23.7375,22.634563048557087
1841.F05457,37,1841,1841:NAU148,male,head,20260906,4,24.56398828627261,23.6,17.50817343982574
10317.000004928,55,10317,10317:169fc8e4a87bbb9fd81677779eb46fc8c4e57700e8a9fe6448edd4c1b573f6c2885cef43b7349fe9fa37dfd3379bc8b84b536aefeb7c6610a495bc898a20d1b7,female,hand,20260906,4,51.09643925685862,38.60625,47.37986795107135
1841.F05980,27,1841,1841:NCS214,male,head,20260906,4,24.56398828627261,32.94375,23.631436030540986
1841.P16244,37,1841,1841:NAU148,male,hand,20260906,4,24.252474280971093,24.71875,24.300800853948896
1841.F05993,19,1841,1841:NCS233,male,head,20260906,4,24.56398828627261,25.24375,20.05981628070271
1841.F05995,27,1841,1841:NCS214,male,head,20260906,4,24.56398828627261,28.35,22.822772725116884
1841.F05858,21,1841,1841:NAU161,male,head,20260906,4,24.56398828627261,22.5,18.88246104700604
10317.000040147,34,10317,10317:338bb7890bb4108f90b5027f8ffed6cd6fd3fb3d5a8f0bfa9f16a9dc184403e392c5429f663b0c7929ed1a431187e38fb9303f5d93da105fda803ec085f157e6,male,head,20260906,4,41.097687556358494,40.16875,39.97104545854458
1841.P15993,21,1841,1841:CUB044,male,hand,20260906,4,24.252474280971093,25.7125,21.21829097391239
1841.P15996,22,1841,1841:CUB007,female,hand,20260906,4,22.482219411252427,25.75,26.49630727149888
1841.P15192,19,1841,1841:NCS233,male,hand,20260906,4,24.252474280971093,23.3625,22.568084684981415
2010.2828,23,2010,2010:39,female,head,20260906,4,27.631891342884863,25.06875,24.848281024399054
1841.F05293,32,1841,1841:NAU102,unknown,head,20260906,4,23.650338406507238,25.5,20.479996113837387
10317.000048386,59,10317,10317:7e311968682a8a9e2268ae2d13c8b70ca7ce45f11d29b24932473b816f814e56f115793ba0ca9a91710fda8ae01664aab7b94207e18484fb0b45616cab408ea5,female,head,20260906,4,48.1236528470322,51.21875,52.04362149914997
10317.000048387,59,10317,10317:7e311968682a8a9e2268ae2d13c8b70ca7ce45f11d29b24932473b816f814e56f115793ba0ca9a91710fda8ae01664aab7b94207e18484fb0b45616cab408ea5,female,hand,20260906,4,51.09643925685862,40.5625,48.697115110245086
10317.000048388,21,10317,10317:30d7ca7c505d10cb4c76c0443a75de8f2f826d67386377db4fa33b8983b7e1be84ec36794891a1993f919a1c5c528a78e39e90c8c94320bc3b555e3aa3643685,female,head,20260906,4,48.1236528470322,45.61875,51.52152733286028
10317.000048389,21,10317,10317:30d7ca7c505d10cb4c76c0443a75de8f2f826d67386377db4fa33b8983b7e1be84ec36794891a1993f919a1c5c528a78e39e90c8c94320bc3b555e3aa3643685,female,hand,20260906,4,51.09643925685862,42.46875,49.4411539220724
1841.P15801,20,1841,1841:NAU121,female,hand,20260906,4,22.482219411252427,21.70625,23.775729299166425
10317.000010743,57,10317,10317:e3d63efad86b6ba5702575dbdf508760336727d94a56fa3563ac83a3936884e3760920dec88797bbb8362b8e7199a290f7746e80e9991d22fa187e1e4b2b0f25,male,head,20260906,4,41.097687556358494,44.9125,45.58739916483204
1841.F06406,20,1841,1841:CUB037,female,head,20260906,4,22.4658076549923,22.35625,21.648152508454995
1841.F06400,29,1841,1841:CUB011,female,head,20260906,4,22.4658076549923,24.5125,25.825121272743424
1841.F05601,20,1841,1841:CUB037,female,head,20260906,4,22.4658076549923,23.21875,22.782573089118337
1841.F05607,20,1841,1841:CUB037,female,head,20260906,4,22.4658076549923,22.14375,21.119005985246744
1841.P16262,20,1841,1841:NAU121,female,hand,20260906,4,22.482219411252427,24.8125,26.333314766407476
1841.F05463,21,1841,1841:NAU124,female,head,20260906,4,22.4658076549923,22.95625,23.63665395573626
1841.P16199,21,1841,1841:NAU161,male,hand,20260906,4,24.252474280971093,23.5875,22.28359335559127
2010.1394,27,2010,2010:1,female,head,20260906,4,27.631891342884863,38.40625,28.083352635081937
1841.P16440,23,1841,1841:NCS203,female,hand,20260906,4,22.482219411252427,24.9125,25.667640021808275
10317.000005419,54,10317,10317:d63484fec8c78056306a841bf283219a2f4dd6eb40568afb6e401ef1dd5a23f563b4e42b92eda0d4b87cc502d1158abf83fac1a38b7a4166f4374fd6ec75beaa,female,hand,20260906,4,51.09643925685862,40.38125,47.5624179858428
10317.000040124,46,10317,10317:103ec97d34a8daf110102310e23be292392f51db75531458f8f135039cb11fbaeed1ebd8c2cbfd97772d62c72352ab5c467dccf59885d5c82f03531039a41827,female,hand,20260906,4,51.09643925685862,38.49375,46.094444783267676
1841.P15171,27,1841,1841:NCS214,male,hand,20260906,4,24.252474280971093,29.71875,24.520098870701197
1841.P15172,19,1841,1841:NCS233,male,hand,20260906,4,24.252474280971093,22.49375,20.80983664024599
1841.F05818,22,1841,1841:NAU130,female,head,20260906,4,22.4658076549923,22.0125,21.89927995231686
1841.F05814,32,1841,1841:NAU102,unknown,head,20260906,4,23.650338406507238,24.0625,20.01281487681746
1841.F05817,20,1841,1841:NAU115,male,head,20260906,4,24.56398828627261,22.875,19.282668803021917
1841.F05816,21,1841,1841:NAU154,female,head,20260906,4,22.4658076549923,24.375,25.03085266599963
1841.F05810,32,1841,1841:NAU102,unknown,head,20260906,4,23.650338406507238,21.8375,18.13908409180894
1841.F06396,20,1841,1841:CUB037,female,head,20260906,4,22.4658076549923,22.975,22.506068358290985
1841.F06393,22,1841,1841:CUB007,female,head,20260906,4,22.4658076549923,21.65625,21.3936691329934
1841.P15614,21,1841,1841:CUB044,male,hand,20260906,4,24.252474280971093,24.71875,22.77035627550302
1841.P15347,27,1841,1841:NCS253,female,hand,20260906,4,22.482219411252427,27.925,28.11674883151774
1841.F05957,18,1841,1841:NCS221,female,head,20260906,4,22.4658076549923,25.81875,23.204358930361394
1841.P15782,22,1841,1841:NAU133,male,hand,20260906,4,24.252474280971093,23.63125,21.14840807934081
1841.P15787,37,1841,1841:NAU148,male,hand,20260906,4,24.252474280971093,24.93125,20.409536407433297
1841.P15784,21,1841,1841:NAU154,female,hand,20260906,4,22.482219411252427,23.625,26.119539843442382
1841.P15785,22,1841,1841:NAU130,female,hand,20260906,4,22.482219411252427,22.44375,24.333747893488955
1841.P15788,22,1841,1841:NAU130,female,hand,20260906,4,22.482219411252427,21.43125,24.08947075381861
1841.P15789,21,1841,1841:NAU161,male,hand,20260906,4,24.252474280971093,23.36875,21.21352798882183
1841.P16204,37,1841,1841:NAU148,male,hand,20260906,4,24.252474280971093,25.9,18.58861168387111
1841.F05481,22,1841,1841:NAU130,female,head,20260906,4,22.4658076549923,22.65625,21.433778393788653
1841.P15159,27,1841,1841:NCS214,male,hand,20260906,4,24.252474280971093,27.6375,24.626362422279893
1841.P15158,19,1841,1841:NCS233,male,hand,20260906,4,24.252474280971093,24.375,21.699887517822557
1841.P15156,27,1841,1841:NCS214,male,hand,20260906,4,24.252474280971093,25.7,21.432798196025644
10317.000027703,68,10317,10317:f4417cf9261b7cf7eafdfa7c1e4c2f0b04b7f6a0a74833597eb9f455b64175009de471b6099ea840835964becfbbea46fda6746deaeb30cc1b29201c1259072e,male,head,20260906,4,41.097687556358494,43.70625,42.7476114854577
1841.P15152,19,1841,1841:NCS233,male,hand,20260906,4,24.252474280971093,30.29375,25.354989014291995
1841.F05343,21,1841,1841:NAU154,female,head,20260906,4,22.4658076549923,25.78125,23.1619839724749
1841.F05838,32,1841,1841:NAU102,unknown,head,20260906,4,23.650338406507238,23.33125,18.701780663241667
2010.1218,27,2010,2010:1,female,head,20260906,4,27.631891342884863,38.2625,28.691667485685393
1841.F06445,21,1841,1841:CUB044,male,head,20260906,4,24.56398828627261,23.3125,20.1054312356018
1841.F05136,22,1841,1841:NAU130,female,head,20260906,4,22.4658076549923,21.95,23.056732346899597
1841.P16229,20,1841,1841:NAU121,female,hand,20260906,4,22.482219411252427,22.80625,25.714463299703265
1841.P16225,37,1841,1841:NAU148,male,hand,20260906,4,24.252474280971093,27.16875,20.731192738667932
1841.P16482,27,1841,1841:NCS253,female,hand,20260906,4,22.482219411252427,28.14375,28.84713162626918
1841.P15109,27,1841,1841:NCS214,male,hand,20260906,4,24.252474280971093,33.31875,24.970161026698133
1841.P15105,18,1841,1841:NCS221,female,hand,20260906,4,22.482219411252427,27.13125,26.778550650238145
1841.F05845,22,1841,1841:NAU133,male,head,20260906,4,24.56398828627261,23.225,19.462483549023887
1841.P15130,19,1841,1841:NCS233,male,hand,20260906,4,24.252474280971093,25.14375,20.234919783182512
10317.000003299,61,10317,10317:e7639c4697365b2cdd0af17e85e19fae656bebe2ca231e4057397460de8a06886fbdc663413a68e30c542241a5d4a8765a2affefbadf0e387eda6d67a72749a0,male,head,20260906,4,41.097687556358494,42.125,42.4999100650983
1841.F06059,27,1841,1841:NCS253,female,head,20260906,4,22.4658076549923,28.075,25.320192651666414
1841.F06055,27,1841,1841:NCS253,female,head,20260906,4,22.4658076549923,33.63125,29.083324309584796
1841.P15683,29,1841,1841:CUB011,female,hand,20260906,4,22.482219411252427,23.86875,25.709350231156005
1841.F05583,22,1841,1841:NAU133,male,head,20260906,4,24.56398828627261,23.0875,18.63235212237288
1841.F05588,21,1841,1841:NAU124,female,head,20260906,4,22.4658076549923,22.175,23.532734863349095
1841.F05361,24,1841,1841:NCS245,female,head,20260906,4,22.4658076549923,26.03125,22.947713338216715
1841.F06484,22,1841,1841:CUB007,female,head,20260906,4,22.4658076549923,22.5125,21.86431700200142
1841.P16561,21,1841,1841:CUB044,male,hand,20260906,4,24.252474280971093,23.9375,23.607317366838984
2010.2946,23,2010,2010:39,female,head,20260906,4,27.631891342884863,24.95625,24.516905972383363
1841.F05111,20,1841,1841:NAU121,female,head,20260906,4,22.4658076549923,23.88125,22.387877686662087
1841.F05113,21,1841,1841:NAU124,female,head,20260906,4,22.4658076549923,25.36875,26.98967601165412
1841.F05116,21,1841,1841:NAU124,female,head,20260906,4,22.4658076549923,22.81875,24.98177789796017
1841.P15279,22,1841,1841:CUB007,female,hand,20260906,4,22.482219411252427,24.6625,26.328471500705348
1841.P15117,27,1841,1841:NCS214,male,hand,20260906,4,24.252474280971093,30.9375,24.939498306515738
1841.P15114,27,1841,1841:NCS214,male,hand,20260906,4,24.252474280971093,25.88125,23.52877101036084
1841.F06039,23,1841,1841:NCS203,female,head,20260906,4,22.4658076549923,26.5875,22.6827500049519
1841.P15803,21,1841,1841:NAU154,female,hand,20260906,4,22.482219411252427,23.4125,24.335361602341617
1841.F05569,20,1841,1841:NAU115,male,head,20260906,4,24.56398828627261,21.91875,17.733860088367923
1841.F05568,37,1841,1841:NAU148,male,head,20260906,4,24.56398828627261,23.925,19.528593056771005
1841.F05560,21,1841,1841:NAU154,female,head,20260906,4,22.4658076549923,22.26875,21.9979117306275
1841.F05562,21,1841,1841:NAU124,female,head,20260906,4,22.4658076549923,23.40625,23.86650338962186
1841.F05565,20,1841,1841:NAU121,female,head,20260906,4,22.4658076549923,22.35625,22.338416680519263
10317.000015152,25,10317,10317:bf103398cbf34d2fdf0ce89d2a4729ec061457ba078a27fff88e775557fa7a6206e6693e016f411dfc8700f10c5787107d76b31f1914db25cee356c3ffb2ee1c,male,hand,20260906,4,43.1489490231802,40.99375,43.462801029749166
1841.P15195,19,1841,1841:NCS233,male,hand,20260906,4,24.252474280971093,23.75625,21.728825665738253
10317.000015154,25,10317,10317:bf103398cbf34d2fdf0ce89d2a4729ec061457ba078a27fff88e775557fa7a6206e6693e016f411dfc8700f10c5787107d76b31f1914db25cee356c3ffb2ee1c,male,head,20260906,4,41.097687556358494,39.49375,38.79085784413037
1841.F06437,21,1841,1841:CUB044,male,head,20260906,4,24.56398828627261,26.16875,19.573361490052374
1841.F05314,23,1841,1841:NCS203,female,head,20260906,4,22.4658076549923,27.925,24.778591951167243
10317.000033403,37,10317,10317:8a84e546f33305e110f2059f0c1a87a533d58f09e3ae2fd4519dcf3418d8d566956b23eebebef879dda59b2ae8ba5c775acf7a5181d6b381697b949a1c8cefc6,male,head,20260906,4,41.097687556358494,42.375,41.88141042118824
10317.000038318,45,10317,10317:3b7d34b44f72e95e00448cb043d5340d44117ce7280c30460dfe394894b0822d4c1583a47eb25eb49e50c149a7e5dc6a736132da19792ffbd2156208e0e9cebf,male,head,20260906,4,41.097687556358494,45.4125,43.47652383726225
1841.F06548,20,1841,1841:CUB037,female,head,20260906,4,22.4658076549923,24.50625,24.15031176740852
1841.P15395,23,1841,1841:NCS203,female,hand,20260906,4,22.482219411252427,29.55,27.790198108245864
1841.P15399,19,1841,1841:NCS233,male,hand,20260906,4,24.252474280971093,23.10625,20.729434150660346
10317.000005167,60,10317,10317:c05d316c7a234de92fd6181929f128efb782363ffe6c343358fc3ab402b473dbf8a8138a22044ea3b02099711ecfa77358776132a3ed110a1b2153eeb178378a,male,head,20260906,4,41.097687556358494,43.54375,44.4722915593617
10317.000005166,60,10317,10317:c05d316c7a234de92fd6181929f128efb782363ffe6c343358fc3ab402b473dbf8a8138a22044ea3b02099711ecfa77358776132a3ed110a1b2153eeb178378a,male,hand,20260906,4,43.1489490231802,48.29375,48.91107418851439
10317.000005165,60,10317,10317:c05d316c7a234de92fd6181929f128efb782363ffe6c343358fc3ab402b473dbf8a8138a22044ea3b02099711ecfa77358776132a3ed110a1b2153eeb178378a,male,hand,20260906,4,43.1489490231802,49.6625,50.30521792656124
10317.000012382,48,10317,10317:d4747c80cbabfa6a118ab9e828a6e01176aee5c6477c84e90565dd41303cee3f4da5c8eb4c5a5b1abcf05c6ade5c8588fb990c110d1249108ffee63923f0759d,male,hand,20260906,4,43.1489490231802,39.26875,40.718660598577976
1841.F05542,21,1841,1841:CUB044,male,head,20260906,4,24.56398828627261,25.00625,19.417409552571204
1841.P15533,22,1841,1841:NAU130,female,hand,20260906,4,22.482219411252427,21.9125,24.08958725634821
1841.P15532,21,1841,1841:NAU154,female,hand,20260906,4,22.482219411252427,22.74375,23.997704808656547
1841.P15537,20,1841,1841:NAU115,male,hand,20260906,4,24.252474280971093,25.00625,22.378864491405228
1841.F05891,20,1841,1841:NAU121,female,head,20260906,4,22.4658076549923,21.7375,22.937966910905075
1841.F05328,19,1841,1841:NCS208,female,head,20260906,4,22.4658076549923,25.78125,25.451209711820315
10317.000015283,61,10317,10317:6cafcd38bd5d8a7ae3e097e4e76d4ec0177aa5a4b23e460bcf27496334ea6f015f92f32d33219a9b3815853580c7fa17f6fff3d39827358ac992dd98bc09b99f,male,head,20260906,4,41.097687556358494,43.5375,42.86416184569522
10317.000015285,61,10317,10317:6cafcd38bd5d8a7ae3e097e4e76d4ec0177aa5a4b23e460bcf27496334ea6f015f92f32d33219a9b3815853580c7fa17f6fff3d39827358ac992dd98bc09b99f,male,hand,20260906,4,43.1489490231802,43.2125,44.83900800709757
1841.P15709,21,1841,1841:NAU161,male,hand,20260906,4,24.252474280971093,23.26875,21.28255328111083
1841.F06201,37,1841,1841:NAU148,male,head,20260906,4,24.56398828627261,25.175,16.18352152811781
1841.F06205,21,1841,1841:NAU124,female,head,20260906,4,22.4658076549923,22.725,23.873696203075802
10317.000028314,57,10317,10317:22d2760f969511df810ec5b468e81eb97e8822f3d303b2f72a874ee4196f9a705e1460b3be27a0a183fa9f8847872de4f8bf255567a7def57c62e260e4d758f0,male,head,20260906,4,41.097687556358494,39.5625,39.80444766719956
1841.F05158,22,1841,1841:NAU133,male,head,20260906,4,24.56398828627261,25.1875,20.46086856091921
1841.P16184,32,1841,1841:NAU102,unknown,hand,20260906,4,23.49497228466003,22.3,20.92605459290762
10317.000049004,28,10317,10317:1c1595cde947e2229328634b1257ec5f5c6bf890d5eb88d65618fda2567f5b28fe935303746ce0cd8771db48dc0a929a39b186bfef9fe0ee516d2a408a7ff58d,female,hand,20260906,4,51.09643925685862,35.35625,46.03949362464092
10317.000049005,28,10317,10317:1c1595cde947e2229328634b1257ec5f5c6bf890d5eb88d65618fda2567f5b28fe935303746ce0cd8771db48dc0a929a39b186bfef9fe0ee516d2a408a7ff58d,female,hand,20260906,4,51.09643925685862,37.4125,46.19390567981948
10317.000049008,28,10317,10317:1c1595cde947e2229328634b1257ec5f5c6bf890d5eb88d65618fda2567f5b28fe935303746ce0cd8771db48dc0a929a39b186bfef9fe0ee516d2a408a7ff58d,female,head,20260906,4,48.1236528470322,42.20625,47.14855762371034
1841.P15519,20,1841,1841:NAU121,female,hand,20260906,4,22.482219411252427,26.60625,25.030102114207885
1841.F05523,20,1841,1841:NAU115,male,head,20260906,4,24.56398828627261,24.60625,18.970998580145196
1841.P16093,21,1841,1841:NAU124,female,hand,20260906,4,22.482219411252427,22.86875,26.911629654789227
1841.P16094,37,1841,1841:NAU148,male,hand,20260906,4,24.252474280971093,24.79375,19.308781877314694
1841.P15720,21,1841,1841:NAU124,female,hand,20260906,4,22.482219411252427,23.45,23.118423769533656
1841.F06224,37,1841,1841:NAU148,male,head,20260906,4,24.56398828627261,26.19375,16.110500426409647
1841.P16401,21,1841,1841:NAU124,female,hand,20260906,4,22.482219411252427,23.275,26.78123847213759
1841.P16404,23,1841,1841:NCS203,female,hand,20260906,4,22.482219411252427,26.13125,27.31775158775052
1841.F06507,22,1841,1841:CUB007,female,head,20260906,4,22.4658076549923,21.23125,21.188195055848162
1841.F06500,29,1841,1841:CUB011,female,head,20260906,4,22.4658076549923,24.275,24.588705704619617
10317.000063196,38,10317,10317:441ac85e1bd02fd74bfe5cd7d33fc7e79af9e5986e7d55e177b00f2dadef7b37442c83e626aa9eec53feaf0e250a42f14f03b147a269cd1c57142e99e994ff08,male,hand,20260906,4,43.1489490231802,45.16875,44.907105836175056
1841.F05548,22,1841,1841:NAU130,female,head,20260906,4,22.4658076549923,22.4875,21.36180323524926
1841.F05091,27,1841,1841:NCS253,female,head,20260906,4,22.4658076549923,28.3875,28.429596826205348
1841.P15579,21,1841,1841:NAU124,female,hand,20260906,4,22.482219411252427,24.25,25.809587830827365
1841.P15570,20,1841,1841:NAU115,male,hand,20260906,4,24.252474280971093,24.45,19.908033787460628
1841.P15573,21,1841,1841:NAU124,female,hand,20260906,4,22.482219411252427,23.95625,25.46074402971232
1841.F05053,27,1841,1841:NCS253,female,head,20260906,4,22.4658076549923,30.60625,26.67489493133375
1841.F05056,21,1841,1841:NAU161,male,head,20260906,4,24.56398828627261,25.3375,19.8831891231978
1841.P15361,27,1841,1841:NCS253,female,hand,20260906,4,22.482219411252427,27.43125,29.93282798295001
1841.F06242,37,1841,1841:NAU148,male,head,20260906,4,24.56398828627261,27.99375,20.055320007664506
1841.F05268,37,1841,1841:NAU148,male,head,20260906,4,24.56398828627261,24.50625,18.182776829545062
1841.F05894,20,1841,1841:NAU115,male,head,20260906,4,24.56398828627261,25.0125,18.219292865340385
1841.F05321,27,1841,1841:NCS253,female,head,20260906,4,22.4658076549923,30.5,28.22485661638956
1841.F06523,22,1841,1841:CUB007,female,head,20260906,4,22.4658076549923,23.2,21.897713239737648
1841.P15223,29,1841,1841:CUB011,female,hand,20260906,4,22.482219411252427,22.4,24.745035207165785
1841.P15550,22,1841,1841:NAU130,female,hand,20260906,4,22.482219411252427,21.7625,23.669266674734946
1841.F05389,19,1841,1841:NCS241,female,head,20260906,4,22.4658076549923,24.41875,22.905604175883198
1841.F05925,27,1841,1841:NCS214,male,head,20260906,4,24.56398828627261,29.73125,23.50460123177681
1841.F05927,19,1841,1841:NCS233,male,head,20260906,4,24.56398828627261,24.00625,17.39767648404022
10317.000063279,30,10317,10317:891ba49891c93e012ced08e68550251a74e2939dbec3af58e67b97d73d2d0f32fd7530e785db3ae620b3a125927c31d18d0e6c08bfe00778a19646a44083e9e7,male,hand,20260906,4,43.1489490231802,39.7375,38.088779660117495
10317.000012954,63,10317,10317:9d63053308a543f47f4cbdce91e1eacc49775ab0a34b4fe6f4f120e15d3d44f6915ce2e76324bbbb7aba1077216d23ad37b43118ddc87124bf0fd47327d12161,female,head,20260906,4,48.1236528470322,47.6875,49.13786680593997
1841.P16267,20,1841,1841:NAU121,female,hand,20260906,4,22.482219411252427,23.6625,25.993330883650675
1841.P16445,21,1841,1841:NAU161,male,hand,20260906,4,24.252474280971093,24.35,20.681653301808318
1841.F05465,21,1841,1841:NAU154,female,head,20260906,4,22.4658076549923,24.0,21.879320767214878
1841.F05012,27,1841,1841:NCS214,male,head,20260906,4,24.56398828627261,26.6875,21.27003530287016
1841.F05907,19,1841,1841:NCS233,male,head,20260906,4,24.56398828627261,22.95,19.35549438561945
1841.F05903,27,1841,1841:NCS214,male,head,20260906,4,24.56398828627261,27.50625,21.526671404374092
1841.F05901,19,1841,1841:NCS233,male,head,20260906,4,24.56398828627261,25.01875,23.613897499142546
1841.P16160,32,1841,1841:NAU102,unknown,hand,20260906,4,23.49497228466003,21.79375,20.436582034534464
1841.F06285,21,1841,1841:NAU154,female,head,20260906,4,22.4658076549923,22.8,24.160141760897893
1841.F06287,21,1841,1841:NAU161,male,head,20260906,4,24.56398828627261,23.63125,20.315766854545675
1841.F05226,32,1841,1841:NAU102,unknown,head,20260906,4,23.650338406507238,24.10625,18.86617835601562
10317.000023667,41,10317,10317:4f4512f9ca8dd41284a2463c8496ef3405ebc0188c8fcb1bacb236d71b61de04174823da6ad26715031b7936e03c152bc15cd335c36b25dee976cfdc089dd6e2,male,head,20260906,4,41.097687556358494,44.1625,43.57780648948891
1841.P16311,32,1841,1841:NAU102,unknown,hand,20260906,4,23.49497228466003,23.1875,21.232562376930154
1841.P16312,37,1841,1841:NAU148,male,hand,20260906,4,24.252474280971093,22.825,19.318186370734683
1841.P16317,21,1841,1841:NAU154,female,hand,20260906,4,22.482219411252427,23.48125,23.417379755357537
1841.P15041,22,1841,1841:CUB007,female,hand,20260906,4,22.482219411252427,22.43125,24.429948784556984
1841.P15043,21,1841,1841:CUB044,male,hand,20260906,4,24.252474280971093,23.5875,22.01986479608337
10317.000002722,67,10317,10317:552862a47c1f4572c6de06ef045a0b5dfe8124f8167b59fc9e3602a42e27303ea444e307e4d303917535cb422622610350e6897ddbc33a1a70a49944b51adc14,male,head,20260906,4,41.097687556358494,40.34375,40.426894728953116
1841.P15269,21,1841,1841:CUB044,male,hand,20260906,4,24.252474280971093,31.3625,22.61316981351133
1841.P15598,22,1841,1841:NAU133,male,hand,20260906,4,24.252474280971093,33.40625,25.743758688278003
10317.000068854,31,10317,10317:8d85619d1e25428067315418f5821569f94dd8cc697ce5e8952a81c8abc325ca2f69b743c1d3539e71093dc8dadc81905dc33874b12ef6d990d55c610bfb1eb3,male,hand,20260906,4,43.1489490231802,34.7125,37.88065694681568
1841.F05030,19,1841,1841:NCS233,male,head,20260906,4,24.56398828627261,25.95,19.1942374260635
1841.F05036,22,1841,1841:NAU130,female,head,20260906,4,22.4658076549923,22.73125,22.599927325267547
1841.F05964,19,1841,1841:NCS233,male,head,20260906,4,24.56398828627261,24.3875,20.28885276808206
1841.P16101,20,1841,1841:NAU121,female,hand,20260906,4,22.482219411252427,24.25,25.68282643414071
1841.P16103,21,1841,1841:NAU154,female,hand,20260906,4,22.482219411252427,21.73125,23.58594039106597
1841.P16102,21,1841,1841:NAU124,female,hand,20260906,4,22.482219411252427,23.075,24.096080724508994
1841.F06119,21,1841,1841:CUB044,male,head,20260906,4,24.56398828627261,22.66875,19.254275596895447
10317.000068847,30,10317,10317:8d85619d1e25428067315418f5821569f94dd8cc697ce5e8952a81c8abc325ca2f69b743c1d3539e71093dc8dadc81905dc33874b12ef6d990d55c610bfb1eb3,male,head,20260906,4,41.097687556358494,36.0375,37.300539222606986
1841.P15904,20,1841,1841:CUB037,female,hand,20260906,4,22.482219411252427,23.3125,23.161313900900314
1841.F05200,22,1841,1841:NAU133,male,head,20260906,4,24.56398828627261,24.15625,19.11067349976598
1841.F05202,21,1841,1841:NAU161,male,head,20260906,4,24.56398828627261,23.8375,20.841658307514734
1841.P16395,22,1841,1841:NAU130,female,hand,20260906,4,22.482219411252427,22.54375,25.464904195846877
1841.P16377,22,1841,1841:NAU133,male,hand,20260906,4,24.252474280971093,31.4,26.809595500960384
1841.P16371,20,1841,1841:NAU121,female,hand,20260906,4,22.482219411252427,22.725,26.663180954979097
1841.P16397,32,1841,1841:NAU102,unknown,hand,20260906,4,23.49497228466003,22.61875,21.414490380324242
1841.P16378,20,1841,1841:NAU115,male,hand,20260906,4,24.252474280971093,21.65625,20.686992266135142
1841.F05885,37,1841,1841:NAU148,male,head,20260906,4,24.56398828627261,23.74375,18.67998641374447
1841.F06585,29,1841,1841:CUB011,female,head,20260906,4,22.4658076549923,22.91875,22.7829524143516
1841.F06582,21,1841,1841:CUB044,male,head,20260906,4,24.56398828627261,27.1375,20.037852486527527
1841.P15067,22,1841,1841:CUB007,female,hand,20260906,4,22.482219411252427,26.30625,25.64454541844423
10317.000003385,57,10317,10317:e36b03fa22764e26a56edd5b75a454e7ebf99d597c381d00186fa32b482bff3046c06024a335a9f1c29fb95217a131573eb7860fa709d5a472294e56d5762d4c,female,head,20260906,4,48.1236528470322,47.38125,51.90022522879103
1841.F06326,29,1841,1841:CUB011,female,head,20260906,4,22.4658076549923,22.5,22.456801163548608
1841.P16294,21,1841,1841:NAU161,male,hand,20260906,4,24.252474280971093,26.1875,22.322291397253448
1841.P16297,22,1841,1841:NAU133,male,hand,20260906,4,24.252474280971093,26.35625,23.44708008191945
1841.P16296,21,1841,1841:NAU154,female,hand,20260906,4,22.482219411252427,26.09375,25.17806055606211
1841.P16293,22,1841,1841:NAU133,male,hand,20260906,4,24.252474280971093,22.4625,21.037086129085267
2010.2114,34,2010,2010:25,female,head,20260906,4,27.631891342884863,38.43125,27.926169467395464
1841.F05419,20,1841,1841:NAU121,female,head,20260906,4,22.4658076549923,22.6,22.086943169546537
10317.000068799,30,10317,10317:219fdff6b9dcec67c1aa0b866cb025d68ac35295256f63c520911912293fe0849d61cd408675c0305a5c92df708363f8172fc8e6969982b5a49c4e44d28547fb,female,head,20260906,4,48.1236528470322,41.2625,47.890013174944094
1841.P16034,21,1841,1841:NAU161,male,hand,20260906,4,24.252474280971093,22.91875,21.72462706992288
1841.P15005,29,1841,1841:CUB011,female,hand,20260906,4,22.482219411252427,24.18125,26.823927336313794
1841.P15004,20,1841,1841:CUB037,female,hand,20260906,4,22.482219411252427,22.1,23.27397729952044
1841.F06303,20,1841,1841:CUB037,female,head,20260906,4,22.4658076549923,23.16875,21.303219647286504
10317.000049840,69,10317,10317:c9253f884608fc319fe8569e8e2979bb54c91a0e0d3c4ff7a4b8f149c7372a1c77029903e0508684d15d336da510bcc78d1e9c1aecbf85c0b6bc664b85990a20,female,hand,20260906,4,51.09643925685862,45.94375,52.67166589253922
10317.000049841,69,10317,10317:c9253f884608fc319fe8569e8e2979bb54c91a0e0d3c4ff7a4b8f149c7372a1c77029903e0508684d15d336da510bcc78d1e9c1aecbf85c0b6bc664b85990a20,female,head,20260906,4,48.1236528470322,51.575,53.284515368079504
1841.F05439,21,1841,1841:NAU161,male,head,20260906,4,24.56398828627261,24.48125,19.69377727159064
1841.F06210,37,1841,1841:NAU148,male,head,20260906,4,24.56398828627261,25.9625,17.504272661388846
1841.F06211,22,1841,1841:NAU130,female,head,20260906,4,22.4658076549923,21.875,22.699031800206324
10317.000072315,42,10317,10317:0cded5ec882014d599e408a086631081c42e2f070234c9e90d7244cf5e39d7d4150b713faf80aed64afaf4dd8ff14b76e9e204f93500060792828269add5de56,female,head,20260906,4,48.1236528470322,43.69375,47.28300761314616
1841.F06368,29,1841,1841:CUB011,female,head,20260906,4,22.4658076549923,22.1,22.35761584047905
1841.F06360,22,1841,1841:CUB007,female,head,20260906,4,22.4658076549923,22.8875,21.301619835407283
1841.F05636,22,1841,1841:CUB007,female,head,20260906,4,22.4658076549923,22.625,22.319510714584226
1841.F05986,19,1841,1841:NCS233,male,head,20260906,4,24.56398828627261,23.31875,17.954017018271855
1841.F05985,27,1841,1841:NCS214,male,head,20260906,4,24.56398828627261,32.83125,20.833907397845802
1841.F05984,27,1841,1841:NCS214,male,head,20260906,4,24.56398828627261,34.0625,21.16328152668952
1841.F05410,22,1841,1841:NAU133,male,head,20260906,4,24.56398828627261,23.68125,18.652193204141078
1841.F05520,21,1841,1841:NAU154,female,head,20260906,4,22.4658076549923,24.23125,25.061280258279453
1841.P16552,21,1841,1841:CUB044,male,hand,20260906,4,24.252474280971093,23.95625,21.090057179448525
10317.000048390,21,10317,10317:30d7ca7c505d10cb4c76c0443a75de8f2f826d67386377db4fa33b8983b7e1be84ec36794891a1993f919a1c5c528a78e39e90c8c94320bc3b555e3aa3643685,female,hand,20260906,4,51.09643925685862,44.34375,52.265292278899906
1841.F05843,22,1841,1841:NAU130,female,head,20260906,4,22.4658076549923,22.2625,22.055350882437775
1841.P16553,29,1841,1841:CUB011,female,hand,20260906,4,22.482219411252427,25.0375,26.103060508420135
1841.P16068,21,1841,1841:NAU124,female,hand,20260906,4,22.482219411252427,23.26875,23.99969972271187
1841.F05617,29,1841,1841:CUB011,female,head,20260906,4,22.4658076549923,23.94375,23.31206464793704
1841.P15400,27,1841,1841:NCS253,female,hand,20260906,4,22.482219411252427,33.74375,29.367266448925598
1841.P16279,37,1841,1841:NAU148,male,hand,20260906,4,24.252474280971093,27.00625,22.678487467209717
1841.P16278,21,1841,1841:NAU124,female,hand,20260906,4,22.482219411252427,23.425,25.270389198871584
1841.P16275,37,1841,1841:NAU148,male,hand,20260906,4,24.252474280971093,24.14375,21.47832324553356
1841.P16272,22,1841,1841:NAU130,female,hand,20260906,4,22.482219411252427,22.9125,23.761824982015938
1841.F05471,20,1841,1841:NAU121,female,head,20260906,4,22.4658076549923,22.0,22.586223772236437
1841.F05475,22,1841,1841:NAU133,male,head,20260906,4,24.56398828627261,25.59375,20.106464510392325
1841.F05474,22,1841,1841:NAU130,female,head,20260906,4,22.4658076549923,22.40625,21.94235429324282
1841.F05647,21,1841,1841:CUB044,male,head,20260906,4,24.56398828627261,23.19375,19.58484248771387
1841.P15985,20,1841,1841:CUB037,female,hand,20260906,4,22.482219411252427,32.2875,30.290775816491127
1841.P15981,22,1841,1841:CUB007,female,hand,20260906,4,22.482219411252427,22.525,23.321505818743287
1841.P15362,27,1841,1841:NCS253,female,hand,20260906,4,22.482219411252427,30.7875,30.68741648692176
1841.F05808,21,1841,1841:NAU154,female,head,20260906,4,22.4658076549923,23.31875,24.24352438614351
1841.F05804,21,1841,1841:NAU124,female,head,20260906,4,22.4658076549923,22.9875,24.13667010924305
1841.P16519,22,1841,1841:CUB007,female,hand,20260906,4,22.482219411252427,22.43125,25.79819524303245
1841.P16513,29,1841,1841:CUB011,female,hand,20260906,4,22.482219411252427,23.09375,25.082376550250714
10317.000033792,27,10317,10317:a8d1e0c8b099dac9041d9cebdac9c0de56819da44b2a634063806e8ed4697d1075a1ad1a75dcb472c0667686ae7dad37b98268caf960b4805fdd05c287c202df,male,head,20260906,4,41.097687556358494,40.08125,40.9357856694687
10317.000049130,48,10317,10317:9f89ce9cb3dd20b1b698031ff7eb1f66511855e4c05edd9fc525916e365f4d81ff5e46e5432e82c4e4cc62f66a9167138f3bce9a784b0404333ee6c82e195bd6,male,head,20260906,4,41.097687556358494,43.1375,41.2462243022037
10317.000049131,48,10317,10317:9f89ce9cb3dd20b1b698031ff7eb1f66511855e4c05edd9fc525916e365f4d81ff5e46e5432e82c4e4cc62f66a9167138f3bce9a784b0404333ee6c82e195bd6,male,hand,20260906,4,43.1489490231802,44.7125,44.52301478216479
10317.000049132,48,10317,10317:9f89ce9cb3dd20b1b698031ff7eb1f66511855e4c05edd9fc525916e365f4d81ff5e46e5432e82c4e4cc62f66a9167138f3bce9a784b0404333ee6c82e195bd6,male,hand,20260906,4,43.1489490231802,43.6375,43.159201484344734
1841.P15796,37,1841,1841:NAU148,male,hand,20260906,4,24.252474280971093,23.975,18.317829565873144
1841.P15799,21,1841,1841:NAU154,female,hand,20260906,4,22.482219411252427,22.5875,23.69355401487912
1841.P16537,20,1841,1841:CUB037,female,hand,20260906,4,22.482219411252427,22.1125,23.943324926528902
1841.P15425,23,1841,1841:NCS203,female,hand,20260906,4,22.482219411252427,29.06875,28.058355177846334
1841.P15424,19,1841,1841:NCS208,female,hand,20260906,4,22.482219411252427,24.2375,26.718292129740952
1841.P15422,21,1841,1841:NCS247,unknown,hand,20260906,4,23.49497228466003,24.45625,24.241459999182986
1841.P15429,24,1841,1841:NCS245,female,hand,20260906,4,22.482219411252427,25.3625,25.75826234331148
1841.P16217,37,1841,1841:NAU148,male,hand,20260906,4,24.252474280971093,27.59375,24.530288701837726
1841.P16211,21,1841,1841:NAU124,female,hand,20260906,4,22.482219411252427,22.4,25.716661416435617
1841.P16212,20,1841,1841:NAU115,male,hand,20260906,4,24.252474280971093,24.525,21.23133432792997
1841.F05490,21,1841,1841:NAU161,male,head,20260906,4,24.56398828627261,23.8125,18.430709684607464
1841.P15166,27,1841,1841:NCS214,male,hand,20260906,4,24.252474280971093,30.54375,24.662249650169777
1841.F06063,23,1841,1841:NCS203,female,head,20260906,4,22.4658076549923,26.70625,24.10022623307458
1841.F06068,27,1841,1841:NCS253,female,head,20260906,4,22.4658076549923,31.6375,27.02426380565587
1841.P15300,27,1841,1841:NCS253,female,hand,20260906,4,22.482219411252427,29.03125,28.70815240663759
2010.1260,27,2010,2010:1,female,head,20260906,4,27.631891342884863,38.69375,26.44954500464474
1841.P16533,22,1841,1841:CUB007,female,hand,20260906,4,22.482219411252427,27.5875,32.175268808634485
1841.P16534,20,1841,1841:CUB037,female,hand,20260906,4,22.482219411252427,23.08125,23.633315981278116
1841.F05416,21,1841,1841:NAU154,female,head,20260906,4,22.4658076549923,23.49375,24.597080427759867
1841.F05094,23,1841,1841:NCS203,female,head,20260906,4,22.4658076549923,24.1875,23.07611649042225
