pathway,measured_pathway_genes,selected_genes,random_probe_expected_genes,fold_enrichment,empirical_p,bh_q,overlap_genes
Acyl Chain Remodelling Of PC R-HSA-1482788,13,3,0.4729,6.343835906111229,0.010698930106989302,1.0,PLA2G2A;PLA2G2E;TMEM86B
ERBB2 Activates PTK6 Signaling R-HSA-8847993,12,3,0.5402,5.553498704183635,0.014698530146985302,1.0,ERBB2;NRG1;PTK6
Interleukin-4 And Interleukin-13 Signaling R-HSA-6785807,98,9,4.0073,2.245901230254785,0.017598240175982403,1.0,ALOX5;CCL22;CCND1;FSCN1;MMP9;MUC1;SOX2;TNF;TWIST1
COPII-mediated Vesicle Transport R-HSA-204005,45,5,1.5363,3.254572674607824,0.018598140185981403,1.0,CSNK1D;CTSZ;F5;LMAN1L;TRAPPC4
Glyoxylate Metabolism And Glycine Degradation R-HSA-389661,28,4,1.0101,3.96000396000396,0.019698030196980302,1.0,AGXT;GOT2;LDHD;PXMP2
Striated Muscle Contraction R-HSA-390522,33,4,1.0569,3.784653231147696,0.020997900209979003,1.0,DES;MYH6;MYL3;TCAP
Diseases Associated With O-glycosylation Of Proteins R-HSA-3906995,49,5,1.6696,2.994729276473407,0.0240975902409759,1.0,ADAMTS14;ADAMTS19;MUC1;MUC4;SPON1
Protein Ubiquitination R-HSA-8852135,50,5,1.6619,3.0086046091822616,0.025297470252974703,1.0,BCL10;PEX10;RNF40;TMEM129;USP7
Transcriptional Regulation By MECP2 R-HSA-8986944,48,5,1.678,2.9797377830750893,0.0254974502549745,1.0,GRIA2;HDAC3;NCOR2;PTPN1;SOX2
Amine Ligand-Binding Receptors R-HSA-375280,37,4,1.136,3.5211267605633805,0.026297370262973702,1.0,ADRA2C;ADRB1;HTR4;HTR7
Voltage Gated Potassium Channels R-HSA-1296072,43,5,1.7911,2.791580592931718,0.026297370262973702,1.0,KCNA5;KCNC2;KCNC4;KCNG3;KCNQ1
Diseases Of Glycosylation R-HSA-3781865,107,8,3.5939,2.2259940454659284,0.0263973602639736,1.0,ADAMTS14;ADAMTS19;GALK1;GPC2;MOGAT2;MUC1;MUC4;SPON1
Transport To Golgi And Subsequent Modification R-HSA-948021,128,9,4.2825,2.1015761821366024,0.0287971202879712,1.0,CSNK1D;CTSZ;DCTN1;F5;FUT3;INS;LMAN1L;MOGAT2;TRAPPC4
E3 Ubiquitin Ligases Ubiquitinate Target Proteins R-HSA-8866654,35,4,1.2013,3.329726130025805,0.032396760323967606,1.0,BCL10;PEX10;RNF40;TMEM129
Diseases Of Metabolism R-HSA-5668914,196,12,6.6286,1.8103370244093777,0.03469653034696531,1.0,ADAMTS14;ADAMTS19;CYP11A1;GALK1;GGT1;GPC2;GUSB;MOGAT2;MUC1;MUC4;NHLRC1;SPON1
Transcriptional Regulation Of Testis Differentiation R-HSA-9690406,11,3,0.8917,3.3643602108332398,0.03799620037996201,1.0,AMH;GATA4;PTGDS
Serotonin Receptors R-HSA-390666,10,2,0.318,6.289308176100628,0.0395960403959604,1.0,HTR4;HTR7
Transcriptional Regulation Of White Adipocyte Differentiation R-HSA-381340,56,5,1.8544,2.696289905090595,0.0397960203979602,1.0,HDAC3;NCOR2;NR2F2;TNF;ZNF467
Acyl Chain Remodelling Of PG R-HSA-1482925,10,2,0.3443,5.808887598024978,0.04409559044095591,1.0,PLA2G2A;PLA2G2E
Signaling By Non-Receptor Tyrosine Kinases R-HSA-9006927,46,5,2.0051,2.493641214902,0.04459554044595541,1.0,CCND1;ERBB2;NRG1;PTK6;PTPN1
Defective GALNT3 Causes HFTC R-HSA-5083625,10,2,0.345,5.797101449275363,0.0458954104589541,1.0,MUC1;MUC4
Metallothioneins Bind Metals R-HSA-5661231,10,2,0.3603,5.550929780738273,0.0458954104589541,1.0,MT1H;MT2A
"Inactivation, Recovery And Regulation Of Phototransduction Cascade R-HSA-2514859",27,3,0.839,3.5756853396901076,0.047595240475952406,1.0,METAP2;PDE6G;RHO
Phototransduction Cascade R-HSA-2514856,27,3,0.839,3.5756853396901076,0.047595240475952406,1.0,METAP2;PDE6G;RHO
Disorders Of Developmental Biology R-HSA-9675151,11,2,0.3607,5.544774050457444,0.047795220477952205,1.0,HDAC3;NCOR2
RNA Polymerase III Transcription Initiation From Type 3 Promoter R-HSA-76071,23,3,0.8283,3.621876131836291,0.0486951304869513,1.0,POLR3GL;SNAPC1;SNAPC4
Acyl Chain Remodelling Of PI R-HSA-1482922,10,2,0.365,5.47945205479452,0.050094990500949906,1.0,PLA2G2A;PLA2G2E
Defective GALNT12 Causes CRCS1 R-HSA-5083636,10,2,0.3623,5.520287054926856,0.050594940505949405,1.0,MUC1;MUC4
Reactions Specific To Complex N-glycan Synthesis Pathway R-HSA-975578,10,2,0.3675,5.442176870748299,0.05069493050694931,1.0,FUT3;MOGAT2
RUNX3 Regulates p14-ARF R-HSA-8951936,10,3,0.9599,3.125325554745286,0.05089491050894911,1.0,CCND1;CDKN2A;RUNX3
Defective C1GALT1C1 Causes TNPS R-HSA-5083632,11,2,0.363,5.5096418732782375,0.050994900509949,1.0,MUC1;MUC4
Cargo Concentration In ER R-HSA-5694530,25,3,0.8773,3.4195828108970705,0.05499450054994501,1.0,CTSZ;F5;LMAN1L
ER To Golgi Anterograde Transport R-HSA-199977,101,7,3.3883,2.0659327686450433,0.055094490550944904,1.0,CSNK1D;CTSZ;DCTN1;F5;INS;LMAN1L;TRAPPC4
"Synthesis Of IP2, IP, And Ins In Cytosol R-HSA-1855183",11,2,0.3978,5.027652086475616,0.05829417058294171,1.0,ISYNA1;MIOX
Activation Of HOX Genes During Differentiation R-HSA-5619507,54,5,2.0648,2.4215420379697794,0.059494050594940506,1.0,HDAC3;HOXB1;HOXD4;PAX6;RARB
Regulation Of Insulin Secretion R-HSA-422356,73,6,2.8605,2.097535395909806,0.06059394060593941,1.0,ADRA2C;CACNA1D;GNAS;INS;KCNC2;MARCKS
Transcriptional Regulation Of Pluripotent Stem Cells R-HSA-452723,26,3,0.892,3.3632286995515694,0.06319368063193681,1.0,PRDM14;SMAD4;SOX2
Regulation Of Beta-Cell Development R-HSA-186712,28,3,0.9371,3.201365916124213,0.06509349065093491,1.0,INS;PAX6;PTF1A
Defective B3GALTL Causes PpS R-HSA-5083635,28,3,0.9664,3.104304635761589,0.07089291070892911,1.0,ADAMTS14;ADAMTS19;SPON1
GPCR Ligand Binding R-HSA-500792,363,18,12.4148,1.4498823984276832,0.0714928507149285,1.0,ADRA2C;ADRB1;AGXT;CCL22;CX3CL1;FZD9;GALR3;GNAS;HTR4;HTR7;NTS;PENK;PTGER3;RHO;TACR2;UCN3;WNT2;WNT6
O-glycosylation Of TSR Domain-Containing Proteins R-HSA-5173214,29,3,0.9834,3.0506406345332517,0.07389261073892611,1.0,ADAMTS14;ADAMTS19;SPON1
Response To Metal Ions R-HSA-5660526,13,2,0.4677,4.276245456489202,0.0745925407459254,1.0,MT1H;MT2A
Synthesis Of Leukotrienes (LT) And Eoxins (EX) R-HSA-2142691,15,2,0.4662,4.29000429000429,0.0770922907709229,1.0,ALOX5;GGT1
Peroxisomal Protein Import R-HSA-9033241,50,4,1.6485,2.426448286320898,0.0791920807919208,1.0,ACOT4;ACOX2;AGXT;PEX10
Acyl Chain Remodelling Of PE R-HSA-1482839,13,2,0.472,4.237288135593221,0.0796920307969203,1.0,PLA2G2A;PLA2G2E
Neuronal System R-HSA-112316,345,17,11.7321,1.4490159476990478,0.0800919908009199,1.0,CHRFAM7A;GIT1;GLRA1;GLRB;GRIA2;HCN1;KCNA5;KCNC2;KCNC4;KCNG3;KCNQ1;NRG1;RASGRF1;SLC1A7;SLC5A7;SLC6A3;SYT10
Gastrulation R-HSA-9758941,14,2,0.4929,4.057618178129438,0.0856914308569143,1.0,SMAD4;SOX2
RNA Polymerase III Transcription Initiation R-HSA-76046,30,3,1.0606,2.8285875919290966,0.08769123087691232,1.0,POLR3GL;SNAPC1;SNAPC4
NCAM1 Interactions R-HSA-419037,30,3,1.0863,2.7616680475006903,0.09119088091190881,1.0,CACNA1D;GFRA1;NCAM1
Metabolism Of Angiotensinogen To Angiotensins R-HSA-2022377,16,2,0.5209,3.8395085429065077,0.09169083091690831,1.0,AGXT;CTSZ
Regulation Of Gene Expression In Beta Cells R-HSA-210745,16,2,0.529,3.7807183364839316,0.09249075092490751,1.0,INS;PAX6
NR1H2 And NR1H3-mediated Signaling R-HSA-9024446,32,3,1.0876,2.758367046708349,0.0927907209279072,1.0,FABP6;HDAC3;NCOR2
Class A/1 (Rhodopsin-like Receptors) R-HSA-373076,259,13,8.6732,1.4988700825531522,0.09459054094590541,1.0,ADRA2C;ADRB1;AGXT;CCL22;CX3CL1;GALR3;HTR4;HTR7;NTS;PENK;PTGER3;RHO;TACR2
Muscle Contraction R-HSA-397014,170,10,6.2473,1.6006914987274503,0.09529047095290472,1.0,DES;FXYD4;GATA4;KCNA5;KCNK12;KCNQ1;MYH6;MYL3;SCN3B;TCAP
ERBB2 Regulates Cell Motility R-HSA-6785631,12,2,0.5439,3.677146534289391,0.09669033096690331,1.0,ERBB2;NRG1
Acyl Chain Remodelling Of PS R-HSA-1482801,13,2,0.5601,3.570790930191037,0.10308969103089691,1.0,PLA2G2A;PLA2G2E
Peptide Hormone Metabolism R-HSA-2980736,69,5,2.5218,1.9827107621540172,0.10338966103389662,1.0,AGXT;CTSZ;GATA4;INS;PAX6
MECP2 Regulates Neuronal Receptors And Channels R-HSA-9022699,16,2,0.5533,3.614675582866438,0.10718928107189281,1.0,GRIA2;PTPN1
HCMV Early Events R-HSA-9609690,56,4,1.8304,2.1853146853146854,0.10798920107989202,1.0,AAAS;HDAC3;NCOR2;UCN3
RNA Polymerase III Abortive And Retractive Initiation R-HSA-749476,34,3,1.1684,2.5676138308798353,0.1085891410858914,1.0,POLR3GL;SNAPC1;SNAPC4
Post NMDA Receptor Activation Events R-HSA-438064,60,4,1.8054,2.2155754957350173,0.10888911108889111,1.0,GIT1;GRIA2;NRG1;RASGRF1
GRB2 Events In ERBB2 Signaling R-HSA-1963640,14,2,0.5813,3.440564252537416,0.11138886111388861,1.0,ERBB2;NRG1
Removal Of Flap Intermediate From C-strand R-HSA-174437,15,2,0.5959,3.3562678301728477,0.11608839116088392,1.0,POLD4;TERF2
Lewis Blood Group Biosynthesis R-HSA-9037629,17,2,0.5929,3.3732501264968797,0.11628837116288371,1.0,FUT3;ST6GALNAC6
O-linked Glycosylation R-HSA-5173105,76,5,2.5914,1.9294589797020913,0.11688831116888311,1.0,ADAMTS14;ADAMTS19;MUC1;MUC4;SPON1
Nuclear Receptor Transcription Pathway R-HSA-383280,50,4,1.9007,2.10448782027674,0.11828817118288171,1.0,NCOR2;NR4A1;RARB;THRB
Termination Of O-glycan Biosynthesis R-HSA-977068,17,2,0.5988,3.3400133600534403,0.12038796120387961,1.0,MUC1;MUC4
Inositol Phosphate Metabolism R-HSA-1483249,33,3,1.2045,2.4906600249066004,0.12038796120387961,1.0,ISYNA1;ITPKA;MIOX
Downregulation Of ERBB2:ERBB3 Signaling R-HSA-1358803,13,2,0.6049,3.306331625061994,0.12108789121087891,1.0,ERBB2;NRG1
PI3K Events In ERBB2 Signaling R-HSA-1963642,14,2,0.616,3.2467532467532467,0.12138786121387861,1.0,ERBB2;NRG1
Loss Of Nlp From Mitotic Centrosomes R-HSA-380259,37,3,1.2443,2.410994133247609,0.12428757124287572,1.0,CSNK1D;DCTN1;SSNA1
Organic Cation/Anion/Zwitterion Transport R-HSA-549132,14,2,0.6396,3.1269543464665417,0.12718728127187282,1.0,SLC22A18;SLC22A7
Visual Phototransduction R-HSA-2187338,80,5,2.6686,1.8736416098328712,0.12818718128187181,1.0,GPC2;LRAT;METAP2;PDE6G;RHO
Signaling By NODAL R-HSA-1181150,19,2,0.6351,3.14911037631869,0.12998700129987,1.0,LEFTY2;SMAD4
AURKA Activation By TPX2 R-HSA-8854518,38,3,1.2807,2.34246896228625,0.13338666133386662,1.0,CSNK1D;DCTN1;SSNA1
Polymerase Switching On C-strand Of Telomere R-HSA-174411,18,2,0.6335,3.1570639305445938,0.13358664133586642,1.0,POLD4;TERF2
Factors Involved In Megakaryocyte Development And Platelet Production R-HSA-983231,100,6,3.4638,1.7322016282695305,0.1336866313368663,1.0,DOCK9;GATA4;GATA5;KIF22;KIF3C;MICAL1
Bile Acid And Bile Salt Metabolism R-HSA-194068,41,3,1.2734,2.355897596984451,0.1367863213678632,1.0,ACOX2;FABP6;HSD3B7
Processive Synthesis On C-strand Of Telomere R-HSA-174414,17,2,0.6639,3.0125018828136767,0.14038596140385962,1.0,POLD4;TERF2
Transcriptional Regulation By RUNX3 R-HSA-8878159,82,6,3.5474,1.6913796019620002,0.14078592140785923,1.0,CCND1;CDKN2A;PSMD6;PSME1;RUNX3;SMAD4
HS-GAG Degradation R-HSA-2024096,20,2,0.6736,2.969121140142518,0.14388561143885611,1.0,GPC2;GUSB
Long-term Potentiation R-HSA-9620244,22,2,0.6729,2.9722098380145634,0.1441855814418558,1.0,GRIA2;NRG1
Carboxyterminal Post-Translational Modifications Of Tubulin R-HSA-8955332,20,2,0.6699,2.985520226899537,0.14488551144885511,1.0,TTLL3;TUBB2B
Sulfur Amino Acid Metabolism R-HSA-1614635,20,2,0.6945,2.8797696184305255,0.1488851114888511,1.0,BHMT;GOT2
G Alpha (I) Signaling Events R-HSA-418594,250,12,8.6237,1.391514083282118,0.15158484151584842,1.0,ADRA2C;AGXT;CX3CL1;GALR3;GNAS;PDE4B;PDE4C;PENK;PTGER3;RGS3;RGS7;RHO
TP53 Regulates Transcription Of Additional Cell Cycle Genes With Uncertain Roles In P53 Pathway R-HSA-6804115,17,2,0.701,2.8530670470756063,0.1516848315168483,1.0,CNOT1;PLAGL1
Potassium Channels R-HSA-1296071,98,6,3.6351,1.650573574317075,0.15308469153084692,1.0,HCN1;KCNA5;KCNC2;KCNC4;KCNG3;KCNQ1
Canonical Retinoid Cycle In Rods (Twilight Vision) R-HSA-2453902,18,2,0.7066,2.8304557033682425,0.15398460153984603,1.0,LRAT;RHO
Blood Group Systems Biosynthesis R-HSA-9033658,20,2,0.7012,2.852253280091272,0.15428457154284572,1.0,FUT3;ST6GALNAC6
WNT Ligand Biogenesis And Trafficking R-HSA-3238698,22,2,0.7084,2.82326369282891,0.15858414158584141,1.0,WNT2;WNT6
Peroxisomal Lipid Metabolism R-HSA-390918,22,2,0.7255,2.7567195037904892,0.1623837616238376,1.0,ACOT4;ACOX2
PIP3 Activates AKT Signaling R-HSA-1257604,217,11,7.8253,1.4056969061889,0.1628837116288371,1.0,ERBB2;FGFR2;HDAC3;INS;KITLG;NR4A1;NRG1;PSMD6;PSME1;THEM4;USP7
Regulation Of MECP2 Expression And Activity R-HSA-9022692,23,2,0.7133,2.80386933968877,0.16328367163283672,1.0,HDAC3;NCOR2
Synthesis Of Bile Acids And Bile Salts Via 7Alpha-Hydroxycholesterol R-HSA-193368,24,2,0.7291,2.7431079412974904,0.16568343165683433,1.0,ACOX2;HSD3B7
Centrosome Maturation R-HSA-380287,42,3,1.4071,2.132044630800938,0.16568343165683433,1.0,CSNK1D;DCTN1;SSNA1
Transcriptional Regulation By RUNX2 R-HSA-8878166,103,7,4.578,1.529051987767584,0.1673832616738326,1.0,CCND1;DLX5;HDAC3;PSMD6;PSME1;SMAD4;TWIST1
Signaling By Retinoic Acid R-HSA-5362517,37,3,1.4044,2.136143548846482,0.1680831916808319,1.0,ALDH1A3;LDHD;RARB
HDACs Deacetylate Histones R-HSA-3214815,24,2,0.7379,2.710394362379726,0.17048295170482952,1.0,HDAC3;NCOR2
Signaling By Receptor Tyrosine Kinases R-HSA-9006934,438,20,15.9477,1.2540993372085003,0.1705829417058294,1.0,ADAM12;ATP6V0B;CDH5;ERBB2;FGFR2;FLT4;HDAC3;HGFAC;ID4;INS;KITLG;MMP9;NRG1;PTK6;PTPN1;RALB;THBS4;THEM4;TNS4;VGF
N-glycan Antennae Elongation In medial/trans-Golgi R-HSA-975576,23,2,0.7496,2.6680896478121663,0.1708829117088291,1.0,FUT3;MOGAT2
Negative Regulation Of PI3K/AKT Network R-HSA-199418,98,6,3.7486,1.6005975564210637,0.17098290170982902,1.0,ERBB2;FGFR2;INS;KITLG;NRG1;THEM4
Integration Of Energy Metabolism R-HSA-163685,99,6,3.7879,1.583991129649674,0.1713828617138286,1.0,ADRA2C;CACNA1D;GNAS;INS;KCNC2;MARCKS
Recruitment Of NuMA To Mitotic Centrosomes R-HSA-380320,43,3,1.4262,2.103491796381994,0.1715828417158284,1.0,CSNK1D;DCTN1;SSNA1
Signaling By ERBB2 TMD/JMD Mutants R-HSA-9665686,19,2,0.7658,2.6116479498563594,0.1723827617238276,1.0,ERBB2;NRG1
Regulation Of RUNX3 Expression And Activity R-HSA-8941858,51,4,2.1971,1.8205816758454327,0.1725827417258274,1.0,CDKN2A;PSMD6;PSME1;RUNX3
Synthesis Of PA R-HSA-1483166,22,2,0.7596,2.632964718272775,0.1738826117388261,1.0,PLA2G2A;PLA2G2E
Dectin-2 Family R-HSA-5621480,19,2,0.7662,2.6102845210127903,0.17538246175382463,1.0,MUC1;MUC4
Class B/2 (Secretin Family Receptors) R-HSA-373080,79,5,2.9965,1.6686133822793259,0.17648235176482352,1.0,FZD9;GNAS;UCN3;WNT2;WNT6
Activation Of NMDA Receptors And Postsynaptic Events R-HSA-442755,71,4,2.2057,1.8134832479484968,0.17738226177382263,1.0,GIT1;GRIA2;NRG1;RASGRF1
SLC-mediated Transmembrane Transport R-HSA-425407,213,10,7.1207,1.4043563132838064,0.17818218178182182,1.0,FGF21;LCN1;SLC15A1;SLC15A3;SLC1A7;SLC22A18;SLC22A7;SLC5A7;SLC6A3;SLC9A3
"FOXO-mediated Transcription Of Oxidative Stress, Metabolic And Neuronal Genes R-HSA-9615017",23,2,0.7664,2.6096033402922756,0.1787821217878212,1.0,INS;SMAD4
SHC1 Events In ERBB2 Signaling R-HSA-1250196,20,2,0.7817,2.5585262888576183,0.18048195180481952,1.0,ERBB2;NRG1
G Alpha (S) Signaling Events R-HSA-418555,129,7,4.6582,1.5027263749946331,0.18048195180481952,1.0,ADRB1;GNAS;GPR25;GPR45;HTR4;HTR7;PDE4C
Anchoring Of Basal Body To Plasma Membrane R-HSA-5620912,44,3,1.4775,2.030456852791878,0.1812818718128187,1.0,CSNK1D;DCTN1;SSNA1
NR1H3 And NR1H2 Regulate Gene Expression Linked To Cholesterol Transport And Efflux R-HSA-9029569,23,2,0.7851,2.5474461851993375,0.18688131186881313,1.0,HDAC3;NCOR2
Protein Localization R-HSA-9609507,117,6,3.8476,1.5594136604636657,0.18688131186881313,1.0,ACOT4;ACOX2;AGXT;LDHD;PEX10;PXMP2
Notch-HLH Transcription Pathway R-HSA-350054,21,2,0.7947,2.5166729583490626,0.18758124187581243,1.0,HDAC3;NCOR2
Cilium Assembly R-HSA-5617833,91,5,3.0436,1.6427914311998948,0.18798120187981202,1.0,CSNK1D;DCTN1;KIF3C;RHO;SSNA1
DARPP-32 Events R-HSA-180024,24,2,0.803,2.4906600249066,0.18868113188681132,1.0,PDE4B;PDE4C
Transmission Across Chemical Synapses R-HSA-112315,224,10,7.2583,1.3777330779934696,0.19068093190680932,1.0,CHRFAM7A;GIT1;GLRA1;GLRB;GRIA2;NRG1;RASGRF1;SLC1A7;SLC5A7;SLC6A3
"Incretin Synthesis, Secretion, And Inactivation R-HSA-400508",17,2,0.8296,2.4108003857280615,0.19368063193680632,1.0,GATA4;PAX6
Adherens Junctions Interactions R-HSA-418990,20,2,0.8124,2.461841457410143,0.19438056194380562,1.0,CDH2;CDH5
VEGFR2 Mediated Vascular Permeability R-HSA-5218920,23,2,0.8279,2.4157506945283247,0.19438056194380562,1.0,CDH5;THEM4
Defective Intrinsic Pathway For Apoptosis R-HSA-9734009,21,2,0.8335,2.3995200959808036,0.19988001199880012,1.0,CAPNS1;CDKN2A
Signaling By ERBB2 KD Mutants R-HSA-9664565,21,2,0.837,2.3894862604540026,0.1999800019998,1.0,ERBB2;NRG1
Cytoprotection By HMOX1 R-HSA-9707564,45,3,1.5444,1.9425019425019425,0.20017998200179982,1.0,HDAC3;NCOR2;PTK6
Arachidonic Acid Metabolism R-HSA-2142753,46,3,1.5536,1.9309989701338826,0.20057994200579943,1.0,ALOX5;GGT1;PTGDS
Insulin Receptor Recycling R-HSA-77387,24,2,0.8336,2.399232245681382,0.20217978202179782,1.0,ATP6V0B;INS
Glycogen Metabolism R-HSA-8982491,24,2,0.8314,2.405580947798893,0.20257974202579743,1.0,NHLRC1;PHKG1
Signaling By BMP R-HSA-201451,25,2,0.8643,2.3140113386555594,0.2064793520647935,1.0,AMH;SMAD4
Vpr-mediated Nuclear Import Of PICs R-HSA-180910,25,2,0.8389,2.3840743831207534,0.20737926207379262,1.0,AAAS;BANF1
SCF(Skp2)-mediated Degradation Of P27/P21 R-HSA-187577,56,4,2.3733,1.685416930013062,0.20787921207879212,1.0,CCND1;PSMD6;PSME1;PTK6
Kinesins R-HSA-983189,25,2,0.8498,2.353494939985879,0.208979102089791,1.0,KIF22;KIF3C
Rev-mediated Nuclear Export Of HIV RNA R-HSA-165054,25,2,0.8551,2.338907730090048,0.2111788821117888,1.0,AAAS;RANBP1
Ion Transport By P-type ATPases R-HSA-936837,43,3,1.6031,1.8713742124633523,0.21277872212778723,1.0,ATP10A;ATP8A2;FXYD4
Asparagine N-linked Glycosylation R-HSA-446203,217,10,7.4242,1.346946472347189,0.21337866213378662,1.0,CSNK1D;CTSZ;DCTN1;F5;FUT3;INS;LMAN1L;MOGAT2;ST6GALNAC6;TRAPPC4
Signaling By ERBB2 In Cancer R-HSA-1227990,22,2,0.8731,2.290688351849731,0.21387861213878612,1.0,ERBB2;NRG1
Triglyceride Metabolism R-HSA-8979227,26,2,0.8736,2.2893772893772892,0.21827817218278173,1.0,FABP6;MOGAT2
ADORA2B Mediated Anti-Inflammatory Cytokine Production R-HSA-9660821,113,6,4.0976,1.4642717688402969,0.2196780321967803,1.0,ADRB1;GNAS;GPR25;GPR45;HTR4;HTR7
Signaling By ERBB2 R-HSA-1227986,44,3,1.6331,1.836997122037842,0.22207779222077792,1.0,ERBB2;NRG1;PTK6
"Adrenaline,noradrenaline Inhibits Insulin Secretion R-HSA-400042",26,2,0.8922,2.2416498542927594,0.22557744225577442,1.0,ADRA2C;CACNA1D
HCMV Infection R-HSA-9609646,74,4,2.4414,1.6384041943147376,0.22707729227077292,1.0,AAAS;HDAC3;NCOR2;UCN3
NCAM Signaling For Neurite Out-Growth R-HSA-375165,49,3,1.6907,1.7744129650440645,0.23547645235476453,1.0,CACNA1D;GFRA1;NCAM1
Interactions Of Vpr With Host Cellular Proteins R-HSA-176033,27,2,0.9135,2.1893814997263275,0.23617638236176383,1.0,AAAS;BANF1
Organelle Biogenesis And Maintenance R-HSA-1852241,150,7,5.0395,1.3890266891556702,0.23647635236476353,1.0,ACSS2;CSNK1D;DCTN1;HDAC3;KIF3C;RHO;SSNA1
Telomere C-strand (Lagging Strand) Synthesis R-HSA-174417,24,2,0.9244,2.163565556036348,0.23777622237776222,1.0,POLD4;TERF2
Interactions Of Rev With Host Cellular Proteins R-HSA-177243,27,2,0.9296,2.1514629948364887,0.23817618238176183,1.0,AAAS;RANBP1
Myogenesis R-HSA-525793,28,2,0.9362,2.1362956633198036,0.24017598240175983,1.0,CDH2;MYOD1
Regulation Of PLK1 Activity At G2/M Transition R-HSA-2565942,50,3,1.6956,1.7692852087756545,0.24077592240775922,1.0,CSNK1D;DCTN1;SSNA1
Acetylcholine Regulates Insulin Secretion R-HSA-399997,10,1,0.2731,3.6616623947272062,0.24227577242275772,1.0,MARCKS
Cardiac Conduction R-HSA-5576891,109,6,4.208,1.4258555133079847,0.24377562243775622,1.0,FXYD4;GATA4;KCNA5;KCNK12;KCNQ1;SCN3B
Ethanol Oxidation R-HSA-71384,11,1,0.2824,3.5410764872521248,0.24437556244375563,1.0,ACSS2
Metabolic Disorders Of Biological Oxidation Enzymes R-HSA-5579029,29,2,0.9568,2.0903010033444818,0.24627537246275372,1.0,CYP11A1;GGT1
Metabolism Of Carbohydrates R-HSA-71387,228,10,7.7365,1.2925741614425128,0.2522747725227477,1.0,AAAS;FUT3;GALK1;GOT2;GPC2;GUSB;NHLRC1;PGLS;PHKG1;ST6GALNAC6
"Transport Of Bile Salts And Organic Acids, Metal Ions And Amine Compounds R-HSA-425366",77,4,2.5526,1.5670296952127243,0.2526747325267473,1.0,SLC22A18;SLC22A7;SLC5A7;SLC6A3
Collagen Formation R-HSA-1474290,73,4,2.5479,1.569920326543428,0.25417458254174585,1.0,ADAMTS14;COL22A1;MMP9;PLOD2
Lysine Catabolism R-HSA-71064,10,1,0.2902,3.4458993797381114,0.25807419258074193,1.0,LDHD
PI3K/AKT Signaling In Cancer R-HSA-2219528,90,5,3.4659,1.4426267347586486,0.2615738426157384,1.0,ERBB2;FGFR2;KITLG;NR4A1;NRG1
Fatty Acid Metabolism R-HSA-8978868,129,6,4.3339,1.3844343432012738,0.26207379262073793,1.0,ACOT4;ACOX2;ALOX5;GGT1;PTGDS;THEM4
Pre-NOTCH Transcription And Translation R-HSA-1912408,22,2,1.0022,1.9956096587507484,0.2636736326367363,1.0,CCND1;ELF3
Signaling By NOTCH R-HSA-157118,141,7,5.2069,1.3443699706159136,0.26377362263773624,1.0,CCND1;ELF3;FLT4;HDAC3;NCOR2;PSMD6;PSME1
Downregulation Of SMAD2/3:SMAD4 Transcriptional Activity R-HSA-2173795,29,2,0.9923,2.015519500151164,0.2643735626437356,1.0,NCOR2;SMAD4
Signaling By Insulin Receptor R-HSA-74752,73,4,2.6333,1.5190065697034139,0.2643735626437356,1.0,ATP6V0B;FGFR2;INS;THEM4
Anti-inflammatory Response Favoring Leishmania Infection R-HSA-9662851,140,7,5.2614,1.330444368419052,0.26617338266173385,1.0,ADRB1;GGT1;GNAS;GPR25;GPR45;HTR4;HTR7
MHC Class II Antigen Presentation R-HSA-2132295,79,4,2.6473,1.5109734446417105,0.26877312268773124,1.0,DCTN1;KIF22;KIF3C;LAG3
"PI5P, PP2A And IER3 Regulate PI3K/AKT Signaling R-HSA-6811558",93,5,3.4876,1.4336506480100928,0.26977302269773024,1.0,ERBB2;FGFR2;INS;KITLG;NRG1
Collagen Biosynthesis And Modifying Enzymes R-HSA-1650814,53,3,1.8077,1.6595674060961443,0.2705729427057294,1.0,ADAMTS14;COL22A1;PLOD2
Constitutive Signaling By Aberrant PI3K In Cancer R-HSA-2219530,70,4,2.6455,1.512001512001512,0.2712728727127287,1.0,ERBB2;FGFR2;KITLG;NRG1
Interferon Gamma Signaling R-HSA-877300,79,4,2.6258,1.5233452662045852,0.2713728627137286,1.0,MT2A;NCAM1;PTPN1;SP100
"POU5F1 (OCT4), SOX2, NANOG Activate Genes Related To Proliferation R-HSA-2892247",10,1,0.313,3.194888178913738,0.2732726727327267,1.0,SOX2
Regulation Of RUNX2 Expression And Activity R-HSA-8939902,64,4,2.6646,1.501163401636268,0.27507249275072493,1.0,DLX5;PSMD6;PSME1;TWIST1
Regulation Of Signaling By NODAL R-HSA-1433617,10,1,0.3237,3.089280197713933,0.2790720927907209,1.0,LEFTY2
Cleavage Of Damaged Purine R-HSA-110331,10,1,0.3238,3.0883261272390365,0.27987201279872015,1.0,TERF2
Pyrimidine Salvage R-HSA-73614,10,1,0.3229,3.096934035305048,0.28087191280871915,1.0,UCK1
Diseases Of Carbohydrate Metabolism R-HSA-5663084,30,2,1.0681,1.872483849826795,0.28357164283571645,1.0,GUSB;NHLRC1
Regulation Of IGF Transport And Uptake By IGFBPs R-HSA-381426,106,5,3.5568,1.4057579847053532,0.285971402859714,1.0,CDH2;F5;IGFALS;PENK;VGF
STAT3 Nuclear Events Downstream Of ALK Signaling R-HSA-9701898,10,1,0.3353,2.9824038174768863,0.2873712628737126,1.0,HDAC3
Synthesis Of Bile Acids And Bile Salts R-HSA-192105,34,2,1.0556,1.89465706707086,0.28747125287471254,1.0,ACOX2;HSD3B7
Downregulation Of ERBB2 Signaling R-HSA-8863795,27,2,1.0681,1.872483849826795,0.29057094290570945,1.0,ERBB2;NRG1
Semaphorin Interactions R-HSA-373755,54,3,1.8944,1.5836148648648647,0.29287071292870714,1.0,CRMP1;ERBB2;SEMA7A
Intracellular Signaling By Second Messengers R-HSA-9006925,253,11,9.0338,1.2176492727312982,0.29317068293170684,1.0,ERBB2;FGFR2;HDAC3;INS;KITLG;NR4A1;NRG1;PSMD6;PSME1;THEM4;USP7
Activation Of RAC1 R-HSA-428540,10,1,0.3404,2.937720329024677,0.29417058294170584,1.0,SLIT2
Insulin Receptor Signaling Cascade R-HSA-74751,51,3,1.9074,1.5728216420257943,0.29547045295470453,1.0,FGFR2;INS;THEM4
Ubiquitin-dependent Degradation Of Cyclin D R-HSA-75815,47,3,1.9118,1.5692017993513967,0.29657034296570345,1.0,CCND1;PSMD6;PSME1
Neurotransmitter Receptors And Postsynaptic Signal Transmission R-HSA-112314,169,7,5.4349,1.2879721798009163,0.29887011298870114,1.0,CHRFAM7A;GIT1;GLRA1;GLRB;GRIA2;NRG1;RASGRF1
Dectin-1 Mediated Noncanonical NF-kB Signaling R-HSA-5607761,54,3,1.9211,1.5616053302795274,0.3017698230176982,1.0,CCL22;PSMD6;PSME1
Peptide Ligand-Binding Receptors R-HSA-375276,160,7,5.4361,1.2876878644616545,0.3020697930206979,1.0,AGXT;CCL22;CX3CL1;GALR3;NTS;PENK;TACR2
C-type Lectin Receptors (CLRs) R-HSA-5621481,121,6,4.5498,1.3187392852433073,0.30246975302469753,1.0,BCL10;CCL22;MUC1;MUC4;PSMD6;PSME1
Highly Calcium Permeable Postsynaptic Nicotinic Acetylcholine Receptors R-HSA-629594,11,1,0.3591,2.7847396268448903,0.30596940305969406,1.0,CHRFAM7A
"PTK6 Regulates RHO GTPases, RAS GTPase And MAP Kinases R-HSA-8849471",11,1,0.3616,2.765486725663717,0.30646935306469353,1.0,PTK6
SHC1 Events In ERBB4 Signaling R-HSA-1250347,12,1,0.3662,2.7307482250136537,0.3080691930806919,1.0,NRG1
Degradation Of Cysteine And Homocysteine R-HSA-1614558,10,1,0.3608,2.7716186252771617,0.30896910308969106,1.0,GOT2
"Defective EXT1 Causes Exostoses 1, TRPS2 And CHDS R-HSA-3656253",12,1,0.365,2.73972602739726,0.3100689931006899,1.0,GPC2
Pentose Phosphate Pathway R-HSA-71336,11,1,0.3691,2.70929287455974,0.31026897310268975,1.0,PGLS
RUNX2 Regulates Bone Development R-HSA-8941326,25,2,1.1341,1.7635129177321223,0.31486851314868514,1.0,HDAC3;SMAD4
Collagen Degradation R-HSA-1442490,34,2,1.1355,1.7613386173491854,0.31656834316568344,1.0,MMP9;TMPRSS6
Gap Junction Assembly R-HSA-190861,11,1,0.374,2.6737967914438503,0.3173682631736826,1.0,GJB4
Asymmetric Localization Of PCP Proteins R-HSA-4608870,56,3,1.989,1.5082956259426847,0.3174682531746825,1.0,FZD9;PSMD6;PSME1
Mucopolysaccharidoses R-HSA-2206281,10,1,0.3692,2.708559046587216,0.31826817318268175,1.0,GUSB
p38MAPK Events R-HSA-171007,12,1,0.3777,2.6476039184537994,0.31916808319168083,1.0,RALB
ATF6 (ATF6-alpha) Activates Chaperones R-HSA-381033,11,1,0.3789,2.6392187912377936,0.3197680231976802,1.0,DDIT3
Stabilization Of P53 R-HSA-69541,51,3,1.9979,1.5015766554882626,0.31996800319968005,1.0,CDKN2A;PSMD6;PSME1
Signaling By MET R-HSA-6806834,58,3,1.9816,1.5139281388776746,0.32196780321967805,1.0,HGFAC;PTPN1;TNS4
PPARA Activates Gene Expression R-HSA-1989781,85,4,2.8697,1.393873924103565,0.32196780321967805,1.0,AGXT;FHL2;HDAC3;NCOR2
Post-chaperonin Tubulin Folding Pathway R-HSA-389977,12,1,0.3834,2.608242044861763,0.3233676632336766,1.0,TUBB2B
Signaling By WNT R-HSA-195721,231,10,8.3347,1.1998032322699077,0.3233676632336766,1.0,FZD9;PDE6G;PSMD6;PSME1;RUNX3;SFRP1;SOX17;SOX2;WNT2;WNT6
Signaling By Nuclear Receptors R-HSA-9006931,196,9,7.407,1.2150668286755772,0.32666733326667335,1.0,ALDH1A3;CCND1;FABP6;HDAC3;LDHD;MMP9;NCOR2;RARB;USF1
Host Interactions Of HIV Factors R-HSA-162909,107,5,3.7857,1.3207597009800038,0.32826717328267174,1.0,AAAS;BANF1;PSMD6;PSME1;RANBP1
Regulation Of Lipid Metabolism By PPARalpha R-HSA-400206,86,4,2.8995,1.3795481979651663,0.3284671532846715,1.0,AGXT;FHL2;HDAC3;NCOR2
Activation Of NF-kappaB In B Cells R-HSA-1169091,58,3,2.0371,1.4726817534730743,0.3311668833116688,1.0,BCL10;PSMD6;PSME1
Sensory Perception R-HSA-9709957,209,8,6.5437,1.2225499335238472,0.33136686331366866,1.0,CACNA1D;CHRNA10;GPC2;LRAT;METAP2;PDE6G;RHO;SCNN1D
Passive Transport By Aquaporins R-HSA-432047,11,1,0.3965,2.5220680958385877,0.3314668533146685,1.0,AQP7
Extracellular Matrix Organization R-HSA-1474244,250,10,8.435,1.1855364552459988,0.33186681331866813,1.0,ADAM12;ADAMTS14;CAPNS1;COL22A1;MMP9;NCAM1;PLOD2;SCUBE1;TMPRSS6;TRAPPC4
Platelet Aggregation (Plug Formation) R-HSA-76009,34,2,1.1857,1.6867673104495235,0.33266673332666735,1.0,ADRA2C;PTPN1
Reversible Hydration Of Carbon Dioxide R-HSA-1475029,12,1,0.3989,2.5068939583855605,0.33466653334666535,1.0,CA5A
Deactivation Of Beta-Catenin Transactivating Complex R-HSA-3769402,37,2,1.1928,1.6767270288397047,0.33536646335366466,1.0,SOX17;SOX2
FOXO-mediated Transcription R-HSA-9614085,56,3,2.0677,1.4508874594960586,0.33786621337866213,1.0,DDIT3;INS;SMAD4
Acetylcholine Neurotransmitter Release Cycle R-HSA-264642,13,1,0.4108,2.4342745861733204,0.33806619338066196,1.0,SLC5A7
Activation Of SMO R-HSA-5635838,12,1,0.4025,2.484472049689441,0.33836616338366166,1.0,EVC
Heme Degradation R-HSA-189483,12,1,0.4087,2.446782481037436,0.34196580341965804,1.0,GUSB
SLC Transporter Disorders R-HSA-5619102,84,4,2.9611,1.3508493465266287,0.3424657534246575,1.0,AAAS;SLC22A18;SLC5A7;SLC6A3
Diseases Associated With Glycosylation Precursor Biosynthesis R-HSA-5609975,12,1,0.4131,2.420721374969741,0.34326567343265674,1.0,GALK1
SUMOylation Of DNA Damage Response And Repair Proteins R-HSA-3108214,53,3,2.0634,1.4539110206455363,0.34656534346565343,1.0,AAAS;CDKN2A;SP100
Synthesis Of Bile Acids And Bile Salts Via 27-Hydroxycholesterol R-HSA-193807,15,1,0.4223,2.3679848448969927,0.34826517348265174,1.0,HSD3B7
FGFR2c Ligand Binding And Activation R-HSA-190375,13,1,0.4215,2.372479240806643,0.34856514348565143,1.0,FGFR2
CRMPs In Sema3A Signaling R-HSA-399956,13,1,0.4255,2.3501762632197414,0.35056494350564943,1.0,CRMP1
Synthesis Of Bile Acids And Bile Salts Via 24-Hydroxycholesterol R-HSA-193775,14,1,0.4249,2.353494939985879,0.3508649135086491,1.0,HSD3B7
Cytosolic Sulfonation Of Small Molecules R-HSA-156584,13,1,0.4237,2.360160490913382,0.35396460353964604,1.0,SULT4A1
Degradation Of Extracellular Matrix R-HSA-1474228,90,4,3.0167,1.3259521994232106,0.35406459354064596,1.0,CAPNS1;MMP9;SCUBE1;TMPRSS6
NOTCH4 Intracellular Domain Regulates Transcription R-HSA-9013695,13,1,0.4314,2.3180343069077423,0.35496450354964504,1.0,FLT4
"Synthesis, Secretion, And Deacylation Of Ghrelin R-HSA-422085",13,1,0.4332,2.308402585410896,0.3564643535646435,1.0,INS
Intrinsic Pathway For Apoptosis R-HSA-109606,49,3,2.1275,1.410105757931845,0.35706429357064295,1.0,CDKN2A;TP73;YWHAH
Post-translational Protein Phosphorylation R-HSA-8957275,90,4,3.0159,1.326303922543851,0.35706429357064295,1.0,CDH2;F5;PENK;VGF
Trafficking Of GluR2-containing AMPA Receptors R-HSA-416993,13,1,0.4411,2.2670596236681027,0.3601639836016398,1.0,GRIA2
Recycling Of Bile Acids And Salts R-HSA-159418,14,1,0.4377,2.284669865204478,0.36026397360263973,1.0,FABP6
Leading Strand Synthesis R-HSA-69109,12,1,0.4442,2.25123818099955,0.3604639536046395,1.0,POLD4
TNFR1-induced Proapoptotic Signaling R-HSA-5357786,12,1,0.4342,2.3030861354214647,0.3611638836116388,1.0,TNF
Creation Of C4 And C2 Activators R-HSA-166786,13,1,0.4443,2.2507314877335136,0.36366363363663634,1.0,C1QC
Activation Of BH3-only Proteins R-HSA-114452,28,2,1.2648,1.5812776723592663,0.36546345365463456,1.0,TP73;YWHAH
Other Semaphorin Interactions R-HSA-416700,15,1,0.451,2.2172949002217295,0.3658634136586341,1.0,SEMA7A
Chk1/Chk2(Cds1) Mediated Inactivation Of Cyclin B:Cdk1 Complex R-HSA-75035,12,1,0.447,2.237136465324385,0.36736326367363265,1.0,YWHAH
Chaperonin-mediated Protein Folding R-HSA-390466,68,3,2.1671,1.3843385169120022,0.36736326367363265,1.0,HDAC3;RGS7;TUBB2B
TNFR2 Non-Canonical NF-kB Pathway R-HSA-5668541,90,4,3.0713,1.3023800996320776,0.3678632136786321,1.0,EDARADD;PSMD6;PSME1;TNF
Acetylcholine Binding And Downstream Events R-HSA-181431,14,1,0.4501,2.221728504776716,0.3688631136886311,1.0,CHRFAM7A
Glycogen Synthesis R-HSA-3322077,13,1,0.4608,2.170138888888889,0.36906309369063095,1.0,NHLRC1
Transport Of Inorganic Cations/Anions And Amino Acids/Oligopeptides R-HSA-425393,92,4,3.0777,1.2996718328622023,0.3708629137086291,1.0,SLC15A1;SLC15A3;SLC1A7;SLC9A3
Removal Of Flap Intermediate R-HSA-69166,10,1,0.4473,2.23563603845294,0.3711628837116288,1.0,POLD4
VxPx Cargo-Targeting To Cilium R-HSA-5620916,14,1,0.4619,2.164970772894566,0.3715628437156284,1.0,RHO
Diseases Associated With N-glycosylation Of Proteins R-HSA-3781860,13,1,0.4576,2.1853146853146854,0.3725627437256274,1.0,MOGAT2
Extension Of Telomeres R-HSA-180786,32,2,1.3005,1.5378700499807767,0.37506249375062495,1.0,POLD4;TERF2
Nuclear Envelope Breakdown R-HSA-2980766,39,2,1.3101,1.5266010228226852,0.37666233376662334,1.0,AAAS;BANF1
Retinoid Metabolism And Transport R-HSA-975634,38,2,1.3231,1.5116015418335726,0.3775622437756224,1.0,GPC2;LRAT
Interleukin-15 Signaling R-HSA-8983432,14,1,0.4708,2.1240441801189465,0.37876212378762125,1.0,IL15RA
Regulation Of Pyruvate Dehydrogenase (PDH) Complex R-HSA-204174,14,1,0.4761,2.1003990758244067,0.3795620437956204,1.0,LDHD
SARS-CoV-2 Targets Host Intracellular Signaling And Regulatory Pathways R-HSA-9755779,13,1,0.471,2.1231422505307855,0.38046195380461956,1.0,YWHAH
tRNA Processing In Nucleus R-HSA-6784531,40,2,1.3241,1.5104599350502228,0.38146185381461856,1.0,AAAS;COLEC12
Glycogen Storage Diseases R-HSA-3229121,14,1,0.4798,2.084201750729471,0.38196180381961803,1.0,NHLRC1
"Synthesis, Secretion, And Inactivation Of Glucagon-like Peptide-1 (GLP-1) R-HSA-381771",14,1,0.474,2.109704641350211,0.3825617438256174,1.0,PAX6
Regulation Of TP53 Degradation R-HSA-6804757,31,2,1.3126,1.5236934328813043,0.38416158384161586,1.0,CDKN2A;USP7
Hyaluronan Metabolism R-HSA-2142845,12,1,0.4702,2.126754572522331,0.3842615738426157,1.0,GUSB
Glycogen Breakdown (Glycogenolysis) R-HSA-70221,14,1,0.4759,2.101281781886951,0.38436156384361564,1.0,PHKG1
Synthesis Of Prostaglandins (PG) And Thromboxanes (TX) R-HSA-2162123,12,1,0.4692,2.131287297527707,0.38576142385761425,1.0,PTGDS
Keratinization R-HSA-6805567,104,4,3.173,1.2606366214938545,0.38786121387861217,1.0,CAPNS1;KRT6C;KRTAP13-3;SPRR2E
Synthesis Of PIPs At Golgi Membrane R-HSA-1660514,11,1,0.4783,2.090738030524775,0.38886111388861117,1.0,SACM1L
Cdc20:Phospho-APC/C Mediated Degradation Of Cyclin A R-HSA-174184,64,3,2.2662,1.3238019592268997,0.3892610738926107,1.0,BUB3;PSMD6;PSME1
Transcriptional Regulation By VENTX R-HSA-8853884,30,2,1.3455,1.4864362690449648,0.38986101389861016,1.0,CCND1;CDKN2A
FOXO-mediated Transcription Of Cell Death Genes R-HSA-9614657,13,1,0.4886,2.046663937781416,0.39036096390360964,1.0,DDIT3
NOTCH1 Intracellular Domain Regulates Transcription R-HSA-2122947,37,2,1.3397,1.4928715384041205,0.3915608439156084,1.0,HDAC3;NCOR2
Eicosanoid Ligand-Binding Receptors R-HSA-391903,14,1,0.4887,2.046245140167792,0.39286071392860716,1.0,PTGER3
Processive Synthesis On Lagging Strand R-HSA-69183,11,1,0.4806,2.0807324178110695,0.39306069393060694,1.0,POLD4
Diseases Associated With Visual Transduction R-HSA-2474795,11,1,0.4824,2.0729684908789388,0.39436056394360564,1.0,LRAT
Aflatoxin Activation And Detoxification R-HSA-5423646,14,1,0.4894,2.043318348998774,0.3945605439456054,1.0,GGT1
Ras Activation Upon Ca2+ Influx Thru NMDA Receptor R-HSA-442982,18,1,0.4993,2.002803925495694,0.3965603439656034,1.0,RASGRF1
APC:Cdc20 Mediated Degradation Of Cell Cycle Proteins Before Cycle Checkpoint Satisfied R-HSA-179419,65,3,2.3023,1.303044781305651,0.39866013398660133,1.0,BUB3;PSMD6;PSME1
Regulation Of TP53 Expression And Degradation R-HSA-6806003,32,2,1.3512,1.4801657785671996,0.39876012398760124,1.0,CDKN2A;USP7
RNA Polymerase III Chain Elongation R-HSA-73780,14,1,0.5006,1.997602876548142,0.4012598740125987,1.0,POLR3GL
Formation Of Tubulin Folding Intermediates By CCT/TriC R-HSA-389960,16,1,0.5136,1.9470404984423677,0.40475952404759524,1.0,TUBB2B
Diseases Of Programmed Cell Death R-HSA-9645723,36,2,1.3824,1.446759259259259,0.40475952404759524,1.0,CAPNS1;CDKN2A
TNFR1-induced NFkappaB Signaling Pathway R-HSA-5357956,17,1,0.5078,1.9692792437967703,0.40715928407159285,1.0,TNF
Protein Folding R-HSA-391251,73,3,2.3127,1.2971851083149566,0.40855914408559146,1.0,HDAC3;RGS7;TUBB2B
Processing Of Intronless Pre-mRNAs R-HSA-77595,17,1,0.5193,1.9256691700365878,0.408959104089591,1.0,COLEC12
Cleavage Of Damaged Pyrimidine R-HSA-110329,15,1,0.5249,1.9051247856734614,0.41075892410758924,1.0,TERF2
Cyclin E Associated Events During G1/S Transition R-HSA-69202,75,4,3.2526,1.229785402447273,0.41125887411258877,1.0,CCND1;PSMD6;PSME1;PTK6
Apoptosis R-HSA-109581,154,7,6.0959,1.1483128004068308,0.41135886411358863,1.0,CDKN2A;DCC;DNM1L;PSMD6;PSME1;TP73;YWHAH
PI3K Cascade R-HSA-109704,42,2,1.4161,1.412329637737448,0.41355864413558646,1.0,FGFR2;THEM4
Post-translational Modification: Synthesis Of GPI-anchored Proteins R-HSA-163125,69,3,2.3184,1.2939958592132506,0.41385861413858616,1.0,LYPD2;PIGO;SPACA4
Intraflagellar Transport R-HSA-5620924,16,1,0.5241,1.9080328181644723,0.41415858414158585,1.0,KIF3C
Signaling By Activin R-HSA-1502540,15,1,0.5173,1.9331142470520009,0.41545845415458454,1.0,SMAD4
"Defective B4GALT7 Causes EDS, Progeroid Type R-HSA-3560783",17,1,0.5261,1.9007793195210037,0.41575842415758424,1.0,GPC2
M Phase R-HSA-68886,229,9,8.0502,1.1179846463441903,0.41655834416558346,1.0,AAAS;BANF1;BUB3;CSNK1D;DCTN1;PSMD6;PSME1;SSNA1;TUBB2B
Early Phase Of HIV Life Cycle R-HSA-162594,13,1,0.5212,1.918649270913277,0.41685831416858316,1.0,BANF1
Metabolism Of Steroids R-HSA-8957322,129,5,4.2498,1.176525954162549,0.41775822417758224,1.0,ACOX2;CYP11A1;FABP6;HSD3B7;SCAP
APC/C:Cdc20 Mediated Degradation Of Mitotic Proteins R-HSA-176409,67,3,2.3739,1.2637432073802604,0.417958204179582,1.0,BUB3;PSMD6;PSME1
FCERI Mediated NF-kB Activation R-HSA-2871837,67,3,2.348,1.2776831345826236,0.41805819418058193,1.0,BCL10;PSMD6;PSME1
RAF/MAP Kinase Cascade R-HSA-5673001,232,9,8.072,1.1149653121902876,0.41875812418758124,1.0,ERBB2;FGFR2;GFRA1;KITLG;NCAM1;NRG1;PSMD6;PSME1;RASGRF1
O-linked Glycosylation Of Mucins R-HSA-913709,42,2,1.424,1.404494382022472,0.42015798420157985,1.0,MUC1;MUC4
RUNX1 Regulates Transcription Of Genes Involved In Differentiation Of HSCs R-HSA-8939236,64,3,2.3753,1.2629983581021345,0.42125787421257876,1.0,PSMD6;PSME1;TP73
Mismatch Repair (MMR) Directed By MSH2:MSH3 (MutSbeta) R-HSA-5358606,13,1,0.5318,1.88040616773223,0.4213578642135786,1.0,POLD4
Mismatch Repair (MMR) Directed By MSH2:MSH6 (MutSalpha) R-HSA-5358565,13,1,0.5334,1.8747656542932134,0.4216578342165783,1.0,POLD4
Assembly Of Active LPL And LIPC Lipase Complexes R-HSA-8963889,15,1,0.5352,1.8684603886397608,0.4216578342165783,1.0,FGF21
Metabolism Of Fat-Soluble Vitamins R-HSA-6806667,42,2,1.4486,1.3806433798149937,0.42195780421957807,1.0,GPC2;LRAT
Defective B3GAT3 Causes JDSSDHD R-HSA-3560801,17,1,0.5443,1.8372221201543266,0.42515748425157485,1.0,GPC2
Defective B3GALT6 Causes EDSP2 And SEMDJL1 R-HSA-4420332,17,1,0.5449,1.8351991191044226,0.4253574642535746,1.0,GPC2
Citric Acid Cycle (TCA Cycle) R-HSA-71403,18,1,0.5474,1.8268176835951773,0.4253574642535746,1.0,LDHD
Neurotransmitter Release Cycle R-HSA-112310,45,2,1.4493,1.3799765403988131,0.42675732426757323,1.0,SLC1A7;SLC5A7
Heparan Sulfate/Heparin (HS-GAG) Metabolism R-HSA-1638091,43,2,1.443,1.386001386001386,0.42785721427857215,1.0,GPC2;GUSB
Activation Of APC/C And APC/C:Cdc20 Mediated Degradation Of Mitotic Proteins R-HSA-176814,68,3,2.4091,1.245278319704454,0.42855714428557146,1.0,BUB3;PSMD6;PSME1
Interleukin-10 Signaling R-HSA-6783783,42,2,1.4465,1.3826477704804703,0.42875712428757123,1.0,CCL22;TNF
Cyclin A:Cdk2-associated Events At S Phase Entry R-HSA-69656,77,4,3.325,1.2030075187969924,0.42885711428857115,1.0,CCND1;PSMD6;PSME1;PTK6
FOXO-mediated Transcription Of Cell Cycle Genes R-HSA-9617828,12,1,0.5485,1.8231540565177757,0.42945705429457054,1.0,SMAD4
Class I Peroxisomal Membrane Protein Import R-HSA-9603798,17,1,0.5561,1.798237727027513,0.4303569643035696,1.0,PXMP2
NGF-stimulated Transcription R-HSA-9031628,38,2,1.461,1.3689253935660506,0.43115688431156884,1.0,ID4;VGF
Transcriptional Activation Of Mitochondrial Biogenesis R-HSA-2151201,42,2,1.4479,1.3813108640099454,0.43185681431856815,1.0,ACSS2;HDAC3
Transcriptional Regulation By AP-2 (TFAP2) Family Of Transcription Factors R-HSA-8864260,32,2,1.4466,1.3825521913452232,0.43215678432156784,1.0,ERBB2;PITX2
Deadenylation Of mRNA R-HSA-429947,17,1,0.5534,1.8070112034694614,0.43255674432556745,1.0,CNOT1
Sealing Of Nuclear Envelope (NE) By ESCRT-III R-HSA-9668328,17,1,0.5614,1.7812611328820804,0.43375662433756623,1.0,TUBB2B
Pre-NOTCH Expression And Processing R-HSA-1912422,35,2,1.4563,1.3733434045183,0.43395660433956607,1.0,CCND1;ELF3
Gastrin-CREB Signaling Pathway Via PKC And MAPK R-HSA-881907,17,1,0.5537,1.8060321473722234,0.43415658434156584,1.0,GAST
Signaling By NOTCH4 R-HSA-9013694,69,3,2.3836,1.258600436314818,0.43445655434456554,1.0,FLT4;PSMD6;PSME1
Signaling To RAS R-HSA-167044,17,1,0.5612,1.781895937277263,0.43515648435156484,1.0,RALB
Activated Point Mutants Of FGFR2 R-HSA-2033519,17,1,0.5659,1.7670966601873124,0.43545645435456454,1.0,FGFR2
Regulation Of TP53 Activity Thru Association With Co-factors R-HSA-6804759,12,1,0.541,1.8484288354898335,0.43645635436456354,1.0,TP73
DSCAM Interactions R-HSA-376172,10,1,0.5364,1.8642803877703207,0.43745625437456254,1.0,DCC
IRS-mediated Signaling R-HSA-112399,45,2,1.4878,1.3442667025137787,0.4383561643835616,1.0,FGFR2;THEM4
MAPK1/MAPK3 Signaling R-HSA-5684996,237,9,8.2298,1.0935867214270092,0.43885611438856115,1.0,ERBB2;FGFR2;GFRA1;KITLG;NCAM1;NRG1;PSMD6;PSME1;RASGRF1
Disorders Of Transmembrane Transporters R-HSA-5619115,150,6,5.3069,1.1306035538638377,0.4390560943905609,1.0,AAAS;PSMD6;PSME1;SLC22A18;SLC5A7;SLC6A3
Telomere Extension By Telomerase R-HSA-171319,14,1,0.5654,1.7686593562079942,0.43915608439156084,1.0,TERF2
p53-Dependent G1 DNA Damage Response R-HSA-69563,59,3,2.4202,1.239566977935708,0.44155584441555845,1.0,CDKN2A;PSMD6;PSME1
Mismatch Repair R-HSA-5358508,14,1,0.5676,1.7618040873854828,0.44215578442155784,1.0,POLD4
Scavenging By Class A Receptors R-HSA-3000480,18,1,0.5769,1.733402669440111,0.4430556944305569,1.0,COLEC12
"Base-Excision Repair, AP Site Formation R-HSA-73929",17,1,0.5797,1.7250301880282906,0.4430556944305569,1.0,TERF2
Branched-chain Amino Acid Catabolism R-HSA-70895,18,1,0.58,1.7241379310344829,0.44345565443455653,1.0,LDHD
Synthesis Of Glycosylphosphatidylinositol (GPI) R-HSA-162710,16,1,0.572,1.7482517482517483,0.44355564443555645,1.0,PIGO
Ion Channel Transport R-HSA-983712,126,5,4.3654,1.1453704127914968,0.44385561443855615,1.0,ATP10A;ATP6V0B;ATP8A2;FXYD4;SCNN1D
Chemokine Receptors Bind Chemokines R-HSA-380108,47,2,1.5004,1.3329778725673154,0.44465553444655537,1.0,CCL22;CX3CL1
Downstream Signaling Events Of B Cell Receptor (BCR) R-HSA-1168372,71,3,2.4542,1.2223942628962594,0.44475552444755523,1.0,BCL10;PSMD6;PSME1
Initiation Of Nuclear Envelope (NE) Reformation R-HSA-2995383,17,1,0.5806,1.722356183258698,0.44545545445455453,1.0,BANF1
Regulation Of IFNG Signaling R-HSA-877312,14,1,0.5615,1.7809439002671417,0.44565543445655437,1.0,PTPN1
Na+/Cl- Dependent Neurotransmitter Transporters R-HSA-442660,18,1,0.5809,1.7214666896195558,0.44825517448255175,1.0,SLC6A3
Base Excision Repair R-HSA-73884,42,2,1.5273,1.3095004255876381,0.44835516448355167,1.0,POLD4;TERF2
Signal Attenuation R-HSA-74749,10,1,0.5629,1.7765144785930007,0.44935506449355067,1.0,INS
Cross-presentation Of Soluble Exogenous Antigens (Endosomes) R-HSA-1236978,43,2,1.5224,1.3137151865475565,0.45095490450954906,1.0,PSMD6;PSME1
Glutamate Neurotransmitter Release Cycle R-HSA-210500,19,1,0.5929,1.6866250632484399,0.45325467453254675,1.0,SLC1A7
Hedgehog On State R-HSA-5632684,71,3,2.4878,1.2058847174210146,0.4547545245475452,1.0,EVC;PSMD6;PSME1
Initial Triggering Of Complement R-HSA-166663,17,1,0.5931,1.686056314280897,0.45485451454854514,1.0,C1QC
Constitutive Signaling By NOTCH1 HD+PEST Domain Mutants R-HSA-2894862,43,2,1.5505,1.289906481780071,0.45585441455854414,1.0,HDAC3;NCOR2
Phospholipase C-mediated Cascade; FGFR2 R-HSA-5654221,18,1,0.6022,1.6605778811026237,0.4560543945605439,1.0,FGFR2
FGFR2 Ligand Binding And Activation R-HSA-190241,18,1,0.6023,1.6603021749958493,0.45625437456254375,1.0,FGFR2
Mitotic Prometaphase R-HSA-68877,104,4,3.4739,1.1514436224416362,0.45845415458454153,1.0,BUB3;CSNK1D;DCTN1;SSNA1
G1/S DNA Damage Checkpoints R-HSA-69615,61,3,2.4928,1.2034659820282414,0.45935406459354067,1.0,CDKN2A;PSMD6;PSME1
TP53 Regulates Transcription Of Additional Cell Death Genes With Uncertain Roles In P53-Dependent Apoptosis R-HSA-6803205,13,1,0.5922,1.6886187098953058,0.45995400459954006,1.0,TP73
Regulation Of KIT Signaling R-HSA-1433559,14,1,0.5948,1.6812373907195697,0.46025397460253975,1.0,KITLG
RNA Polymerase II Transcribes snRNA Genes R-HSA-6807505,44,2,1.5386,1.2998830105290524,0.46035396460353967,1.0,SNAPC1;SNAPC4
Signaling By ERBB2 ECD Mutants R-HSA-9665348,13,1,0.5851,1.7091095539224066,0.4607539246075392,1.0,ERBB2
Common Pathway Of Fibrin Clot Formation R-HSA-140875,19,1,0.6125,1.6326530612244896,0.461053894610539,1.0,F5
RNA Polymerase III Transcription Termination R-HSA-73980,18,1,0.6084,1.6436554898093358,0.46205379462053797,1.0,POLR3GL
Negative Regulation Of TCF-dependent Signaling By WNT Ligand Antagonists R-HSA-3772470,14,1,0.6092,1.6414970453053186,0.46225377462253775,1.0,SFRP1
Biosynthesis Of DHA-derived SPMs R-HSA-9018677,16,1,0.6089,1.6423057973394646,0.46365363463653636,1.0,ALOX5
Netrin-1 Signaling R-HSA-373752,40,2,1.5447,1.2947497896031592,0.4637536246375362,1.0,DCC;SLIT2
Inactivation Of APC/C Via Direct Inhibition Of APC/C Complex R-HSA-141430,18,1,0.6088,1.6425755584756898,0.46395360463953605,1.0,BUB3
CLEC7A (Dectin-1) Signaling R-HSA-5607764,89,4,3.4714,1.1522728582128248,0.46415358464153583,1.0,BCL10;CCL22;PSMD6;PSME1
Phase 4 - Resting Membrane Potential R-HSA-5576886,18,1,0.6096,1.6404199475065615,0.46465353464653536,1.0,KCNK12
Regulation Of Ornithine Decarboxylase (ODC) R-HSA-350562,44,2,1.556,1.2853470437017995,0.46485351464853514,1.0,PSMD6;PSME1
Cellular Hexose Transport R-HSA-189200,18,1,0.6116,1.6350555918901242,0.4664533546645335,1.0,FGF21
Apoptotic Factor-Mediated Response R-HSA-111471,16,1,0.6144,1.6276041666666667,0.46695330466953305,1.0,CDKN2A
Signaling By SCF-KIT R-HSA-1433557,40,2,1.5595,1.2824623276691247,0.4694530546945305,1.0,KITLG;MMP9
"Unblocking Of NMDA Receptors, Glutamate Binding And Activation R-HSA-438066",20,1,0.6202,1.6123831022250887,0.46955304469553044,1.0,GRIA2
Deregulated CDK5 Triggers Neurodegenerative Pathways In Alzheimers Disease Models R-HSA-8862803,18,1,0.6272,1.594387755102041,0.47025297470252975,1.0,CAPNS1
Sensory Processing Of Sound R-HSA-9659379,51,2,1.5779,1.2675074466062488,0.47055294470552944,1.0,CACNA1D;CHRNA10
Biosynthesis Of Specialized Proresolving Mediators (SPMs) R-HSA-9018678,17,1,0.6248,1.6005121638924455,0.4724527547245275,1.0,ALOX5
Insulin Processing R-HSA-264876,19,1,0.6345,1.5760441292356187,0.4734526547345265,1.0,INS
Triglyceride Catabolism R-HSA-163560,19,1,0.621,1.6103059581320451,0.47415258474152583,1.0,FABP6
Cellular Response To Chemical Stress R-HSA-9711123,154,6,5.4984,1.0912265386294195,0.4747525247475253,1.0,CDKN2A;HDAC3;NCOR2;PSMD6;PSME1;PTK6
HCMV Late Events R-HSA-9610379,47,2,1.5915,1.2566760917373547,0.47835216478352166,1.0,AAAS;UCN3
DCC Mediated Attractive Signaling R-HSA-418885,12,1,0.6176,1.6191709844559585,0.4804519548045195,1.0,DCC
Regulation Of Activated PAK-2p34 By Proteasome Mediated Degradation R-HSA-211733,45,2,1.6103,1.242004595417003,0.48175182481751827,1.0,PSMD6;PSME1
Regulation Of APC/C Activators Between G1/S And Early Anaphase R-HSA-176408,71,3,2.6017,1.1530922089403082,0.48335166483351666,1.0,BUB3;PSMD6;PSME1
Interleukin-20 Family Signaling R-HSA-8854691,21,1,0.6604,1.5142337976983646,0.48565143485651435,1.0,IL22RA1
TFAP2 (AP-2) Family Regulates Transcription Of Growth Factors And Their Receptors R-HSA-8866910,11,1,0.6356,1.5733165512901195,0.48655134486551344,1.0,ERBB2
Signaling By FGFR2 IIIa TM R-HSA-8851708,19,1,0.65,1.5384615384615383,0.48685131486851313,1.0,FGFR2
Prefoldin Mediated Transfer Of Substrate To CCT/TriC R-HSA-389957,20,1,0.6569,1.5223017202009437,0.48735126487351266,1.0,TUBB2B
Response Of EIF2AK1 (HRI) To Heme Deficiency R-HSA-9648895,14,1,0.6403,1.561767921286897,0.48765123487651235,1.0,DDIT3
Syndecan Interactions R-HSA-3000170,20,1,0.6602,1.5146925174189638,0.48965103489651035,1.0,TRAPPC4
Cell-cell Junction Organization R-HSA-421270,45,2,1.6237,1.2317546344768122,0.49005099490050996,1.0,CDH2;CDH5
Physiological Factors R-HSA-5578768,12,1,0.617,1.6207455429497568,0.49125087491250874,1.0,GATA4
Lagging Strand Synthesis R-HSA-69186,16,1,0.6632,1.5078407720144753,0.49225077492250774,1.0,POLD4
FBXL7 Down-Regulates AURKA During Mitotic Entry And In Early Mitosis R-HSA-8854050,46,2,1.6487,1.2130769697337296,0.49335066493350666,1.0,PSMD6;PSME1
Vpu Mediated Degradation Of CD4 R-HSA-180534,46,2,1.6428,1.2174336498660823,0.4941505849415059,1.0,PSMD6;PSME1
G2/M Transition R-HSA-69275,126,5,4.6226,1.0816423657681824,0.4948505149485051,1.0,CSNK1D;DCTN1;PSMD6;PSME1;SSNA1
CD28 Dependent PI3K/Akt Signaling R-HSA-389357,20,1,0.6687,1.4954389113204727,0.49675032496750327,1.0,THEM4
IRS-related Events Triggered By IGF1R R-HSA-2428928,49,2,1.6593,1.205327547761104,0.4971502849715029,1.0,FGFR2;THEM4
Regulation Of Apoptosis R-HSA-169911,47,2,1.6629,1.2027181430031872,0.49895010498950104,1.0,PSMD6;PSME1
Signal Transduction By L1 R-HSA-445144,20,1,0.6771,1.476886722788362,0.49905009499050096,1.0,NCAM1
Constitutive Signaling By AKT1 E17K In Cancer R-HSA-5674400,19,1,0.6816,1.4671361502347418,0.5003499650034996,1.0,NR4A1
Nucleotide Salvage R-HSA-8956321,20,1,0.6747,1.4821402104639099,0.5025497450254974,1.0,UCK1
Ephrin Signaling R-HSA-3928664,16,1,0.673,1.4858841010401187,0.503949605039496,1.0,GIT1
Vif-mediated Degradation Of APOBEC3G R-HSA-180585,47,2,1.6792,1.1910433539780847,0.5045495450454954,1.0,PSMD6;PSME1
Inhibition Of DNA Recombination At Telomere R-HSA-9670095,20,1,0.6869,1.4558159848595138,0.5057494250574942,1.0,TERF2
PI-3K cascade:FGFR2 R-HSA-5654695,21,1,0.6933,1.4423770373575653,0.5068493150684932,1.0,FGFR2
TP53 Regulates Transcription Of Cell Cycle Genes R-HSA-6791312,42,2,1.6911,1.182662172550411,0.5076492350764924,1.0,CNOT1;PLAGL1
Metabolism Of Amino Acids And Derivatives R-HSA-71291,286,10,9.7001,1.0309172070391026,0.5089491050894911,1.0,AGXT;ASPA;BHMT;GOT2;LDHD;NAGS;PSMD6;PSME1;PXMP2;RPL3L
IGF1R Signaling Cascade R-HSA-2428924,50,2,1.698,1.1778563015312131,0.5091490850914908,1.0,FGFR2;THEM4
TCF Dependent Signaling In Response To WNT R-HSA-201681,152,6,5.6881,1.0548337757775004,0.5091490850914908,1.0,PSMD6;PSME1;RUNX3;SFRP1;SOX17;SOX2
Mitotic G2-G2/M Phases R-HSA-453274,128,5,4.6951,1.0649400438755299,0.5095490450954905,1.0,CSNK1D;DCTN1;PSMD6;PSME1;SSNA1
Nuclear Events Mediated By NFE2L2 R-HSA-9759194,74,3,2.7008,1.110781990521327,0.5096490350964904,1.0,CDKN2A;PSMD6;PSME1
PTEN Regulation R-HSA-6807070,108,4,3.7323,1.0717252096562442,0.5101489851014899,1.0,HDAC3;PSMD6;PSME1;USP7
Negative Regulation Of MET Activity R-HSA-6807004,20,1,0.7152,1.3982102908277405,0.5114488551144886,1.0,PTPN1
Glycerophospholipid Biosynthesis R-HSA-1483206,78,3,2.699,1.1115227862171175,0.5126487351264873,1.0,PLA2G2A;PLA2G2E;TMEM86B
GSK3B And BTRC:CUL1-mediated-degradation Of NFE2L2 R-HSA-9762114,48,2,1.6978,1.1779950524207798,0.5128487151284872,1.0,PSMD6;PSME1
Ubiquitin Mediated Degradation Of Phosphorylated Cdc25A R-HSA-69601,47,2,1.7037,1.1739155954686857,0.5131486851314868,1.0,PSMD6;PSME1
Xenobiotics R-HSA-211981,21,1,0.7042,1.4200511218403862,0.5133486651334866,1.0,CYP2C18
Golgi-to-ER Retrograde Transport R-HSA-8856688,81,3,2.7074,1.1080741670975844,0.5135486451354865,1.0,DCTN1;KIF22;KIF3C
Interaction Between L1 And Ankyrins R-HSA-445095,22,1,0.6996,1.429388221841052,0.5136486351364864,1.0,SCN3B
Autodegradation Of E3 Ubiquitin Ligase COP1 R-HSA-349425,46,2,1.7049,1.1730893307525367,0.5141485851414859,1.0,PSMD6;PSME1
SHC-mediated cascade:FGFR2 R-HSA-5654699,22,1,0.7154,1.3978194017332959,0.5146485351464853,1.0,FGFR2
Cooperation Of Prefoldin And TriC/CCT In Actin And Tubulin Folding R-HSA-389958,22,1,0.7125,1.4035087719298245,0.5149485051494851,1.0,TUBB2B
Activation Of BAD And Translocation To Mitochondria R-HSA-111447,15,1,0.6868,1.4560279557367501,0.5157484251574842,1.0,YWHAH
RAB Geranylgeranylation R-HSA-8873719,50,2,1.7102,1.169453865045024,0.5178482151784821,1.0,RAB34;RAB37
YAP1- And WWTR1 (TAZ)-stimulated Gene Expression R-HSA-2032785,12,1,0.6732,1.4854426619132501,0.518048195180482,1.0,GATA4
TP53 Regulates Transcription Of Death Receptors And Ligands R-HSA-6803211,10,1,0.6858,1.458151064450277,0.518048195180482,1.0,TP73
ATF4 Activates Genes In Response To Endoplasmic Reticulum Stress R-HSA-380994,21,1,0.717,1.394700139470014,0.5183481651834817,1.0,DDIT3
Signaling By Type 1 Insulin-like Growth Factor 1 Receptor (IGF1R) R-HSA-2404192,51,2,1.7307,1.1556017796267406,0.5201479852014799,1.0,FGFR2;THEM4
AUF1 (hnRNP D0) Binds And Destabilizes mRNA R-HSA-450408,49,2,1.7351,1.152671315774307,0.5205479452054794,1.0,PSMD6;PSME1
FRS-mediated FGFR2 Signaling R-HSA-5654700,23,1,0.7286,1.372495196266813,0.521047895210479,1.0,FGFR2
HS-GAG Biosynthesis R-HSA-2022928,22,1,0.7242,1.3808340237503454,0.5215478452154785,1.0,GPC2
Signaling By Interleukins R-HSA-449147,384,14,13.823,1.0128047457136655,0.5217478252174782,1.0,ALOX5;CCL22;CCND1;FSCN1;IL15RA;IL17RC;IL22RA1;MMP9;MUC1;PSMD6;PSME1;SOX2;TNF;TWIST1
Formation Of Cornified Envelope R-HSA-6809371,55,2,1.7408,1.1488970588235294,0.5227477252274773,1.0,CAPNS1;SPRR2E
Sema4D Induced Cell Migration And Growth-Cone Collapse R-HSA-416572,17,1,0.709,1.4104372355430184,0.5229477052294771,1.0,ERBB2
RA Biosynthesis Pathway R-HSA-5365859,18,1,0.7146,1.3993842709207949,0.5249475052494751,1.0,ALDH1A3
Metabolism Of Polyamines R-HSA-351202,49,2,1.7381,1.1506817789540302,0.5249475052494751,1.0,PSMD6;PSME1
Cyclin D Associated Events In G1 R-HSA-69231,45,3,2.7176,1.103915219311157,0.5249475052494751,1.0,CCND1;CDKN2A;PTK6
Glucagon-like Peptide-1 (GLP1) Regulates Insulin Secretion R-HSA-381676,39,2,1.7209,1.1621825788831426,0.5262473752624738,1.0,GNAS;KCNC2
Phase 0 - Rapid Depolarisation R-HSA-5576892,24,1,0.7446,1.3430029546065,0.5276472352764724,1.0,SCN3B
Negative Regulation Of NOTCH4 Signaling R-HSA-9604323,50,2,1.7531,1.1408362329587587,0.5276472352764724,1.0,PSMD6;PSME1
Surfactant Metabolism R-HSA-5683826,21,1,0.7344,1.3616557734204793,0.5277472252774722,1.0,ADRA2C
RNA Polymerase III Transcription Initiation From Type 2 Promoter R-HSA-76066,21,1,0.7348,1.360914534567229,0.5278472152784721,1.0,POLR3GL
"Cell Cycle, Mitotic R-HSA-69278",337,13,12.8907,1.0084789809707773,0.5282471752824718,1.0,AAAS;BANF1;BUB3;CCND1;CDKN2A;CSNK1D;DCTN1;POLD4;PSMD6;PSME1;PTK6;SSNA1;TUBB2B
SCF-beta-TrCP Mediated Degradation Of Emi1 R-HSA-174113,49,2,1.7551,1.1395362087630334,0.5308469153084692,1.0,PSMD6;PSME1
COPI-dependent Golgi-to-ER Retrograde Traffic R-HSA-6811434,52,2,1.7661,1.1324387067549968,0.5308469153084692,1.0,KIF22;KIF3C
GAG Synthesis Requires Tetrasaccharide Linker Sequence R-HSA-1971475,23,1,0.737,1.3568521031207599,0.5311468853114688,1.0,GPC2
Phase I - Functionalization Of Compounds R-HSA-211945,88,3,2.7629,1.0858156285062797,0.5314468553144686,1.0,ACSS2;CYP11A1;CYP2C18
HIV Life Cycle R-HSA-162587,111,4,3.805,1.0512483574244416,0.5315468453154685,1.0,AAAS;BANF1;RANBP1;SSRP1
TP53 Regulates Transcription Of Genes Involved In Cytochrome C Release R-HSA-6803204,15,1,0.7223,1.3844662882458811,0.5317468253174683,1.0,TP73
Hh Mutants Are Degraded By ERAD R-HSA-5362768,50,2,1.7675,1.1315417256011315,0.5328467153284672,1.0,PSMD6;PSME1
Gap Junction Trafficking R-HSA-190828,20,1,0.7435,1.3449899125756557,0.5329467053294671,1.0,GJB4
PCP/CE Pathway R-HSA-4086400,80,3,2.7966,1.0727311735679037,0.5337466253374663,1.0,FZD9;PSMD6;PSME1
SUMOylation Of Transcription Factors R-HSA-3232118,18,1,0.745,1.342281879194631,0.5342465753424658,1.0,CDKN2A
Nuclear Envelope (NE) Reassembly R-HSA-2995410,52,2,1.7892,1.11781801922647,0.5368463153684632,1.0,BANF1;TUBB2B
Synthesis Of IP3 And IP4 In Cytosol R-HSA-1855204,19,1,0.7498,1.3336889837289942,0.5372462753724627,1.0,ITPKA
Circadian Clock R-HSA-400253,54,2,1.7939,1.1148893472322872,0.5382461753824618,1.0,CSNK1D;HDAC3
Transcriptional Activity Of SMAD2/SMAD3:SMAD4 Heterotrimer R-HSA-2173793,48,2,1.8033,1.109077801807797,0.5382461753824618,1.0,NCOR2;SMAD4
Metabolism Of Porphyrins R-HSA-189445,22,1,0.7666,1.3044612575006522,0.5388461153884612,1.0,GUSB
Degradation Of AXIN R-HSA-4641257,50,2,1.7883,1.118380584913046,0.5395460453954605,1.0,PSMD6;PSME1
Amyloid Fiber Formation R-HSA-977225,49,2,1.7799,1.1236586325074442,0.5403459654034597,1.0,CALB1;INS
CREB1 Phosphorylation Thru NMDA Receptor-Mediated Activation Of RAS Signaling R-HSA-442742,26,1,0.7724,1.294665976178146,0.5405459454054594,1.0,RASGRF1
Telomere Maintenance R-HSA-157579,46,2,1.7981,1.1122851899226962,0.5405459454054594,1.0,POLD4;TERF2
Endogenous Sterols R-HSA-211976,24,1,0.7648,1.307531380753138,0.5406459354064593,1.0,CYP11A1
Downstream TCR Signaling R-HSA-202424,79,3,2.8314,1.0595465140919686,0.5414458554144586,1.0,BCL10;PSMD6;PSME1
RNA Polymerase III Transcription Initiation From Type 1 Promoter R-HSA-76061,22,1,0.7678,1.3024225058609011,0.5426457354264573,1.0,POLR3GL
PCNA-Dependent Long Patch Base Excision Repair R-HSA-5651801,19,1,0.7687,1.3008976193573565,0.5436456354364564,1.0,POLD4
Gap-filling DNA Repair Synthesis And Ligation In GG-NER R-HSA-5696397,22,1,0.7747,1.290822253775655,0.5447455254474552,1.0,POLD4
Cytochrome P450 - Arranged By Substrate Type R-HSA-211897,56,2,1.8064,1.1071744906997343,0.5454454554544546,1.0,CYP11A1;CYP2C18
NIK To Noncanonical NF-kB Signaling R-HSA-5676590,51,2,1.813,1.1031439602868174,0.5466453354664533,1.0,PSMD6;PSME1
Defective CFTR Causes Cystic Fibrosis R-HSA-5678895,51,2,1.8217,1.0978756106933083,0.5477452254774523,1.0,PSMD6;PSME1
Defective TPR May Confer Susceptibility Towards Thyroid Papillary Carcinoma (TPC) R-HSA-5619107,23,1,0.7849,1.274047649382087,0.547945205479452,1.0,AAAS
Programmed Cell Death R-HSA-5357801,181,7,6.981,1.0027216731127346,0.5496450354964504,1.0,CDKN2A;DCC;DNM1L;PSMD6;PSME1;TP73;YWHAH
Degradation Of DVL R-HSA-4641258,51,2,1.8302,1.0927767457108513,0.5516448355164484,1.0,PSMD6;PSME1
Ca2+ Pathway R-HSA-4086398,53,2,1.8059,1.107481034387286,0.5517448255174483,1.0,FZD9;PDE6G
NEP/NS2 Interacts With Cellular Export Machinery R-HSA-168333,23,1,0.7884,1.2683916793505834,0.5521447855214479,1.0,AAAS
Transport Of SLBP Independent Mature mRNA R-HSA-159227,25,1,0.7979,1.2532898859506203,0.5536446355364464,1.0,AAAS
APC-Cdc20 Mediated Degradation Of Nek2A R-HSA-179409,23,1,0.7854,1.2732365673542145,0.5540445955404459,1.0,BUB3
Mitochondrial Fatty Acid Beta-Oxidation R-HSA-77289,24,1,0.7939,1.2596044841919636,0.555044495550445,1.0,THEM4
Sema4D In Semaphorin Signaling R-HSA-400685,19,1,0.781,1.2804097311139564,0.5562443755624438,1.0,ERBB2
Regulation Of IFNA/IFNB Signaling R-HSA-912694,24,1,0.7899,1.2659830358273199,0.5571442855714429,1.0,PTPN1
SUMO E3 Ligases SUMOylate Target Proteins R-HSA-3108232,132,5,4.9729,1.0054495364877636,0.5571442855714429,1.0,AAAS;CDKN2A;NCOR2;SP100;THRB
Gap-filling DNA Repair Synthesis And Ligation In TC-NER R-HSA-6782210,54,2,1.8483,1.0820754206568197,0.5572442755724427,1.0,POLD4;USP7
Paracetamol ADME R-HSA-9753281,22,1,0.8102,1.2342631449024932,0.5576442355764424,1.0,GGT1
tRNA Processing R-HSA-72306,57,2,1.865,1.0723860589812333,0.5584441555844416,1.0,AAAS;COLEC12
Processing Of Capped Intronless Pre-mRNA R-HSA-75067,25,1,0.8031,1.2451749470800646,0.5604439556044396,1.0,COLEC12
Regulation Of RUNX1 Expression And Activity R-HSA-8934593,11,1,0.747,1.3386880856760375,0.561043895610439,1.0,CCND1
PERK Regulates Gene Expression R-HSA-381042,24,1,0.8115,1.2322858903265557,0.5615438456154385,1.0,DDIT3
G Alpha (Z) Signaling Events R-HSA-418597,43,2,1.8357,1.089502642043907,0.5616438356164384,1.0,ADRA2C;GNAS
L1CAM Interactions R-HSA-373760,86,3,2.9124,1.0300782859497322,0.5620437956204379,1.0,GAP43;NCAM1;SCN3B
Aspirin ADME R-HSA-9749641,30,1,0.8158,1.2257906349595489,0.5632436756324367,1.0,SLC22A7
Degradation Of GLI2 By Proteasome R-HSA-5610783,54,2,1.8679,1.070721130681514,0.5642435756424358,1.0,PSMD6;PSME1
Transport Of Ribonucleoproteins Into Host Nucleus R-HSA-168271,24,1,0.822,1.2165450121654502,0.5643435656434357,1.0,AAAS
Termination Of Translesion DNA Synthesis R-HSA-5656169,24,1,0.8271,1.2090436464756378,0.5647435256474352,1.0,POLD4
Nuclear Import Of Rev Protein R-HSA-180746,24,1,0.8233,1.2146240738491436,0.5653434656534346,1.0,AAAS
G Alpha (Q) Signaling Events R-HSA-416476,180,6,6.0618,0.9898050084133426,0.5661433856614339,1.0,ABHD6;AGXT;GAST;NTS;RGS3;TACR2
Phase 2 - Plateau Phase R-HSA-5576893,13,1,0.7605,1.314924391847469,0.5676432356764324,1.0,KCNQ1
Hh Mutants Abrogate Ligand Secretion R-HSA-5387390,53,2,1.8726,1.0680337498664958,0.5677432256774323,1.0,PSMD6;PSME1
Effects Of PIP2 Hydrolysis R-HSA-114508,21,1,0.8139,1.2286521685710776,0.5678432156784322,1.0,ABHD6
Synthesis Of Active Ubiquitin: Roles Of E1 And E2 Enzymes R-HSA-8866652,25,1,0.8164,1.224889759921607,0.5687431256874312,1.0,USP7
Export Of Viral Ribonucleoproteins From Nucleus R-HSA-168274,24,1,0.8248,1.2124151309408342,0.5688431156884312,1.0,AAAS
Gap Junction Trafficking And Regulation R-HSA-157858,22,1,0.8179,1.222643354933366,0.5691430856914309,1.0,GJB4
Transport Of SLBP Dependant Mature mRNA R-HSA-159230,26,1,0.8343,1.198609612849095,0.5694430556944305,1.0,AAAS
GLI3 Is Processed To GLI3R By Proteasome R-HSA-5610785,54,2,1.8865,1.0601643254704478,0.5694430556944305,1.0,PSMD6;PSME1
EGR2 And SOX10-mediated Initiation Of Schwann Cell Myelination R-HSA-9619665,25,1,0.8312,1.2030798845043311,0.5697430256974303,1.0,PXMP2
Dual Incision In TC-NER R-HSA-6782135,55,2,1.8915,1.0573618821041502,0.5700429957004299,1.0,POLD4;USP7
Aquaporin-mediated Transport R-HSA-445717,45,2,1.8598,1.0753844499408538,0.5711428857114289,1.0,AQP7;GNAS
"Glutamate Binding, Activation Of AMPA Receptors And Synaptic Plasticity R-HSA-399721",26,1,0.8325,1.2012012012012012,0.5713428657134286,1.0,GRIA2
Nervous System Development R-HSA-9675108,461,16,16.3459,0.9788387302014572,0.5714428557144285,1.0,CACNA1D;CRMP1;DCC;ERBB2;GAP43;GFRA1;GIT1;MMP9;NCAM1;PSMD6;PSME1;PXMP2;RPL3L;SCN3B;SEMA7A;SLIT2
S Phase R-HSA-69242,125,5,5.042,0.9916699722332408,0.5722427757224278,1.0,CCND1;POLD4;PSMD6;PSME1;PTK6
Degradation Of GLI1 By Proteasome R-HSA-5610780,54,2,1.9043,1.0502546867615397,0.5754424557544245,1.0,PSMD6;PSME1
Pausing And Recovery Of Tat-mediated HIV Elongation R-HSA-167238,23,1,0.8361,1.196029183112068,0.5757424257574243,1.0,SSRP1
MAPK Family Signaling Cascades R-HSA-5683057,268,9,9.2424,0.9737730459620878,0.5784421557844216,1.0,ERBB2;FGFR2;GFRA1;KITLG;NCAM1;NRG1;PSMD6;PSME1;RASGRF1
Signaling By ALK R-HSA-201556,25,1,0.8492,1.1775788977861517,0.5787421257874212,1.0,HDAC3
DNA Strand Elongation R-HSA-69190,21,1,0.8478,1.179523472517103,0.5797420257974203,1.0,POLD4
Signaling By NOTCH1 R-HSA-1980143,54,2,1.9491,1.026114617002719,0.5829417058294171,1.0,HDAC3;NCOR2
MET Promotes Cell Motility R-HSA-8875878,25,1,0.8639,1.1575413821044103,0.5833416658334166,1.0,TNS4
SUMOylation R-HSA-2990846,136,5,5.1184,0.9768677711784932,0.5834416558344165,1.0,AAAS;CDKN2A;NCOR2;SP100;THRB
Integrin Signaling R-HSA-354192,25,1,0.8579,1.1656370206317752,0.5836416358364164,1.0,PTPN1
Activation Of Matrix Metalloproteinases R-HSA-1592389,27,1,0.8554,1.1690437222352115,0.5841415858414158,1.0,MMP9
Resolution Of AP Sites Via Multiple-Nucleotide Patch Replacement Pathway R-HSA-110373,22,1,0.8573,1.166452816983553,0.5843415658434157,1.0,POLD4
Regulation Of TNFR1 Signaling R-HSA-5357905,25,1,0.859,1.1641443538998837,0.5864413558644136,1.0,TNF
Negative Regulators Of DDX58/IFIH1 Signaling R-HSA-936440,26,1,0.8728,1.1457378551787352,0.5864413558644136,1.0,PCBP2
HSF1 Activation R-HSA-3371511,27,1,0.8649,1.1562030292519367,0.5880411958804119,1.0,GML
Downstream Signaling Of Activated FGFR2 R-HSA-5654696,27,1,0.8748,1.1431184270690444,0.5896410358964104,1.0,FGFR2
HIV Elongation Arrest And Recovery R-HSA-167287,24,1,0.8711,1.1479738261967627,0.5902409759024098,1.0,SSRP1
TNFs Bind Their Physiological Receptors R-HSA-5669034,26,1,0.8782,1.1386927806877705,0.5935406459354065,1.0,EDARADD
SUMOylation Of SUMOylation Proteins R-HSA-4085377,26,1,0.8856,1.1291779584462511,0.5943405659434057,1.0,AAAS
Signaling By Hedgehog R-HSA-5358351,109,4,4.0798,0.9804402176577284,0.5951404859514049,1.0,EVC;GNAS;PSMD6;PSME1
Nuclear Pore Complex (NPC) Disassembly R-HSA-3301854,26,1,0.8937,1.1189437171310281,0.5969403059694031,1.0,AAAS
Role Of GTSE1 In G2/M Progression After G2 Checkpoint R-HSA-8852276,54,2,1.9809,1.0096420818819727,0.5987401259874012,1.0,PSMD6;PSME1
Pyruvate Metabolism R-HSA-70268,27,1,0.8852,1.1296882060551288,0.5993400659934006,1.0,LDHD
Mitochondrial Biogenesis R-HSA-1592230,59,2,1.9959,1.0020542111328223,0.6026397360263973,1.0,ACSS2;HDAC3
RHO GTPases Activate PKNs R-HSA-5625740,27,1,0.905,1.1049723756906078,0.6031396860313969,1.0,YWHAH
Recognition Of DNA Damage By PCNA-containing Replication Complex R-HSA-110314,27,1,0.9123,1.0961306587745259,0.6041395860413958,1.0,POLD4
Sensory Processing Of Sound By Outer Hair Cells Of Cochlea R-HSA-9662361,31,1,0.9232,1.0831889081455806,0.6044395560443956,1.0,CHRNA10
Axon Guidance R-HSA-422475,439,15,15.6256,0.9599631374155232,0.6048395160483951,1.0,CACNA1D;CRMP1;DCC;ERBB2;GAP43;GFRA1;GIT1;MMP9;NCAM1;PSMD6;PSME1;RPL3L;SCN3B;SEMA7A;SLIT2
Attenuation Phase R-HSA-3371568,25,1,0.9123,1.0961306587745259,0.605039496050395,1.0,GML
Meiotic Synapsis R-HSA-1221632,20,1,0.895,1.1173184357541899,0.6061393860613938,1.0,TERF2
Gluconeogenesis R-HSA-70263,27,1,0.9257,1.0802635843145727,0.6073392660733926,1.0,GOT2
Glutathione Conjugation R-HSA-156590,26,1,0.9191,1.088020890001088,0.6092390760923908,1.0,GGT1
APC/C-mediated Degradation Of Cell Cycle Proteins R-HSA-174143,77,3,3.0924,0.9701202949165696,0.6092390760923908,1.0,BUB3;PSMD6;PSME1
HIV Infection R-HSA-162906,181,6,6.3272,0.9482867619168036,0.6093390660933906,1.0,AAAS;BANF1;PSMD6;PSME1;RANBP1;SSRP1
Chromosome Maintenance R-HSA-73886,54,2,2.0518,0.9747538746466516,0.6103389661033897,1.0,POLD4;TERF2
RHOV GTPase Cycle R-HSA-9013424,28,1,0.9347,1.0698619878035733,0.6117388261173883,1.0,GIT1
Plasma Lipoprotein Remodeling R-HSA-8963899,27,1,0.918,1.0893246187363834,0.6120387961203879,1.0,FGF21
Signaling By VEGF R-HSA-194138,87,3,3.1227,0.9607070804111826,0.6122387761223878,1.0,CDH5;FLT4;THEM4
Translesion Synthesis By Y Family DNA Polymerases Bypasses Lesions On DNA Template R-HSA-110313,28,1,0.9373,1.066894270777766,0.6128387161283871,1.0,POLD4
Autodegradation Of Cdh1 By Cdh1:APC/C R-HSA-174084,58,2,2.0387,0.981017314955609,0.6140385961403859,1.0,PSMD6;PSME1
Metabolism Of Steroid Hormones R-HSA-196071,27,1,0.9283,1.0772379618657761,0.6148385161483851,1.0,CYP11A1
Association Of TriC/CCT With Target Proteins During Biosynthesis R-HSA-390471,29,1,0.9432,1.0602205258693809,0.6153384661533846,1.0,HDAC3
Hedgehog Ligand Biogenesis R-HSA-5358346,58,2,2.0526,0.9743739647276625,0.6153384661533846,1.0,PSMD6;PSME1
COPI-independent Golgi-to-ER Retrograde Traffic R-HSA-6811436,29,1,0.9413,1.0623605651758206,0.6164383561643836,1.0,DCTN1
Regulation Of RAS By GAPs R-HSA-5658442,55,2,2.0425,0.9791921664626683,0.6174382561743825,1.0,PSMD6;PSME1
Sensory Perception Of Taste R-HSA-9717189,31,1,0.9538,1.0484378276368211,0.6180381961803819,1.0,SCNN1D
KEAP1-NFE2L2 Pathway R-HSA-9755511,89,3,3.1704,0.9462528387585163,0.6186381361863814,1.0,CDKN2A;PSMD6;PSME1
Amino Acids Regulate mTORC1 R-HSA-9639288,28,1,0.9398,1.0640561821664185,0.618938106189381,1.0,ATP6V0B
Transferrin Endocytosis And Recycling R-HSA-917977,29,1,0.9596,1.0421008753647354,0.6208379162083791,1.0,ATP6V0B
Hedgehog Off State R-HSA-5610787,81,3,3.1294,0.9586502204895507,0.6217378262173783,1.0,GNAS;PSMD6;PSME1
Biological Oxidations R-HSA-211859,164,5,5.354,0.9338812103100486,0.6261373862613738,1.0,ACSS2;CYP11A1;CYP2C18;GGT1;SULT4A1
Oxygen-dependent Proline Hydroxylation Of Hypoxia-inducible Factor Alpha R-HSA-1234176,56,2,2.0863,0.9586349038968509,0.6278372162783722,1.0,PSMD6;PSME1
Interferon Signaling R-HSA-913531,167,5,5.3734,0.9305095470279525,0.6285371462853715,1.0,AAAS;MT2A;NCAM1;PTPN1;SP100
APC/C:Cdc20 Mediated Degradation Of Securin R-HSA-174154,60,2,2.1068,0.9493070058857035,0.6321367863213678,1.0,PSMD6;PSME1
RUNX2 Regulates Osteoblast Differentiation R-HSA-8940973,19,1,0.9326,1.0722710701265281,0.6323367663233677,1.0,HDAC3
Transport Of Mature mRNA Derived From An Intronless Transcript R-HSA-159231,31,1,1.0005,0.9995002498750625,0.6347365263473652,1.0,AAAS
PKA Activation In Glucagon Signaling R-HSA-164378,16,1,0.8868,1.1276499774470004,0.6371362863713629,1.0,GNAS
Regulation Of HSF1-mediated Heat Shock Response R-HSA-3371453,61,2,2.1387,0.9351475195212045,0.6411358864113589,1.0,AAAS;GML
Cell Cycle R-HSA-1640170,419,15,16.0606,0.9339626165896666,0.6424357564243576,1.0,AAAS;BANF1;BUB3;CCND1;CDKN2A;CSNK1D;DCTN1;POLD4;PSMD6;PSME1;PTK6;SSNA1;TERF2;TUBB2B;YWHAH
Formation Of Fibrin Clot (Clotting Cascade) R-HSA-140877,33,1,1.0204,0.9800078400627206,0.642935706429357,1.0,F5
Regulation Of PTEN Stability And Activity R-HSA-8948751,59,2,2.1525,0.9291521486643438,0.6433356664333567,1.0,PSMD6;PSME1
Orc1 Removal From Chromatin R-HSA-68949,58,2,2.1535,0.9287206872533085,0.6439356064393561,1.0,PSMD6;PSME1
Beta-catenin Independent WNT Signaling R-HSA-3858494,126,4,4.3858,0.9120342924893977,0.6447355264473552,1.0,FZD9;PDE6G;PSMD6;PSME1
NS1 Mediated Effects On Host Pathways R-HSA-168276,31,1,1.0368,0.9645061728395062,0.6463353664633537,1.0,AAAS
ROS And RNS Production In Phagocytes R-HSA-1222556,31,1,1.0316,0.9693679720822024,0.6473352664733527,1.0,ATP6V0B
Signaling To ERKs R-HSA-187687,29,1,1.0103,0.9898050084133426,0.6477352264773523,1.0,RALB
Transport Of Mature mRNAs Derived From Intronless Transcripts R-HSA-159234,32,1,1.0369,0.9644131545954288,0.648035196480352,1.0,AAAS
Sialic Acid Metabolism R-HSA-4085001,29,1,1.0263,0.9743739647276625,0.6493350664933507,1.0,ST6GALNAC6
Ub-specific Processing Proteases R-HSA-5689880,127,4,4.4247,0.9040160914864286,0.651034896510349,1.0,PSMD6;PSME1;SMAD4;USP7
Regulation Of TP53 Activity R-HSA-5633007,118,4,4.4163,0.9057355705001925,0.6511348865113489,1.0,CDKN2A;SSRP1;TP73;USP7
CD28 Co-Stimulation R-HSA-389356,31,1,1.0402,0.9613535858488752,0.6531346865313469,1.0,THEM4
Drug ADME R-HSA-9748784,72,2,2.2167,0.9022420715477963,0.6534346565343465,1.0,GGT1;SLC22A7
COPI-mediated Anterograde Transport R-HSA-6807878,67,2,2.2082,0.9057150620414817,0.6539346065393461,1.0,DCTN1;INS
Late Phase Of HIV Life Cycle R-HSA-162599,99,3,3.3209,0.9033695684904695,0.6539346065393461,1.0,AAAS;RANBP1;SSRP1
SUMOylation Of Ubiquitinylation Proteins R-HSA-3232142,28,1,1.0278,0.9729519361743529,0.6542345765423457,1.0,AAAS
Mitotic Anaphase R-HSA-68882,161,5,5.5444,0.9018108361590073,0.6547345265473453,1.0,BANF1;BUB3;PSMD6;PSME1;TUBB2B
Nuclear Signaling By ERBB4 R-HSA-1251985,28,1,1.0419,0.9597850081581725,0.6566343365663434,1.0,NRG1
Prostacyclin Signaling Thru Prostacyclin Receptor R-HSA-392851,17,1,0.9388,1.0651896037494675,0.6591340865913409,1.0,GNAS
Leishmania Infection R-HSA-9658195,212,7,7.7291,0.9056681890517654,0.6593340665933407,1.0,ADRB1;GGT1;GNAS;GPR25;GPR45;HTR4;HTR7
Nuclear Events (Kinase And Transcription Factor Activation) R-HSA-198725,60,2,2.2369,0.894094505789262,0.6597340265973403,1.0,ID4;VGF
G1/S Transition R-HSA-69206,108,4,4.4604,0.896780557797507,0.66003399660034,1.0,CCND1;PSMD6;PSME1;PTK6
Mitotic Metaphase And Anaphase R-HSA-2555396,162,5,5.5795,0.8961376467425396,0.6606339366063394,1.0,BANF1;BUB3;PSMD6;PSME1;TUBB2B
Cooperation Of PDCL (PhLP1) And TRiC/CCT In G-protein Beta Folding R-HSA-6814122,35,1,1.063,0.9407337723424272,0.6644335566443356,1.0,RGS7
"Transport Of Vitamins, Nucleosides, And Related Molecules R-HSA-425397",32,1,1.0771,0.9284189026088572,0.6682331766823317,1.0,LCN1
SUMOylation Of Intracellular Receptors R-HSA-4090294,27,1,1.0612,0.9423294383716548,0.6684331566843316,1.0,THRB
Formation Of HIV-1 Elongation Complex Containing HIV-1 Tat R-HSA-167200,33,1,1.0857,0.9210647508519848,0.668933106689331,1.0,SSRP1
Mitotic G1 Phase And G1/S Transition R-HSA-453279,126,5,5.6055,0.891981090000892,0.6712328767123288,1.0,CCND1;CDKN2A;PSMD6;PSME1;PTK6
Mitotic Prophase R-HSA-68875,59,2,2.2424,0.8919015340706387,0.6716328367163283,1.0,AAAS;BANF1
Diseases Associated With Glycosaminoglycan Metabolism R-HSA-3560782,34,1,1.0902,0.91726288754357,0.6736326367363263,1.0,GPC2
mRNA 3-End Processing R-HSA-72187,35,1,1.1033,0.9063717937097798,0.674032596740326,1.0,COLEC12
TCR Signaling R-HSA-202403,97,3,3.4267,0.8754778650013133,0.6755324467553244,1.0,BCL10;PSMD6;PSME1
Cargo Trafficking To Periciliary Membrane R-HSA-5620920,33,1,1.0973,0.9113278046113188,0.6767323267673233,1.0,RHO
Transcription-Coupled Nucleotide Excision Repair (TC-NER) R-HSA-6781827,67,2,2.289,0.873743993010048,0.6771322867713229,1.0,POLD4;USP7
HSF1-dependent Transactivation R-HSA-3371571,32,1,1.1075,0.9029345372460498,0.6778322167783222,1.0,GML
FGFR2 Mutant Receptor Activation R-HSA-1839126,33,1,1.128,0.8865248226950355,0.679032096790321,1.0,FGFR2
Formation Of HIV Elongation Complex In Absence Of HIV Tat R-HSA-167152,34,1,1.1207,0.892299455697332,0.6791320867913209,1.0,SSRP1
RHOU GTPase Cycle R-HSA-9013420,34,1,1.1246,0.8892050506846878,0.6819318068193181,1.0,GIT1
Growth Hormone Receptor Signaling R-HSA-982772,23,1,1.0772,0.9283327144448571,0.6831316868313169,1.0,PTPN1
Lysosome Vesicle Biogenesis R-HSA-432720,28,1,1.1081,0.902445627650934,0.6862313768623137,1.0,CTSZ
Glucose Metabolism R-HSA-70326,70,2,2.3538,0.849689863199932,0.6871312868713129,1.0,AAAS;GOT2
Cellular Response To Hypoxia R-HSA-1234174,63,2,2.3141,0.8642668856142778,0.6878312168783122,1.0,PSMD6;PSME1
RMTs Methylate Histone Arginines R-HSA-3214858,26,1,1.0874,0.9196247930844216,0.6879312068793121,1.0,CCND1
HSP90 Chaperone Cycle For Steroid Hormone Receptors (SHR) In Presence Of Ligand R-HSA-3371497,33,1,1.1177,0.8946944618412813,0.688031196880312,1.0,DCTN1
Synthesis Of DNA R-HSA-69239,95,3,3.5124,0.8541168431841476,0.688031196880312,1.0,POLD4;PSMD6;PSME1
ABC Transporter Disorders R-HSA-5619084,66,2,2.3458,0.8525876033762468,0.6898310168983102,1.0,PSMD6;PSME1
SUMOylation Of DNA Replication Proteins R-HSA-4615885,34,1,1.1602,0.8619203585588693,0.6932306769323068,1.0,AAAS
Platelet Degranulation R-HSA-114608,105,3,3.5435,0.846620572879921,0.6932306769323068,1.0,F5;LEFTY2;TIMP3
SUMOylation Of RNA Binding Proteins R-HSA-4570464,33,1,1.1773,0.8494011721736175,0.6951304869513049,1.0,AAAS
Unfolded Protein Response (UPR) R-HSA-381119,70,2,2.3921,0.8360854479327787,0.6954304569543046,1.0,DCTN1;DDIT3
CDK-mediated Phosphorylation And Removal Of Cdc6 R-HSA-69017,65,2,2.3612,0.8470269354565475,0.6955304469553044,1.0,PSMD6;PSME1
Signaling By B Cell Receptor (BCR) R-HSA-983705,97,3,3.5546,0.8439768187700444,0.6967303269673033,1.0,BCL10;PSMD6;PSME1
Regulation Of Complement Cascade R-HSA-977606,38,1,1.1514,0.8685079034219212,0.6974302569743026,1.0,C1QC
Caspase Activation Via Extrinsic Apoptotic Signaling Pathway R-HSA-5357769,23,1,1.1359,0.8803591865481117,0.6987301269873013,1.0,DCC
Deadenylation-dependent mRNA Decay R-HSA-429914,36,1,1.1737,0.8520064752492119,0.6996300369963003,1.0,CNOT1
Collagen Chain Trimerization R-HSA-8948216,35,1,1.1779,0.8489685032685288,0.7000299970003,1.0,COL22A1
Dual Incision In GG-NER R-HSA-5696400,36,1,1.1998,0.833472245374229,0.7003299670032996,1.0,POLD4
DNA Damage Bypass R-HSA-73893,36,1,1.1792,0.8480325644504749,0.7012298770122988,1.0,POLD4
Binding And Uptake Of Ligands By Scavenger Receptors R-HSA-2173782,36,1,1.1788,0.848320325755005,0.7027297270272973,1.0,COLEC12
TNF Signaling R-HSA-75893,32,1,1.1714,0.8536793580331228,0.7053294670532947,1.0,TNF
Metabolism Of Non-Coding RNA R-HSA-194441,37,1,1.2035,0.8309098462816784,0.706029397060294,1.0,AAAS
Phase II - Conjugation Of Compounds R-HSA-156580,72,2,2.4425,0.8188331627430911,0.7064293570642936,1.0,GGT1;SULT4A1
Complex I Biogenesis R-HSA-6799198,35,1,1.1961,0.836050497450046,0.7065293470652935,1.0,NDUFS5
Cell Junction Organization R-HSA-446728,68,2,2.4087,0.8303234109685722,0.7067293270672933,1.0,CDH2;CDH5
Response To Elevated Platelet Cytosolic Ca2+ R-HSA-76005,108,3,3.6373,0.8247876171885739,0.7098290170982902,1.0,F5;LEFTY2;TIMP3
Negative Regulation Of FGFR2 Signaling R-HSA-5654727,33,1,1.211,0.8257638315441783,0.7105289471052895,1.0,FGFR2
Assembly Of Pre-Replicative Complex R-HSA-68867,70,2,2.45,0.8163265306122448,0.7113288671132887,1.0,PSMD6;PSME1
Phospholipid Metabolism R-HSA-1483257,133,4,4.8128,0.8311170212765957,0.712028797120288,1.0,PLA2G2A;PLA2G2E;SACM1L;TMEM86B
Transcriptional Regulation By Small RNAs R-HSA-5578749,35,1,1.2264,0.8153946510110894,0.7136286371362863,1.0,AAAS
Heme Signaling R-HSA-9707616,36,1,1.2287,0.813868316106454,0.7198280171982802,1.0,HDAC3
Mitochondrial Protein Import R-HSA-1268020,38,1,1.2438,0.8039877793857533,0.7216278372162783,1.0,LDHD
UCH Proteinases R-HSA-5689603,68,2,2.4855,0.8046670690002011,0.7232276772322768,1.0,PSMD6;PSME1
Formation Of beta-catenin:TCF Transactivating Complex R-HSA-201722,28,1,1.2369,0.8084727948904519,0.7235276472352765,1.0,RUNX3
Chondroitin Sulfate/Dermatan Sulfate Metabolism R-HSA-1793185,38,1,1.2545,0.7971303308090874,0.7235276472352765,1.0,GPC2
Viral Messenger RNA Synthesis R-HSA-168325,36,1,1.2819,0.7800920508620017,0.7294270572942706,1.0,AAAS
Diseases Of Signal Transduction By Growth Factor Receptors And Second Messengers R-HSA-5663202,356,11,12.7264,0.8643449836560221,0.7326267373262674,1.0,DCTN1;ERBB2;FGFR2;HDAC3;KITLG;NCOR2;NR4A1;NRG1;PSMD6;PSME1;SMAD4
DNA Replication R-HSA-69306,101,3,3.7827,0.7930843048616067,0.7336266373362663,1.0,POLD4;PSMD6;PSME1
Resolution Of Abasic Sites (AP Sites) R-HSA-73933,35,1,1.2995,0.7695267410542516,0.7352264773522648,1.0,POLD4
Regulation Of Expression Of SLITs And ROBOs R-HSA-9010553,143,4,4.9734,0.8042787630192625,0.7376262373762624,1.0,PSMD6;PSME1;RPL3L;SLIT2
Estrogen-dependent Nuclear Events Downstream Of ESR-membrane Signaling R-HSA-9634638,21,1,1.2428,0.804634695848085,0.7389261073892611,1.0,CCND1
MAPK6/MAPK4 Signaling R-HSA-5687128,75,2,2.5873,0.7730066092065088,0.7398260173982601,1.0,PSMD6;PSME1
RHO GTPases Activate Formins R-HSA-5663220,73,2,2.5789,0.7755244484082361,0.7402259774022598,1.0,BUB3;RHOD
Cellular Response To Starvation R-HSA-9711097,111,3,3.8006,0.7893490501499763,0.7409259074092591,1.0,ATP6V0B;DDIT3;RPL3L
Cellular Response To Heat Stress R-HSA-3371556,76,2,2.5861,0.7733652990990294,0.7417258274172582,1.0,AAAS;GML
DNA Damage/Telomere Stress Induced Senescence R-HSA-2559586,25,1,1.2718,0.7862871520679352,0.7419258074192581,1.0,TERF2
SUMOylation Of Transcription Cofactors R-HSA-3899300,38,1,1.3417,0.7453230975627936,0.7424257574242575,1.0,NCOR2
APC/C:Cdh1 Mediated Degradation Of Cdc20 And APC/C:Cdh1 Targets In Late Mitosis/Early G1 R-HSA-174178,65,2,2.5631,0.7803050992938239,0.7432256774322568,1.0,PSMD6;PSME1
Regulation Of mRNA Stability By Proteins That Bind AU-rich Elements R-HSA-450531,78,2,2.621,0.7630675314765357,0.746025397460254,1.0,PSMD6;PSME1
Signaling By FGFR2 In Disease R-HSA-5655253,40,1,1.3463,0.7427764985515858,0.7465253474652535,1.0,FGFR2
Translocation Of SLC2A4 (GLUT4) To Plasma Membrane R-HSA-1445148,42,1,1.3557,0.7376263185070444,0.7486251374862514,1.0,YWHAH
RET Signaling R-HSA-8853659,35,1,1.318,0.7587253414264036,0.7494250574942506,1.0,GFRA1
SMAD2/SMAD3:SMAD4 Heterotrimer Regulates Transcription R-HSA-2173796,34,1,1.3354,0.7488392990864161,0.7494250574942506,1.0,SMAD4
RHOD GTPase Cycle R-HSA-9013405,38,1,1.3428,0.7447125409591897,0.7513248675132487,1.0,RHOD
"Platelet Activation, Signaling And Aggregation R-HSA-76002",215,6,7.4017,0.8106245862437008,0.7523247675232477,1.0,ABHD6;ADRA2C;F5;LEFTY2;PTPN1;TIMP3
Chromatin Modifying Enzymes R-HSA-3247509,113,3,3.905,0.7682458386683739,0.7534246575342466,1.0,CCND1;HDAC3;NCOR2
Signaling By NTRK1 (TRKA) R-HSA-187037,108,3,3.893,0.7706139224248651,0.7542245775422458,1.0,ID4;RALB;VGF
RNA Polymerase II Transcription Termination R-HSA-73856,43,1,1.3871,0.7209285559801024,0.7550244975502449,1.0,COLEC12
Non-integrin membrane-ECM Interactions R-HSA-3000171,40,1,1.3881,0.7204091924212953,0.7576242375762424,1.0,TRAPPC4
Sensory Processing Of Sound By Inner Hair Cells Of Cochlea R-HSA-9662360,46,1,1.4161,0.706164818868724,0.7585241475852414,1.0,CACNA1D
Degradation Of Beta-Catenin By Destruction Complex R-HSA-195253,77,2,2.6979,0.7413173208792023,0.7591240875912408,1.0,PSMD6;PSME1
Formation Of RNA Pol II Elongation Complex R-HSA-112382,43,1,1.4187,0.7048706562345809,0.76002399760024,1.0,SSRP1
Glucagon-type Ligand Receptors R-HSA-420092,30,1,1.3093,0.7637668983426259,0.7618238176182381,1.0,GNAS
G2/M Checkpoints R-HSA-69481,104,3,3.9487,0.7597437131207739,0.7618238176182381,1.0,PSMD6;PSME1;YWHAH
Transport Of Mature mRNA Derived From An Intron-Containing Transcript R-HSA-159236,44,1,1.4182,0.7051191651389085,0.7623237676232377,1.0,AAAS
ER-Phagosome Pathway R-HSA-1236974,81,2,2.721,0.735023888276369,0.7639236076392361,1.0,PSMD6;PSME1
XBP1(S) Activates Chaperone Genes R-HSA-381038,41,1,1.4096,0.7094211123723042,0.7652234776522348,1.0,DCTN1
Opioid Signaling R-HSA-111885,82,2,2.7351,0.7312346897736829,0.7685231476852314,1.0,PDE4B;PDE4C
IRE1alpha Activates Chaperones R-HSA-381070,42,1,1.429,0.6997900629811057,0.7696230376962304,1.0,DCTN1
EPH-Ephrin Signaling R-HSA-2682334,77,2,2.7375,0.7305936073059361,0.76992300769923,1.0,GIT1;MMP9
Switching Of Origins To A Post-Replicative State R-HSA-69052,76,2,2.7383,0.7303801628747763,0.7706229377062294,1.0,PSMD6;PSME1
Interleukin-2 Family Signaling R-HSA-451927,40,1,1.4488,0.6902263942573164,0.7724227577242275,1.0,IL15RA
Signaling By ROBO Receptors R-HSA-376176,179,5,6.3941,0.781970879404451,0.7743225677432257,1.0,DCC;PSMD6;PSME1;RPL3L;SLIT2
Glucagon Signaling In Metabolic Regulation R-HSA-163359,31,1,1.3522,0.7395355716609968,0.7744225577442255,1.0,GNAS
SUMOylation Of Chromatin Organization Proteins R-HSA-4551638,42,1,1.4655,0.6823609689525759,0.775922407759224,1.0,AAAS
Early SARS-CoV-2 Infection Events R-HSA-9772572,33,1,1.4179,0.7052683546089288,0.7764223577642235,1.0,GPC2
Pyruvate Metabolism And Citric Acid (TCA) Cycle R-HSA-71406,46,1,1.4649,0.682640453273261,0.7765223477652234,1.0,LDHD
Signaling By EGFR R-HSA-177929,44,1,1.4866,0.6726759047490919,0.7775222477752225,1.0,ADAM12
TGF-beta Receptor Signaling Activates SMADs R-HSA-2173789,40,1,1.4745,0.678195998643608,0.7804219578042195,1.0,SMAD4
Complement Cascade R-HSA-166658,47,1,1.4611,0.6844158510711108,0.7808219178082192,1.0,C1QC
RHOJ GTPase Cycle R-HSA-9013409,44,1,1.4848,0.6734913793103449,0.7816218378162184,1.0,GIT1
SARS-CoV-2 Activates/Modulates Innate And Adaptive Immune Responses R-HSA-9705671,91,2,2.8371,0.7049451905114378,0.7827217278272173,1.0,AAAS;IL17RC
Response Of EIF2AK4 (GCN2) To Amino Acid Deficiency R-HSA-9633012,83,2,2.8608,0.6991051454138703,0.7852214778522147,1.0,DDIT3;RPL3L
VEGFA-VEGFR2 Pathway R-HSA-4420097,79,2,2.8358,0.7052683546089288,0.7853214678532147,1.0,CDH5;THEM4
Formation Of TC-NER Pre-Incision Complex R-HSA-6781823,45,1,1.5106,0.6619886137958427,0.785921407859214,1.0,USP7
Separation Of Sister Chromatids R-HSA-2467813,119,3,4.0952,0.7325649540925961,0.7872212778722127,1.0,BUB3;PSMD6;PSME1
Neurexins And Neuroligins R-HSA-6794361,46,1,1.5253,0.6556087327083197,0.78992100789921,1.0,SYT10
Apoptotic Execution Phase R-HSA-75153,42,1,1.5062,0.6639224538573895,0.7913208679132087,1.0,DNM1L
Signaling By TGFB Family Members R-HSA-9006936,112,3,4.1456,0.7236588189888075,0.7914208579142086,1.0,AMH;NCOR2;SMAD4
Fc Epsilon Receptor (FCERI) Signaling R-HSA-2454202,117,3,4.2024,0.7138777841233581,0.794020597940206,1.0,BCL10;PSMD6;PSME1
Interleukin-1 Family Signaling R-HSA-446652,124,3,4.2048,0.7134703196347033,0.7955204479552045,1.0,ALOX5;PSMD6;PSME1
Regulation Of Cholesterol Biosynthesis By SREBP (SREBF) R-HSA-1655829,47,1,1.5742,0.6352432981832041,0.7958204179582041,1.0,SCAP
Signaling By PDGF R-HSA-186797,46,1,1.5644,0.6392227051904884,0.795920407959204,1.0,THBS4
Extra-nuclear Estrogen Signaling R-HSA-9009391,65,2,2.8554,0.7004272606289837,0.7961203879612039,1.0,CCND1;MMP9
Signaling By ALK Fusions And Activated Point Mutants R-HSA-9725370,46,1,1.6025,0.62402496099844,0.7976202379762024,1.0,DCTN1
Late SARS-CoV-2 Infection Events R-HSA-9772573,48,1,1.6117,0.6204628652975119,0.7991200879912009,1.0,MOGAT2
ECM Proteoglycans R-HSA-3000178,47,1,1.5939,0.6273919317397578,0.8001199880011999,1.0,NCAM1
Oncogene Induced Senescence R-HSA-2559585,28,1,1.5061,0.6639665360865813,0.8007199280071993,1.0,CDKN2A
Ion Homeostasis R-HSA-5578775,46,1,1.5883,0.6296039790971478,0.8044195580441956,1.0,FXYD4
Regulation Of PTEN Gene Transcription R-HSA-8943724,45,1,1.5728,0.6358087487283826,0.8061193880611939,1.0,HDAC3
TP53 Regulates Transcription Of Cell Death Genes R-HSA-5633008,36,1,1.6023,0.6241028521500342,0.8097190280971903,1.0,TP73
DNA Replication Pre-Initiation R-HSA-69002,81,2,2.9725,0.6728343145500421,0.8101189881011899,1.0,PSMD6;PSME1
Estrogen-dependent Gene Expression R-HSA-9018519,74,2,2.9912,0.6686279753944905,0.8114188581141886,1.0,CCND1;USF1
Aberrant Regulation Of Mitotic G1/S Transition In Cancer Due To RB1 Defects R-HSA-9659787,17,1,1.5096,0.6624271330153683,0.8132186781321867,1.0,CCND1
G2/M DNA Damage Checkpoint R-HSA-69473,43,1,1.644,0.6082725060827251,0.8147185281471853,1.0,YWHAH
RHOQ GTPase Cycle R-HSA-9013406,49,1,1.6617,0.6017933441656136,0.8154184581541846,1.0,GIT1
Intra-Golgi And Retrograde Golgi-to-ER Traffic R-HSA-6811442,130,3,4.3297,0.6928886527934961,0.8184181581841816,1.0,DCTN1;KIF22;KIF3C
Vasopressin Regulates Renal Water Homeostasis Via Aquaporins R-HSA-432040,37,1,1.5716,0.6362942224484601,0.8184181581841816,1.0,GNAS
Transport Of Mature Transcript To Cytoplasm R-HSA-72202,52,1,1.6924,0.590876861262113,0.8188181181881812,1.0,AAAS
Signaling By NTRKs R-HSA-166520,123,3,4.3934,0.6828424454864115,0.8203179682031797,1.0,ID4;RALB;VGF
Transcription Of HIV Genome R-HSA-167172,51,1,1.6869,0.5928033671231252,0.8204179582041796,1.0,SSRP1
Cytosolic Sensors Of Pathogen-Associated DNA R-HSA-1834949,51,1,1.657,0.6035003017501509,0.8206179382061793,1.0,POLR3GL
Nucleotide Excision Repair R-HSA-5696398,90,2,3.0939,0.6464333042438346,0.8208179182081792,1.0,POLD4;USP7
Cell Cycle Checkpoints R-HSA-69620,184,5,6.8188,0.7332668504722238,0.8209179082091791,1.0,BUB3;CDKN2A;PSMD6;PSME1;YWHAH
ABC-family Proteins Mediated Transport R-HSA-382556,89,2,3.0699,0.651487019121144,0.8217178282171783,1.0,PSMD6;PSME1
Antigen processing-Cross Presentation R-HSA-1236975,94,2,3.1101,0.6430661393524324,0.8218178182181782,1.0,PSMD6;PSME1
Glycosaminoglycan Metabolism R-HSA-1630316,90,2,3.0569,0.6542575812097222,0.821917808219178,1.0,GPC2;GUSB
Major Pathway Of rRNA Processing In Nucleolus And Cytosol R-HSA-6791226,131,3,4.4193,0.6788405403570702,0.8238176182381762,1.0,CSNK1D;ISG20L2;RPL3L
Immunoregulatory Interactions Between A Lymphoid And A non-Lymphoid Cell R-HSA-198933,98,2,3.1484,0.6352432981832041,0.8246175382461753,1.0,COLEC12;TREML1
EPH-ephrin Mediated Repulsion Of Cells R-HSA-3928665,46,1,1.7104,0.5846585594013096,0.8248175182481752,1.0,MMP9
Transcriptional Regulation By RUNX1 R-HSA-8878171,148,4,5.6831,0.703841213422252,0.8258174182581742,1.0,CCND1;PSMD6;PSME1;TP73
Assembly Of Collagen Fibrils And Other Multimeric Structures R-HSA-2022090,49,1,1.7218,0.5807875479149727,0.828017198280172,1.0,MMP9
HDR Thru Homologous Recombination (HRR) R-HSA-5685942,46,1,1.7153,0.5829883985308693,0.8298170182981702,1.0,POLD4
Antimicrobial Peptides R-HSA-6803157,52,1,1.7329,0.5770673437590167,0.82991700829917,1.0,PLA2G2A
Meiosis R-HSA-1500620,38,1,1.7394,0.5749108888122341,0.8306169383061693,1.0,TERF2
rRNA Processing In Nucleus And Cytosol R-HSA-8868773,134,3,4.5065,0.6657050926439587,0.833016698330167,1.0,CSNK1D;ISG20L2;RPL3L
Signaling By TGF-beta Receptor Complex R-HSA-170834,85,2,3.1887,0.627214852447706,0.8331166883311669,1.0,NCOR2;SMAD4
GPER1 Signaling R-HSA-9634597,39,1,1.66,0.6024096385542169,0.8345165483451655,1.0,GNAS
Glycolysis R-HSA-70171,53,1,1.7689,0.5653230821414439,0.8346165383461653,1.0,AAAS
Synthesis Of Substrates In N-glycan Biosythesis R-HSA-446219,51,1,1.792,0.5580357142857143,0.8354164583541646,1.0,ST6GALNAC6
Iron Uptake And Transport R-HSA-917937,52,1,1.7772,0.5626828719333784,0.8383161683831617,1.0,ATP6V0B
Signaling By FGFR In Disease R-HSA-1226099,53,1,1.7774,0.5626195566557893,0.8398160183981602,1.0,FGFR2
rRNA Processing R-HSA-72312,137,3,4.5955,0.6528125340006528,0.8414158584141586,1.0,CSNK1D;ISG20L2;RPL3L
Cell-Cell Communication R-HSA-1500931,92,2,3.2266,0.6198475175106923,0.8429157084291571,1.0,CDH2;CDH5
Costimulation By CD28 Family R-HSA-388841,57,1,1.8393,0.543685097591475,0.8467153284671532,1.0,THEM4
ISG15 Antiviral Mechanism R-HSA-1169408,57,1,1.902,0.5257623554153523,0.8479152084791521,1.0,AAAS
Interleukin-1 Signaling R-HSA-9020702,95,2,3.3264,0.6012506012506013,0.8481151884811519,1.0,PSMD6;PSME1
Signaling By ERBB4 R-HSA-1236394,53,1,1.8868,0.5299978800084799,0.8500149985001499,1.0,NRG1
Gene Silencing By RNA R-HSA-211000,53,1,1.8701,0.5347307630607988,0.8507149285071492,1.0,AAAS
Unattached Kinetochores Signal Amplification Via A MAD2 Inhibitory Signal R-HSA-141444,55,1,1.8648,0.5362505362505362,0.8534146585341466,1.0,BUB3
TP53 Regulates Transcription Of DNA Repair Genes R-HSA-6796648,46,1,1.8412,0.5431240495329134,0.8537146285371463,1.0,SSRP1
RHO GTPase Effectors R-HSA-195258,175,4,6.0594,0.6601313661418622,0.8565143485651435,1.0,BUB3;RHOD;RHPN2;YWHAH
Hemostasis R-HSA-109582,473,13,16.7191,0.7775538156958209,0.8577142285771423,1.0,ABHD6;ADRA2C;DOCK9;F5;GATA4;GATA5;GNAS;KIF22;KIF3C;LEFTY2;MICAL1;PTPN1;TIMP3
Interleukin-17 Signaling R-HSA-448424,57,1,1.9454,0.5140331037318804,0.8623137686231377,1.0,IL17RC
RNA Polymerase II Pre-transcription Events R-HSA-674695,59,1,1.9497,0.5128994204236549,0.8629137086291371,1.0,SSRP1
RAB GEFs Exchange GTP For GDP On RABs R-HSA-8876198,57,1,1.9469,0.5136370640505419,0.8651134886511349,1.0,TRAPPC4
RHOB GTPase Cycle R-HSA-9013026,57,1,1.9773,0.5057401507105649,0.8692130786921308,1.0,RHPN2
Antiviral Mechanism By IFN-stimulated Genes R-HSA-1169410,63,1,2.0645,0.4843787842092517,0.8698130186981302,1.0,AAAS
Interferon Alpha/Beta Signaling R-HSA-909733,65,1,2.0034,0.49915144254766897,0.8699130086991301,1.0,PTPN1
CDC42 GTPase Cycle R-HSA-9013148,103,2,3.5018,0.5711348449368896,0.8709129087091291,1.0,DOCK9;GIT1
DDX58/IFIH1-mediated Induction Of Interferon-Alpha/Beta R-HSA-168928,64,1,2.0143,0.49645037978454054,0.8718128187181282,1.0,PCBP2
"Plasma Lipoprotein Assembly, Remodeling, And Clearance R-HSA-174824",60,1,2.0181,0.4955155839651157,0.8718128187181282,1.0,FGF21
EML4 And NUDC In Mitotic Spindle Formation R-HSA-9648025,59,1,2.0112,0.4972155926809865,0.8723127687231277,1.0,BUB3
TP53 Regulates Metabolic Genes R-HSA-5628897,57,1,2.0269,0.49336425082638513,0.8733126687331267,1.0,YWHAH
Biosynthesis Of N-glycan Precursor (Dolichol LLO) And Transfer To Protein R-HSA-446193,59,1,2.0626,0.48482497818287595,0.8737126287371263,1.0,ST6GALNAC6
Senescence-Associated Secretory Phenotype (SASP) R-HSA-2559582,47,1,2.0276,0.49319392385085814,0.8759124087591241,1.0,CDKN2A
SARS-CoV-2-host Interactions R-HSA-9705683,152,3,5.0003,0.5999640021598703,0.8778122187781222,1.0,AAAS;IL17RC;YWHAH
Transcriptional Regulation By TP53 R-HSA-3700989,268,7,10.0374,0.69739175483691,0.8779122087791221,1.0,CDKN2A;CNOT1;PLAGL1;SSRP1;TP73;USP7;YWHAH
Resolution Of Sister Chromatid Cohesion R-HSA-2500257,61,1,2.061,0.485201358563804,0.8782121787821218,1.0,BUB3
Oxidative Stress Induced Senescence R-HSA-2559580,53,1,2.0368,0.4909662215239592,0.8788121187881212,1.0,CDKN2A
trans-Golgi Network Vesicle Budding R-HSA-199992,55,1,2.0007,0.49982506122856996,0.8791120887911209,1.0,CTSZ
Deubiquitination R-HSA-5688426,174,4,6.2691,0.6380501188368346,0.8801119888011198,1.0,PSMD6;PSME1;SMAD4;USP7
Stimuli-sensing Channels R-HSA-2672351,63,1,2.1047,0.47512709649831336,0.884011598840116,1.0,SCNN1D
Citric Acid (TCA) Cycle And Respiratory Electron Transport R-HSA-1428517,111,2,3.649,0.5480953685941353,0.8842115788421158,1.0,LDHD;NDUFS5
RHOA GTPase Cycle R-HSA-8980692,107,2,3.665,0.5457025920873124,0.8861113888611138,1.0,AAAS;RHPN2
Vesicle-mediated Transport R-HSA-5653656,476,12,16.1876,0.7413081618028614,0.8891110888911109,1.0,COLEC12;CSNK1D;CTSZ;DCTN1;F5;GJB4;INS;KIF22;KIF3C;LMAN1L;TRAPPC4;YWHAH
PI Metabolism R-HSA-1483255,56,1,2.1503,0.4650513881783937,0.8899110088991101,1.0,SACM1L
Signaling By FGFR2 R-HSA-5654738,61,1,2.152,0.4646840148698885,0.8919108089191081,1.0,FGFR2
Metabolism Of Vitamins And Cofactors R-HSA-196854,145,3,5.1593,0.5814742310003295,0.8928107189281071,1.0,GPC2;LRAT;MOCS1
Aberrant Regulation Of Mitotic Cell Cycle Due To RB1 Defects R-HSA-9687139,33,1,2.0442,0.4891889247627434,0.8928107189281071,1.0,CCND1
Membrane Trafficking R-HSA-199991,442,11,15.0798,0.7294526452605472,0.894010598940106,1.0,CSNK1D;CTSZ;DCTN1;F5;GJB4;INS;KIF22;KIF3C;LMAN1L;TRAPPC4;YWHAH
Respiratory Electron Transport R-HSA-611105,64,1,2.1642,0.46206450420478695,0.8944105589441056,1.0,NDUFS5
SARS-CoV-2 Infection R-HSA-9694516,225,5,7.7874,0.6420628194262527,0.8962103789621038,1.0,AAAS;GPC2;IL17RC;MOGAT2;YWHAH
Diseases Of Mitotic Cell Cycle R-HSA-9675126,35,1,2.0816,0.4803996925441968,0.8968103189681031,1.0,CCND1
ESR-mediated Signaling R-HSA-8939211,135,3,5.1398,0.5836802988443129,0.8976102389761024,1.0,CCND1;MMP9;USF1
Processing Of Capped Intron-Containing Pre-mRNA R-HSA-72203,153,3,5.2454,0.5719296907766805,0.8998100189981002,1.0,AAAS;COLEC12;PCBP2
Reproduction R-HSA-1474165,53,1,2.2612,0.4422430567840085,0.9009099090090991,1.0,TERF2
Global Genome Nucleotide Excision Repair (GG-NER) R-HSA-5696399,69,1,2.3169,0.43161120462687214,0.9031096890310969,1.0,POLD4
"Respiratory Electron Transport, ATP Synthesis By Chemiosmotic Coupling, Heat Production By Uncoupling Proteins R-HSA-163200",68,1,2.2712,0.4402958788305742,0.907009299070093,1.0,NDUFS5
Mitotic Spindle Checkpoint R-HSA-69618,69,1,2.3282,0.4295163645734903,0.9075092490750925,1.0,BUB3
Influenza Viral RNA Transcription And Replication R-HSA-168273,113,2,3.9534,0.5058936611524257,0.9108089191080891,1.0,AAAS;RPL3L
Death Receptor Signaling R-HSA-73887,116,2,3.9692,0.503879875037791,0.9145085491450855,1.0,HDAC3;TNF
mRNA Splicing - Major Pathway R-HSA-72163,117,2,4.0443,0.49452315604678193,0.915008499150085,1.0,COLEC12;PCBP2
Protein-protein Interactions At Synapses R-HSA-6794362,71,1,2.4044,0.4159041756779238,0.916108389161084,1.0,SYT10
RAC2 GTPase Cycle R-HSA-9013404,70,1,2.4614,0.4062728528479727,0.919008099190081,1.0,GIT1
Metabolism Of Nucleotides R-HSA-15869,73,1,2.4507,0.40804668054025384,0.9193080691930807,1.0,UCK1
RAC3 GTPase Cycle R-HSA-9013423,72,1,2.5068,0.3989149513323759,0.9216078392160784,1.0,GIT1
mRNA Splicing R-HSA-72172,120,2,4.1484,0.4821135859608524,0.922107789221078,1.0,COLEC12;PCBP2
Formation Of A Pool Of Free 40S Subunits R-HSA-72689,73,1,2.5276,0.39563222028802025,0.924007599240076,1.0,RPL3L
Peptide Chain Elongation R-HSA-156902,74,1,2.5629,0.39018299582504196,0.9265073492650735,1.0,RPL3L
Signaling By FGFR R-HSA-190236,72,1,2.533,0.3947887879984209,0.9271072892710729,1.0,FGFR2
Selenocysteine Synthesis R-HSA-2408557,74,1,2.5637,0.3900612396146195,0.9276072392760724,1.0,RPL3L
Eukaryotic Translation Termination R-HSA-72764,76,1,2.632,0.37993920972644374,0.9312068793120688,1.0,RPL3L
Viral mRNA Translation R-HSA-192823,76,1,2.6368,0.37924757281553395,0.9314068593140686,1.0,RPL3L
HDR Thru Homologous Recombination (HRR) Or Single Strand Annealing (SSA) R-HSA-5693567,69,1,2.5944,0.38544557508479804,0.9321067893210679,1.0,POLD4
Nonsense Mediated Decay (NMD) Independent Of Exon Junction Complex (EJC) R-HSA-975956,79,1,2.6931,0.3713192974638892,0.9343065693430657,1.0,RPL3L
Potential Therapeutics For SARS R-HSA-9679191,82,1,2.6999,0.37038408829956665,0.934906509349065,1.0,FXYD4
RAC1 GTPase Cycle R-HSA-9013149,131,2,4.4327,0.451192275588242,0.9378062193780622,1.0,DOCK9;GIT1
Eukaryotic Translation Elongation R-HSA-156842,78,1,2.7087,0.36918078783180125,0.9387061293870613,1.0,RPL3L
Regulation Of TP53 Activity Thru Phosphorylation R-HSA-6804756,72,1,2.7324,0.36597862684819205,0.9395060493950604,1.0,SSRP1
P75 NTR Receptor-Mediated Signaling R-HSA-193704,84,1,2.7474,0.3639804906457014,0.9399060093990601,1.0,HDAC3
SARS-CoV Infections R-HSA-9679506,296,6,10.1275,0.5924463095531968,0.9422057794220577,1.0,AAAS;FXYD4;GPC2;IL17RC;MOGAT2;YWHAH
L13a-mediated Translational Silencing Of Ceruloplasmin Expression R-HSA-156827,81,1,2.8021,0.35687520074230045,0.9422057794220577,1.0,RPL3L
Influenza Infection R-HSA-168255,129,2,4.4755,0.4468774438610211,0.9424057594240576,1.0,AAAS;RPL3L
Cellular Senescence R-HSA-2559583,110,2,4.3876,0.45583006655118974,0.9432056794320568,1.0,CDKN2A;TERF2
GTP Hydrolysis And Joining Of 60S Ribosomal Subunit R-HSA-72706,81,1,2.8073,0.35621415595055744,0.9434056594340566,1.0,RPL3L
Rab Regulation Of Trafficking R-HSA-9007101,83,1,2.8193,0.3546979746745646,0.9459054094590541,1.0,TRAPPC4
Homology Directed Repair R-HSA-5693538,74,1,2.8696,0.34848062447727907,0.9479052094790521,1.0,POLD4
Platelet Homeostasis R-HSA-418346,69,1,2.8085,0.35606195478013175,0.9502049795020497,1.0,GNAS
Cap-dependent Translation Initiation R-HSA-72737,87,1,3.0233,0.33076439652035855,0.9548045195480452,1.0,RPL3L
Selenoamino Acid Metabolism R-HSA-2408522,87,1,3.0672,0.32603025560772037,0.956904309569043,1.0,RPL3L
SRP-dependent Cotranslational Protein Targeting To Membrane R-HSA-1799339,90,1,3.0651,0.32625362957162896,0.9581041895810419,1.0,RPL3L
DNA Repair R-HSA-73894,208,4,7.8809,0.5075562435762413,0.9603039696030397,1.0,MGMT;POLD4;TERF2;USP7
Nonsense Mediated Decay (NMD) Enhanced By Exon Junction Complex (EJC) R-HSA-975957,95,1,3.1899,0.3134894510799711,0.9613038696130387,1.0,RPL3L
Neddylation R-HSA-8951664,182,3,6.4723,0.4635137431824854,0.9623037696230377,1.0,FBXO17;PSMD6;PSME1
Antigen Processing: Ubiquitination And Proteasome Degradation R-HSA-983168,230,4,8.0861,0.4946760490223965,0.963003699630037,1.0,FBXO17;PSMD6;PSME1;UBE3A
Metabolism Of Water-Soluble Vitamins And Cofactors R-HSA-196849,91,1,3.3241,0.300833308263891,0.9654034596540346,1.0,MOCS1
Metabolism Of RNA R-HSA-8953854,446,9,15.1107,0.5956044392384204,0.9699030096990301,1.0,AAAS;CNOT1;COLEC12;CSNK1D;ISG20L2;PCBP2;PSMD6;PSME1;RPL3L
"Signaling By Rho GTPases, Miro GTPases And RHOBTB3 R-HSA-9716542",461,9,15.6088,0.5765978166162677,0.9772022797720228,1.0,AAAS;BUB3;DOCK9;GIT1;HTR7;RHOD;RHOT2;RHPN2;YWHAH
DNA Double-Strand Break Repair R-HSA-5693532,96,1,3.6761,0.2720274203639727,0.9774022597740226,1.0,POLD4
RHO GTPase Cycle R-HSA-9012999,325,5,10.8033,0.46282154526857533,0.9862013798620138,1.0,AAAS;DOCK9;GIT1;RHOD;RHPN2
Neutrophil Degranulation R-HSA-6798695,372,6,12.6303,0.47504809861998526,0.9881011898810119,1.0,ALOX5;CTSZ;GUSB;MMP9;PSMD6;RAB37
Class I MHC Mediated Antigen Processing And Presentation R-HSA-983169,289,4,9.8918,0.40437534119169416,0.9907009299070093,1.0,FBXO17;PSMD6;PSME1;UBE3A
Signaling By Rho GTPases R-HSA-194315,449,7,15.1465,0.46215297263394184,0.9949005099490051,1.0,AAAS;BUB3;DOCK9;GIT1;RHOD;RHPN2;YWHAH
Translation R-HSA-72766,198,1,6.8534,0.14591297750021887,0.9991000899910009,1.0,RPL3L
ABC Transporters In Lipid Homeostasis R-HSA-1369062,15,0,0.4622,0.0,1.0,1.0,
ADP Signaling Thru P2Y Purinoceptor 1 R-HSA-418592,22,0,0.7019,0.0,1.0,1.0,
ADP Signaling Thru P2Y Purinoceptor 12 R-HSA-392170,19,0,0.6268,0.0,1.0,1.0,
AKT Phosphorylates Targets In Cytosol R-HSA-198323,14,0,0.4971,0.0,1.0,1.0,
ALK Mutants Bind TKIs R-HSA-9700645,11,0,0.3655,0.0,1.0,1.0,
APC Truncation Mutants Have Impaired AXIN Binding R-HSA-5467337,13,0,0.4444,0.0,1.0,1.0,
APC/C:Cdc20 Mediated Degradation Of Cyclin B R-HSA-174048,20,0,0.6768,0.0,1.0,1.0,
Aberrant Regulation Of Mitotic Exit In Cancer Due To RB1 Defects R-HSA-9687136,17,0,0.8485,0.0,1.0,1.0,
Abortive Elongation Of HIV-1 Transcript In Absence Of Tat R-HSA-167242,19,0,0.6535,0.0,1.0,1.0,
Activated NOTCH1 Transmits Signal To Nucleus R-HSA-2122948,22,0,0.7842,0.0,1.0,1.0,
Activation Of AMPK Downstream Of NMDARs R-HSA-9619483,10,0,0.3214,0.0,1.0,1.0,
Activation Of ATR In Response To Replication Stress R-HSA-176187,27,0,1.0572,0.0,1.0,1.0,
Activation Of G Protein Gated Potassium Channels R-HSA-1296041,27,0,0.8676,0.0,1.0,1.0,
Activation Of GABAB Receptors R-HSA-991365,39,0,1.2845,0.0,1.0,1.0,
Activation Of IRF3/IRF7 Mediated By TBK1/IKK Epsilon R-HSA-936964,15,0,0.4683,0.0,1.0,1.0,
Activation Of PPARGC1A (PGC-1alpha) By Phosphorylation R-HSA-2151209,10,0,0.3531,0.0,1.0,1.0,
Activation Of Gene Expression By SREBF (SREBP) R-HSA-2426168,36,0,1.2148,0.0,1.0,1.0,
Activation Of Kainate Receptors Upon Glutamate Binding R-HSA-451326,27,0,0.8737,0.0,1.0,1.0,
Activation Of AP-1 Family Of Transcription Factors R-HSA-450341,10,0,0.3011,0.0,1.0,1.0,
Activation Of TFAP2 (AP-2) Family Of Transcription Factors R-HSA-8866907,12,0,0.4077,0.0,1.0,1.0,
"mRNA Activation Upon Binding Of Cap-Binding Complex And eIFs, Subsequent Binding To 43S R-HSA-72662",37,0,1.3197,0.0,1.0,1.0,
Activation Of Pre-Replicative Complex R-HSA-68962,20,0,0.8275,0.0,1.0,1.0,
Adenylate Cyclase Inhibitory Pathway R-HSA-170670,12,0,0.4169,0.0,1.0,1.0,
Advanced Glycosylation Endproduct Receptor Signaling R-HSA-879415,13,0,0.4346,0.0,1.0,1.0,
Aggrephagy R-HSA-9646399,18,0,0.5477,0.0,1.0,1.0,
Amino Acid Transport Across Plasma Membrane R-HSA-352230,32,0,1.0837,0.0,1.0,1.0,
Androgen Biosynthesis R-HSA-193048,10,0,0.3671,0.0,1.0,1.0,
"Antigen Presentation: Folding, Assembly, Peptide Loading Of Class I MHC R-HSA-983170",22,0,0.6848,0.0,1.0,1.0,
Antigen Activates B Cell Receptor Leading To Second Messenger Generation R-HSA-983695,27,0,1.1351,0.0,1.0,1.0,
Apoptotic Cleavage Of Cell Adhesion Proteins R-HSA-351906,10,0,0.3194,0.0,1.0,1.0,
Apoptotic Cleavage Of Cellular Proteins R-HSA-111465,34,0,1.2423,0.0,1.0,1.0,
Assembly Of HIV Virion R-HSA-175474,12,0,0.395,0.0,1.0,1.0,
Assembly And Cell Surface Presentation Of NMDA Receptors R-HSA-9609736,22,0,0.6916,0.0,1.0,1.0,
Autophagy R-HSA-9612973,91,0,3.0886,0.0,1.0,1.0,
Azathioprine ADME R-HSA-9748787,19,0,0.6064,0.0,1.0,1.0,
B-WICH Complex Positively Regulates rRNA Expression R-HSA-5250924,20,0,0.6399,0.0,1.0,1.0,
BBSome-mediated Cargo-Targeting To Cilium R-HSA-5620922,17,0,0.5602,0.0,1.0,1.0,
"BMAL1:CLOCK,NPAS2 Activates Circadian Gene Expression R-HSA-1368108",17,0,0.5674,0.0,1.0,1.0,
Basigin Interactions R-HSA-210991,24,0,0.8849,0.0,1.0,1.0,
Beta Defensins R-HSA-1461957,14,0,0.4388,0.0,1.0,1.0,
Beta-catenin Phosphorylation Cascade R-HSA-196299,16,0,0.5497,0.0,1.0,1.0,
Budding And Maturation Of HIV Virion R-HSA-162588,20,0,0.686,0.0,1.0,1.0,
Butyrate Response Factor 1 Binds And Destabilizes mRNA R-HSA-450385,13,0,0.3993,0.0,1.0,1.0,
Butyrophilin (BTN) Family Interactions R-HSA-8851680,12,0,0.3978,0.0,1.0,1.0,
CASP8 Activity Is Inhibited R-HSA-5218900,11,0,0.4289,0.0,1.0,1.0,
CD209 (DC-SIGN) Signaling R-HSA-5621575,20,0,0.6393,0.0,1.0,1.0,
CD28 Dependent Vav1 Pathway R-HSA-389359,12,0,0.4108,0.0,1.0,1.0,
CLEC7A (Dectin-1) Induces NFAT Activation R-HSA-5607763,11,0,0.512,0.0,1.0,1.0,
CREB1 Phosphorylation Thru Activation Of Adenylate Cyclase R-HSA-442720,12,0,0.3574,0.0,1.0,1.0,
CS/DS Degradation R-HSA-2024101,12,0,0.4019,0.0,1.0,1.0,
CTLA4 Inhibitory Signaling R-HSA-389513,21,0,0.6841,0.0,1.0,1.0,
CTNNB1 S33 Mutants Not Phosphorylated R-HSA-5358747,14,0,0.4799,0.0,1.0,1.0,
CYP2E1 Reactions R-HSA-211999,10,0,0.3074,0.0,1.0,1.0,
Ca-dependent Events R-HSA-111996,32,0,0.9497,0.0,1.0,1.0,
CaM Pathway R-HSA-111997,31,0,0.9126,0.0,1.0,1.0,
CaMK IV-mediated Phosphorylation Of CREB R-HSA-111932,10,0,0.2466,0.0,1.0,1.0,
Calnexin/calreticulin Cycle R-HSA-901042,19,0,0.6925,0.0,1.0,1.0,
Cargo Recognition For Clathrin-Mediated Endocytosis R-HSA-8856825,86,0,2.9051,0.0,1.0,1.0,
Carnitine Metabolism R-HSA-200425,11,0,0.3604,0.0,1.0,1.0,
Caspase Activation Via Death Receptors In Presence Of Ligand R-HSA-140534,14,0,0.5174,0.0,1.0,1.0,
Caspase-mediated Cleavage Of Cytoskeletal Proteins R-HSA-264870,10,0,0.3732,0.0,1.0,1.0,
"Cell Death Signaling Via NRAGE, NRIF And NADE R-HSA-204998",64,0,2.088,0.0,1.0,1.0,
Cell Recruitment (Pro-Inflammatory Response) R-HSA-9664424,23,0,0.831,0.0,1.0,1.0,
Cell Surface Interactions At Vascular Wall R-HSA-202733,117,0,4.1434,0.0,1.0,1.0,
Cell-extracellular Matrix Interactions R-HSA-446353,15,0,0.4989,0.0,1.0,1.0,
Chaperone Mediated Autophagy R-HSA-9613829,16,0,0.5141,0.0,1.0,1.0,
Cholesterol Biosynthesis R-HSA-191273,21,0,0.697,0.0,1.0,1.0,
Chondroitin Sulfate Biosynthesis R-HSA-2022870,12,0,0.4001,0.0,1.0,1.0,
Class C/3 (Metabotropic Glutamate/Pheromone Receptors) R-HSA-420499,26,0,0.7833,0.0,1.0,1.0,
Clathrin-mediated Endocytosis R-HSA-8856828,115,0,3.9594,0.0,1.0,1.0,
"Cobalamin (Cbl, Vitamin B12) Transport And Metabolism R-HSA-196741",14,0,0.4724,0.0,1.0,1.0,
Constitutive Signaling By EGFRvIII R-HSA-5637810,13,0,0.4414,0.0,1.0,1.0,
Constitutive Signaling By Ligand-Responsive EGFR Cancer Variants R-HSA-1236382,17,0,0.5819,0.0,1.0,1.0,
Constitutive Signaling By NOTCH1 HD Domain Mutants R-HSA-2691232,11,0,0.3923,0.0,1.0,1.0,
Conversion From APC/C:Cdc20 To APC/C:Cdh1 In Late Anaphase R-HSA-176407,17,0,0.5714,0.0,1.0,1.0,
Crosslinking Of Collagen Fibrils R-HSA-2243919,10,0,0.4262,0.0,1.0,1.0,
Cyclin A/B1/B2 Associated Events During G2/M Transition R-HSA-69273,22,0,0.9797,0.0,1.0,1.0,
Cytochrome C-Mediated Apoptotic Response R-HSA-111461,12,0,0.3779,0.0,1.0,1.0,
DAG And IP3 Signaling R-HSA-1489509,37,0,1.2442,0.0,1.0,1.0,
DAP12 Interactions R-HSA-2172127,35,0,1.1291,0.0,1.0,1.0,
DAP12 Signaling R-HSA-2424491,27,0,0.9317,0.0,1.0,1.0,
DNA Damage Recognition In GG-NER R-HSA-5696394,30,0,0.9976,0.0,1.0,1.0,
DNA Double Strand Break Response R-HSA-5693606,33,0,1.3739,0.0,1.0,1.0,
Defective HDR Thru Homologous Recombination (HRR) Due To BRCA1 Loss-Of-Function R-HSA-9701192,15,0,0.6581,0.0,1.0,1.0,
Defective Homologous Recombination Repair (HRR) Due To BRCA2 Loss Of Function R-HSA-9701190,27,0,1.0513,0.0,1.0,1.0,
Defective Pyroptosis R-HSA-9710421,10,0,0.33,0.0,1.0,1.0,
Defects In Vitamin And Cofactor Metabolism R-HSA-3296482,17,0,0.5428,0.0,1.0,1.0,
Defects Of Contact Activation System (CAS) And Kallikrein/Kinin System (KKS) R-HSA-9651496,13,0,0.3876,0.0,1.0,1.0,
Defensins R-HSA-1461973,21,0,0.6689,0.0,1.0,1.0,
Depolymerisation Of Nuclear Lamina R-HSA-4419969,10,0,0.3263,0.0,1.0,1.0,
Detoxification Of Reactive Oxygen Species R-HSA-3299685,29,0,1.091,0.0,1.0,1.0,
Digestion R-HSA-8935690,18,0,0.5459,0.0,1.0,1.0,
Digestion And Absorption R-HSA-8963743,23,0,0.7006,0.0,1.0,1.0,
Dimerization Of Procaspase-8 R-HSA-69416,11,0,0.4289,0.0,1.0,1.0,
Disassembly Of Destruction Complex And Recruitment Of AXIN To Membrane R-HSA-4641262,28,0,1.029,0.0,1.0,1.0,
Diseases Associated With TLR Signaling Cascade R-HSA-5602358,27,0,0.8676,0.0,1.0,1.0,
Diseases Of DNA Repair R-HSA-9675135,37,0,1.4859,0.0,1.0,1.0,
Dissolution Of Fibrin Clot R-HSA-75205,13,0,0.4141,0.0,1.0,1.0,
Dopamine Neurotransmitter Release Cycle R-HSA-212676,19,0,0.6251,0.0,1.0,1.0,
Downregulation Of TGF-beta Receptor Signaling R-HSA-2173788,22,0,0.852,0.0,1.0,1.0,
Downstream Signal Transduction R-HSA-186763,26,0,0.8522,0.0,1.0,1.0,
Downstream Signaling Of Activated FGFR1 R-HSA-5654687,28,0,0.9319,0.0,1.0,1.0,
Downstream Signaling Of Activated FGFR3 R-HSA-5654708,22,0,0.695,0.0,1.0,1.0,
Downstream Signaling Of Activated FGFR4 R-HSA-5654716,24,0,0.7704,0.0,1.0,1.0,
E2F Mediated Regulation Of DNA Replication R-HSA-113510,13,0,0.7137,0.0,1.0,1.0,
EGFR Downregulation R-HSA-182971,27,0,0.9427,0.0,1.0,1.0,
EPHA-mediated Growth Cone Collapse R-HSA-3928663,12,0,0.4178,0.0,1.0,1.0,
EPHB-mediated Forward Signaling R-HSA-3928662,27,0,0.9046,0.0,1.0,1.0,
ER Quality Control Compartment (ERQC) R-HSA-901032,14,0,0.5126,0.0,1.0,1.0,
ERCC6 (CSB) And EHMT2 (G9a) Positively Regulate rRNA Expression R-HSA-427389,14,0,0.3812,0.0,1.0,1.0,
ERK/MAPK Targets R-HSA-198753,22,0,0.7915,0.0,1.0,1.0,
ERKs Are Inactivated R-HSA-202670,13,0,0.4816,0.0,1.0,1.0,
Elastic Fibre Formation R-HSA-1566948,38,0,1.3506,0.0,1.0,1.0,
Elevation Of Cytosolic Ca2+ Levels R-HSA-139853,10,0,0.4794,0.0,1.0,1.0,
Endosomal Sorting Complex Required For Transport (ESCRT) R-HSA-917729,24,0,0.8267,0.0,1.0,1.0,
Endosomal/Vacuolar Pathway R-HSA-1236977,10,0,0.2886,0.0,1.0,1.0,
Energy Dependent Regulation Of mTOR By LKB1-AMPK R-HSA-380972,18,0,0.6648,0.0,1.0,1.0,
Epigenetic Regulation Of Gene Expression R-HSA-212165,63,0,1.8961,0.0,1.0,1.0,
Erythropoietin Activates Phosphoinositide-3-kinase (PI3K) R-HSA-9027276,11,0,0.341,0.0,1.0,1.0,
Erythropoietin Activates RAS R-HSA-9027284,13,0,0.3643,0.0,1.0,1.0,
Expression And Translocation Of Olfactory Receptors R-HSA-9752946,46,0,1.327,0.0,1.0,1.0,
FCERI Mediated Ca+2 Mobilization R-HSA-2871809,27,0,1.1371,0.0,1.0,1.0,
FCERI Mediated MAPK Activation R-HSA-2871796,26,0,0.9018,0.0,1.0,1.0,
FCGR3A-mediated IL10 Synthesis R-HSA-9664323,34,0,1.3434,0.0,1.0,1.0,
FCGR3A-mediated Phagocytosis R-HSA-9664422,47,0,1.731,0.0,1.0,1.0,
FGFR1 Ligand Binding And Activation R-HSA-190242,15,0,0.5151,0.0,1.0,1.0,
FGFR1 Mutant Receptor Activation R-HSA-1839124,24,0,0.8044,0.0,1.0,1.0,
FGFR1c Ligand Binding And Activation R-HSA-190373,11,0,0.3712,0.0,1.0,1.0,
FGFR2 Alternative Splicing R-HSA-6803529,19,0,0.6519,0.0,1.0,1.0,
FGFR3 Ligand Binding And Activation R-HSA-190239,13,0,0.4057,0.0,1.0,1.0,
FGFR3 Mutant Receptor Activation R-HSA-2033514,12,0,0.3861,0.0,1.0,1.0,
FGFR4 Ligand Binding And Activation R-HSA-190322,14,0,0.4615,0.0,1.0,1.0,
FGFRL1 Modulation Of FGFR1 Signaling R-HSA-5658623,11,0,0.3697,0.0,1.0,1.0,
FLT3 Signaling R-HSA-9607240,34,0,1.5238,0.0,1.0,1.0,
FLT3 Signaling In Disease R-HSA-9682385,25,0,0.8923,0.0,1.0,1.0,
FRS-mediated FGFR1 Signaling R-HSA-5654693,21,0,0.6778,0.0,1.0,1.0,
FRS-mediated FGFR3 Signaling R-HSA-5654706,18,0,0.5488,0.0,1.0,1.0,
FRS-mediated FGFR4 Signaling R-HSA-5654712,20,0,0.6242,0.0,1.0,1.0,
Fanconi Anemia Pathway R-HSA-6783310,22,0,0.7568,0.0,1.0,1.0,
Fatty Acids R-HSA-211935,11,0,0.3588,0.0,1.0,1.0,
Fatty acyl-CoA Biosynthesis R-HSA-75105,26,0,0.9013,0.0,1.0,1.0,
Fcgamma Receptor (FCGR) Dependent Phagocytosis R-HSA-2029480,72,0,2.7227,0.0,1.0,1.0,
Fertilization R-HSA-1187000,15,0,0.5218,0.0,1.0,1.0,
Formation Of Incision Complex In GG-NER R-HSA-5696395,38,0,1.2479,0.0,1.0,1.0,
Formation Of Senescence-Associated Heterochromatin Foci (SAHF) R-HSA-2559584,10,0,0.636,0.0,1.0,1.0,
Formation Of Apoptosome R-HSA-111458,10,0,0.3436,0.0,1.0,1.0,
Formation Of Early Elongation Complex R-HSA-113418,27,0,0.872,0.0,1.0,1.0,
"Formation Of Ternary Complex, And Subsequently, 43S Complex R-HSA-72695",30,0,1.0857,0.0,1.0,1.0,
Free Fatty Acids Regulate Insulin Secretion R-HSA-400451,11,0,0.3198,0.0,1.0,1.0,
Frs2-mediated Activation R-HSA-170968,10,0,0.3909,0.0,1.0,1.0,
G Alpha (12/13) Signaling Events R-HSA-416482,68,0,2.2568,0.0,1.0,1.0,
G Beta:Gamma Signaling Thru BTK R-HSA-8964315,16,0,0.5251,0.0,1.0,1.0,
G Beta:Gamma Signaling Thru CDC42 R-HSA-8964616,18,0,0.5706,0.0,1.0,1.0,
G Beta:Gamma Signaling Thru PI3Kgamma R-HSA-392451,22,0,0.6856,0.0,1.0,1.0,
G Beta:Gamma Signaling Thru PLC Beta R-HSA-418217,18,0,0.5817,0.0,1.0,1.0,
G-protein Activation R-HSA-202040,22,0,0.6986,0.0,1.0,1.0,
G-protein Beta:Gamma Signaling R-HSA-397795,29,0,0.9026,0.0,1.0,1.0,
G-protein Mediated Events R-HSA-112040,48,0,1.5694,0.0,1.0,1.0,
G0 And Early G1 R-HSA-1538133,23,0,0.871,0.0,1.0,1.0,
G1/S-Specific Transcription R-HSA-69205,22,0,0.7333,0.0,1.0,1.0,
GAB1 Signalosome R-HSA-180292,14,0,0.4579,0.0,1.0,1.0,
GABA Receptor Activation R-HSA-977443,54,0,1.7827,0.0,1.0,1.0,
"GABA Synthesis, Release, Reuptake And Degradation R-HSA-888590",17,0,0.4995,0.0,1.0,1.0,
GPVI-mediated Activation Cascade R-HSA-114604,28,0,1.0189,0.0,1.0,1.0,
GRB2 Events In EGFR Signaling R-HSA-179812,10,0,0.3143,0.0,1.0,1.0,
GRB2:SOS Provides Linkage To MAPK Signaling For Integrins R-HSA-354194,14,0,0.4266,0.0,1.0,1.0,
"Gamma Carboxylation, Hypusine Formation And Arylsulfatase Activation R-HSA-163841",31,0,1.0253,0.0,1.0,1.0,
"Gamma-carboxylation, Transport, And Amino-Terminal Cleavage Of Proteins R-HSA-159854",10,0,0.3143,0.0,1.0,1.0,
Gap Junction Degradation R-HSA-190873,10,0,0.385,0.0,1.0,1.0,
Gene And Protein Expression By JAK-STAT Signaling After Interleukin-12 Stimulation R-HSA-8950505,28,0,0.895,0.0,1.0,1.0,
Generation Of Second Messenger Molecules R-HSA-202433,22,0,0.6982,0.0,1.0,1.0,
Glucocorticoid Biosynthesis R-HSA-194002,10,0,0.2907,0.0,1.0,1.0,
Glucuronidation R-HSA-156588,19,0,0.638,0.0,1.0,1.0,
Glycosphingolipid Metabolism R-HSA-1660662,30,0,1.1094,0.0,1.0,1.0,
Golgi Associated Vesicle Biogenesis R-HSA-432722,42,0,1.4804,0.0,1.0,1.0,
Golgi Cisternae Pericentriolar Stack Reorganization R-HSA-162658,10,0,0.3565,0.0,1.0,1.0,
HATs Acetylate Histones R-HSA-3214847,41,0,1.349,0.0,1.0,1.0,
HDL Remodeling R-HSA-8964058,10,0,0.3295,0.0,1.0,1.0,
HDR Thru MMEJ (alt-NHEJ) R-HSA-5685939,10,0,0.4484,0.0,1.0,1.0,
HDR Thru Single Strand Annealing (SSA) R-HSA-5685938,27,0,1.0723,0.0,1.0,1.0,
HIV Transcription Initiation R-HSA-167161,38,0,1.2805,0.0,1.0,1.0,
Heme Biosynthesis R-HSA-189451,12,0,0.4143,0.0,1.0,1.0,
Homologous DNA Pairing And Strand Exchange R-HSA-5693579,29,0,1.1045,0.0,1.0,1.0,
Hormone Ligand-Binding Receptors R-HSA-375281,11,0,0.3537,0.0,1.0,1.0,
HuR (ELAVL1) Binds And Stabilizes mRNA R-HSA-450520,10,0,0.3016,0.0,1.0,1.0,
IKK Complex Recruitment Mediated By RIP1 R-HSA-937041,20,0,0.6384,0.0,1.0,1.0,
IL-6-type Cytokine Receptor Ligand Interactions R-HSA-6788467,15,0,0.453,0.0,1.0,1.0,
IRAK2 Mediated Activation Of TAK1 Complex Upon TLR7/8 Or 9 Stimulation R-HSA-975163,10,0,0.3415,0.0,1.0,1.0,
IRAK4 Deficiency (TLR2/4) R-HSA-5603041,17,0,0.5437,0.0,1.0,1.0,
Impaired BRCA2 Binding To PALB2 R-HSA-9709603,15,0,0.6581,0.0,1.0,1.0,
Impaired BRCA2 Binding To RAD51 R-HSA-9709570,24,0,0.9689,0.0,1.0,1.0,
Inactivation Of CSF3 (G-CSF) Signaling R-HSA-9705462,23,0,0.9897,0.0,1.0,1.0,
Infection With Mycobacterium Tuberculosis R-HSA-9635486,22,0,0.7543,0.0,1.0,1.0,
Inflammasomes R-HSA-622312,18,0,0.8919,0.0,1.0,1.0,
Inhibition Of Replication Initiation Of Damaged DNA By RB1/E2F1 R-HSA-113501,10,0,0.6264,0.0,1.0,1.0,
InlB-mediated Entry Of Listeria Monocytogenes Into Host Cell R-HSA-8875360,14,0,0.5049,0.0,1.0,1.0,
Insertion Of Tail-Anchored Proteins Into Endoplasmic Reticulum Membrane R-HSA-9609523,17,0,0.5813,0.0,1.0,1.0,
Integrin Cell Surface Interactions R-HSA-216083,64,0,2.2055,0.0,1.0,1.0,
Interconversion Of Nucleotide Di- And Triphosphates R-HSA-499943,18,0,0.5914,0.0,1.0,1.0,
Interleukin Receptor SHC Signaling R-HSA-912526,25,0,0.8613,0.0,1.0,1.0,
Interleukin-12 Family Signaling R-HSA-447115,45,0,1.437,0.0,1.0,1.0,
Interleukin-12 Signaling R-HSA-9020591,35,0,1.1062,0.0,1.0,1.0,
Interleukin-2 Signaling R-HSA-9020558,11,0,0.4414,0.0,1.0,1.0,
Interleukin-21 Signaling R-HSA-9020958,10,0,0.326,0.0,1.0,1.0,
Interleukin-27 Signaling R-HSA-9020956,11,0,0.3833,0.0,1.0,1.0,
"Interleukin-3, Interleukin-5 And GM-CSF Signaling R-HSA-512988",42,0,1.4293,0.0,1.0,1.0,
Interleukin-35 Signaling R-HSA-8984722,12,0,0.4137,0.0,1.0,1.0,
Interleukin-37 Signaling R-HSA-9008059,18,0,0.5822,0.0,1.0,1.0,
Interleukin-6 Family Signaling R-HSA-6783589,22,0,0.6903,0.0,1.0,1.0,
Interleukin-6 Signaling R-HSA-1059683,11,0,0.3605,0.0,1.0,1.0,
Interleukin-7 Signaling R-HSA-1266695,22,0,1.055,0.0,1.0,1.0,
Intra-Golgi Traffic R-HSA-6811438,28,0,0.9098,0.0,1.0,1.0,
Intrinsic Pathway Of Fibrin Clot Formation R-HSA-140837,19,0,0.5766,0.0,1.0,1.0,
Inwardly Rectifying K+ Channels R-HSA-1296065,33,0,1.0632,0.0,1.0,1.0,
JNK (c-Jun Kinases) Phosphorylation And Activation Mediated By Activated Human TAK1 R-HSA-450321,12,0,0.3623,0.0,1.0,1.0,
Josephin Domain DUBs R-HSA-5689877,10,0,0.3385,0.0,1.0,1.0,
KSRP (KHSRP) Binds And Destabilizes mRNA R-HSA-450604,12,0,0.3796,0.0,1.0,1.0,
Keratan Sulfate Biosynthesis R-HSA-2022854,23,0,0.7258,0.0,1.0,1.0,
Keratan Sulfate Degradation R-HSA-2022857,10,0,0.3359,0.0,1.0,1.0,
Keratan Sulfate/Keratin Metabolism R-HSA-1638074,28,0,0.9169,0.0,1.0,1.0,
Killing Mechanisms R-HSA-9664420,11,0,0.3112,0.0,1.0,1.0,
LDL Clearance R-HSA-8964038,14,0,0.4918,0.0,1.0,1.0,
LGI-ADAM Interactions R-HSA-5682910,12,0,0.3937,0.0,1.0,1.0,
Laminin Interactions R-HSA-3000157,22,0,0.7936,0.0,1.0,1.0,
Late Endosomal Microautophagy R-HSA-9615710,22,0,0.7125,0.0,1.0,1.0,
Listeria Monocytogenes Entry Into Host Cells R-HSA-8876384,18,0,0.6487,0.0,1.0,1.0,
MAP Kinase Activation R-HSA-450294,54,0,1.8324,0.0,1.0,1.0,
MAP2K And MAPK Activation R-HSA-5674135,31,0,1.0499,0.0,1.0,1.0,
MAP3K8 (TPL2)-dependent MAPK1/3 Activation R-HSA-5684264,13,0,0.4485,0.0,1.0,1.0,
MAPK Targets/ Nuclear Events Mediated By MAP Kinases R-HSA-450282,30,0,1.004,0.0,1.0,1.0,
MET Activates PTK2 Signaling R-HSA-8874081,16,0,0.5785,0.0,1.0,1.0,
MTOR Signaling R-HSA-165159,30,0,1.0651,0.0,1.0,1.0,
Macroautophagy R-HSA-1632852,81,0,2.7644,0.0,1.0,1.0,
Maturation Of Nucleoprotein R-HSA-9683610,10,0,0.3179,0.0,1.0,1.0,
Meiotic Recombination R-HSA-912446,19,0,0.9952,0.0,1.0,1.0,
Membrane Binding And Targetting Of GAG Proteins R-HSA-174490,10,0,0.321,0.0,1.0,1.0,
Metabolism Of Amine-Derived Hormones R-HSA-209776,14,0,0.4143,0.0,1.0,1.0,
Metabolism Of Cofactors R-HSA-8978934,14,0,0.4551,0.0,1.0,1.0,
Metabolism Of Folate And Pterines R-HSA-196757,12,0,0.468,0.0,1.0,1.0,
Metabolism Of Nitric Oxide: NOS3 Activation And Regulation R-HSA-202131,12,0,0.5705,0.0,1.0,1.0,
Metal Ion SLC Transporters R-HSA-425410,23,0,0.7608,0.0,1.0,1.0,
Metalloprotease DUBs R-HSA-5689901,11,0,0.4815,0.0,1.0,1.0,
Methylation R-HSA-156581,11,0,0.3745,0.0,1.0,1.0,
MicroRNA (miRNA) Biogenesis R-HSA-203927,16,0,0.6037,0.0,1.0,1.0,
Miscellaneous Transport And Binding Events R-HSA-5223345,13,0,0.4229,0.0,1.0,1.0,
Mitochondrial Calcium Ion Transport R-HSA-8949215,11,0,0.3527,0.0,1.0,1.0,
Mitochondrial Translation R-HSA-5368287,73,0,2.5922,0.0,1.0,1.0,
Mitochondrial Translation Elongation R-HSA-5389840,68,0,2.4077,0.0,1.0,1.0,
Mitochondrial Translation Initiation R-HSA-5368286,68,0,2.4124,0.0,1.0,1.0,
Mitochondrial Translation Termination R-HSA-5419276,69,0,2.4441,0.0,1.0,1.0,
Mitophagy R-HSA-5205647,23,0,0.7818,0.0,1.0,1.0,
Molecules Associated With Elastic Fibres R-HSA-2129379,28,0,0.9432,0.0,1.0,1.0,
MyD88 Cascade Initiated On Plasma Membrane R-HSA-975871,78,0,2.646,0.0,1.0,1.0,
MyD88 Deficiency (TLR2/4) R-HSA-5602498,16,0,0.5072,0.0,1.0,1.0,
MyD88 Dependent Cascade Initiated On Endosome R-HSA-975155,83,0,2.809,0.0,1.0,1.0,
MyD88-independent TLR4 Cascade R-HSA-166166,91,0,3.045,0.0,1.0,1.0,
MyD88:MAL(TIRAP) Cascade Initiated On Plasma Membrane R-HSA-166058,93,0,3.2199,0.0,1.0,1.0,
N-Glycan Antennae Elongation R-HSA-975577,13,0,0.3821,0.0,1.0,1.0,
N-glycan Trimming In ER And Calnexin/Calreticulin Cycle R-HSA-532668,23,0,0.8189,0.0,1.0,1.0,
NF-kB Activation Thru FADD/RIP-1 Pathway Mediated By Caspase-8 And -10 R-HSA-933543,10,0,0.3807,0.0,1.0,1.0,
NF-kB Is Activated And Signals Survival R-HSA-209560,12,0,0.4293,0.0,1.0,1.0,
NOD1/2 Signaling Pathway R-HSA-168638,27,0,0.9541,0.0,1.0,1.0,
NOTCH2 Activation And Transmission Of Signal To Nucleus R-HSA-2979096,16,0,0.5516,0.0,1.0,1.0,
NOTCH3 Activation And Transmission Of Signal To Nucleus R-HSA-9013507,20,0,0.6956,0.0,1.0,1.0,
NOTCH3 Intracellular Domain Regulates Transcription R-HSA-9013508,16,0,0.543,0.0,1.0,1.0,
NRAGE Signals Death Thru JNK R-HSA-193648,49,0,1.5864,0.0,1.0,1.0,
NRIF Signals Cell Death From Nucleus R-HSA-205043,14,0,0.4648,0.0,1.0,1.0,
Nef-mediated Downmodulation Of Cell Surface Receptors By Recruitment To Clathrin Adapters R-HSA-164938,17,0,0.6149,0.0,1.0,1.0,
Negative Epigenetic Regulation Of rRNA Expression R-HSA-5250941,34,0,1.0719,0.0,1.0,1.0,
Negative Regulation Of FGFR1 Signaling R-HSA-5654726,31,0,1.1602,0.0,1.0,1.0,
Negative Regulation Of FGFR3 Signaling R-HSA-5654732,28,0,1.0312,0.0,1.0,1.0,
Negative Regulation Of FGFR4 Signaling R-HSA-5654733,30,0,1.1066,0.0,1.0,1.0,
Negative Regulation Of FLT3 R-HSA-9706369,13,0,0.6361,0.0,1.0,1.0,
Negative Regulation Of MAPK Pathway R-HSA-5675221,40,0,1.4635,0.0,1.0,1.0,
Negative Regulation Of NMDA Receptor-Mediated Neuronal Transmission R-HSA-9617324,20,0,0.6077,0.0,1.0,1.0,
Negative Regulation Of Activity Of TFAP2 (AP-2) Family Transcription Factors R-HSA-8866904,10,0,0.359,0.0,1.0,1.0,
Nephrin Family Interactions R-HSA-373753,17,0,0.5806,0.0,1.0,1.0,
Nicotinamide Salvaging R-HSA-197264,12,0,0.5852,0.0,1.0,1.0,
Nicotinate Metabolism R-HSA-196807,20,0,0.8507,0.0,1.0,1.0,
Nitric Oxide Stimulates Guanylate Cyclase R-HSA-392154,15,0,0.4908,0.0,1.0,1.0,
NoRC Negatively Regulates rRNA Expression R-HSA-427413,32,0,1.0173,0.0,1.0,1.0,
Nonhomologous End-Joining (NHEJ) R-HSA-5693571,21,0,0.8166,0.0,1.0,1.0,
Norepinephrine Neurotransmitter Release Cycle R-HSA-181430,14,0,0.4332,0.0,1.0,1.0,
Nuclear Events Stimulated By ALK Signaling In Cancer R-HSA-9725371,17,0,0.5555,0.0,1.0,1.0,
Nucleotide Biosynthesis R-HSA-8956320,10,0,0.3369,0.0,1.0,1.0,
Nucleotide Catabolism R-HSA-8956319,29,0,0.9749,0.0,1.0,1.0,
"Nucleotide-binding Domain, Leucine Rich Repeat Containing NLR Signaling Pathways R-HSA-168643",44,0,1.8103,0.0,1.0,1.0,
Nucleotide-like (Purinergic) Receptors R-HSA-418038,13,0,0.4664,0.0,1.0,1.0,
Olfactory Signaling Pathway R-HSA-381753,52,0,1.5245,0.0,1.0,1.0,
Oncogenic MAPK Signaling R-HSA-6802957,63,0,2.0569,0.0,1.0,1.0,
Organic Anion Transporters R-HSA-428643,10,0,0.419,0.0,1.0,1.0,
Other Interleukin Signaling R-HSA-449836,19,0,0.6033,0.0,1.0,1.0,
Ovarian Tumor Domain Proteases R-HSA-5689896,29,0,1.1417,0.0,1.0,1.0,
PD-1 Signaling R-HSA-389948,15,0,0.437,0.0,1.0,1.0,
PECAM1 Interactions R-HSA-210990,12,0,0.4232,0.0,1.0,1.0,
PI-3K cascade:FGFR1 R-HSA-5654689,19,0,0.6425,0.0,1.0,1.0,
PI-3K cascade:FGFR3 R-HSA-5654710,16,0,0.5135,0.0,1.0,1.0,
PI-3K cascade:FGFR4 R-HSA-5654720,18,0,0.5889,0.0,1.0,1.0,
PINK1-PRKN Mediated Mitophagy R-HSA-5205685,17,0,0.5791,0.0,1.0,1.0,
PIWI-interacting RNA (piRNA) Biogenesis R-HSA-5601884,22,0,0.8141,0.0,1.0,1.0,
PKA Activation R-HSA-163615,16,0,0.5059,0.0,1.0,1.0,
PKA-mediated Phosphorylation Of CREB R-HSA-111931,18,0,0.5749,0.0,1.0,1.0,
PKMTs Methylate Histone Lysines R-HSA-3214841,22,0,0.7184,0.0,1.0,1.0,
PLC Beta Mediated Events R-HSA-112043,44,0,1.4269,0.0,1.0,1.0,
PRC2 Methylates Histones And DNA R-HSA-212300,11,0,0.3451,0.0,1.0,1.0,
Paradoxical Activation Of RAF Signaling By Kinase Inactive BRAF R-HSA-6802955,37,0,1.1984,0.0,1.0,1.0,
Peptide Hormone Biosynthesis R-HSA-209952,11,0,0.3612,0.0,1.0,1.0,
Pexophagy R-HSA-9664873,10,0,0.4086,0.0,1.0,1.0,
Phospholipase C-mediated Cascade: FGFR1 R-HSA-5654219,16,0,0.5514,0.0,1.0,1.0,
Phospholipase C-mediated Cascade; FGFR3 R-HSA-5654227,13,0,0.4224,0.0,1.0,1.0,
Phospholipase C-mediated Cascade; FGFR4 R-HSA-5654228,15,0,0.4978,0.0,1.0,1.0,
Phosphorylation Of CD3 And TCR Zeta Chains R-HSA-202427,14,0,0.4159,0.0,1.0,1.0,
Phosphorylation Of APC/C R-HSA-176412,16,0,0.5365,0.0,1.0,1.0,
Plasma Lipoprotein Assembly R-HSA-8963898,15,0,0.4842,0.0,1.0,1.0,
Plasma Lipoprotein Clearance R-HSA-8964043,30,0,1.0421,0.0,1.0,1.0,
Platelet Adhesion To Exposed Collagen R-HSA-75892,11,0,0.3742,0.0,1.0,1.0,
Platelet Calcium Homeostasis R-HSA-418360,21,0,0.8349,0.0,1.0,1.0,
Platelet Sensitization By LDL R-HSA-432142,16,0,0.5489,0.0,1.0,1.0,
Polo-like Kinase Mediated Events R-HSA-156711,13,0,0.4438,0.0,1.0,1.0,
Positive Epigenetic Regulation Of rRNA Expression R-HSA-5250913,33,0,0.9865,0.0,1.0,1.0,
Postmitotic Nuclear Pore Complex (NPC) Reformation R-HSA-9615933,20,0,0.6999,0.0,1.0,1.0,
Pre-NOTCH Processing In Golgi R-HSA-1912420,16,0,0.5722,0.0,1.0,1.0,
Presynaptic Function Of Kainate Receptors R-HSA-500657,19,0,0.6214,0.0,1.0,1.0,
Presynaptic Nicotinic Acetylcholine Receptors R-HSA-622323,12,0,0.3777,0.0,1.0,1.0,
Presynaptic Phase Of Homologous DNA Pairing And Strand Exchange R-HSA-5693616,27,0,1.0549,0.0,1.0,1.0,
Processing Of DNA Double-Strand Break Ends R-HSA-5693607,46,0,1.8132,0.0,1.0,1.0,
Prolactin Receptor Signaling R-HSA-1170546,13,0,0.3985,0.0,1.0,1.0,
Prolonged ERK Activation Events R-HSA-169893,11,0,0.4296,0.0,1.0,1.0,
Purine Catabolism R-HSA-74259,13,0,0.4348,0.0,1.0,1.0,
Purine Salvage R-HSA-74217,11,0,0.3875,0.0,1.0,1.0,
Pyrimidine Catabolism R-HSA-73621,10,0,0.3413,0.0,1.0,1.0,
Pyroptosis R-HSA-5620971,21,0,0.6783,0.0,1.0,1.0,
RAF Activation R-HSA-5673000,31,0,1.033,0.0,1.0,1.0,
RAF-independent MAPK1/3 Activation R-HSA-112409,22,0,0.7478,0.0,1.0,1.0,
RAS Processing R-HSA-9648002,11,0,0.3217,0.0,1.0,1.0,
RHO GTPases Activate NADPH Oxidases R-HSA-5668599,22,0,0.7255,0.0,1.0,1.0,
RHO GTPases Activate ROCKs R-HSA-5627117,16,0,0.5325,0.0,1.0,1.0,
RHO GTPases Activate WASPs And WAVEs R-HSA-5663213,27,0,0.9341,0.0,1.0,1.0,
RHO GTPases Activate CIT R-HSA-5625900,17,0,0.5764,0.0,1.0,1.0,
RHO GTPases Activate IQGAPs R-HSA-5626467,10,0,0.3385,0.0,1.0,1.0,
RHO GTPases Activate PAKs R-HSA-5627123,19,0,0.6191,0.0,1.0,1.0,
RHOBTB GTPase Cycle R-HSA-9706574,28,0,0.9375,0.0,1.0,1.0,
RHOBTB1 GTPase Cycle R-HSA-9013422,18,0,0.5969,0.0,1.0,1.0,
RHOBTB2 GTPase Cycle R-HSA-9013418,19,0,0.6516,0.0,1.0,1.0,
RHOC GTPase Cycle R-HSA-9013106,56,0,1.9129,0.0,1.0,1.0,
RHOF GTPase Cycle R-HSA-9035034,29,0,1.0463,0.0,1.0,1.0,
RHOG GTPase Cycle R-HSA-9013408,60,0,2.1262,0.0,1.0,1.0,
RHOH GTPase Cycle R-HSA-9013407,27,0,0.872,0.0,1.0,1.0,
RIP-mediated NFkB Activation Via ZBP1 R-HSA-1810476,15,0,0.4397,0.0,1.0,1.0,
RIPK1-mediated Regulated Necrosis R-HSA-5213460,29,0,1.0417,0.0,1.0,1.0,
RNA Pol II CTD Phosphorylation And Interaction With CE R-HSA-77075,24,0,0.8208,0.0,1.0,1.0,
RNA Polymerase I Promoter Clearance R-HSA-73854,36,0,1.0815,0.0,1.0,1.0,
RNA Polymerase I Promoter Escape R-HSA-73772,21,0,0.6649,0.0,1.0,1.0,
RNA Polymerase I Transcription Initiation R-HSA-73762,33,0,0.9721,0.0,1.0,1.0,
RNA Polymerase I Transcription R-HSA-73864,36,0,1.0815,0.0,1.0,1.0,
RNA Polymerase I Transcription Termination R-HSA-73863,20,0,0.6308,0.0,1.0,1.0,
RND1 GTPase Cycle R-HSA-9696273,31,0,1.1171,0.0,1.0,1.0,
RND2 GTPase Cycle R-HSA-9696270,35,0,1.277,0.0,1.0,1.0,
RND3 GTPase Cycle R-HSA-9696264,35,0,1.2694,0.0,1.0,1.0,
RORA Activates Gene Expression R-HSA-1368082,15,0,0.517,0.0,1.0,1.0,
RUNX1 And FOXP3 Control Development Of Regulatory T Lymphocytes (Tregs) R-HSA-8877330,10,0,0.3312,0.0,1.0,1.0,
RUNX1 Interacts With Co-Factors Whose Precise Effect On RUNX1 Targets Is Not Known R-HSA-8939243,31,0,1.0819,0.0,1.0,1.0,
RUNX1 Regulates Genes Involved In Megakaryocyte Differentiation And Platelet Function R-HSA-8936459,21,0,0.7496,0.0,1.0,1.0,
Rap1 Signaling R-HSA-392517,13,0,0.3973,0.0,1.0,1.0,
Receptor Mediated Mitophagy R-HSA-8934903,10,0,0.3518,0.0,1.0,1.0,
Receptor-type Tyrosine-Protein Phosphatases R-HSA-388844,16,0,0.5616,0.0,1.0,1.0,
Recruitment And ATM-mediated Phosphorylation Of Repair And Signal Proteins At DNA Double Strand Breaks R-HSA-5693565,32,0,1.3563,0.0,1.0,1.0,
Recycling Pathway Of L1 R-HSA-437239,24,0,0.9129,0.0,1.0,1.0,
Reduction Of Cytosolic Ca++ Levels R-HSA-418359,11,0,0.3555,0.0,1.0,1.0,
Regulated Necrosis R-HSA-5218859,50,0,1.72,0.0,1.0,1.0,
Regulated Proteolysis Of p75NTR R-HSA-193692,10,0,0.3395,0.0,1.0,1.0,
Regulation Of FZD By Ubiquitination R-HSA-4641263,17,0,0.5983,0.0,1.0,1.0,
Regulation Of NF-kappa B Signaling R-HSA-9758274,13,0,0.4911,0.0,1.0,1.0,
Regulation Of TLR By Endogenous Ligand R-HSA-5686938,15,0,0.4677,0.0,1.0,1.0,
Regulation Of TP53 Activity Thru Acetylation R-HSA-6804758,19,0,0.5296,0.0,1.0,1.0,
Regulation Of TP53 Activity Thru Methylation R-HSA-6804760,14,0,0.5242,0.0,1.0,1.0,
Regulation Of Actin Dynamics For Phagocytic Cup Formation R-HSA-2029482,49,0,1.7828,0.0,1.0,1.0,
"Regulation Of Glycolysis By Fructose 2,6-Bisphosphate Metabolism R-HSA-9634600",12,0,0.3932,0.0,1.0,1.0,
Regulation Of Innate Immune Responses To Cytosolic DNA R-HSA-3134975,11,0,0.3382,0.0,1.0,1.0,
Regulation Of Necroptotic Cell Death R-HSA-5675482,27,0,0.9678,0.0,1.0,1.0,
Regulation Of Signaling By CBL R-HSA-912631,18,0,0.6838,0.0,1.0,1.0,
Repression Of WNT Target Genes R-HSA-4641265,13,0,0.4444,0.0,1.0,1.0,
Resolution Of D-Loop Structures R-HSA-5693537,19,0,0.7792,0.0,1.0,1.0,
Resolution Of D-loop Structures Thru Holliday Junction Intermediates R-HSA-5693568,18,0,0.7452,0.0,1.0,1.0,
Resolution Of D-loop Structures Thru Synthesis-Dependent Strand Annealing (SDSA) R-HSA-5693554,17,0,0.7094,0.0,1.0,1.0,
Response Of Mtb To Phagocytosis R-HSA-9637690,18,0,0.6274,0.0,1.0,1.0,
Retrograde Neurotrophin Signaling R-HSA-177504,12,0,0.4969,0.0,1.0,1.0,
Retrograde Transport At Trans-Golgi-Network R-HSA-6811440,38,0,1.2068,0.0,1.0,1.0,
Ribosomal Scanning And Start Codon Recognition R-HSA-72702,36,0,1.2903,0.0,1.0,1.0,
Role Of LAT2/NTAL/LAB On Calcium Mobilization R-HSA-2730905,13,0,0.5549,0.0,1.0,1.0,
Role Of Phospholipids In Phagocytosis R-HSA-2029485,20,0,0.9157,0.0,1.0,1.0,
SARS-CoV-1 Infection R-HSA-9678108,46,0,1.9655,0.0,1.0,1.0,
SARS-CoV-2 Modulates Host Translation Machinery R-HSA-9754678,37,0,1.3194,0.0,1.0,1.0,
SEMA3A-Plexin Repulsion Signaling By Inhibiting Integrin Adhesion R-HSA-399955,10,0,0.3278,0.0,1.0,1.0,
SHC-mediated cascade:FGFR1 R-HSA-5654688,20,0,0.6646,0.0,1.0,1.0,
SHC-mediated cascade:FGFR3 R-HSA-5654704,17,0,0.5356,0.0,1.0,1.0,
SHC-mediated cascade:FGFR4 R-HSA-5654719,19,0,0.611,0.0,1.0,1.0,
SHC1 Events In EGFR Signaling R-HSA-180336,11,0,0.353,0.0,1.0,1.0,
SLBP Dependent Processing Of Replication-Dependent Histone Pre-mRNAs R-HSA-77588,10,0,0.3149,0.0,1.0,1.0,
STING Mediated Induction Of Host Immune Responses R-HSA-1834941,10,0,0.3081,0.0,1.0,1.0,
SUMOylation Of DNA Methylation Proteins R-HSA-4655427,14,0,0.5408,0.0,1.0,1.0,
SUMOylation Of Immune Response Proteins R-HSA-4755510,10,0,0.3496,0.0,1.0,1.0,
Scavenging Of Heme From Plasma R-HSA-2168880,10,0,0.3466,0.0,1.0,1.0,
Selective Autophagy R-HSA-9663891,48,0,1.6172,0.0,1.0,1.0,
Sema3A PAK Dependent Axon Repulsion R-HSA-399954,13,0,0.4274,0.0,1.0,1.0,
"Sensory Perception Of Sweet, Bitter, And Umami (Glutamate) Taste R-HSA-9717207",25,0,0.748,0.0,1.0,1.0,
Serotonin Neurotransmitter Release Cycle R-HSA-181429,14,0,0.446,0.0,1.0,1.0,
Signal Amplification R-HSA-392518,29,0,0.9339,0.0,1.0,1.0,
Signaling By BRAF And RAF1 Fusions R-HSA-6802952,51,0,1.6807,0.0,1.0,1.0,
Signaling By CSF3 (G-CSF) R-HSA-9674555,28,0,1.1383,0.0,1.0,1.0,
Signaling By EGFR In Cancer R-HSA-1643713,21,0,0.7117,0.0,1.0,1.0,
Signaling By Erythropoietin R-HSA-9006335,23,0,0.7005,0.0,1.0,1.0,
Signaling By FGFR1 R-HSA-5654736,44,0,1.5905,0.0,1.0,1.0,
Signaling By FGFR1 In Disease R-HSA-5655302,28,0,0.9124,0.0,1.0,1.0,
Signaling By FGFR3 R-HSA-5654741,37,0,1.3035,0.0,1.0,1.0,
Signaling By FGFR3 In Disease R-HSA-5655332,19,0,0.6044,0.0,1.0,1.0,
Signaling By FGFR4 R-HSA-5654743,38,0,1.3593,0.0,1.0,1.0,
Signaling By FLT3 ITD And TKD Mutants R-HSA-9703648,14,0,0.5093,0.0,1.0,1.0,
Signaling By FLT3 Fusion Proteins R-HSA-9703465,16,0,0.5919,0.0,1.0,1.0,
Signaling By Hippo R-HSA-2028269,16,0,0.5519,0.0,1.0,1.0,
Signaling By KIT In Disease R-HSA-9669938,19,0,0.6406,0.0,1.0,1.0,
Signaling By NOTCH2 R-HSA-1980145,22,0,0.7623,0.0,1.0,1.0,
Signaling By NOTCH3 R-HSA-9012852,35,0,1.206,0.0,1.0,1.0,
Signaling By NTRK2 (TRKB) R-HSA-9006115,20,0,0.6495,0.0,1.0,1.0,
Signaling By NTRK3 (TRKC) R-HSA-9034015,15,0,0.5033,0.0,1.0,1.0,
Signaling By PDGFR In Disease R-HSA-9671555,17,0,0.5867,0.0,1.0,1.0,
Signaling By PDGFRA Extracellular Domain Mutants R-HSA-9673770,11,0,0.3658,0.0,1.0,1.0,
Signaling By RAF1 Mutants R-HSA-9656223,35,0,1.1211,0.0,1.0,1.0,
Signaling By WNT In Cancer R-HSA-4791275,32,0,1.1309,0.0,1.0,1.0,
Signaling By Activated Point Mutants Of FGFR1 R-HSA-1839122,11,0,0.3712,0.0,1.0,1.0,
Signaling By Cytosolic FGFR1 Fusion Mutants R-HSA-1839117,12,0,0.4177,0.0,1.0,1.0,
Signaling By High-Kinase Activity BRAF Mutants R-HSA-6802948,30,0,1.014,0.0,1.0,1.0,
Smooth Muscle Contraction R-HSA-445355,34,0,1.1949,0.0,1.0,1.0,
Sphingolipid De Novo Biosynthesis R-HSA-1660661,22,0,0.7029,0.0,1.0,1.0,
Sphingolipid Metabolism R-HSA-428157,52,0,1.8123,0.0,1.0,1.0,
Spry Regulation Of FGF Signaling R-HSA-1295596,16,0,0.6451,0.0,1.0,1.0,
Suppression Of Phagosomal Maturation R-HSA-9637687,11,0,0.3735,0.0,1.0,1.0,
Synaptic Adhesion-Like Molecules R-HSA-8849932,18,0,0.5967,0.0,1.0,1.0,
Synthesis Of PC R-HSA-1483191,22,0,0.6752,0.0,1.0,1.0,
Synthesis Of PE R-HSA-1483213,10,0,0.3466,0.0,1.0,1.0,
Synthesis Of PIPs At Early Endosome Membrane R-HSA-1660516,11,0,0.3943,0.0,1.0,1.0,
Synthesis Of PIPs At Plasma Membrane R-HSA-1660499,37,0,1.3927,0.0,1.0,1.0,
Synthesis Of Very Long-Chain Fatty acyl-CoAs R-HSA-75876,16,0,0.5841,0.0,1.0,1.0,
TAK1-dependent IKK And NF-kappa-B Activation R-HSA-445989,33,0,1.1154,0.0,1.0,1.0,
TBC/RABGAPs R-HSA-8854214,36,0,1.1863,0.0,1.0,1.0,
TGF-beta Receptor Signaling In EMT (Epithelial To Mesenchymal Transition) R-HSA-2173791,15,0,0.5882,0.0,1.0,1.0,
"TICAM1, RIP1-mediated IKK Complex Recruitment R-HSA-168927",18,0,0.5646,0.0,1.0,1.0,
TICAM1-dependent Activation Of IRF3/IRF7 R-HSA-9013973,12,0,0.3774,0.0,1.0,1.0,
TNF Receptor Superfamily (TNFSF) Members Mediating Non-Canonical NF-kB Pathway R-HSA-5676594,17,0,0.5188,0.0,1.0,1.0,
TP53 Regulates Transcription Of Genes Involved In G1 Cell Cycle Arrest R-HSA-6804116,13,0,0.582,0.0,1.0,1.0,
TP53 Regulates Transcription Of Genes Involved In G2 Cell Cycle Arrest R-HSA-6804114,15,0,0.5219,0.0,1.0,1.0,
TRAF3-dependent IRF Activation Pathway R-HSA-918233,12,0,0.3787,0.0,1.0,1.0,
TRAF6 Mediated IRF7 Activation R-HSA-933541,24,0,0.6565,0.0,1.0,1.0,
TRAF6 Mediated NF-kB Activation R-HSA-933542,20,0,0.6149,0.0,1.0,1.0,
TRAF6 Mediated Induction Of NFkB And MAP Kinases Upon TLR7/8 Or 9 Activation R-HSA-975138,82,0,2.7713,0.0,1.0,1.0,
TRAF6-mediated Induction Of TAK1 Complex Within TLR4 Complex R-HSA-937072,11,0,0.3803,0.0,1.0,1.0,
TRP Channels R-HSA-3295583,20,0,0.6857,0.0,1.0,1.0,
Tandem Pore Domain Potassium Channels R-HSA-1296346,11,0,0.3924,0.0,1.0,1.0,
NLRP3 Inflammasome R-HSA-844456,15,0,0.5823,0.0,1.0,1.0,
Role Of Nef In HIV-1 Replication And Disease Pathogenesis R-HSA-164952,23,0,0.8303,0.0,1.0,1.0,
Thrombin Signaling Thru Proteinase Activated Receptors (PARs) R-HSA-456926,29,0,0.9332,0.0,1.0,1.0,
Thromboxane Signaling Thru TP Receptor R-HSA-428930,22,0,0.6832,0.0,1.0,1.0,
Tie2 Signaling R-HSA-210993,17,0,0.5159,0.0,1.0,1.0,
Tight Junction Interactions R-HSA-420029,25,0,0.8113,0.0,1.0,1.0,
Toll Like Receptor 3 (TLR3) Cascade R-HSA-168164,89,0,2.9929,0.0,1.0,1.0,
Toll Like Receptor 4 (TLR4) Cascade R-HSA-166016,120,0,4.1937,0.0,1.0,1.0,
Toll Like Receptor 7/8 (TLR7/8) Cascade R-HSA-168181,84,0,2.8458,0.0,1.0,1.0,
Toll Like Receptor 9 (TLR9) Cascade R-HSA-168138,86,0,2.9077,0.0,1.0,1.0,
Toll-like Receptor Cascades R-HSA-168898,135,0,4.6817,0.0,1.0,1.0,
Trafficking And Processing Of Endosomal TLR R-HSA-1679131,10,0,0.319,0.0,1.0,1.0,
Transcription Of E2F Targets Under Negative Control By DREAM Complex R-HSA-1362277,16,0,0.5488,0.0,1.0,1.0,
Transcription Of E2F Targets Under Negative Control By P107 (RBL1) And P130 (RBL2) In Complex With HDAC1 R-HSA-1362300,12,0,0.3952,0.0,1.0,1.0,
Transcriptional Regulation By E2F6 R-HSA-8953750,30,0,1.2,0.0,1.0,1.0,
Transcriptional Regulation Of Granulopoiesis R-HSA-9616222,29,0,1.139,0.0,1.0,1.0,
Translation Initiation Complex Formation R-HSA-72649,36,0,1.2851,0.0,1.0,1.0,
Translation Of Replicase And Assembly Of Replication Transcription Complex R-HSA-9679504,11,0,0.3712,0.0,1.0,1.0,
Translation Of Structural Proteins R-HSA-9683701,26,0,0.8832,0.0,1.0,1.0,
Translesion Synthesis By POLH R-HSA-110320,15,0,0.4834,0.0,1.0,1.0,
Translesion Synthesis By POLI R-HSA-5656121,15,0,0.506,0.0,1.0,1.0,
Translesion Synthesis By POLK R-HSA-5655862,14,0,0.4898,0.0,1.0,1.0,
Translesion Synthesis By REV1 R-HSA-110312,14,0,0.4898,0.0,1.0,1.0,
Translocation Of ZAP-70 To Immunological Synapse R-HSA-202430,10,0,0.2933,0.0,1.0,1.0,
Transport Of Nucleosides And Free Purine And Pyrimidine Bases Across Plasma Membrane R-HSA-83936,11,0,0.3374,0.0,1.0,1.0,
"Tristetraprolin (TTP, ZFP36) Binds And Destabilizes mRNA R-HSA-450513",13,0,0.3984,0.0,1.0,1.0,
Uptake And Actions Of Bacterial Toxins R-HSA-5339562,26,0,0.8365,0.0,1.0,1.0,
Uptake And Function Of Anthrax Toxins R-HSA-5210891,10,0,0.3448,0.0,1.0,1.0,
VEGFR2 Mediated Cell Proliferation R-HSA-5218921,15,0,0.594,0.0,1.0,1.0,
VLDLR Internalisation And Degradation R-HSA-8866427,15,0,0.5205,0.0,1.0,1.0,
Vitamin B5 (Pantothenate) Metabolism R-HSA-199220,14,0,0.4646,0.0,1.0,1.0,
Vitamin D (Calciferol) Metabolism R-HSA-196791,11,0,0.3647,0.0,1.0,1.0,
"WNT5A-dependent Internalization Of FZD2, FZD5 And ROR2 R-HSA-5140745",10,0,0.324,0.0,1.0,1.0,
WNT5A-dependent Internalization Of FZD4 R-HSA-5099900,13,0,0.4207,0.0,1.0,1.0,
ZBP1(DAI) Mediated Induction Of Type I IFNs R-HSA-1606322,17,0,0.4931,0.0,1.0,1.0,
Zinc Transporters R-HSA-435354,16,0,0.5279,0.0,1.0,1.0,
Activated TAK1 Mediates P38 MAPK Activation R-HSA-450302,13,0,0.4326,0.0,1.0,1.0,
Alpha-Linolenic (Omega3) And Linoleic (Omega6) Acid Metabolism R-HSA-2046104,12,0,0.3995,0.0,1.0,1.0,
cGMP Effects R-HSA-418457,13,0,0.416,0.0,1.0,1.0,
eNOS Activation R-HSA-203615,10,0,0.4145,0.0,1.0,1.0,
mRNA Capping R-HSA-72086,26,0,0.8519,0.0,1.0,1.0,
mRNA Splicing - Minor Pathway R-HSA-72165,36,0,1.2174,0.0,1.0,1.0,
mRNA Decay By 5 To 3 Exoribonuclease R-HSA-430039,10,0,0.32,0.0,1.0,1.0,
mTORC1-mediated Signaling R-HSA-166208,15,0,0.5424,0.0,1.0,1.0,
p130Cas Linkage To MAPK Signaling For Integrins R-HSA-372708,14,0,0.4282,0.0,1.0,1.0,
p75NTR Recruits Signaling Complexes R-HSA-209543,12,0,0.4359,0.0,1.0,1.0,
p75NTR Signals Via NF-kB R-HSA-193639,15,0,0.5387,0.0,1.0,1.0,
rRNA Modification In Nucleus And Cytosol R-HSA-6790901,28,0,0.8927,0.0,1.0,1.0,
tRNA Aminoacylation R-HSA-379724,10,0,0.3036,0.0,1.0,1.0,
tRNA Modification In Nucleus And Cytosol R-HSA-6782315,16,0,0.5027,0.0,1.0,1.0,
