sample_id,age,study,group,sex,site,prediction,baseline,fold,model,validation
1841.F06479,22,1841,1841:CUB040,male,head,27.19408602691962,35,0,Fixed microbiome RF,Random sample split
1841.F06384,21,1841,1841:CUB038,female,head,22.921847155950775,35,0,Fixed microbiome RF,Random sample split
1841.F05124,20,1841,1841:NAU110,female,head,28.187991094105257,35,0,Fixed microbiome RF,Random sample split
1841.P16497,22,1841,1841:NCS255,female,hand,21.828757798573974,35,0,Fixed microbiome RF,Random sample split
1841.P16499,23,1841,1841:NCS244,female,hand,26.75243757492253,35,0,Fixed microbiome RF,Random sample split
1841.P15336,23,1841,1841:NCS203,female,hand,24.18225964517065,35,0,Fixed microbiome RF,Random sample split
1841.P15320,23,1841,1841:NCS243,male,hand,25.854877979911613,35,0,Fixed microbiome RF,Random sample split
10317.000015209,60,10317,10317:f85c35ccb1de86d528e1bc924109d3f1ef2725eff131fffbb4f955f2bf62f99d01df00160e393e9c7ca1eba714fcb5547b4952bd7ca8fbba07e51e58be5c6410,unknown,hand,45.96023317343624,35,0,Fixed microbiome RF,Random sample split
1841.P16555,20,1841,1841:CUB010,female,hand,23.360153158728515,35,0,Fixed microbiome RF,Random sample split
10317.000004238,58,10317,10317:37d8f6f7e4e484018175eb77bb7510245502c3c3d85c9a1874de9d25b0c5fe27d21dbcbe36e8c6663360590a8287912cd7e945311f2e50e46afc4ca3b709cc02,male,head,45.310915053961665,35,0,Fixed microbiome RF,Random sample split
1841.F05109,21,1841,1841:NAU124,female,head,22.847296612656663,35,0,Fixed microbiome RF,Random sample split
1841.F05597,19,1841,1841:NAU107,female,head,23.17353851165353,35,0,Fixed microbiome RF,Random sample split
1841.F05831,32,1841,1841:NAU150,female,head,28.10188654983009,35,0,Fixed microbiome RF,Random sample split
1841.P16574,20,1841,1841:CUB049,female,hand,22.882024938613796,35,0,Fixed microbiome RF,Random sample split
10317.000003410,49,10317,10317:d1910a1a76a8f78681bcb07a5bd97d35113c3770a82cd58a4cc41bbd0f24a54931c4699e445992cd3590ec9d1ae2db92ad3f118ade23b3ab902226bfb6b6915f,male,head,42.95675670794952,35,0,Fixed microbiome RF,Random sample split
1841.P16542,20,1841,1841:CUB008,male,hand,22.457827623765123,35,0,Fixed microbiome RF,Random sample split
1841.F05161,55,1841,1841:NAU149,male,head,31.829943827913773,35,0,Fixed microbiome RF,Random sample split
1841.F05162,21,1841,1841:NAU161,male,head,23.092082589813575,35,0,Fixed microbiome RF,Random sample split
1841.F06559,21,1841,1841:CUB044,male,head,26.801184246038172,35,0,Fixed microbiome RF,Random sample split
1841.F05409,22,1841,1841:NAU133,male,head,25.974498612150505,35,0,Fixed microbiome RF,Random sample split
1841.F06499,20,1841,1841:CUB008,male,head,22.118909679319696,35,0,Fixed microbiome RF,Random sample split
1841.P16383,21,1841,1841:NAU106,female,hand,22.920946406024534,35,0,Fixed microbiome RF,Random sample split
1841.P16432,23,1841,1841:NCS243,male,hand,26.95097012658502,35,0,Fixed microbiome RF,Random sample split
1841.P16436,20,1841,1841:NCS263,male,hand,25.09781230717811,35,0,Fixed microbiome RF,Random sample split
1841.F06577,36,1841,1841:CUB042,male,head,34.068958164598314,35,0,Fixed microbiome RF,Random sample split
1841.F06579,21,1841,1841:CUB033,female,head,23.362627442002452,35,0,Fixed microbiome RF,Random sample split
1841.P15528,20,1841,1841:NAU141,female,hand,24.862490933290562,35,0,Fixed microbiome RF,Random sample split
1841.F05555,21,1841,1841:NAU161,male,head,24.298448633594244,35,0,Fixed microbiome RF,Random sample split
1841.P16473,19,1841,1841:NCS233,male,hand,22.659541475731764,35,0,Fixed microbiome RF,Random sample split
1841.P15735,21,1841,1841:NAU124,female,hand,22.875834938141928,35,0,Fixed microbiome RF,Random sample split
1841.P15733,21,1841,1841:NAU161,male,hand,22.655412573537575,35,0,Fixed microbiome RF,Random sample split
1841.P15731,22,1841,1841:NAU133,male,hand,22.80357306235431,35,0,Fixed microbiome RF,Random sample split
1841.F06212,20,1841,1841:NAU115,male,head,23.623157901126646,35,0,Fixed microbiome RF,Random sample split
10317.000015057,80,10317,10317:8dd14dd80ae9b69218b4942e80486ca4299a19f9342258835b868633bfa7bff6581b9102dd034b2a58f5ea1a74b8a2ec5b06b38aca104935d0e20a6925b670f2,unknown,head,54.48968595873114,35,0,Fixed microbiome RF,Random sample split
1841.P16414,23,1841,1841:NCS203,female,hand,26.21759703700904,35,0,Fixed microbiome RF,Random sample split
1841.F06517,20,1841,1841:CUB005,female,head,22.653500379318395,35,0,Fixed microbiome RF,Random sample split
1841.F06510,21,1841,1841:CUB000,female,head,25.159126755189256,35,0,Fixed microbiome RF,Random sample split
1841.F05826,20,1841,1841:NAU123,male,head,22.92365805150731,35,0,Fixed microbiome RF,Random sample split
10317.000005361,67,10317,10317:673c8ce01f6c4b5120fb00380499db5eeb6a2fb55f33a66a36d79a28f321105b432b54532ecd02900640e027e6baa65fe94b194fa11f3a0eaf97f6abf95c9417,unknown,hand,47.51713672121279,35,0,Fixed microbiome RF,Random sample split
1841.F05656,21,1841,1841:CUB044,male,head,28.125256989696133,35,0,Fixed microbiome RF,Random sample split
1841.P16081,22,1841,1841:NAU137,female,hand,23.23694897342995,35,0,Fixed microbiome RF,Random sample split
10317.000003167,56,10317,10317:ca3c1391f1ca6877569a02ad1a4bb08ec17ce43eb36e67a75c7021c818e8b0fc35d4d9d4f88d36031ef5d86fe5d42f004195994d262cc11012d12140268e85ba,male,hand,47.50432267728487,35,0,Fixed microbiome RF,Random sample split
1841.P15757,20,1841,1841:NAU123,male,hand,22.709593054514933,35,0,Fixed microbiome RF,Random sample split
1841.P15753,22,1841,1841:NAU137,female,hand,24.440603037179333,35,0,Fixed microbiome RF,Random sample split
10317.000015381,34,10317,10317:88f4fbcf0ceb456e7f8e8447af039f0dc2670ad52972600d23a04b60152370409f6b57086023803ce52591376f998806f80e260d50d06764bbb66d26d1b5553e,female,hand,39.63899113108437,35,0,Fixed microbiome RF,Random sample split
1841.F05278,24,1841,1841:NAU109,male,head,24.16886034332992,35,0,Fixed microbiome RF,Random sample split
10317.000069111,29,10317,10317:03c0867966fe2299eb3b09291d5f0834310bdf5fceed9c9b7b397570bf8f2d2adaeb945c824ff0cb407abaf691b8173cfa03c4f8eb17e6dd9f6eda17502e66e4,male,head,32.37423998263734,35,0,Fixed microbiome RF,Random sample split
10317.000069118,29,10317,10317:03c0867966fe2299eb3b09291d5f0834310bdf5fceed9c9b7b397570bf8f2d2adaeb945c824ff0cb407abaf691b8173cfa03c4f8eb17e6dd9f6eda17502e66e4,male,hand,33.33806386112595,35,0,Fixed microbiome RF,Random sample split
10317.000066824,29,10317,10317:7f8b5599423e74bb4268af85d143fbeed68370b2eaa79f6e6facbcf10974040d6ef4afefb5ff2aab1f618ba97f2eecc39b0621fb60a556425670ca9606d4aa0c,male,head,35.531250401285384,35,0,Fixed microbiome RF,Random sample split
1841.F06533,20,1841,1841:CUB008,male,head,23.246439626345882,35,0,Fixed microbiome RF,Random sample split
1841.F06536,20,1841,1841:CUB037,female,head,22.359023042929305,35,0,Fixed microbiome RF,Random sample split
10317.000005597,74,10317,10317:7ba032cf20a095821627a110ab26bb5c1b92a9eec7dc65f29d2b0b7c0f2dece8e620882864fff5d7d829b5d72d5061c1b402d6fba6e4e8a623373670f402b87e,male,hand,42.912334468496276,35,0,Fixed microbiome RF,Random sample split
1841.P15770,30,1841,1841:NAU155,female,hand,26.043870312801225,35,0,Fixed microbiome RF,Random sample split
1841.F06252,22,1841,1841:NAU137,female,head,24.802710614837167,35,0,Fixed microbiome RF,Random sample split
1841.F05250,19,1841,1841:NAU107,female,head,25.655451830521997,35,0,Fixed microbiome RF,Random sample split
1841.F06052,22,1841,1841:NCS212,female,head,23.344980907794614,35,0,Fixed microbiome RF,Random sample split
1841.F06085,23,1841,1841:NCS203,female,head,24.740753750872802,35,0,Fixed microbiome RF,Random sample split
1841.P15090,20,1841,1841:CUB008,male,hand,23.136685629015595,35,0,Fixed microbiome RF,Random sample split
1841.F05065,23,1841,1841:NCS203,female,head,30.503377600287156,35,0,Fixed microbiome RF,Random sample split
1841.F05932,18,1841,1841:NCS213,female,head,25.741824241526462,35,0,Fixed microbiome RF,Random sample split
1841.F05937,19,1841,1841:NCS233,male,head,22.318042140151515,35,0,Fixed microbiome RF,Random sample split
1841.P16157,24,1841,1841:NAU109,male,hand,24.042690120643247,35,0,Fixed microbiome RF,Random sample split
1841.P16154,21,1841,1841:NAU106,female,hand,24.034434731272984,35,0,Fixed microbiome RF,Random sample split
2010.1462,34,2010,2010:5,female,head,37.53185511875465,35,0,Fixed microbiome RF,Random sample split
1841.P15934,21,1841,1841:CUB029,male,hand,23.82295602149342,35,0,Fixed microbiome RF,Random sample split
1841.F06270,22,1841,1841:NAU130,female,head,22.846821521782463,35,0,Fixed microbiome RF,Random sample split
10317.000007079,48,10317,10317:63aa1010fee4655f80a2fd1ca92db0c9c662b7ff7dfeccd99a08edb7b7f5af8b2df1c92465690a27ee6aad1207495376abce78f3ddeffc05da0acb099f8efdb8,male,hand,44.06428449167151,35,0,Fixed microbiome RF,Random sample split
10317.000006732,55,10317,10317:ed020761c7ba4f7a64f3ebf12adc7f8dad56d9bd7b209c08e63fb95be9af9360fa3cebe2bcedac211a2b46ffd9478544970ca36098a278521a67c91e153cdc45,female,head,38.6394500956024,35,0,Fixed microbiome RF,Random sample split
1841.P16304,33,1841,1841:NAU144,male,hand,23.23795771069209,35,0,Fixed microbiome RF,Random sample split
2010.1851,32,2010,2010:19,female,head,43.4345579331554,35,0,Fixed microbiome RF,Random sample split
10317.000066868,29,10317,10317:03c0867966fe2299eb3b09291d5f0834310bdf5fceed9c9b7b397570bf8f2d2adaeb945c824ff0cb407abaf691b8173cfa03c4f8eb17e6dd9f6eda17502e66e4,male,hand,33.28789144669536,35,0,Fixed microbiome RF,Random sample split
1841.P15215,23,1841,1841:CUB053,female,hand,24.009768724513144,35,0,Fixed microbiome RF,Random sample split
1841.P15216,22,1841,1841:CUB007,female,hand,21.82561343646821,35,0,Fixed microbiome RF,Random sample split
10317.000068842,36,10317,10317:1828cb0e8db79ff7771af2763605e12af956358756170093e17230a4ffb081fdfb2040dc65ff286b54429aedd73f9630fd5d98b9a5ad628c6116a74fb994dcf8,male,hand,40.121951500838335,35,0,Fixed microbiome RF,Random sample split
1841.F05003,27,1841,1841:NCS253,female,head,34.71815829302601,35,0,Fixed microbiome RF,Random sample split
1841.F05009,20,1841,1841:NCS210,female,head,26.706232524328726,35,0,Fixed microbiome RF,Random sample split
10317.000015208,60,10317,10317:f85c35ccb1de86d528e1bc924109d3f1ef2725eff131fffbb4f955f2bf62f99d01df00160e393e9c7ca1eba714fcb5547b4952bd7ca8fbba07e51e58be5c6410,unknown,head,44.52245318807817,35,0,Fixed microbiome RF,Random sample split
10317.000032844,34,10317,10317:2f99bf4f7ec4110bbb356ecafe18a81cf99c407dc04127efbbe24227d256b81c690640ad22fa2a115f1adb9a603c2509999f0325292f5ad6c80144726ff29fb3,male,head,42.22269119371312,35,0,Fixed microbiome RF,Random sample split
1841.P16173,25,1841,1841:NAU157,male,hand,31.38254391989589,35,0,Fixed microbiome RF,Random sample split
1841.P16175,21,1841,1841:NAU161,male,hand,23.393200306637805,35,0,Fixed microbiome RF,Random sample split
10317.000069075,22,10317,10317:62da411fb1daa598c9de6fec6d4999096c07c935e32acd264bd45573737d7ca012c560ebc6a3ff42a617cdb54d7d364fb719fc379b15ab5e772bbf3a7356dbde,female,head,34.24700652329484,35,0,Fixed microbiome RF,Random sample split
10317.000007764,37,10317,10317:33f6eb641f0e5c66654a93864fec0950724028557f530a644e104dc1d7f29bec16c25352f4cffae510cf433760537423b71c5a032a7e279e0c197c4df1d601a4,male,head,38.58880946869909,35,0,Fixed microbiome RF,Random sample split
1841.P15912,20,1841,1841:CUB051,male,hand,25.79450376165326,35,0,Fixed microbiome RF,Random sample split
1841.P15917,20,1841,1841:CUB049,female,hand,21.92685423951049,35,0,Fixed microbiome RF,Random sample split
10317.000062190,29,10317,10317:03c0867966fe2299eb3b09291d5f0834310bdf5fceed9c9b7b397570bf8f2d2adaeb945c824ff0cb407abaf691b8173cfa03c4f8eb17e6dd9f6eda17502e66e4,male,head,32.285268691764834,35,0,Fixed microbiome RF,Random sample split
2010.2318,23,2010,2010:31,female,head,27.25747054823351,35,0,Fixed microbiome RF,Random sample split
1841.F05213,30,1841,1841:NAU108,female,head,22.852460542929293,35,0,Fixed microbiome RF,Random sample split
1841.F05219,20,1841,1841:NAU119,male,head,22.327097113466614,35,0,Fixed microbiome RF,Random sample split
1841.P16366,33,1841,1841:NAU144,male,hand,25.985151337632953,35,0,Fixed microbiome RF,Random sample split
1841.P16586,20,1841,1841:CUB027,female,hand,22.6784264285551,35,0,Fixed microbiome RF,Random sample split
1841.F06592,20,1841,1841:CUB005,female,head,21.606950280112052,35,0,Fixed microbiome RF,Random sample split
10317.000049876,74,10317,10317:7ba032cf20a095821627a110ab26bb5c1b92a9eec7dc65f29d2b0b7c0f2dece8e620882864fff5d7d829b5d72d5061c1b402d6fba6e4e8a623373670f402b87e,male,head,47.44864003787892,35,0,Fixed microbiome RF,Random sample split
1841.F06333,23,1841,1841:CUB053,female,head,31.758699365789663,35,0,Fixed microbiome RF,Random sample split
1841.F06335,21,1841,1841:CUB038,female,head,23.942110456945013,35,0,Fixed microbiome RF,Random sample split
1841.P15582,30,1841,1841:NAU155,female,hand,24.286992680522097,35,0,Fixed microbiome RF,Random sample split
10317.000068823,29,10317,10317:03c0867966fe2299eb3b09291d5f0834310bdf5fceed9c9b7b397570bf8f2d2adaeb945c824ff0cb407abaf691b8173cfa03c4f8eb17e6dd9f6eda17502e66e4,male,head,34.724167651718076,35,0,Fixed microbiome RF,Random sample split
1841.P15277,21,1841,1841:CUB026,male,hand,26.130626869556103,35,0,Fixed microbiome RF,Random sample split
1841.P15556,21,1841,1841:CUB044,male,hand,30.400740635419805,35,0,Fixed microbiome RF,Random sample split
10317.000013240,61,10317,10317:a84b06b11ebbd693b0e846d7e1ba1453494db9a71f5caf6fec89add9c1975ce94b16e1f8ac9b930f61e3219bcfc133702ec58308eee167152209a8c2852123c9,male,head,42.03374391165567,35,0,Fixed microbiome RF,Random sample split
1841.F06106,21,1841,1841:CUB044,male,head,23.57803330350205,35,0,Fixed microbiome RF,Random sample split
1841.F06107,20,1841,1841:CUB049,female,head,22.33455444983938,35,0,Fixed microbiome RF,Random sample split
1841.P16452,27,1841,1841:NCS253,female,hand,29.101383060202938,35,0,Fixed microbiome RF,Random sample split
1841.F05252,55,1841,1841:NAU149,male,head,27.77973833458209,35,0,Fixed microbiome RF,Random sample split
1841.P15071,20,1841,1841:CUB037,female,hand,22.370952322134386,35,0,Fixed microbiome RF,Random sample split
1841.P15072,20,1841,1841:CUB008,male,hand,24.50145673260564,35,0,Fixed microbiome RF,Random sample split
1841.P15077,21,1841,1841:CUB000,female,hand,25.326993437084138,35,0,Fixed microbiome RF,Random sample split
1841.F06319,21,1841,1841:CUB000,female,head,26.29174020665652,35,0,Fixed microbiome RF,Random sample split
1841.P15250,20,1841,1841:CUB010,female,hand,24.64906553538108,35,0,Fixed microbiome RF,Random sample split
1841.P15251,21,1841,1841:CUB044,male,hand,31.10923661250513,35,0,Fixed microbiome RF,Random sample split
1841.P15252,21,1841,1841:CUB038,female,hand,24.070503162296653,35,0,Fixed microbiome RF,Random sample split
1841.F06237,20,1841,1841:NAU119,male,head,21.772793607627356,35,0,Fixed microbiome RF,Random sample split
1841.F05340,22,1841,1841:NCS212,female,head,28.605410934099496,35,0,Fixed microbiome RF,Random sample split
10317.000007117,60,10317,10317:2c2e468c2481938c25962a208bec11d9f0eeca11f8a06d48aa50be31a747dd0327f6137458e4dfda584fc42b4c5f35613440eef5b177a1d0569e16e7432648dd,male,head,44.05906560155124,35,0,Fixed microbiome RF,Random sample split
1841.F05403,20,1841,1841:NAU123,male,head,23.102896757314042,35,0,Fixed microbiome RF,Random sample split
1841.F05405,37,1841,1841:NAU148,male,head,28.603595064657554,35,0,Fixed microbiome RF,Random sample split
2010.1377,35,2010,2010:9,female,head,37.073179553523616,35,0,Fixed microbiome RF,Random sample split
10317.000003336,74,10317,10317:cc74256c990c430993cd5fc5079433232702a5006ee4a770421edf6482fee08db076f06f1fcf83bacf50a1a592d1fbd51c3edee6f558ab60369868d09a642c78,female,hand,43.829822785579964,35,0,Fixed microbiome RF,Random sample split
10317.000005420,54,10317,10317:d63484fec8c78056306a841bf283219a2f4dd6eb40568afb6e401ef1dd5a23f563b4e42b92eda0d4b87cc502d1158abf83fac1a38b7a4166f4374fd6ec75beaa,female,head,41.82545283974831,35,0,Fixed microbiome RF,Random sample split
2010.1715,22,2010,2010:15,female,head,32.92549536934105,35,0,Fixed microbiome RF,Random sample split
10317.000005594,74,10317,10317:7ba032cf20a095821627a110ab26bb5c1b92a9eec7dc65f29d2b0b7c0f2dece8e620882864fff5d7d829b5d72d5061c1b402d6fba6e4e8a623373670f402b87e,male,head,43.54712657503434,35,0,Fixed microbiome RF,Random sample split
10317.000049732,36,10317,10317:79bbc1c5c663e0434d917d65535beeb68d902da75556dbb9bc561129718387ed15c630d65f4716cbeb02ed871a1e5044d2cd04da381361681f4a0793ca85598d,male,hand,42.15783573830057,35,0,Fixed microbiome RF,Random sample split
1841.P15013,22,1841,1841:CUB016,female,hand,23.53500314492855,35,0,Fixed microbiome RF,Random sample split
1841.F06378,21,1841,1841:CUB000,female,head,25.12353923853924,35,0,Fixed microbiome RF,Random sample split
10317.000063416,36,10317,10317:702fbc8dfcb76217e73344a0a11dd54afca4b678302097929bc6cc1cadce5d5fc80da1e599a9d752eea1f081540d8b89772bcb670f71f2d38a11bdce484be812,female,head,37.1494546583092,35,0,Fixed microbiome RF,Random sample split
10317.000049839,69,10317,10317:c9253f884608fc319fe8569e8e2979bb54c91a0e0d3c4ff7a4b8f149c7372a1c77029903e0508684d15d336da510bcc78d1e9c1aecbf85c0b6bc664b85990a20,female,hand,48.95201448501872,35,0,Fixed microbiome RF,Random sample split
10317.000023059,74,10317,10317:7903469fb68001b987d8ac0d762e78777829661f7bb380ee87598fe94e18cb4f57d8029bf74c2f1db263f07017cfe1291af68c5ba65cfcdfc3998fff8bf67e81,female,head,43.1856684338136,35,0,Fixed microbiome RF,Random sample split
1841.F05423,21,1841,1841:NAU161,male,head,22.59442630347595,35,0,Fixed microbiome RF,Random sample split
1841.P15356,20,1841,1841:NCS263,male,hand,27.05356077813021,35,0,Fixed microbiome RF,Random sample split
2010.1728,22,2010,2010:15,female,head,38.024406620877116,35,0,Fixed microbiome RF,Random sample split
10317.000017775,56,10317,10317:95161bf754ca78bbc6736e1276a0c069dd937e05defae03a23b5b34bc3f3e0325898e86cd7fd838de6514fbeb888d6634c7497e3855ab1d45839d35295e2ba95,male,head,46.45026993635011,35,0,Fixed microbiome RF,Random sample split
10317.000049763,52,10317,10317:00069244bd1f2b8987ec0be407f83eec727bd40dde9ff15d05497f7db0f60f551d4af74463256aae7abd00d1a3180ca506bd16e684d859304c2864b1c7e4a8f6,male,head,44.51564074091312,35,0,Fixed microbiome RF,Random sample split
1841.P15294,21,1841,1841:CUB033,female,hand,25.75002045337596,35,0,Fixed microbiome RF,Random sample split
1841.F05990,18,1841,1841:NCS213,female,head,23.453237958264644,35,0,Fixed microbiome RF,Random sample split
1841.F05995,27,1841,1841:NCS214,male,head,28.392252581843774,35,0,Fixed microbiome RF,Random sample split
1841.P15999,21,1841,1841:CUB026,male,hand,23.135816362457,35,0,Fixed microbiome RF,Random sample split
2010.2828,23,2010,2010:39,female,head,27.390235659341375,35,0,Fixed microbiome RF,Random sample split
1841.F05876,25,1841,1841:NAU157,male,head,24.498482215700967,35,0,Fixed microbiome RF,Random sample split
1841.P16508,20,1841,1841:CUB027,female,hand,22.77016698824052,35,0,Fixed microbiome RF,Random sample split
1841.P16503,20,1841,1841:NCS210,female,hand,23.26219025967572,35,0,Fixed microbiome RF,Random sample split
1841.P16502,20,1841,1841:NCS210,female,hand,26.979861857246853,35,0,Fixed microbiome RF,Random sample split
10317.000023967,37,10317,10317:9992b77d3934e6dedb1d00b22ce9dc2dbe00f7d81c1170230af7cace8324f4a479f87014fc077e6d8426aed7c84ab99cb32e3b88919ce65bb012aef6e28c6a0a,male,head,44.87921635025897,35,0,Fixed microbiome RF,Random sample split
10317.000049121,62,10317,10317:cf42e22cb0b5def3e5fb85e3eedb9fec63ec3614a7783d0ac195975b575a9863d801522f080d492d8032502dfbef61ba79d17264597f600354ba3cb662748955,male,head,45.6906206035056,35,0,Fixed microbiome RF,Random sample split
1841.F05601,20,1841,1841:CUB037,female,head,22.915078376484626,35,0,Fixed microbiome RF,Random sample split
1841.F05461,55,1841,1841:NAU149,male,head,31.209474367007253,35,0,Fixed microbiome RF,Random sample split
1841.P16196,26,1841,1841:NAU146,female,hand,26.392258522727268,35,0,Fixed microbiome RF,Random sample split
2010.1394,27,2010,2010:1,female,head,40.37954601528686,35,0,Fixed microbiome RF,Random sample split
1841.P16440,23,1841,1841:NCS203,female,hand,25.468498898976843,35,0,Fixed microbiome RF,Random sample split
1841.P16337,32,1841,1841:NAU150,female,hand,26.702930056055056,35,0,Fixed microbiome RF,Random sample split
10317.000015223,53,10317,10317:ee6b0199d11ab9c50774b9e56abce9e5b0601741d7922866f57f5c638ca8cf822c2cfa394a8707365a589b0a6368c20df23f66a6c845f66e662b0742e5937eb4,male,hand,47.58119925541677,35,0,Fixed microbiome RF,Random sample split
10317.000041346,46,10317,10317:e264e42ddf5814bac0981098f8e9a48fb9a1d3524b60bad0405e26151eceeaa0db735671ad5dc0c78c554c78e4d745510d94413264b20449f53a1fe1be4f0529,male,hand,44.69469759213412,35,0,Fixed microbiome RF,Random sample split
10317.000041345,46,10317,10317:e264e42ddf5814bac0981098f8e9a48fb9a1d3524b60bad0405e26151eceeaa0db735671ad5dc0c78c554c78e4d745510d94413264b20449f53a1fe1be4f0529,male,hand,42.88954312305425,35,0,Fixed microbiome RF,Random sample split
1841.P15171,27,1841,1841:NCS214,male,hand,28.159251344845387,35,0,Fixed microbiome RF,Random sample split
1841.P15311,21,1841,1841:NCS229,male,hand,25.03353721461286,35,0,Fixed microbiome RF,Random sample split
1841.F05818,22,1841,1841:NAU130,female,head,22.289080867049616,35,0,Fixed microbiome RF,Random sample split
1841.F05812,24,1841,1841:NAU109,male,head,26.01884376573563,35,0,Fixed microbiome RF,Random sample split
1841.P16527,21,1841,1841:CUB026,male,hand,23.007232761009405,35,0,Fixed microbiome RF,Random sample split
1841.P16526,22,1841,1841:CUB004,female,hand,25.027007208799972,35,0,Fixed microbiome RF,Random sample split
1841.F06353,21,1841,1841:CUB029,male,head,23.41401436878339,35,0,Fixed microbiome RF,Random sample split
1841.F06352,20,1841,1841:CUB008,male,head,22.330927128427128,35,0,Fixed microbiome RF,Random sample split
1841.F06397,22,1841,1841:CUB004,female,head,25.024528789447263,35,0,Fixed microbiome RF,Random sample split
1841.F06394,21,1841,1841:CUB029,male,head,24.776071330177707,35,0,Fixed microbiome RF,Random sample split
1841.F06393,22,1841,1841:CUB007,female,head,22.931643393371328,35,0,Fixed microbiome RF,Random sample split
1841.F06462,20,1841,1841:CUB051,male,head,23.704783093064343,35,0,Fixed microbiome RF,Random sample split
1841.P15783,22,1841,1841:NAU164,male,hand,26.740998310308974,35,0,Fixed microbiome RF,Random sample split
10317.000015365,43,10317,10317:3fec78757c5821d558096acce3e9df6968ae564264912c66f6a851727ebd63c36eee0764c3d1e47c0813cb5998caa14cb2bec75ca8716e8e3437768b86b408aa,male,hand,42.73540384386484,35,0,Fixed microbiome RF,Random sample split
1841.F05660,20,1841,1841:CUB008,male,head,24.69852201857357,35,0,Fixed microbiome RF,Random sample split
1841.F05661,21,1841,1841:CUB000,female,head,25.46797382356206,35,0,Fixed microbiome RF,Random sample split
1841.P15299,23,1841,1841:NCS243,male,hand,27.668034809488766,35,0,Fixed microbiome RF,Random sample split
10317.000015326,35,10317,10317:6eb269d94d6e32fa517a561269634737fc4de40944d6d037a2c1e867bbe9e8d13686a131c81709f95eabe5834b99badd054994b1cf967842aaca451c97a22451,female,hand,39.97621556422446,35,0,Fixed microbiome RF,Random sample split
1841.F05487,20,1841,1841:NAU123,male,head,23.246604123001184,35,0,Fixed microbiome RF,Random sample split
10317.000015452,45,10317,10317:3483b70983107b3501a2fdeab0f7e00b06ec05b5a7afdf499c410267e4aa99ea36b3643db981cdf6f557435d6ff028c1059e2bc75261e6f468598f093fde8b72,male,head,44.11711427471239,35,0,Fixed microbiome RF,Random sample split
1841.P15159,27,1841,1841:NCS214,male,hand,27.440797141991993,35,0,Fixed microbiome RF,Random sample split
1841.P15152,19,1841,1841:NCS233,male,hand,28.764180665503225,35,0,Fixed microbiome RF,Random sample split
1841.F05830,26,1841,1841:NAU146,female,head,25.200658157698378,35,0,Fixed microbiome RF,Random sample split
1841.F05623,22,1841,1841:CUB004,female,head,28.16071357809139,35,0,Fixed microbiome RF,Random sample split
1841.P16015,55,1841,1841:NAU149,male,hand,28.115754032017815,35,0,Fixed microbiome RF,Random sample split
10317.000002212,69,10317,10317:576a03c295c356d35a0d25b2110dd88b3617bd98ae2ff786f650e35db756be0c2368e573093bcfce63e963af568b1198c749606c6e11a98ea707a8a38b2cb1b3,female,hand,46.82092655593896,35,0,Fixed microbiome RF,Random sample split
1841.F06448,22,1841,1841:CUB016,female,head,23.26938737029825,35,0,Fixed microbiome RF,Random sample split
1841.P16225,37,1841,1841:NAU148,male,hand,28.30782648084845,35,0,Fixed microbiome RF,Random sample split
1841.P16227,21,1841,1841:NAU153,female,hand,23.837529310966808,35,0,Fixed microbiome RF,Random sample split
1841.P16222,20,1841,1841:NAU123,male,hand,24.69304925750578,35,0,Fixed microbiome RF,Random sample split
1841.P16482,27,1841,1841:NCS253,female,hand,28.43582764457765,35,0,Fixed microbiome RF,Random sample split
1841.P15132,18,1841,1841:NCS232,female,hand,24.328493993135687,35,0,Fixed microbiome RF,Random sample split
1841.P15683,29,1841,1841:CUB011,female,hand,24.001426542207795,35,0,Fixed microbiome RF,Random sample split
10317.000005432,36,10317,10317:ca094c456996ab8a9ad0f33489c86fed9f280451a6cc84da275911ae7897e6bad66f0f5976a12854a9da9b8e65cc31dc6c689b846ae257ca5841dd6d1296e0ec,unknown,head,41.43712566266336,35,0,Fixed microbiome RF,Random sample split
1841.F06557,20,1841,1841:CUB010,female,head,24.21684733669108,35,0,Fixed microbiome RF,Random sample split
1841.F05583,22,1841,1841:NAU133,male,head,22.72335669378407,35,0,Fixed microbiome RF,Random sample split
1841.F05580,21,1841,1841:NAU153,female,head,23.659604890615917,35,0,Fixed microbiome RF,Random sample split
10317.000002874,72,10317,10317:9b31e31bf0d472e6a54940cdb8e6b0d019f0fb7b65bd335d54bd01c9fab69bd4d1dc62daf2e3866ab5fbff6c481867676633b204ea04a415899d3087ff6041b9,male,hand,42.175628133153374,35,0,Fixed microbiome RF,Random sample split
2010.2946,23,2010,2010:39,female,head,27.743318705555954,35,0,Fixed microbiome RF,Random sample split
1841.F05113,21,1841,1841:NAU124,female,head,25.886109927698207,35,0,Fixed microbiome RF,Random sample split
1841.P15117,27,1841,1841:NCS214,male,hand,31.231104022993794,35,0,Fixed microbiome RF,Random sample split
10317.000063171,29,10317,10317:03c0867966fe2299eb3b09291d5f0834310bdf5fceed9c9b7b397570bf8f2d2adaeb945c824ff0cb407abaf691b8173cfa03c4f8eb17e6dd9f6eda17502e66e4,male,hand,34.346915701610314,35,0,Fixed microbiome RF,Random sample split
1841.F05569,20,1841,1841:NAU115,male,head,22.282494755395575,35,0,Fixed microbiome RF,Random sample split
1841.F05560,21,1841,1841:NAU154,female,head,22.39032380644424,35,0,Fixed microbiome RF,Random sample split
10317.000015154,25,10317,10317:bf103398cbf34d2fdf0ce89d2a4729ec061457ba078a27fff88e775557fa7a6206e6693e016f411dfc8700f10c5787107d76b31f1914db25cee356c3ffb2ee1c,male,head,37.15848383516514,35,0,Fixed microbiome RF,Random sample split
1841.F06345,20,1841,1841:CUB036,female,head,22.453065752670533,35,0,Fixed microbiome RF,Random sample split
1841.F06437,21,1841,1841:CUB044,male,head,24.237541541759335,35,0,Fixed microbiome RF,Random sample split
10317.000049807,66,10317,10317:4863e557347469643abb13187a4c07e6d82a136b7e8ada704bcc1c6ea30fc2961e36855c2dfe883650d88cef48ae1161802be7c3b874b5f003569b1f51adc309,female,hand,46.39318452200274,35,0,Fixed microbiome RF,Random sample split
1841.P15377,23,1841,1841:NCS244,female,hand,23.35099356708394,35,0,Fixed microbiome RF,Random sample split
2010.2072,32,2010,2010:19,female,head,41.875259731126384,35,0,Fixed microbiome RF,Random sample split
10317.000015330,35,10317,10317:6eb269d94d6e32fa517a561269634737fc4de40944d6d037a2c1e867bbe9e8d13686a131c81709f95eabe5834b99badd054994b1cf967842aaca451c97a22451,female,head,39.20557888803302,35,0,Fixed microbiome RF,Random sample split
1841.F06012,23,1841,1841:NCS244,female,head,24.96365222136502,35,0,Fixed microbiome RF,Random sample split
1841.F06548,20,1841,1841:CUB037,female,head,25.022650301087797,35,0,Fixed microbiome RF,Random sample split
1841.F06019,20,1841,1841:NCS263,male,head,28.889237588230127,35,0,Fixed microbiome RF,Random sample split
1841.P15395,23,1841,1841:NCS203,female,hand,26.745446299717436,35,0,Fixed microbiome RF,Random sample split
1841.P15398,22,1841,1841:NCS255,female,hand,22.525155747030745,35,0,Fixed microbiome RF,Random sample split
10317.000005160,29,10317,10317:80ed9beefa64e1af619f5d370d79a21b435d10677f5b936ec3554234d47090f2a865337c8ff29f55d3cfc78a4c4fcf22efe713697872112639889bda9805a03e,male,hand,43.32121910832557,35,0,Fixed microbiome RF,Random sample split
1841.P15533,22,1841,1841:NAU130,female,hand,22.541478774748537,35,0,Fixed microbiome RF,Random sample split
1841.P15534,22,1841,1841:NAU116,male,hand,24.00119850227386,35,0,Fixed microbiome RF,Random sample split
1841.F05896,26,1841,1841:NAU146,female,head,23.79313751761604,35,0,Fixed microbiome RF,Random sample split
1841.P16393,33,1841,1841:NAU144,male,hand,23.702707703058167,35,0,Fixed microbiome RF,Random sample split
2010.1902,32,2010,2010:19,female,head,37.452744941635856,35,0,Fixed microbiome RF,Random sample split
10317.000049239,56,10317,10317:bd91fc26c20a7652fc421fee2aa75624e4db7f68e0e4fde846745c30bb976e46e87f9660bdf0cea293a6b1ddf22122f6376d2be385445805fa204dd33e6dc905,male,head,44.12243013810939,35,0,Fixed microbiome RF,Random sample split
1841.P15704,21,1841,1841:NAU106,female,hand,22.92552286255412,35,0,Fixed microbiome RF,Random sample split
1841.F06208,25,1841,1841:NAU157,male,head,26.40824989177613,35,0,Fixed microbiome RF,Random sample split
10317.000028314,57,10317,10317:22d2760f969511df810ec5b468e81eb97e8822f3d303b2f72a874ee4196f9a705e1460b3be27a0a183fa9f8847872de4f8bf255567a7def57c62e260e4d758f0,male,head,38.62420351485087,35,0,Fixed microbiome RF,Random sample split
1841.F05157,20,1841,1841:NAU110,female,head,27.720363794191922,35,0,Fixed microbiome RF,Random sample split
10317.000068998,29,10317,10317:fad8ec3f3e1d0020041ba9c117373e6abfd242b0ece7d768af390422eb907827a7ac8fb22732c500478dcf1ab82bd83ed997d23b1233bce38d043d35edf8f47c,unknown,hand,37.625779944189404,35,0,Fixed microbiome RF,Random sample split
10317.000005069,62,10317,10317:95709cc58235ffbd909b031216643693df4dbc827ae14fc247eebb0528bfbea20bc16e3572da9168ccfd0829b33c756aa63ed4ce9ba244ce6bdf5ef97c44e85f,female,head,50.966142782832534,35,0,Fixed microbiome RF,Random sample split
1841.P16391,55,1841,1841:NAU149,male,hand,30.77908083910909,35,0,Fixed microbiome RF,Random sample split
1841.F06565,41,1841,1841:CUB050,female,head,31.21673831240031,35,0,Fixed microbiome RF,Random sample split
10317.000049004,28,10317,10317:1c1595cde947e2229328634b1257ec5f5c6bf890d5eb88d65618fda2567f5b28fe935303746ce0cd8771db48dc0a929a39b186bfef9fe0ee516d2a408a7ff58d,female,hand,35.69565531691594,35,0,Fixed microbiome RF,Random sample split
10317.000049005,28,10317,10317:1c1595cde947e2229328634b1257ec5f5c6bf890d5eb88d65618fda2567f5b28fe935303746ce0cd8771db48dc0a929a39b186bfef9fe0ee516d2a408a7ff58d,female,hand,37.4528259861285,35,0,Fixed microbiome RF,Random sample split
2010.2244,23,2010,2010:31,female,head,38.54170034569388,35,0,Fixed microbiome RF,Random sample split
1841.P15513,25,1841,1841:NAU157,male,hand,32.4551700072743,35,0,Fixed microbiome RF,Random sample split
1841.F05001,22,1841,1841:NCS255,female,head,22.725105257927915,35,0,Fixed microbiome RF,Random sample split
1841.F06492,36,1841,1841:CUB042,male,head,29.800251907663597,35,0,Fixed microbiome RF,Random sample split
1841.P16099,20,1841,1841:NAU110,female,hand,28.708757248953994,35,0,Fixed microbiome RF,Random sample split
1841.P15724,32,1841,1841:NAU150,female,hand,27.063868822150067,35,0,Fixed microbiome RF,Random sample split
1841.F06225,21,1841,1841:NAU153,female,head,22.3013848477911,35,0,Fixed microbiome RF,Random sample split
2010.1665,22,2010,2010:15,female,head,34.88066369742082,35,0,Fixed microbiome RF,Random sample split
1841.F06500,29,1841,1841:CUB011,female,head,25.57681952115437,35,0,Fixed microbiome RF,Random sample split
1841.P15570,20,1841,1841:NAU115,male,hand,24.760051429929714,35,0,Fixed microbiome RF,Random sample split
1841.P15572,21,1841,1841:NAU153,female,hand,22.436779642946917,35,0,Fixed microbiome RF,Random sample split
1841.F05059,20,1841,1841:NCS263,male,head,26.59453312821118,35,0,Fixed microbiome RF,Random sample split
1841.F05058,22,1841,1841:NCS212,female,head,23.459010378649985,35,0,Fixed microbiome RF,Random sample split
1841.F05053,27,1841,1841:NCS253,female,head,31.969693222316785,35,0,Fixed microbiome RF,Random sample split
1841.F05055,22,1841,1841:NCS255,female,head,22.164959012086765,35,0,Fixed microbiome RF,Random sample split
10317.000015252,34,10317,10317:b74b978649567cb54fc875fffd91ae1e96fe51d67ba3b37beafd17700ef6cc8174703285ab46d656b674c96a535fb1c24429eee1b4c50b47eedb924ba7c66a50,male,head,41.26854354722769,35,0,Fixed microbiome RF,Random sample split
10317.000063291,29,10317,10317:c78075767b35e039a0b606f8a727e3fc3e2823715abe6a1c7c9956e664a6ff667e1ed5a2426907b56b3a7776221005afb7b5f38d5a651d25074abdbea76cec2f,male,hand,40.18719461485227,35,0,Fixed microbiome RF,Random sample split
1841.P15740,55,1841,1841:NAU149,male,hand,28.711012481194114,35,0,Fixed microbiome RF,Random sample split
1841.P15965,21,1841,1841:CUB029,male,hand,22.837957927489178,35,0,Fixed microbiome RF,Random sample split
1841.P15748,22,1841,1841:NAU164,male,hand,25.865679338023085,35,0,Fixed microbiome RF,Random sample split
10317.000015064,71,10317,10317:6cd87aca8624e2efe119e5484586386f10cb61ed4a7920dd13cefe68783228eafa46cdc995f2272c25a121fc11cdb971265f86ad6cd99e0d151e6744a5db135c,female,head,48.14112663911305,35,0,Fixed microbiome RF,Random sample split
10317.000015060,80,10317,10317:8dd14dd80ae9b69218b4942e80486ca4299a19f9342258835b868633bfa7bff6581b9102dd034b2a58f5ea1a74b8a2ec5b06b38aca104935d0e20a6925b670f2,unknown,hand,52.26821008472884,35,0,Fixed microbiome RF,Random sample split
1841.P16545,20,1841,1841:CUB051,male,hand,25.810120345762336,35,0,Fixed microbiome RF,Random sample split
2010.1623,22,2010,2010:15,female,head,37.98354508843259,35,0,Fixed microbiome RF,Random sample split
10317.000066836,27,10317,10317:75e7facbcee6190c9bd0ec55d33af511592981c1851bc62c90ffa060b30d59451c3407b0344a1357b33b8a653eb1ab6517c15e9f6f193c447e3882c2ada31e9a,male,head,34.324204654682454,35,0,Fixed microbiome RF,Random sample split
1841.F05389,19,1841,1841:NCS241,female,head,23.704431089743597,35,0,Fixed microbiome RF,Random sample split
1841.F05927,19,1841,1841:NCS233,male,head,23.87626778740266,35,0,Fixed microbiome RF,Random sample split
1841.P15764,28,1841,1841:NAU103,female,hand,26.835103681041183,35,0,Fixed microbiome RF,Random sample split
1841.F06263,25,1841,1841:NAU157,male,head,29.2824640563245,35,0,Fixed microbiome RF,Random sample split
10317.000012954,63,10317,10317:9d63053308a543f47f4cbdce91e1eacc49775ab0a34b4fe6f4f120e15d3d44f6915ce2e76324bbbb7aba1077216d23ad37b43118ddc87124bf0fd47327d12161,female,head,48.42933865660267,35,0,Fixed microbiome RF,Random sample split
1841.P16445,21,1841,1841:NAU161,male,hand,24.008347820444804,35,0,Fixed microbiome RF,Random sample split
1841.F05469,28,1841,1841:NAU103,female,head,26.915087846181585,35,0,Fixed microbiome RF,Random sample split
1841.P16165,55,1841,1841:NAU149,male,hand,28.30056190235417,35,0,Fixed microbiome RF,Random sample split
1841.P15928,21,1841,1841:CUB033,female,hand,23.456491265128147,35,0,Fixed microbiome RF,Random sample split
1841.F06289,30,1841,1841:NAU155,female,head,23.605315589452825,35,0,Fixed microbiome RF,Random sample split
1841.F06287,21,1841,1841:NAU161,male,head,24.25684605690363,35,0,Fixed microbiome RF,Random sample split
1841.F06286,30,1841,1841:NAU155,female,head,25.434909650194577,35,0,Fixed microbiome RF,Random sample split
1841.F06202,32,1841,1841:NAU150,female,head,28.751470577120255,35,0,Fixed microbiome RF,Random sample split
10317.000005289,69,10317,10317:f468dfbfdc239f0e3bbe1de592c866535d2e70f74b05af2999cd5ac5b39818383c58a904146c605bc773f87fac2da08ddde7d4bedced3110d5c1d3b15657f73e,male,head,47.395075255541904,35,0,Fixed microbiome RF,Random sample split
1841.F05226,32,1841,1841:NAU102,unknown,head,25.163659474206362,35,0,Fixed microbiome RF,Random sample split
1841.F05227,24,1841,1841:NAU109,male,head,23.77454337125293,35,0,Fixed microbiome RF,Random sample split
1841.F05223,21,1841,1841:NAU106,female,head,23.422407763583042,35,0,Fixed microbiome RF,Random sample split
10317.000023667,41,10317,10317:4f4512f9ca8dd41284a2463c8496ef3405ebc0188c8fcb1bacb236d71b61de04174823da6ad26715031b7936e03c152bc15cd335c36b25dee976cfdc089dd6e2,male,head,42.82354728666228,35,0,Fixed microbiome RF,Random sample split
1841.P16312,37,1841,1841:NAU148,male,hand,23.45304820613193,35,0,Fixed microbiome RF,Random sample split
1841.P16313,20,1841,1841:NAU123,male,hand,29.386790029232458,35,0,Fixed microbiome RF,Random sample split
1841.F06342,22,1841,1841:CUB048,female,head,27.118603466872298,35,0,Fixed microbiome RF,Random sample split
1841.P15041,22,1841,1841:CUB007,female,hand,23.308441618124526,35,0,Fixed microbiome RF,Random sample split
1841.P15268,22,1841,1841:CUB048,female,hand,25.25706318905768,35,0,Fixed microbiome RF,Random sample split
1841.P15597,21,1841,1841:NAU113,female,hand,24.577000772511806,35,0,Fixed microbiome RF,Random sample split
1841.P15267,21,1841,1841:CUB003,female,hand,24.56040844550617,35,0,Fixed microbiome RF,Random sample split
1841.P15059,23,1841,1841:CUB028,male,hand,24.694554892615557,35,0,Fixed microbiome RF,Random sample split
10317.000068854,31,10317,10317:8d85619d1e25428067315418f5821569f94dd8cc697ce5e8952a81c8abc325ca2f69b743c1d3539e71093dc8dadc81905dc33874b12ef6d990d55c610bfb1eb3,male,hand,34.77633323653665,35,0,Fixed microbiome RF,Random sample split
1841.F05033,20,1841,1841:NCS263,male,head,36.245025261650305,35,0,Fixed microbiome RF,Random sample split
1841.F05036,22,1841,1841:NAU130,female,head,22.974180118945068,35,0,Fixed microbiome RF,Random sample split
1841.F05693,22,1841,1841:CUB016,female,head,25.765680158143518,35,0,Fixed microbiome RF,Random sample split
1841.P16100,26,1841,1841:NAU146,female,hand,22.857929969336222,35,0,Fixed microbiome RF,Random sample split
10317.000014510,36,10317,10317:afc4cc1e970ef3c7c09dfc377d86b8cb6dd2b6fc250e40ad216859b782525e9a89692b141ec60d853e30f94d919e6d74c8ef2a10c87061cbb48939ce1a8ab53a,female,head,40.20407007415549,35,0,Fixed microbiome RF,Random sample split
1841.F06119,21,1841,1841:CUB044,male,head,22.521659064679127,35,0,Fixed microbiome RF,Random sample split
10317.000014513,43,10317,10317:945445118eb28a47d0311468e8170b2c68dd921cbb868623641758d82330a5f89defc8f3631f8c7f925da369315c0e442e1b32d12fae4688f05b9a40c0167080,male,head,36.01130936897213,35,0,Fixed microbiome RF,Random sample split
10317.000048407,28,10317,10317:4287cb26d2ebcaddb5129d95ff2d4ae496c47b0162672df93082abfc9303671b6d9332bfe211f6530019940e6d40144094a4bc4c012716375b5e72166c04b6e2,female,head,43.82101290558525,35,0,Fixed microbiome RF,Random sample split
1841.F05206,26,1841,1841:NAU146,female,head,24.75131585948773,35,0,Fixed microbiome RF,Random sample split
1841.F05207,24,1841,1841:NAU109,male,head,24.943006617404357,35,0,Fixed microbiome RF,Random sample split
1841.F05884,20,1841,1841:NAU110,female,head,27.49116581043337,35,0,Fixed microbiome RF,Random sample split
1841.P16596,20,1841,1841:CUB005,female,hand,22.831552978271723,35,0,Fixed microbiome RF,Random sample split
1841.P16598,22,1841,1841:CUB048,female,hand,26.55627126505889,35,0,Fixed microbiome RF,Random sample split
1841.F06585,29,1841,1841:CUB011,female,head,24.116633436008442,35,0,Fixed microbiome RF,Random sample split
1841.F06580,21,1841,1841:CUB000,female,head,26.03957825160949,35,0,Fixed microbiome RF,Random sample split
1841.F06581,21,1841,1841:CUB003,female,head,26.096870523615944,35,0,Fixed microbiome RF,Random sample split
1841.F06588,20,1841,1841:CUB049,female,head,22.679902229296086,35,0,Fixed microbiome RF,Random sample split
1841.P15241,23,1841,1841:CUB013,male,hand,36.872304976399704,35,0,Fixed microbiome RF,Random sample split
10317.000007122,60,10317,10317:2c2e468c2481938c25962a208bec11d9f0eeca11f8a06d48aa50be31a747dd0327f6137458e4dfda584fc42b4c5f35613440eef5b177a1d0569e16e7432648dd,male,hand,45.35776564669149,35,0,Fixed microbiome RF,Random sample split
10317.000007121,60,10317,10317:2c2e468c2481938c25962a208bec11d9f0eeca11f8a06d48aa50be31a747dd0327f6137458e4dfda584fc42b4c5f35613440eef5b177a1d0569e16e7432648dd,male,head,59.168219649104095,35,0,Fixed microbiome RF,Random sample split
1841.P16295,55,1841,1841:NAU149,male,hand,29.415292722161333,35,0,Fixed microbiome RF,Random sample split
1841.P16294,21,1841,1841:NAU161,male,hand,24.05874346278881,35,0,Fixed microbiome RF,Random sample split
2010.2114,34,2010,2010:25,female,head,40.4016396416329,35,0,Fixed microbiome RF,Random sample split
1841.F05419,20,1841,1841:NAU121,female,head,23.146994936695492,35,0,Fixed microbiome RF,Random sample split
1841.P16122,33,1841,1841:NAU144,male,hand,26.55817432914308,35,0,Fixed microbiome RF,Random sample split
1841.P16129,25,1841,1841:NAU157,male,hand,35.88304759101478,35,0,Fixed microbiome RF,Random sample split
10317.000063212,34,10317,10317:a392cbf64e250298f990fe6714ca17e38472972feee9471db99da4dfcfd1fe8b106d9ec41e004081362ba7728e8ac7a9d25f3b658d31bc856798d1c4eabb81c0,male,head,37.26101029915097,35,0,Fixed microbiome RF,Random sample split
1841.P16034,21,1841,1841:NAU161,male,hand,23.937584812411398,35,0,Fixed microbiome RF,Random sample split
1841.P15005,29,1841,1841:CUB011,female,hand,25.00034089378758,35,0,Fixed microbiome RF,Random sample split
1841.P15008,21,1841,1841:CUB029,male,hand,24.05751159539617,35,0,Fixed microbiome RF,Random sample split
10317.000049848,35,10317,10317:88f4fbcf0ceb456e7f8e8447af039f0dc2670ad52972600d23a04b60152370409f6b57086023803ce52591376f998806f80e260d50d06764bbb66d26d1b5553e,female,hand,41.46258249266765,35,0,Fixed microbiome RF,Random sample split
10317.000007105,53,10317,10317:ebedffb9e4d507d8cbaa7af0405caf451aa201d9746c76619a2a69f6b1c164e191af34fbad4f50a53bbb30a92cba77bf673b82db2b687fa2258240612900791e,male,hand,46.01715415488658,35,0,Fixed microbiome RF,Random sample split
1841.F05439,21,1841,1841:NAU161,male,head,24.018423125668185,35,0,Fixed microbiome RF,Random sample split
10317.000031099,55,10317,10317:c652f7d5d732f3e629d4d90cf706462d9f50414ad33c8efbe370e13cba2467159fd00b1af99fda0aaa19aab27b068e2d581735424ec0b886d2867320bad0e931,male,head,43.74175564667113,35,0,Fixed microbiome RF,Random sample split
1841.F05434,20,1841,1841:NAU119,male,head,24.14230773464689,35,0,Fixed microbiome RF,Random sample split
1841.F06211,22,1841,1841:NAU130,female,head,22.525761209786946,35,0,Fixed microbiome RF,Random sample split
1841.P15283,22,1841,1841:CUB040,male,hand,25.28421938223576,35,0,Fixed microbiome RF,Random sample split
10317.000035236,69,10317,10317:f468dfbfdc239f0e3bbe1de592c866535d2e70f74b05af2999cd5ac5b39818383c58a904146c605bc773f87fac2da08ddde7d4bedced3110d5c1d3b15657f73e,male,hand,48.33949690848527,35,0,Fixed microbiome RF,Random sample split
10317.000015463,69,10317,10317:f468dfbfdc239f0e3bbe1de592c866535d2e70f74b05af2999cd5ac5b39818383c58a904146c605bc773f87fac2da08ddde7d4bedced3110d5c1d3b15657f73e,male,head,42.211725338897516,35,0,Fixed microbiome RF,Random sample split
1841.P16553,29,1841,1841:CUB011,female,hand,25.546314679211086,35,0,Fixed microbiome RF,Random sample split
1841.F05849,33,1841,1841:NAU144,male,head,27.64247138322894,35,0,Fixed microbiome RF,Random sample split
1841.P16065,21,1841,1841:NAU106,female,hand,23.821577295602783,35,0,Fixed microbiome RF,Random sample split
1841.P16068,21,1841,1841:NAU124,female,hand,23.005943233755737,35,0,Fixed microbiome RF,Random sample split
1841.F06349,21,1841,1841:CUB033,female,head,23.58504057863433,35,0,Fixed microbiome RF,Random sample split
1841.F05612,20,1841,1841:CUB005,female,head,24.643151215614452,35,0,Fixed microbiome RF,Random sample split
10317.000027250,26,10317,10317:35ad3a0f8be46af7197f78a77d7f387c0c7eaf6f1a077f0e0176fc9111103db539f114ea70834449cb5b086a49f41113f54c36fb5bbd31c5afcbf0a1d618fe92,male,head,40.88331896087601,35,0,Fixed microbiome RF,Random sample split
1841.P16276,32,1841,1841:NAU150,female,hand,27.341334161603402,35,0,Fixed microbiome RF,Random sample split
1841.F05640,20,1841,1841:CUB036,female,head,25.444192120674764,35,0,Fixed microbiome RF,Random sample split
10317.000004764,36,10317,10317:733d141620ab14d73e0aa4683aff41e7dfc3bae381840f02c270e108c123ae0e90bf1390da736c2d78815083080cfd4f47f1bacbfc2de5a20e1ea897fbb49593,male,hand,47.068660781472765,35,0,Fixed microbiome RF,Random sample split
1841.P15362,27,1841,1841:NCS253,female,hand,29.517670335664917,35,0,Fixed microbiome RF,Random sample split
10317.000006853,74,10317,10317:7705669a351542f9add9390a0a093824f81095a819993d82ab0d00eb2120ac34a953c451ff892c8c30e3f1b8f7630625d2ebb4d0e8512526a243025795e51eb7,male,hand,42.8349694755439,35,0,Fixed microbiome RF,Random sample split
1841.F05288,25,1841,1841:NAU157,male,head,25.015896051864807,35,0,Fixed microbiome RF,Random sample split
1841.F05864,33,1841,1841:NAU144,male,head,25.066407997027486,35,0,Fixed microbiome RF,Random sample split
1841.P16510,20,1841,1841:CUB005,female,hand,23.497054802836058,35,0,Fixed microbiome RF,Random sample split
10317.000007129,39,10317,10317:8b672a386ead28ace9c7eaea68003a8d0be6651cf9544c799a49155c372bc6524d53fd7aae5b008caced52ac352c5fe0a4810a846032621cf2d9fc79200e1218,unknown,hand,47.289271202691324,35,0,Fixed microbiome RF,Random sample split
10317.000033792,27,10317,10317:a8d1e0c8b099dac9041d9cebdac9c0de56819da44b2a634063806e8ed4697d1075a1ad1a75dcb472c0667686ae7dad37b98268caf960b4805fdd05c287c202df,male,head,42.03727292116667,35,0,Fixed microbiome RF,Random sample split
1841.F05486,22,1841,1841:NAU137,female,head,25.46104093860432,35,0,Fixed microbiome RF,Random sample split
10317.000009073,31,10317,10317:48fd24a3221f83a24f4307730fea531db77cc72647a64a29ffcf0dd97f7305deea2b1e3c1cba32b3cbe473a91330373f80b78deedad17f887fccce56f5ebe393,male,hand,38.96734240695532,35,0,Fixed microbiome RF,Random sample split
10317.000063440,30,10317,10317:012c33f74519c193ec10f17ef58846a7db07b462e5497db82c40fedc4ca3edac7e3c610143fdb11e0e0617da7dcd562ee2bf2be850227286ef06ab72c6361d25,male,head,36.73958056421062,35,0,Fixed microbiome RF,Random sample split
1841.F06411,22,1841,1841:CUB048,female,head,26.118501243449952,35,0,Fixed microbiome RF,Random sample split
1841.F06412,23,1841,1841:CUB053,female,head,24.922655066198168,35,0,Fixed microbiome RF,Random sample split
1841.F06415,22,1841,1841:CUB016,female,head,22.630465628121883,35,0,Fixed microbiome RF,Random sample split
10317.000005657,35,10317,10317:8606c4dd2d9371a4b109521ba900732b745ba94bf06c0047a2b8189bb5e157e1f6bcb5d5ed855b3e972841afb6a38ae24f88d3995e2f6c362286bd69d07c83ed,female,head,40.37817033726757,35,0,Fixed microbiome RF,Random sample split
10317.000005656,35,10317,10317:8606c4dd2d9371a4b109521ba900732b745ba94bf06c0047a2b8189bb5e157e1f6bcb5d5ed855b3e972841afb6a38ae24f88d3995e2f6c362286bd69d07c83ed,female,hand,37.5703293338175,35,0,Fixed microbiome RF,Random sample split
10317.000049130,48,10317,10317:9f89ce9cb3dd20b1b698031ff7eb1f66511855e4c05edd9fc525916e365f4d81ff5e46e5432e82c4e4cc62f66a9167138f3bce9a784b0404333ee6c82e195bd6,male,head,44.49409725786275,35,0,Fixed microbiome RF,Random sample split
1841.P15797,21,1841,1841:NAU153,female,hand,23.149171982276307,35,0,Fixed microbiome RF,Random sample split
1841.P15796,37,1841,1841:NAU148,male,hand,25.656482597660737,35,0,Fixed microbiome RF,Random sample split
1841.P16531,23,1841,1841:CUB028,male,hand,22.850823821452423,35,0,Fixed microbiome RF,Random sample split
1841.P15427,22,1841,1841:NCS212,female,hand,23.388362509018766,35,0,Fixed microbiome RF,Random sample split
1841.P15425,23,1841,1841:NCS203,female,hand,27.456904535585597,35,0,Fixed microbiome RF,Random sample split
1841.P15424,19,1841,1841:NCS208,female,hand,24.243320560668906,35,0,Fixed microbiome RF,Random sample split
1841.F05676,41,1841,1841:CUB050,female,head,34.712371622642266,35,0,Fixed microbiome RF,Random sample split
1841.F05672,23,1841,1841:CUB056,male,head,26.56173228302485,35,0,Fixed microbiome RF,Random sample split
1841.P16215,55,1841,1841:NAU149,male,hand,31.039004391184154,35,0,Fixed microbiome RF,Random sample split
1841.P16214,25,1841,1841:NAU157,male,hand,28.900147058515664,35,0,Fixed microbiome RF,Random sample split
1841.P16217,37,1841,1841:NAU148,male,hand,29.213507043030056,35,0,Fixed microbiome RF,Random sample split
1841.P16212,20,1841,1841:NAU115,male,hand,24.63945969852946,35,0,Fixed microbiome RF,Random sample split
1841.P16219,55,1841,1841:NAU149,male,hand,30.328356779622766,35,0,Fixed microbiome RF,Random sample split
1841.P15054,21,1841,1841:CUB026,male,hand,23.44509134962259,35,0,Fixed microbiome RF,Random sample split
1841.P15163,18,1841,1841:NCS213,female,hand,22.619134782035594,35,0,Fixed microbiome RF,Random sample split
1841.F05805,33,1841,1841:NAU144,male,head,25.05740197981367,35,0,Fixed microbiome RF,Random sample split
1841.P16533,22,1841,1841:CUB007,female,hand,29.362399601419817,35,0,Fixed microbiome RF,Random sample split
1841.F05822,33,1841,1841:NAU144,male,head,24.47656313661829,35,0,Fixed microbiome RF,Random sample split
1841.F05094,23,1841,1841:NCS203,female,head,24.670368872543172,35,0,Fixed microbiome RF,Random sample split
10317.000003638,58,10317,10317:c9e234a8b8023dc52f81b36210303deb253ee13dabc6022044eb5536429962a7f2dc5854ff06cadbb8969d2e2464fe3ed6ff0808a6c48037574abd2313962f88,female,head,44.89231836103952,36,1,Fixed microbiome RF,Random sample split
1841.F06476,23,1841,1841:CUB056,male,head,23.626877931096683,36,1,Fixed microbiome RF,Random sample split
10317.000087026,50,10317,10317:9556b26ba73292c840427f56d0913d9372bd8a0285daab53c83800b8972dbbba507f9182b997a497c8a055076429cf80e4a5a7c313c7b1a6d508774a769bb61d,male,hand,44.13344963043649,36,1,Fixed microbiome RF,Random sample split
1841.F05658,22,1841,1841:CUB016,female,head,25.101620445526702,36,1,Fixed microbiome RF,Random sample split
1841.P16235,55,1841,1841:NAU149,male,hand,36.31187550059769,36,1,Fixed microbiome RF,Random sample split
2010.2652,26,2010,2010:33,female,head,28.24372509876332,36,1,Fixed microbiome RF,Random sample split
1841.P15324,20,1841,1841:NCS263,male,hand,30.50874016288902,36,1,Fixed microbiome RF,Random sample split
2010.1953,32,2010,2010:19,female,head,42.1782669983178,36,1,Fixed microbiome RF,Random sample split
1841.F05351,22,1841,1841:NCS202,female,head,24.696703780771593,36,1,Fixed microbiome RF,Random sample split
1841.F05828,32,1841,1841:NAU102,unknown,head,23.230615415590748,36,1,Fixed microbiome RF,Random sample split
10317.000005564,53,10317,10317:2bbbda8f68f57e1c57d3e97ada9c16a61165e5a3a31f556df77429e4efca7c8de4a4dd989152a974f15603348945abd6a2335caec0d3d6fe9e7136e3865909bc,male,head,45.49178241275134,36,1,Fixed microbiome RF,Random sample split
10317.000006913,50,10317,10317:9efe5bb96e044b67cb80fc4069443555b8751175a7004a0a040349274f4aeacaa0bdcc77fe15bf3b071a944c2c9d4c02decf67f559f2a2d31615e4e98ed3e904,unknown,head,45.11126609035404,36,1,Fixed microbiome RF,Random sample split
1841.P16557,20,1841,1841:CUB027,female,hand,23.46371661324786,36,1,Fixed microbiome RF,Random sample split
10317.000049906,69,10317,10317:f468dfbfdc239f0e3bbe1de592c866535d2e70f74b05af2999cd5ac5b39818383c58a904146c605bc773f87fac2da08ddde7d4bedced3110d5c1d3b15657f73e,male,head,46.08566393133515,36,1,Fixed microbiome RF,Random sample split
10317.000049240,56,10317,10317:bd91fc26c20a7652fc421fee2aa75624e4db7f68e0e4fde846745c30bb976e46e87f9660bdf0cea293a6b1ddf22122f6376d2be385445805fa204dd33e6dc905,male,hand,50.31306048458322,36,1,Fixed microbiome RF,Random sample split
1841.F06454,23,1841,1841:CUB053,female,head,30.984942720629892,36,1,Fixed microbiome RF,Random sample split
1841.F06456,20,1841,1841:CUB036,female,head,24.075933350044558,36,1,Fixed microbiome RF,Random sample split
1841.F05102,22,1841,1841:NAU164,male,head,28.431178196825392,36,1,Fixed microbiome RF,Random sample split
10317.000010182,33,10317,10317:723b6b9cc65e7b32325680590272929f0ac00ca96b80b0fab7d4f3aa989891c4e461f3d54e5d04cec753535eff24d840aca7c4484f9aaf9507e8c09d37fc902b,unknown,head,44.229466836341814,36,1,Fixed microbiome RF,Random sample split
1841.P15124,18,1841,1841:NCS213,female,hand,23.07860335844711,36,1,Fixed microbiome RF,Random sample split
1841.F05594,32,1841,1841:NAU150,female,head,26.12631960988143,36,1,Fixed microbiome RF,Random sample split
10317.000015451,46,10317,10317:3483b70983107b3501a2fdeab0f7e00b06ec05b5a7afdf499c410267e4aa99ea36b3643db981cdf6f557435d6ff028c1059e2bc75261e6f468598f093fde8b72,male,hand,58.586758553272055,36,1,Fixed microbiome RF,Random sample split
1841.P16576,21,1841,1841:CUB003,female,hand,26.517623424369738,36,1,Fixed microbiome RF,Random sample split
1841.P16577,29,1841,1841:CUB011,female,hand,23.55894448874712,36,1,Fixed microbiome RF,Random sample split
1841.P16572,22,1841,1841:CUB040,male,hand,27.9754445105548,36,1,Fixed microbiome RF,Random sample split
10317.000068979,34,10317,10317:39f71cf33f09de164d937b070afbdb0ae6316326fe838edc8aeebb9c941d1edd0c4b841e5e1b5c435cf9310595d4cb9a17a4d2777234628da9e9e7e1cc78e36f,male,head,37.08658890978063,36,1,Fixed microbiome RF,Random sample split
10317.000005637,32,10317,10317:8e6d5660e04b428afe96bc9b82f94ffbde8b593ec7e7a39e6d802ccde219bc29f29c18ff10e18b4c6a067ce34878d5cc2b0addc2b1e539d565c014f00b4d3452,unknown,hand,39.66840492747907,36,1,Fixed microbiome RF,Random sample split
10317.000005636,32,10317,10317:8e6d5660e04b428afe96bc9b82f94ffbde8b593ec7e7a39e6d802ccde219bc29f29c18ff10e18b4c6a067ce34878d5cc2b0addc2b1e539d565c014f00b4d3452,unknown,hand,36.96756330538943,36,1,Fixed microbiome RF,Random sample split
1841.P15972,21,1841,1841:CUB038,female,hand,24.942521017357016,36,1,Fixed microbiome RF,Random sample split
1841.F06006,21,1841,1841:NCS229,male,head,23.099814528870233,36,1,Fixed microbiome RF,Random sample split
1841.F06005,27,1841,1841:NCS253,female,head,27.93464106320573,36,1,Fixed microbiome RF,Random sample split
1841.F06232,25,1841,1841:NAU157,male,head,23.71624259268102,36,1,Fixed microbiome RF,Random sample split
2010.2215,23,2010,2010:31,female,head,35.834655350377034,36,1,Fixed microbiome RF,Random sample split
1841.F06482,21,1841,1841:CUB000,female,head,24.139215894059646,36,1,Fixed microbiome RF,Random sample split
10317.000005219,40,10317,10317:1d0709acc0c4aa263f168023a3a96ba1e15b95b6c4da81b87f5ddab0fd7d047df0459ece7e25369bc5583a334c204f19a8ed16ff150ddaef72703a971dafa3b9,male,hand,38.729661869618546,36,1,Fixed microbiome RF,Random sample split
1841.P16435,22,1841,1841:NCS255,female,hand,22.40617334054833,36,1,Fixed microbiome RF,Random sample split
1841.F05507,25,1841,1841:NAU157,male,head,24.880721934315694,36,1,Fixed microbiome RF,Random sample split
1841.F06441,20,1841,1841:CUB027,female,head,23.746978455572215,36,1,Fixed microbiome RF,Random sample split
1841.F06575,21,1841,1841:CUB044,male,head,25.381833383429417,36,1,Fixed microbiome RF,Random sample split
1841.F06570,20,1841,1841:CUB036,female,head,21.854476365570115,36,1,Fixed microbiome RF,Random sample split
10317.000063308,25,10317,10317:42aad521c038df949fad8060826afdde769401bb8b33ad632fd3209cd6d04c4e5106446ce4aef7bc16b30a904ca2d9896b24cf2ebff3881ae31264873b61c661,male,head,35.28041794809513,36,1,Fixed microbiome RF,Random sample split
1841.P15385,22,1841,1841:NCS255,female,hand,23.85031809427778,36,1,Fixed microbiome RF,Random sample split
1841.P15383,20,1841,1841:NCS263,male,hand,27.400901356269003,36,1,Fixed microbiome RF,Random sample split
1841.F05086,23,1841,1841:NCS244,female,head,23.070262145375214,36,1,Fixed microbiome RF,Random sample split
1841.P15520,20,1841,1841:NAU110,female,hand,26.908529752518724,36,1,Fixed microbiome RF,Random sample split
1841.F05553,20,1841,1841:NAU110,female,head,27.12910997064297,36,1,Fixed microbiome RF,Random sample split
1841.F05554,21,1841,1841:NAU140,female,head,24.575887297955312,36,1,Fixed microbiome RF,Random sample split
1841.F06464,20,1841,1841:CUB036,female,head,23.504122030747034,36,1,Fixed microbiome RF,Random sample split
10317.000003105,30,10317,10317:5917a22ca19367d0c27accc713d8781a073c9c1934d011ac6932648afb15315a7093a032134132de091a4406951dc0cf1616e1458c99936fe5356f19385255c0,male,head,40.33271451020978,36,1,Fixed microbiome RF,Random sample split
1841.P15006,21,1841,1841:CUB032,female,hand,24.585959951559598,36,1,Fixed microbiome RF,Random sample split
1841.P16417,22,1841,1841:NCS255,female,hand,22.648512430856186,36,1,Fixed microbiome RF,Random sample split
1841.P16411,22,1841,1841:NCS212,female,hand,24.680252428874674,36,1,Fixed microbiome RF,Random sample split
2010.2027,34,2010,2010:25,female,head,34.62874647021607,36,1,Fixed microbiome RF,Random sample split
2010.2255,22,2010,2010:27,female,head,37.310053754890006,36,1,Fixed microbiome RF,Random sample split
1841.F05532,22,1841,1841:NAU130,female,head,21.745632671726433,36,1,Fixed microbiome RF,Random sample split
1841.F05530,21,1841,1841:NAU106,female,head,23.700511776826115,36,1,Fixed microbiome RF,Random sample split
1841.F05531,20,1841,1841:NAU141,female,head,23.370641853792492,36,1,Fixed microbiome RF,Random sample split
1841.P16089,20,1841,1841:NAU123,male,hand,29.725499795720594,36,1,Fixed microbiome RF,Random sample split
1841.P16086,20,1841,1841:NAU110,female,hand,26.50405265604279,36,1,Fixed microbiome RF,Random sample split
1841.P16083,22,1841,1841:NAU164,male,hand,31.886464692240367,36,1,Fixed microbiome RF,Random sample split
10317.000048369,30,10317,10317:0c2dd9543685a21b0e6e26055bb6623e91dd2d77a34a450a1f4c666e6c8726990361f37c3c84c16b86b8d7ac7ac715d380ccc2006772a5e62b5bda6c41b96f13,male,head,40.80394779072809,36,1,Fixed microbiome RF,Random sample split
1841.F06186,36,1841,1841:CUB042,male,head,30.408672115326993,36,1,Fixed microbiome RF,Random sample split
1841.P15975,21,1841,1841:CUB032,female,hand,24.09584669599921,36,1,Fixed microbiome RF,Random sample split
1841.P15976,21,1841,1841:CUB000,female,hand,26.024052388583634,36,1,Fixed microbiome RF,Random sample split
1841.P15759,20,1841,1841:NAU119,male,hand,23.40261307269119,36,1,Fixed microbiome RF,Random sample split
10317.000063296,26,10317,10317:9a079253652d16fa017050fd68017b646c3c734b4c96ca593236c537806682233e513b33fb850475266ef28a5c34e9297ffbd213ef416263b306bfae257d1aef,male,head,37.442818786852236,36,1,Fixed microbiome RF,Random sample split
1841.P15966,29,1841,1841:CUB011,female,hand,23.88430330086579,36,1,Fixed microbiome RF,Random sample split
10317.000015383,34,10317,10317:88f4fbcf0ceb456e7f8e8447af039f0dc2670ad52972600d23a04b60152370409f6b57086023803ce52591376f998806f80e260d50d06764bbb66d26d1b5553e,female,head,40.42146027826826,36,1,Fixed microbiome RF,Random sample split
10317.000015382,34,10317,10317:88f4fbcf0ceb456e7f8e8447af039f0dc2670ad52972600d23a04b60152370409f6b57086023803ce52591376f998806f80e260d50d06764bbb66d26d1b5553e,female,hand,44.31510538895589,36,1,Fixed microbiome RF,Random sample split
1841.F05274,21,1841,1841:NAU106,female,head,29.288625202922077,36,1,Fixed microbiome RF,Random sample split
1841.P16475,23,1841,1841:NCS244,female,hand,22.303457626072753,36,1,Fixed microbiome RF,Random sample split
1841.F06531,21,1841,1841:CUB026,male,head,24.545581273471896,36,1,Fixed microbiome RF,Random sample split
1841.F06534,21,1841,1841:CUB033,female,head,25.329314129797574,36,1,Fixed microbiome RF,Random sample split
1841.F06538,20,1841,1841:CUB049,female,head,23.950445830211454,36,1,Fixed microbiome RF,Random sample split
10317.000049908,69,10317,10317:f468dfbfdc239f0e3bbe1de592c866535d2e70f74b05af2999cd5ac5b39818383c58a904146c605bc773f87fac2da08ddde7d4bedced3110d5c1d3b15657f73e,male,hand,43.63024813863521,36,1,Fixed microbiome RF,Random sample split
1841.P15567,22,1841,1841:NAU164,male,hand,24.913400930666562,36,1,Fixed microbiome RF,Random sample split
1841.F05515,20,1841,1841:NAU110,female,head,28.394048750956635,36,1,Fixed microbiome RF,Random sample split
1841.F05513,20,1841,1841:NAU119,male,head,22.535348505661013,36,1,Fixed microbiome RF,Random sample split
10317.000009107,36,10317,10317:537aafb62a3a3b2aaa192863f0b56d8fa9e292bcf83e78ffff10ffa372470a7d9db35cb40b3e2ab58fbc446c04a2e5b7b934e0feab0f0dce92c02f9e59476330,male,head,40.35269314976955,36,1,Fixed microbiome RF,Random sample split
1841.P15955,22,1841,1841:CUB040,male,hand,23.604226899020087,36,1,Fixed microbiome RF,Random sample split
1841.P15777,20,1841,1841:NAU121,female,hand,24.100083631646125,36,1,Fixed microbiome RF,Random sample split
1841.F06253,20,1841,1841:NAU121,female,head,23.94995488886114,36,1,Fixed microbiome RF,Random sample split
1841.P15563,20,1841,1841:NAU121,female,hand,23.304039259351754,36,1,Fixed microbiome RF,Random sample split
2010.2602,21,2010,2010:35,female,head,35.87022892914557,36,1,Fixed microbiome RF,Random sample split
1841.F06093,23,1841,1841:NCS244,female,head,23.76376645923521,36,1,Fixed microbiome RF,Random sample split
1841.P16327,32,1841,1841:NAU102,unknown,hand,32.77867260984028,36,1,Fixed microbiome RF,Random sample split
1841.F05512,32,1841,1841:NAU102,unknown,head,25.175109895891154,36,1,Fixed microbiome RF,Random sample split
1841.F06450,20,1841,1841:CUB005,female,head,22.624341517857143,36,1,Fixed microbiome RF,Random sample split
1841.P15098,22,1841,1841:CUB048,female,hand,26.200915555986892,36,1,Fixed microbiome RF,Random sample split
1841.P15548,20,1841,1841:NAU123,male,hand,22.43430950567464,36,1,Fixed microbiome RF,Random sample split
1841.F05063,23,1841,1841:NCS203,female,head,24.053787970031173,36,1,Fixed microbiome RF,Random sample split
10317.000015222,53,10317,10317:ee6b0199d11ab9c50774b9e56abce9e5b0601741d7922866f57f5c638ca8cf822c2cfa394a8707365a589b0a6368c20df23f66a6c845f66e662b0742e5937eb4,male,hand,44.22993440905414,36,1,Fixed microbiome RF,Random sample split
1841.P15938,21,1841,1841:CUB012,female,hand,25.78833279220779,36,1,Fixed microbiome RF,Random sample split
1841.P15935,21,1841,1841:CUB033,female,hand,24.417426271645034,36,1,Fixed microbiome RF,Random sample split
1841.P15931,21,1841,1841:CUB032,female,hand,22.540822499331597,36,1,Fixed microbiome RF,Random sample split
1841.P15932,21,1841,1841:CUB026,male,hand,22.111595193001445,36,1,Fixed microbiome RF,Random sample split
1841.F05639,20,1841,1841:CUB008,male,head,22.503854426823175,36,1,Fixed microbiome RF,Random sample split
10317.000005071,62,10317,10317:95709cc58235ffbd909b031216643693df4dbc827ae14fc247eebb0528bfbea20bc16e3572da9168ccfd0829b33c756aa63ed4ce9ba244ce6bdf5ef97c44e85f,female,hand,48.693677682223246,36,1,Fixed microbiome RF,Random sample split
10317.000005070,62,10317,10317:95709cc58235ffbd909b031216643693df4dbc827ae14fc247eebb0528bfbea20bc16e3572da9168ccfd0829b33c756aa63ed4ce9ba244ce6bdf5ef97c44e85f,female,hand,43.88844064914606,36,1,Fixed microbiome RF,Random sample split
10317.000005291,69,10317,10317:f468dfbfdc239f0e3bbe1de592c866535d2e70f74b05af2999cd5ac5b39818383c58a904146c605bc773f87fac2da08ddde7d4bedced3110d5c1d3b15657f73e,male,hand,46.16663285305779,36,1,Fixed microbiome RF,Random sample split
1841.F05232,25,1841,1841:NAU157,male,head,25.960303155178156,36,1,Fixed microbiome RF,Random sample split
1841.P16307,33,1841,1841:NAU144,male,hand,23.74103933392996,36,1,Fixed microbiome RF,Random sample split
1841.P16303,21,1841,1841:NAU106,female,hand,23.98364440661995,36,1,Fixed microbiome RF,Random sample split
2010.2229,22,2010,2010:29,female,head,35.88294130667959,36,1,Fixed microbiome RF,Random sample split
1841.P16174,24,1841,1841:NAU109,male,hand,24.98096218018093,36,1,Fixed microbiome RF,Random sample split
1841.F05430,20,1841,1841:NAU115,male,head,22.158434125106922,36,1,Fixed microbiome RF,Random sample split
1841.F05002,20,1841,1841:NCS263,male,head,26.781903514250654,36,1,Fixed microbiome RF,Random sample split
1841.P15774,55,1841,1841:NAU149,male,hand,34.74501501095478,36,1,Fixed microbiome RF,Random sample split
1841.P16365,32,1841,1841:NAU102,unknown,hand,24.1094243430181,36,1,Fixed microbiome RF,Random sample split
1841.P16362,20,1841,1841:NAU115,male,hand,23.111376693159784,36,1,Fixed microbiome RF,Random sample split
1841.P16582,36,1841,1841:CUB042,male,hand,32.40516740282635,36,1,Fixed microbiome RF,Random sample split
1841.F06591,21,1841,1841:CUB012,female,head,25.365233828671332,36,1,Fixed microbiome RF,Random sample split
1841.F06590,23,1841,1841:CUB028,male,head,23.564964876393454,36,1,Fixed microbiome RF,Random sample split
1841.F06599,22,1841,1841:CUB004,female,head,26.48570834710632,36,1,Fixed microbiome RF,Random sample split
1841.P15053,20,1841,1841:CUB008,male,hand,22.742978468290964,36,1,Fixed microbiome RF,Random sample split
1841.P15056,23,1841,1841:CUB053,female,hand,27.360978490259743,36,1,Fixed microbiome RF,Random sample split
1841.P15057,20,1841,1841:CUB036,female,hand,24.533540845627794,36,1,Fixed microbiome RF,Random sample split
1841.P15055,20,1841,1841:CUB005,female,hand,23.348169050906826,36,1,Fixed microbiome RF,Random sample split
1841.F05689,21,1841,1841:CUB026,male,head,22.975643787864183,36,1,Fixed microbiome RF,Random sample split
1841.F05683,23,1841,1841:CUB053,female,head,25.89148313626303,36,1,Fixed microbiome RF,Random sample split
1841.F05684,21,1841,1841:CUB026,male,head,24.61689520296526,36,1,Fixed microbiome RF,Random sample split
1841.F05686,20,1841,1841:CUB037,female,head,25.48896600611546,36,1,Fixed microbiome RF,Random sample split
1841.P15554,20,1841,1841:NAU110,female,hand,26.1931128666655,36,1,Fixed microbiome RF,Random sample split
1841.F05977,18,1841,1841:NCS232,female,head,25.428970465298605,36,1,Fixed microbiome RF,Random sample split
1841.F05974,27,1841,1841:NCS214,male,head,31.320365009647738,36,1,Fixed microbiome RF,Random sample split
10317.000069051,31,10317,10317:198ec54664604b9ea87e10f11a6d8349037bf3b4e018e7fb9998979245d8f2079c24bef91d79183b5ff2e19efdc4c846a59dec7189d1fe7235717e66307e1a72,male,head,36.00138247606173,36,1,Fixed microbiome RF,Random sample split
1841.F06102,20,1841,1841:CUB008,male,head,23.01490635321421,36,1,Fixed microbiome RF,Random sample split
1841.P15074,22,1841,1841:CUB004,female,hand,27.211384784537348,36,1,Fixed microbiome RF,Random sample split
1841.F06316,22,1841,1841:CUB007,female,head,22.48307529641411,36,1,Fixed microbiome RF,Random sample split
1841.P15256,36,1841,1841:CUB042,male,hand,35.773803071680604,36,1,Fixed microbiome RF,Random sample split
1841.P15253,21,1841,1841:CUB029,male,hand,22.956718642167008,36,1,Fixed microbiome RF,Random sample split
10317.000068806,30,10317,10317:219fdff6b9dcec67c1aa0b866cb025d68ac35295256f63c520911912293fe0849d61cd408675c0305a5c92df708363f8172fc8e6969982b5a49c4e44d28547fb,female,hand,43.54831090036862,36,1,Fixed microbiome RF,Random sample split
10317.000005578,33,10317,10317:356171d003a70eda05dbc44ca7f1c23e803cbba14631a5247db7774ba0e837cd853a804b6bc41bc084b8849021f84c1c780ad04856231b70f72faf5ef5b4bcbf,male,hand,40.7444476617014,36,1,Fixed microbiome RF,Random sample split
1841.P15210,20,1841,1841:CUB049,female,hand,23.865206529581528,36,1,Fixed microbiome RF,Random sample split
10317.000069039,33,10317,10317:65a6735483d4ca756511921efab48bd0d5eefe9702c613c1e3f7065f8b20659da904045df6fb243bf7e1be352dea97d0ceb0c7ccdca5fabb1fd01324d1e414cf,male,head,36.5396750269548,36,1,Fixed microbiome RF,Random sample split
1841.F05400,22,1841,1841:NAU164,male,head,27.089230543761783,36,1,Fixed microbiome RF,Random sample split
1841.P16137,19,1841,1841:NAU107,female,hand,23.338993438138665,36,1,Fixed microbiome RF,Random sample split
1841.P16454,23,1841,1841:NCS203,female,hand,31.64761063694877,36,1,Fixed microbiome RF,Random sample split
10317.000005598,74,10317,10317:7ba032cf20a095821627a110ab26bb5c1b92a9eec7dc65f29d2b0b7c0f2dece8e620882864fff5d7d829b5d72d5061c1b402d6fba6e4e8a623373670f402b87e,male,hand,46.39309016251507,36,1,Fixed microbiome RF,Random sample split
10317.000015182,55,10317,10317:45e54011490a1e8319d45ba35b5c9c687e4ec395fd00d5bd3b927f21b897135e002c9c488ced29f5644e9cc87c9d6d420ce68c9a95f88b151cd7a4c6182ead64,male,head,41.72964606012958,36,1,Fixed microbiome RF,Random sample split
10317.000049733,36,10317,10317:79bbc1c5c663e0434d917d65535beeb68d902da75556dbb9bc561129718387ed15c630d65f4716cbeb02ed871a1e5044d2cd04da381361681f4a0793ca85598d,male,hand,41.706802936391384,36,1,Fixed microbiome RF,Random sample split
1841.P15010,21,1841,1841:CUB012,female,hand,25.044527972027968,36,1,Fixed microbiome RF,Random sample split
1841.P15011,41,1841,1841:CUB050,female,hand,30.976839650782733,36,1,Fixed microbiome RF,Random sample split
1841.P15604,21,1841,1841:CUB044,male,hand,23.55221700752951,36,1,Fixed microbiome RF,Random sample split
10317.000005577,34,10317,10317:356171d003a70eda05dbc44ca7f1c23e803cbba14631a5247db7774ba0e837cd853a804b6bc41bc084b8849021f84c1c780ad04856231b70f72faf5ef5b4bcbf,male,hand,40.06595657833685,36,1,Fixed microbiome RF,Random sample split
1841.P15602,21,1841,1841:NAU153,female,hand,21.835052534271288,36,1,Fixed microbiome RF,Random sample split
1841.F06086,22,1841,1841:NCS255,female,head,22.870195620351875,36,1,Fixed microbiome RF,Random sample split
10317.000048954,40,10317,10317:1044942a7b8a90539218b4698c4b9c3fcdfa273fbbaae3fd79cc45fa05997f6e566261c304f4eb18014b4d7f09e95259f47b9afe6b589a6d2fabfacc7e2a09b7,male,head,38.70359997627908,36,1,Fixed microbiome RF,Random sample split
1841.P15350,27,1841,1841:NCS253,female,hand,26.418955866956548,36,1,Fixed microbiome RF,Random sample split
1841.P15039,20,1841,1841:CUB027,female,hand,22.699547566833747,36,1,Fixed microbiome RF,Random sample split
1841.F06421,21,1841,1841:CUB029,male,head,24.89270333041273,36,1,Fixed microbiome RF,Random sample split
1841.F06428,20,1841,1841:CUB008,male,head,23.209805981055986,36,1,Fixed microbiome RF,Random sample split
1841.F05457,37,1841,1841:NAU148,male,head,26.048348073200977,36,1,Fixed microbiome RF,Random sample split
10317.000063450,29,10317,10317:012c33f74519c193ec10f17ef58846a7db07b462e5497db82c40fedc4ca3edac7e3c610143fdb11e0e0617da7dcd562ee2bf2be850227286ef06ab72c6361d25,male,head,58.66040728829752,36,1,Fixed microbiome RF,Random sample split
1841.P15998,23,1841,1841:CUB056,male,hand,30.1755544272173,36,1,Fixed microbiome RF,Random sample split
1841.P15192,19,1841,1841:NCS233,male,hand,23.478422445609944,36,1,Fixed microbiome RF,Random sample split
10317.000005262,28,10317,10317:9d5f397f06d407dcb0aa1ac134a406dcc9d133b7241030bf81c3cb01f3341e891530737a66d2693596ab16f97b05b66c20bc630d57221b89a0ecb2db01c1f747,male,head,40.36201812197946,36,1,Fixed microbiome RF,Random sample split
1841.P15600,32,1841,1841:NAU150,female,hand,26.677402342347193,36,1,Fixed microbiome RF,Random sample split
10317.000048386,59,10317,10317:7e311968682a8a9e2268ae2d13c8b70ca7ce45f11d29b24932473b816f814e56f115793ba0ca9a91710fda8ae01664aab7b94207e18484fb0b45616cab408ea5,female,head,52.635541497958585,36,1,Fixed microbiome RF,Random sample split
1841.P16504,21,1841,1841:CUB000,female,hand,25.01777984898873,36,1,Fixed microbiome RF,Random sample split
10317.000030149,27,10317,10317:1a5e088d33b2528cfe40203fda9bfcd0dc35268782b9d69c13311dd8036aba48919cd2bc59d125b4622ddb34b727a0f4ee6ab054d9cba2d3fd100fcbe69d7a21,female,head,43.097050731854495,36,1,Fixed microbiome RF,Random sample split
1841.F06409,21,1841,1841:CUB029,male,head,22.280115448957357,36,1,Fixed microbiome RF,Random sample split
1841.F05467,21,1841,1841:NAU153,female,head,22.383499985029587,36,1,Fixed microbiome RF,Random sample split
1841.P16199,21,1841,1841:NAU161,male,hand,23.906228922731685,36,1,Fixed microbiome RF,Random sample split
2010.3131,31,2010,2010:43,female,head,36.4420440555775,36,1,Fixed microbiome RF,Random sample split
1841.F05814,32,1841,1841:NAU102,unknown,head,24.646074120936255,36,1,Fixed microbiome RF,Random sample split
1841.F05817,20,1841,1841:NAU115,male,head,22.579185606060598,36,1,Fixed microbiome RF,Random sample split
1841.F05810,32,1841,1841:NAU102,unknown,head,22.966585210133,36,1,Fixed microbiome RF,Random sample split
1841.P16525,23,1841,1841:CUB056,male,hand,25.548724886224882,36,1,Fixed microbiome RF,Random sample split
1841.F06398,23,1841,1841:CUB056,male,head,29.861040139077073,36,1,Fixed microbiome RF,Random sample split
1841.F06396,20,1841,1841:CUB037,female,head,23.5895982091846,36,1,Fixed microbiome RF,Random sample split
1841.P15610,41,1841,1841:CUB050,female,hand,30.99423286782661,36,1,Fixed microbiome RF,Random sample split
1841.F05957,18,1841,1841:NCS221,female,head,24.729328356971546,36,1,Fixed microbiome RF,Random sample split
1841.P15785,22,1841,1841:NAU130,female,hand,23.551059016376353,36,1,Fixed microbiome RF,Random sample split
1841.P15788,22,1841,1841:NAU130,female,hand,22.346267586580087,36,1,Fixed microbiome RF,Random sample split
1841.F05667,22,1841,1841:CUB004,female,head,23.860843500110146,36,1,Fixed microbiome RF,Random sample split
1841.F05662,21,1841,1841:CUB003,female,head,22.75311710858586,36,1,Fixed microbiome RF,Random sample split
10317.000031066,42,10317,10317:7335b37622ba1bdd7e488bc6758f7c8fd36c26e43d8fdb09f00e1ae18ff0959bc7f4f27508aebf68b1a500bbc62282d5389c9d49419171cf9e9c946f433596f6,male,hand,39.962334581345694,36,1,Fixed microbiome RF,Random sample split
1841.F05832,21,1841,1841:NAU153,female,head,22.080955903777593,36,1,Fixed microbiome RF,Random sample split
1841.F05345,22,1841,1841:NCS212,female,head,28.196607515371106,36,1,Fixed microbiome RF,Random sample split
1841.P16016,19,1841,1841:NAU107,female,hand,22.754647005876883,36,1,Fixed microbiome RF,Random sample split
1841.P16014,32,1841,1841:NAU150,female,hand,24.204506899350644,36,1,Fixed microbiome RF,Random sample split
10317.000068950,39,10317,10317:aa8c21f5078bc7371b21ffbe19854212c26e4ba8b087307ab121b615566704bf41428d321554791b675f216db7f7d1922190d57c119c58c01ff5e6a1b7a11da3,male,hand,40.92376050435216,36,1,Fixed microbiome RF,Random sample split
1841.F05644,22,1841,1841:CUB040,male,head,29.600805982886904,36,1,Fixed microbiome RF,Random sample split
1841.F05136,22,1841,1841:NAU130,female,head,22.050851301476296,36,1,Fixed microbiome RF,Random sample split
10317.000015302,33,10317,10317:d440c033fc5b44bb83e8b5a7794daa4c8e7b24424bcd393f8e6a21ecc3792e9ddfa02679b7eb856a026af5426b34eb4083a5d61d8a1e5ffe59abee1fc9264b37,male,hand,41.85360237281442,36,1,Fixed microbiome RF,Random sample split
2010.1689,22,2010,2010:15,female,head,40.714027555311525,36,1,Fixed microbiome RF,Random sample split
10317.000015465,69,10317,10317:f468dfbfdc239f0e3bbe1de592c866535d2e70f74b05af2999cd5ac5b39818383c58a904146c605bc773f87fac2da08ddde7d4bedced3110d5c1d3b15657f73e,male,hand,45.09828017357638,36,1,Fixed microbiome RF,Random sample split
10317.000003299,61,10317,10317:e7639c4697365b2cdd0af17e85e19fae656bebe2ca231e4057397460de8a06886fbdc663413a68e30c542241a5d4a8765a2affefbadf0e387eda6d67a72749a0,male,head,43.67761882122597,36,1,Fixed microbiome RF,Random sample split
1841.P16568,22,1841,1841:CUB048,female,hand,30.73662931903845,36,1,Fixed microbiome RF,Random sample split
1841.P16561,21,1841,1841:CUB044,male,hand,24.070857088817608,36,1,Fixed microbiome RF,Random sample split
1841.P16564,20,1841,1841:CUB005,female,hand,22.786334741647245,36,1,Fixed microbiome RF,Random sample split
10317.000031912,54,10317,10317:0c3091f23d30ee5b470301f691493df51f63050506428f17d14304a92cb2773c926aa8302e810812195b2fb3442ae4405b25774e783a0dea0554adffa5e317c5,female,hand,43.473859686819296,36,1,Fixed microbiome RF,Random sample split
1841.F05117,26,1841,1841:NAU146,female,head,24.722700793439227,36,1,Fixed microbiome RF,Random sample split
1841.F05119,21,1841,1841:NAU106,female,head,22.871195714008216,36,1,Fixed microbiome RF,Random sample split
10317.000049825,38,10317,10317:810a1cfb40a1b8da310e777113e7a6fa79ef435b2348c768e4213fd5c5dc7e3b2dfebad107eeb75d35a31c7a30a00b8e06c8bf1e32f03c95301328ac8be56fbf,male,hand,44.99709894685439,36,1,Fixed microbiome RF,Random sample split
1841.P16602,22,1841,1841:CUB040,male,hand,28.17866496350872,36,1,Fixed microbiome RF,Random sample split
1841.P16601,21,1841,1841:CUB012,female,hand,23.10757037461806,36,1,Fixed microbiome RF,Random sample split
10317.000063351,29,10317,10317:e8fffa963380c63cba1d064de83b3a91000831ddbab3f8b56168ee1903063a0900f0a9b07f79b2f4a728ad7af62c82a718d51b95ccc1f12d6d1d3ce257c151f7,female,hand,33.46872894004403,36,1,Fixed microbiome RF,Random sample split
1841.F05568,37,1841,1841:NAU148,male,head,24.73593641464529,36,1,Fixed microbiome RF,Random sample split
1841.F05562,21,1841,1841:NAU124,female,head,23.051141051614017,36,1,Fixed microbiome RF,Random sample split
1841.P15195,19,1841,1841:NCS233,male,hand,24.725841598685548,36,1,Fixed microbiome RF,Random sample split
1841.F06435,41,1841,1841:CUB050,female,head,33.0742899933636,36,1,Fixed microbiome RF,Random sample split
1841.F06487,21,1841,1841:CUB032,female,head,23.60716794771483,36,1,Fixed microbiome RF,Random sample split
10317.000005083,33,10317,10317:a29fd754368cde4d06c428f68fac03a5f07bc4192f8ad6f00b4dead3a90b4f2a07cda53d353c8eebcdf472b25a87cc69592d2bcf0fae7f901a0ee6e9cff063c9,male,hand,38.07766477435755,36,1,Fixed microbiome RF,Random sample split
10317.000063152,25,10317,10317:3e74c911b962f0afc2cdf9be99137894321cd28afa86ae9be26bfba86712502c3e8a61b4db55401131c7c041ae071ba253516caa7a7f9fd61b5038eea71d7d41,female,head,34.0491324857934,36,1,Fixed microbiome RF,Random sample split
10317.000005166,60,10317,10317:c05d316c7a234de92fd6181929f128efb782363ffe6c343358fc3ab402b473dbf8a8138a22044ea3b02099711ecfa77358776132a3ed110a1b2153eeb178378a,male,hand,47.72020335436621,36,1,Fixed microbiome RF,Random sample split
10317.000012382,48,10317,10317:d4747c80cbabfa6a118ab9e828a6e01176aee5c6477c84e90565dd41303cee3f4da5c8eb4c5a5b1abcf05c6ade5c8588fb990c110d1249108ffee63923f0759d,male,hand,41.82666033016194,36,1,Fixed microbiome RF,Random sample split
1841.P15532,21,1841,1841:NAU154,female,hand,24.08104505437054,36,1,Fixed microbiome RF,Random sample split
1841.F05898,24,1841,1841:NAU109,male,head,24.088433015317325,36,1,Fixed microbiome RF,Random sample split
10317.000015285,61,10317,10317:6cafcd38bd5d8a7ae3e097e4e76d4ec0177aa5a4b23e460bcf27496334ea6f015f92f32d33219a9b3815853580c7fa17f6fff3d39827358ac992dd98bc09b99f,male,hand,46.25240543104731,36,1,Fixed microbiome RF,Random sample split
10317.000041069,31,10317,10317:71e5fd7acb649ca95a67898db0fec25f330aaadd054f9606a2bf895d9748f5f2dbb072b66b2f8cbb341c64bf56f1d46adf1543d0cd7406a94c113f4c63d7e45a,female,hand,40.825071620746854,36,1,Fixed microbiome RF,Random sample split
10317.000041062,33,10317,10317:cc7a72730c7716b41648ac90728f72eb759bd32caaa07b60e4db721abd907a2e38b19314c602ce3a7b19a7634037bd360e4d54c532513a267152129589e536de,male,hand,39.2525292825063,36,1,Fixed microbiome RF,Random sample split
1841.P15708,19,1841,1841:NAU107,female,hand,22.849975904536695,36,1,Fixed microbiome RF,Random sample split
1841.P15709,21,1841,1841:NAU161,male,hand,24.121110113844487,36,1,Fixed microbiome RF,Random sample split
2010.3050,31,2010,2010:41,female,head,37.50149202964605,36,1,Fixed microbiome RF,Random sample split
1841.F05155,19,1841,1841:NAU107,female,head,23.14714130487568,36,1,Fixed microbiome RF,Random sample split
1841.F05151,22,1841,1841:NAU137,female,head,22.722882090336135,36,1,Fixed microbiome RF,Random sample split
10317.000063315,25,10317,10317:42aad521c038df949fad8060826afdde769401bb8b33ad632fd3209cd6d04c4e5106446ce4aef7bc16b30a904ca2d9896b24cf2ebff3881ae31264873b61c661,male,hand,35.76679466293402,36,1,Fixed microbiome RF,Random sample split
1841.F06563,20,1841,1841:CUB027,female,head,25.2535326538847,36,1,Fixed microbiome RF,Random sample split
1841.F06566,20,1841,1841:CUB049,female,head,24.314691998425555,36,1,Fixed microbiome RF,Random sample split
1841.F06567,21,1841,1841:CUB032,female,head,24.398941180347414,36,1,Fixed microbiome RF,Random sample split
1841.P15515,20,1841,1841:NAU119,male,hand,23.406351540613894,36,1,Fixed microbiome RF,Random sample split
1841.P15512,24,1841,1841:NAU109,male,hand,23.170533263848018,36,1,Fixed microbiome RF,Random sample split
1841.F05521,19,1841,1841:NAU107,female,head,24.32939392205016,36,1,Fixed microbiome RF,Random sample split
1841.P16098,30,1841,1841:NAU155,female,hand,26.088115116361536,36,1,Fixed microbiome RF,Random sample split
1841.F06226,55,1841,1841:NAU149,male,head,32.03812716435845,36,1,Fixed microbiome RF,Random sample split
1841.F06224,37,1841,1841:NAU148,male,head,27.20435160325785,36,1,Fixed microbiome RF,Random sample split
1841.F06220,20,1841,1841:NAU123,male,head,23.91148856419997,36,1,Fixed microbiome RF,Random sample split
2010.2380,23,2010,2010:31,female,head,27.587257368786272,36,1,Fixed microbiome RF,Random sample split
10317.000031898,34,10317,10317:f7d599694238b74a09daca6c98fc12816a2f8fb52871032650e28d1b3817096404a96c1f0c84c57d6c558db1c22e281e2af87b6fe26c5b1727f23ea6fd789556,male,head,38.27992662038882,36,1,Fixed microbiome RF,Random sample split
10317.000005221,40,10317,10317:1d0709acc0c4aa263f168023a3a96ba1e15b95b6c4da81b87f5ddab0fd7d047df0459ece7e25369bc5583a334c204f19a8ed16ff150ddaef72703a971dafa3b9,male,hand,39.90936126476186,36,1,Fixed microbiome RF,Random sample split
10317.000005222,40,10317,10317:1d0709acc0c4aa263f168023a3a96ba1e15b95b6c4da81b87f5ddab0fd7d047df0459ece7e25369bc5583a334c204f19a8ed16ff150ddaef72703a971dafa3b9,male,head,41.20512533871965,36,1,Fixed microbiome RF,Random sample split
1841.F06507,22,1841,1841:CUB007,female,head,22.221585018743014,36,1,Fixed microbiome RF,Random sample split
10317.000063196,38,10317,10317:441ac85e1bd02fd74bfe5cd7d33fc7e79af9e5986e7d55e177b00f2dadef7b37442c83e626aa9eec53feaf0e250a42f14f03b147a269cd1c57142e99e994ff08,male,hand,50.05848194256277,36,1,Fixed microbiome RF,Random sample split
1841.F05548,22,1841,1841:NAU130,female,head,22.144128885551574,36,1,Fixed microbiome RF,Random sample split
1841.F05051,22,1841,1841:NCS255,female,head,22.24090568514088,36,1,Fixed microbiome RF,Random sample split
1841.F05056,21,1841,1841:NAU161,male,head,25.113921235014974,36,1,Fixed microbiome RF,Random sample split
10317.000015253,34,10317,10317:b74b978649567cb54fc875fffd91ae1e96fe51d67ba3b37beafd17700ef6cc8174703285ab46d656b674c96a535fb1c24429eee1b4c50b47eedb924ba7c66a50,male,hand,41.33746857989688,36,1,Fixed microbiome RF,Random sample split
1841.P15969,20,1841,1841:CUB051,male,hand,36.0812044000262,36,1,Fixed microbiome RF,Random sample split
10317.000049905,69,10317,10317:f468dfbfdc239f0e3bbe1de592c866535d2e70f74b05af2999cd5ac5b39818383c58a904146c605bc773f87fac2da08ddde7d4bedced3110d5c1d3b15657f73e,male,hand,45.39680803516203,36,1,Fixed microbiome RF,Random sample split
1841.F05268,37,1841,1841:NAU148,male,head,25.646687843406596,36,1,Fixed microbiome RF,Random sample split
1841.P16463,23,1841,1841:NCS243,male,hand,24.323441891441895,36,1,Fixed microbiome RF,Random sample split
10317.000003320,68,10317,10317:296d3619f89620d7a1813eded08db85d465fbadcd5c992b8a0df0a8fa6163430bd5551d6a56e69f72d9f2bd4931877236ea9dc795fe08d7859973e3711bf2616,female,head,41.58900265110505,36,1,Fixed microbiome RF,Random sample split
1841.F06526,23,1841,1841:CUB028,male,head,23.937130313407803,36,1,Fixed microbiome RF,Random sample split
1841.F06521,20,1841,1841:CUB049,female,head,22.845512764060558,36,1,Fixed microbiome RF,Random sample split
1841.P15086,22,1841,1841:CUB040,male,hand,27.689568426365305,36,1,Fixed microbiome RF,Random sample split
1841.P15080,20,1841,1841:CUB010,female,hand,22.812716562950946,36,1,Fixed microbiome RF,Random sample split
1841.P15550,22,1841,1841:NAU130,female,hand,22.370637151591094,36,1,Fixed microbiome RF,Random sample split
1841.F05076,22,1841,1841:NCS255,female,head,26.087754221290403,36,1,Fixed microbiome RF,Random sample split
1841.P15413,20,1841,1841:NCS210,female,hand,23.70176089535465,36,1,Fixed microbiome RF,Random sample split
1841.P15948,20,1841,1841:CUB008,male,hand,22.465552398989907,36,1,Fixed microbiome RF,Random sample split
1841.P15941,23,1841,1841:CUB028,male,hand,24.33683602855478,36,1,Fixed microbiome RF,Random sample split
1841.F05604,20,1841,1841:CUB036,female,head,24.155962009045645,36,1,Fixed microbiome RF,Random sample split
10317.000005260,28,10317,10317:9d5f397f06d407dcb0aa1ac134a406dcc9d133b7241030bf81c3cb01f3341e891530737a66d2693596ab16f97b05b66c20bc630d57221b89a0ecb2db01c1f747,male,hand,42.87650470440693,36,1,Fixed microbiome RF,Random sample split
1841.P16267,20,1841,1841:NAU121,female,hand,23.98007548007549,36,1,Fixed microbiome RF,Random sample split
10317.000066855,27,10317,10317:73bf3573928ab6f8e0dbef1783c99aa8c96f8a341909051dbaaf5e003778464fdf40cee56b971bea2c557859ebdc3351dddc89230df6458726716c8fe13e3583,female,hand,35.53909557469554,36,1,Fixed microbiome RF,Random sample split
1841.F06094,22,1841,1841:NCS255,female,head,25.202721632232503,36,1,Fixed microbiome RF,Random sample split
1841.F06092,20,1841,1841:NCS263,male,head,25.32588063545103,36,1,Fixed microbiome RF,Random sample split
1841.P15205,21,1841,1841:CUB003,female,hand,32.22080587288743,36,1,Fixed microbiome RF,Random sample split
1841.P15201,23,1841,1841:CUB028,male,hand,23.149441698007866,36,1,Fixed microbiome RF,Random sample split
1841.P15200,41,1841,1841:CUB050,female,hand,29.926555623196247,36,1,Fixed microbiome RF,Random sample split
1841.P15209,21,1841,1841:CUB033,female,hand,26.853862665112665,36,1,Fixed microbiome RF,Random sample split
10317.000033105,37,10317,10317:d0877d5558ae6f23aaebeb97d4f2a1816b79dbb8359440bb51b3f59ad2316a7771768fe5cddd4ede663af3eb0a7e38d2b521a40f417c3ea7bd1a63ed195e9e9c,male,head,40.1998421375344,36,1,Fixed microbiome RF,Random sample split
10317.000063483,25,10317,10317:a7eb0dd2ec940ca9c3d8c905ee11b3f312886d2373352bf10804121fdb76ae9277a91ce4ea0f346e0c8b67c66e30cabba094db785b990ac67b6fa4ea8b65aeda,female,hand,33.47658547514566,36,1,Fixed microbiome RF,Random sample split
2010.3011,31,2010,2010:41,female,head,35.29817177181583,36,1,Fixed microbiome RF,Random sample split
10317.000026508,76,10317,10317:a158faae1efddbd20bb064586e2ed359d9d89fe23e5776aaf6362e6a33b0760e24e9c69462baab420cef8bacb535b245b3687a18e94f0a8e346556bdb347fb67,male,head,42.32148935404857,36,1,Fixed microbiome RF,Random sample split
1841.F05012,27,1841,1841:NCS214,male,head,26.51260072033063,36,1,Fixed microbiome RF,Random sample split
10317.000015216,46,10317,10317:dd55969d0664a6b5a0188fc460aa56c9db31fb38d59b1bc6cab8778141628932862c52634d68f1f637d42f51131e7fa48bfb164ddc9f18e878a3cf6cc8bb0a20,female,hand,45.376916665978136,36,1,Fixed microbiome RF,Random sample split
1841.F05903,27,1841,1841:NCS214,male,head,28.324443972048215,36,1,Fixed microbiome RF,Random sample split
1841.P16160,32,1841,1841:NAU102,unknown,hand,23.59208273106251,36,1,Fixed microbiome RF,Random sample split
1841.P16311,32,1841,1841:NAU102,unknown,hand,24.258472466151684,36,1,Fixed microbiome RF,Random sample split
10317.000071442,22,10317,10317:3f7869fcd99617b9f2bf18fbf0bd9979e5887887afaedf57e4fde973b8756b3be0e2e24ed76f875086eaf6c006b354b48c001d1a162093cbffe2caa0db0ecffc,male,head,39.32553364943605,36,1,Fixed microbiome RF,Random sample split
10317.000028832,36,10317,10317:3c63e41945a68fe74a43d054231d84ae90b185102915cbf4e13a11155b618c9d46daa02e507790f8529e4ff507dcc94f8b67e321b3ad761e17dfadff23c89742,male,head,40.9091514064112,36,1,Fixed microbiome RF,Random sample split
1841.F06343,21,1841,1841:CUB032,female,head,25.5813717225327,36,1,Fixed microbiome RF,Random sample split
1841.P15269,21,1841,1841:CUB044,male,hand,30.322313144054597,36,1,Fixed microbiome RF,Random sample split
1841.P15596,19,1841,1841:NAU107,female,hand,22.978286808677442,36,1,Fixed microbiome RF,Random sample split
1841.P16092,26,1841,1841:NAU146,female,hand,26.636678119164333,36,1,Fixed microbiome RF,Random sample split
1841.F05030,19,1841,1841:NCS233,male,head,25.224891830956523,36,1,Fixed microbiome RF,Random sample split
1841.P16104,30,1841,1841:NAU108,female,hand,25.957280844155843,36,1,Fixed microbiome RF,Random sample split
1841.P16106,25,1841,1841:NAU157,male,hand,40.74376467304897,36,1,Fixed microbiome RF,Random sample split
2010.1308,27,2010,2010:7,female,head,37.90170029496731,36,1,Fixed microbiome RF,Random sample split
1841.P15310,22,1841,1841:NCS212,female,hand,23.71154301189609,36,1,Fixed microbiome RF,Random sample split
10317.000063236,31,10317,10317:9a6b1d64174bf2de76973d430737df42a6c1d222167a33cad37332ade7aaba03e2f1fd87dd65c5bda2ab171d6373490fa6395929f8ff33c6d5acdec0d7035388,male,head,37.452459799686814,36,1,Fixed microbiome RF,Random sample split
1841.P15909,21,1841,1841:CUB003,female,hand,24.14419132037554,36,1,Fixed microbiome RF,Random sample split
1841.P15288,20,1841,1841:CUB049,female,hand,25.79118103250915,36,1,Fixed microbiome RF,Random sample split
10317.000069022,23,10317,10317:5bdd4aaf66380106e9a8cb6501a1fb4b37d078e2284e7a3cc179877b6b0db9ae596a7d760657f364b5592c1578ae5b8068df09c4ebd6be82e32cfcd9e5fd6c55,male,hand,35.94431002371552,36,1,Fixed microbiome RF,Random sample split
1841.P15674,20,1841,1841:CUB008,male,hand,23.03989888872701,36,1,Fixed microbiome RF,Random sample split
10317.000048406,28,10317,10317:4287cb26d2ebcaddb5129d95ff2d4ae496c47b0162672df93082abfc9303671b6d9332bfe211f6530019940e6d40144094a4bc4c012716375b5e72166c04b6e2,female,hand,46.014377706247764,36,1,Fixed microbiome RF,Random sample split
1841.P16377,22,1841,1841:NAU133,male,hand,30.484406260978023,36,1,Fixed microbiome RF,Random sample split
1841.P16371,20,1841,1841:NAU121,female,hand,22.95248729416008,36,1,Fixed microbiome RF,Random sample split
1841.P16379,21,1841,1841:NAU153,female,hand,23.135510252113868,36,1,Fixed microbiome RF,Random sample split
1841.F06584,22,1841,1841:CUB040,male,head,25.04165937907475,36,1,Fixed microbiome RF,Random sample split
1841.P15060,22,1841,1841:CUB040,male,hand,27.026907051282052,36,1,Fixed microbiome RF,Random sample split
1841.F06326,29,1841,1841:CUB011,female,head,22.841075989982244,36,1,Fixed microbiome RF,Random sample split
2010.2516,26,2010,2010:33,female,head,38.57562683835965,36,1,Fixed microbiome RF,Random sample split
10317.000007123,60,10317,10317:2c2e468c2481938c25962a208bec11d9f0eeca11f8a06d48aa50be31a747dd0327f6137458e4dfda584fc42b4c5f35613440eef5b177a1d0569e16e7432648dd,male,hand,46.52830872373894,36,1,Fixed microbiome RF,Random sample split
10317.000015118,28,10317,10317:d031d7eaf91c489f64052f69777e1385468d8cbdc419eb3568de9547015ad04606d5d70ca9970521bd182907f9b00d2640e54727e0262ceaea9ccb7d9603385e,female,hand,43.84577974869305,36,1,Fixed microbiome RF,Random sample split
1841.F05414,32,1841,1841:NAU150,female,head,24.503760451112427,36,1,Fixed microbiome RF,Random sample split
1841.F05455,21,1841,1841:NAU153,female,head,23.372328869047614,36,1,Fixed microbiome RF,Random sample split
10317.000005234,55,10317,10317:45e54011490a1e8319d45ba35b5c9c687e4ec395fd00d5bd3b927f21b897135e002c9c488ced29f5644e9cc87c9d6d420ce68c9a95f88b151cd7a4c6182ead64,male,hand,39.34468942965254,36,1,Fixed microbiome RF,Random sample split
1841.P16523,23,1841,1841:CUB056,male,hand,25.55584665334667,36,1,Fixed microbiome RF,Random sample split
1841.F05496,19,1841,1841:NAU107,female,head,23.26399069176791,36,1,Fixed microbiome RF,Random sample split
10317.000040503,52,10317,10317:8fc2af33171964330de7e24811df360483b2193e73f509d9de0eca5c34aa9cc4a73311de7d0ba394fbed8d55f72394218e7b7026fd7da8c8ee1ebf0e637b2e85,female,head,45.42868049773158,36,1,Fixed microbiome RF,Random sample split
1841.P15003,23,1841,1841:CUB028,male,hand,22.962963035398698,36,1,Fixed microbiome RF,Random sample split
10317.000049844,35,10317,10317:88f4fbcf0ceb456e7f8e8447af039f0dc2670ad52972600d23a04b60152370409f6b57086023803ce52591376f998806f80e260d50d06764bbb66d26d1b5553e,female,head,43.058025315177645,36,1,Fixed microbiome RF,Random sample split
10317.000049840,69,10317,10317:c9253f884608fc319fe8569e8e2979bb54c91a0e0d3c4ff7a4b8f149c7372a1c77029903e0508684d15d336da510bcc78d1e9c1aecbf85c0b6bc664b85990a20,female,hand,51.89192576693231,36,1,Fixed microbiome RF,Random sample split
10317.000009042,46,10317,10317:df6f20fb4f08ca5e4d0752d216fd11416c51dcc4d2843a31934d166a9e80964e8a8ebaa924df11dde7c18ceb71cdaa8a5809afe436eae6c92ebcf896c5c92b64,female,hand,44.19129171173639,36,1,Fixed microbiome RF,Random sample split
10317.000007103,53,10317,10317:ebedffb9e4d507d8cbaa7af0405caf451aa201d9746c76619a2a69f6b1c164e191af34fbad4f50a53bbb30a92cba77bf673b82db2b687fa2258240612900791e,male,hand,49.95970161642025,36,1,Fixed microbiome RF,Random sample split
1841.F05433,32,1841,1841:NAU150,female,head,25.309978782290123,36,1,Fixed microbiome RF,Random sample split
1841.F05431,30,1841,1841:NAU155,female,head,24.614556779569103,36,1,Fixed microbiome RF,Random sample split
10317.000068770,34,10317,10317:64e4e987fbbcb4c2194cdd7c106261ec20cfbf2772d835c97eb6311237552ac6be0e79cdb6ed23e686e25afe5db5d7ca46016b14f6939798b7664d7af99914c7,male,hand,35.095067521460955,36,1,Fixed microbiome RF,Random sample split
2010.1751,23,2010,2010:15,female,head,36.19147837921653,36,1,Fixed microbiome RF,Random sample split
1841.P15021,20,1841,1841:CUB027,female,hand,22.35632959054834,36,1,Fixed microbiome RF,Random sample split
1841.P15024,22,1841,1841:CUB048,female,hand,31.43813191052995,36,1,Fixed microbiome RF,Random sample split
1841.F06360,22,1841,1841:CUB007,female,head,22.919856608509956,36,1,Fixed microbiome RF,Random sample split
1841.P15280,23,1841,1841:CUB056,male,hand,27.579239062119562,36,1,Fixed microbiome RF,Random sample split
10317.000049790,27,10317,10317:cb8ea224a3bb7ef53bf08da62860c079b5996441cbbb6ef11fbe09454172198e57a65569937d0e57c98a2327cfe4b04a55969cdda8eed8fc5f998c2468e4920a,male,head,41.117293827275454,36,1,Fixed microbiome RF,Random sample split
1841.F06465,23,1841,1841:CUB056,male,head,26.879472149184057,36,1,Fixed microbiome RF,Random sample split
1841.P15222,21,1841,1841:CUB000,female,hand,27.46660978188795,36,1,Fixed microbiome RF,Random sample split
10317.000015292,29,10317,10317:fac33038e7fdc9cea92cfafa3a1c3f21658eba746fdc582552dc90cf29de5130fdb07560083b3745b42ab1b35c0098ade96b984095fd4c6ab41f086f38fdf732,male,hand,38.3829163808268,36,1,Fixed microbiome RF,Random sample split
1841.F05987,18,1841,1841:NCS213,female,head,23.74826392604644,36,1,Fixed microbiome RF,Random sample split
1841.F05985,27,1841,1841:NCS214,male,head,29.848990114164472,36,1,Fixed microbiome RF,Random sample split
1841.F05410,22,1841,1841:NAU133,male,head,23.552000047054403,36,1,Fixed microbiome RF,Random sample split
1841.P16416,23,1841,1841:NCS244,female,hand,22.21838545135419,36,1,Fixed microbiome RF,Random sample split
1841.F05843,22,1841,1841:NAU130,female,head,23.770596365440106,36,1,Fixed microbiome RF,Random sample split
10317.000015464,69,10317,10317:f468dfbfdc239f0e3bbe1de592c866535d2e70f74b05af2999cd5ac5b39818383c58a904146c605bc773f87fac2da08ddde7d4bedced3110d5c1d3b15657f73e,male,hand,43.22204801194797,36,1,Fixed microbiome RF,Random sample split
10317.000013184,46,10317,10317:c1aeed7ec49ba28fab9705a2a7ef17c7dae7622554dfbffbae7e5be56e0b5ca0fba918409d646af5cd04454fb08cc22ab4f708b179204f985182cefea9e199bd,male,head,45.045432162034395,36,1,Fixed microbiome RF,Random sample split
10317.000030487,69,10317,10317:08b8c7c89d71fbf3c7c45e4e838c5e9f6a9275be245ff743f08495d4e80cd9e519926d3080aa03f7db3b66c131808ba6bc500ce102040e341c7b930462457631,female,head,46.43199432353849,36,1,Fixed microbiome RF,Random sample split
10317.000063422,36,10317,10317:702fbc8dfcb76217e73344a0a11dd54afca4b678302097929bc6cc1cadce5d5fc80da1e599a9d752eea1f081540d8b89772bcb670f71f2d38a11bdce484be812,female,hand,39.017875320055055,36,1,Fixed microbiome RF,Random sample split
10317.000049119,62,10317,10317:cf42e22cb0b5def3e5fb85e3eedb9fec63ec3614a7783d0ac195975b575a9863d801522f080d492d8032502dfbef61ba79d17264597f600354ba3cb662748955,male,hand,57.716631003651685,36,1,Fixed microbiome RF,Random sample split
1841.P16270,32,1841,1841:NAU150,female,hand,28.668779328282,36,1,Fixed microbiome RF,Random sample split
1841.F05471,20,1841,1841:NAU121,female,head,23.44506929549209,36,1,Fixed microbiome RF,Random sample split
1841.F05645,21,1841,1841:CUB038,female,head,23.967141196705338,36,1,Fixed microbiome RF,Random sample split
1841.P16183,22,1841,1841:NAU137,female,hand,22.913946981327495,36,1,Fixed microbiome RF,Random sample split
10317.000036125,42,10317,10317:a1cd5635deef381a3388b606e82458a3d030c613a5d1605e912e298677c648fec4c0630fde5c78738c54d9c48767cbe35d882d96bb7fe8a5bb995fbff088cd25,female,head,43.72956679537376,36,1,Fixed microbiome RF,Random sample split
1841.P16519,22,1841,1841:CUB007,female,hand,23.985658728377096,36,1,Fixed microbiome RF,Random sample split
10317.000028943,46,10317,10317:f418e55e3e56cef19b56c0429433fa84e94863f2dc63628da31cf79cf361518786dfccf3fb6ae6e69d5dda970371a55dfedfec2e4e44bf990c150a4b1010a10a,male,hand,45.06059681566957,36,1,Fixed microbiome RF,Random sample split
10317.000063447,30,10317,10317:012c33f74519c193ec10f17ef58846a7db07b462e5497db82c40fedc4ca3edac7e3c610143fdb11e0e0617da7dcd562ee2bf2be850227286ef06ab72c6361d25,male,hand,36.208313751860345,36,1,Fixed microbiome RF,Random sample split
1841.F06410,21,1841,1841:CUB012,female,head,28.398591847582026,36,1,Fixed microbiome RF,Random sample split
1841.F06413,20,1841,1841:CUB008,male,head,23.07578017468643,36,1,Fixed microbiome RF,Random sample split
1841.F06416,41,1841,1841:CUB050,female,head,30.82258481918409,36,1,Fixed microbiome RF,Random sample split
10317.000005650,65,10317,10317:5e5f5fc79a512a180eb0cd63fa75b7307715996b1aff58edbefb0ed0d6548904bf74f95a466efb9525a910f69150d98cfae7b1c55b9bf3e278b402a8439e8d4c,male,hand,49.09454734990009,36,1,Fixed microbiome RF,Random sample split
10317.000005652,65,10317,10317:5e5f5fc79a512a180eb0cd63fa75b7307715996b1aff58edbefb0ed0d6548904bf74f95a466efb9525a910f69150d98cfae7b1c55b9bf3e278b402a8439e8d4c,male,head,50.4281033728271,36,1,Fixed microbiome RF,Random sample split
10317.000049131,48,10317,10317:9f89ce9cb3dd20b1b698031ff7eb1f66511855e4c05edd9fc525916e365f4d81ff5e46e5432e82c4e4cc62f66a9167138f3bce9a784b0404333ee6c82e195bd6,male,hand,44.53264404729531,36,1,Fixed microbiome RF,Random sample split
1841.P15793,22,1841,1841:NAU137,female,hand,22.55375312187812,36,1,Fixed microbiome RF,Random sample split
1841.P15792,20,1841,1841:NAU119,male,hand,23.407968233257755,36,1,Fixed microbiome RF,Random sample split
10317.000020770,63,10317,10317:10c8546946a2e2010a75c89453b040665e96df1bb29926bbc6a4b848240f3496cf382414067385add4d4efb3f09315e48b6000a82bc428ab354207875c319ac4,female,head,42.66914047171999,36,1,Fixed microbiome RF,Random sample split
1841.P15798,21,1841,1841:NAU106,female,hand,25.312057498869045,36,1,Fixed microbiome RF,Random sample split
1841.P16537,20,1841,1841:CUB037,female,hand,22.914189889971137,36,1,Fixed microbiome RF,Random sample split
1841.P15420,22,1841,1841:NCS212,female,hand,24.21569981795166,36,1,Fixed microbiome RF,Random sample split
1841.P15429,24,1841,1841:NCS245,female,hand,25.680320273390624,36,1,Fixed microbiome RF,Random sample split
1841.F06062,20,1841,1841:NCS210,female,head,25.844769896721555,36,1,Fixed microbiome RF,Random sample split
1841.P15308,23,1841,1841:NCS243,male,hand,25.60478107784029,36,1,Fixed microbiome RF,Random sample split
1841.P15306,20,1841,1841:NCS210,female,hand,24.30220364092607,36,1,Fixed microbiome RF,Random sample split
1841.F06068,27,1841,1841:NCS253,female,head,31.25143898321965,36,1,Fixed microbiome RF,Random sample split
1841.P15551,22,1841,1841:NAU137,female,hand,23.53321988775113,36,1,Fixed microbiome RF,Random sample split
2010.1260,27,2010,2010:1,female,head,37.968939422240105,36,1,Fixed microbiome RF,Random sample split
1841.P16534,20,1841,1841:CUB037,female,hand,22.622851055194797,36,1,Fixed microbiome RF,Random sample split
1841.F05416,21,1841,1841:NAU154,female,head,24.196326360016606,36,1,Fixed microbiome RF,Random sample split
1841.F06474,22,1841,1841:CUB048,female,head,26.264049191795202,34,2,Fixed microbiome RF,Random sample split
1841.F06472,22,1841,1841:CUB007,female,head,22.536027945706252,34,2,Fixed microbiome RF,Random sample split
1841.F06471,21,1841,1841:CUB032,female,head,22.845883094427503,34,2,Fixed microbiome RF,Random sample split
10317.000049806,66,10317,10317:4863e557347469643abb13187a4c07e6d82a136b7e8ada704bcc1c6ea30fc2961e36855c2dfe883650d88cef48ae1161802be7c3b874b5f003569b1f51adc309,female,head,46.87086095110457,34,2,Fixed microbiome RF,Random sample split
1841.F06381,21,1841,1841:CUB012,female,head,25.45550438459567,34,2,Fixed microbiome RF,Random sample split
1841.F06382,23,1841,1841:CUB028,male,head,22.040241708601094,34,2,Fixed microbiome RF,Random sample split
1841.F06389,23,1841,1841:CUB053,female,head,26.12832836418197,34,2,Fixed microbiome RF,Random sample split
10317.000068792,39,10317,10317:0610dc25baabfb768bd6465f009077ba740694d1c37591ea165a6eed61b038ba1fd9167c4f0efbd5cd490953bcd66ea07e9d8b594234539c2e566f09dd0e4699,male,hand,37.87010567130814,34,2,Fixed microbiome RF,Random sample split
1841.P15440,22,1841,1841:NCS202,female,hand,24.547927870740377,34,2,Fixed microbiome RF,Random sample split
1841.F05120,20,1841,1841:NAU110,female,head,27.52013618904244,34,2,Fixed microbiome RF,Random sample split
1841.F05651,21,1841,1841:CUB029,male,head,23.249629129551014,34,2,Fixed microbiome RF,Random sample split
1841.P16237,22,1841,1841:NAU130,female,hand,22.899415060779727,34,2,Fixed microbiome RF,Random sample split
1841.F05825,20,1841,1841:NAU115,male,head,24.077661628098213,34,2,Fixed microbiome RF,Random sample split
1841.F05820,30,1841,1841:NAU108,female,head,40.430528397929905,34,2,Fixed microbiome RF,Random sample split
1841.F05821,55,1841,1841:NAU149,male,head,33.089559145585824,34,2,Fixed microbiome RF,Random sample split
1841.P16559,41,1841,1841:CUB050,female,hand,31.665790900582248,34,2,Fixed microbiome RF,Random sample split
1841.F06458,21,1841,1841:CUB026,male,head,24.482311105192945,34,2,Fixed microbiome RF,Random sample split
1841.F05105,22,1841,1841:NAU164,male,head,25.756564597602484,34,2,Fixed microbiome RF,Random sample split
1841.F05104,20,1841,1841:NAU123,male,head,24.267106562052007,34,2,Fixed microbiome RF,Random sample split
1841.P15125,19,1841,1841:NCS233,male,hand,26.857777936990487,34,2,Fixed microbiome RF,Random sample split
1841.P15122,27,1841,1841:NCS214,male,hand,29.34467436872767,34,2,Fixed microbiome RF,Random sample split
1841.P15121,18,1841,1841:NCS213,female,hand,23.873721499249307,34,2,Fixed microbiome RF,Random sample split
10317.000063344,29,10317,10317:e8fffa963380c63cba1d064de83b3a91000831ddbab3f8b56168ee1903063a0900f0a9b07f79b2f4a728ad7af62c82a718d51b95ccc1f12d6d1d3ce257c151f7,female,head,35.42207934331552,34,2,Fixed microbiome RF,Random sample split
1841.F05595,21,1841,1841:NAU113,female,head,23.373755185786443,34,2,Fixed microbiome RF,Random sample split
1841.F05593,21,1841,1841:NAU153,female,head,23.429952007164662,34,2,Fixed microbiome RF,Random sample split
10317.000014679,45,10317,10317:766b16ee6b65383664f73d4720f92c408604f3862a3ca0910ef13758df6833a4e132f7a6a180a0e66a7a0de4de722b7c7dcbbdfe09b051de250e1c70364291e9,female,head,41.054739356946726,34,2,Fixed microbiome RF,Random sample split
1841.P16544,20,1841,1841:CUB051,male,hand,29.627645292014495,34,2,Fixed microbiome RF,Random sample split
1841.P16543,21,1841,1841:CUB020,female,hand,31.404101277150204,34,2,Fixed microbiome RF,Random sample split
10317.000003207,56,10317,10317:8ce2fa4322344d737377931be840bf961f38b556f4fa437394b744900c1501895f7f56793071423d8af658d690902a9fb79c2d372eb011251cc952c8b26e075b,female,head,47.14456077252193,34,2,Fixed microbiome RF,Random sample split
1841.F06551,20,1841,1841:CUB049,female,head,21.726026717093298,34,2,Fixed microbiome RF,Random sample split
1841.F06552,21,1841,1841:CUB044,male,head,22.007629228866897,34,2,Fixed microbiome RF,Random sample split
1841.F06556,41,1841,1841:CUB050,female,head,31.251011887873226,34,2,Fixed microbiome RF,Random sample split
1841.F06558,29,1841,1841:CUB011,female,head,24.88119175384801,34,2,Fixed microbiome RF,Random sample split
1841.P15435,19,1841,1841:NCS241,female,hand,24.41005962319318,34,2,Fixed microbiome RF,Random sample split
1841.F05571,30,1841,1841:NAU155,female,head,24.33696896571896,34,2,Fixed microbiome RF,Random sample split
1841.F05574,23,1841,1841:NAU100,male,head,24.681825424992375,34,2,Fixed microbiome RF,Random sample split
10317.000041070,31,10317,10317:71e5fd7acb649ca95a67898db0fec25f330aaadd054f9606a2bf895d9748f5f2dbb072b66b2f8cbb341c64bf56f1d46adf1543d0cd7406a94c113f4c63d7e45a,female,hand,37.61364092689573,34,2,Fixed microbiome RF,Random sample split
1841.F06497,21,1841,1841:CUB000,female,head,22.269072719971515,34,2,Fixed microbiome RF,Random sample split
1841.F05145,20,1841,1841:NAU115,male,head,23.710534307740204,34,2,Fixed microbiome RF,Random sample split
1841.P16380,30,1841,1841:NAU108,female,hand,27.790914064201115,34,2,Fixed microbiome RF,Random sample split
1841.P15325,20,1841,1841:NCS210,female,hand,24.35921371551511,34,2,Fixed microbiome RF,Random sample split
10317.000015976,66,10317,10317:414c5f35ed69875718a4e654e86d9ae09236801e1b9600a2d4851f548bd46eec37144f9d5a5816365a76c4dcc4550e15afddf35bb18d7f072fece2fae39cd58b,male,head,47.37135329225926,34,2,Fixed microbiome RF,Random sample split
2010.3272,31,2010,2010:43,female,head,37.512364438186665,34,2,Fixed microbiome RF,Random sample split
1841.P15525,19,1841,1841:NAU107,female,hand,25.01135896358759,34,2,Fixed microbiome RF,Random sample split
10317.000014492,38,10317,10317:8167c948b0e4857e3fbff706939d373dfab22f6bc351971e2c12e88b854e32580973e05481786c5d02d11e4a9e8f81f300e8ce5b8120172a96b4e37d555a8c90,male,head,43.814885441269624,34,2,Fixed microbiome RF,Random sample split
1841.F05889,33,1841,1841:NAU144,male,head,27.075662951733715,34,2,Fixed microbiome RF,Random sample split
1841.F06461,20,1841,1841:CUB037,female,head,22.42279576045201,34,2,Fixed microbiome RF,Random sample split
10317.000012153,39,10317,10317:11a164f633168118e0565026872fa35afedfe2bae4497973a70320675455a4b33dc3ad7a7c30d5087e7928b80c4f712a6b4192465f4342ce940fa7e45758084d,female,hand,39.32066872256357,34,2,Fixed microbiome RF,Random sample split
10317.000068781,27,10317,10317:81381621a969782bdf9c1f120f5b0aff5f61963b498785f38baad9308e26b0be6260f7823e90d20fd377699c2619a523364a2456157fdbfffc70dd29d0b09941,male,hand,36.23825273874819,34,2,Fixed microbiome RF,Random sample split
1841.F06216,20,1841,1841:NAU121,female,head,23.175285437904638,34,2,Fixed microbiome RF,Random sample split
1841.P16579,21,1841,1841:CUB044,male,hand,24.31150401103526,34,2,Fixed microbiome RF,Random sample split
1841.F05648,21,1841,1841:CUB012,female,head,26.95824330301744,34,2,Fixed microbiome RF,Random sample split
10317.000063327,36,10317,10317:5cac11f98d016720bf90c511d008405a6bd9d9a9f5d68939414a0cad29cedd0b2aba4673b7615fc76fb17b76523634ebb166e93c77804249ebc70ba37d6de287,female,hand,36.09361105373324,34,2,Fixed microbiome RF,Random sample split
1841.F06514,36,1841,1841:CUB042,male,head,30.841948635854884,34,2,Fixed microbiome RF,Random sample split
1841.P15504,20,1841,1841:CUB010,female,hand,24.16512535385674,34,2,Fixed microbiome RF,Random sample split
1841.F05536,28,1841,1841:NAU103,female,head,25.482884333749748,34,2,Fixed microbiome RF,Random sample split
2010.1288,34,2010,2010:5,female,head,38.69098025162244,34,2,Fixed microbiome RF,Random sample split
1841.F06181,29,1841,1841:CUB011,female,head,26.76466014020702,34,2,Fixed microbiome RF,Random sample split
1841.P16000,21,1841,1841:CUB029,male,hand,22.520771084001776,34,2,Fixed microbiome RF,Random sample split
1841.F05276,24,1841,1841:NAU109,male,head,26.00135212703962,34,2,Fixed microbiome RF,Random sample split
10317.000009093,35,10317,10317:360142d429f5a04200879be165fb723bf12539081381440cf759835fb3170ff29aaa9a46fc10cd08978857e2a1b86e035e65a80f5deb8234c611dcce54708792,male,head,41.057972747852475,34,2,Fixed microbiome RF,Random sample split
1841.P16477,20,1841,1841:NCS263,male,hand,24.365770404024072,34,2,Fixed microbiome RF,Random sample split
1841.F06247,21,1841,1841:NAU124,female,head,26.517254169441667,34,2,Fixed microbiome RF,Random sample split
1841.F06537,41,1841,1841:CUB050,female,head,29.400012253748663,34,2,Fixed microbiome RF,Random sample split
1841.P15562,21,1841,1841:NAU161,male,hand,22.47932619259825,34,2,Fixed microbiome RF,Random sample split
1841.P15561,21,1841,1841:NAU106,female,hand,26.23076838889537,34,2,Fixed microbiome RF,Random sample split
10317.000008200,46,10317,10317:48d391496558e01a0104b2b5a59686340e1e6a0399c13717e18c37dc683db8cf9db7b16ae3e331f1f78373cf02cfc7c9565ca3f6b2d6eae259d9401e7d93b863,female,head,41.32268586112194,34,2,Fixed microbiome RF,Random sample split
1841.P15967,20,1841,1841:CUB005,female,hand,28.48283055256632,34,2,Fixed microbiome RF,Random sample split
10317.000063284,29,10317,10317:c78075767b35e039a0b606f8a727e3fc3e2823715abe6a1c7c9956e664a6ff667e1ed5a2426907b56b3a7776221005afb7b5f38d5a651d25074abdbea76cec2f,male,head,36.876893115886915,34,2,Fixed microbiome RF,Random sample split
1841.P15956,21,1841,1841:CUB033,female,hand,22.40077320431761,34,2,Fixed microbiome RF,Random sample split
1841.P15954,20,1841,1841:CUB008,male,hand,24.143939523640626,34,2,Fixed microbiome RF,Random sample split
1841.P15951,22,1841,1841:CUB048,female,hand,26.7841113209707,34,2,Fixed microbiome RF,Random sample split
1841.F06259,20,1841,1841:NAU121,female,head,24.515705492424235,34,2,Fixed microbiome RF,Random sample split
1841.F06254,20,1841,1841:NAU123,male,head,23.143610177472663,34,2,Fixed microbiome RF,Random sample split
1841.F05258,33,1841,1841:NAU144,male,head,25.655724015567767,34,2,Fixed microbiome RF,Random sample split
1841.P16321,25,1841,1841:NAU157,male,hand,24.54307501189094,34,2,Fixed microbiome RF,Random sample split
1841.P16326,24,1841,1841:NAU109,male,hand,24.246463907195817,34,2,Fixed microbiome RF,Random sample split
1841.F05043,22,1841,1841:NCS212,female,head,22.41775679181929,34,2,Fixed microbiome RF,Random sample split
1841.F06088,22,1841,1841:NCS255,female,head,23.150458777333775,34,2,Fixed microbiome RF,Random sample split
1841.F06299,22,1841,1841:NAU133,male,head,24.352738539732538,34,2,Fixed microbiome RF,Random sample split
1841.P15091,21,1841,1841:CUB000,female,hand,24.085308263973353,34,2,Fixed microbiome RF,Random sample split
1841.P15546,22,1841,1841:NAU164,male,hand,26.81316639957265,34,2,Fixed microbiome RF,Random sample split
1841.P15238,20,1841,1841:CUB005,female,hand,26.115425271437495,34,2,Fixed microbiome RF,Random sample split
1841.P16539,22,1841,1841:CUB004,female,hand,33.64257104898348,34,2,Fixed microbiome RF,Random sample split
10317.000029487,62,10317,10317:1c1b943df02cc46512abc94ff23e6a911e98427d63e06b7083bbfc52367f051a310a8bc2a0c971a6302a5550414d984988f69258ecf789af12a5f5e19514d5cf,male,head,43.50684112526155,34,2,Fixed microbiome RF,Random sample split
10317.000015221,53,10317,10317:ee6b0199d11ab9c50774b9e56abce9e5b0601741d7922866f57f5c638ca8cf822c2cfa394a8707365a589b0a6368c20df23f66a6c845f66e662b0742e5937eb4,male,head,48.60860182410258,34,2,Fixed microbiome RF,Random sample split
1841.P16158,22,1841,1841:NAU133,male,hand,29.454053421668924,34,2,Fixed microbiome RF,Random sample split
1841.F06274,32,1841,1841:NAU150,female,head,25.81766079823218,34,2,Fixed microbiome RF,Random sample split
1841.F06276,32,1841,1841:NAU150,female,head,25.585871581853105,34,2,Fixed microbiome RF,Random sample split
1841.F06271,37,1841,1841:NAU148,male,head,24.95547648532024,34,2,Fixed microbiome RF,Random sample split
10317.000015308,36,10317,10317:feea3e83f7040193068cefe3fbcc20f2ea1091f85bfe70ce251294e52b9fe96590bdfd79bae84e89f8a0e8adb68da76d13e4c631cd02e8440870e7ffa4c40c5d,female,head,39.59421117906151,34,2,Fixed microbiome RF,Random sample split
1841.P15018,36,1841,1841:CUB042,male,hand,33.80061107432406,34,2,Fixed microbiome RF,Random sample split
10317.000066861,29,10317,10317:03c0867966fe2299eb3b09291d5f0834310bdf5fceed9c9b7b397570bf8f2d2adaeb945c824ff0cb407abaf691b8173cfa03c4f8eb17e6dd9f6eda17502e66e4,male,head,34.17721584085363,34,2,Fixed microbiome RF,Random sample split
1841.F05101,28,1841,1841:NAU103,female,head,27.021004391715746,34,2,Fixed microbiome RF,Random sample split
1841.P15218,20,1841,1841:CUB005,female,hand,23.319832979520477,34,2,Fixed microbiome RF,Random sample split
1841.P15213,20,1841,1841:CUB027,female,hand,23.106821381114862,34,2,Fixed microbiome RF,Random sample split
1841.F05006,22,1841,1841:NCS212,female,head,24.901800938343065,34,2,Fixed microbiome RF,Random sample split
1841.P16170,22,1841,1841:NAU137,female,hand,23.18975032305585,34,2,Fixed microbiome RF,Random sample split
1841.P16177,28,1841,1841:NAU103,female,hand,29.78782063336147,34,2,Fixed microbiome RF,Random sample split
10317.000007766,37,10317,10317:33f6eb641f0e5c66654a93864fec0950724028557f530a644e104dc1d7f29bec16c25352f4cffae510cf433760537423b71c5a032a7e279e0c197c4df1d601a4,male,head,42.56562141242425,34,2,Fixed microbiome RF,Random sample split
1841.F06293,22,1841,1841:NAU133,male,head,24.509220301757065,34,2,Fixed microbiome RF,Random sample split
1841.F06296,37,1841,1841:NAU148,male,head,28.534179504437343,34,2,Fixed microbiome RF,Random sample split
1841.P15913,22,1841,1841:CUB016,female,hand,24.49650004357242,34,2,Fixed microbiome RF,Random sample split
1841.P15914,29,1841,1841:CUB011,female,hand,23.898741528780143,34,2,Fixed microbiome RF,Random sample split
1841.F05211,28,1841,1841:NAU103,female,head,26.846231810952208,34,2,Fixed microbiome RF,Random sample split
1841.P16583,20,1841,1841:CUB036,female,hand,24.343243513004943,34,2,Fixed microbiome RF,Random sample split
10317.000002877,39,10317,10317:f73c970ebbe4576dac4346e12bd70d852fd2fad299e544aaabe76119ae6772ae189eebd9acc9c024c6a0bf917496f24b6520712b5200889e9afdeb9ed347f9e9,female,head,44.99308509644017,34,2,Fixed microbiome RF,Random sample split
10317.000051534,32,10317,10317:e6e5e53d1a49b2c6511917e62c6123eb734a4571e659825bd125323520a41405bcfee1e3c00e87a30d6cc80dd238a6b93e170970d11ec86eafa0326cdd2dcc04,male,head,46.747811908927,34,2,Fixed microbiome RF,Random sample split
10317.000051536,37,10317,10317:ff0768b01a1b6fd95f392b3c03b42f32fff2e917781b9ebb95b1bc13edfb801fc07ff383bd863ecb6e436ef6280bcfe138564e3de25075730af8842b4f95ecab,female,head,45.29551719633732,34,2,Fixed microbiome RF,Random sample split
1841.F06337,23,1841,1841:CUB028,male,head,23.004821636944804,34,2,Fixed microbiome RF,Random sample split
1841.F06339,20,1841,1841:CUB010,female,head,22.428839867186902,34,2,Fixed microbiome RF,Random sample split
1841.F06338,21,1841,1841:CUB003,female,head,25.842874371339455,34,2,Fixed microbiome RF,Random sample split
1841.P15275,21,1841,1841:CUB038,female,hand,26.446987727346187,34,2,Fixed microbiome RF,Random sample split
1841.P15278,22,1841,1841:CUB016,female,hand,24.332932581216294,34,2,Fixed microbiome RF,Random sample split
1841.P15559,21,1841,1841:NAU154,female,hand,22.91985533282408,34,2,Fixed microbiome RF,Random sample split
1841.F06109,41,1841,1841:CUB050,female,head,29.533401776940384,34,2,Fixed microbiome RF,Random sample split
1841.P16342,21,1841,1841:NAU106,female,hand,22.635147511320987,34,2,Fixed microbiome RF,Random sample split
10317.000005458,47,10317,10317:9f89ce9cb3dd20b1b698031ff7eb1f66511855e4c05edd9fc525916e365f4d81ff5e46e5432e82c4e4cc62f66a9167138f3bce9a784b0404333ee6c82e195bd6,male,head,41.62210541214133,34,2,Fixed microbiome RF,Random sample split
1841.F06230,55,1841,1841:NAU149,male,head,34.45689651993395,34,2,Fixed microbiome RF,Random sample split
1841.F05256,21,1841,1841:NAU161,male,head,24.18236224370849,34,2,Fixed microbiome RF,Random sample split
1841.P15073,36,1841,1841:CUB042,male,hand,31.186726866883134,34,2,Fixed microbiome RF,Random sample split
1841.F06311,21,1841,1841:CUB026,male,head,22.83801445082695,34,2,Fixed microbiome RF,Random sample split
1841.P16450,22,1841,1841:NCS255,female,hand,23.80408763111888,34,2,Fixed microbiome RF,Random sample split
1841.P16288,37,1841,1841:NAU148,male,hand,27.194123029748027,34,2,Fixed microbiome RF,Random sample split
1841.P16286,55,1841,1841:NAU149,male,hand,32.438050771333714,34,2,Fixed microbiome RF,Random sample split
1841.P16287,32,1841,1841:NAU150,female,hand,27.21350070670214,34,2,Fixed microbiome RF,Random sample split
10317.000046210,26,10317,10317:2cadcc9c9bb4b3018c35f7012a5f45417f5e7d3c5a8205a3e266e3994e6d3a312146e795ee10a538d9dcde6a356e15798fdfc96aea7f23df2c8c505d8bb465a4,female,head,38.98965354984964,34,2,Fixed microbiome RF,Random sample split
10317.000005421,54,10317,10317:d63484fec8c78056306a841bf283219a2f4dd6eb40568afb6e401ef1dd5a23f563b4e42b92eda0d4b87cc502d1158abf83fac1a38b7a4166f4374fd6ec75beaa,female,hand,42.02203841355226,34,2,Fixed microbiome RF,Random sample split
1841.P16324,21,1841,1841:NAU151,male,hand,26.003542442115634,34,2,Fixed microbiome RF,Random sample split
1841.F06123,41,1841,1841:CUB050,female,head,33.01949566579255,34,2,Fixed microbiome RF,Random sample split
10317.000049831,61,10317,10317:d37889cdecdba46fdb19bb31c950ed36c9b3a1da31fbac08e9ee2ff35bc8af2ce5a4b24631b63e876500eb54df716ba82caddd429a437e61d996dab1bd51de32,female,head,45.40530530847519,34,2,Fixed microbiome RF,Random sample split
10317.000069015,24,10317,10317:5bdd4aaf66380106e9a8cb6501a1fb4b37d078e2284e7a3cc179877b6b0db9ae596a7d760657f364b5592c1578ae5b8068df09c4ebd6be82e32cfcd9e5fd6c55,male,head,37.61820865299474,34,2,Fixed microbiome RF,Random sample split
1841.F05425,55,1841,1841:NAU149,male,head,32.34521331327663,34,2,Fixed microbiome RF,Random sample split
1841.P15370,23,1841,1841:NCS243,male,hand,27.296161210757777,34,2,Fixed microbiome RF,Random sample split
1841.P15354,23,1841,1841:NCS243,male,hand,24.967491929026856,34,2,Fixed microbiome RF,Random sample split
1841.P15608,22,1841,1841:CUB048,female,hand,32.333685526441705,34,2,Fixed microbiome RF,Random sample split
10317.000069063,29,10317,10317:03c0867966fe2299eb3b09291d5f0834310bdf5fceed9c9b7b397570bf8f2d2adaeb945c824ff0cb407abaf691b8173cfa03c4f8eb17e6dd9f6eda17502e66e4,male,head,32.63277552705334,34,2,Fixed microbiome RF,Random sample split
1841.P15940,20,1841,1841:CUB036,female,hand,23.399463921495173,34,2,Fixed microbiome RF,Random sample split
10317.000048956,40,10317,10317:1044942a7b8a90539218b4698c4b9c3fcdfa273fbbaae3fd79cc45fa05997f6e566261c304f4eb18014b4d7f09e95259f47b9afe6b589a6d2fabfacc7e2a09b7,male,hand,36.96098757477529,34,2,Fixed microbiome RF,Random sample split
2010.2800,23,2010,2010:39,female,head,29.125016320759908,34,2,Fixed microbiome RF,Random sample split
1841.F05857,21,1841,1841:NAU106,female,head,28.12077877392216,34,2,Fixed microbiome RF,Random sample split
1841.P16078,25,1841,1841:NAU157,male,hand,28.336365541842287,34,2,Fixed microbiome RF,Random sample split
1841.F05635,21,1841,1841:CUB012,female,head,24.651794403513154,34,2,Fixed microbiome RF,Random sample split
10317.000003025,44,10317,10317:99e188b8ec5527a3ad82cb7cca4318dabe62c69e2ab959f3d9bd68b4ac2521f3f32364757e49c2f7ee2f82a39fb74f6008ab75e1b82c5f6b2bf1ba4869f0b4ff,male,head,41.6816325603777,34,2,Fixed microbiome RF,Random sample split
1841.P15038,21,1841,1841:CUB033,female,hand,24.890558606609982,34,2,Fixed microbiome RF,Random sample split
1841.P15036,21,1841,1841:CUB026,male,hand,23.595850468975478,34,2,Fixed microbiome RF,Random sample split
1841.P15032,20,1841,1841:CUB008,male,hand,24.125070909992782,34,2,Fixed microbiome RF,Random sample split
1841.F06420,22,1841,1841:CUB016,female,head,25.727574026593764,34,2,Fixed microbiome RF,Random sample split
1841.F06426,22,1841,1841:CUB007,female,head,23.261618058208132,34,2,Fixed microbiome RF,Random sample split
10317.000005359,67,10317,10317:673c8ce01f6c4b5120fb00380499db5eeb6a2fb55f33a66a36d79a28f321105b432b54532ecd02900640e027e6baa65fe94b194fa11f3a0eaf97f6abf95c9417,unknown,head,47.34379572395038,34,2,Fixed microbiome RF,Random sample split
10317.000002088,52,10317,10317:d12b3488162547d96d3669a939c33c47bb7e94f9db76d64dbd76d7bcd6ccf5dc1c2202772cb5712605a51d28e9a8109105db0a01b5d13f55512047b95056356b,male,head,42.34872551877705,34,2,Fixed microbiome RF,Random sample split
1841.F05456,55,1841,1841:NAU149,male,head,34.357846379408194,34,2,Fixed microbiome RF,Random sample split
1841.P16246,20,1841,1841:NAU123,male,hand,27.697275961784158,34,2,Fixed microbiome RF,Random sample split
1841.P16244,37,1841,1841:NAU148,male,hand,26.83722337588042,34,2,Fixed microbiome RF,Random sample split
10317.000022189,57,10317,10317:83129c2b229f0d9fb6e870c62c2b01797d6f2d1e18875a4474c1d621fd4239f0509c12f293d0febfee93496a315d1b8ed8f7d66b9046ea392b2913819b93632c,female,head,41.56677710574618,34,2,Fixed microbiome RF,Random sample split
10317.000041369,42,10317,10317:c9f8653bd4ebdf70f189788ed1bc962f7b89716eac15b10fba77e815cba9483cbb0ce452ea8acd0cd27b17a9a599ec7023e375a67fa1551bb8a70af168495dd3,male,head,41.82453532766437,34,2,Fixed microbiome RF,Random sample split
10317.000048388,21,10317,10317:30d7ca7c505d10cb4c76c0443a75de8f2f826d67386377db4fa33b8983b7e1be84ec36794891a1993f919a1c5c528a78e39e90c8c94320bc3b555e3aa3643685,female,head,43.205030316914204,34,2,Fixed microbiome RF,Random sample split
1841.P15801,20,1841,1841:NAU121,female,hand,23.13988477861588,34,2,Fixed microbiome RF,Random sample split
1841.F05874,24,1841,1841:NAU109,male,head,24.136056812379813,34,2,Fixed microbiome RF,Random sample split
10317.000010743,57,10317,10317:e3d63efad86b6ba5702575dbdf508760336727d94a56fa3563ac83a3936884e3760920dec88797bbb8362b8e7199a290f7746e80e9991d22fa187e1e4b2b0f25,male,head,44.22158986310196,34,2,Fixed microbiome RF,Random sample split
1841.F06407,21,1841,1841:CUB003,female,head,27.54559740058657,34,2,Fixed microbiome RF,Random sample split
1841.F06404,21,1841,1841:CUB032,female,head,23.315570706090412,34,2,Fixed microbiome RF,Random sample split
1841.F05609,20,1841,1841:CUB049,female,head,23.746463723740742,34,2,Fixed microbiome RF,Random sample split
1841.P16262,20,1841,1841:NAU121,female,hand,26.004184835144617,34,2,Fixed microbiome RF,Random sample split
1841.P16266,30,1841,1841:NAU155,female,hand,25.497025801244554,34,2,Fixed microbiome RF,Random sample split
1841.F05463,21,1841,1841:NAU124,female,head,23.415743491705655,34,2,Fixed microbiome RF,Random sample split
10317.000005419,54,10317,10317:d63484fec8c78056306a841bf283219a2f4dd6eb40568afb6e401ef1dd5a23f563b4e42b92eda0d4b87cc502d1158abf83fac1a38b7a4166f4374fd6ec75beaa,female,hand,42.89509638612004,34,2,Fixed microbiome RF,Random sample split
10317.000040124,46,10317,10317:103ec97d34a8daf110102310e23be292392f51db75531458f8f135039cb11fbaeed1ebd8c2cbfd97772d62c72352ab5c467dccf59885d5c82f03531039a41827,female,hand,39.5886087173116,34,2,Fixed microbiome RF,Random sample split
1841.P15172,19,1841,1841:NCS233,male,hand,23.639752826319924,34,2,Fixed microbiome RF,Random sample split
10317.000015120,28,10317,10317:d031d7eaf91c489f64052f69777e1385468d8cbdc419eb3568de9547015ad04606d5d70ca9970521bd182907f9b00d2640e54727e0262ceaea9ccb7d9603385e,female,hand,42.53587511587019,34,2,Fixed microbiome RF,Random sample split
1841.F05816,21,1841,1841:NAU154,female,head,24.405365147005785,34,2,Fixed microbiome RF,Random sample split
1841.F05813,20,1841,1841:NAU110,female,head,25.705097420695257,34,2,Fixed microbiome RF,Random sample split
1841.P16522,20,1841,1841:CUB005,female,hand,22.867300043706287,34,2,Fixed microbiome RF,Random sample split
10317.000007110,60,10317,10317:2c2e468c2481938c25962a208bec11d9f0eeca11f8a06d48aa50be31a747dd0327f6137458e4dfda584fc42b4c5f35613440eef5b177a1d0569e16e7432648dd,male,head,45.98164181313752,34,2,Fixed microbiome RF,Random sample split
1841.F06356,20,1841,1841:CUB008,male,head,22.167243644354635,34,2,Fixed microbiome RF,Random sample split
1841.P15614,21,1841,1841:CUB044,male,hand,27.62949250080038,34,2,Fixed microbiome RF,Random sample split
1841.P15347,27,1841,1841:NCS253,female,hand,27.696492379148633,34,2,Fixed microbiome RF,Random sample split
1841.P15782,22,1841,1841:NAU133,male,hand,24.74159661241803,34,2,Fixed microbiome RF,Random sample split
1841.P15789,21,1841,1841:NAU161,male,hand,25.266665994646694,34,2,Fixed microbiome RF,Random sample split
1841.F05664,22,1841,1841:CUB040,male,head,23.774723809687057,34,2,Fixed microbiome RF,Random sample split
1841.F05481,22,1841,1841:NAU130,female,head,23.46745312557813,34,2,Fixed microbiome RF,Random sample split
1841.F05484,21,1841,1841:NAU106,female,head,22.882552969691123,34,2,Fixed microbiome RF,Random sample split
10317.000015352,35,10317,10317:3e61f3e0bf34ee92653b3e1a4bce3fbbf22e7a5be5fc03a5c5d44f0d311d4f9ec4e1c0d98964bdbdf2f1d537fbd16c0b62503f50d8923e608eb8aacd64cb9fa3,male,head,42.467776416955594,34,2,Fixed microbiome RF,Random sample split
10317.000015351,35,10317,10317:3e61f3e0bf34ee92653b3e1a4bce3fbbf22e7a5be5fc03a5c5d44f0d311d4f9ec4e1c0d98964bdbdf2f1d537fbd16c0b62503f50d8923e608eb8aacd64cb9fa3,male,hand,39.09590835186927,34,2,Fixed microbiome RF,Random sample split
1841.P15158,19,1841,1841:NCS233,male,hand,24.513227412961754,34,2,Fixed microbiome RF,Random sample split
2010.3117,31,2010,2010:41,female,head,33.35080238928531,34,2,Fixed microbiome RF,Random sample split
1841.F05833,30,1841,1841:NAU108,female,head,25.521977926587315,34,2,Fixed microbiome RF,Random sample split
1841.F05834,30,1841,1841:NAU108,female,head,28.458100728176202,34,2,Fixed microbiome RF,Random sample split
1841.F05629,21,1841,1841:CUB033,female,head,24.13823100796263,34,2,Fixed microbiome RF,Random sample split
1841.P16013,26,1841,1841:NAU146,female,hand,29.953292128282943,34,2,Fixed microbiome RF,Random sample split
1841.F06445,21,1841,1841:CUB044,male,head,23.834435893967147,34,2,Fixed microbiome RF,Random sample split
10317.000068787,39,10317,10317:0610dc25baabfb768bd6465f009077ba740694d1c37591ea165a6eed61b038ba1fd9167c4f0efbd5cd490953bcd66ea07e9d8b594234539c2e566f09dd0e4699,male,head,37.708376332759805,34,2,Fixed microbiome RF,Random sample split
10317.000027340,55,10317,10317:41b53357cf00f0544b996f91bab7388aca97716b29b77d7791386ae687cbc26a2ab336f6353bae77995bc81fe3b1eb0b8fedcde9199244073099ff039c21ac0d,male,head,41.32281075606532,34,2,Fixed microbiome RF,Random sample split
1841.P16228,32,1841,1841:NAU150,female,hand,25.353341525372763,34,2,Fixed microbiome RF,Random sample split
1841.P16247,30,1841,1841:NAU155,female,hand,26.582864034836696,34,2,Fixed microbiome RF,Random sample split
10317.000015301,33,10317,10317:d440c033fc5b44bb83e8b5a7794daa4c8e7b24424bcd393f8e6a21ecc3792e9ddfa02679b7eb856a026af5426b34eb4083a5d61d8a1e5ffe59abee1fc9264b37,male,hand,37.02724618075378,34,2,Fixed microbiome RF,Random sample split
1841.P15109,27,1841,1841:NCS214,male,hand,33.66317702173491,34,2,Fixed microbiome RF,Random sample split
1841.F05845,22,1841,1841:NAU133,male,head,23.52370659722223,34,2,Fixed microbiome RF,Random sample split
1841.F06059,27,1841,1841:NCS253,female,head,25.893806274115384,34,2,Fixed microbiome RF,Random sample split
1841.F06055,27,1841,1841:NCS253,female,head,31.229753480116308,34,2,Fixed microbiome RF,Random sample split
1841.F06550,22,1841,1841:CUB040,male,head,27.65421251484593,34,2,Fixed microbiome RF,Random sample split
1841.F06004,20,1841,1841:NCS210,female,head,23.639069231787595,34,2,Fixed microbiome RF,Random sample split
1841.F05365,18,1841,1841:NCS213,female,head,24.309348484848492,34,2,Fixed microbiome RF,Random sample split
1841.F05361,24,1841,1841:NCS245,female,head,24.733907339766724,34,2,Fixed microbiome RF,Random sample split
1841.F06488,21,1841,1841:CUB038,female,head,26.352388924800685,34,2,Fixed microbiome RF,Random sample split
1841.F06483,21,1841,1841:CUB000,female,head,23.210294590009667,34,2,Fixed microbiome RF,Random sample split
1841.P16562,22,1841,1841:CUB048,female,hand,27.525533670003245,34,2,Fixed microbiome RF,Random sample split
1841.P16567,20,1841,1841:CUB049,female,hand,22.853611805720938,34,2,Fixed microbiome RF,Random sample split
10317.000031910,54,10317,10317:0c3091f23d30ee5b470301f691493df51f63050506428f17d14304a92cb2773c926aa8302e810812195b2fb3442ae4405b25774e783a0dea0554adffa5e317c5,female,head,42.89133956346471,34,2,Fixed microbiome RF,Random sample split
2010.3092,31,2010,2010:41,female,head,34.68921045508053,34,2,Fixed microbiome RF,Random sample split
10317.000026072,42,10317,10317:d8c91d966b0e79c63575c2bf1ca811089c2e6f59c115850da307c43a39d0d4f9e3fea903d8a626f02f4f4d5d7f4da9fc7117333b148c82d8342d4ba550b09c59,female,head,41.83738691740327,34,2,Fixed microbiome RF,Random sample split
2010.2902,24,2010,2010:37,female,head,28.363033802054,34,2,Fixed microbiome RF,Random sample split
1841.F06039,23,1841,1841:NCS203,female,head,25.516494634858613,34,2,Fixed microbiome RF,Random sample split
2010.2690,26,2010,2010:33,female,head,26.842607773864284,34,2,Fixed microbiome RF,Random sample split
1841.P15990,23,1841,1841:CUB028,male,hand,23.631891294979535,34,2,Fixed microbiome RF,Random sample split
1841.F06489,21,1841,1841:CUB012,female,head,28.393384686327067,34,2,Fixed microbiome RF,Random sample split
1841.P15378,22,1841,1841:NCS255,female,hand,22.72188301300844,34,2,Fixed microbiome RF,Random sample split
1841.F05177,26,1841,1841:NAU146,female,head,26.47694488211951,34,2,Fixed microbiome RF,Random sample split
10317.000005084,34,10317,10317:b74b978649567cb54fc875fffd91ae1e96fe51d67ba3b37beafd17700ef6cc8174703285ab46d656b674c96a535fb1c24429eee1b4c50b47eedb924ba7c66a50,male,hand,45.95452952085304,34,2,Fixed microbiome RF,Random sample split
10317.000005086,34,10317,10317:b74b978649567cb54fc875fffd91ae1e96fe51d67ba3b37beafd17700ef6cc8174703285ab46d656b674c96a535fb1c24429eee1b4c50b47eedb924ba7c66a50,male,hand,45.356148889726086,34,2,Fixed microbiome RF,Random sample split
10317.000038318,45,10317,10317:3b7d34b44f72e95e00448cb043d5340d44117ce7280c30460dfe394894b0822d4c1583a47eb25eb49e50c149a7e5dc6a736132da19792ffbd2156208e0e9cebf,male,head,44.70957748770091,34,2,Fixed microbiome RF,Random sample split
10317.000030411,36,10317,10317:a1b4c9ec5f8710558bd4a7d34cd680ebd077aa972f77ae2c7a80904262a269846af690c0af56eec73473625b15e9b30c4413c0ced557f3aeebbcbdbbb0b28698,male,head,44.09327287501644,34,2,Fixed microbiome RF,Random sample split
1841.P15399,19,1841,1841:NCS233,male,hand,24.216348980880234,34,2,Fixed microbiome RF,Random sample split
10317.000005161,29,10317,10317:80ed9beefa64e1af619f5d370d79a21b435d10677f5b936ec3554234d47090f2a865337c8ff29f55d3cfc78a4c4fcf22efe713697872112639889bda9805a03e,male,head,46.00525949496889,34,2,Fixed microbiome RF,Random sample split
1841.P15083,21,1841,1841:CUB012,female,hand,24.98703244088962,34,2,Fixed microbiome RF,Random sample split
1841.P15531,20,1841,1841:NAU123,male,hand,33.49720764647557,34,2,Fixed microbiome RF,Random sample split
10317.000015283,61,10317,10317:6cafcd38bd5d8a7ae3e097e4e76d4ec0177aa5a4b23e460bcf27496334ea6f015f92f32d33219a9b3815853580c7fa17f6fff3d39827358ac992dd98bc09b99f,male,head,43.798221986654994,34,2,Fixed microbiome RF,Random sample split
1841.P16396,30,1841,1841:NAU155,female,hand,27.60307098987612,34,2,Fixed microbiome RF,Random sample split
10317.000004053,54,10317,10317:7c2ab4fd0ff794379f970934bd5bd789fb515903877b15c3dd2422a09212fc3a5ad62b4d2a149d5d34564a6e8e0488a0c4b1d673016c8a9c4870363225cb4059,female,hand,41.11178524645929,34,2,Fixed microbiome RF,Random sample split
10317.000036739,59,10317,10317:8fb4ad789829b8aa6b773eff2956b29d9986e3c6ee0cd5f3125d47adf2ee4adc1008098b5be94b225ac5137bcae428f6b84ede1db0d7bfe5dda5fe7f31fa3514,male,hand,41.81328565880407,34,2,Fixed microbiome RF,Random sample split
10317.000068991,29,10317,10317:fad8ec3f3e1d0020041ba9c117373e6abfd242b0ece7d768af390422eb907827a7ac8fb22732c500478dcf1ab82bd83ed997d23b1233bce38d043d35edf8f47c,unknown,head,38.50764268734697,34,2,Fixed microbiome RF,Random sample split
1841.P16507,22,1841,1841:CUB004,female,hand,36.69396531156043,34,2,Fixed microbiome RF,Random sample split
1841.F06568,21,1841,1841:CUB038,female,head,22.760820536747396,34,2,Fixed microbiome RF,Random sample split
1841.F05525,20,1841,1841:NAU123,male,head,22.91753204846954,34,2,Fixed microbiome RF,Random sample split
1841.F05527,33,1841,1841:NAU144,male,head,25.7751724776449,34,2,Fixed microbiome RF,Random sample split
1841.F05529,22,1841,1841:NAU137,female,head,23.212105563792143,34,2,Fixed microbiome RF,Random sample split
1841.F06490,23,1841,1841:CUB056,male,head,25.859221772538156,34,2,Fixed microbiome RF,Random sample split
1841.P16094,37,1841,1841:NAU148,male,hand,25.935929308425916,34,2,Fixed microbiome RF,Random sample split
10317.000069003,22,10317,10317:6c9d8d2f421f87624a87ae9bbee457570d9633bf4eaf97f36b65a13462bc290706c4dec83b825a291b12b7a777d237b75c8f935a0f1de4e6ee5b105ab5de7c0c,male,head,36.61335712516232,34,2,Fixed microbiome RF,Random sample split
1841.P15726,55,1841,1841:NAU149,male,hand,35.532187435280385,34,2,Fixed microbiome RF,Random sample split
1841.P15727,25,1841,1841:NAU157,male,hand,27.288729371119068,34,2,Fixed microbiome RF,Random sample split
10317.000003441,50,10317,10317:bd5a894e45bb2eb6713f65d285f8814cb96d0de3ef15bb170f5968bc039588919fa9f9ed4ad18689cb92997342c0e17279efd41f4e2f858e6075291cd2fd04d7,female,hand,41.25209409751289,34,2,Fixed microbiome RF,Random sample split
1841.F06509,22,1841,1841:CUB004,female,head,29.71523638653694,34,2,Fixed microbiome RF,Random sample split
1841.F05091,27,1841,1841:NCS253,female,head,28.578595308294446,34,2,Fixed microbiome RF,Random sample split
1841.P15579,21,1841,1841:NAU124,female,hand,23.63978930869921,34,2,Fixed microbiome RF,Random sample split
10317.000035234,69,10317,10317:f468dfbfdc239f0e3bbe1de592c866535d2e70f74b05af2999cd5ac5b39818383c58a904146c605bc773f87fac2da08ddde7d4bedced3110d5c1d3b15657f73e,male,head,47.34021252345214,34,2,Fixed microbiome RF,Random sample split
1841.F06243,55,1841,1841:NAU149,male,head,35.006998741626425,34,2,Fixed microbiome RF,Random sample split
10317.000015061,71,10317,10317:6cd87aca8624e2efe119e5484586386f10cb61ed4a7920dd13cefe68783228eafa46cdc995f2272c25a121fc11cdb971265f86ad6cd99e0d151e6744a5db135c,female,hand,49.87549728771602,34,2,Fixed microbiome RF,Random sample split
10317.000006851,73,10317,10317:7705669a351542f9add9390a0a093824f81095a819993d82ab0d00eb2120ac34a953c451ff892c8c30e3f1b8f7630625d2ebb4d0e8512526a243025795e51eb7,male,head,41.81056280689269,34,2,Fixed microbiome RF,Random sample split
2010.1447,25,2010,2010:3,female,head,37.74765956806938,34,2,Fixed microbiome RF,Random sample split
10317.000003550,72,10317,10317:fcb45b6f64ab0b3167524aaa234945c75702e9f45b361a7f3af87c2938b4b5bf8244dd705f8119adf55ee8532be48dc7d72387952b30d9ccda48bdc05fec5797,female,hand,48.59521833786938,34,2,Fixed microbiome RF,Random sample split
1841.F06523,22,1841,1841:CUB007,female,head,22.887456468969624,34,2,Fixed microbiome RF,Random sample split
1841.P15085,20,1841,1841:CUB005,female,hand,25.157717072607664,34,2,Fixed microbiome RF,Random sample split
1841.P15223,29,1841,1841:CUB011,female,hand,24.243491854088905,34,2,Fixed microbiome RF,Random sample split
1841.P15226,20,1841,1841:CUB036,female,hand,25.274954386912107,34,2,Fixed microbiome RF,Random sample split
1841.F05925,27,1841,1841:NCS214,male,head,29.967299143870825,34,2,Fixed microbiome RF,Random sample split
1841.P15919,20,1841,1841:CUB027,female,hand,24.005050940237588,34,2,Fixed microbiome RF,Random sample split
10317.000062197,29,10317,10317:03c0867966fe2299eb3b09291d5f0834310bdf5fceed9c9b7b397570bf8f2d2adaeb945c824ff0cb407abaf691b8173cfa03c4f8eb17e6dd9f6eda17502e66e4,male,hand,33.4981517382691,34,2,Fixed microbiome RF,Random sample split
1841.F05247,28,1841,1841:NAU103,female,head,30.026899612386394,34,2,Fixed microbiome RF,Random sample split
1841.P16339,55,1841,1841:NAU149,male,hand,33.19111836432831,34,2,Fixed microbiome RF,Random sample split
10317.000063303,26,10317,10317:9a079253652d16fa017050fd68017b646c3c734b4c96ca593236c537806682233e513b33fb850475266ef28a5c34e9297ffbd213ef416263b306bfae257d1aef,male,hand,34.03037028337053,34,2,Fixed microbiome RF,Random sample split
1841.F06574,22,1841,1841:CUB048,female,head,26.79803854780088,34,2,Fixed microbiome RF,Random sample split
10317.000015215,33,10317,10317:356171d003a70eda05dbc44ca7f1c23e803cbba14631a5247db7774ba0e837cd853a804b6bc41bc084b8849021f84c1c780ad04856231b70f72faf5ef5b4bcbf,male,hand,41.67086076524014,34,2,Fixed microbiome RF,Random sample split
1841.F05907,19,1841,1841:NCS233,male,head,22.95879003808691,34,2,Fixed microbiome RF,Random sample split
1841.F05901,19,1841,1841:NCS233,male,head,25.566297799422795,34,2,Fixed microbiome RF,Random sample split
1841.P15920,22,1841,1841:CUB004,female,hand,26.340968758059763,34,2,Fixed microbiome RF,Random sample split
10317.000033429,62,10317,10317:1b595cbd54b82f80c4b023585b3a8baad15d027aab0c5b04a69b8c3e9e5d48bfcb2d532872548685bc12d0c706255362bb8a230524186fc6cc64f429295eb166,female,hand,48.40640230291616,34,2,Fixed microbiome RF,Random sample split
1841.P16310,20,1841,1841:NAU110,female,hand,29.20914787418464,34,2,Fixed microbiome RF,Random sample split
1841.P16315,24,1841,1841:NAU109,male,hand,25.402036651670695,34,2,Fixed microbiome RF,Random sample split
1841.P16319,26,1841,1841:NAU146,female,hand,29.1933944133352,34,2,Fixed microbiome RF,Random sample split
10317.000002722,67,10317,10317:552862a47c1f4572c6de06ef045a0b5dfe8124f8167b59fc9e3602a42e27303ea444e307e4d303917535cb422622610350e6897ddbc33a1a70a49944b51adc14,male,head,43.31433338889881,34,2,Fixed microbiome RF,Random sample split
1841.P15598,22,1841,1841:NAU133,male,hand,32.79028992513516,34,2,Fixed microbiome RF,Random sample split
1841.P16442,22,1841,1841:NCS212,female,hand,23.41790991994117,34,2,Fixed microbiome RF,Random sample split
1841.F05038,20,1841,1841:NCS263,male,head,27.567445428967176,34,2,Fixed microbiome RF,Random sample split
1841.F05031,23,1841,1841:NCS243,male,head,27.129423745977256,34,2,Fixed microbiome RF,Random sample split
1841.F05697,22,1841,1841:CUB048,female,head,26.238453941785515,34,2,Fixed microbiome RF,Random sample split
1841.F05692,21,1841,1841:CUB003,female,head,22.985672688057544,34,2,Fixed microbiome RF,Random sample split
1841.P16107,24,1841,1841:NAU109,male,hand,24.06891583457665,34,2,Fixed microbiome RF,Random sample split
1841.P16102,21,1841,1841:NAU124,female,hand,24.139621735804333,34,2,Fixed microbiome RF,Random sample split
2010.1302,34,2010,2010:5,female,head,36.979795292692586,34,2,Fixed microbiome RF,Random sample split
1841.F05550,20,1841,1841:NAU123,male,head,22.426877644924513,34,2,Fixed microbiome RF,Random sample split
1841.P15904,20,1841,1841:CUB037,female,hand,22.761882139102735,34,2,Fixed microbiome RF,Random sample split
1841.P15906,21,1841,1841:CUB032,female,hand,22.6613003065213,34,2,Fixed microbiome RF,Random sample split
1841.P15907,20,1841,1841:CUB008,male,hand,23.882504759799172,34,2,Fixed microbiome RF,Random sample split
10317.000048405,28,10317,10317:4287cb26d2ebcaddb5129d95ff2d4ae496c47b0162672df93082abfc9303671b6d9332bfe211f6530019940e6d40144094a4bc4c012716375b5e72166c04b6e2,female,hand,49.35615954539002,34,2,Fixed microbiome RF,Random sample split
1841.F05200,22,1841,1841:NAU133,male,head,24.537312201687197,34,2,Fixed microbiome RF,Random sample split
1841.P16370,20,1841,1841:NAU110,female,hand,33.20017562642585,34,2,Fixed microbiome RF,Random sample split
1841.P16397,32,1841,1841:NAU102,unknown,hand,24.627430330086575,34,2,Fixed microbiome RF,Random sample split
1841.P16378,20,1841,1841:NAU115,male,hand,22.75049863331114,34,2,Fixed microbiome RF,Random sample split
1841.F05885,37,1841,1841:NAU148,male,head,25.338818698662447,34,2,Fixed microbiome RF,Random sample split
1841.P16597,22,1841,1841:CUB004,female,hand,30.685214775424775,34,2,Fixed microbiome RF,Random sample split
1841.F06582,21,1841,1841:CUB044,male,head,28.722103084792945,34,2,Fixed microbiome RF,Random sample split
1841.P15068,22,1841,1841:CUB048,female,hand,31.67591195089984,34,2,Fixed microbiome RF,Random sample split
1841.P15066,23,1841,1841:CUB053,female,hand,25.252606746317234,34,2,Fixed microbiome RF,Random sample split
10317.000003385,57,10317,10317:e36b03fa22764e26a56edd5b75a454e7ebf99d597c381d00186fa32b482bff3046c06024a335a9f1c29fb95217a131573eb7860fa709d5a472294e56d5762d4c,female,head,48.520471048184,34,2,Fixed microbiome RF,Random sample split
1841.P16299,30,1841,1841:NAU155,female,hand,23.994965266555337,34,2,Fixed microbiome RF,Random sample split
10317.000015116,28,10317,10317:d031d7eaf91c489f64052f69777e1385468d8cbdc419eb3568de9547015ad04606d5d70ca9970521bd182907f9b00d2640e54727e0262ceaea9ccb7d9603385e,female,head,44.97444569844317,34,2,Fixed microbiome RF,Random sample split
10317.000068799,30,10317,10317:219fdff6b9dcec67c1aa0b866cb025d68ac35295256f63c520911912293fe0849d61cd408675c0305a5c92df708363f8172fc8e6969982b5a49c4e44d28547fb,female,head,39.430225670797945,34,2,Fixed microbiome RF,Random sample split
10317.000031935,40,10317,10317:1975e7358673c93bbe5c29e1d1c529a83458e54503ca2e451dd8757d3f8bb013669586401169beb5fc69b14ab9cb93ec3b7361560a74fadc26bf03b377c16c85,female,head,41.05627196696228,34,2,Fixed microbiome RF,Random sample split
1841.P15580,23,1841,1841:NAU100,male,hand,27.092173008825966,34,2,Fixed microbiome RF,Random sample split
10317.000015453,46,10317,10317:3483b70983107b3501a2fdeab0f7e00b06ec05b5a7afdf499c410267e4aa99ea36b3643db981cdf6f557435d6ff028c1059e2bc75261e6f468598f093fde8b72,male,hand,44.30556283876657,34,2,Fixed microbiome RF,Random sample split
10317.000040507,52,10317,10317:8fc2af33171964330de7e24811df360483b2193e73f509d9de0eca5c34aa9cc4a73311de7d0ba394fbed8d55f72394218e7b7026fd7da8c8ee1ebf0e637b2e85,female,hand,41.989591463333355,34,2,Fixed microbiome RF,Random sample split
1841.P15004,20,1841,1841:CUB037,female,hand,21.83426249098124,34,2,Fixed microbiome RF,Random sample split
1841.P15001,23,1841,1841:CUB028,male,hand,22.775675054112547,34,2,Fixed microbiome RF,Random sample split
1841.P15002,22,1841,1841:CUB016,female,hand,22.643359869297377,34,2,Fixed microbiome RF,Random sample split
1841.F06303,20,1841,1841:CUB037,female,head,23.798852223654613,34,2,Fixed microbiome RF,Random sample split
1841.F06306,20,1841,1841:CUB049,female,head,22.701898899711402,34,2,Fixed microbiome RF,Random sample split
1841.F06210,37,1841,1841:NAU148,male,head,26.248910173488248,34,2,Fixed microbiome RF,Random sample split
10317.000069070,29,10317,10317:03c0867966fe2299eb3b09291d5f0834310bdf5fceed9c9b7b397570bf8f2d2adaeb945c824ff0cb407abaf691b8173cfa03c4f8eb17e6dd9f6eda17502e66e4,male,hand,44.135771039011225,34,2,Fixed microbiome RF,Random sample split
10317.000072315,42,10317,10317:0cded5ec882014d599e408a086631081c42e2f070234c9e90d7244cf5e39d7d4150b713faf80aed64afaf4dd8ff14b76e9e204f93500060792828269add5de56,female,head,43.23439856917213,34,2,Fixed microbiome RF,Random sample split
10317.000079831,38,10317,10317:14023540704b6bc088ad4121fb1e4bb829db0af84dceeb6083083578533680a085ce6473901b2aa79e3843299e1ef69adfd4af41442ee2e3ba1981a43c5fea09,female,head,38.039183308175765,34,2,Fixed microbiome RF,Random sample split
10317.000049729,36,10317,10317:79bbc1c5c663e0434d917d65535beeb68d902da75556dbb9bc561129718387ed15c630d65f4716cbeb02ed871a1e5044d2cd04da381361681f4a0793ca85598d,male,head,40.79915916730301,34,2,Fixed microbiome RF,Random sample split
1841.P15029,20,1841,1841:CUB049,female,hand,22.855509644301016,34,2,Fixed microbiome RF,Random sample split
1841.P15022,20,1841,1841:CUB010,female,hand,23.071685676455907,34,2,Fixed microbiome RF,Random sample split
1841.F06368,29,1841,1841:CUB011,female,head,23.987677019114017,34,2,Fixed microbiome RF,Random sample split
1841.P15289,21,1841,1841:CUB029,male,hand,35.027151630384026,34,2,Fixed microbiome RF,Random sample split
10317.000015503,58,10317,10317:39bccde315a4d2e26bd21d11d8612666496433302b42a988f2e86dbe04d585b4ed30f82357ad21121e121b84ba5b37d2ecaf536b10e6faf7bae853217d2e1db6,male,head,42.245442815108454,34,2,Fixed microbiome RF,Random sample split
10317.000063476,25,10317,10317:a7eb0dd2ec940ca9c3d8c905ee11b3f312886d2373352bf10804121fdb76ae9277a91ce4ea0f346e0c8b67c66e30cabba094db785b990ac67b6fa4ea8b65aeda,female,head,37.227692532487055,34,2,Fixed microbiome RF,Random sample split
1841.F05986,19,1841,1841:NCS233,male,head,24.659952778124655,34,2,Fixed microbiome RF,Random sample split
1841.P16251,20,1841,1841:NAU119,male,hand,22.866807768711556,34,2,Fixed microbiome RF,Random sample split
1841.F06175,20,1841,1841:CUB051,male,head,24.68697337078772,34,2,Fixed microbiome RF,Random sample split
10317.000048390,21,10317,10317:30d7ca7c505d10cb4c76c0443a75de8f2f826d67386377db4fa33b8983b7e1be84ec36794891a1993f919a1c5c528a78e39e90c8c94320bc3b555e3aa3643685,female,hand,42.34806263872494,34,2,Fixed microbiome RF,Random sample split
1841.F05848,21,1841,1841:NAU153,female,head,22.25099943459318,34,2,Fixed microbiome RF,Random sample split
1841.P16063,22,1841,1841:NAU164,male,hand,27.01509296361318,34,2,Fixed microbiome RF,Random sample split
1841.P16348,28,1841,1841:NAU103,female,hand,28.720944641623635,34,2,Fixed microbiome RF,Random sample split
10317.000009540,53,10317,10317:58d4b73b2478e68af9ec6ecd6f84a5c5b12f4bc9800c9f70889f2bf166a48e6c18a19edff402e2d4ba36c6c10a1cb0f060bef325706d3ec31b9f0e301d253e1a,female,head,46.0674820440645,34,2,Fixed microbiome RF,Random sample split
1841.F06439,20,1841,1841:CUB027,female,head,22.61144057406965,34,2,Fixed microbiome RF,Random sample split
1841.F05617,29,1841,1841:CUB011,female,head,24.048408380568706,34,2,Fixed microbiome RF,Random sample split
1841.F05611,20,1841,1841:CUB036,female,head,26.13631703723156,34,2,Fixed microbiome RF,Random sample split
1841.P15407,18,1841,1841:NCS213,female,hand,23.24028122408639,34,2,Fixed microbiome RF,Random sample split
10317.000009059,50,10317,10317:d2b0d78183a7fb7003716446b4a9280723b3b3e47823c3e6d1a251d445558a0bbde902b411f4f4015c7f8faa15d573d3a103491eb53d1fb0ff68fedb2e2dd4d7,female,head,40.184687520529664,34,2,Fixed microbiome RF,Random sample split
1841.P16278,21,1841,1841:NAU124,female,hand,23.041955099298846,34,2,Fixed microbiome RF,Random sample split
1841.F05470,19,1841,1841:NAU107,female,head,23.978297995783247,34,2,Fixed microbiome RF,Random sample split
1841.F05476,25,1841,1841:NAU157,male,head,25.758532966216812,34,2,Fixed microbiome RF,Random sample split
1841.P15985,20,1841,1841:CUB037,female,hand,30.60609299525158,34,2,Fixed microbiome RF,Random sample split
1841.P15981,22,1841,1841:CUB007,female,hand,24.131443499391686,34,2,Fixed microbiome RF,Random sample split
1841.F05869,30,1841,1841:NAU108,female,head,24.96488402684531,34,2,Fixed microbiome RF,Random sample split
1841.F05867,25,1841,1841:NAU157,male,head,30.180610661805513,34,2,Fixed microbiome RF,Random sample split
1841.F06414,36,1841,1841:CUB042,male,head,30.734172959477597,34,2,Fixed microbiome RF,Random sample split
1841.F06417,20,1841,1841:CUB010,female,head,23.123059742836517,34,2,Fixed microbiome RF,Random sample split
1841.F06511,20,1841,1841:CUB005,female,head,23.303383083929965,34,2,Fixed microbiome RF,Random sample split
10317.000005654,35,10317,10317:8606c4dd2d9371a4b109521ba900732b745ba94bf06c0047a2b8189bb5e157e1f6bcb5d5ed855b3e972841afb6a38ae24f88d3995e2f6c362286bd69d07c83ed,female,hand,38.50491403660215,34,2,Fixed microbiome RF,Random sample split
10317.000049132,48,10317,10317:9f89ce9cb3dd20b1b698031ff7eb1f66511855e4c05edd9fc525916e365f4d81ff5e46e5432e82c4e4cc62f66a9167138f3bce9a784b0404333ee6c82e195bd6,male,hand,43.07930276303702,34,2,Fixed microbiome RF,Random sample split
1841.F05502,20,1841,1841:CUB010,female,head,22.513556044649796,34,2,Fixed microbiome RF,Random sample split
1841.P15799,21,1841,1841:NAU154,female,hand,23.68708851911977,34,2,Fixed microbiome RF,Random sample split
1841.P15422,21,1841,1841:NCS247,unknown,hand,23.97689583899288,34,2,Fixed microbiome RF,Random sample split
1841.F06190,20,1841,1841:CUB049,female,head,23.754241484788363,34,2,Fixed microbiome RF,Random sample split
1841.F05679,22,1841,1841:CUB040,male,head,27.131855426227826,34,2,Fixed microbiome RF,Random sample split
1841.P16210,20,1841,1841:NAU123,male,hand,33.31006373290505,34,2,Fixed microbiome RF,Random sample split
1841.P15168,18,1841,1841:NCS213,female,hand,22.71218524531025,34,2,Fixed microbiome RF,Random sample split
1841.F06060,23,1841,1841:NCS243,male,head,29.548813540932116,34,2,Fixed microbiome RF,Random sample split
1841.F06063,23,1841,1841:NCS203,female,head,28.557330069204113,34,2,Fixed microbiome RF,Random sample split
1841.P15300,27,1841,1841:NCS253,female,hand,27.26191712838792,34,2,Fixed microbiome RF,Random sample split
10317.000063380,40,10317,10317:df013012aa4de39f899aadbdfdd44572d593e9fa5238274ea143331982f2a039f09b846fef6ce0988eeda26205379399dfdb557ef64371f78334d6ee7beed928,male,head,35.66927085004396,34,2,Fixed microbiome RF,Random sample split
10317.000063387,40,10317,10317:df013012aa4de39f899aadbdfdd44572d593e9fa5238274ea143331982f2a039f09b846fef6ce0988eeda26205379399dfdb557ef64371f78334d6ee7beed928,male,hand,36.01311644760692,34,2,Fixed microbiome RF,Random sample split
1841.F05806,20,1841,1841:NAU128,female,head,23.559528343073453,34,2,Fixed microbiome RF,Random sample split
1841.F05802,25,1841,1841:NAU157,male,head,25.319593869671998,34,2,Fixed microbiome RF,Random sample split
1841.F05803,33,1841,1841:NAU144,male,head,26.08290130008881,34,2,Fixed microbiome RF,Random sample split
1841.P16535,22,1841,1841:CUB016,female,hand,21.937676316738816,34,2,Fixed microbiome RF,Random sample split
10317.000009722,39,10317,10317:8b672a386ead28ace9c7eaea68003a8d0be6651cf9544c799a49155c372bc6524d53fd7aae5b008caced52ac352c5fe0a4810a846032621cf2d9fc79200e1218,unknown,hand,41.61277881927138,34,2,Fixed microbiome RF,Random sample split
1841.F05357,20,1841,1841:NCS210,female,head,24.32914908722813,34,3,Fixed microbiome RF,Random sample split
1841.F06380,36,1841,1841:CUB042,male,head,23.929870106763786,34,3,Fixed microbiome RF,Random sample split
1841.F05947,18,1841,1841:NCS213,female,head,23.91289595745439,34,3,Fixed microbiome RF,Random sample split
10317.000004984,61,10317,10317:4fcea5cd0a1bce2d5eabe662e771f90edf941650014bd56668c6086d789fa2cff4cfcf939a865e51ba74bb1cbabc385ec9acbcc1b41ee41e0ddd437171849719,female,head,44.38984160782319,34,3,Fixed microbiome RF,Random sample split
1841.F05659,20,1841,1841:CUB010,female,head,23.52154228257555,34,3,Fixed microbiome RF,Random sample split
1841.P16496,27,1841,1841:NCS214,male,hand,26.445579231623647,34,3,Fixed microbiome RF,Random sample split
1841.P16494,23,1841,1841:NCS203,female,hand,26.19865930844792,34,3,Fixed microbiome RF,Random sample split
1841.P15145,19,1841,1841:NCS233,male,hand,23.985239818660872,34,3,Fixed microbiome RF,Random sample split
1841.P15149,18,1841,1841:NCS213,female,hand,23.641636930777555,34,3,Fixed microbiome RF,Random sample split
1841.P15327,20,1841,1841:NCS210,female,hand,23.787384265040522,34,3,Fixed microbiome RF,Random sample split
1841.P16345,25,1841,1841:NAU157,male,hand,26.33404411560661,34,3,Fixed microbiome RF,Random sample split
1841.F05350,21,1841,1841:NCS247,unknown,head,25.105786887951403,34,3,Fixed microbiome RF,Random sample split
10317.000005565,53,10317,10317:2bbbda8f68f57e1c57d3e97ada9c16a61165e5a3a31f556df77429e4efca7c8de4a4dd989152a974f15603348945abd6a2335caec0d3d6fe9e7136e3865909bc,male,hand,44.573678310223144,34,3,Fixed microbiome RF,Random sample split
1841.P16003,23,1841,1841:CUB053,female,hand,25.026536880517142,34,3,Fixed microbiome RF,Random sample split
10317.000004236,58,10317,10317:37d8f6f7e4e484018175eb77bb7510245502c3c3d85c9a1874de9d25b0c5fe27d21dbcbe36e8c6663360590a8287912cd7e945311f2e50e46afc4ca3b709cc02,male,hand,47.287730247612934,34,3,Fixed microbiome RF,Random sample split
10317.000004237,58,10317,10317:37d8f6f7e4e484018175eb77bb7510245502c3c3d85c9a1874de9d25b0c5fe27d21dbcbe36e8c6663360590a8287912cd7e945311f2e50e46afc4ca3b709cc02,male,hand,44.45978479945782,34,3,Fixed microbiome RF,Random sample split
2010.2046,34,2010,2010:25,female,head,37.16034378759962,34,3,Fixed microbiome RF,Random sample split
1841.F06026,20,1841,1841:NCS210,female,head,25.657892454767456,34,3,Fixed microbiome RF,Random sample split
10317.000023128,41,10317,10317:d05b6995db48f6c9db978b1b5ca6e64fdb449b3a00c92813c529766f03bd685a588b170ad83cf571cc7835590556a3954f74f0426fa772dd2e7a9a365c327784,male,head,46.70527552292124,34,3,Fixed microbiome RF,Random sample split
1841.F05590,28,1841,1841:NAU103,female,head,27.89827057883407,34,3,Fixed microbiome RF,Random sample split
10317.000015501,58,10317,10317:39bccde315a4d2e26bd21d11d8612666496433302b42a988f2e86dbe04d585b4ed30f82357ad21121e121b84ba5b37d2ecaf536b10e6faf7bae853217d2e1db6,male,hand,41.390130407953365,34,3,Fixed microbiome RF,Random sample split
10317.000002260,52,10317,10317:aa101e557d45d2c4a31a1d301fd4c574f8a5fc0833b116d35789d31262e1e05a55d401f9b79aeba4e9d3eba2940a8eb96f2f5b422ec59ccfd8c6811d9cd18c8d,female,head,43.58841106389086,34,3,Fixed microbiome RF,Random sample split
10317.000005634,32,10317,10317:8e6d5660e04b428afe96bc9b82f94ffbde8b593ec7e7a39e6d802ccde219bc29f29c18ff10e18b4c6a067ce34878d5cc2b0addc2b1e539d565c014f00b4d3452,unknown,head,38.176437640084195,34,3,Fixed microbiome RF,Random sample split
1841.F06009,23,1841,1841:NCS243,male,head,28.679681385055808,34,3,Fixed microbiome RF,Random sample split
10317.000015151,25,10317,10317:bf103398cbf34d2fdf0ce89d2a4729ec061457ba078a27fff88e775557fa7a6206e6693e016f411dfc8700f10c5787107d76b31f1914db25cee356c3ffb2ee1c,male,hand,41.50198003360186,34,3,Fixed microbiome RF,Random sample split
1841.F06493,21,1841,1841:CUB000,female,head,24.819153748620657,34,3,Fixed microbiome RF,Random sample split
1841.P15712,20,1841,1841:NAU110,female,hand,23.708859456515707,34,3,Fixed microbiome RF,Random sample split
1841.P15717,32,1841,1841:NAU150,female,hand,25.911408388303936,34,3,Fixed microbiome RF,Random sample split
1841.P15716,21,1841,1841:NAU154,female,hand,23.1016258567821,34,3,Fixed microbiome RF,Random sample split
1841.F05505,20,1841,1841:NAU115,male,head,22.616147930210907,34,3,Fixed microbiome RF,Random sample split
1841.F06440,20,1841,1841:CUB027,female,head,22.881877705627712,34,3,Fixed microbiome RF,Random sample split
1841.F06573,21,1841,1841:CUB038,female,head,23.22115310278815,34,3,Fixed microbiome RF,Random sample split
10317.000007695,53,10317,10317:2001cd96b41443702fff754af1697cfbdfad013781990354ba66abf4ba4c1619b3b03ab3cbeff986588254af06fd1bb16cb541da65af96468b507f8eedd4e51f,female,hand,39.69887017280901,34,3,Fixed microbiome RF,Random sample split
10317.000007696,53,10317,10317:2001cd96b41443702fff754af1697cfbdfad013781990354ba66abf4ba4c1619b3b03ab3cbeff986588254af06fd1bb16cb541da65af96468b507f8eedd4e51f,female,hand,41.841774577175045,34,3,Fixed microbiome RF,Random sample split
10317.000041057,33,10317,10317:cc7a72730c7716b41648ac90728f72eb759bd32caaa07b60e4db721abd907a2e38b19314c602ce3a7b19a7634037bd360e4d54c532513a267152129589e536de,male,hand,38.93006450184198,34,3,Fixed microbiome RF,Random sample split
10317.000010809,63,10317,10317:4f1f526cf557e60e9ce5eb0de9d3dd98225fb7747813f64b3d82c6051d735e3b82dfb7abb4f089fb6d86848d907502d663cb4d69dad26574b00e58d0fc884610,male,head,42.59080239028468,34,3,Fixed microbiome RF,Random sample split
1841.F06215,20,1841,1841:NAU123,male,head,23.10227002164502,34,3,Fixed microbiome RF,Random sample split
1841.P16419,22,1841,1841:NCS212,female,hand,24.924140254659545,34,3,Fixed microbiome RF,Random sample split
1841.P16413,27,1841,1841:NCS253,female,hand,25.257351641414132,34,3,Fixed microbiome RF,Random sample split
1841.F05646,36,1841,1841:CUB042,male,head,33.54505208926673,34,3,Fixed microbiome RF,Random sample split
1841.F06519,21,1841,1841:CUB012,female,head,23.982277340714838,34,3,Fixed microbiome RF,Random sample split
10317.000063320,36,10317,10317:5cac11f98d016720bf90c511d008405a6bd9d9a9f5d68939414a0cad29cedd0b2aba4673b7615fc76fb17b76523634ebb166e93c77804249ebc70ba37d6de287,female,head,37.13468808310755,34,3,Fixed microbiome RF,Random sample split
10317.000034638,64,10317,10317:b03b7d707e125ba38f6ae4345eb6389f63c2caed719f3d69552e392dbe3d40c17b9f8b97c1e801df3731171dea8ebdb990b7f88d87da78c626beccba0003cf7f,female,head,45.43156688210702,34,3,Fixed microbiome RF,Random sample split
10317.000034639,64,10317,10317:b03b7d707e125ba38f6ae4345eb6389f63c2caed719f3d69552e392dbe3d40c17b9f8b97c1e801df3731171dea8ebdb990b7f88d87da78c626beccba0003cf7f,female,hand,43.19709147226665,34,3,Fixed microbiome RF,Random sample split
10317.000063188,38,10317,10317:441ac85e1bd02fd74bfe5cd7d33fc7e79af9e5986e7d55e177b00f2dadef7b37442c83e626aa9eec53feaf0e250a42f14f03b147a269cd1c57142e99e994ff08,male,head,37.62187583069525,34,3,Fixed microbiome RF,Random sample split
1841.P15506,20,1841,1841:NAU115,male,hand,22.84847676628926,34,3,Fixed microbiome RF,Random sample split
1841.F05533,22,1841,1841:NAU116,male,head,23.252349653318582,34,3,Fixed microbiome RF,Random sample split
1841.P16088,22,1841,1841:NAU133,male,hand,23.70782118055556,34,3,Fixed microbiome RF,Random sample split
1841.P15978,22,1841,1841:CUB048,female,hand,26.959170996446527,34,3,Fixed microbiome RF,Random sample split
1841.F06539,23,1841,1841:CUB053,female,head,22.80497692607744,34,3,Fixed microbiome RF,Random sample split
1841.P15566,30,1841,1841:NAU155,female,hand,28.043472932006512,34,3,Fixed microbiome RF,Random sample split
1841.F05514,20,1841,1841:NAU119,male,head,23.578389335096222,34,3,Fixed microbiome RF,Random sample split
1841.F05510,24,1841,1841:NAU109,male,head,25.438350516624833,34,3,Fixed microbiome RF,Random sample split
10317.000008202,47,10317,10317:7cc5c069db6eab6ca70adb3c38c792d60541ae6bc238d37452ba179cd855f4eef887ff1ee7a82c8e3ed38d80f5ec6216acf1971f02f4a9426720ed8515710296,male,head,43.90454450150738,34,3,Fixed microbiome RF,Random sample split
1841.F05438,22,1841,1841:NAU164,male,head,23.632003968253972,34,3,Fixed microbiome RF,Random sample split
10317.000015188,26,10317,10317:cb8ea224a3bb7ef53bf08da62860c079b5996441cbbb6ef11fbe09454172198e57a65569937d0e57c98a2327cfe4b04a55969cdda8eed8fc5f998c2468e4920a,male,head,38.27242777390375,34,3,Fixed microbiome RF,Random sample split
1841.P15569,20,1841,1841:NAU121,female,hand,23.041744579460566,34,3,Fixed microbiome RF,Random sample split
1841.F06250,20,1841,1841:NAU121,female,head,24.813881111229463,34,3,Fixed microbiome RF,Random sample split
1841.P16329,30,1841,1841:NAU108,female,hand,23.15371432591101,34,3,Fixed microbiome RF,Random sample split
1841.P16328,30,1841,1841:NAU108,female,hand,41.74328177869358,34,3,Fixed microbiome RF,Random sample split
1841.P16451,22,1841,1841:NAU130,female,hand,22.662950478341084,34,3,Fixed microbiome RF,Random sample split
1841.P16325,33,1841,1841:NAU144,male,hand,24.32292965102708,34,3,Fixed microbiome RF,Random sample split
1841.P15682,20,1841,1841:CUB051,male,hand,29.06298658108642,34,3,Fixed microbiome RF,Random sample split
2010.1653,28,2010,2010:13,female,head,41.97481167843871,34,3,Fixed microbiome RF,Random sample split
10317.000066848,27,10317,10317:73bf3573928ab6f8e0dbef1783c99aa8c96f8a341909051dbaaf5e003778464fdf40cee56b971bea2c557859ebdc3351dddc89230df6458726716c8fe13e3583,female,head,35.595175072094136,34,3,Fixed microbiome RF,Random sample split
10317.000066843,27,10317,10317:75e7facbcee6190c9bd0ec55d33af511592981c1851bc62c90ffa060b30d59451c3407b0344a1357b33b8a653eb1ab6517c15e9f6f193c447e3882c2ada31e9a,male,hand,34.040280344963705,34,3,Fixed microbiome RF,Random sample split
1841.F06082,21,1841,1841:NCS262,male,head,23.29317340897229,34,3,Fixed microbiome RF,Random sample split
10317.000022099,41,10317,10317:e4503538e12701b45b371c7ed670bd3ae6eba6dbfd41e21b14c030e3e6c626aaaf69513c82f4fb7a3e531ea834a73f16c57799fb90f66a9da07d8b3b8dc4b486,male,head,45.87455242386486,34,3,Fixed microbiome RF,Random sample split
10317.000015212,34,10317,10317:356171d003a70eda05dbc44ca7f1c23e803cbba14631a5247db7774ba0e837cd853a804b6bc41bc084b8849021f84c1c780ad04856231b70f72faf5ef5b4bcbf,male,hand,38.041334951853365,34,3,Fixed microbiome RF,Random sample split
1841.P15092,23,1841,1841:CUB056,male,hand,26.835037931951348,34,3,Fixed microbiome RF,Random sample split
1841.P15549,30,1841,1841:NAU108,female,hand,26.968545582879976,34,3,Fixed microbiome RF,Random sample split
1841.F05060,23,1841,1841:NCS203,female,head,27.56193711737394,34,3,Fixed microbiome RF,Random sample split
1841.F05068,23,1841,1841:NCS203,female,head,25.51848115305426,34,3,Fixed microbiome RF,Random sample split
1841.P16462,27,1841,1841:NCS253,female,hand,37.288395681395656,34,3,Fixed microbiome RF,Random sample split
1841.P15936,23,1841,1841:CUB053,female,hand,24.623310150417492,34,3,Fixed microbiome RF,Random sample split
1841.F06277,32,1841,1841:NAU150,female,head,27.076714164784015,34,3,Fixed microbiome RF,Random sample split
1841.P16306,20,1841,1841:NAU115,male,hand,23.344504621282255,34,3,Fixed microbiome RF,Random sample split
10317.000066866,29,10317,10317:03c0867966fe2299eb3b09291d5f0834310bdf5fceed9c9b7b397570bf8f2d2adaeb945c824ff0cb407abaf691b8173cfa03c4f8eb17e6dd9f6eda17502e66e4,male,hand,36.740504672717734,34,3,Fixed microbiome RF,Random sample split
10317.000003535,46,10317,10317:4aa35b33ec066f163b8daeb1b8200f17ece0f58ed4de27fc1acf828c8864cb5dfb93c989fb4315cfe8721c8eed0e468a5da3102ea9bc9c107e0b214c031f5e1d,female,hand,45.0967990725772,34,3,Fixed microbiome RF,Random sample split
10317.000043162,86,10317,10317:969959b6a56c892088c6fec4a090bc9d7786704432d85dd70c0b376f3082c1743c5522532f4a6139e760de6add314a67dddb22fcaef7e05d6f73095cd5be1d95,female,hand,41.931930220872175,34,3,Fixed microbiome RF,Random sample split
10317.000049833,61,10317,10317:d37889cdecdba46fdb19bb31c950ed36c9b3a1da31fbac08e9ee2ff35bc8af2ce5a4b24631b63e876500eb54df716ba82caddd429a437e61d996dab1bd51de32,female,hand,40.50049517454069,34,3,Fixed microbiome RF,Random sample split
1841.F05008,20,1841,1841:NCS210,female,head,22.173737373737367,34,3,Fixed microbiome RF,Random sample split
2010.2149,22,2010,2010:27,female,head,37.02634384220063,34,3,Fixed microbiome RF,Random sample split
1841.P16176,20,1841,1841:NAU123,male,hand,23.209899011833745,34,3,Fixed microbiome RF,Random sample split
1841.F06290,22,1841,1841:NAU133,male,head,23.844406421072257,34,3,Fixed microbiome RF,Random sample split
1841.F06294,37,1841,1841:NAU148,male,head,27.931061993561997,34,3,Fixed microbiome RF,Random sample split
1841.P15775,20,1841,1841:NAU115,male,hand,22.697699207773216,34,3,Fixed microbiome RF,Random sample split
1841.F05218,32,1841,1841:NAU150,female,head,26.75404383056557,34,3,Fixed microbiome RF,Random sample split
1841.F06354,20,1841,1841:CUB051,male,head,24.508302371970125,34,3,Fixed microbiome RF,Random sample split
1841.F06597,22,1841,1841:CUB048,female,head,27.101022085869896,34,3,Fixed microbiome RF,Random sample split
1841.F06598,20,1841,1841:CUB010,female,head,24.379093929967087,34,3,Fixed microbiome RF,Random sample split
1841.P15052,21,1841,1841:CUB003,female,hand,23.68058472083472,34,3,Fixed microbiome RF,Random sample split
1841.P15050,21,1841,1841:CUB012,female,hand,24.13123337038779,34,3,Fixed microbiome RF,Random sample split
1841.F06330,20,1841,1841:CUB027,female,head,23.586644476846683,34,3,Fixed microbiome RF,Random sample split
1841.P15273,21,1841,1841:CUB032,female,hand,23.03723703890065,34,3,Fixed microbiome RF,Random sample split
1841.P15585,37,1841,1841:NAU148,male,hand,24.15789952235265,34,3,Fixed microbiome RF,Random sample split
1841.P15589,28,1841,1841:NAU103,female,hand,27.30226304741011,34,3,Fixed microbiome RF,Random sample split
10317.000005457,48,10317,10317:9f89ce9cb3dd20b1b698031ff7eb1f66511855e4c05edd9fc525916e365f4d81ff5e46e5432e82c4e4cc62f66a9167138f3bce9a784b0404333ee6c82e195bd6,male,hand,42.70565425239289,34,3,Fixed microbiome RF,Random sample split
1841.F05029,22,1841,1841:NCS212,female,head,21.937012814595533,34,3,Fixed microbiome RF,Random sample split
1841.F05024,27,1841,1841:NCS253,female,head,35.38475790406563,34,3,Fixed microbiome RF,Random sample split
1841.F05680,22,1841,1841:CUB007,female,head,24.31820914799032,34,3,Fixed microbiome RF,Random sample split
1841.F05682,20,1841,1841:CUB027,female,head,22.500444561395856,34,3,Fixed microbiome RF,Random sample split
10317.000069058,31,10317,10317:198ec54664604b9ea87e10f11a6d8349037bf3b4e018e7fb9998979245d8f2079c24bef91d79183b5ff2e19efdc4c846a59dec7189d1fe7235717e66307e1a72,male,hand,35.32330921040858,34,3,Fixed microbiome RF,Random sample split
1841.P16349,21,1841,1841:NAU153,female,hand,23.091377904502913,34,3,Fixed microbiome RF,Random sample split
1841.P16343,30,1841,1841:NAU108,female,hand,26.14216995861572,34,3,Fixed microbiome RF,Random sample split
1841.P16341,19,1841,1841:NAU107,female,hand,23.200462043868587,34,3,Fixed microbiome RF,Random sample split
2010.1814,34,2010,2010:17,female,head,36.23633077535416,34,3,Fixed microbiome RF,Random sample split
10317.000005021,30,10317,10317:2c781cf584aee5d39efce29589579b7dd2febe3a4bfa62c60433de1447518df5880335cd63d2437a93a394f955e59f77d49504cf3a905aa0691d531a5832b69b,female,hand,39.19567652965789,34,3,Fixed microbiome RF,Random sample split
1841.P15079,20,1841,1841:CUB049,female,hand,22.887947395921127,34,3,Fixed microbiome RF,Random sample split
1841.F06312,20,1841,1841:CUB051,male,head,24.746019760575685,34,3,Fixed microbiome RF,Random sample split
1841.F06310,21,1841,1841:CUB033,female,head,27.175667671302232,34,3,Fixed microbiome RF,Random sample split
10317.000007115,60,10317,10317:2c2e468c2481938c25962a208bec11d9f0eeca11f8a06d48aa50be31a747dd0327f6137458e4dfda584fc42b4c5f35613440eef5b177a1d0569e16e7432648dd,male,hand,39.258997788670136,34,3,Fixed microbiome RF,Random sample split
10317.000007119,60,10317,10317:2c2e468c2481938c25962a208bec11d9f0eeca11f8a06d48aa50be31a747dd0327f6137458e4dfda584fc42b4c5f35613440eef5b177a1d0569e16e7432648dd,male,hand,48.26239783856996,34,3,Fixed microbiome RF,Random sample split
1841.P16281,19,1841,1841:NAU107,female,hand,22.674407940727352,34,3,Fixed microbiome RF,Random sample split
1841.F05049,20,1841,1841:NCS263,male,head,26.949645829472125,34,3,Fixed microbiome RF,Random sample split
1841.F05046,20,1841,1841:NCS210,female,head,24.26946346097251,34,3,Fixed microbiome RF,Random sample split
1841.F06377,21,1841,1841:CUB044,male,head,23.665925371095405,34,3,Fixed microbiome RF,Random sample split
10317.000015183,55,10317,10317:45e54011490a1e8319d45ba35b5c9c687e4ec395fd00d5bd3b927f21b897135e002c9c488ced29f5644e9cc87c9d6d420ce68c9a95f88b151cd7a4c6182ead64,male,hand,42.554162741020306,34,3,Fixed microbiome RF,Random sample split
1841.P15014,20,1841,1841:CUB036,female,hand,24.939689446628556,34,3,Fixed microbiome RF,Random sample split
1841.P15012,23,1841,1841:CUB053,female,hand,24.415293485754002,34,3,Fixed microbiome RF,Random sample split
1841.F06372,20,1841,1841:CUB010,female,head,27.642437387090002,34,3,Fixed microbiome RF,Random sample split
1841.P15237,20,1841,1841:CUB008,male,hand,25.322233365592744,34,3,Fixed microbiome RF,Random sample split
1841.P15942,21,1841,1841:CUB029,male,hand,22.18726789140441,34,3,Fixed microbiome RF,Random sample split
1841.F05854,21,1841,1841:NAU106,female,head,25.274356124611543,34,3,Fixed microbiome RF,Random sample split
1841.P16072,28,1841,1841:NAU103,female,hand,26.905994646102517,34,3,Fixed microbiome RF,Random sample split
1841.F05180,32,1841,1841:NAU150,female,head,29.209030188561446,34,3,Fixed microbiome RF,Random sample split
1841.P15031,21,1841,1841:CUB044,male,hand,24.807052493779228,34,3,Fixed microbiome RF,Random sample split
1841.F06422,21,1841,1841:CUB033,female,head,23.559998030617436,34,3,Fixed microbiome RF,Random sample split
1841.F06425,22,1841,1841:CUB040,male,head,24.56544690042391,34,3,Fixed microbiome RF,Random sample split
1841.F06424,22,1841,1841:CUB040,male,head,24.920261577678858,34,3,Fixed microbiome RF,Random sample split
10317.000049768,66,10317,10317:5e5f5fc79a512a180eb0cd63fa75b7307715996b1aff58edbefb0ed0d6548904bf74f95a466efb9525a910f69150d98cfae7b1c55b9bf3e278b402a8439e8d4c,male,head,38.731057987745956,34,3,Fixed microbiome RF,Random sample split
10317.000049767,66,10317,10317:5e5f5fc79a512a180eb0cd63fa75b7307715996b1aff58edbefb0ed0d6548904bf74f95a466efb9525a910f69150d98cfae7b1c55b9bf3e278b402a8439e8d4c,male,hand,45.48219459730282,34,3,Fixed microbiome RF,Random sample split
10317.000049766,66,10317,10317:5e5f5fc79a512a180eb0cd63fa75b7307715996b1aff58edbefb0ed0d6548904bf74f95a466efb9525a910f69150d98cfae7b1c55b9bf3e278b402a8439e8d4c,male,hand,39.76963600906544,34,3,Fixed microbiome RF,Random sample split
10317.000049762,52,10317,10317:00069244bd1f2b8987ec0be407f83eec727bd40dde9ff15d05497f7db0f60f551d4af74463256aae7abd00d1a3180ca506bd16e684d859304c2864b1c7e4a8f6,male,hand,41.05546789650632,34,3,Fixed microbiome RF,Random sample split
1841.P15297,22,1841,1841:CUB040,male,hand,25.27719994828764,34,3,Fixed microbiome RF,Random sample split
1841.F05191,26,1841,1841:NAU146,female,head,24.17044475033373,34,3,Fixed microbiome RF,Random sample split
1841.F05621,23,1841,1841:CUB013,male,head,27.237360328390064,34,3,Fixed microbiome RF,Random sample split
10317.000004928,55,10317,10317:169fc8e4a87bbb9fd81677779eb46fc8c4e57700e8a9fe6448edd4c1b573f6c2885cef43b7349fe9fa37dfd3379bc8b84b536aefeb7c6610a495bc898a20d1b7,female,hand,39.85677271642309,34,3,Fixed microbiome RF,Random sample split
1841.F05447,25,1841,1841:NAU157,male,head,28.967506059447935,34,3,Fixed microbiome RF,Random sample split
1841.F05445,21,1841,1841:NAU153,female,head,22.8471645021645,34,3,Fixed microbiome RF,Random sample split
1841.F05852,24,1841,1841:NAU109,male,head,24.840769287928495,34,3,Fixed microbiome RF,Random sample split
1841.F05858,21,1841,1841:NAU161,male,head,22.70981452575202,34,3,Fixed microbiome RF,Random sample split
1841.F06168,20,1841,1841:CUB036,female,head,23.006944349053708,34,3,Fixed microbiome RF,Random sample split
1841.P15996,22,1841,1841:CUB007,female,hand,25.01827681829041,34,3,Fixed microbiome RF,Random sample split
10317.000012183,20,10317,10317:dcec02861cff21f48d1c5f3ed86756b2b4a7b0454ada0eebaf563693a8cb77d2a15532e24b80dea64c7e2834c1e81a8c3544105283aac287a4f258b2e279673f,unknown,head,40.219819197980556,34,3,Fixed microbiome RF,Random sample split
1841.P16059,20,1841,1841:NAU119,male,hand,22.293573038803302,34,3,Fixed microbiome RF,Random sample split
1841.F05246,33,1841,1841:NAU144,male,head,25.673813067719312,34,3,Fixed microbiome RF,Random sample split
1841.F06406,20,1841,1841:CUB037,female,head,21.947474882573566,34,3,Fixed microbiome RF,Random sample split
1841.F06400,29,1841,1841:CUB011,female,head,26.111350220959594,34,3,Fixed microbiome RF,Random sample split
1841.F05606,22,1841,1841:CUB048,female,head,26.78898347078832,34,3,Fixed microbiome RF,Random sample split
1841.F05608,23,1841,1841:CUB053,female,head,24.648428210760855,34,3,Fixed microbiome RF,Random sample split
1841.F05652,21,1841,1841:CUB032,female,head,24.813694137094636,34,3,Fixed microbiome RF,Random sample split
1841.P16335,33,1841,1841:NAU144,male,hand,25.851560572103335,34,3,Fixed microbiome RF,Random sample split
10317.000069027,22,10317,10317:a6a72ae91b2b02c8ea4cfe12d58d98ebe5b424cd88d36f8b84e1deec1b971b6c50e1fbca139d0b8b67d6f73821c7922d555844d105af99dd4813cd966993df6f,male,head,37.06922610886416,34,3,Fixed microbiome RF,Random sample split
10317.000036735,63,10317,10317:0195d329f030b0250f2e009ac656b8ee7c006c3a064b6d08770ecd7067bf4098cd0fb82f552a671d583f26002b4f2753d6bca1b02521b55faac3ba0bc1e64d8a,male,head,45.35254548971376,34,3,Fixed microbiome RF,Random sample split
10317.000036732,63,10317,10317:0195d329f030b0250f2e009ac656b8ee7c006c3a064b6d08770ecd7067bf4098cd0fb82f552a671d583f26002b4f2753d6bca1b02521b55faac3ba0bc1e64d8a,male,head,44.57143866087379,34,3,Fixed microbiome RF,Random sample split
1841.F05819,33,1841,1841:NAU144,male,head,24.008534815878555,34,3,Fixed microbiome RF,Random sample split
1841.P16521,23,1841,1841:CUB056,male,hand,25.032856518481516,34,3,Fixed microbiome RF,Random sample split
1841.P16520,20,1841,1841:CUB049,female,hand,22.351668106199348,34,3,Fixed microbiome RF,Random sample split
1841.F06351,20,1841,1841:CUB036,female,head,23.566280630676694,34,3,Fixed microbiome RF,Random sample split
2010.2777,24,2010,2010:37,female,head,26.105060198227175,34,3,Fixed microbiome RF,Random sample split
10317.000014464,41,10317,10317:a6784c1d3806fcca45ba186c495c648cf0cf10b392f120efe7f26f9c0e66051dc675a9c077f1f39993f524f521e594b30048ca45ea6cbc19b96938f9734afb55,male,head,38.721233524960766,34,3,Fixed microbiome RF,Random sample split
10317.000004206,76,10317,10317:e4f690795c66a065feccd07de0128f89746b411eb215789f6c7c9bd18b20cd831f9b9a7e3b8af5952b3c56c532534d3f1045f353d46b4b79876a0f6c8b58df96,female,hand,49.72609353095912,34,3,Fixed microbiome RF,Random sample split
1841.F06468,36,1841,1841:CUB042,male,head,34.430920061568635,34,3,Fixed microbiome RF,Random sample split
1841.F06399,22,1841,1841:CUB016,female,head,22.648441677807483,34,3,Fixed microbiome RF,Random sample split
1841.F06391,21,1841,1841:CUB026,male,head,22.966491223049594,34,3,Fixed microbiome RF,Random sample split
10317.000003421,38,10317,10317:2c1dc7180a23c9b4b53377ef49354e5a65ac187f6b2e4c844d48fd9ce66134f3da5f2dca02c0517797503a34ddc875a23897cd9d5727c990e46a58599759b35a,male,head,43.81755437930598,34,3,Fixed microbiome RF,Random sample split
10317.000005646,65,10317,10317:98e719bb087e2058ac8f1e380218232d306e4f5c7d2359784abda5fddf02926beb32a6c0ba8383dd0026ec1f0d372d68007114cdd2512a3abb3d77158fa6f4d1,female,hand,40.83821091149216,34,3,Fixed microbiome RF,Random sample split
10317.000005644,65,10317,10317:98e719bb087e2058ac8f1e380218232d306e4f5c7d2359784abda5fddf02926beb32a6c0ba8383dd0026ec1f0d372d68007114cdd2512a3abb3d77158fa6f4d1,female,head,41.356785384371385,34,3,Fixed microbiome RF,Random sample split
10317.000005645,65,10317,10317:98e719bb087e2058ac8f1e380218232d306e4f5c7d2359784abda5fddf02926beb32a6c0ba8383dd0026ec1f0d372d68007114cdd2512a3abb3d77158fa6f4d1,female,hand,39.450021150385744,34,3,Fixed microbiome RF,Random sample split
10317.000015363,43,10317,10317:3fec78757c5821d558096acce3e9df6968ae564264912c66f6a851727ebd63c36eee0764c3d1e47c0813cb5998caa14cb2bec75ca8716e8e3437768b86b408aa,male,head,41.31654357359916,34,3,Fixed microbiome RF,Random sample split
10317.000020708,38,10317,10317:06cf6f63a01f0bbf35a097b00d8e378ca6a8df068d8f99cb73feead69c041664f4cbec9fbc91e7f587844c43d5c16bab7d422b2890e7a2805db632fccecc39a0,female,hand,38.13260251235982,34,3,Fixed microbiome RF,Random sample split
1841.F05665,21,1841,1841:CUB038,female,head,24.57650736416362,34,3,Fixed microbiome RF,Random sample split
1841.P16204,37,1841,1841:NAU148,male,hand,29.761599047908806,34,3,Fixed microbiome RF,Random sample split
1841.F05343,21,1841,1841:NAU154,female,head,23.781615147005784,34,3,Fixed microbiome RF,Random sample split
1841.F05835,19,1841,1841:NAU107,female,head,23.149707566738822,34,3,Fixed microbiome RF,Random sample split
1841.F05628,41,1841,1841:CUB050,female,head,30.50977022108262,34,3,Fixed microbiome RF,Random sample split
1841.F05620,36,1841,1841:CUB042,male,head,34.54463077876025,34,3,Fixed microbiome RF,Random sample split
1841.P16546,22,1841,1841:CUB004,female,hand,23.839010191197694,34,3,Fixed microbiome RF,Random sample split
10317.000028935,49,10317,10317:59c5a0dcd9d6d45203241bf0d68b0edca829b4582f84f330ac3af24222033b834f16c878479c24ee630d0f140e43b819dacac90ab05a15289947fda4549dfdec,male,head,46.2427563477915,34,3,Fixed microbiome RF,Random sample split
10317.000007829,37,10317,10317:33f6eb641f0e5c66654a93864fec0950724028557f530a644e104dc1d7f29bec16c25352f4cffae510cf433760537423b71c5a032a7e279e0c197c4df1d601a4,male,head,39.52531601008125,34,3,Fixed microbiome RF,Random sample split
1841.F05133,30,1841,1841:NAU155,female,head,26.043286113041557,34,3,Fixed microbiome RF,Random sample split
1841.P16229,20,1841,1841:NAU121,female,hand,23.582043894626615,34,3,Fixed microbiome RF,Random sample split
1841.P16488,22,1841,1841:NCS212,female,hand,23.310482312826057,34,3,Fixed microbiome RF,Random sample split
1841.P15130,19,1841,1841:NCS233,male,hand,23.58231582242684,34,3,Fixed microbiome RF,Random sample split
1841.F06057,20,1841,1841:NCS263,male,head,26.483055022824914,34,3,Fixed microbiome RF,Random sample split
10317.000005431,36,10317,10317:ca094c456996ab8a9ad0f33489c86fed9f280451a6cc84da275911ae7897e6bad66f0f5976a12854a9da9b8e65cc31dc6c689b846ae257ca5841dd6d1296e0ec,unknown,hand,41.24668119983204,34,3,Fixed microbiome RF,Random sample split
1841.F05588,21,1841,1841:NAU124,female,head,23.161586755258636,34,3,Fixed microbiome RF,Random sample split
1841.F06485,20,1841,1841:CUB008,male,head,23.639147643232846,34,3,Fixed microbiome RF,Random sample split
1841.P16569,41,1841,1841:CUB050,female,hand,31.664441126129315,34,3,Fixed microbiome RF,Random sample split
1841.P16565,21,1841,1841:CUB038,female,hand,23.613845569345628,34,3,Fixed microbiome RF,Random sample split
1841.F05111,20,1841,1841:NAU121,female,head,23.772073967698965,34,3,Fixed microbiome RF,Random sample split
1841.F05116,21,1841,1841:NAU124,female,head,23.439632303916845,34,3,Fixed microbiome RF,Random sample split
1841.P15279,22,1841,1841:CUB007,female,hand,23.72072410204497,34,3,Fixed microbiome RF,Random sample split
1841.P16603,21,1841,1841:CUB033,female,hand,23.624260375041633,34,3,Fixed microbiome RF,Random sample split
1841.P15803,21,1841,1841:NAU154,female,hand,22.910176181258407,34,3,Fixed microbiome RF,Random sample split
1841.F05565,20,1841,1841:NAU121,female,head,22.76337106196069,34,3,Fixed microbiome RF,Random sample split
2010.2201,22,2010,2010:29,female,head,35.93743471306268,34,3,Fixed microbiome RF,Random sample split
10317.000047841,56,10317,10317:0bcb4e3d31b0b117c3b6fa86fc51584ae6a9aa505a981882486f137cc53b9ca3d82e6e63f354b102ed104a17e902d66783bd63854c3549b887a4be67e55128ab,female,hand,43.95860654409158,34,3,Fixed microbiome RF,Random sample split
1841.F05314,23,1841,1841:NCS203,female,head,27.05607053217251,34,3,Fixed microbiome RF,Random sample split
1841.F05170,25,1841,1841:NAU157,male,head,25.056781569760723,34,3,Fixed microbiome RF,Random sample split
10317.000005081,33,10317,10317:a29fd754368cde4d06c428f68fac03a5f07bc4192f8ad6f00b4dead3a90b4f2a07cda53d353c8eebcdf472b25a87cc69592d2bcf0fae7f901a0ee6e9cff063c9,male,hand,37.74474881680861,34,3,Fixed microbiome RF,Random sample split
10317.000033403,37,10317,10317:8a84e546f33305e110f2059f0c1a87a533d58f09e3ae2fd4519dcf3418d8d566956b23eebebef879dda59b2ae8ba5c775acf7a5181d6b381697b949a1c8cefc6,male,head,46.33556393015529,34,3,Fixed microbiome RF,Random sample split
1841.F06540,22,1841,1841:CUB004,female,head,25.8558463100199,34,3,Fixed microbiome RF,Random sample split
1841.F06546,22,1841,1841:CUB048,female,head,24.738891307324206,34,3,Fixed microbiome RF,Random sample split
1841.F06545,20,1841,1841:CUB051,male,head,25.453031260588823,34,3,Fixed microbiome RF,Random sample split
1841.P15392,21,1841,1841:NCS262,male,hand,23.333340475314152,34,3,Fixed microbiome RF,Random sample split
10317.000005165,60,10317,10317:c05d316c7a234de92fd6181929f128efb782363ffe6c343358fc3ab402b473dbf8a8138a22044ea3b02099711ecfa77358776132a3ed110a1b2153eeb178378a,male,hand,49.20638960225494,34,3,Fixed microbiome RF,Random sample split
1841.F05543,22,1841,1841:NAU164,male,head,26.209796415798245,34,3,Fixed microbiome RF,Random sample split
10317.000027366,37,10317,10317:482345a32e3a7b9b720d6fdc686fc3e70d753e64e43afd362ef02e1fc5dd37b501623bdb8a16c51af559d1fc8a5f1aea69b6791e90ce65954b3ece776b8e4868,male,hand,42.20223609813152,34,3,Fixed microbiome RF,Random sample split
1841.P15537,20,1841,1841:NAU115,male,hand,24.017426979678817,34,3,Fixed microbiome RF,Random sample split
1841.F05619,21,1841,1841:CUB000,female,head,24.249846958596958,34,3,Fixed microbiome RF,Random sample split
1841.F05891,20,1841,1841:NAU121,female,head,23.448892948350665,34,3,Fixed microbiome RF,Random sample split
1841.F05893,33,1841,1841:NAU144,male,head,25.75461332070707,34,3,Fixed microbiome RF,Random sample split
1841.F05328,19,1841,1841:NCS208,female,head,26.08986990885908,34,3,Fixed microbiome RF,Random sample split
1841.P15706,21,1841,1841:NAU153,female,hand,23.197990579413265,34,3,Fixed microbiome RF,Random sample split
1841.F06201,37,1841,1841:NAU148,male,head,26.60164179940931,34,3,Fixed microbiome RF,Random sample split
1841.F06205,21,1841,1841:NAU124,female,head,22.967442052432858,34,3,Fixed microbiome RF,Random sample split
1841.P16399,24,1841,1841:NAU109,male,hand,22.87763911435786,34,3,Fixed microbiome RF,Random sample split
1841.P16394,28,1841,1841:NAU103,female,hand,26.3899159347597,34,3,Fixed microbiome RF,Random sample split
1841.P16424,22,1841,1841:NCS255,female,hand,23.066775368728493,34,3,Fixed microbiome RF,Random sample split
1841.F06564,23,1841,1841:CUB053,female,head,22.632972109348124,34,3,Fixed microbiome RF,Random sample split
1841.P16184,32,1841,1841:NAU102,unknown,hand,22.832189529220777,34,3,Fixed microbiome RF,Random sample split
10317.000049008,28,10317,10317:1c1595cde947e2229328634b1257ec5f5c6bf890d5eb88d65618fda2567f5b28fe935303746ce0cd8771db48dc0a929a39b186bfef9fe0ee516d2a408a7ff58d,female,head,38.88849185216301,34,3,Fixed microbiome RF,Random sample split
1841.P15511,20,1841,1841:NAU119,male,hand,22.624268240440113,34,3,Fixed microbiome RF,Random sample split
1841.P15519,20,1841,1841:NAU121,female,hand,27.67119012578552,34,3,Fixed microbiome RF,Random sample split
1841.P16093,21,1841,1841:NAU124,female,hand,23.267350595654072,34,3,Fixed microbiome RF,Random sample split
10317.000002296,59,10317,10317:1cdc297c8f2ba505978edaff0ca8a91960f6e37bcadd2d77435d2c65097bb57ad3ff6cc0fa9a2fb4694f352f0371cbd3faae7bad89ff335242858790807507c1,female,hand,44.41711542316852,34,3,Fixed microbiome RF,Random sample split
10317.000063159,25,10317,10317:3e74c911b962f0afc2cdf9be99137894321cd28afa86ae9be26bfba86712502c3e8a61b4db55401131c7c041ae071ba253516caa7a7f9fd61b5038eea71d7d41,female,hand,32.99938646795283,34,3,Fixed microbiome RF,Random sample split
1841.P15728,20,1841,1841:NAU110,female,hand,26.518079741439117,34,3,Fixed microbiome RF,Random sample split
1841.P16401,21,1841,1841:NAU124,female,hand,24.16776882667556,34,3,Fixed microbiome RF,Random sample split
1841.P16404,23,1841,1841:NCS203,female,hand,25.381827271686653,34,3,Fixed microbiome RF,Random sample split
10317.000009650,53,10317,10317:b565af2054e502f6e52e66e3de2b5e2199b3a8637ef66233b06e6fe02859801a1bae272653dde3b99ca69985f5434f1a2cdf4fde7507455f5740cc3df03b878c,female,head,41.548398722258895,34,3,Fixed microbiome RF,Random sample split
1841.F06508,23,1841,1841:CUB056,male,head,29.356637609385878,34,3,Fixed microbiome RF,Random sample split
10317.000069135,34,10317,10317:2fe8dc51162640ecda81c266c7b13a12fa0b362550125c042231ebf311ae65b5597119ff4c21bc3e0d2daf7c54569db93c6d59b2cd8c7abd7c7e43d806b66718,male,head,38.79768048532232,34,3,Fixed microbiome RF,Random sample split
1841.P15573,21,1841,1841:NAU124,female,hand,23.891745168900965,34,3,Fixed microbiome RF,Random sample split
1841.F06436,21,1841,1841:CUB003,female,head,26.110351047849583,34,3,Fixed microbiome RF,Random sample split
10317.000049745,64,10317,10317:b03b7d707e125ba38f6ae4345eb6389f63c2caed719f3d69552e392dbe3d40c17b9f8b97c1e801df3731171dea8ebdb990b7f88d87da78c626beccba0003cf7f,female,head,48.63277061231924,34,3,Fixed microbiome RF,Random sample split
1841.P15743,30,1841,1841:NAU155,female,hand,26.67174356982816,34,3,Fixed microbiome RF,Random sample split
1841.F06249,30,1841,1841:NAU155,female,head,26.63948893579867,34,3,Fixed microbiome RF,Random sample split
1841.F06242,37,1841,1841:NAU148,male,head,29.275651443150725,34,3,Fixed microbiome RF,Random sample split
1841.F05267,26,1841,1841:NAU146,female,head,23.541198329373152,34,3,Fixed microbiome RF,Random sample split
1841.P16466,22,1841,1841:NCS255,female,hand,26.858878179223446,34,3,Fixed microbiome RF,Random sample split
1841.P16465,20,1841,1841:NCS263,male,hand,28.774304964248426,34,3,Fixed microbiome RF,Random sample split
1841.F05894,20,1841,1841:NAU115,male,head,24.126438041125535,34,3,Fixed microbiome RF,Random sample split
10317.000066831,29,10317,10317:7f8b5599423e74bb4268af85d143fbeed68370b2eaa79f6e6facbcf10974040d6ef4afefb5ff2aab1f618ba97f2eecc39b0621fb60a556425670ca9606d4aa0c,male,hand,35.01646158367801,34,3,Fixed microbiome RF,Random sample split
1841.F06520,21,1841,1841:CUB026,male,head,24.566437623505873,34,3,Fixed microbiome RF,Random sample split
1841.F06529,22,1841,1841:CUB004,female,head,26.067214773451195,34,3,Fixed microbiome RF,Random sample split
1841.P15084,21,1841,1841:CUB032,female,hand,23.84337156264787,34,3,Fixed microbiome RF,Random sample split
1841.P15087,36,1841,1841:CUB042,male,hand,34.64432316359546,34,3,Fixed microbiome RF,Random sample split
1841.P15224,22,1841,1841:CUB040,male,hand,25.373952524995808,34,3,Fixed microbiome RF,Random sample split
1841.F05077,23,1841,1841:NCS243,male,head,26.66327691958346,34,3,Fixed microbiome RF,Random sample split
10317.000031072,52,10317,10317:704472fc9c96c860a14513fc1c6660f72e2d159bd1dcf6011fcde0750d69d6ace9a9260923b171897ac72f33ec8c0d03721a0dcd0c676e8988974e6e22e4265a,male,hand,46.09485608547388,34,3,Fixed microbiome RF,Random sample split
2010.1474,35,2010,2010:9,female,head,37.54430088034788,34,3,Fixed microbiome RF,Random sample split
10317.000063279,30,10317,10317:891ba49891c93e012ced08e68550251a74e2939dbec3af58e67b97d73d2d0f32fd7530e785db3ae620b3a125927c31d18d0e6c08bfe00778a19646a44083e9e7,male,hand,36.52013929551977,34,3,Fixed microbiome RF,Random sample split
1841.P15762,22,1841,1841:NAU137,female,hand,22.286995442736917,34,3,Fixed microbiome RF,Random sample split
10317.000005261,28,10317,10317:9d5f397f06d407dcb0aa1ac134a406dcc9d133b7241030bf81c3cb01f3341e891530737a66d2693596ab16f97b05b66c20bc630d57221b89a0ecb2db01c1f747,male,hand,41.521859686513025,34,3,Fixed microbiome RF,Random sample split
1841.P16332,25,1841,1841:NAU157,male,hand,25.066011106035777,34,3,Fixed microbiome RF,Random sample split
1841.P15207,23,1841,1841:CUB028,male,hand,24.567512161480078,34,3,Fixed microbiome RF,Random sample split
1841.P15202,20,1841,1841:CUB036,female,hand,27.643762024841994,34,3,Fixed microbiome RF,Random sample split
1841.P15208,22,1841,1841:CUB048,female,hand,27.665318159109734,34,3,Fixed microbiome RF,Random sample split
10317.000015211,33,10317,10317:356171d003a70eda05dbc44ca7f1c23e803cbba14631a5247db7774ba0e837cd853a804b6bc41bc084b8849021f84c1c780ad04856231b70f72faf5ef5b4bcbf,male,head,40.97043726441903,34,3,Fixed microbiome RF,Random sample split
10317.000015219,46,10317,10317:dd55969d0664a6b5a0188fc460aa56c9db31fb38d59b1bc6cab8778141628932862c52634d68f1f637d42f51131e7fa48bfb164ddc9f18e878a3cf6cc8bb0a20,female,head,44.611143350846454,34,3,Fixed microbiome RF,Random sample split
1841.F05909,18,1841,1841:NCS213,female,head,22.532729705418845,34,3,Fixed microbiome RF,Random sample split
1841.P15922,21,1841,1841:CUB033,female,hand,24.198130330954395,34,3,Fixed microbiome RF,Random sample split
1841.F06288,55,1841,1841:NAU149,male,head,35.62761506531703,34,3,Fixed microbiome RF,Random sample split
1841.F06282,55,1841,1841:NAU149,male,head,31.950262365692662,34,3,Fixed microbiome RF,Random sample split
1841.F06285,21,1841,1841:NAU154,female,head,23.15209706959707,34,3,Fixed microbiome RF,Random sample split
1841.F06284,21,1841,1841:NAU153,female,head,22.36121613323359,34,3,Fixed microbiome RF,Random sample split
10317.000033426,26,10317,10317:bf31604fc742f42563e14f529efdb4bf456a2196957cdd5f7a03e77220b2f7cc72b439053c8c0b4e94997264dacb9d6c2dc062250570be1d1ee1d113328653f1,female,hand,41.38718912227149,34,3,Fixed microbiome RF,Random sample split
10317.000007080,48,10317,10317:63aa1010fee4655f80a2fd1ca92db0c9c662b7ff7dfeccd99a08edb7b7f5af8b2df1c92465690a27ee6aad1207495376abce78f3ddeffc05da0acb099f8efdb8,male,head,42.64450040659095,34,3,Fixed microbiome RF,Random sample split
1841.F05229,22,1841,1841:NAU137,female,head,23.205441700864505,34,3,Fixed microbiome RF,Random sample split
1841.P16317,21,1841,1841:NAU154,female,hand,23.210745765842265,34,3,Fixed microbiome RF,Random sample split
10317.000004058,66,10317,10317:f57b4981ac785615aba8f290342788db9294e4ab6b643dfb22eed77da0a189aacfb59ca5f5cf63c481d99849f549972a540d8f2170fbc94b25f2f659ad1687d8,male,head,40.46412163676576,34,3,Fixed microbiome RF,Random sample split
10317.000015015,41,10317,10317:ce1fd98484e30049ab6a9f362cff6bacde2a68b949d54142b56fe830f015c8ec656e789dfe4d793ec0abc652ccb025d8f245a86aa12b68a7664f1f34156f22d4,male,head,45.62906877714965,34,3,Fixed microbiome RF,Random sample split
1841.F06340,21,1841,1841:CUB029,male,head,22.273704229797982,34,3,Fixed microbiome RF,Random sample split
1841.P15045,22,1841,1841:CUB040,male,hand,23.097034970238095,34,3,Fixed microbiome RF,Random sample split
1841.P15047,20,1841,1841:CUB027,female,hand,22.336406733585044,34,3,Fixed microbiome RF,Random sample split
1841.P15599,20,1841,1841:NAU123,male,hand,23.028684081387745,34,3,Fixed microbiome RF,Random sample split
1841.P15260,21,1841,1841:CUB000,female,hand,25.653218621656116,34,3,Fixed microbiome RF,Random sample split
1841.P15263,22,1841,1841:CUB016,female,hand,23.47067859460371,34,3,Fixed microbiome RF,Random sample split
1841.P15262,20,1841,1841:CUB005,female,hand,23.860069159292497,34,3,Fixed microbiome RF,Random sample split
1841.F05969,18,1841,1841:NCS213,female,head,21.907985460719832,34,3,Fixed microbiome RF,Random sample split
1841.P16101,20,1841,1841:NAU121,female,hand,23.358466625796584,34,3,Fixed microbiome RF,Random sample split
1841.P16103,21,1841,1841:NAU154,female,hand,22.054475680569425,34,3,Fixed microbiome RF,Random sample split
10317.000049759,52,10317,10317:00069244bd1f2b8987ec0be407f83eec727bd40dde9ff15d05497f7db0f60f551d4af74463256aae7abd00d1a3180ca506bd16e684d859304c2864b1c7e4a8f6,male,hand,40.89608661772633,34,3,Fixed microbiome RF,Random sample split
10317.000068847,30,10317,10317:8d85619d1e25428067315418f5821569f94dd8cc697ce5e8952a81c8abc325ca2f69b743c1d3539e71093dc8dadc81905dc33874b12ef6d990d55c610bfb1eb3,male,head,36.53967118583817,34,3,Fixed microbiome RF,Random sample split
10317.000004056,52,10317,10317:6d4586a1f7c90185bb4ec90e82083cc45b12d79db4919f699dc24cc403347dfd5df17e6008b69cf2b3109ddb41512f4d7a52c91b647c1b59bfd31e8057bfcb0f,male,hand,43.64128716655232,34,3,Fixed microbiome RF,Random sample split
1841.P15679,36,1841,1841:CUB042,male,hand,31.200788057903896,34,3,Fixed microbiome RF,Random sample split
1841.P16373,20,1841,1841:NAU128,female,hand,26.241585209024073,34,3,Fixed microbiome RF,Random sample split
1841.P16590,23,1841,1841:CUB028,male,hand,23.455381346461504,34,3,Fixed microbiome RF,Random sample split
1841.F06015,20,1841,1841:NCS210,female,head,23.14813753087191,34,3,Fixed microbiome RF,Random sample split
1841.F06320,21,1841,1841:CUB033,female,head,25.6976143548121,34,3,Fixed microbiome RF,Random sample split
1841.F06324,21,1841,1841:CUB033,female,head,23.991380181404857,34,3,Fixed microbiome RF,Random sample split
1841.P15240,21,1841,1841:CUB012,female,hand,26.418850423719828,34,3,Fixed microbiome RF,Random sample split
1841.P15244,20,1841,1841:CUB051,male,hand,28.361668922073324,34,3,Fixed microbiome RF,Random sample split
1841.P15249,20,1841,1841:CUB008,male,hand,24.395520659385546,34,3,Fixed microbiome RF,Random sample split
1841.F06297,55,1841,1841:NAU149,male,head,31.541627161791475,34,3,Fixed microbiome RF,Random sample split
10317.000068830,29,10317,10317:03c0867966fe2299eb3b09291d5f0834310bdf5fceed9c9b7b397570bf8f2d2adaeb945c824ff0cb407abaf691b8173cfa03c4f8eb17e6dd9f6eda17502e66e4,male,hand,31.95220836248928,34,3,Fixed microbiome RF,Random sample split
1841.P15264,22,1841,1841:CUB004,female,hand,25.186736115191984,34,3,Fixed microbiome RF,Random sample split
1841.P16298,55,1841,1841:NAU149,male,hand,35.50809442045187,34,3,Fixed microbiome RF,Random sample split
1841.P16296,21,1841,1841:NAU154,female,hand,27.067708489427247,34,3,Fixed microbiome RF,Random sample split
1841.P16290,21,1841,1841:NAU153,female,hand,22.275669353668675,34,3,Fixed microbiome RF,Random sample split
1841.P16293,22,1841,1841:NAU133,male,hand,23.390479832667335,34,3,Fixed microbiome RF,Random sample split
1841.F05941,18,1841,1841:NCS213,female,head,26.004745865197993,34,3,Fixed microbiome RF,Random sample split
1841.F05415,20,1841,1841:NAU119,male,head,22.62946155407092,34,3,Fixed microbiome RF,Random sample split
10317.000005890,56,10317,10317:33ba8a7afe558034e3f527d8bcded781b3a03f65b84046973746dc39322e5974f8eea69a05cf01664cb731c14698655a03f89a9740b6d8a90c6d209b076ef538,male,hand,41.771344556552286,34,3,Fixed microbiome RF,Random sample split
1841.F05675,21,1841,1841:CUB029,male,head,24.40889168354793,34,3,Fixed microbiome RF,Random sample split
1841.F05674,21,1841,1841:CUB033,female,head,23.87805299462928,34,3,Fixed microbiome RF,Random sample split
2010.3180,31,2010,2010:41,female,head,35.56301079761834,34,3,Fixed microbiome RF,Random sample split
1841.F05452,30,1841,1841:NAU155,female,head,26.539650433630698,34,3,Fixed microbiome RF,Random sample split
1841.P16356,30,1841,1841:NAU108,female,hand,25.631556906635033,34,3,Fixed microbiome RF,Random sample split
1841.P16524,21,1841,1841:CUB026,male,hand,25.19165240507108,34,3,Fixed microbiome RF,Random sample split
1841.P15007,21,1841,1841:CUB003,female,hand,23.534520142724215,34,3,Fixed microbiome RF,Random sample split
1841.F06308,22,1841,1841:CUB016,female,head,24.279708910516582,34,3,Fixed microbiome RF,Random sample split
1841.F06305,20,1841,1841:CUB008,male,head,23.704944051184334,34,3,Fixed microbiome RF,Random sample split
10317.000049841,69,10317,10317:c9253f884608fc319fe8569e8e2979bb54c91a0e0d3c4ff7a4b8f149c7372a1c77029903e0508684d15d336da510bcc78d1e9c1aecbf85c0b6bc664b85990a20,female,head,48.37111451891281,34,3,Fixed microbiome RF,Random sample split
10317.000005363,67,10317,10317:673c8ce01f6c4b5120fb00380499db5eeb6a2fb55f33a66a36d79a28f321105b432b54532ecd02900640e027e6baa65fe94b194fa11f3a0eaf97f6abf95c9417,unknown,hand,47.916761560555486,34,3,Fixed microbiome RF,Random sample split
1841.F05092,23,1841,1841:NCS244,female,head,23.392798148032515,34,3,Fixed microbiome RF,Random sample split
1841.P15023,21,1841,1841:CUB029,male,hand,23.443031104629153,34,3,Fixed microbiome RF,Random sample split
1841.P15025,21,1841,1841:CUB003,female,hand,25.032990522039235,34,3,Fixed microbiome RF,Random sample split
1841.F06365,20,1841,1841:CUB005,female,head,24.380618836331156,34,3,Fixed microbiome RF,Random sample split
1841.F06363,21,1841,1841:CUB032,female,head,22.842761973122116,34,3,Fixed microbiome RF,Random sample split
1841.P15281,41,1841,1841:CUB050,female,hand,35.8831017203715,34,3,Fixed microbiome RF,Random sample split
1841.P15221,36,1841,1841:CUB042,male,hand,36.19098621440402,34,3,Fixed microbiome RF,Random sample split
10317.000005290,69,10317,10317:f468dfbfdc239f0e3bbe1de592c866535d2e70f74b05af2999cd5ac5b39818383c58a904146c605bc773f87fac2da08ddde7d4bedced3110d5c1d3b15657f73e,male,hand,45.63511793207458,34,3,Fixed microbiome RF,Random sample split
10317.000015502,58,10317,10317:39bccde315a4d2e26bd21d11d8612666496433302b42a988f2e86dbe04d585b4ed30f82357ad21121e121b84ba5b37d2ecaf536b10e6faf7bae853217d2e1db6,male,hand,42.12074614319111,34,3,Fixed microbiome RF,Random sample split
1841.F06466,22,1841,1841:CUB048,female,head,26.15389659805923,34,3,Fixed microbiome RF,Random sample split
1841.F05630,20,1841,1841:CUB005,female,head,22.780469808990034,34,3,Fixed microbiome RF,Random sample split
10317.000015291,29,10317,10317:fac33038e7fdc9cea92cfafa3a1c3f21658eba746fdc582552dc90cf29de5130fdb07560083b3745b42ab1b35c0098ade96b984095fd4c6ab41f086f38fdf732,male,hand,46.21789566162247,34,3,Fixed microbiome RF,Random sample split
1841.F06170,20,1841,1841:CUB008,male,head,23.224952531005872,34,3,Fixed microbiome RF,Random sample split
1841.P15611,20,1841,1841:CUB049,female,hand,23.27744817054667,34,3,Fixed microbiome RF,Random sample split
1841.F06433,21,1841,1841:CUB026,male,head,21.95438126566416,34,3,Fixed microbiome RF,Random sample split
1841.F05474,22,1841,1841:NAU130,female,head,22.590044244970713,34,3,Fixed microbiome RF,Random sample split
1841.F06031,22,1841,1841:NCS212,female,head,24.71627799044519,34,3,Fixed microbiome RF,Random sample split
1841.P16187,24,1841,1841:NAU109,male,hand,22.88095144033491,34,3,Fixed microbiome RF,Random sample split
1841.P16186,24,1841,1841:NAU109,male,hand,24.985855394605384,34,3,Fixed microbiome RF,Random sample split
1841.P16180,32,1841,1841:NAU150,female,hand,28.697423678751807,34,3,Fixed microbiome RF,Random sample split
1841.F05647,21,1841,1841:CUB044,male,head,23.9515071665628,34,3,Fixed microbiome RF,Random sample split
1841.P15989,22,1841,1841:CUB004,female,hand,25.78263470036908,34,3,Fixed microbiome RF,Random sample split
1841.P15181,18,1841,1841:NCS213,female,hand,23.966129777568916,34,3,Fixed microbiome RF,Random sample split
2010.1840,32,2010,2010:19,female,head,42.69085662844249,34,3,Fixed microbiome RF,Random sample split
1841.P15369,22,1841,1841:NCS255,female,hand,22.91761007280177,34,3,Fixed microbiome RF,Random sample split
1841.F05808,21,1841,1841:NAU154,female,head,23.556594518089675,34,3,Fixed microbiome RF,Random sample split
1841.F05287,25,1841,1841:NAU157,male,head,26.952073796113797,34,3,Fixed microbiome RF,Random sample split
1841.F05804,21,1841,1841:NAU124,female,head,22.90006408248184,34,3,Fixed microbiome RF,Random sample split
1841.P16513,29,1841,1841:CUB011,female,hand,23.686949530249166,34,3,Fixed microbiome RF,Random sample split
10317.000009071,31,10317,10317:48fd24a3221f83a24f4307730fea531db77cc72647a64a29ffcf0dd97f7305deea2b1e3c1cba32b3cbe473a91330373f80b78deedad17f887fccce56f5ebe393,male,head,43.440418638810094,34,3,Fixed microbiome RF,Random sample split
10317.000028942,46,10317,10317:f418e55e3e56cef19b56c0429433fa84e94863f2dc63628da31cf79cf361518786dfccf3fb6ae6e69d5dda970371a55dfedfec2e4e44bf990c150a4b1010a10a,male,hand,45.43108029613565,34,3,Fixed microbiome RF,Random sample split
10317.000048360,64,10317,10317:38b52d80745205082d2b0768d21dd49bd97b0762ddb17ec4e549c69b3b75f17167733bf4a73fe6fdc52037e40d6b89fc512dffe4c7ea605af2290fac125f6726,female,head,46.263299937977,34,3,Fixed microbiome RF,Random sample split
10317.000005651,65,10317,10317:5e5f5fc79a512a180eb0cd63fa75b7307715996b1aff58edbefb0ed0d6548904bf74f95a466efb9525a910f69150d98cfae7b1c55b9bf3e278b402a8439e8d4c,male,hand,51.442877070308874,34,3,Fixed microbiome RF,Random sample split
1841.P16530,20,1841,1841:CUB010,female,hand,22.512176365301368,34,3,Fixed microbiome RF,Random sample split
1841.P16218,22,1841,1841:NAU137,female,hand,25.341586632184057,34,3,Fixed microbiome RF,Random sample split
1841.F05490,21,1841,1841:NAU161,male,head,23.6918100475913,34,3,Fixed microbiome RF,Random sample split
1841.P15231,22,1841,1841:CUB004,female,hand,28.836578094386123,34,3,Fixed microbiome RF,Random sample split
10317.000040133,65,10317,10317:2b9cd37b03a34e4fed908599b8aedfd4277f38cd704e2625664f495885508a6c40fe8b88f3c9b254c454e5fdcaeef45ed360aa3202dd2bd6326d6e5df964004a,male,head,45.1407601501234,34,3,Fixed microbiome RF,Random sample split
1841.P15304,23,1841,1841:NCS244,female,hand,22.544519248113,34,3,Fixed microbiome RF,Random sample split
10317.000009724,39,10317,10317:8b672a386ead28ace9c7eaea68003a8d0be6651cf9544c799a49155c372bc6524d53fd7aae5b008caced52ac352c5fe0a4810a846032621cf2d9fc79200e1218,unknown,hand,39.4382089949835,34,3,Fixed microbiome RF,Random sample split
10317.000020763,51,10317,10317:271445d9d2f17a19777c6abc5576840700fc57ecb19654f09610d4d1187e722ba995215d7e0cdfd20bd17f6a11fcb5232973c72d5d66bf7a0933e78b7d8aeabc,female,head,47.6173389737869,34,3,Fixed microbiome RF,Random sample split
1841.F06478,20,1841,1841:CUB049,female,head,22.367622708174185,36,4,Fixed microbiome RF,Random sample split
1841.F06385,22,1841,1841:CUB048,female,head,25.53813636167577,36,4,Fixed microbiome RF,Random sample split
1841.F05650,20,1841,1841:CUB051,male,head,24.719088141122292,36,4,Fixed microbiome RF,Random sample split
1841.F05126,21,1841,1841:NAU154,female,head,23.852584747768567,36,4,Fixed microbiome RF,Random sample split
1841.P16234,20,1841,1841:NAU121,female,hand,25.29625963956387,36,4,Fixed microbiome RF,Random sample split
1841.P16491,22,1841,1841:NCS212,female,hand,26.111807376340618,36,4,Fixed microbiome RF,Random sample split
1841.F05564,30,1841,1841:NAU155,female,head,24.19847801138919,36,4,Fixed microbiome RF,Random sample split
1841.P15331,23,1841,1841:NCS243,male,hand,23.89789883727384,36,4,Fixed microbiome RF,Random sample split
1841.F06045,23,1841,1841:NCS243,male,head,27.155998567531896,36,4,Fixed microbiome RF,Random sample split
2010.3168,31,2010,2010:43,female,head,39.198396139666734,36,4,Fixed microbiome RF,Random sample split
10317.000020453,42,10317,10317:717a010ecae247e17c0d75cdc08151d79ef870155f338e469f89c0489311881fcd9a409c1f2f17cbfdb5c5e655cd7b7ba153016ff78cd3d0326a1da4bbbbe1b4,male,head,45.14890868278162,36,4,Fixed microbiome RF,Random sample split
10317.000005566,53,10317,10317:2bbbda8f68f57e1c57d3e97ada9c16a61165e5a3a31f556df77429e4efca7c8de4a4dd989152a974f15603348945abd6a2335caec0d3d6fe9e7136e3865909bc,male,hand,45.21409207645429,36,4,Fixed microbiome RF,Random sample split
1841.P16554,20,1841,1841:CUB037,female,hand,26.01214892230837,36,4,Fixed microbiome RF,Random sample split
1841.P16550,20,1841,1841:CUB010,female,hand,23.63053036201089,36,4,Fixed microbiome RF,Random sample split
1841.F06139,22,1841,1841:CUB048,female,head,24.261284191706984,36,4,Fixed microbiome RF,Random sample split
10317.000068943,39,10317,10317:aa8c21f5078bc7371b21ffbe19854212c26e4ba8b087307ab121b615566704bf41428d321554791b675f216db7f7d1922190d57c119c58c01ff5e6a1b7a11da3,male,head,40.20162995518054,36,4,Fixed microbiome RF,Random sample split
10317.000049241,56,10317,10317:bd91fc26c20a7652fc421fee2aa75624e4db7f68e0e4fde846745c30bb976e46e87f9660bdf0cea293a6b1ddf22122f6376d2be385445805fa204dd33e6dc905,male,hand,46.482624201944574,36,4,Fixed microbiome RF,Random sample split
1841.F06452,21,1841,1841:CUB003,female,head,24.765054893023642,36,4,Fixed microbiome RF,Random sample split
1841.F06459,23,1841,1841:CUB028,male,head,23.973395926989674,36,4,Fixed microbiome RF,Random sample split
1841.F05106,37,1841,1841:NAU148,male,head,26.172646390068273,36,4,Fixed microbiome RF,Random sample split
2010.1361,27,2010,2010:7,female,head,40.70354766236822,36,4,Fixed microbiome RF,Random sample split
1841.P15693,20,1841,1841:CUB049,female,hand,22.513800400987897,36,4,Fixed microbiome RF,Random sample split
10317.000063164,29,10317,10317:03c0867966fe2299eb3b09291d5f0834310bdf5fceed9c9b7b397570bf8f2d2adaeb945c824ff0cb407abaf691b8173cfa03c4f8eb17e6dd9f6eda17502e66e4,male,head,35.07082193902205,36,4,Fixed microbiome RF,Random sample split
1841.F05598,20,1841,1841:NAU123,male,head,24.358326239732484,36,4,Fixed microbiome RF,Random sample split
1841.F05373,19,1841,1841:NCS233,male,head,23.357002405489258,36,4,Fixed microbiome RF,Random sample split
1841.F06504,20,1841,1841:CUB037,female,head,24.268929473304464,36,4,Fixed microbiome RF,Random sample split
2010.1566,35,2010,2010:9,female,head,37.90921184724353,36,4,Fixed microbiome RF,Random sample split
1841.F06002,23,1841,1841:NCS243,male,head,23.409922392118126,36,4,Fixed microbiome RF,Random sample split
1841.F06555,20,1841,1841:CUB051,male,head,23.729116673257302,36,4,Fixed microbiome RF,Random sample split
1841.F06233,26,1841,1841:NAU146,female,head,26.28194887883768,36,4,Fixed microbiome RF,Random sample split
10317.000005159,29,10317,10317:80ed9beefa64e1af619f5d370d79a21b435d10677f5b936ec3554234d47090f2a865337c8ff29f55d3cfc78a4c4fcf22efe713697872112639889bda9805a03e,male,hand,44.23040047966367,36,4,Fixed microbiome RF,Random sample split
1841.F05570,20,1841,1841:NAU121,female,head,22.085916964979468,36,4,Fixed microbiome RF,Random sample split
1841.F05576,30,1841,1841:NAU155,female,head,27.408850411741042,36,4,Fixed microbiome RF,Random sample split
1841.F05844,55,1841,1841:NAU149,male,head,34.2310611902223,36,4,Fixed microbiome RF,Random sample split
1841.F06494,21,1841,1841:CUB038,female,head,23.667295423122617,36,4,Fixed microbiome RF,Random sample split
1841.F06495,22,1841,1841:CUB004,female,head,27.305206258309973,36,4,Fixed microbiome RF,Random sample split
1841.F06498,20,1841,1841:CUB010,female,head,23.272540064102568,36,4,Fixed microbiome RF,Random sample split
1841.P15719,22,1841,1841:NAU133,male,hand,29.960874322162663,36,4,Fixed microbiome RF,Random sample split
1841.P15710,20,1841,1841:NAU123,male,hand,24.412750428918905,36,4,Fixed microbiome RF,Random sample split
1841.P15714,22,1841,1841:NAU130,female,hand,22.52312354312354,36,4,Fixed microbiome RF,Random sample split
1841.P16439,23,1841,1841:NCS203,female,hand,28.635260446253092,36,4,Fixed microbiome RF,Random sample split
10317.000049828,37,10317,10317:810a1cfb40a1b8da310e777113e7a6fa79ef435b2348c768e4213fd5c5dc7e3b2dfebad107eeb75d35a31c7a30a00b8e06c8bf1e32f03c95301328ac8be56fbf,male,head,44.365544180122534,36,4,Fixed microbiome RF,Random sample split
1841.F05050,20,1841,1841:NCS210,female,head,23.617083593489838,36,4,Fixed microbiome RF,Random sample split
2010.1488,27,2010,2010:1,female,head,43.50157448580755,36,4,Fixed microbiome RF,Random sample split
10317.000048946,25,10317,10317:fd658c211decf8560568703bb1621dc7ab2972b0403502579cb6058df268644a35e2777929b99fcec24a21c8dac8e433694e070c10166c3c162dc7d93491b7c9,unknown,hand,45.28063877917087,36,4,Fixed microbiome RF,Random sample split
10317.000048947,25,10317,10317:fd658c211decf8560568703bb1621dc7ab2972b0403502579cb6058df268644a35e2777929b99fcec24a21c8dac8e433694e070c10166c3c162dc7d93491b7c9,unknown,head,42.95734770918081,36,4,Fixed microbiome RF,Random sample split
1841.P15521,21,1841,1841:NAU106,female,hand,24.525350933566646,36,4,Fixed microbiome RF,Random sample split
1841.F05882,21,1841,1841:NAU151,male,head,23.61411359065772,36,4,Fixed microbiome RF,Random sample split
1841.F05881,25,1841,1841:NAU157,male,head,23.036844879997446,36,4,Fixed microbiome RF,Random sample split
1841.P16066,20,1841,1841:NAU110,female,hand,27.14760820776445,36,4,Fixed microbiome RF,Random sample split
1841.P15737,19,1841,1841:NAU107,female,hand,21.834654519457164,36,4,Fixed microbiome RF,Random sample split
10317.000005235,55,10317,10317:45e54011490a1e8319d45ba35b5c9c687e4ec395fd00d5bd3b927f21b897135e002c9c488ced29f5644e9cc87c9d6d420ce68c9a95f88b151cd7a4c6182ead64,male,hand,40.11358711477449,36,4,Fixed microbiome RF,Random sample split
10317.000068986,34,10317,10317:39f71cf33f09de164d937b070afbdb0ae6316326fe838edc8aeebb9c941d1edd0c4b841e5e1b5c435cf9310595d4cb9a17a4d2777234628da9e9e7e1cc78e36f,male,hand,37.352349952451746,36,4,Fixed microbiome RF,Random sample split
10317.000002497,37,10317,10317:247ebb14f6dfcf8839f209aeb66c1f16f579162fc35aab08f18db6328b9ebbe7785cbc9394ed8d5c92ea65a93f9129469fbd86e96009e7e4f2ac54540bbf9d4f,male,head,44.543291571574954,36,4,Fixed microbiome RF,Random sample split
2010.1617,28,2010,2010:13,female,head,41.0070915759056,36,4,Fixed microbiome RF,Random sample split
1841.F06309,21,1841,1841:CUB003,female,head,24.476449721398765,36,4,Fixed microbiome RF,Random sample split
10317.000036462,38,10317,10317:da8f8a7d664c63431a657d0d888c46bf1f7bec532219c7d97227d8de3bc94ea035161f6a5e94118648a14d399a93b7d0e7cb68f1add742cb0d0d825f410a501d,male,hand,43.65892156957399,36,4,Fixed microbiome RF,Random sample split
1841.P15505,22,1841,1841:NAU137,female,hand,22.441982175810306,36,4,Fixed microbiome RF,Random sample split
1841.P15507,32,1841,1841:NAU102,unknown,hand,25.182158229842052,36,4,Fixed microbiome RF,Random sample split
1841.F05537,30,1841,1841:NAU108,female,head,27.063706902792013,36,4,Fixed microbiome RF,Random sample split
10317.000068818,23,10317,10317:aa700130bf2ad84f7dfbd70f11a1ed544685dac3b0af8c4231219413d86330f5973915da8180c4eaa587cffc3aa156c9dafbf597461ddd6251fef35831bd365a,male,hand,38.43296221609694,36,4,Fixed microbiome RF,Random sample split
1841.P16085,20,1841,1841:NAU115,male,hand,22.31118215118216,36,4,Fixed microbiome RF,Random sample split
2010.1420,35,2010,2010:9,female,head,38.631034210592105,36,4,Fixed microbiome RF,Random sample split
1841.P15962,36,1841,1841:CUB042,male,hand,32.45672155731724,36,4,Fixed microbiome RF,Random sample split
1841.P15747,20,1841,1841:NAU121,female,hand,24.126462643823324,36,4,Fixed microbiome RF,Random sample split
1841.F05279,20,1841,1841:NAU123,male,head,23.3247362012987,36,4,Fixed microbiome RF,Random sample split
1841.F06543,20,1841,1841:CUB010,female,head,22.469899059274066,36,4,Fixed microbiome RF,Random sample split
1841.F06532,22,1841,1841:CUB016,female,head,22.143049444568852,36,4,Fixed microbiome RF,Random sample split
1841.F06530,22,1841,1841:CUB004,female,head,25.398433700802112,36,4,Fixed microbiome RF,Random sample split
1841.F05519,20,1841,1841:NAU119,male,head,23.454473761801065,36,4,Fixed microbiome RF,Random sample split
1841.F05436,20,1841,1841:NAU110,female,head,28.43050087643839,36,4,Fixed microbiome RF,Random sample split
2010.1402,27,2010,2010:1,female,head,42.769396057783936,36,4,Fixed microbiome RF,Random sample split
10317.000015186,26,10317,10317:cb8ea224a3bb7ef53bf08da62860c079b5996441cbbb6ef11fbe09454172198e57a65569937d0e57c98a2327cfe4b04a55969cdda8eed8fc5f998c2468e4920a,male,hand,39.75923937203517,36,4,Fixed microbiome RF,Random sample split
1841.P15957,20,1841,1841:CUB010,female,hand,22.849409022643236,36,4,Fixed microbiome RF,Random sample split
1841.P15959,21,1841,1841:CUB029,male,hand,23.59469002762588,36,4,Fixed microbiome RF,Random sample split
10317.000029543,48,10317,10317:c86071d17549b1edea0c1ee4fd08d1f8f445ff93e7557a199712b7b28cc1547cf0bf2fbe6c28e355b5a962568aa61b5f158ed2022969d51ccb413287f708fe10,female,head,42.77440284138156,36,4,Fixed microbiome RF,Random sample split
1841.P16320,33,1841,1841:NAU144,male,hand,23.747513660122987,36,4,Fixed microbiome RF,Random sample split
1841.P16322,21,1841,1841:NAU161,male,hand,22.08287327803774,36,4,Fixed microbiome RF,Random sample split
1841.F05517,20,1841,1841:NAU121,female,head,23.75010726405948,36,4,Fixed microbiome RF,Random sample split
1841.F06451,23,1841,1841:CUB053,female,head,26.694587065303978,36,4,Fixed microbiome RF,Random sample split
10317.000003085,53,10317,10317:8665422eb8a1ffd2fa3c26bdc0bd4cb3cd47439a5631922ac7af3c45be2274db8dfab19dc80c4bb5237d7035d95768044a90af2a19499f5e5af50d527a6174c7,female,hand,42.074713397768825,36,4,Fixed microbiome RF,Random sample split
1841.P15096,21,1841,1841:CUB000,female,hand,23.101549873737376,36,4,Fixed microbiome RF,Random sample split
1841.P15095,23,1841,1841:CUB056,male,hand,24.096997880591623,36,4,Fixed microbiome RF,Random sample split
1841.P15093,22,1841,1841:CUB007,female,hand,23.492201109500613,36,4,Fixed microbiome RF,Random sample split
1841.P15540,28,1841,1841:NAU103,female,hand,26.85258231990963,36,4,Fixed microbiome RF,Random sample split
1841.F05066,22,1841,1841:NCS255,female,head,23.066942118553968,36,4,Fixed microbiome RF,Random sample split
1841.F05936,18,1841,1841:NCS213,female,head,23.79340483301423,36,4,Fixed microbiome RF,Random sample split
1841.P15939,22,1841,1841:CUB007,female,hand,23.974219053515935,36,4,Fixed microbiome RF,Random sample split
10317.000005079,33,10317,10317:a29fd754368cde4d06c428f68fac03a5f07bc4192f8ad6f00b4dead3a90b4f2a07cda53d353c8eebcdf472b25a87cc69592d2bcf0fae7f901a0ee6e9cff063c9,male,head,39.54074511943973,36,4,Fixed microbiome RF,Random sample split
10317.000007078,48,10317,10317:63aa1010fee4655f80a2fd1ca92db0c9c662b7ff7dfeccd99a08edb7b7f5af8b2df1c92465690a27ee6aad1207495376abce78f3ddeffc05da0acb099f8efdb8,male,hand,41.60435810803207,36,4,Fixed microbiome RF,Random sample split
1841.P16305,33,1841,1841:NAU144,male,hand,25.49516207996651,36,4,Fixed microbiome RF,Random sample split
10317.000066867,29,10317,10317:03c0867966fe2299eb3b09291d5f0834310bdf5fceed9c9b7b397570bf8f2d2adaeb945c824ff0cb407abaf691b8173cfa03c4f8eb17e6dd9f6eda17502e66e4,male,hand,31.66153074640787,36,4,Fixed microbiome RF,Random sample split
1841.P15211,20,1841,1841:CUB037,female,hand,24.189102083068086,36,4,Fixed microbiome RF,Random sample split
1841.P15217,20,1841,1841:CUB037,female,hand,22.807204648922912,36,4,Fixed microbiome RF,Random sample split
10317.000069142,34,10317,10317:2fe8dc51162640ecda81c266c7b13a12fa0b362550125c042231ebf311ae65b5597119ff4c21bc3e0d2daf7c54569db93c6d59b2cd8c7abd7c7e43d806b66718,male,hand,39.71666860398796,36,4,Fixed microbiome RF,Random sample split
1841.F05004,23,1841,1841:NCS203,female,head,24.131274034810225,36,4,Fixed microbiome RF,Random sample split
10317.000015207,60,10317,10317:f85c35ccb1de86d528e1bc924109d3f1ef2725eff131fffbb4f955f2bf62f99d01df00160e393e9c7ca1eba714fcb5547b4952bd7ca8fbba07e51e58be5c6410,unknown,hand,45.27011160934448,36,4,Fixed microbiome RF,Random sample split
1841.F05910,19,1841,1841:NCS233,male,head,23.358414172632937,36,4,Fixed microbiome RF,Random sample split
10317.000063243,31,10317,10317:9a6b1d64174bf2de76973d430737df42a6c1d222167a33cad37332ade7aaba03e2f1fd87dd65c5bda2ab171d6373490fa6395929f8ff33c6d5acdec0d7035388,male,hand,37.618550787100766,36,4,Fixed microbiome RF,Random sample split
10317.000007760,38,10317,10317:33f6eb641f0e5c66654a93864fec0950724028557f530a644e104dc1d7f29bec16c25352f4cffae510cf433760537423b71c5a032a7e279e0c197c4df1d601a4,male,head,45.14889553075166,36,4,Fixed microbiome RF,Random sample split
1841.F06292,19,1841,1841:NAU107,female,head,22.643555478426812,36,4,Fixed microbiome RF,Random sample split
1841.P15258,21,1841,1841:CUB026,male,hand,22.659104765230673,36,4,Fixed microbiome RF,Random sample split
1841.P15953,20,1841,1841:CUB008,male,hand,23.59009813833827,36,4,Fixed microbiome RF,Random sample split
10317.000009079,24,10317,10317:78d12b80b1c72aca05eb432fc60c9d17e9d26e9976af5f011f95b27013837975271da44deb87ae11ab5d17f776090675276d08a78b15a8ad0920edeb6e7b75b0,male,head,40.50106082859855,36,4,Fixed microbiome RF,Random sample split
10317.000040126,46,10317,10317:103ec97d34a8daf110102310e23be292392f51db75531458f8f135039cb11fbaeed1ebd8c2cbfd97772d62c72352ab5c467dccf59885d5c82f03531039a41827,female,head,42.608008099095635,36,4,Fixed microbiome RF,Random sample split
1841.F05216,22,1841,1841:NAU137,female,head,23.19003578886391,36,4,Fixed microbiome RF,Random sample split
1841.P16367,22,1841,1841:NAU130,female,hand,23.249755772209816,36,4,Fixed microbiome RF,Random sample split
1841.P16369,21,1841,1841:NAU154,female,hand,24.676072800283908,36,4,Fixed microbiome RF,Random sample split
1841.P16581,21,1841,1841:CUB000,female,hand,25.906724499458868,36,4,Fixed microbiome RF,Random sample split
1841.P16580,21,1841,1841:CUB038,female,hand,23.932807925401473,36,4,Fixed microbiome RF,Random sample split
1841.P16589,21,1841,1841:CUB044,male,hand,23.942957344507697,36,4,Fixed microbiome RF,Random sample split
1841.P16588,20,1841,1841:CUB049,female,hand,22.133261934433826,36,4,Fixed microbiome RF,Random sample split
1841.P15058,20,1841,1841:CUB051,male,hand,26.086530044978673,36,4,Fixed microbiome RF,Random sample split
1841.F06331,21,1841,1841:CUB029,male,head,22.92800182456433,36,4,Fixed microbiome RF,Random sample split
1841.P15272,21,1841,1841:CUB003,female,hand,23.211554053585306,36,4,Fixed microbiome RF,Random sample split
1841.P15587,30,1841,1841:NAU155,female,hand,28.947630809458627,36,4,Fixed microbiome RF,Random sample split
1841.F05025,22,1841,1841:NCS255,female,head,23.29699968434344,36,4,Fixed microbiome RF,Random sample split
2010.1319,27,2010,2010:1,female,head,38.593346015261815,36,4,Fixed microbiome RF,Random sample split
10317.000063224,27,10317,10317:d7b643e267e7874c9fe80600f02183b6cd3019f0fda406b979f05d309d5050c0a106d81fd0d61ac23e2600faaf7da552f0258df8aa6be5e41a39e6b37828c99d,female,head,37.08441512099335,36,4,Fixed microbiome RF,Random sample split
1841.P16340,24,1841,1841:NAU109,male,hand,30.235396471742064,36,4,Fixed microbiome RF,Random sample split
1841.P15070,20,1841,1841:CUB036,female,hand,23.375387298567453,36,4,Fixed microbiome RF,Random sample split
1841.P15075,21,1841,1841:CUB038,female,hand,23.431070325284043,36,4,Fixed microbiome RF,Random sample split
1841.P15076,21,1841,1841:CUB000,female,hand,22.737382756132753,36,4,Fixed microbiome RF,Random sample split
1841.F06317,21,1841,1841:CUB012,female,head,26.684095940584136,36,4,Fixed microbiome RF,Random sample split
1841.P15257,20,1841,1841:CUB037,female,hand,23.905950957850628,36,4,Fixed microbiome RF,Random sample split
10317.000005574,33,10317,10317:356171d003a70eda05dbc44ca7f1c23e803cbba14631a5247db7774ba0e837cd853a804b6bc41bc084b8849021f84c1c780ad04856231b70f72faf5ef5b4bcbf,male,head,42.05424886938592,36,4,Fixed microbiome RF,Random sample split
1841.P16284,22,1841,1841:NAU133,male,hand,22.71715530996781,36,4,Fixed microbiome RF,Random sample split
10317.000069034,22,10317,10317:a6a72ae91b2b02c8ea4cfe12d58d98ebe5b424cd88d36f8b84e1deec1b971b6c50e1fbca139d0b8b67d6f73821c7922d555844d105af99dd4813cd966993df6f,male,hand,38.47585414996977,36,4,Fixed microbiome RF,Random sample split
1841.F05408,21,1841,1841:NAU154,female,head,23.602111596532545,36,4,Fixed microbiome RF,Random sample split
1841.P16453,20,1841,1841:NCS263,male,hand,24.951063021301024,36,4,Fixed microbiome RF,Random sample split
1841.F05041,23,1841,1841:NCS244,female,head,22.086980044035073,36,4,Fixed microbiome RF,Random sample split
1841.F06127,23,1841,1841:CUB053,female,head,25.838754127816635,36,4,Fixed microbiome RF,Random sample split
1841.P15020,22,1841,1841:CUB040,male,hand,30.46972801768329,36,4,Fixed microbiome RF,Random sample split
2010.2868,23,2010,2010:39,female,head,32.17293695563306,36,4,Fixed microbiome RF,Random sample split
10317.000015184,55,10317,10317:45e54011490a1e8319d45ba35b5c9c687e4ec395fd00d5bd3b927f21b897135e002c9c488ced29f5644e9cc87c9d6d420ce68c9a95f88b151cd7a4c6182ead64,male,hand,40.212515974908264,36,4,Fixed microbiome RF,Random sample split
1841.P15355,23,1841,1841:NCS203,female,hand,29.82975759844017,36,4,Fixed microbiome RF,Random sample split
1841.F05421,22,1841,1841:NAU130,female,head,24.246194430569435,36,4,Fixed microbiome RF,Random sample split
1841.F05424,20,1841,1841:NAU121,female,head,23.442574640272014,36,4,Fixed microbiome RF,Random sample split
1841.F05426,21,1841,1841:NAU124,female,head,23.66371223088595,36,4,Fixed microbiome RF,Random sample split
1841.P16573,21,1841,1841:CUB032,female,hand,23.970068412033875,36,4,Fixed microbiome RF,Random sample split
10317.000027763,32,10317,10317:cc923c4395f942a7be06745a9437731d12a282545bc59fe0b238fef4ed14300cab1a65ed16964ba9a8f4c846101d7788077d138343a7acc82f00e6b9375b6efb,male,hand,42.42637129105864,36,4,Fixed microbiome RF,Random sample split
1841.F06079,22,1841,1841:NCS255,female,head,23.850743914332647,36,4,Fixed microbiome RF,Random sample split
10317.000003339,73,10317,10317:b8164f6522d265b137471f7142d4362a35a7a4dfd6f21aada5888456dda2bfbdda36900f4edf71d621587e3c79a92da70f421d07fe905890c57c4ec4d421335e,female,hand,49.04876259512672,36,4,Fixed microbiome RF,Random sample split
10317.000072302,41,10317,10317:400d83c79d0086701c4c33b64a7e55f4f464325c35db42f0fed54c6d6f796d9b7943607ae3434897302c87033bd2704c82d5bed240c95f743566d2b3fd469f57,female,head,39.81774754270358,36,4,Fixed microbiome RF,Random sample split
10317.000048957,40,10317,10317:1044942a7b8a90539218b4698c4b9c3fcdfa273fbbaae3fd79cc45fa05997f6e566261c304f4eb18014b4d7f09e95259f47b9afe6b589a6d2fabfacc7e2a09b7,male,hand,41.85859558695339,36,4,Fixed microbiome RF,Random sample split
1841.F05850,30,1841,1841:NAU155,female,head,26.40711534079955,36,4,Fixed microbiome RF,Random sample split
1841.P16079,22,1841,1841:NAU130,female,hand,23.61996125602801,36,4,Fixed microbiome RF,Random sample split
10317.000003029,32,10317,10317:fa11b389cb9170b533e6a9c56b69f18fa8798f2970218ed97fe0be0906826592de8a478773a5037053f08aa21d349fcf39e64c85dbd26bd904614d8dd6335cae,male,head,45.111442720507995,36,4,Fixed microbiome RF,Random sample split
1841.P15037,41,1841,1841:CUB050,female,hand,28.832009875541114,36,4,Fixed microbiome RF,Random sample split
1841.P15030,41,1841,1841:CUB050,female,hand,29.54765158452659,36,4,Fixed microbiome RF,Random sample split
1841.P15295,20,1841,1841:CUB027,female,hand,23.75701866207623,36,4,Fixed microbiome RF,Random sample split
1841.F05980,27,1841,1841:NCS214,male,head,32.888759504975205,36,4,Fixed microbiome RF,Random sample split
1841.F05993,19,1841,1841:NCS233,male,head,23.750326215617672,36,4,Fixed microbiome RF,Random sample split
10317.000040147,34,10317,10317:338bb7890bb4108f90b5027f8ffed6cd6fd3fb3d5a8f0bfa9f16a9dc184403e392c5429f663b0c7929ed1a431187e38fb9303f5d93da105fda803ec085f157e6,male,head,41.22677474697217,36,4,Fixed microbiome RF,Random sample split
1841.P15993,21,1841,1841:CUB044,male,hand,26.376796280890943,36,4,Fixed microbiome RF,Random sample split
1841.P15994,22,1841,1841:CUB016,female,hand,22.401728080946825,36,4,Fixed microbiome RF,Random sample split
1841.F05293,32,1841,1841:NAU102,unknown,head,26.15926231754357,36,4,Fixed microbiome RF,Random sample split
1841.F05294,25,1841,1841:NAU157,male,head,27.820437203528815,36,4,Fixed microbiome RF,Random sample split
10317.000048387,59,10317,10317:7e311968682a8a9e2268ae2d13c8b70ca7ce45f11d29b24932473b816f814e56f115793ba0ca9a91710fda8ae01664aab7b94207e18484fb0b45616cab408ea5,female,hand,44.70527446478649,36,4,Fixed microbiome RF,Random sample split
10317.000048389,21,10317,10317:30d7ca7c505d10cb4c76c0443a75de8f2f826d67386377db4fa33b8983b7e1be84ec36794891a1993f919a1c5c528a78e39e90c8c94320bc3b555e3aa3643685,female,hand,39.31464623124982,36,4,Fixed microbiome RF,Random sample split
1841.F05064,23,1841,1841:NCS244,female,head,23.71450963320449,36,4,Fixed microbiome RF,Random sample split
1841.F05871,28,1841,1841:NAU103,female,head,25.661440854144995,36,4,Fixed microbiome RF,Random sample split
1841.P16506,21,1841,1841:CUB038,female,hand,23.169910670926296,36,4,Fixed microbiome RF,Random sample split
10317.000007131,39,10317,10317:8b672a386ead28ace9c7eaea68003a8d0be6651cf9544c799a49155c372bc6524d53fd7aae5b008caced52ac352c5fe0a4810a846032621cf2d9fc79200e1218,unknown,hand,42.67208515348206,36,4,Fixed microbiome RF,Random sample split
1841.F06405,23,1841,1841:CUB028,male,head,22.788365014319304,36,4,Fixed microbiome RF,Random sample split
1841.F06403,23,1841,1841:CUB028,male,head,23.275591485663135,36,4,Fixed microbiome RF,Random sample split
1841.F05603,21,1841,1841:CUB003,female,head,23.44437894396976,36,4,Fixed microbiome RF,Random sample split
1841.F05605,23,1841,1841:CUB028,male,head,22.567592017357647,36,4,Fixed microbiome RF,Random sample split
1841.F05607,20,1841,1841:CUB037,female,head,23.485358560965178,36,4,Fixed microbiome RF,Random sample split
1841.F05468,22,1841,1841:NAU137,female,head,22.949397366318337,36,4,Fixed microbiome RF,Random sample split
1841.P16197,19,1841,1841:NAU107,female,hand,22.18905630435525,36,4,Fixed microbiome RF,Random sample split
1841.P16194,26,1841,1841:NAU146,female,hand,25.811474286551107,36,4,Fixed microbiome RF,Random sample split
1841.P16449,20,1841,1841:NCS210,female,hand,25.582346708244614,36,4,Fixed microbiome RF,Random sample split
1841.P16447,20,1841,1841:NCS210,female,hand,25.45838151207367,36,4,Fixed microbiome RF,Random sample split
1841.P15177,18,1841,1841:NCS213,female,hand,22.99558423839333,36,4,Fixed microbiome RF,Random sample split
10317.000007113,60,10317,10317:2c2e468c2481938c25962a208bec11d9f0eeca11f8a06d48aa50be31a747dd0327f6137458e4dfda584fc42b4c5f35613440eef5b177a1d0569e16e7432648dd,male,hand,41.51647077658913,36,4,Fixed microbiome RF,Random sample split
10317.000007112,60,10317,10317:2c2e468c2481938c25962a208bec11d9f0eeca11f8a06d48aa50be31a747dd0327f6137458e4dfda584fc42b4c5f35613440eef5b177a1d0569e16e7432648dd,male,hand,47.16177074241791,36,4,Fixed microbiome RF,Random sample split
1841.F06467,22,1841,1841:CUB040,male,head,26.51082013778705,36,4,Fixed microbiome RF,Random sample split
10317.000002610,56,10317,10317:dd3fbf0f2c96e9182d8538806757f0f2102c6124dfeb04c9fa449391b445968553d59114033b794df4532c7b77765fba1b12c00969628c268640fc23848b7978,female,head,45.306222615198394,36,4,Fixed microbiome RF,Random sample split
1841.P15787,37,1841,1841:NAU148,male,hand,28.39495240652772,36,4,Fixed microbiome RF,Random sample split
1841.P15784,21,1841,1841:NAU154,female,hand,24.449906525309494,36,4,Fixed microbiome RF,Random sample split
1841.P16200,21,1841,1841:NAU106,female,hand,24.64586868248174,36,4,Fixed microbiome RF,Random sample split
10317.000015354,35,10317,10317:3e61f3e0bf34ee92653b3e1a4bce3fbbf22e7a5be5fc03a5c5d44f0d311d4f9ec4e1c0d98964bdbdf2f1d537fbd16c0b62503f50d8923e608eb8aacd64cb9fa3,male,hand,42.354749303091154,36,4,Fixed microbiome RF,Random sample split
1841.P15156,27,1841,1841:NCS214,male,hand,26.58229033042604,36,4,Fixed microbiome RF,Random sample split
10317.000027703,68,10317,10317:f4417cf9261b7cf7eafdfa7c1e4c2f0b04b7f6a0a74833597eb9f455b64175009de471b6099ea840835964becfbbea46fda6746deaeb30cc1b29201c1259072e,male,head,44.20634894122419,36,4,Fixed microbiome RF,Random sample split
1841.F05836,28,1841,1841:NAU103,female,head,26.582904496443103,36,4,Fixed microbiome RF,Random sample split
1841.F05838,32,1841,1841:NAU102,unknown,head,25.0784301480683,36,4,Fixed microbiome RF,Random sample split
2010.1218,27,2010,2010:1,female,head,39.97401169860427,36,4,Fixed microbiome RF,Random sample split
1841.P16541,21,1841,1841:CUB033,female,hand,24.424074788059176,36,4,Fixed microbiome RF,Random sample split
1841.P16549,20,1841,1841:CUB049,female,hand,23.6218829911408,36,4,Fixed microbiome RF,Random sample split
10317.000028937,50,10317,10317:4cd17ea33fe6b5736aded648ee2e6f2a14b3d6cfdc57435287f768540fd8a367a68d60e2f6cfbacb0a70e046163d74ba126bb1261c5a2fcd5f87bfd14bb4c7ae,female,head,47.8375960923909,36,4,Fixed microbiome RF,Random sample split
10317.000015978,66,10317,10317:414c5f35ed69875718a4e654e86d9ae09236801e1b9600a2d4851f548bd46eec37144f9d5a5816365a76c4dcc4550e15afddf35bb18d7f072fece2fae39cd58b,male,hand,50.036818441216255,36,4,Fixed microbiome RF,Random sample split
1841.F06446,21,1841,1841:CUB012,female,head,26.283956190357845,36,4,Fixed microbiome RF,Random sample split
1841.F05442,20,1841,1841:NAU110,female,head,24.624482280383017,36,4,Fixed microbiome RF,Random sample split
10317.000020534,34,10317,10317:6e4903f0be32c34121cd50c2891666fc8b26923970412591f3c900d7253a186450e745d33fc88b07a5c41c9992e15153f2c3fd7a20f01e43073e39ca8a3b4afe,male,head,48.584716900449045,36,4,Fixed microbiome RF,Random sample split
10317.000015303,33,10317,10317:d440c033fc5b44bb83e8b5a7794daa4c8e7b24424bcd393f8e6a21ecc3792e9ddfa02679b7eb856a026af5426b34eb4083a5d61d8a1e5ffe59abee1fc9264b37,male,head,37.384709533054135,36,4,Fixed microbiome RF,Random sample split
1841.F05841,30,1841,1841:NAU108,female,head,25.912438050103486,36,4,Fixed microbiome RF,Random sample split
1841.P15105,18,1841,1841:NCS221,female,hand,25.81192510538317,36,4,Fixed microbiome RF,Random sample split
10317.000007034,43,10317,10317:24db95a0fff05317ac8b5599cf1761f34d17a8c471ebd2076362229133486e3aacd033d8185a95ec741839e8194f0f1ea58128c7c0ff69e8f994f15d4f5e3f1d,male,head,43.44768447745512,36,4,Fixed microbiome RF,Random sample split
10317.000005430,36,10317,10317:ca094c456996ab8a9ad0f33489c86fed9f280451a6cc84da275911ae7897e6bad66f0f5976a12854a9da9b8e65cc31dc6c689b846ae257ca5841dd6d1296e0ec,unknown,hand,41.47975944279299,36,4,Fixed microbiome RF,Random sample split
1841.F06484,22,1841,1841:CUB007,female,head,22.88391790807232,36,4,Fixed microbiome RF,Random sample split
1841.F06481,20,1841,1841:CUB005,female,head,23.44055389420522,36,4,Fixed microbiome RF,Random sample split
1841.P16563,23,1841,1841:CUB053,female,hand,26.715349458494284,36,4,Fixed microbiome RF,Random sample split
1841.P16566,41,1841,1841:CUB050,female,hand,30.551311676745588,36,4,Fixed microbiome RF,Random sample split
10317.000028916,73,10317,10317:f683242e74204128eb6f0c48f059f9cc0f82c39979573e92a85625acbd1daa1c25397a2b8f8904604e543f3f09aaad3960234f5612a616d2bc9c639e9be3e5b9,female,head,45.35288850480067,36,4,Fixed microbiome RF,Random sample split
1841.F05110,20,1841,1841:NAU119,male,head,22.794156572594066,36,4,Fixed microbiome RF,Random sample split
1841.P16600,21,1841,1841:CUB003,female,hand,25.95031191490289,36,4,Fixed microbiome RF,Random sample split
1841.P15111,18,1841,1841:NCS213,female,hand,24.136926637496494,36,4,Fixed microbiome RF,Random sample split
1841.P15114,27,1841,1841:NCS214,male,hand,27.09141245192716,36,4,Fixed microbiome RF,Random sample split
1841.F06034,23,1841,1841:NCS243,male,head,22.883834426264528,36,4,Fixed microbiome RF,Random sample split
1841.P15997,36,1841,1841:CUB042,male,hand,34.280037926405655,36,4,Fixed microbiome RF,Random sample split
1841.F05561,21,1841,1841:NAU106,female,head,23.55193497082941,36,4,Fixed microbiome RF,Random sample split
10317.000015152,25,10317,10317:bf103398cbf34d2fdf0ce89d2a4729ec061457ba078a27fff88e775557fa7a6206e6693e016f411dfc8700f10c5787107d76b31f1914db25cee356c3ffb2ee1c,male,hand,39.78133102985042,36,4,Fixed microbiome RF,Random sample split
1841.F05567,22,1841,1841:NAU164,male,head,28.05931528438881,36,4,Fixed microbiome RF,Random sample split
1841.F06434,20,1841,1841:CUB049,female,head,22.409662663317075,36,4,Fixed microbiome RF,Random sample split
10317.000005088,34,10317,10317:b74b978649567cb54fc875fffd91ae1e96fe51d67ba3b37beafd17700ef6cc8174703285ab46d656b674c96a535fb1c24429eee1b4c50b47eedb924ba7c66a50,male,head,43.572993529763565,36,4,Fixed microbiome RF,Random sample split
10317.000005167,60,10317,10317:c05d316c7a234de92fd6181929f128efb782363ffe6c343358fc3ab402b473dbf8a8138a22044ea3b02099711ecfa77358776132a3ed110a1b2153eeb178378a,male,head,47.27089596985988,36,4,Fixed microbiome RF,Random sample split
1841.F05542,21,1841,1841:CUB044,male,head,23.44186002977823,36,4,Fixed microbiome RF,Random sample split
1841.P15530,22,1841,1841:NAU137,female,hand,23.563785017066262,36,4,Fixed microbiome RF,Random sample split
1841.F05615,20,1841,1841:CUB027,female,head,24.837592241833242,36,4,Fixed microbiome RF,Random sample split
1841.F05613,23,1841,1841:CUB028,male,head,24.0996319621963,36,4,Fixed microbiome RF,Random sample split
1841.P15707,21,1841,1841:NAU153,female,hand,22.360426587301582,36,4,Fixed microbiome RF,Random sample split
1841.F05158,22,1841,1841:NAU133,male,head,24.522468034201776,36,4,Fixed microbiome RF,Random sample split
1841.F06560,20,1841,1841:CUB005,female,head,23.874248841436334,36,4,Fixed microbiome RF,Random sample split
1841.P15517,33,1841,1841:NAU144,male,hand,26.581974852424374,36,4,Fixed microbiome RF,Random sample split
1841.F05523,20,1841,1841:NAU115,male,head,25.985761669414774,36,4,Fixed microbiome RF,Random sample split
10317.000010131,58,10317,10317:18f2e49afddb67b3c360c48826bfc2787ccc26e275825c6dd9afebc62893f5e57bcee0a02aedb777006db6eb53183d6c85508ad34d318c8120de7628c5f74232,female,head,43.794336764123614,36,4,Fixed microbiome RF,Random sample split
10317.000014483,35,10317,10317:93f03cfc2b6cd24d3e180ee0e8ddfaeabf4cd6cc8b2903861331b9492f02b3479c33fd6cf6ffb699ef212d9c6ec30f938596135b291ff81bd334193c180f7858,female,head,44.64368603573293,36,4,Fixed microbiome RF,Random sample split
1841.P15720,21,1841,1841:NAU124,female,hand,23.475443059960753,36,4,Fixed microbiome RF,Random sample split
1841.P16406,23,1841,1841:NCS244,female,hand,22.968455716566936,36,4,Fixed microbiome RF,Random sample split
1841.F06505,20,1841,1841:CUB010,female,head,23.32302985566313,36,4,Fixed microbiome RF,Random sample split
1841.F06502,21,1841,1841:CUB038,female,head,22.77960360819736,36,4,Fixed microbiome RF,Random sample split
1841.F06503,20,1841,1841:CUB027,female,head,22.957927045891193,36,4,Fixed microbiome RF,Random sample split
10317.000049845,35,10317,10317:88f4fbcf0ceb456e7f8e8447af039f0dc2670ad52972600d23a04b60152370409f6b57086023803ce52591376f998806f80e260d50d06764bbb66d26d1b5553e,female,hand,41.255346339591775,36,4,Fixed microbiome RF,Random sample split
1841.F05500,22,1841,1841:NAU137,female,head,22.734731003752866,36,4,Fixed microbiome RF,Random sample split
10317.000020406,21,10317,10317:067f46a4c1905f4c5da538e403fcc7d5af159a01e7cf12222f38ba20baa75d47585bf073da073889ebf123e47d4d51985f22c2591db7d64cd298c3fefa779aaa,female,head,34.55230716585774,36,4,Fixed microbiome RF,Random sample split
10317.000015255,34,10317,10317:b74b978649567cb54fc875fffd91ae1e96fe51d67ba3b37beafd17700ef6cc8174703285ab46d656b674c96a535fb1c24429eee1b4c50b47eedb924ba7c66a50,male,hand,41.58435717324686,36,4,Fixed microbiome RF,Random sample split
1841.P15361,27,1841,1841:NCS253,female,hand,27.27515557359307,36,4,Fixed microbiome RF,Random sample split
1841.P15963,20,1841,1841:CUB010,female,hand,24.491088882522693,36,4,Fixed microbiome RF,Random sample split
1841.P15960,20,1841,1841:CUB036,female,hand,24.33211628547106,36,4,Fixed microbiome RF,Random sample split
1841.P15742,20,1841,1841:NAU110,female,hand,28.193149905649914,36,4,Fixed microbiome RF,Random sample split
10317.000063219,34,10317,10317:a392cbf64e250298f990fe6714ca17e38472972feee9471db99da4dfcfd1fe8b106d9ec41e004081362ba7728e8ac7a9d25f3b658d31bc856798d1c4eabb81c0,male,hand,35.931061394011735,36,4,Fixed microbiome RF,Random sample split
10317.000015062,71,10317,10317:6cd87aca8624e2efe119e5484586386f10cb61ed4a7920dd13cefe68783228eafa46cdc995f2272c25a121fc11cdb971265f86ad6cd99e0d151e6744a5db135c,female,hand,50.222155112834365,36,4,Fixed microbiome RF,Random sample split
10317.000034581,22,10317,10317:1949c4d7f21b55f1e00af274c955be77947294d6ec424b2079e89205b36ed147727eed570662c7673f354f42b11ea00ee970e7e216e0a45d7e022359783d8aae,unknown,head,37.10823313298944,36,4,Fixed microbiome RF,Random sample split
1841.P16464,20,1841,1841:NCS263,male,hand,26.710039715940205,36,4,Fixed microbiome RF,Random sample split
1841.F05321,27,1841,1841:NCS253,female,head,29.987286226437412,36,4,Fixed microbiome RF,Random sample split
1841.P16556,23,1841,1841:CUB053,female,hand,23.025529733424467,36,4,Fixed microbiome RF,Random sample split
1841.F06524,23,1841,1841:CUB056,male,head,29.145956255817556,36,4,Fixed microbiome RF,Random sample split
1841.F06522,23,1841,1841:CUB056,male,head,25.549384128893912,36,4,Fixed microbiome RF,Random sample split
1841.P15081,21,1841,1841:CUB038,female,hand,29.287991649249875,36,4,Fixed microbiome RF,Random sample split
1841.P15229,21,1841,1841:CUB012,female,hand,26.925679689972696,36,4,Fixed microbiome RF,Random sample split
2010.2294,23,2010,2010:31,female,head,26.656659686644282,36,4,Fixed microbiome RF,Random sample split
1841.F05075,20,1841,1841:NAU119,male,head,22.68507088397714,36,4,Fixed microbiome RF,Random sample split
1841.P16146,33,1841,1841:NAU144,male,hand,23.439312545093795,36,4,Fixed microbiome RF,Random sample split
1841.F06291,21,1841,1841:NAU106,female,head,22.74326553654678,36,4,Fixed microbiome RF,Random sample split
1841.P15766,32,1841,1841:NAU150,female,hand,25.84378799772424,36,4,Fixed microbiome RF,Random sample split
1841.P15945,21,1841,1841:CUB003,female,hand,24.4651246654915,36,4,Fixed microbiome RF,Random sample split
1841.P16448,20,1841,1841:NCS263,male,hand,24.415593807999606,36,4,Fixed microbiome RF,Random sample split
1841.F05465,21,1841,1841:NAU154,female,head,22.822150740395237,36,4,Fixed microbiome RF,Random sample split
1841.P15206,20,1841,1841:CUB036,female,hand,23.65343701262939,36,4,Fixed microbiome RF,Random sample split
10317.000015217,46,10317,10317:dd55969d0664a6b5a0188fc460aa56c9db31fb38d59b1bc6cab8778141628932862c52634d68f1f637d42f51131e7fa48bfb164ddc9f18e878a3cf6cc8bb0a20,female,hand,46.68968418821688,36,4,Fixed microbiome RF,Random sample split
2010.1989,32,2010,2010:19,female,head,44.450651202368775,36,4,Fixed microbiome RF,Random sample split
1841.P16166,25,1841,1841:NAU157,male,hand,29.868382204914496,36,4,Fixed microbiome RF,Random sample split
10317.000069082,22,10317,10317:62da411fb1daa598c9de6fec6d4999096c07c935e32acd264bd45573737d7ca012c560ebc6a3ff42a617cdb54d7d364fb719fc379b15ab5e772bbf3a7356dbde,female,hand,35.2844324768855,36,4,Fixed microbiome RF,Random sample split
1841.P15926,21,1841,1841:CUB012,female,hand,25.302662979679063,36,4,Fixed microbiome RF,Random sample split
1841.P15925,22,1841,1841:CUB016,female,hand,22.516009719447222,36,4,Fixed microbiome RF,Random sample split
1841.P15923,21,1841,1841:CUB000,female,hand,27.85945398089239,36,4,Fixed microbiome RF,Random sample split
10317.000068763,34,10317,10317:64e4e987fbbcb4c2194cdd7c106261ec20cfbf2772d835c97eb6311237552ac6be0e79cdb6ed23e686e25afe5db5d7ca46016b14f6939798b7664d7af99914c7,male,head,39.06140672898316,36,4,Fixed microbiome RF,Random sample split
1841.P16316,33,1841,1841:NAU144,male,hand,23.106382536545574,36,4,Fixed microbiome RF,Random sample split
1841.P16318,26,1841,1841:NAU146,female,hand,27.497222345669048,36,4,Fixed microbiome RF,Random sample split
10317.000004059,66,10317,10317:f57b4981ac785615aba8f290342788db9294e4ab6b643dfb22eed77da0a189aacfb59ca5f5cf63c481d99849f549972a540d8f2170fbc94b25f2f659ad1687d8,male,hand,46.05733049015969,36,4,Fixed microbiome RF,Random sample split
1841.P15043,21,1841,1841:CUB044,male,hand,23.418892533818525,36,4,Fixed microbiome RF,Random sample split
1841.P15042,22,1841,1841:CUB016,female,hand,22.449957299644794,36,4,Fixed microbiome RF,Random sample split
1841.F05084,22,1841,1841:NCS212,female,head,23.84222488631618,36,4,Fixed microbiome RF,Random sample split
1841.F05034,20,1841,1841:NCS263,male,head,28.433638140448352,36,4,Fixed microbiome RF,Random sample split
10317.000028823,30,10317,10317:98f1f8c9217912fbbec5cd8e5c39acc05c729d5d4b5113f922efc048b9e4b68d2de8c43cb8721151f190923c84f990227a8cdf3359af1f0a5fc59ecd028dabf4,male,head,34.68284787851804,36,4,Fixed microbiome RF,Random sample split
1841.F05694,20,1841,1841:CUB005,female,head,26.654235958668522,36,4,Fixed microbiome RF,Random sample split
1841.F05964,19,1841,1841:NCS233,male,head,23.747584927837686,36,4,Fixed microbiome RF,Random sample split
10317.000006972,61,10317,10317:71663baf1b46589d68296c0b2c93208b950a8d8f87dd95255336d0e162d3d45a6922f6512a1dbbbdecd027ff264b625773e6d10d54f1a7750050d3b813d4eadd,female,hand,40.57707566400117,36,4,Fixed microbiome RF,Random sample split
1841.F05559,22,1841,1841:NAU137,female,head,22.436505979588652,36,4,Fixed microbiome RF,Random sample split
1841.P15908,21,1841,1841:CUB038,female,hand,23.630370590666644,36,4,Fixed microbiome RF,Random sample split
1841.P15672,20,1841,1841:CUB036,female,hand,23.633510851465367,36,4,Fixed microbiome RF,Random sample split
1841.F05201,19,1841,1841:NAU107,female,head,22.15653887915812,36,4,Fixed microbiome RF,Random sample split
1841.F05202,21,1841,1841:NAU161,male,head,24.601207990012654,36,4,Fixed microbiome RF,Random sample split
1841.P16426,20,1841,1841:NAU119,male,hand,23.14160980869621,36,4,Fixed microbiome RF,Random sample split
1841.F05209,24,1841,1841:NAU109,male,head,24.063524713134097,36,4,Fixed microbiome RF,Random sample split
1841.P16395,22,1841,1841:NAU130,female,hand,23.250303216560013,36,4,Fixed microbiome RF,Random sample split
1841.P16591,21,1841,1841:CUB033,female,hand,24.71327188710412,36,4,Fixed microbiome RF,Random sample split
1841.P16595,20,1841,1841:CUB010,female,hand,24.819012814751265,36,4,Fixed microbiome RF,Random sample split
10317.000063231,27,10317,10317:d7b643e267e7874c9fe80600f02183b6cd3019f0fda406b979f05d309d5050c0a106d81fd0d61ac23e2600faaf7da552f0258df8aa6be5e41a39e6b37828c99d,female,hand,38.09146995249599,36,4,Fixed microbiome RF,Random sample split
10317.000015187,27,10317,10317:cb8ea224a3bb7ef53bf08da62860c079b5996441cbbb6ef11fbe09454172198e57a65569937d0e57c98a2327cfe4b04a55969cdda8eed8fc5f998c2468e4920a,male,hand,38.10341453392676,36,4,Fixed microbiome RF,Random sample split
1841.F06586,21,1841,1841:CUB003,female,head,25.335687388309307,36,4,Fixed microbiome RF,Random sample split
1841.F06583,21,1841,1841:CUB033,female,head,22.441772637085144,36,4,Fixed microbiome RF,Random sample split
1841.P15067,22,1841,1841:CUB007,female,hand,25.45111263557745,36,4,Fixed microbiome RF,Random sample split
1841.P15065,21,1841,1841:CUB032,female,hand,23.425315240315236,36,4,Fixed microbiome RF,Random sample split
1841.P15063,23,1841,1841:CUB056,male,hand,26.551593882312012,36,4,Fixed microbiome RF,Random sample split
1841.F06329,22,1841,1841:CUB016,female,head,23.922634248965373,36,4,Fixed microbiome RF,Random sample split
10317.000068835,36,10317,10317:1828cb0e8db79ff7771af2763605e12af956358756170093e17230a4ffb081fdfb2040dc65ff286b54429aedd73f9630fd5d98b9a5ad628c6116a74fb994dcf8,male,head,37.31644532238369,36,4,Fixed microbiome RF,Random sample split
1841.P16297,22,1841,1841:NAU133,male,hand,24.76900622814683,36,4,Fixed microbiome RF,Random sample split
10317.000069046,33,10317,10317:65a6735483d4ca756511921efab48bd0d5eefe9702c613c1e3f7065f8b20659da904045df6fb243bf7e1be352dea97d0ceb0c7ccdca5fabb1fd01324d1e414cf,male,hand,35.21718791881654,36,4,Fixed microbiome RF,Random sample split
1841.F05412,21,1841,1841:NAU106,female,head,24.901516088078584,36,4,Fixed microbiome RF,Random sample split
1841.F05671,20,1841,1841:CUB049,female,head,25.82131415663584,36,4,Fixed microbiome RF,Random sample split
1841.P16354,22,1841,1841:NAU164,male,hand,27.820336439135776,36,4,Fixed microbiome RF,Random sample split
2010.1803,34,2010,2010:17,female,head,36.49303319659897,36,4,Fixed microbiome RF,Random sample split
1841.F06301,21,1841,1841:CUB032,female,head,23.740544825884896,36,4,Fixed microbiome RF,Random sample split
10317.000068811,23,10317,10317:aa700130bf2ad84f7dfbd70f11a1ed544685dac3b0af8c4231219413d86330f5973915da8180c4eaa587cffc3aa156c9dafbf597461ddd6251fef35831bd365a,male,head,38.21179466633592,36,4,Fixed microbiome RF,Random sample split
10317.000007106,53,10317,10317:ebedffb9e4d507d8cbaa7af0405caf451aa201d9746c76619a2a69f6b1c164e191af34fbad4f50a53bbb30a92cba77bf673b82db2b687fa2258240612900791e,male,head,45.19777439848897,36,4,Fixed microbiome RF,Random sample split
1841.F05432,32,1841,1841:NAU150,female,head,24.911524170274163,36,4,Fixed microbiome RF,Random sample split
2010.1347,34,2010,2010:5,female,head,37.77979409883469,36,4,Fixed microbiome RF,Random sample split
1841.F06323,22,1841,1841:CUB004,female,head,29.60281129645778,36,4,Fixed microbiome RF,Random sample split
1841.P15634,23,1841,1841:CUB053,female,hand,23.562131061555398,36,4,Fixed microbiome RF,Random sample split
1841.P15342,20,1841,1841:NCS210,female,hand,26.523037810035692,36,4,Fixed microbiome RF,Random sample split
1841.F06367,21,1841,1841:CUB029,male,head,23.26573841866945,36,4,Fixed microbiome RF,Random sample split
1841.F06362,22,1841,1841:CUB040,male,head,24.34706447101282,36,4,Fixed microbiome RF,Random sample split
1841.F06361,20,1841,1841:CUB008,male,head,22.679381252428133,36,4,Fixed microbiome RF,Random sample split
1841.P15284,23,1841,1841:CUB053,female,hand,29.79419981677026,36,4,Fixed microbiome RF,Random sample split
10317.000015293,29,10317,10317:fac33038e7fdc9cea92cfafa3a1c3f21658eba746fdc582552dc90cf29de5130fdb07560083b3745b42ab1b35c0098ade96b984095fd4c6ab41f086f38fdf732,male,head,41.87577742038245,36,4,Fixed microbiome RF,Random sample split
1841.F05636,22,1841,1841:CUB007,female,head,23.541304017503467,36,4,Fixed microbiome RF,Random sample split
1841.F05984,27,1841,1841:NCS214,male,head,32.24239299357402,36,4,Fixed microbiome RF,Random sample split
10317.000015058,80,10317,10317:8dd14dd80ae9b69218b4942e80486ca4299a19f9342258835b868633bfa7bff6581b9102dd034b2a58f5ea1a74b8a2ec5b06b38aca104935d0e20a6925b670f2,unknown,hand,59.623531698787396,36,4,Fixed microbiome RF,Random sample split
1841.P16253,26,1841,1841:NAU146,female,hand,24.60188735789066,36,4,Fixed microbiome RF,Random sample split
1841.P16257,25,1841,1841:NAU157,male,hand,26.56292483558109,36,4,Fixed microbiome RF,Random sample split
1841.F05520,21,1841,1841:NAU154,female,head,24.655504779394587,36,4,Fixed microbiome RF,Random sample split
10317.000027751,54,10317,10317:3f3189bfab92107b05a629ba1be6aad212c75b4525d50b0789f4272ba27b446de5cf079bf1c30b52182f0e4ded874c59bc8e41d483192937641083f6a37b6a67,female,head,43.69657451698693,36,4,Fixed microbiome RF,Random sample split
1841.P15612,20,1841,1841:CUB008,male,hand,24.30595242016437,36,4,Fixed microbiome RF,Random sample split
1841.P15618,41,1841,1841:CUB050,female,hand,30.693077914608118,36,4,Fixed microbiome RF,Random sample split
1841.P16552,21,1841,1841:CUB044,male,hand,25.315740717615714,36,4,Fixed microbiome RF,Random sample split
1841.F05840,33,1841,1841:NAU144,male,head,27.038702505623462,36,4,Fixed microbiome RF,Random sample split
1841.F06432,41,1841,1841:CUB050,female,head,32.088644743503394,36,4,Fixed microbiome RF,Random sample split
1841.F06346,21,1841,1841:CUB012,female,head,25.165156961094453,36,4,Fixed microbiome RF,Random sample split
1841.F06589,20,1841,1841:CUB027,female,head,23.296507754398377,36,4,Fixed microbiome RF,Random sample split
1841.P15400,27,1841,1841:NCS253,female,hand,31.944904095277742,36,4,Fixed microbiome RF,Random sample split
1841.P16279,37,1841,1841:NAU148,male,hand,30.420526582485223,36,4,Fixed microbiome RF,Random sample split
1841.P16275,37,1841,1841:NAU148,male,hand,24.90424747369449,36,4,Fixed microbiome RF,Random sample split
1841.P16272,22,1841,1841:NAU130,female,hand,23.67340342953829,36,4,Fixed microbiome RF,Random sample split
1841.F05477,20,1841,1841:NAU110,female,head,24.562308304816515,36,4,Fixed microbiome RF,Random sample split
1841.F05475,22,1841,1841:NAU133,male,head,25.594967653873905,36,4,Fixed microbiome RF,Random sample split
1841.P16181,28,1841,1841:NAU103,female,hand,28.949078378218992,36,4,Fixed microbiome RF,Random sample split
1841.P16182,20,1841,1841:NAU119,male,hand,24.887923072906624,36,4,Fixed microbiome RF,Random sample split
1841.P15988,21,1841,1841:CUB012,female,hand,24.832603728508335,36,4,Fixed microbiome RF,Random sample split
1841.P15365,22,1841,1841:NCS212,female,hand,23.389709553298218,36,4,Fixed microbiome RF,Random sample split
10317.000011979,53,10317,10317:86f38a5d916420ce42057d5012ab6e7b63fe17dce6c5bbd26d4d6b33da03f0c707be225d1759b8991e4a3e2158e96c5ba68e85dfe1ef7f47fcce7ba1ec47ff2e,female,head,47.9238434003059,36,4,Fixed microbiome RF,Random sample split
1841.F05866,22,1841,1841:NAU164,male,head,26.296841379106997,36,4,Fixed microbiome RF,Random sample split
1841.P16516,21,1841,1841:CUB012,female,hand,23.85991375811688,36,4,Fixed microbiome RF,Random sample split
10317.000007128,39,10317,10317:8b672a386ead28ace9c7eaea68003a8d0be6651cf9544c799a49155c372bc6524d53fd7aae5b008caced52ac352c5fe0a4810a846032621cf2d9fc79200e1218,unknown,head,44.741322656825915,36,4,Fixed microbiome RF,Random sample split
2010.1246,34,2010,2010:5,female,head,37.83816789871731,36,4,Fixed microbiome RF,Random sample split
1841.F06419,20,1841,1841:CUB036,female,head,23.368886359282325,36,4,Fixed microbiome RF,Random sample split
1841.P15790,25,1841,1841:NAU157,male,hand,26.661203510696993,36,4,Fixed microbiome RF,Random sample split
1841.P16211,21,1841,1841:NAU124,female,hand,24.14255053463694,36,4,Fixed microbiome RF,Random sample split
1841.P16213,25,1841,1841:NAU157,male,hand,26.876907421622512,36,4,Fixed microbiome RF,Random sample split
1841.F05491,22,1841,1841:NAU137,female,head,23.46786720200536,36,4,Fixed microbiome RF,Random sample split
1841.P15166,27,1841,1841:NCS214,male,hand,30.296293263571226,36,4,Fixed microbiome RF,Random sample split
1841.F06064,23,1841,1841:NCS243,male,head,25.925678552532997,36,4,Fixed microbiome RF,Random sample split
2010.3105,31,2010,2010:43,female,head,36.121318181836834,36,4,Fixed microbiome RF,Random sample split
10317.000004846,43,10317,10317:a17a75eada9222f4d52ce6eb301bb5f83a31b9f5c3f8169a805aa8db550330187a4d89b93a8a8f82115a4bcf6ab38541b4e58a7343862e089fdea11ac94f627a,male,head,42.70090953842749,36,4,Fixed microbiome RF,Random sample split
10317.000005236,55,10317,10317:45e54011490a1e8319d45ba35b5c9c687e4ec395fd00d5bd3b927f21b897135e002c9c488ced29f5644e9cc87c9d6d420ce68c9a95f88b151cd7a4c6182ead64,male,head,41.097592497152874,36,4,Fixed microbiome RF,Random sample split
1841.F06355,36,1841,1841:CUB042,male,head,29.03388818646632,36,4,Fixed microbiome RF,Random sample split
1841.P16536,36,1841,1841:CUB042,male,hand,28.692478350145727,36,4,Fixed microbiome RF,Random sample split
10317.000009725,39,10317,10317:8b672a386ead28ace9c7eaea68003a8d0be6651cf9544c799a49155c372bc6524d53fd7aae5b008caced52ac352c5fe0a4810a846032621cf2d9fc79200e1218,unknown,head,44.985414906277505,36,4,Fixed microbiome RF,Random sample split
1841.F06471,21,1841,1841:CUB032,female,head,22.844276695526684,35,0,Fixed microbiome RF,Participant split
1841.F06380,36,1841,1841:CUB042,male,head,23.087476357716845,35,0,Fixed microbiome RF,Participant split
1841.F06381,21,1841,1841:CUB012,female,head,24.378057954198585,35,0,Fixed microbiome RF,Participant split
1841.F06382,23,1841,1841:CUB028,male,head,21.857303604655566,35,0,Fixed microbiome RF,Participant split
1841.P16237,22,1841,1841:NAU130,female,hand,22.028257636004348,35,0,Fixed microbiome RF,Participant split
1841.P16497,22,1841,1841:NCS255,female,hand,22.508597377109595,35,0,Fixed microbiome RF,Participant split
2010.3168,31,2010,2010:43,female,head,36.41314393537676,35,0,Fixed microbiome RF,Participant split
10317.000006913,50,10317,10317:9efe5bb96e044b67cb80fc4069443555b8751175a7004a0a040349274f4aeacaa0bdcc77fe15bf3b071a944c2c9d4c02decf67f559f2a2d31615e4e98ed3e904,unknown,head,44.16144045279539,35,0,Fixed microbiome RF,Participant split
1841.P16554,20,1841,1841:CUB037,female,hand,25.469932580029628,35,0,Fixed microbiome RF,Participant split
1841.P16559,41,1841,1841:CUB050,female,hand,26.68269736568257,35,0,Fixed microbiome RF,Participant split
1841.F06459,23,1841,1841:CUB028,male,head,23.34903731119424,35,0,Fixed microbiome RF,Participant split
1841.F05109,21,1841,1841:NAU124,female,head,22.81878040332513,35,0,Fixed microbiome RF,Participant split
1841.F05106,37,1841,1841:NAU148,male,head,24.90053231490731,35,0,Fixed microbiome RF,Participant split
1841.F05105,22,1841,1841:NAU164,male,head,25.201958141841025,35,0,Fixed microbiome RF,Participant split
1841.F05102,22,1841,1841:NAU164,male,head,28.31052737834093,35,0,Fixed microbiome RF,Participant split
1841.F05594,32,1841,1841:NAU150,female,head,26.474112472414284,35,0,Fixed microbiome RF,Participant split
1841.F05831,32,1841,1841:NAU150,female,head,25.81032053883617,35,0,Fixed microbiome RF,Participant split
10317.000002260,52,10317,10317:aa101e557d45d2c4a31a1d301fd4c574f8a5fc0833b116d35789d31262e1e05a55d401f9b79aeba4e9d3eba2940a8eb96f2f5b422ec59ccfd8c6811d9cd18c8d,female,head,44.5616672344698,35,0,Fixed microbiome RF,Participant split
10317.000068979,34,10317,10317:39f71cf33f09de164d937b070afbdb0ae6316326fe838edc8aeebb9c941d1edd0c4b841e5e1b5c435cf9310595d4cb9a17a4d2777234628da9e9e7e1cc78e36f,male,head,37.6533380463282,35,0,Fixed microbiome RF,Participant split
1841.F06504,20,1841,1841:CUB037,female,head,22.74355326964703,35,0,Fixed microbiome RF,Participant split
10317.000005637,32,10317,10317:8e6d5660e04b428afe96bc9b82f94ffbde8b593ec7e7a39e6d802ccde219bc29f29c18ff10e18b4c6a067ce34878d5cc2b0addc2b1e539d565c014f00b4d3452,unknown,hand,41.01654123209559,35,0,Fixed microbiome RF,Participant split
10317.000005636,32,10317,10317:8e6d5660e04b428afe96bc9b82f94ffbde8b593ec7e7a39e6d802ccde219bc29f29c18ff10e18b4c6a067ce34878d5cc2b0addc2b1e539d565c014f00b4d3452,unknown,hand,40.04166363200211,35,0,Fixed microbiome RF,Participant split
10317.000005634,32,10317,10317:8e6d5660e04b428afe96bc9b82f94ffbde8b593ec7e7a39e6d802ccde219bc29f29c18ff10e18b4c6a067ce34878d5cc2b0addc2b1e539d565c014f00b4d3452,unknown,head,38.72324299696997,35,0,Fixed microbiome RF,Participant split
10317.000003410,49,10317,10317:d1910a1a76a8f78681bcb07a5bd97d35113c3770a82cd58a4cc41bbd0f24a54931c4699e445992cd3590ec9d1ae2db92ad3f118ade23b3ab902226bfb6b6915f,male,head,47.814191121149264,35,0,Fixed microbiome RF,Participant split
1841.F05162,21,1841,1841:NAU161,male,head,24.594294519174067,35,0,Fixed microbiome RF,Participant split
1841.F06552,21,1841,1841:CUB044,male,head,21.765923917091687,35,0,Fixed microbiome RF,Participant split
1841.F06556,41,1841,1841:CUB050,female,head,26.595586882480262,35,0,Fixed microbiome RF,Participant split
1841.F06559,21,1841,1841:CUB044,male,head,28.56816201275496,35,0,Fixed microbiome RF,Participant split
1841.P15435,19,1841,1841:NCS241,female,hand,24.528614718614712,35,0,Fixed microbiome RF,Participant split
1841.F05574,23,1841,1841:NAU100,male,head,24.091021582584084,35,0,Fixed microbiome RF,Participant split
2010.2215,23,2010,2010:31,female,head,38.407857999541946,35,0,Fixed microbiome RF,Participant split
1841.P15714,22,1841,1841:NAU130,female,hand,21.939394390331895,35,0,Fixed microbiome RF,Participant split
1841.P15717,32,1841,1841:NAU150,female,hand,25.35490336052835,35,0,Fixed microbiome RF,Participant split
1841.P16435,22,1841,1841:NCS255,female,hand,22.332536300505048,35,0,Fixed microbiome RF,Participant split
10317.000049828,37,10317,10317:810a1cfb40a1b8da310e777113e7a6fa79ef435b2348c768e4213fd5c5dc7e3b2dfebad107eeb75d35a31c7a30a00b8e06c8bf1e32f03c95301328ac8be56fbf,male,head,43.79973548115391,35,0,Fixed microbiome RF,Participant split
1841.F06577,36,1841,1841:CUB042,male,head,31.38914359811371,35,0,Fixed microbiome RF,Participant split
1841.F06575,21,1841,1841:CUB044,male,head,24.467591576621913,35,0,Fixed microbiome RF,Participant split
1841.P15385,22,1841,1841:NCS255,female,hand,23.78413005945078,35,0,Fixed microbiome RF,Participant split
2010.3272,31,2010,2010:43,female,head,39.65128717727397,35,0,Fixed microbiome RF,Participant split
1841.F05555,21,1841,1841:NAU161,male,head,24.12318288656326,35,0,Fixed microbiome RF,Participant split
1841.F05889,33,1841,1841:NAU144,male,head,26.037069426182477,35,0,Fixed microbiome RF,Participant split
10317.000041057,33,10317,10317:cc7a72730c7716b41648ac90728f72eb759bd32caaa07b60e4db721abd907a2e38b19314c602ce3a7b19a7634037bd360e4d54c532513a267152129589e536de,male,hand,37.02495593616724,35,0,Fixed microbiome RF,Participant split
1841.F06461,20,1841,1841:CUB037,female,head,23.314829041572462,35,0,Fixed microbiome RF,Participant split
1841.P15735,21,1841,1841:NAU124,female,hand,21.44479266883739,35,0,Fixed microbiome RF,Participant split
1841.P15733,21,1841,1841:NAU161,male,hand,22.727170234279612,35,0,Fixed microbiome RF,Participant split
1841.P15006,21,1841,1841:CUB032,female,hand,25.090301561049678,35,0,Fixed microbiome RF,Participant split
10317.000015057,80,10317,10317:8dd14dd80ae9b69218b4942e80486ca4299a19f9342258835b868633bfa7bff6581b9102dd034b2a58f5ea1a74b8a2ec5b06b38aca104935d0e20a6925b670f2,unknown,head,48.88217158731505,35,0,Fixed microbiome RF,Participant split
10317.000068986,34,10317,10317:39f71cf33f09de164d937b070afbdb0ae6316326fe838edc8aeebb9c941d1edd0c4b841e5e1b5c435cf9310595d4cb9a17a4d2777234628da9e9e7e1cc78e36f,male,hand,38.17027295462983,35,0,Fixed microbiome RF,Participant split
1841.P16417,22,1841,1841:NCS255,female,hand,21.47134638798702,35,0,Fixed microbiome RF,Participant split
1841.P16579,21,1841,1841:CUB044,male,hand,24.162902694753917,35,0,Fixed microbiome RF,Participant split
1841.F05648,21,1841,1841:CUB012,female,head,26.857604570674425,35,0,Fixed microbiome RF,Participant split
1841.F05646,36,1841,1841:CUB042,male,head,31.832531618639205,35,0,Fixed microbiome RF,Participant split
1841.F06519,21,1841,1841:CUB012,female,head,25.646793848512583,35,0,Fixed microbiome RF,Participant split
10317.000063327,36,10317,10317:5cac11f98d016720bf90c511d008405a6bd9d9a9f5d68939414a0cad29cedd0b2aba4673b7615fc76fb17b76523634ebb166e93c77804249ebc70ba37d6de287,female,hand,34.55063439965237,35,0,Fixed microbiome RF,Participant split
1841.F06514,36,1841,1841:CUB042,male,head,27.975514009612617,35,0,Fixed microbiome RF,Participant split
10317.000063320,36,10317,10317:5cac11f98d016720bf90c511d008405a6bd9d9a9f5d68939414a0cad29cedd0b2aba4673b7615fc76fb17b76523634ebb166e93c77804249ebc70ba37d6de287,female,head,36.64825541530243,35,0,Fixed microbiome RF,Participant split
10317.000034638,64,10317,10317:b03b7d707e125ba38f6ae4345eb6389f63c2caed719f3d69552e392dbe3d40c17b9f8b97c1e801df3731171dea8ebdb990b7f88d87da78c626beccba0003cf7f,female,head,43.66353865759718,35,0,Fixed microbiome RF,Participant split
10317.000034639,64,10317,10317:b03b7d707e125ba38f6ae4345eb6389f63c2caed719f3d69552e392dbe3d40c17b9f8b97c1e801df3731171dea8ebdb990b7f88d87da78c626beccba0003cf7f,female,hand,41.382411362150336,35,0,Fixed microbiome RF,Participant split
2010.2255,22,2010,2010:27,female,head,40.32136613297872,35,0,Fixed microbiome RF,Participant split
1841.F05532,22,1841,1841:NAU130,female,head,21.771185662838626,35,0,Fixed microbiome RF,Participant split
1841.F05656,21,1841,1841:CUB044,male,head,27.491908426228868,35,0,Fixed microbiome RF,Participant split
1841.P16083,22,1841,1841:NAU164,male,hand,27.950478696828004,35,0,Fixed microbiome RF,Participant split
10317.000048369,30,10317,10317:0c2dd9543685a21b0e6e26055bb6623e91dd2d77a34a450a1f4c666e6c8726990361f37c3c84c16b86b8d7ac7ac715d380ccc2006772a5e62b5bda6c41b96f13,male,head,37.8500720325212,35,0,Fixed microbiome RF,Participant split
2010.1288,34,2010,2010:5,female,head,40.63255651493867,35,0,Fixed microbiome RF,Participant split
10317.000003167,56,10317,10317:ca3c1391f1ca6877569a02ad1a4bb08ec17ce43eb36e67a75c7021c818e8b0fc35d4d9d4f88d36031ef5d86fe5d42f004195994d262cc11012d12140268e85ba,male,hand,47.057639818177094,35,0,Fixed microbiome RF,Participant split
1841.F06186,36,1841,1841:CUB042,male,head,28.703296930542308,35,0,Fixed microbiome RF,Participant split
1841.P15975,21,1841,1841:CUB032,female,hand,23.339369042415917,35,0,Fixed microbiome RF,Participant split
1841.P15962,36,1841,1841:CUB042,male,hand,30.62560874711803,35,0,Fixed microbiome RF,Participant split
1841.F06247,21,1841,1841:NAU124,female,head,25.595395850956198,35,0,Fixed microbiome RF,Participant split
1841.F06537,41,1841,1841:CUB050,female,head,26.929786120997058,35,0,Fixed microbiome RF,Participant split
1841.F06536,20,1841,1841:CUB037,female,head,22.301937520200394,35,0,Fixed microbiome RF,Participant split
1841.P15567,22,1841,1841:NAU164,male,hand,25.694885455370656,35,0,Fixed microbiome RF,Participant split
1841.P15562,21,1841,1841:NAU161,male,hand,23.576659329796676,35,0,Fixed microbiome RF,Participant split
1841.F05438,22,1841,1841:NAU164,male,head,23.770387355699857,35,0,Fixed microbiome RF,Participant split
2010.2602,21,2010,2010:35,female,head,34.20246852077471,35,0,Fixed microbiome RF,Participant split
1841.F05258,33,1841,1841:NAU144,male,head,24.94307281187637,35,0,Fixed microbiome RF,Participant split
1841.P16320,33,1841,1841:NAU144,male,hand,22.41164264554889,35,0,Fixed microbiome RF,Participant split
1841.P16451,22,1841,1841:NAU130,female,hand,21.639912681272982,35,0,Fixed microbiome RF,Participant split
1841.P16322,21,1841,1841:NAU161,male,hand,22.119411994255735,35,0,Fixed microbiome RF,Participant split
1841.P16325,33,1841,1841:NAU144,male,hand,23.675667344807962,35,0,Fixed microbiome RF,Participant split
1841.F06088,22,1841,1841:NCS255,female,head,23.054098176129433,35,0,Fixed microbiome RF,Participant split
10317.000015212,34,10317,10317:356171d003a70eda05dbc44ca7f1c23e803cbba14631a5247db7774ba0e837cd853a804b6bc41bc084b8849021f84c1c780ad04856231b70f72faf5ef5b4bcbf,male,hand,40.10718753157448,35,0,Fixed microbiome RF,Participant split
1841.P15546,22,1841,1841:NAU164,male,hand,24.386838742854373,35,0,Fixed microbiome RF,Participant split
1841.F05066,22,1841,1841:NCS255,female,head,21.609278950216446,35,0,Fixed microbiome RF,Participant split
10317.000015222,53,10317,10317:ee6b0199d11ab9c50774b9e56abce9e5b0601741d7922866f57f5c638ca8cf822c2cfa394a8707365a589b0a6368c20df23f66a6c845f66e662b0742e5937eb4,male,hand,44.949079968240056,35,0,Fixed microbiome RF,Participant split
10317.000015221,53,10317,10317:ee6b0199d11ab9c50774b9e56abce9e5b0601741d7922866f57f5c638ca8cf822c2cfa394a8707365a589b0a6368c20df23f66a6c845f66e662b0742e5937eb4,male,head,45.558699729857516,35,0,Fixed microbiome RF,Participant split
2010.1462,34,2010,2010:5,female,head,40.25386116542295,35,0,Fixed microbiome RF,Participant split
1841.P15938,21,1841,1841:CUB012,female,hand,25.644427855130978,35,0,Fixed microbiome RF,Participant split
1841.P15931,21,1841,1841:CUB032,female,hand,21.855453981782112,35,0,Fixed microbiome RF,Participant split
1841.F06274,32,1841,1841:NAU150,female,head,24.28412488138371,35,0,Fixed microbiome RF,Participant split
1841.F06276,32,1841,1841:NAU150,female,head,24.445828170093797,35,0,Fixed microbiome RF,Participant split
1841.F06277,32,1841,1841:NAU150,female,head,24.410234214368803,35,0,Fixed microbiome RF,Participant split
1841.F06270,22,1841,1841:NAU130,female,head,22.805498308526268,35,0,Fixed microbiome RF,Participant split
1841.F06271,37,1841,1841:NAU148,male,head,23.97902471507251,35,0,Fixed microbiome RF,Participant split
10317.000005071,62,10317,10317:95709cc58235ffbd909b031216643693df4dbc827ae14fc247eebb0528bfbea20bc16e3572da9168ccfd0829b33c756aa63ed4ce9ba244ce6bdf5ef97c44e85f,female,hand,44.44558754997133,35,0,Fixed microbiome RF,Participant split
10317.000005070,62,10317,10317:95709cc58235ffbd909b031216643693df4dbc827ae14fc247eebb0528bfbea20bc16e3572da9168ccfd0829b33c756aa63ed4ce9ba244ce6bdf5ef97c44e85f,female,hand,44.668295916731466,35,0,Fixed microbiome RF,Participant split
1841.P15018,36,1841,1841:CUB042,male,hand,31.76530313938619,35,0,Fixed microbiome RF,Participant split
10317.000007078,48,10317,10317:63aa1010fee4655f80a2fd1ca92db0c9c662b7ff7dfeccd99a08edb7b7f5af8b2df1c92465690a27ee6aad1207495376abce78f3ddeffc05da0acb099f8efdb8,male,hand,41.83207125719807,35,0,Fixed microbiome RF,Participant split
10317.000007079,48,10317,10317:63aa1010fee4655f80a2fd1ca92db0c9c662b7ff7dfeccd99a08edb7b7f5af8b2df1c92465690a27ee6aad1207495376abce78f3ddeffc05da0acb099f8efdb8,male,hand,41.890868833724134,35,0,Fixed microbiome RF,Participant split
1841.P16307,33,1841,1841:NAU144,male,hand,23.065233359933195,35,0,Fixed microbiome RF,Participant split
1841.P16305,33,1841,1841:NAU144,male,hand,25.912864344154848,35,0,Fixed microbiome RF,Participant split
1841.P16304,33,1841,1841:NAU144,male,hand,22.82760863964038,35,0,Fixed microbiome RF,Participant split
10317.000043162,86,10317,10317:969959b6a56c892088c6fec4a090bc9d7786704432d85dd70c0b376f3082c1743c5522532f4a6139e760de6add314a67dddb22fcaef7e05d6f73095cd5be1d95,female,hand,45.79469942330734,35,0,Fixed microbiome RF,Participant split
2010.2229,22,2010,2010:29,female,head,37.482902362133196,35,0,Fixed microbiome RF,Participant split
1841.P15211,20,1841,1841:CUB037,female,hand,23.47633395439103,35,0,Fixed microbiome RF,Participant split
1841.P15217,20,1841,1841:CUB037,female,hand,22.58735520912912,35,0,Fixed microbiome RF,Participant split
10317.000068842,36,10317,10317:1828cb0e8db79ff7771af2763605e12af956358756170093e17230a4ffb081fdfb2040dc65ff286b54429aedd73f9630fd5d98b9a5ad628c6116a74fb994dcf8,male,hand,38.55360355046181,35,0,Fixed microbiome RF,Participant split
2010.2149,22,2010,2010:27,female,head,38.393343818609274,35,0,Fixed microbiome RF,Participant split
1841.P16175,21,1841,1841:NAU161,male,hand,22.427121165293045,35,0,Fixed microbiome RF,Participant split
10317.000069075,22,10317,10317:62da411fb1daa598c9de6fec6d4999096c07c935e32acd264bd45573737d7ca012c560ebc6a3ff42a617cdb54d7d364fb719fc379b15ab5e772bbf3a7356dbde,female,head,34.52084711591549,35,0,Fixed microbiome RF,Participant split
1841.F06296,37,1841,1841:NAU148,male,head,26.79542720090866,35,0,Fixed microbiome RF,Participant split
1841.F06294,37,1841,1841:NAU148,male,head,25.715119144540107,35,0,Fixed microbiome RF,Participant split
2010.2318,23,2010,2010:31,female,head,27.907512190405118,35,0,Fixed microbiome RF,Participant split
10317.000040126,46,10317,10317:103ec97d34a8daf110102310e23be292392f51db75531458f8f135039cb11fbaeed1ebd8c2cbfd97772d62c72352ab5c467dccf59885d5c82f03531039a41827,female,head,42.828688781172296,35,0,Fixed microbiome RF,Participant split
1841.F05218,32,1841,1841:NAU150,female,head,24.418192943295743,35,0,Fixed microbiome RF,Participant split
1841.P16367,22,1841,1841:NAU130,female,hand,22.369966723431794,35,0,Fixed microbiome RF,Participant split
1841.P16366,33,1841,1841:NAU144,male,hand,24.780154094648783,35,0,Fixed microbiome RF,Participant split
1841.P16582,36,1841,1841:CUB042,male,hand,31.54528762665283,35,0,Fixed microbiome RF,Participant split
1841.P16589,21,1841,1841:CUB044,male,hand,23.58975182604633,35,0,Fixed microbiome RF,Participant split
10317.000002877,39,10317,10317:f73c970ebbe4576dac4346e12bd70d852fd2fad299e544aaabe76119ae6772ae189eebd9acc9c024c6a0bf917496f24b6520712b5200889e9afdeb9ed347f9e9,female,head,45.61175089083523,35,0,Fixed microbiome RF,Participant split
1841.F06591,21,1841,1841:CUB012,female,head,25.23225741272617,35,0,Fixed microbiome RF,Participant split
1841.F06590,23,1841,1841:CUB028,male,head,23.904571327977575,35,0,Fixed microbiome RF,Participant split
1841.P15050,21,1841,1841:CUB012,female,hand,24.69828849969475,35,0,Fixed microbiome RF,Participant split
10317.000051534,32,10317,10317:e6e5e53d1a49b2c6511917e62c6123eb734a4571e659825bd125323520a41405bcfee1e3c00e87a30d6cc80dd238a6b93e170970d11ec86eafa0326cdd2dcc04,male,head,45.275840544592036,35,0,Fixed microbiome RF,Participant split
1841.F06337,23,1841,1841:CUB028,male,head,22.155277265680233,35,0,Fixed microbiome RF,Participant split
1841.P15273,21,1841,1841:CUB032,female,hand,23.167940405712287,35,0,Fixed microbiome RF,Participant split
1841.P15585,37,1841,1841:NAU148,male,hand,23.389885278985552,35,0,Fixed microbiome RF,Participant split
1841.F05025,22,1841,1841:NCS255,female,head,23.425177953839636,35,0,Fixed microbiome RF,Participant split
1841.F05686,20,1841,1841:CUB037,female,head,25.44064723772604,35,0,Fixed microbiome RF,Participant split
1841.P15556,21,1841,1841:CUB044,male,hand,31.740439178881353,35,0,Fixed microbiome RF,Participant split
10317.000069058,31,10317,10317:198ec54664604b9ea87e10f11a6d8349037bf3b4e018e7fb9998979245d8f2079c24bef91d79183b5ff2e19efdc4c846a59dec7189d1fe7235717e66307e1a72,male,hand,37.539682770504164,35,0,Fixed microbiome RF,Participant split
10317.000069051,31,10317,10317:198ec54664604b9ea87e10f11a6d8349037bf3b4e018e7fb9998979245d8f2079c24bef91d79183b5ff2e19efdc4c846a59dec7189d1fe7235717e66307e1a72,male,head,37.259180340449,35,0,Fixed microbiome RF,Participant split
1841.F06109,41,1841,1841:CUB050,female,head,25.74685399610708,35,0,Fixed microbiome RF,Participant split
1841.F06106,21,1841,1841:CUB044,male,head,23.615169977081734,35,0,Fixed microbiome RF,Participant split
1841.F05256,21,1841,1841:NAU161,male,head,24.23563135705454,35,0,Fixed microbiome RF,Participant split
1841.P15071,20,1841,1841:CUB037,female,hand,21.996412985503063,35,0,Fixed microbiome RF,Participant split
1841.P15073,36,1841,1841:CUB042,male,hand,29.207301489360326,35,0,Fixed microbiome RF,Participant split
1841.F06317,21,1841,1841:CUB012,female,head,27.401548377850865,35,0,Fixed microbiome RF,Participant split
1841.P15256,36,1841,1841:CUB042,male,hand,34.789696778222144,35,0,Fixed microbiome RF,Participant split
1841.P15257,20,1841,1841:CUB037,female,hand,23.493065541001407,35,0,Fixed microbiome RF,Participant split
1841.P15251,21,1841,1841:CUB044,male,hand,30.65144405713075,35,0,Fixed microbiome RF,Participant split
1841.P16450,22,1841,1841:NCS255,female,hand,23.45192429098679,35,0,Fixed microbiome RF,Participant split
10317.000068806,30,10317,10317:219fdff6b9dcec67c1aa0b866cb025d68ac35295256f63c520911912293fe0849d61cd408675c0305a5c92df708363f8172fc8e6969982b5a49c4e44d28547fb,female,hand,45.46439113894887,35,0,Fixed microbiome RF,Participant split
10317.000005578,33,10317,10317:356171d003a70eda05dbc44ca7f1c23e803cbba14631a5247db7774ba0e837cd853a804b6bc41bc084b8849021f84c1c780ad04856231b70f72faf5ef5b4bcbf,male,hand,41.03301248029304,35,0,Fixed microbiome RF,Participant split
10317.000005574,33,10317,10317:356171d003a70eda05dbc44ca7f1c23e803cbba14631a5247db7774ba0e837cd853a804b6bc41bc084b8849021f84c1c780ad04856231b70f72faf5ef5b4bcbf,male,head,44.156107931135836,35,0,Fixed microbiome RF,Participant split
1841.P16288,37,1841,1841:NAU148,male,hand,26.253485222906182,35,0,Fixed microbiome RF,Participant split
1841.P16287,32,1841,1841:NAU150,female,hand,26.411505867498505,35,0,Fixed microbiome RF,Participant split
10317.000069034,22,10317,10317:a6a72ae91b2b02c8ea4cfe12d58d98ebe5b424cd88d36f8b84e1deec1b971b6c50e1fbca139d0b8b67d6f73821c7922d555844d105af99dd4813cd966993df6f,male,hand,39.906002405849804,35,0,Fixed microbiome RF,Participant split
1841.F05400,22,1841,1841:NAU164,male,head,24.958307780138046,35,0,Fixed microbiome RF,Participant split
1841.F05405,37,1841,1841:NAU148,male,head,25.638676870004993,35,0,Fixed microbiome RF,Participant split
1841.F06123,41,1841,1841:CUB050,female,head,29.312283846753253,35,0,Fixed microbiome RF,Participant split
1841.F06377,21,1841,1841:CUB044,male,head,24.952883139541903,35,0,Fixed microbiome RF,Participant split
1841.P15010,21,1841,1841:CUB012,female,hand,24.503037988467074,35,0,Fixed microbiome RF,Participant split
1841.P15011,41,1841,1841:CUB050,female,hand,26.67644930969265,35,0,Fixed microbiome RF,Participant split
1841.P15604,21,1841,1841:CUB044,male,hand,24.25538574176298,35,0,Fixed microbiome RF,Participant split
1841.F05421,22,1841,1841:NAU130,female,head,24.203237576863494,35,0,Fixed microbiome RF,Participant split
1841.F05423,21,1841,1841:NAU161,male,head,24.078150714774356,35,0,Fixed microbiome RF,Participant split
1841.F05426,21,1841,1841:NAU124,female,head,23.03815102628611,35,0,Fixed microbiome RF,Participant split
1841.P16573,21,1841,1841:CUB032,female,hand,23.26593626859251,35,0,Fixed microbiome RF,Participant split
10317.000005577,34,10317,10317:356171d003a70eda05dbc44ca7f1c23e803cbba14631a5247db7774ba0e837cd853a804b6bc41bc084b8849021f84c1c780ad04856231b70f72faf5ef5b4bcbf,male,hand,41.38674587129729,35,0,Fixed microbiome RF,Participant split
1841.F06079,22,1841,1841:NCS255,female,head,23.51729300304958,35,0,Fixed microbiome RF,Participant split
10317.000003339,73,10317,10317:b8164f6522d265b137471f7142d4362a35a7a4dfd6f21aada5888456dda2bfbdda36900f4edf71d621587e3c79a92da70f421d07fe905890c57c4ec4d421335e,female,hand,46.3997175375324,35,0,Fixed microbiome RF,Participant split
1841.F06086,22,1841,1841:NCS255,female,head,22.587209443517025,35,0,Fixed microbiome RF,Participant split
1841.P16079,22,1841,1841:NAU130,female,hand,22.138343633249065,35,0,Fixed microbiome RF,Participant split
1841.F05180,32,1841,1841:NAU150,female,head,28.045010432276076,35,0,Fixed microbiome RF,Participant split
1841.F05635,21,1841,1841:CUB012,female,head,24.721946083430456,35,0,Fixed microbiome RF,Participant split
1841.P15037,41,1841,1841:CUB050,female,hand,25.679185822902447,35,0,Fixed microbiome RF,Participant split
1841.P15030,41,1841,1841:CUB050,female,hand,27.434887742707513,35,0,Fixed microbiome RF,Participant split
1841.P15031,21,1841,1841:CUB044,male,hand,25.72307639511225,35,0,Fixed microbiome RF,Participant split
10317.000049768,66,10317,10317:5e5f5fc79a512a180eb0cd63fa75b7307715996b1aff58edbefb0ed0d6548904bf74f95a466efb9525a910f69150d98cfae7b1c55b9bf3e278b402a8439e8d4c,male,head,38.124396910603004,35,0,Fixed microbiome RF,Participant split
10317.000049767,66,10317,10317:5e5f5fc79a512a180eb0cd63fa75b7307715996b1aff58edbefb0ed0d6548904bf74f95a466efb9525a910f69150d98cfae7b1c55b9bf3e278b402a8439e8d4c,male,hand,45.167419355074834,35,0,Fixed microbiome RF,Participant split
10317.000049766,66,10317,10317:5e5f5fc79a512a180eb0cd63fa75b7307715996b1aff58edbefb0ed0d6548904bf74f95a466efb9525a910f69150d98cfae7b1c55b9bf3e278b402a8439e8d4c,male,hand,42.324763007734475,35,0,Fixed microbiome RF,Participant split
1841.F05457,37,1841,1841:NAU148,male,head,24.75541549943373,35,0,Fixed microbiome RF,Participant split
1841.P16244,37,1841,1841:NAU148,male,hand,25.375087932900435,35,0,Fixed microbiome RF,Participant split
10317.000022189,57,10317,10317:83129c2b229f0d9fb6e870c62c2b01797d6f2d1e18875a4474c1d621fd4239f0509c12f293d0febfee93496a315d1b8ed8f7d66b9046ea392b2913819b93632c,female,head,41.458251939511705,35,0,Fixed microbiome RF,Participant split
1841.F05858,21,1841,1841:NAU161,male,head,24.111443452380946,35,0,Fixed microbiome RF,Participant split
1841.P15993,21,1841,1841:CUB044,male,hand,27.713904217385863,35,0,Fixed microbiome RF,Participant split
1841.P15600,32,1841,1841:NAU150,female,hand,26.267577192162605,35,0,Fixed microbiome RF,Participant split
1841.F05246,33,1841,1841:NAU144,male,head,25.112942127317133,35,0,Fixed microbiome RF,Participant split
1841.F06406,20,1841,1841:CUB037,female,head,22.201663579019655,35,0,Fixed microbiome RF,Participant split
1841.F06405,23,1841,1841:CUB028,male,head,22.991810584809276,35,0,Fixed microbiome RF,Participant split
1841.F06404,21,1841,1841:CUB032,female,head,22.357088946324147,35,0,Fixed microbiome RF,Participant split
1841.F06403,23,1841,1841:CUB028,male,head,22.919255005615305,35,0,Fixed microbiome RF,Participant split
1841.F05601,20,1841,1841:CUB037,female,head,23.139071077314508,35,0,Fixed microbiome RF,Participant split
1841.F05605,23,1841,1841:CUB028,male,head,22.645342316594007,35,0,Fixed microbiome RF,Participant split
1841.F05607,20,1841,1841:CUB037,female,head,22.218212256493512,35,0,Fixed microbiome RF,Participant split
1841.F05463,21,1841,1841:NAU124,female,head,23.052646124511618,35,0,Fixed microbiome RF,Participant split
1841.P16199,21,1841,1841:NAU161,male,hand,23.760651431901433,35,0,Fixed microbiome RF,Participant split
1841.F05652,21,1841,1841:CUB032,female,head,23.533348318348317,35,0,Fixed microbiome RF,Participant split
1841.P16337,32,1841,1841:NAU150,female,hand,25.359234310930088,35,0,Fixed microbiome RF,Participant split
1841.P16335,33,1841,1841:NAU144,male,hand,23.999837436868688,35,0,Fixed microbiome RF,Participant split
10317.000015223,53,10317,10317:ee6b0199d11ab9c50774b9e56abce9e5b0601741d7922866f57f5c638ca8cf822c2cfa394a8707365a589b0a6368c20df23f66a6c845f66e662b0742e5937eb4,male,hand,45.94516624498921,35,0,Fixed microbiome RF,Participant split
10317.000040124,46,10317,10317:103ec97d34a8daf110102310e23be292392f51db75531458f8f135039cb11fbaeed1ebd8c2cbfd97772d62c72352ab5c467dccf59885d5c82f03531039a41827,female,hand,40.53528307487396,35,0,Fixed microbiome RF,Participant split
10317.000069027,22,10317,10317:a6a72ae91b2b02c8ea4cfe12d58d98ebe5b424cd88d36f8b84e1deec1b971b6c50e1fbca139d0b8b67d6f73821c7922d555844d105af99dd4813cd966993df6f,male,head,41.442154546598815,35,0,Fixed microbiome RF,Participant split
2010.3131,31,2010,2010:43,female,head,36.678373469996956,35,0,Fixed microbiome RF,Participant split
1841.F05819,33,1841,1841:NAU144,male,head,23.834068273944194,35,0,Fixed microbiome RF,Participant split
1841.F05818,22,1841,1841:NAU130,female,head,22.950094419768448,35,0,Fixed microbiome RF,Participant split
10317.000004206,76,10317,10317:e4f690795c66a065feccd07de0128f89746b411eb215789f6c7c9bd18b20cd831f9b9a7e3b8af5952b3c56c532534d3f1045f353d46b4b79876a0f6c8b58df96,female,hand,45.52257701692375,35,0,Fixed microbiome RF,Participant split
1841.F06468,36,1841,1841:CUB042,male,head,32.09696493062858,35,0,Fixed microbiome RF,Participant split
1841.F06396,20,1841,1841:CUB037,female,head,22.868610624572803,35,0,Fixed microbiome RF,Participant split
1841.P15614,21,1841,1841:CUB044,male,hand,27.539553673643344,35,0,Fixed microbiome RF,Participant split
1841.P15610,41,1841,1841:CUB050,female,hand,26.177646121239853,35,0,Fixed microbiome RF,Participant split
1841.P15783,22,1841,1841:NAU164,male,hand,24.95434457206796,35,0,Fixed microbiome RF,Participant split
1841.P15787,37,1841,1841:NAU148,male,hand,25.50549991535947,35,0,Fixed microbiome RF,Participant split
1841.P15785,22,1841,1841:NAU130,female,hand,22.033889790764785,35,0,Fixed microbiome RF,Participant split
10317.000020708,38,10317,10317:06cf6f63a01f0bbf35a097b00d8e378ca6a8df068d8f99cb73feead69c041664f4cbec9fbc91e7f587844c43d5c16bab7d422b2890e7a2805db632fccecc39a0,female,hand,40.92595458094595,35,0,Fixed microbiome RF,Participant split
1841.P15788,22,1841,1841:NAU130,female,hand,22.11796918844456,35,0,Fixed microbiome RF,Participant split
1841.P15789,21,1841,1841:NAU161,male,hand,24.939647863170677,35,0,Fixed microbiome RF,Participant split
1841.P16204,37,1841,1841:NAU148,male,hand,25.9696054466367,35,0,Fixed microbiome RF,Participant split
1841.F05481,22,1841,1841:NAU130,female,head,22.58727589205386,35,0,Fixed microbiome RF,Participant split
1841.F05628,41,1841,1841:CUB050,female,head,25.26255347905019,35,0,Fixed microbiome RF,Participant split
1841.F05620,36,1841,1841:CUB042,male,head,30.343374314185546,35,0,Fixed microbiome RF,Participant split
1841.P16014,32,1841,1841:NAU150,female,hand,23.22778206168832,35,0,Fixed microbiome RF,Participant split
10317.000028935,49,10317,10317:59c5a0dcd9d6d45203241bf0d68b0edca829b4582f84f330ac3af24222033b834f16c878479c24ee630d0f140e43b819dacac90ab05a15289947fda4549dfdec,male,head,46.013571189743935,35,0,Fixed microbiome RF,Participant split
1841.F06446,21,1841,1841:CUB012,female,head,24.841338565947943,35,0,Fixed microbiome RF,Participant split
1841.F06445,21,1841,1841:CUB044,male,head,23.298160615426248,35,0,Fixed microbiome RF,Participant split
1841.F05136,22,1841,1841:NAU130,female,head,22.112032151875912,35,0,Fixed microbiome RF,Participant split
1841.P16228,32,1841,1841:NAU150,female,hand,24.117195322039077,35,0,Fixed microbiome RF,Participant split
1841.P16225,37,1841,1841:NAU148,male,hand,26.70021510546956,35,0,Fixed microbiome RF,Participant split
10317.000005431,36,10317,10317:ca094c456996ab8a9ad0f33489c86fed9f280451a6cc84da275911ae7897e6bad66f0f5976a12854a9da9b8e65cc31dc6c689b846ae257ca5841dd6d1296e0ec,unknown,hand,40.43586577474725,35,0,Fixed microbiome RF,Participant split
10317.000005430,36,10317,10317:ca094c456996ab8a9ad0f33489c86fed9f280451a6cc84da275911ae7897e6bad66f0f5976a12854a9da9b8e65cc31dc6c689b846ae257ca5841dd6d1296e0ec,unknown,hand,44.35642531808797,35,0,Fixed microbiome RF,Participant split
10317.000005432,36,10317,10317:ca094c456996ab8a9ad0f33489c86fed9f280451a6cc84da275911ae7897e6bad66f0f5976a12854a9da9b8e65cc31dc6c689b846ae257ca5841dd6d1296e0ec,unknown,head,41.48237050208574,35,0,Fixed microbiome RF,Participant split
1841.F05588,21,1841,1841:NAU124,female,head,22.18694278271454,35,0,Fixed microbiome RF,Participant split
1841.P16569,41,1841,1841:CUB050,female,hand,27.783677138833394,35,0,Fixed microbiome RF,Participant split
1841.P16561,21,1841,1841:CUB044,male,hand,23.358141095770172,35,0,Fixed microbiome RF,Participant split
1841.P16566,41,1841,1841:CUB050,female,hand,25.55520967747531,35,0,Fixed microbiome RF,Participant split
10317.000031912,54,10317,10317:0c3091f23d30ee5b470301f691493df51f63050506428f17d14304a92cb2773c926aa8302e810812195b2fb3442ae4405b25774e783a0dea0554adffa5e317c5,female,hand,44.813114415934706,35,0,Fixed microbiome RF,Participant split
10317.000031910,54,10317,10317:0c3091f23d30ee5b470301f691493df51f63050506428f17d14304a92cb2773c926aa8302e810812195b2fb3442ae4405b25774e783a0dea0554adffa5e317c5,female,head,44.45661061443937,35,0,Fixed microbiome RF,Participant split
1841.F05113,21,1841,1841:NAU124,female,head,25.041578074242093,35,0,Fixed microbiome RF,Participant split
1841.F05116,21,1841,1841:NAU124,female,head,23.68596802153658,35,0,Fixed microbiome RF,Participant split
10317.000049825,38,10317,10317:810a1cfb40a1b8da310e777113e7a6fa79ef435b2348c768e4213fd5c5dc7e3b2dfebad107eeb75d35a31c7a30a00b8e06c8bf1e32f03c95301328ac8be56fbf,male,hand,44.03425545799588,35,0,Fixed microbiome RF,Participant split
1841.P16601,21,1841,1841:CUB012,female,hand,23.549867216117217,35,0,Fixed microbiome RF,Participant split
1841.P15990,23,1841,1841:CUB028,male,hand,23.58788108768943,35,0,Fixed microbiome RF,Participant split
1841.P15997,36,1841,1841:CUB042,male,hand,33.45631819618113,35,0,Fixed microbiome RF,Participant split
1841.F05568,37,1841,1841:NAU148,male,head,24.456158418244765,35,0,Fixed microbiome RF,Participant split
1841.F05562,21,1841,1841:NAU124,female,head,23.481739371440344,35,0,Fixed microbiome RF,Participant split
1841.F05567,22,1841,1841:NAU164,male,head,25.81785608538694,35,0,Fixed microbiome RF,Participant split
2010.2201,22,2010,2010:29,female,head,36.63630325566902,35,0,Fixed microbiome RF,Participant split
1841.F06437,21,1841,1841:CUB044,male,head,27.569591561919616,35,0,Fixed microbiome RF,Participant split
1841.F06435,41,1841,1841:CUB050,female,head,28.309426411073833,35,0,Fixed microbiome RF,Participant split
1841.F06489,21,1841,1841:CUB012,female,head,30.877184146598417,35,0,Fixed microbiome RF,Participant split
1841.F06487,21,1841,1841:CUB032,female,head,23.335927475302476,35,0,Fixed microbiome RF,Participant split
1841.P15378,22,1841,1841:NCS255,female,hand,21.605104843073587,35,0,Fixed microbiome RF,Participant split
1841.F06548,20,1841,1841:CUB037,female,head,23.520180503333755,35,0,Fixed microbiome RF,Participant split
10317.000063152,25,10317,10317:3e74c911b962f0afc2cdf9be99137894321cd28afa86ae9be26bfba86712502c3e8a61b4db55401131c7c041ae071ba253516caa7a7f9fd61b5038eea71d7d41,female,head,33.80423204422317,35,0,Fixed microbiome RF,Participant split
1841.P15398,22,1841,1841:NCS255,female,hand,23.63671309652991,35,0,Fixed microbiome RF,Participant split
1841.F05543,22,1841,1841:NAU164,male,head,24.98896581155773,35,0,Fixed microbiome RF,Participant split
1841.F05542,21,1841,1841:CUB044,male,head,24.687239858846866,35,0,Fixed microbiome RF,Participant split
1841.P15083,21,1841,1841:CUB012,female,hand,25.694698520433814,35,0,Fixed microbiome RF,Participant split
1841.P15533,22,1841,1841:NAU130,female,hand,22.101947466824114,35,0,Fixed microbiome RF,Participant split
1841.F05893,33,1841,1841:NAU144,male,head,25.57196162191567,35,0,Fixed microbiome RF,Participant split
1841.F05613,23,1841,1841:CUB028,male,head,24.27151887129683,35,0,Fixed microbiome RF,Participant split
1841.P16393,33,1841,1841:NAU144,male,hand,22.963624500499506,35,0,Fixed microbiome RF,Participant split
10317.000041062,33,10317,10317:cc7a72730c7716b41648ac90728f72eb759bd32caaa07b60e4db721abd907a2e38b19314c602ce3a7b19a7634037bd360e4d54c532513a267152129589e536de,male,hand,38.23775074065283,35,0,Fixed microbiome RF,Participant split
1841.P15709,21,1841,1841:NAU161,male,hand,23.366676497113996,35,0,Fixed microbiome RF,Participant split
1841.F06201,37,1841,1841:NAU148,male,head,25.568552428973668,35,0,Fixed microbiome RF,Participant split
1841.F06205,21,1841,1841:NAU124,female,head,23.661344982386407,35,0,Fixed microbiome RF,Participant split
10317.000028314,57,10317,10317:22d2760f969511df810ec5b468e81eb97e8822f3d303b2f72a874ee4196f9a705e1460b3be27a0a183fa9f8847872de4f8bf255567a7def57c62e260e4d758f0,male,head,39.93487526516468,35,0,Fixed microbiome RF,Participant split
10317.000005069,62,10317,10317:95709cc58235ffbd909b031216643693df4dbc827ae14fc247eebb0528bfbea20bc16e3572da9168ccfd0829b33c756aa63ed4ce9ba244ce6bdf5ef97c44e85f,female,head,48.178511277927015,35,0,Fixed microbiome RF,Participant split
1841.P16424,22,1841,1841:NCS255,female,hand,23.115966211802565,35,0,Fixed microbiome RF,Participant split
1841.F06565,41,1841,1841:CUB050,female,head,24.604794805888556,35,0,Fixed microbiome RF,Participant split
1841.F06567,21,1841,1841:CUB032,female,head,23.15572158029877,35,0,Fixed microbiome RF,Participant split
2010.2244,23,2010,2010:31,female,head,42.4826761086283,35,0,Fixed microbiome RF,Participant split
1841.P15517,33,1841,1841:NAU144,male,hand,26.891288269022663,35,0,Fixed microbiome RF,Participant split
1841.F05001,22,1841,1841:NCS255,female,head,22.965852344223325,35,0,Fixed microbiome RF,Participant split
1841.F05527,33,1841,1841:NAU144,male,head,24.679265977078476,35,0,Fixed microbiome RF,Participant split
10317.000010131,58,10317,10317:18f2e49afddb67b3c360c48826bfc2787ccc26e275825c6dd9afebc62893f5e57bcee0a02aedb777006db6eb53183d6c85508ad34d318c8120de7628c5f74232,female,head,44.26516877540219,35,0,Fixed microbiome RF,Participant split
1841.F06492,36,1841,1841:CUB042,male,head,26.328048115079355,35,0,Fixed microbiome RF,Participant split
1841.P16093,21,1841,1841:NAU124,female,hand,24.166543376261643,35,0,Fixed microbiome RF,Participant split
1841.P16094,37,1841,1841:NAU148,male,hand,24.55723261189295,35,0,Fixed microbiome RF,Participant split
10317.000063159,25,10317,10317:3e74c911b962f0afc2cdf9be99137894321cd28afa86ae9be26bfba86712502c3e8a61b4db55401131c7c041ae071ba253516caa7a7f9fd61b5038eea71d7d41,female,hand,33.30062940763347,35,0,Fixed microbiome RF,Participant split
1841.P15720,21,1841,1841:NAU124,female,hand,22.696100817286165,35,0,Fixed microbiome RF,Participant split
1841.P15724,32,1841,1841:NAU150,female,hand,25.679246708152952,35,0,Fixed microbiome RF,Participant split
1841.F06224,37,1841,1841:NAU148,male,head,26.223633732938726,35,0,Fixed microbiome RF,Participant split
2010.2380,23,2010,2010:31,female,head,28.14676658855808,35,0,Fixed microbiome RF,Participant split
1841.P16401,21,1841,1841:NAU124,female,hand,22.558100336407392,35,0,Fixed microbiome RF,Participant split
1841.F05548,22,1841,1841:NAU130,female,head,22.18747874384388,35,0,Fixed microbiome RF,Participant split
1841.P15579,21,1841,1841:NAU124,female,hand,23.26237683733114,35,0,Fixed microbiome RF,Participant split
1841.P15573,21,1841,1841:NAU124,female,hand,24.498029425136657,35,0,Fixed microbiome RF,Participant split
1841.F05051,22,1841,1841:NCS255,female,head,21.60052827380953,35,0,Fixed microbiome RF,Participant split
1841.F05055,22,1841,1841:NCS255,female,head,22.82067605137917,35,0,Fixed microbiome RF,Participant split
1841.F05056,21,1841,1841:NAU161,male,head,25.881297979270123,35,0,Fixed microbiome RF,Participant split
10317.000049745,64,10317,10317:b03b7d707e125ba38f6ae4345eb6389f63c2caed719f3d69552e392dbe3d40c17b9f8b97c1e801df3731171dea8ebdb990b7f88d87da78c626beccba0003cf7f,female,head,47.43503353959571,35,0,Fixed microbiome RF,Participant split
1841.P15748,22,1841,1841:NAU164,male,hand,25.711045426612856,35,0,Fixed microbiome RF,Participant split
1841.F06242,37,1841,1841:NAU148,male,head,25.4743742247336,35,0,Fixed microbiome RF,Participant split
10317.000015060,80,10317,10317:8dd14dd80ae9b69218b4942e80486ca4299a19f9342258835b868633bfa7bff6581b9102dd034b2a58f5ea1a74b8a2ec5b06b38aca104935d0e20a6925b670f2,unknown,hand,47.847657503464326,35,0,Fixed microbiome RF,Participant split
1841.F05268,37,1841,1841:NAU148,male,head,24.623054725771993,35,0,Fixed microbiome RF,Participant split
1841.P16466,22,1841,1841:NCS255,female,hand,26.94300959326238,35,0,Fixed microbiome RF,Participant split
2010.1447,25,2010,2010:3,female,head,41.24712916856144,35,0,Fixed microbiome RF,Participant split
1841.F06526,23,1841,1841:CUB028,male,head,23.559278919180233,35,0,Fixed microbiome RF,Participant split
1841.P15084,21,1841,1841:CUB032,female,hand,23.99235070114569,35,0,Fixed microbiome RF,Participant split
1841.P15087,36,1841,1841:CUB042,male,hand,34.97359235306681,35,0,Fixed microbiome RF,Participant split
1841.P15550,22,1841,1841:NAU130,female,hand,22.281083924299384,35,0,Fixed microbiome RF,Participant split
1841.P15229,21,1841,1841:CUB012,female,hand,26.211603622072392,35,0,Fixed microbiome RF,Participant split
2010.2294,23,2010,2010:31,female,head,29.322502811722067,35,0,Fixed microbiome RF,Participant split
1841.F05076,22,1841,1841:NCS255,female,head,23.034357413419922,35,0,Fixed microbiome RF,Participant split
1841.F05389,19,1841,1841:NCS241,female,head,24.126245441062117,35,0,Fixed microbiome RF,Participant split
1841.P16146,33,1841,1841:NAU144,male,hand,23.51689150779775,35,0,Fixed microbiome RF,Participant split
10317.000063279,30,10317,10317:891ba49891c93e012ced08e68550251a74e2939dbec3af58e67b97d73d2d0f32fd7530e785db3ae620b3a125927c31d18d0e6c08bfe00778a19646a44083e9e7,male,hand,38.495271576047294,35,0,Fixed microbiome RF,Participant split
1841.P15941,23,1841,1841:CUB028,male,hand,24.311015746406365,35,0,Fixed microbiome RF,Participant split
1841.P15766,32,1841,1841:NAU150,female,hand,23.184600766081747,35,0,Fixed microbiome RF,Participant split
1841.P16445,21,1841,1841:NAU161,male,hand,22.458992043207395,35,0,Fixed microbiome RF,Participant split
1841.F06094,22,1841,1841:NCS255,female,head,25.770898605389867,35,0,Fixed microbiome RF,Participant split
1841.P15207,23,1841,1841:CUB028,male,hand,22.870328785797543,35,0,Fixed microbiome RF,Participant split
1841.P15201,23,1841,1841:CUB028,male,hand,23.362833642052394,35,0,Fixed microbiome RF,Participant split
1841.P15200,41,1841,1841:CUB050,female,hand,27.638453071642413,35,0,Fixed microbiome RF,Participant split
10317.000063483,25,10317,10317:a7eb0dd2ec940ca9c3d8c905ee11b3f312886d2373352bf10804121fdb76ae9277a91ce4ea0f346e0c8b67c66e30cabba094db785b990ac67b6fa4ea8b65aeda,female,hand,33.92366100353784,35,0,Fixed microbiome RF,Participant split
10317.000015217,46,10317,10317:dd55969d0664a6b5a0188fc460aa56c9db31fb38d59b1bc6cab8778141628932862c52634d68f1f637d42f51131e7fa48bfb164ddc9f18e878a3cf6cc8bb0a20,female,hand,47.34962480142098,35,0,Fixed microbiome RF,Participant split
10317.000015216,46,10317,10317:dd55969d0664a6b5a0188fc460aa56c9db31fb38d59b1bc6cab8778141628932862c52634d68f1f637d42f51131e7fa48bfb164ddc9f18e878a3cf6cc8bb0a20,female,hand,46.747339949955,35,0,Fixed microbiome RF,Participant split
10317.000015215,33,10317,10317:356171d003a70eda05dbc44ca7f1c23e803cbba14631a5247db7774ba0e837cd853a804b6bc41bc084b8849021f84c1c780ad04856231b70f72faf5ef5b4bcbf,male,hand,41.159664827706294,35,0,Fixed microbiome RF,Participant split
10317.000015211,33,10317,10317:356171d003a70eda05dbc44ca7f1c23e803cbba14631a5247db7774ba0e837cd853a804b6bc41bc084b8849021f84c1c780ad04856231b70f72faf5ef5b4bcbf,male,head,43.305521717576156,35,0,Fixed microbiome RF,Participant split
10317.000015219,46,10317,10317:dd55969d0664a6b5a0188fc460aa56c9db31fb38d59b1bc6cab8778141628932862c52634d68f1f637d42f51131e7fa48bfb164ddc9f18e878a3cf6cc8bb0a20,female,head,46.367875424651274,35,0,Fixed microbiome RF,Participant split
10317.000069082,22,10317,10317:62da411fb1daa598c9de6fec6d4999096c07c935e32acd264bd45573737d7ca012c560ebc6a3ff42a617cdb54d7d364fb719fc379b15ab5e772bbf3a7356dbde,female,hand,37.24065025086506,35,0,Fixed microbiome RF,Participant split
1841.P15926,21,1841,1841:CUB012,female,hand,25.192316265632588,35,0,Fixed microbiome RF,Participant split
1841.F06287,21,1841,1841:NAU161,male,head,24.547257859583226,35,0,Fixed microbiome RF,Participant split
1841.F06202,32,1841,1841:NAU150,female,head,24.698072014790768,35,0,Fixed microbiome RF,Participant split
10317.000007080,48,10317,10317:63aa1010fee4655f80a2fd1ca92db0c9c662b7ff7dfeccd99a08edb7b7f5af8b2df1c92465690a27ee6aad1207495376abce78f3ddeffc05da0acb099f8efdb8,male,head,43.334393873172004,35,0,Fixed microbiome RF,Participant split
1841.P16312,37,1841,1841:NAU148,male,hand,22.710295279750916,35,0,Fixed microbiome RF,Participant split
1841.P16316,33,1841,1841:NAU144,male,hand,21.482624684343442,35,0,Fixed microbiome RF,Participant split
1841.F06343,21,1841,1841:CUB032,female,head,24.111950983044736,35,0,Fixed microbiome RF,Participant split
1841.P15043,21,1841,1841:CUB044,male,hand,24.066284905839936,35,0,Fixed microbiome RF,Participant split
1841.P15269,21,1841,1841:CUB044,male,hand,32.8725497154832,35,0,Fixed microbiome RF,Participant split
1841.P15059,23,1841,1841:CUB028,male,hand,24.597367129398382,35,0,Fixed microbiome RF,Participant split
1841.F05036,22,1841,1841:NAU130,female,head,22.732200280270565,35,0,Fixed microbiome RF,Participant split
1841.P16102,21,1841,1841:NAU124,female,hand,23.868197016430152,35,0,Fixed microbiome RF,Participant split
2010.1302,34,2010,2010:5,female,head,37.57160970686536,35,0,Fixed microbiome RF,Participant split
1841.F06119,21,1841,1841:CUB044,male,head,23.129340857263657,35,0,Fixed microbiome RF,Participant split
1841.P15904,20,1841,1841:CUB037,female,hand,22.03647910249473,35,0,Fixed microbiome RF,Participant split
1841.P15906,21,1841,1841:CUB032,female,hand,23.27476199046051,35,0,Fixed microbiome RF,Participant split
1841.P15679,36,1841,1841:CUB042,male,hand,28.216010864135875,35,0,Fixed microbiome RF,Participant split
1841.F05202,21,1841,1841:NAU161,male,head,25.178964988775853,35,0,Fixed microbiome RF,Participant split
1841.P16395,22,1841,1841:NAU130,female,hand,22.751920839577092,35,0,Fixed microbiome RF,Participant split
1841.F05885,37,1841,1841:NAU148,male,head,23.681960336239424,35,0,Fixed microbiome RF,Participant split
1841.P16590,23,1841,1841:CUB028,male,hand,22.851417011807637,35,0,Fixed microbiome RF,Participant split
1841.F06582,21,1841,1841:CUB044,male,head,27.964610376830784,35,0,Fixed microbiome RF,Participant split
1841.P15065,21,1841,1841:CUB032,female,hand,23.212860299422793,35,0,Fixed microbiome RF,Participant split
1841.P15240,21,1841,1841:CUB012,female,hand,25.613899832806094,35,0,Fixed microbiome RF,Participant split
10317.000068835,36,10317,10317:1828cb0e8db79ff7771af2763605e12af956358756170093e17230a4ffb081fdfb2040dc65ff286b54429aedd73f9630fd5d98b9a5ad628c6116a74fb994dcf8,male,head,37.30000409096512,35,0,Fixed microbiome RF,Participant split
1841.P16294,21,1841,1841:NAU161,male,hand,25.31967892016001,35,0,Fixed microbiome RF,Participant split
1841.F05414,32,1841,1841:NAU150,female,head,24.059111877705625,35,0,Fixed microbiome RF,Participant split
1841.P16122,33,1841,1841:NAU144,male,hand,26.255774194147364,35,0,Fixed microbiome RF,Participant split
10317.000068799,30,10317,10317:219fdff6b9dcec67c1aa0b866cb025d68ac35295256f63c520911912293fe0849d61cd408675c0305a5c92df708363f8172fc8e6969982b5a49c4e44d28547fb,female,head,42.33624694991104,35,0,Fixed microbiome RF,Participant split
1841.P15580,23,1841,1841:NAU100,male,hand,25.13949668208183,35,0,Fixed microbiome RF,Participant split
1841.P16354,22,1841,1841:NAU164,male,hand,27.093894152409632,35,0,Fixed microbiome RF,Participant split
1841.P16034,21,1841,1841:NAU161,male,hand,23.26370062841571,35,0,Fixed microbiome RF,Participant split
1841.P15004,20,1841,1841:CUB037,female,hand,22.072315340909093,35,0,Fixed microbiome RF,Participant split
1841.P15001,23,1841,1841:CUB028,male,hand,23.024550414862922,35,0,Fixed microbiome RF,Participant split
1841.P15003,23,1841,1841:CUB028,male,hand,22.32790811240248,35,0,Fixed microbiome RF,Participant split
1841.F06301,21,1841,1841:CUB032,female,head,22.943247655122658,35,0,Fixed microbiome RF,Participant split
1841.F06303,20,1841,1841:CUB037,female,head,24.59750318789634,35,0,Fixed microbiome RF,Participant split
10317.000009042,46,10317,10317:df6f20fb4f08ca5e4d0752d216fd11416c51dcc4d2843a31934d166a9e80964e8a8ebaa924df11dde7c18ceb71cdaa8a5809afe436eae6c92ebcf896c5c92b64,female,hand,42.64495312334851,35,0,Fixed microbiome RF,Participant split
1841.F05433,32,1841,1841:NAU150,female,head,24.92413180856617,35,0,Fixed microbiome RF,Participant split
1841.F05432,32,1841,1841:NAU150,female,head,24.981158043345552,35,0,Fixed microbiome RF,Participant split
1841.F05439,21,1841,1841:NAU161,male,head,25.98597014440158,35,0,Fixed microbiome RF,Participant split
10317.000031099,55,10317,10317:c652f7d5d732f3e629d4d90cf706462d9f50414ad33c8efbe370e13cba2467159fd00b1af99fda0aaa19aab27b068e2d581735424ec0b886d2867320bad0e931,male,head,43.0871007134294,35,0,Fixed microbiome RF,Participant split
2010.1347,34,2010,2010:5,female,head,38.293321575197496,35,0,Fixed microbiome RF,Participant split
1841.F06210,37,1841,1841:NAU148,male,head,24.39532224240924,35,0,Fixed microbiome RF,Participant split
1841.F06211,22,1841,1841:NAU130,female,head,22.98155302683427,35,0,Fixed microbiome RF,Participant split
1841.F06363,21,1841,1841:CUB032,female,head,22.34406847673367,35,0,Fixed microbiome RF,Participant split
1841.P15281,41,1841,1841:CUB050,female,hand,30.331939556244016,35,0,Fixed microbiome RF,Participant split
1841.P15221,36,1841,1841:CUB042,male,hand,34.374084140301065,35,0,Fixed microbiome RF,Participant split
10317.000063476,25,10317,10317:a7eb0dd2ec940ca9c3d8c905ee11b3f312886d2373352bf10804121fdb76ae9277a91ce4ea0f346e0c8b67c66e30cabba094db785b990ac67b6fa4ea8b65aeda,female,head,37.350370939156576,35,0,Fixed microbiome RF,Participant split
10317.000015293,29,10317,10317:fac33038e7fdc9cea92cfafa3a1c3f21658eba746fdc582552dc90cf29de5130fdb07560083b3745b42ab1b35c0098ade96b984095fd4c6ab41f086f38fdf732,male,head,43.72116879026376,35,0,Fixed microbiome RF,Participant split
10317.000015292,29,10317,10317:fac33038e7fdc9cea92cfafa3a1c3f21658eba746fdc582552dc90cf29de5130fdb07560083b3745b42ab1b35c0098ade96b984095fd4c6ab41f086f38fdf732,male,hand,40.9751942374735,35,0,Fixed microbiome RF,Participant split
10317.000015291,29,10317,10317:fac33038e7fdc9cea92cfafa3a1c3f21658eba746fdc582552dc90cf29de5130fdb07560083b3745b42ab1b35c0098ade96b984095fd4c6ab41f086f38fdf732,male,hand,46.44214958043894,35,0,Fixed microbiome RF,Participant split
10317.000015058,80,10317,10317:8dd14dd80ae9b69218b4942e80486ca4299a19f9342258835b868633bfa7bff6581b9102dd034b2a58f5ea1a74b8a2ec5b06b38aca104935d0e20a6925b670f2,unknown,hand,48.69911692102423,35,0,Fixed microbiome RF,Participant split
1841.P15618,41,1841,1841:CUB050,female,hand,31.42705836783042,35,0,Fixed microbiome RF,Participant split
1841.P16552,21,1841,1841:CUB044,male,hand,24.53338359965199,35,0,Fixed microbiome RF,Participant split
1841.F05843,22,1841,1841:NAU130,female,head,22.26764945078679,35,0,Fixed microbiome RF,Participant split
1841.F05840,33,1841,1841:NAU144,male,head,24.732723962215548,35,0,Fixed microbiome RF,Participant split
1841.F05849,33,1841,1841:NAU144,male,head,26.922339559018337,35,0,Fixed microbiome RF,Participant split
1841.P16063,22,1841,1841:NAU164,male,hand,25.734344712997732,35,0,Fixed microbiome RF,Participant split
1841.P16068,21,1841,1841:NAU124,female,hand,23.47018528874977,35,0,Fixed microbiome RF,Participant split
1841.F06432,41,1841,1841:CUB050,female,head,27.750507218054203,35,0,Fixed microbiome RF,Participant split
1841.F06346,21,1841,1841:CUB012,female,head,26.823211571414692,35,0,Fixed microbiome RF,Participant split
1841.P16279,37,1841,1841:NAU148,male,hand,26.9040839452263,35,0,Fixed microbiome RF,Participant split
1841.P16278,21,1841,1841:NAU124,female,hand,22.97276194216274,35,0,Fixed microbiome RF,Participant split
1841.P16276,32,1841,1841:NAU150,female,hand,24.783655996324583,35,0,Fixed microbiome RF,Participant split
1841.P16275,37,1841,1841:NAU148,male,hand,24.17488751794028,35,0,Fixed microbiome RF,Participant split
1841.P16272,22,1841,1841:NAU130,female,hand,22.40669971271849,35,0,Fixed microbiome RF,Participant split
1841.P16270,32,1841,1841:NAU150,female,hand,26.988686571765356,35,0,Fixed microbiome RF,Participant split
1841.F05474,22,1841,1841:NAU130,female,head,22.53252466804029,35,0,Fixed microbiome RF,Participant split
1841.P16180,32,1841,1841:NAU150,female,hand,27.151391504951892,35,0,Fixed microbiome RF,Participant split
1841.F05647,21,1841,1841:CUB044,male,head,24.099770423510314,35,0,Fixed microbiome RF,Participant split
1841.P15988,21,1841,1841:CUB012,female,hand,26.20623366829249,35,0,Fixed microbiome RF,Participant split
1841.P15985,20,1841,1841:CUB037,female,hand,28.363269959129205,35,0,Fixed microbiome RF,Participant split
1841.P15369,22,1841,1841:NCS255,female,hand,21.965017779623757,35,0,Fixed microbiome RF,Participant split
1841.F05804,21,1841,1841:NAU124,female,head,22.42223718092253,35,0,Fixed microbiome RF,Participant split
10317.000011979,53,10317,10317:86f38a5d916420ce42057d5012ab6e7b63fe17dce6c5bbd26d4d6b33da03f0c707be225d1759b8991e4a3e2158e96c5ba68e85dfe1ef7f47fcce7ba1ec47ff2e,female,head,46.082003973875594,35,0,Fixed microbiome RF,Participant split
1841.F05864,33,1841,1841:NAU144,male,head,24.833970472440136,35,0,Fixed microbiome RF,Participant split
1841.F05866,22,1841,1841:NAU164,male,head,25.46051879645272,35,0,Fixed microbiome RF,Participant split
1841.P16516,21,1841,1841:CUB012,female,hand,24.452245640455562,35,0,Fixed microbiome RF,Participant split
2010.1246,34,2010,2010:5,female,head,35.58231747057679,35,0,Fixed microbiome RF,Participant split
10317.000048360,64,10317,10317:38b52d80745205082d2b0768d21dd49bd97b0762ddb17ec4e549c69b3b75f17167733bf4a73fe6fdc52037e40d6b89fc512dffe4c7ea605af2290fac125f6726,female,head,47.58305353971384,35,0,Fixed microbiome RF,Participant split
1841.F06410,21,1841,1841:CUB012,female,head,23.842102091986966,35,0,Fixed microbiome RF,Participant split
1841.F06414,36,1841,1841:CUB042,male,head,29.501543891191567,35,0,Fixed microbiome RF,Participant split
1841.F06416,41,1841,1841:CUB050,female,head,25.182176105144855,35,0,Fixed microbiome RF,Participant split
10317.000005651,65,10317,10317:5e5f5fc79a512a180eb0cd63fa75b7307715996b1aff58edbefb0ed0d6548904bf74f95a466efb9525a910f69150d98cfae7b1c55b9bf3e278b402a8439e8d4c,male,hand,48.216368530255416,35,0,Fixed microbiome RF,Participant split
10317.000005650,65,10317,10317:5e5f5fc79a512a180eb0cd63fa75b7307715996b1aff58edbefb0ed0d6548904bf74f95a466efb9525a910f69150d98cfae7b1c55b9bf3e278b402a8439e8d4c,male,hand,47.8807680841655,35,0,Fixed microbiome RF,Participant split
10317.000005652,65,10317,10317:5e5f5fc79a512a180eb0cd63fa75b7307715996b1aff58edbefb0ed0d6548904bf74f95a466efb9525a910f69150d98cfae7b1c55b9bf3e278b402a8439e8d4c,male,head,49.08811006568742,35,0,Fixed microbiome RF,Participant split
1841.P15796,37,1841,1841:NAU148,male,hand,23.776833224341452,35,0,Fixed microbiome RF,Participant split
1841.P16531,23,1841,1841:CUB028,male,hand,22.912232446750103,35,0,Fixed microbiome RF,Participant split
1841.P16537,20,1841,1841:CUB037,female,hand,22.49664620102121,35,0,Fixed microbiome RF,Participant split
1841.F05676,41,1841,1841:CUB050,female,head,29.684612601985474,35,0,Fixed microbiome RF,Participant split
1841.P16217,37,1841,1841:NAU148,male,hand,26.408771294494983,35,0,Fixed microbiome RF,Participant split
1841.P16211,21,1841,1841:NAU124,female,hand,23.700134211894003,35,0,Fixed microbiome RF,Participant split
1841.F05490,21,1841,1841:NAU161,male,head,23.6346816628732,35,0,Fixed microbiome RF,Participant split
2010.3105,31,2010,2010:43,female,head,38.147082574480024,35,0,Fixed microbiome RF,Participant split
1841.F06355,36,1841,1841:CUB042,male,head,27.31993694617001,35,0,Fixed microbiome RF,Participant split
1841.F05805,33,1841,1841:NAU144,male,head,24.595942914745642,35,0,Fixed microbiome RF,Participant split
1841.F05803,33,1841,1841:NAU144,male,head,24.808449571262067,35,0,Fixed microbiome RF,Participant split
1841.P16534,20,1841,1841:CUB037,female,hand,23.334315155330795,35,0,Fixed microbiome RF,Participant split
1841.P16536,36,1841,1841:CUB042,male,hand,26.9694071471829,35,0,Fixed microbiome RF,Participant split
1841.F05822,33,1841,1841:NAU144,male,head,24.935191462150385,35,0,Fixed microbiome RF,Participant split
10317.000003638,58,10317,10317:c9e234a8b8023dc52f81b36210303deb253ee13dabc6022044eb5536429962a7f2dc5854ff06cadbb8969d2e2464fe3ed6ff0808a6c48037574abd2313962f88,female,head,47.85120874703328,35,1,Fixed microbiome RF,Participant split
1841.F06474,22,1841,1841:CUB048,female,head,26.842343061829467,35,1,Fixed microbiome RF,Participant split
10317.000087026,50,10317,10317:9556b26ba73292c840427f56d0913d9372bd8a0285daab53c83800b8972dbbba507f9182b997a497c8a055076429cf80e4a5a7c313c7b1a6d508774a769bb61d,male,hand,43.62342314064738,35,1,Fixed microbiome RF,Participant split
1841.F05357,20,1841,1841:NCS210,female,head,23.904496292912032,35,1,Fixed microbiome RF,Participant split
1841.F06385,22,1841,1841:CUB048,female,head,26.025599532207984,35,1,Fixed microbiome RF,Participant split
1841.F05126,21,1841,1841:NAU154,female,head,23.438617274511486,35,1,Fixed microbiome RF,Participant split
1841.P16235,55,1841,1841:NAU149,male,hand,34.03931295498708,35,1,Fixed microbiome RF,Participant split
1841.P15331,23,1841,1841:NCS243,male,hand,23.477176599442227,35,1,Fixed microbiome RF,Participant split
1841.F06045,23,1841,1841:NCS243,male,head,26.314436797937198,35,1,Fixed microbiome RF,Participant split
1841.P15324,20,1841,1841:NCS263,male,hand,28.144582353598413,35,1,Fixed microbiome RF,Participant split
1841.P15327,20,1841,1841:NCS210,female,hand,23.583859229006293,35,1,Fixed microbiome RF,Participant split
1841.P15320,23,1841,1841:NCS243,male,hand,25.891756724178585,35,1,Fixed microbiome RF,Participant split
10317.000020453,42,10317,10317:717a010ecae247e17c0d75cdc08151d79ef870155f338e469f89c0489311881fcd9a409c1f2f17cbfdb5c5e655cd7b7ba153016ff78cd3d0326a1da4bbbbe1b4,male,head,45.55112679507424,35,1,Fixed microbiome RF,Participant split
1841.F05820,30,1841,1841:NAU108,female,head,38.30865627175994,35,1,Fixed microbiome RF,Participant split
1841.F05821,55,1841,1841:NAU149,male,head,29.2137766016029,35,1,Fixed microbiome RF,Participant split
1841.F05828,32,1841,1841:NAU102,unknown,head,22.26359241452991,35,1,Fixed microbiome RF,Participant split
1841.F06139,22,1841,1841:CUB048,female,head,24.61622724497725,35,1,Fixed microbiome RF,Participant split
10317.000068943,39,10317,10317:aa8c21f5078bc7371b21ffbe19854212c26e4ba8b087307ab121b615566704bf41428d321554791b675f216db7f7d1922190d57c119c58c01ff5e6a1b7a11da3,male,head,40.48633734574607,35,1,Fixed microbiome RF,Participant split
10317.000049240,56,10317,10317:bd91fc26c20a7652fc421fee2aa75624e4db7f68e0e4fde846745c30bb976e46e87f9660bdf0cea293a6b1ddf22122f6376d2be385445805fa204dd33e6dc905,male,hand,49.26619542686312,35,1,Fixed microbiome RF,Participant split
10317.000049241,56,10317,10317:bd91fc26c20a7652fc421fee2aa75624e4db7f68e0e4fde846745c30bb976e46e87f9660bdf0cea293a6b1ddf22122f6376d2be385445805fa204dd33e6dc905,male,hand,46.420600591820616,35,1,Fixed microbiome RF,Participant split
1841.F06456,20,1841,1841:CUB036,female,head,24.41405703302314,35,1,Fixed microbiome RF,Participant split
2010.1361,27,2010,2010:7,female,head,38.78041824093512,35,1,Fixed microbiome RF,Participant split
1841.F06026,20,1841,1841:NCS210,female,head,26.050222741654643,35,1,Fixed microbiome RF,Participant split
10317.000023128,41,10317,10317:d05b6995db48f6c9db978b1b5ca6e64fdb449b3a00c92813c529766f03bd685a588b170ad83cf571cc7835590556a3954f74f0426fa772dd2e7a9a365c327784,male,head,47.68518238422046,35,1,Fixed microbiome RF,Participant split
1841.F05590,28,1841,1841:NAU103,female,head,27.978000598546505,35,1,Fixed microbiome RF,Participant split
1841.F05593,21,1841,1841:NAU153,female,head,23.08998494560995,35,1,Fixed microbiome RF,Participant split
1841.F05161,55,1841,1841:NAU149,male,head,29.02675632069832,35,1,Fixed microbiome RF,Participant split
10317.000003207,56,10317,10317:8ce2fa4322344d737377931be840bf961f38b556f4fa437394b744900c1501895f7f56793071423d8af658d690902a9fb79c2d372eb011251cc952c8b26e075b,female,head,45.68017776163776,35,1,Fixed microbiome RF,Participant split
2010.1566,35,2010,2010:9,female,head,38.034737691224564,35,1,Fixed microbiome RF,Participant split
1841.F06002,23,1841,1841:NCS243,male,head,22.770115057798495,35,1,Fixed microbiome RF,Participant split
1841.F06006,21,1841,1841:NCS229,male,head,22.792721617249164,35,1,Fixed microbiome RF,Participant split
1841.F06009,23,1841,1841:NCS243,male,head,28.364724634979115,35,1,Fixed microbiome RF,Participant split
10317.000005159,29,10317,10317:80ed9beefa64e1af619f5d370d79a21b435d10677f5b936ec3554234d47090f2a865337c8ff29f55d3cfc78a4c4fcf22efe713697872112639889bda9805a03e,male,hand,45.08369855177058,35,1,Fixed microbiome RF,Participant split
1841.F05844,55,1841,1841:NAU149,male,head,31.266765891284468,35,1,Fixed microbiome RF,Participant split
10317.000041070,31,10317,10317:71e5fd7acb649ca95a67898db0fec25f330aaadd054f9606a2bf895d9748f5f2dbb072b66b2f8cbb341c64bf56f1d46adf1543d0cd7406a94c113f4c63d7e45a,female,hand,40.084316729733715,35,1,Fixed microbiome RF,Participant split
1841.P15716,21,1841,1841:NAU154,female,hand,22.920436282467538,35,1,Fixed microbiome RF,Participant split
10317.000005219,40,10317,10317:1d0709acc0c4aa263f168023a3a96ba1e15b95b6c4da81b87f5ddab0fd7d047df0459ece7e25369bc5583a334c204f19a8ed16ff150ddaef72703a971dafa3b9,male,hand,41.36246739891588,35,1,Fixed microbiome RF,Participant split
1841.P16380,30,1841,1841:NAU108,female,hand,26.904107554516564,35,1,Fixed microbiome RF,Participant split
1841.P16432,23,1841,1841:NCS243,male,hand,27.37560164771805,35,1,Fixed microbiome RF,Participant split
1841.P16436,20,1841,1841:NCS263,male,hand,26.146580848524547,35,1,Fixed microbiome RF,Participant split
1841.P15325,20,1841,1841:NCS210,female,hand,25.431127279786157,35,1,Fixed microbiome RF,Participant split
1841.F05050,20,1841,1841:NCS210,female,head,24.004350104648825,35,1,Fixed microbiome RF,Participant split
10317.000015976,66,10317,10317:414c5f35ed69875718a4e654e86d9ae09236801e1b9600a2d4851f548bd46eec37144f9d5a5816365a76c4dcc4550e15afddf35bb18d7f072fece2fae39cd58b,male,head,46.558674116440315,35,1,Fixed microbiome RF,Participant split
1841.F06570,20,1841,1841:CUB036,female,head,22.640988681457415,35,1,Fixed microbiome RF,Participant split
1841.P15383,20,1841,1841:NCS263,male,hand,27.310925877957622,35,1,Fixed microbiome RF,Participant split
1841.F06464,20,1841,1841:CUB036,female,head,23.124210342353724,35,1,Fixed microbiome RF,Participant split
10317.000003105,30,10317,10317:5917a22ca19367d0c27accc713d8781a073c9c1934d011ac6932648afb15315a7093a032134132de091a4406951dc0cf1616e1458c99936fe5356f19385255c0,male,head,44.17195100126764,35,1,Fixed microbiome RF,Participant split
1841.P15505,22,1841,1841:NAU137,female,hand,22.789673538723704,35,1,Fixed microbiome RF,Participant split
1841.P15507,32,1841,1841:NAU102,unknown,hand,23.75851667521075,35,1,Fixed microbiome RF,Participant split
1841.F05536,28,1841,1841:NAU103,female,head,24.822712915658695,35,1,Fixed microbiome RF,Participant split
1841.F05537,30,1841,1841:NAU108,female,head,26.5935109313596,35,1,Fixed microbiome RF,Participant split
1841.P16081,22,1841,1841:NAU137,female,hand,23.121137961813513,35,1,Fixed microbiome RF,Participant split
2010.1420,35,2010,2010:9,female,head,37.90348668664559,35,1,Fixed microbiome RF,Participant split
1841.P15753,22,1841,1841:NAU137,female,hand,23.101399789175403,35,1,Fixed microbiome RF,Participant split
1841.P15978,22,1841,1841:CUB048,female,hand,27.076034149205107,35,1,Fixed microbiome RF,Participant split
1841.P15759,20,1841,1841:NAU119,male,hand,23.51356196800276,35,1,Fixed microbiome RF,Participant split
10317.000063296,26,10317,10317:9a079253652d16fa017050fd68017b646c3c734b4c96ca593236c537806682233e513b33fb850475266ef28a5c34e9297ffbd213ef416263b306bfae257d1aef,male,head,36.68653846237717,35,1,Fixed microbiome RF,Participant split
10317.000009093,35,10317,10317:360142d429f5a04200879be165fb723bf12539081381440cf759835fb3170ff29aaa9a46fc10cd08978857e2a1b86e035e65a80f5deb8234c611dcce54708792,male,head,42.71886716383782,35,1,Fixed microbiome RF,Participant split
1841.P16477,20,1841,1841:NCS263,male,hand,23.89990162819206,35,1,Fixed microbiome RF,Participant split
1841.F05519,20,1841,1841:NAU119,male,head,23.834129746806557,35,1,Fixed microbiome RF,Participant split
1841.F05514,20,1841,1841:NAU119,male,head,22.687222343628598,35,1,Fixed microbiome RF,Participant split
1841.F05513,20,1841,1841:NAU119,male,head,22.44911917637102,35,1,Fixed microbiome RF,Participant split
1841.P15951,22,1841,1841:CUB048,female,hand,27.57397619843391,35,1,Fixed microbiome RF,Participant split
1841.F06252,22,1841,1841:NAU137,female,head,23.94142110606785,35,1,Fixed microbiome RF,Participant split
1841.P16329,30,1841,1841:NAU108,female,hand,23.224169916340976,35,1,Fixed microbiome RF,Participant split
1841.P16328,30,1841,1841:NAU108,female,hand,43.48392918950806,35,1,Fixed microbiome RF,Participant split
1841.P16327,32,1841,1841:NAU102,unknown,hand,30.180557611333256,35,1,Fixed microbiome RF,Participant split
1841.F05512,32,1841,1841:NAU102,unknown,head,24.035104046173124,35,1,Fixed microbiome RF,Participant split
10317.000066848,27,10317,10317:73bf3573928ab6f8e0dbef1783c99aa8c96f8a341909051dbaaf5e003778464fdf40cee56b971bea2c557859ebdc3351dddc89230df6458726716c8fe13e3583,female,head,38.698592912472606,35,1,Fixed microbiome RF,Participant split
1841.P15098,22,1841,1841:CUB048,female,hand,25.565739200036084,35,1,Fixed microbiome RF,Participant split
1841.P15540,28,1841,1841:NAU103,female,hand,26.737071543598745,35,1,Fixed microbiome RF,Participant split
1841.P15549,30,1841,1841:NAU108,female,hand,27.31174020850903,35,1,Fixed microbiome RF,Participant split
10317.000029487,62,10317,10317:1c1b943df02cc46512abc94ff23e6a911e98427d63e06b7083bbfc52367f051a310a8bc2a0c971a6302a5550414d984988f69258ecf789af12a5f5e19514d5cf,male,head,43.1637664751676,35,1,Fixed microbiome RF,Participant split
1841.F05101,28,1841,1841:NAU103,female,head,25.86882373934592,35,1,Fixed microbiome RF,Participant split
1841.F05008,20,1841,1841:NCS210,female,head,22.434255674880667,35,1,Fixed microbiome RF,Participant split
1841.F05009,20,1841,1841:NCS210,female,head,26.111083766621466,35,1,Fixed microbiome RF,Participant split
1841.P16170,22,1841,1841:NAU137,female,hand,23.17406298766594,35,1,Fixed microbiome RF,Participant split
1841.P16177,28,1841,1841:NAU103,female,hand,26.497183840921508,35,1,Fixed microbiome RF,Participant split
1841.F05002,20,1841,1841:NCS263,male,head,28.228277020246985,35,1,Fixed microbiome RF,Participant split
1841.P15774,55,1841,1841:NAU149,male,hand,28.914735639156582,35,1,Fixed microbiome RF,Participant split
1841.F05213,30,1841,1841:NAU108,female,head,23.034967763252403,35,1,Fixed microbiome RF,Participant split
1841.F05211,28,1841,1841:NAU103,female,head,24.662203841909726,35,1,Fixed microbiome RF,Participant split
1841.F05216,22,1841,1841:NAU137,female,head,22.55425021068114,35,1,Fixed microbiome RF,Participant split
1841.F05219,20,1841,1841:NAU119,male,head,22.155644331037642,35,1,Fixed microbiome RF,Participant split
1841.P16365,32,1841,1841:NAU102,unknown,hand,23.585490342990347,35,1,Fixed microbiome RF,Participant split
1841.P16369,21,1841,1841:NAU154,female,hand,23.63276329573204,35,1,Fixed microbiome RF,Participant split
1841.P16583,20,1841,1841:CUB036,female,hand,24.751991966125324,35,1,Fixed microbiome RF,Participant split
1841.F06597,22,1841,1841:CUB048,female,head,26.7659878367151,35,1,Fixed microbiome RF,Participant split
1841.P15057,20,1841,1841:CUB036,female,hand,25.05125728607908,35,1,Fixed microbiome RF,Participant split
10317.000051536,37,10317,10317:ff0768b01a1b6fd95f392b3c03b42f32fff2e917781b9ebb95b1bc13edfb801fc07ff383bd863ecb6e436ef6280bcfe138564e3de25075730af8842b4f95ecab,female,head,46.27238281539796,35,1,Fixed microbiome RF,Participant split
1841.P15589,28,1841,1841:NAU103,female,hand,26.27206539979735,35,1,Fixed microbiome RF,Participant split
1841.P15559,21,1841,1841:NAU154,female,hand,22.966601568045842,35,1,Fixed microbiome RF,Participant split
10317.000013240,61,10317,10317:a84b06b11ebbd693b0e846d7e1ba1453494db9a71f5caf6fec89add9c1975ce94b16e1f8ac9b930f61e3219bcfc133702ec58308eee167152209a8c2852123c9,male,head,43.05982654135547,35,1,Fixed microbiome RF,Participant split
10317.000063224,27,10317,10317:d7b643e267e7874c9fe80600f02183b6cd3019f0fda406b979f05d309d5050c0a106d81fd0d61ac23e2600faaf7da552f0258df8aa6be5e41a39e6b37828c99d,female,head,39.44435547300674,35,1,Fixed microbiome RF,Participant split
1841.P16349,21,1841,1841:NAU153,female,hand,23.468792223401604,35,1,Fixed microbiome RF,Participant split
1841.P16343,30,1841,1841:NAU108,female,hand,25.215677855130984,35,1,Fixed microbiome RF,Participant split
10317.000005021,30,10317,10317:2c781cf584aee5d39efce29589579b7dd2febe3a4bfa62c60433de1447518df5880335cd63d2437a93a394f955e59f77d49504cf3a905aa0691d531a5832b69b,female,hand,40.93431511997546,35,1,Fixed microbiome RF,Participant split
1841.F06230,55,1841,1841:NAU149,male,head,29.947200901168742,35,1,Fixed microbiome RF,Participant split
1841.F05252,55,1841,1841:NAU149,male,head,25.84685639433791,35,1,Fixed microbiome RF,Participant split
1841.P15070,20,1841,1841:CUB036,female,hand,23.53640504307785,35,1,Fixed microbiome RF,Participant split
1841.F06237,20,1841,1841:NAU119,male,head,22.392179891453384,35,1,Fixed microbiome RF,Participant split
1841.P16286,55,1841,1841:NAU149,male,hand,28.648333503332147,35,1,Fixed microbiome RF,Participant split
10317.000069039,33,10317,10317:65a6735483d4ca756511921efab48bd0d5eefe9702c613c1e3f7065f8b20659da904045df6fb243bf7e1be352dea97d0ceb0c7ccdca5fabb1fd01324d1e414cf,male,head,38.02972630275545,35,1,Fixed microbiome RF,Participant split
1841.F05408,21,1841,1841:NAU154,female,head,23.031474780701764,35,1,Fixed microbiome RF,Participant split
1841.F05049,20,1841,1841:NCS263,male,head,26.558886656823006,35,1,Fixed microbiome RF,Participant split
2010.1377,35,2010,2010:9,female,head,39.47141863867809,35,1,Fixed microbiome RF,Participant split
1841.P16453,20,1841,1841:NCS263,male,hand,24.768225612647655,35,1,Fixed microbiome RF,Participant split
1841.F05046,20,1841,1841:NCS210,female,head,25.314817040088187,35,1,Fixed microbiome RF,Participant split
10317.000049733,36,10317,10317:79bbc1c5c663e0434d917d65535beeb68d902da75556dbb9bc561129718387ed15c630d65f4716cbeb02ed871a1e5044d2cd04da381361681f4a0793ca85598d,male,hand,42.279127110020475,35,1,Fixed microbiome RF,Participant split
10317.000049732,36,10317,10317:79bbc1c5c663e0434d917d65535beeb68d902da75556dbb9bc561129718387ed15c630d65f4716cbeb02ed871a1e5044d2cd04da381361681f4a0793ca85598d,male,hand,39.89029108422586,35,1,Fixed microbiome RF,Participant split
1841.P15014,20,1841,1841:CUB036,female,hand,25.2124135957853,35,1,Fixed microbiome RF,Participant split
1841.F05425,55,1841,1841:NAU149,male,head,30.224600878499437,35,1,Fixed microbiome RF,Participant split
1841.P15370,23,1841,1841:NCS243,male,hand,26.78425795893974,35,1,Fixed microbiome RF,Participant split
1841.P15602,21,1841,1841:NAU153,female,hand,21.494209615556727,35,1,Fixed microbiome RF,Participant split
1841.P15354,23,1841,1841:NCS243,male,hand,24.535632758785344,35,1,Fixed microbiome RF,Participant split
1841.P15356,20,1841,1841:NCS263,male,hand,25.671408965769245,35,1,Fixed microbiome RF,Participant split
1841.P15608,22,1841,1841:CUB048,female,hand,29.810458708415116,35,1,Fixed microbiome RF,Participant split
1841.P15940,20,1841,1841:CUB036,female,hand,22.953133567821077,35,1,Fixed microbiome RF,Participant split
1841.P16072,28,1841,1841:NAU103,female,hand,25.53606795121262,35,1,Fixed microbiome RF,Participant split
10317.000003025,44,10317,10317:99e188b8ec5527a3ad82cb7cca4318dabe62c69e2ab959f3d9bd68b4ac2521f3f32364757e49c2f7ee2f82a39fb74f6008ab75e1b82c5f6b2bf1ba4869f0b4ff,male,head,42.79561016078501,35,1,Fixed microbiome RF,Participant split
10317.000002088,52,10317,10317:d12b3488162547d96d3669a939c33c47bb7e94f9db76d64dbd76d7bcd6ccf5dc1c2202772cb5712605a51d28e9a8109105db0a01b5d13f55512047b95056356b,male,head,46.82864429400818,35,1,Fixed microbiome RF,Participant split
1841.F05456,55,1841,1841:NAU149,male,head,31.88301409516878,35,1,Fixed microbiome RF,Participant split
1841.F05445,21,1841,1841:NAU153,female,head,22.093812924208148,35,1,Fixed microbiome RF,Participant split
1841.F06168,20,1841,1841:CUB036,female,head,22.007587017761658,35,1,Fixed microbiome RF,Participant split
10317.000040147,34,10317,10317:338bb7890bb4108f90b5027f8ffed6cd6fd3fb3d5a8f0bfa9f16a9dc184403e392c5429f663b0c7929ed1a431187e38fb9303f5d93da105fda803ec085f157e6,male,head,42.44340298721242,35,1,Fixed microbiome RF,Participant split
1841.F05293,32,1841,1841:NAU102,unknown,head,23.602088831307572,35,1,Fixed microbiome RF,Participant split
1841.F05871,28,1841,1841:NAU103,female,head,26.114706472041025,35,1,Fixed microbiome RF,Participant split
1841.P16503,20,1841,1841:NCS210,female,hand,22.90445849676209,35,1,Fixed microbiome RF,Participant split
1841.P16502,20,1841,1841:NCS210,female,hand,24.76464017232582,35,1,Fixed microbiome RF,Participant split
1841.P16059,20,1841,1841:NAU119,male,hand,23.597010557120846,35,1,Fixed microbiome RF,Participant split
10317.000030149,27,10317,10317:1a5e088d33b2528cfe40203fda9bfcd0dc35268782b9d69c13311dd8036aba48919cd2bc59d125b4622ddb34b727a0f4ee6ab054d9cba2d3fd100fcbe69d7a21,female,head,40.00946742793276,35,1,Fixed microbiome RF,Participant split
10317.000049121,62,10317,10317:cf42e22cb0b5def3e5fb85e3eedb9fec63ec3614a7783d0ac195975b575a9863d801522f080d492d8032502dfbef61ba79d17264597f600354ba3cb662748955,male,head,46.37912636628805,35,1,Fixed microbiome RF,Participant split
1841.F05606,22,1841,1841:CUB048,female,head,27.07098215061082,35,1,Fixed microbiome RF,Participant split
1841.F05467,21,1841,1841:NAU153,female,head,22.401841288307274,35,1,Fixed microbiome RF,Participant split
1841.F05461,55,1841,1841:NAU149,male,head,29.44790997906035,35,1,Fixed microbiome RF,Participant split
1841.F05468,22,1841,1841:NAU137,female,head,23.09375572181087,35,1,Fixed microbiome RF,Participant split
1841.P16449,20,1841,1841:NCS210,female,hand,25.56652568331797,35,1,Fixed microbiome RF,Participant split
1841.P16447,20,1841,1841:NCS210,female,hand,23.99823717254967,35,1,Fixed microbiome RF,Participant split
1841.P15311,21,1841,1841:NCS229,male,hand,23.868902857038254,35,1,Fixed microbiome RF,Participant split
10317.000015120,28,10317,10317:d031d7eaf91c489f64052f69777e1385468d8cbdc419eb3568de9547015ad04606d5d70ca9970521bd182907f9b00d2640e54727e0262ceaea9ccb7d9603385e,female,hand,43.58130950353511,35,1,Fixed microbiome RF,Participant split
10317.000036735,63,10317,10317:0195d329f030b0250f2e009ac656b8ee7c006c3a064b6d08770ecd7067bf4098cd0fb82f552a671d583f26002b4f2753d6bca1b02521b55faac3ba0bc1e64d8a,male,head,44.051818347546295,35,1,Fixed microbiome RF,Participant split
10317.000036732,63,10317,10317:0195d329f030b0250f2e009ac656b8ee7c006c3a064b6d08770ecd7067bf4098cd0fb82f552a671d583f26002b4f2753d6bca1b02521b55faac3ba0bc1e64d8a,male,head,42.672885185452465,35,1,Fixed microbiome RF,Participant split
1841.F05814,32,1841,1841:NAU102,unknown,head,23.157172495654507,35,1,Fixed microbiome RF,Participant split
1841.F05816,21,1841,1841:NAU154,female,head,24.262887611828013,35,1,Fixed microbiome RF,Participant split
1841.F05810,32,1841,1841:NAU102,unknown,head,23.652401118403425,35,1,Fixed microbiome RF,Participant split
1841.F06351,20,1841,1841:CUB036,female,head,21.948914575008324,35,1,Fixed microbiome RF,Participant split
2010.2777,24,2010,2010:37,female,head,27.988405754195487,35,1,Fixed microbiome RF,Participant split
10317.000014464,41,10317,10317:a6784c1d3806fcca45ba186c495c648cf0cf10b392f120efe7f26f9c0e66051dc675a9c077f1f39993f524f521e594b30048ca45ea6cbc19b96938f9734afb55,male,head,38.84861119570822,35,1,Fixed microbiome RF,Participant split
10317.000003421,38,10317,10317:2c1dc7180a23c9b4b53377ef49354e5a65ac187f6b2e4c844d48fd9ce66134f3da5f2dca02c0517797503a34ddc875a23897cd9d5727c990e46a58599759b35a,male,head,41.648863302249296,35,1,Fixed microbiome RF,Participant split
1841.P15784,21,1841,1841:NAU154,female,hand,22.645049028172348,35,1,Fixed microbiome RF,Participant split
10317.000015363,43,10317,10317:3fec78757c5821d558096acce3e9df6968ae564264912c66f6a851727ebd63c36eee0764c3d1e47c0813cb5998caa14cb2bec75ca8716e8e3437768b86b408aa,male,head,40.463712833343656,35,1,Fixed microbiome RF,Participant split
10317.000015365,43,10317,10317:3fec78757c5821d558096acce3e9df6968ae564264912c66f6a851727ebd63c36eee0764c3d1e47c0813cb5998caa14cb2bec75ca8716e8e3437768b86b408aa,male,hand,45.691017428310644,35,1,Fixed microbiome RF,Participant split
1841.P15299,23,1841,1841:NCS243,male,hand,26.557481183263512,35,1,Fixed microbiome RF,Participant split
10317.000015326,35,10317,10317:6eb269d94d6e32fa517a561269634737fc4de40944d6d037a2c1e867bbe9e8d13686a131c81709f95eabe5834b99badd054994b1cf967842aaca451c97a22451,female,hand,40.635258616309805,35,1,Fixed microbiome RF,Participant split
1841.F05833,30,1841,1841:NAU108,female,head,23.632499323593084,35,1,Fixed microbiome RF,Participant split
1841.F05832,21,1841,1841:NAU153,female,head,23.5349488062999,35,1,Fixed microbiome RF,Participant split
1841.F05343,21,1841,1841:NAU154,female,head,23.619343633796756,35,1,Fixed microbiome RF,Participant split
1841.F05836,28,1841,1841:NAU103,female,head,26.33947741522001,35,1,Fixed microbiome RF,Participant split
1841.F05834,30,1841,1841:NAU108,female,head,25.675882017288266,35,1,Fixed microbiome RF,Participant split
1841.F05838,32,1841,1841:NAU102,unknown,head,23.69147388194022,35,1,Fixed microbiome RF,Participant split
1841.P16015,55,1841,1841:NAU149,male,hand,25.297411246087314,35,1,Fixed microbiome RF,Participant split
10317.000028937,50,10317,10317:4cd17ea33fe6b5736aded648ee2e6f2a14b3d6cfdc57435287f768540fd8a367a68d60e2f6cfbacb0a70e046163d74ba126bb1261c5a2fcd5f87bfd14bb4c7ae,female,head,46.701717280009376,35,1,Fixed microbiome RF,Participant split
10317.000068950,39,10317,10317:aa8c21f5078bc7371b21ffbe19854212c26e4ba8b087307ab121b615566704bf41428d321554791b675f216db7f7d1922190d57c119c58c01ff5e6a1b7a11da3,male,hand,39.79219039839508,35,1,Fixed microbiome RF,Participant split
10317.000015978,66,10317,10317:414c5f35ed69875718a4e654e86d9ae09236801e1b9600a2d4851f548bd46eec37144f9d5a5816365a76c4dcc4550e15afddf35bb18d7f072fece2fae39cd58b,male,hand,46.34676503775609,35,1,Fixed microbiome RF,Participant split
10317.000027340,55,10317,10317:41b53357cf00f0544b996f91bab7388aca97716b29b77d7791386ae687cbc26a2ab336f6353bae77995bc81fe3b1eb0b8fedcde9199244073099ff039c21ac0d,male,head,42.04402418863906,35,1,Fixed microbiome RF,Participant split
1841.P16227,21,1841,1841:NAU153,female,hand,22.93329494216543,35,1,Fixed microbiome RF,Participant split
10317.000015303,33,10317,10317:d440c033fc5b44bb83e8b5a7794daa4c8e7b24424bcd393f8e6a21ecc3792e9ddfa02679b7eb856a026af5426b34eb4083a5d61d8a1e5ffe59abee1fc9264b37,male,head,36.48182838069955,35,1,Fixed microbiome RF,Participant split
10317.000015302,33,10317,10317:d440c033fc5b44bb83e8b5a7794daa4c8e7b24424bcd393f8e6a21ecc3792e9ddfa02679b7eb856a026af5426b34eb4083a5d61d8a1e5ffe59abee1fc9264b37,male,hand,40.89399136816719,35,1,Fixed microbiome RF,Participant split
10317.000015301,33,10317,10317:d440c033fc5b44bb83e8b5a7794daa4c8e7b24424bcd393f8e6a21ecc3792e9ddfa02679b7eb856a026af5426b34eb4083a5d61d8a1e5ffe59abee1fc9264b37,male,hand,38.3017963278064,35,1,Fixed microbiome RF,Participant split
1841.F05841,30,1841,1841:NAU108,female,head,24.77950171681282,35,1,Fixed microbiome RF,Participant split
1841.F06057,20,1841,1841:NCS263,male,head,27.495655363706636,35,1,Fixed microbiome RF,Participant split
1841.F06004,20,1841,1841:NCS210,female,head,23.78690623138588,35,1,Fixed microbiome RF,Participant split
1841.F05580,21,1841,1841:NAU153,female,head,22.65119211339589,35,1,Fixed microbiome RF,Participant split
1841.P16568,22,1841,1841:CUB048,female,hand,28.628908031877252,35,1,Fixed microbiome RF,Participant split
1841.P16562,22,1841,1841:CUB048,female,hand,26.980163432601746,35,1,Fixed microbiome RF,Participant split
2010.2902,24,2010,2010:37,female,head,27.759461067329973,35,1,Fixed microbiome RF,Participant split
1841.F05110,20,1841,1841:NAU119,male,head,22.347878036315542,35,1,Fixed microbiome RF,Participant split
1841.F06034,23,1841,1841:NCS243,male,head,22.26139288225106,35,1,Fixed microbiome RF,Participant split
1841.P15803,21,1841,1841:NAU154,female,hand,22.74145109343807,35,1,Fixed microbiome RF,Participant split
1841.F05560,21,1841,1841:NAU154,female,head,22.424791363660844,35,1,Fixed microbiome RF,Participant split
1841.F06345,20,1841,1841:CUB036,female,head,22.776635904332604,35,1,Fixed microbiome RF,Participant split
10317.000015330,35,10317,10317:6eb269d94d6e32fa517a561269634737fc4de40944d6d037a2c1e867bbe9e8d13686a131c81709f95eabe5834b99badd054994b1cf967842aaca451c97a22451,female,head,41.0479973350306,35,1,Fixed microbiome RF,Participant split
1841.F06546,22,1841,1841:CUB048,female,head,26.769991476035027,35,1,Fixed microbiome RF,Participant split
1841.F06019,20,1841,1841:NCS263,male,head,29.571031353398684,35,1,Fixed microbiome RF,Participant split
10317.000005161,29,10317,10317:80ed9beefa64e1af619f5d370d79a21b435d10677f5b936ec3554234d47090f2a865337c8ff29f55d3cfc78a4c4fcf22efe713697872112639889bda9805a03e,male,head,48.61853233864229,35,1,Fixed microbiome RF,Participant split
10317.000005160,29,10317,10317:80ed9beefa64e1af619f5d370d79a21b435d10677f5b936ec3554234d47090f2a865337c8ff29f55d3cfc78a4c4fcf22efe713697872112639889bda9805a03e,male,hand,46.07805804853909,35,1,Fixed microbiome RF,Participant split
10317.000027366,37,10317,10317:482345a32e3a7b9b720d6fdc686fc3e70d753e64e43afd362ef02e1fc5dd37b501623bdb8a16c51af559d1fc8a5f1aea69b6791e90ce65954b3ece776b8e4868,male,hand,43.50163601708506,35,1,Fixed microbiome RF,Participant split
1841.P15530,22,1841,1841:NAU137,female,hand,23.623107621545124,35,1,Fixed microbiome RF,Participant split
1841.P15532,21,1841,1841:NAU154,female,hand,23.78247329594277,35,1,Fixed microbiome RF,Participant split
10317.000041069,31,10317,10317:71e5fd7acb649ca95a67898db0fec25f330aaadd054f9606a2bf895d9748f5f2dbb072b66b2f8cbb341c64bf56f1d46adf1543d0cd7406a94c113f4c63d7e45a,female,hand,42.96871514446105,35,1,Fixed microbiome RF,Participant split
10317.000049239,56,10317,10317:bd91fc26c20a7652fc421fee2aa75624e4db7f68e0e4fde846745c30bb976e46e87f9660bdf0cea293a6b1ddf22122f6376d2be385445805fa204dd33e6dc905,male,head,43.41935097378273,35,1,Fixed microbiome RF,Participant split
1841.P15706,21,1841,1841:NAU153,female,hand,22.91991612554113,35,1,Fixed microbiome RF,Participant split
1841.P15707,21,1841,1841:NAU153,female,hand,22.41512261635424,35,1,Fixed microbiome RF,Participant split
1841.F05151,22,1841,1841:NAU137,female,head,22.70783143939394,35,1,Fixed microbiome RF,Participant split
10317.000068998,29,10317,10317:fad8ec3f3e1d0020041ba9c117373e6abfd242b0ece7d768af390422eb907827a7ac8fb22732c500478dcf1ab82bd83ed997d23b1233bce38d043d35edf8f47c,unknown,hand,37.85676698375082,35,1,Fixed microbiome RF,Participant split
10317.000068991,29,10317,10317:fad8ec3f3e1d0020041ba9c117373e6abfd242b0ece7d768af390422eb907827a7ac8fb22732c500478dcf1ab82bd83ed997d23b1233bce38d043d35edf8f47c,unknown,head,43.20251268334228,35,1,Fixed microbiome RF,Participant split
1841.P16391,55,1841,1841:NAU149,male,hand,30.301650358717232,35,1,Fixed microbiome RF,Participant split
1841.P16394,28,1841,1841:NAU103,female,hand,24.302290452602954,35,1,Fixed microbiome RF,Participant split
1841.P16184,32,1841,1841:NAU102,unknown,hand,23.807630637403058,35,1,Fixed microbiome RF,Participant split
1841.P15515,20,1841,1841:NAU119,male,hand,22.245146099586428,35,1,Fixed microbiome RF,Participant split
1841.P15511,20,1841,1841:NAU119,male,hand,22.94037412887456,35,1,Fixed microbiome RF,Participant split
1841.F05529,22,1841,1841:NAU137,female,head,23.718310241436097,35,1,Fixed microbiome RF,Participant split
1841.P15726,55,1841,1841:NAU149,male,hand,33.25680198475851,35,1,Fixed microbiome RF,Participant split
1841.F06226,55,1841,1841:NAU149,male,head,28.700053738828824,35,1,Fixed microbiome RF,Participant split
1841.F06225,21,1841,1841:NAU153,female,head,22.25006984743199,35,1,Fixed microbiome RF,Participant split
10317.000031898,34,10317,10317:f7d599694238b74a09daca6c98fc12816a2f8fb52871032650e28d1b3817096404a96c1f0c84c57d6c558db1c22e281e2af87b6fe26c5b1727f23ea6fd789556,male,head,40.51366796731354,35,1,Fixed microbiome RF,Participant split
10317.000005221,40,10317,10317:1d0709acc0c4aa263f168023a3a96ba1e15b95b6c4da81b87f5ddab0fd7d047df0459ece7e25369bc5583a334c204f19a8ed16ff150ddaef72703a971dafa3b9,male,hand,40.27986718741762,35,1,Fixed microbiome RF,Participant split
10317.000005222,40,10317,10317:1d0709acc0c4aa263f168023a3a96ba1e15b95b6c4da81b87f5ddab0fd7d047df0459ece7e25369bc5583a334c204f19a8ed16ff150ddaef72703a971dafa3b9,male,head,42.49468818931672,35,1,Fixed microbiome RF,Participant split
1841.P15572,21,1841,1841:NAU153,female,hand,21.78944420934989,35,1,Fixed microbiome RF,Participant split
1841.F05059,20,1841,1841:NCS263,male,head,28.14804605753193,35,1,Fixed microbiome RF,Participant split
1841.F05500,22,1841,1841:NAU137,female,head,22.46635655522024,35,1,Fixed microbiome RF,Participant split
10317.000020406,21,10317,10317:067f46a4c1905f4c5da538e403fcc7d5af159a01e7cf12222f38ba20baa75d47585bf073da073889ebf123e47d4d51985f22c2591db7d64cd298c3fefa779aaa,female,head,36.22403930235187,35,1,Fixed microbiome RF,Participant split
1841.P15960,20,1841,1841:CUB036,female,hand,22.470912493756252,35,1,Fixed microbiome RF,Participant split
1841.P15740,55,1841,1841:NAU149,male,hand,25.960071635746214,35,1,Fixed microbiome RF,Participant split
1841.F06243,55,1841,1841:NAU149,male,head,33.04555811086986,35,1,Fixed microbiome RF,Participant split
10317.000006851,73,10317,10317:7705669a351542f9add9390a0a093824f81095a819993d82ab0d00eb2120ac34a953c451ff892c8c30e3f1b8f7630625d2ebb4d0e8512526a243025795e51eb7,male,head,39.27206402704389,35,1,Fixed microbiome RF,Participant split
10317.000034581,22,10317,10317:1949c4d7f21b55f1e00af274c955be77947294d6ec424b2079e89205b36ed147727eed570662c7673f354f42b11ea00ee970e7e216e0a45d7e022359783d8aae,unknown,head,37.26729903402018,35,1,Fixed microbiome RF,Participant split
1841.P16464,20,1841,1841:NCS263,male,hand,28.184067853813453,35,1,Fixed microbiome RF,Participant split
1841.P16465,20,1841,1841:NCS263,male,hand,28.973148946722137,35,1,Fixed microbiome RF,Participant split
1841.P16463,23,1841,1841:NCS243,male,hand,25.53697713166463,35,1,Fixed microbiome RF,Participant split
1841.P15226,20,1841,1841:CUB036,female,hand,25.362106007519042,35,1,Fixed microbiome RF,Participant split
1841.F05077,23,1841,1841:NCS243,male,head,26.70147981417074,35,1,Fixed microbiome RF,Participant split
1841.F05075,20,1841,1841:NAU119,male,head,22.728570448648572,35,1,Fixed microbiome RF,Participant split
1841.P15413,20,1841,1841:NCS210,female,hand,23.496036931818185,35,1,Fixed microbiome RF,Participant split
2010.1474,35,2010,2010:9,female,head,39.54826754353856,35,1,Fixed microbiome RF,Participant split
1841.P15764,28,1841,1841:NAU103,female,hand,25.73225464548245,35,1,Fixed microbiome RF,Participant split
1841.P15762,22,1841,1841:NAU137,female,hand,23.06776641046863,35,1,Fixed microbiome RF,Participant split
1841.F05604,20,1841,1841:CUB036,female,head,23.632453372650744,35,1,Fixed microbiome RF,Participant split
1841.F05247,28,1841,1841:NAU103,female,head,27.816130915223404,35,1,Fixed microbiome RF,Participant split
1841.P16339,55,1841,1841:NAU149,male,hand,27.54384719881923,35,1,Fixed microbiome RF,Participant split
1841.P16448,20,1841,1841:NCS263,male,hand,24.02755869055463,35,1,Fixed microbiome RF,Participant split
10317.000066855,27,10317,10317:73bf3573928ab6f8e0dbef1783c99aa8c96f8a341909051dbaaf5e003778464fdf40cee56b971bea2c557859ebdc3351dddc89230df6458726716c8fe13e3583,female,hand,35.19571221126174,35,1,Fixed microbiome RF,Participant split
1841.F05465,21,1841,1841:NAU154,female,head,23.0600727423108,35,1,Fixed microbiome RF,Participant split
1841.F05469,28,1841,1841:NAU103,female,head,24.743349896631152,35,1,Fixed microbiome RF,Participant split
1841.F06092,20,1841,1841:NCS263,male,head,24.91527158540522,35,1,Fixed microbiome RF,Participant split
10317.000063303,26,10317,10317:9a079253652d16fa017050fd68017b646c3c734b4c96ca593236c537806682233e513b33fb850475266ef28a5c34e9297ffbd213ef416263b306bfae257d1aef,male,hand,35.417399120884355,35,1,Fixed microbiome RF,Participant split
1841.F06574,22,1841,1841:CUB048,female,head,25.917403494419016,35,1,Fixed microbiome RF,Participant split
1841.P15206,20,1841,1841:CUB036,female,hand,23.399339834614626,35,1,Fixed microbiome RF,Participant split
1841.P15202,20,1841,1841:CUB036,female,hand,27.19384277998011,35,1,Fixed microbiome RF,Participant split
1841.P15208,22,1841,1841:CUB048,female,hand,28.01452232000026,35,1,Fixed microbiome RF,Participant split
1841.P16165,55,1841,1841:NAU149,male,hand,27.072552101697323,35,1,Fixed microbiome RF,Participant split
1841.P16160,32,1841,1841:NAU102,unknown,hand,23.29205146416084,35,1,Fixed microbiome RF,Participant split
1841.F06288,55,1841,1841:NAU149,male,head,34.05393943377381,35,1,Fixed microbiome RF,Participant split
1841.F06282,55,1841,1841:NAU149,male,head,29.603560202358914,35,1,Fixed microbiome RF,Participant split
1841.F06285,21,1841,1841:NAU154,female,head,23.10416366018098,35,1,Fixed microbiome RF,Participant split
1841.F06284,21,1841,1841:NAU153,female,head,22.44223931070538,35,1,Fixed microbiome RF,Participant split
10317.000068763,34,10317,10317:64e4e987fbbcb4c2194cdd7c106261ec20cfbf2772d835c97eb6311237552ac6be0e79cdb6ed23e686e25afe5db5d7ca46016b14f6939798b7664d7af99914c7,male,head,38.52956229207122,35,1,Fixed microbiome RF,Participant split
10317.000033429,62,10317,10317:1b595cbd54b82f80c4b023585b3a8baad15d027aab0c5b04a69b8c3e9e5d48bfcb2d532872548685bc12d0c706255362bb8a230524186fc6cc64f429295eb166,female,hand,50.27545717612796,35,1,Fixed microbiome RF,Participant split
10317.000033426,26,10317,10317:bf31604fc742f42563e14f529efdb4bf456a2196957cdd5f7a03e77220b2f7cc72b439053c8c0b4e94997264dacb9d6c2dc062250570be1d1ee1d113328653f1,female,hand,41.15870342281313,35,1,Fixed microbiome RF,Participant split
1841.F05229,22,1841,1841:NAU137,female,head,22.96733905571689,35,1,Fixed microbiome RF,Participant split
1841.F05226,32,1841,1841:NAU102,unknown,head,24.57014236461388,35,1,Fixed microbiome RF,Participant split
1841.P16311,32,1841,1841:NAU102,unknown,hand,24.806389768830037,35,1,Fixed microbiome RF,Participant split
1841.P16317,21,1841,1841:NAU154,female,hand,23.810086659878653,35,1,Fixed microbiome RF,Participant split
10317.000028832,36,10317,10317:3c63e41945a68fe74a43d054231d84ae90b185102915cbf4e13a11155b618c9d46daa02e507790f8529e4ff507dcc94f8b67e321b3ad761e17dfadff23c89742,male,head,41.96852260460403,35,1,Fixed microbiome RF,Participant split
1841.F06342,22,1841,1841:CUB048,female,head,26.862606961053643,35,1,Fixed microbiome RF,Participant split
1841.P15268,22,1841,1841:CUB048,female,hand,24.185364266044424,35,1,Fixed microbiome RF,Participant split
10317.000068854,31,10317,10317:8d85619d1e25428067315418f5821569f94dd8cc697ce5e8952a81c8abc325ca2f69b743c1d3539e71093dc8dadc81905dc33874b12ef6d990d55c610bfb1eb3,male,hand,37.25896215997402,35,1,Fixed microbiome RF,Participant split
1841.F05038,20,1841,1841:NCS263,male,head,26.974649645104456,35,1,Fixed microbiome RF,Participant split
1841.F05033,20,1841,1841:NCS263,male,head,35.41194281365495,35,1,Fixed microbiome RF,Participant split
1841.F05031,23,1841,1841:NCS243,male,head,27.19911120084228,35,1,Fixed microbiome RF,Participant split
1841.F05034,20,1841,1841:NCS263,male,head,30.869928688308494,35,1,Fixed microbiome RF,Participant split
1841.F05697,22,1841,1841:CUB048,female,head,26.733420711233208,35,1,Fixed microbiome RF,Participant split
1841.P16104,30,1841,1841:NAU108,female,hand,25.546727232229852,35,1,Fixed microbiome RF,Participant split
1841.P16103,21,1841,1841:NAU154,female,hand,22.30529116007832,35,1,Fixed microbiome RF,Participant split
2010.1308,27,2010,2010:7,female,head,37.332665542807476,35,1,Fixed microbiome RF,Participant split
10317.000014510,36,10317,10317:afc4cc1e970ef3c7c09dfc377d86b8cb6dd2b6fc250e40ad216859b782525e9a89692b141ec60d853e30f94d919e6d74c8ef2a10c87061cbb48939ce1a8ab53a,female,head,42.10190519205629,35,1,Fixed microbiome RF,Participant split
10317.000068847,30,10317,10317:8d85619d1e25428067315418f5821569f94dd8cc697ce5e8952a81c8abc325ca2f69b743c1d3539e71093dc8dadc81905dc33874b12ef6d990d55c610bfb1eb3,male,head,36.874429204093744,35,1,Fixed microbiome RF,Participant split
1841.F05559,22,1841,1841:NAU137,female,head,22.598446116574586,35,1,Fixed microbiome RF,Participant split
1841.P15672,20,1841,1841:CUB036,female,hand,23.8602240603716,35,1,Fixed microbiome RF,Participant split
1841.P16426,20,1841,1841:NAU119,male,hand,22.77453735114002,35,1,Fixed microbiome RF,Participant split
1841.P16397,32,1841,1841:NAU102,unknown,hand,23.407967726462093,35,1,Fixed microbiome RF,Participant split
1841.P16379,21,1841,1841:NAU153,female,hand,22.99775557775558,35,1,Fixed microbiome RF,Participant split
1841.P16598,22,1841,1841:CUB048,female,hand,26.017319587393594,35,1,Fixed microbiome RF,Participant split
10317.000063231,27,10317,10317:d7b643e267e7874c9fe80600f02183b6cd3019f0fda406b979f05d309d5050c0a106d81fd0d61ac23e2600faaf7da552f0258df8aa6be5e41a39e6b37828c99d,female,hand,38.86735569539152,35,1,Fixed microbiome RF,Participant split
1841.F06015,20,1841,1841:NCS210,female,head,23.573986508039418,35,1,Fixed microbiome RF,Participant split
1841.P15068,22,1841,1841:CUB048,female,hand,30.592429528944137,35,1,Fixed microbiome RF,Participant split
1841.F06297,55,1841,1841:NAU149,male,head,27.472268606937035,35,1,Fixed microbiome RF,Participant split
1841.P16298,55,1841,1841:NAU149,male,hand,31.454677211518337,35,1,Fixed microbiome RF,Participant split
1841.P16295,55,1841,1841:NAU149,male,hand,28.32341387311501,35,1,Fixed microbiome RF,Participant split
1841.P16296,21,1841,1841:NAU154,female,hand,25.637000346213348,35,1,Fixed microbiome RF,Participant split
1841.P16290,21,1841,1841:NAU153,female,hand,22.30397511087769,35,1,Fixed microbiome RF,Participant split
10317.000015118,28,10317,10317:d031d7eaf91c489f64052f69777e1385468d8cbdc419eb3568de9547015ad04606d5d70ca9970521bd182907f9b00d2640e54727e0262ceaea9ccb7d9603385e,female,hand,42.363713598693224,35,1,Fixed microbiome RF,Participant split
10317.000015116,28,10317,10317:d031d7eaf91c489f64052f69777e1385468d8cbdc419eb3568de9547015ad04606d5d70ca9970521bd182907f9b00d2640e54727e0262ceaea9ccb7d9603385e,female,head,44.34467366459736,35,1,Fixed microbiome RF,Participant split
10317.000069046,33,10317,10317:65a6735483d4ca756511921efab48bd0d5eefe9702c613c1e3f7065f8b20659da904045df6fb243bf7e1be352dea97d0ceb0c7ccdca5fabb1fd01324d1e414cf,male,hand,37.69017510359373,35,1,Fixed microbiome RF,Participant split
1841.F05415,20,1841,1841:NAU119,male,head,22.783734606037232,35,1,Fixed microbiome RF,Participant split
1841.F05455,21,1841,1841:NAU153,female,head,23.346690100713445,35,1,Fixed microbiome RF,Participant split
1841.P16356,30,1841,1841:NAU108,female,hand,25.97719478620794,35,1,Fixed microbiome RF,Participant split
1841.F05434,20,1841,1841:NAU119,male,head,23.357639526083823,35,1,Fixed microbiome RF,Participant split
10317.000068770,34,10317,10317:64e4e987fbbcb4c2194cdd7c106261ec20cfbf2772d835c97eb6311237552ac6be0e79cdb6ed23e686e25afe5db5d7ca46016b14f6939798b7664d7af99914c7,male,hand,37.53462170484714,35,1,Fixed microbiome RF,Participant split
10317.000079831,38,10317,10317:14023540704b6bc088ad4121fb1e4bb829db0af84dceeb6083083578533680a085ce6473901b2aa79e3843299e1ef69adfd4af41442ee2e3ba1981a43c5fea09,female,head,40.096562510243345,35,1,Fixed microbiome RF,Participant split
1841.P15342,20,1841,1841:NCS210,female,hand,24.557695459151493,35,1,Fixed microbiome RF,Participant split
10317.000049729,36,10317,10317:79bbc1c5c663e0434d917d65535beeb68d902da75556dbb9bc561129718387ed15c630d65f4716cbeb02ed871a1e5044d2cd04da381361681f4a0793ca85598d,male,head,41.91018097634195,35,1,Fixed microbiome RF,Participant split
1841.P15024,22,1841,1841:CUB048,female,hand,31.23436374374041,35,1,Fixed microbiome RF,Participant split
1841.F06466,22,1841,1841:CUB048,female,head,28.42758150703462,35,1,Fixed microbiome RF,Participant split
1841.P16251,20,1841,1841:NAU119,male,hand,22.14511431028654,35,1,Fixed microbiome RF,Participant split
1841.F05520,21,1841,1841:NAU154,female,head,24.784516495930976,35,1,Fixed microbiome RF,Participant split
1841.F05848,21,1841,1841:NAU153,female,head,22.5111741128561,35,1,Fixed microbiome RF,Participant split
1841.P16348,28,1841,1841:NAU103,female,hand,26.703989666379368,35,1,Fixed microbiome RF,Participant split
10317.000049119,62,10317,10317:cf42e22cb0b5def3e5fb85e3eedb9fec63ec3614a7783d0ac195975b575a9863d801522f080d492d8032502dfbef61ba79d17264597f600354ba3cb662748955,male,hand,54.74897163797069,35,1,Fixed microbiome RF,Participant split
1841.F05611,20,1841,1841:CUB036,female,head,24.276041302447545,35,1,Fixed microbiome RF,Participant split
10317.000009059,50,10317,10317:d2b0d78183a7fb7003716446b4a9280723b3b3e47823c3e6d1a251d445558a0bbde902b411f4f4015c7f8faa15d573d3a103491eb53d1fb0ff68fedb2e2dd4d7,female,head,39.19650181354016,35,1,Fixed microbiome RF,Participant split
1841.P16181,28,1841,1841:NAU103,female,hand,27.444346244033756,35,1,Fixed microbiome RF,Participant split
1841.P16183,22,1841,1841:NAU137,female,hand,23.251049988206244,35,1,Fixed microbiome RF,Participant split
1841.P16182,20,1841,1841:NAU119,male,hand,24.37926987760047,35,1,Fixed microbiome RF,Participant split
1841.F05640,20,1841,1841:CUB036,female,head,25.44002282026323,35,1,Fixed microbiome RF,Participant split
10317.000006853,74,10317,10317:7705669a351542f9add9390a0a093824f81095a819993d82ab0d00eb2120ac34a953c451ff892c8c30e3f1b8f7630625d2ebb4d0e8512526a243025795e51eb7,male,hand,45.855691921528305,35,1,Fixed microbiome RF,Participant split
10317.000036125,42,10317,10317:a1cd5635deef381a3388b606e82458a3d030c613a5d1605e912e298677c648fec4c0630fde5c78738c54d9c48767cbe35d882d96bb7fe8a5bb995fbff088cd25,female,head,41.55497936187145,35,1,Fixed microbiome RF,Participant split
1841.F05808,21,1841,1841:NAU154,female,head,23.515618002675875,35,1,Fixed microbiome RF,Participant split
1841.F05869,30,1841,1841:NAU108,female,head,23.53619221617844,35,1,Fixed microbiome RF,Participant split
1841.F05486,22,1841,1841:NAU137,female,head,24.455095760765513,35,1,Fixed microbiome RF,Participant split
1841.F06419,20,1841,1841:CUB036,female,head,24.168491685437626,35,1,Fixed microbiome RF,Participant split
1841.F06411,22,1841,1841:CUB048,female,head,25.298900128027167,35,1,Fixed microbiome RF,Participant split
1841.P15793,22,1841,1841:NAU137,female,hand,22.693021555798488,35,1,Fixed microbiome RF,Participant split
1841.P15792,20,1841,1841:NAU119,male,hand,22.620965824412515,35,1,Fixed microbiome RF,Participant split
1841.P15797,21,1841,1841:NAU153,female,hand,22.44794837113991,35,1,Fixed microbiome RF,Participant split
1841.P15799,21,1841,1841:NAU154,female,hand,23.236850622891428,35,1,Fixed microbiome RF,Participant split
1841.P16215,55,1841,1841:NAU149,male,hand,26.154093238936998,35,1,Fixed microbiome RF,Participant split
1841.P16219,55,1841,1841:NAU149,male,hand,28.625413384048784,35,1,Fixed microbiome RF,Participant split
1841.P16218,22,1841,1841:NAU137,female,hand,25.767238960915268,35,1,Fixed microbiome RF,Participant split
1841.F05491,22,1841,1841:NAU137,female,head,23.446456287229573,35,1,Fixed microbiome RF,Participant split
1841.F06060,23,1841,1841:NCS243,male,head,28.19656120415697,35,1,Fixed microbiome RF,Participant split
1841.F06062,20,1841,1841:NCS210,female,head,26.836511293594775,35,1,Fixed microbiome RF,Participant split
1841.F06064,23,1841,1841:NCS243,male,head,25.898460981525602,35,1,Fixed microbiome RF,Participant split
1841.P15308,23,1841,1841:NCS243,male,hand,27.433177810751328,35,1,Fixed microbiome RF,Participant split
1841.P15306,20,1841,1841:NCS210,female,hand,23.513770142288934,35,1,Fixed microbiome RF,Participant split
1841.P15551,22,1841,1841:NAU137,female,hand,24.13981981985705,35,1,Fixed microbiome RF,Participant split
1841.F05416,21,1841,1841:NAU154,female,head,23.07968501718869,35,1,Fixed microbiome RF,Participant split
1841.F06479,22,1841,1841:CUB040,male,head,27.014795859948485,35,2,Fixed microbiome RF,Participant split
1841.F06476,23,1841,1841:CUB056,male,head,24.58106035752575,35,2,Fixed microbiome RF,Participant split
1841.F06472,22,1841,1841:CUB007,female,head,22.458450139525503,35,2,Fixed microbiome RF,Participant split
1841.F06384,21,1841,1841:CUB038,female,head,23.23734327943389,35,2,Fixed microbiome RF,Participant split
1841.F05658,22,1841,1841:CUB016,female,head,25.551858606944943,35,2,Fixed microbiome RF,Participant split
1841.F05651,21,1841,1841:CUB029,male,head,23.26140011030636,35,2,Fixed microbiome RF,Participant split
1841.P16234,20,1841,1841:NAU121,female,hand,24.634294247419252,35,2,Fixed microbiome RF,Participant split
1841.P16496,27,1841,1841:NCS214,male,hand,25.83929713059236,35,2,Fixed microbiome RF,Participant split
1841.P16494,23,1841,1841:NCS203,female,hand,25.78705574614612,35,2,Fixed microbiome RF,Participant split
1841.F05564,30,1841,1841:NAU155,female,head,24.289462599261128,35,2,Fixed microbiome RF,Participant split
1841.P15336,23,1841,1841:NCS203,female,hand,24.93416481727337,35,2,Fixed microbiome RF,Participant split
1841.P15145,19,1841,1841:NCS233,male,hand,24.520793668647535,35,2,Fixed microbiome RF,Participant split
10317.000015209,60,10317,10317:f85c35ccb1de86d528e1bc924109d3f1ef2725eff131fffbb4f955f2bf62f99d01df00160e393e9c7ca1eba714fcb5547b4952bd7ca8fbba07e51e58be5c6410,unknown,hand,46.07626559551974,35,2,Fixed microbiome RF,Participant split
10317.000005565,53,10317,10317:2bbbda8f68f57e1c57d3e97ada9c16a61165e5a3a31f556df77429e4efca7c8de4a4dd989152a974f15603348945abd6a2335caec0d3d6fe9e7136e3865909bc,male,hand,45.5203810321924,35,2,Fixed microbiome RF,Participant split
10317.000005564,53,10317,10317:2bbbda8f68f57e1c57d3e97ada9c16a61165e5a3a31f556df77429e4efca7c8de4a4dd989152a974f15603348945abd6a2335caec0d3d6fe9e7136e3865909bc,male,head,42.83800798104578,35,2,Fixed microbiome RF,Participant split
10317.000005566,53,10317,10317:2bbbda8f68f57e1c57d3e97ada9c16a61165e5a3a31f556df77429e4efca7c8de4a4dd989152a974f15603348945abd6a2335caec0d3d6fe9e7136e3865909bc,male,hand,44.29057648376387,35,2,Fixed microbiome RF,Participant split
1841.P16557,20,1841,1841:CUB027,female,hand,23.269037894295256,35,2,Fixed microbiome RF,Participant split
1841.F05104,20,1841,1841:NAU123,male,head,24.97232079834062,35,2,Fixed microbiome RF,Participant split
1841.P15125,19,1841,1841:NCS233,male,hand,26.907568720588415,35,2,Fixed microbiome RF,Participant split
1841.P15122,27,1841,1841:NCS214,male,hand,29.346193037819965,35,2,Fixed microbiome RF,Participant split
10317.000063344,29,10317,10317:e8fffa963380c63cba1d064de83b3a91000831ddbab3f8b56168ee1903063a0900f0a9b07f79b2f4a728ad7af62c82a718d51b95ccc1f12d6d1d3ce257c151f7,female,head,35.813608621283066,35,2,Fixed microbiome RF,Participant split
10317.000063164,29,10317,10317:03c0867966fe2299eb3b09291d5f0834310bdf5fceed9c9b7b397570bf8f2d2adaeb945c824ff0cb407abaf691b8173cfa03c4f8eb17e6dd9f6eda17502e66e4,male,head,36.10494366173539,35,2,Fixed microbiome RF,Participant split
1841.F05598,20,1841,1841:NAU123,male,head,24.912667496694347,35,2,Fixed microbiome RF,Participant split
10317.000015501,58,10317,10317:39bccde315a4d2e26bd21d11d8612666496433302b42a988f2e86dbe04d585b4ed30f82357ad21121e121b84ba5b37d2ecaf536b10e6faf7bae853217d2e1db6,male,hand,40.58263411192037,35,2,Fixed microbiome RF,Participant split
1841.F05373,19,1841,1841:NCS233,male,head,23.385733838717833,35,2,Fixed microbiome RF,Participant split
1841.P16572,22,1841,1841:CUB040,male,hand,29.065759833228775,35,2,Fixed microbiome RF,Participant split
1841.P15972,21,1841,1841:CUB038,female,hand,25.396271221925012,35,2,Fixed microbiome RF,Participant split
1841.F06005,27,1841,1841:NCS253,female,head,29.96903376913657,35,2,Fixed microbiome RF,Participant split
1841.F05570,20,1841,1841:NAU121,female,head,22.271940707318997,35,2,Fixed microbiome RF,Participant split
1841.F05571,30,1841,1841:NAU155,female,head,24.14387591167004,35,2,Fixed microbiome RF,Participant split
1841.F05576,30,1841,1841:NAU155,female,head,26.146431872865698,35,2,Fixed microbiome RF,Participant split
1841.F06482,21,1841,1841:CUB000,female,head,23.094974735607963,35,2,Fixed microbiome RF,Participant split
1841.F06493,21,1841,1841:CUB000,female,head,28.079207840770334,35,2,Fixed microbiome RF,Participant split
1841.F06494,21,1841,1841:CUB038,female,head,22.449511640320473,35,2,Fixed microbiome RF,Participant split
1841.F06497,21,1841,1841:CUB000,female,head,22.48003593225875,35,2,Fixed microbiome RF,Participant split
1841.P15710,20,1841,1841:NAU123,male,hand,24.28700302290763,35,2,Fixed microbiome RF,Participant split
1841.P16439,23,1841,1841:NCS203,female,hand,28.43543191722386,35,2,Fixed microbiome RF,Participant split
1841.F06441,20,1841,1841:CUB027,female,head,24.078711072370613,35,2,Fixed microbiome RF,Participant split
1841.F06440,20,1841,1841:CUB027,female,head,24.398116055854768,35,2,Fixed microbiome RF,Participant split
1841.F06573,21,1841,1841:CUB038,female,head,22.78246026392626,35,2,Fixed microbiome RF,Participant split
1841.F06579,21,1841,1841:CUB033,female,head,23.987134046804375,35,2,Fixed microbiome RF,Participant split
2010.1488,27,2010,2010:1,female,head,42.75730150468146,35,2,Fixed microbiome RF,Participant split
1841.P15528,20,1841,1841:NAU141,female,hand,25.975122523003954,35,2,Fixed microbiome RF,Participant split
10317.000014492,38,10317,10317:8167c948b0e4857e3fbff706939d373dfab22f6bc351971e2c12e88b854e32580973e05481786c5d02d11e4a9e8f81f300e8ce5b8120172a96b4e37d555a8c90,male,head,43.60458293496486,35,2,Fixed microbiome RF,Participant split
1841.F05882,21,1841,1841:NAU151,male,head,24.197448253823072,35,2,Fixed microbiome RF,Participant split
10317.000012153,39,10317,10317:11a164f633168118e0565026872fa35afedfe2bae4497973a70320675455a4b33dc3ad7a7c30d5087e7928b80c4f712a6b4192465f4342ce940fa7e45758084d,female,hand,39.29730255366801,35,2,Fixed microbiome RF,Participant split
1841.P16473,19,1841,1841:NCS233,male,hand,23.678820792694157,35,2,Fixed microbiome RF,Participant split
1841.F06216,20,1841,1841:NAU121,female,head,22.109851190476185,35,2,Fixed microbiome RF,Participant split
1841.F06215,20,1841,1841:NAU123,male,head,24.413406155065697,35,2,Fixed microbiome RF,Participant split
10317.000002497,37,10317,10317:247ebb14f6dfcf8839f209aeb66c1f16f579162fc35aab08f18db6328b9ebbe7785cbc9394ed8d5c92ea65a93f9129469fbd86e96009e7e4f2ac54540bbf9d4f,male,head,42.401992942816356,35,2,Fixed microbiome RF,Participant split
1841.P16414,23,1841,1841:NCS203,female,hand,26.14310643281244,35,2,Fixed microbiome RF,Participant split
1841.P16413,27,1841,1841:NCS253,female,hand,27.438495260764547,35,2,Fixed microbiome RF,Participant split
1841.F06510,21,1841,1841:CUB000,female,head,26.737203716422464,35,2,Fixed microbiome RF,Participant split
1841.F05826,20,1841,1841:NAU123,male,head,23.215397409376823,35,2,Fixed microbiome RF,Participant split
1841.F05531,20,1841,1841:NAU141,female,head,25.396833218460266,35,2,Fixed microbiome RF,Participant split
10317.000005361,67,10317,10317:673c8ce01f6c4b5120fb00380499db5eeb6a2fb55f33a66a36d79a28f321105b432b54532ecd02900640e027e6baa65fe94b194fa11f3a0eaf97f6abf95c9417,unknown,hand,41.383328502635486,35,2,Fixed microbiome RF,Participant split
1841.P16089,20,1841,1841:NAU123,male,hand,29.226002552390412,35,2,Fixed microbiome RF,Participant split
1841.P15757,20,1841,1841:NAU123,male,hand,23.337712617243863,35,2,Fixed microbiome RF,Participant split
1841.P15976,21,1841,1841:CUB000,female,hand,26.005213355849133,35,2,Fixed microbiome RF,Participant split
1841.P16000,21,1841,1841:CUB029,male,hand,24.13807339362026,35,2,Fixed microbiome RF,Participant split
1841.P15747,20,1841,1841:NAU121,female,hand,24.79829389274392,35,2,Fixed microbiome RF,Participant split
1841.F05276,24,1841,1841:NAU109,male,head,26.880647132277183,35,2,Fixed microbiome RF,Participant split
1841.F05279,20,1841,1841:NAU123,male,head,23.332623982377278,35,2,Fixed microbiome RF,Participant split
1841.F05278,24,1841,1841:NAU109,male,head,25.306370140602063,35,2,Fixed microbiome RF,Participant split
10317.000069111,29,10317,10317:03c0867966fe2299eb3b09291d5f0834310bdf5fceed9c9b7b397570bf8f2d2adaeb945c824ff0cb407abaf691b8173cfa03c4f8eb17e6dd9f6eda17502e66e4,male,head,33.642179321009344,35,2,Fixed microbiome RF,Participant split
10317.000069118,29,10317,10317:03c0867966fe2299eb3b09291d5f0834310bdf5fceed9c9b7b397570bf8f2d2adaeb945c824ff0cb407abaf691b8173cfa03c4f8eb17e6dd9f6eda17502e66e4,male,hand,32.72577788641248,35,2,Fixed microbiome RF,Participant split
10317.000066824,29,10317,10317:7f8b5599423e74bb4268af85d143fbeed68370b2eaa79f6e6facbcf10974040d6ef4afefb5ff2aab1f618ba97f2eecc39b0621fb60a556425670ca9606d4aa0c,male,head,35.779893207173174,35,2,Fixed microbiome RF,Participant split
1841.F06532,22,1841,1841:CUB016,female,head,22.715933605304006,35,2,Fixed microbiome RF,Participant split
1841.F06534,21,1841,1841:CUB033,female,head,25.757675350857426,35,2,Fixed microbiome RF,Participant split
1841.P15566,30,1841,1841:NAU155,female,hand,27.99296873300163,35,2,Fixed microbiome RF,Participant split
1841.F05510,24,1841,1841:NAU109,male,head,25.445673706607355,35,2,Fixed microbiome RF,Participant split
10317.000005597,74,10317,10317:7ba032cf20a095821627a110ab26bb5c1b92a9eec7dc65f29d2b0b7c0f2dece8e620882864fff5d7d829b5d72d5061c1b402d6fba6e4e8a623373670f402b87e,male,hand,44.290803769928154,35,2,Fixed microbiome RF,Participant split
2010.1402,27,2010,2010:1,female,head,41.489640640638655,35,2,Fixed microbiome RF,Participant split
10317.000015186,26,10317,10317:cb8ea224a3bb7ef53bf08da62860c079b5996441cbbb6ef11fbe09454172198e57a65569937d0e57c98a2327cfe4b04a55969cdda8eed8fc5f998c2468e4920a,male,hand,39.025042579473414,35,2,Fixed microbiome RF,Participant split
10317.000015188,26,10317,10317:cb8ea224a3bb7ef53bf08da62860c079b5996441cbbb6ef11fbe09454172198e57a65569937d0e57c98a2327cfe4b04a55969cdda8eed8fc5f998c2468e4920a,male,head,38.99071780246136,35,2,Fixed microbiome RF,Participant split
10317.000063284,29,10317,10317:c78075767b35e039a0b606f8a727e3fc3e2823715abe6a1c7c9956e664a6ff667e1ed5a2426907b56b3a7776221005afb7b5f38d5a651d25074abdbea76cec2f,male,head,37.407429653561806,35,2,Fixed microbiome RF,Participant split
1841.P15956,21,1841,1841:CUB033,female,hand,23.360639268443542,35,2,Fixed microbiome RF,Participant split
1841.P15955,22,1841,1841:CUB040,male,hand,22.887650212328516,35,2,Fixed microbiome RF,Participant split
1841.P15770,30,1841,1841:NAU155,female,hand,25.43410170813663,35,2,Fixed microbiome RF,Participant split
1841.P15777,20,1841,1841:NAU121,female,hand,23.1068982059607,35,2,Fixed microbiome RF,Participant split
1841.P15959,21,1841,1841:CUB029,male,hand,25.10603460014286,35,2,Fixed microbiome RF,Participant split
1841.F06259,20,1841,1841:NAU121,female,head,23.92592955107758,35,2,Fixed microbiome RF,Participant split
1841.F06254,20,1841,1841:NAU123,male,head,23.68406261732549,35,2,Fixed microbiome RF,Participant split
1841.P15569,20,1841,1841:NAU121,female,hand,22.833350791074004,35,2,Fixed microbiome RF,Participant split
1841.F06253,20,1841,1841:NAU121,female,head,24.141496568124843,35,2,Fixed microbiome RF,Participant split
1841.F06250,20,1841,1841:NAU121,female,head,24.139509670154418,35,2,Fixed microbiome RF,Participant split
1841.P15563,20,1841,1841:NAU121,female,hand,24.078338792539164,35,2,Fixed microbiome RF,Participant split
10317.000029543,48,10317,10317:c86071d17549b1edea0c1ee4fd08d1f8f445ff93e7557a199712b7b28cc1547cf0bf2fbe6c28e355b5a962568aa61b5f158ed2022969d51ccb413287f708fe10,female,head,41.9809555832863,35,2,Fixed microbiome RF,Participant split
1841.P16326,24,1841,1841:NAU109,male,hand,24.207155322521913,35,2,Fixed microbiome RF,Participant split
1841.F05517,20,1841,1841:NAU121,female,head,24.27495147213896,35,2,Fixed microbiome RF,Participant split
10317.000066843,27,10317,10317:75e7facbcee6190c9bd0ec55d33af511592981c1851bc62c90ffa060b30d59451c3407b0344a1357b33b8a653eb1ab6517c15e9f6f193c447e3882c2ada31e9a,male,hand,33.3758996207235,35,2,Fixed microbiome RF,Participant split
10317.000003085,53,10317,10317:8665422eb8a1ffd2fa3c26bdc0bd4cb3cd47439a5631922ac7af3c45be2274db8dfab19dc80c4bb5237d7035d95768044a90af2a19499f5e5af50d527a6174c7,female,hand,42.01532486336267,35,2,Fixed microbiome RF,Participant split
1841.F06085,23,1841,1841:NCS203,female,head,26.174514213574533,35,2,Fixed microbiome RF,Participant split
1841.P15096,21,1841,1841:CUB000,female,hand,23.657374526515156,35,2,Fixed microbiome RF,Participant split
1841.P15095,23,1841,1841:CUB056,male,hand,26.02781742547911,35,2,Fixed microbiome RF,Participant split
1841.P15092,23,1841,1841:CUB056,male,hand,29.660866084992143,35,2,Fixed microbiome RF,Participant split
1841.P15093,22,1841,1841:CUB007,female,hand,23.706836204059748,35,2,Fixed microbiome RF,Participant split
1841.P15091,21,1841,1841:CUB000,female,hand,24.148831715159847,35,2,Fixed microbiome RF,Participant split
1841.P15548,20,1841,1841:NAU123,male,hand,22.958435202407255,35,2,Fixed microbiome RF,Participant split
1841.F05060,23,1841,1841:NCS203,female,head,27.911721225938237,35,2,Fixed microbiome RF,Participant split
1841.F05063,23,1841,1841:NCS203,female,head,24.410527758517063,35,2,Fixed microbiome RF,Participant split
1841.F05065,23,1841,1841:NCS203,female,head,30.621325516051712,35,2,Fixed microbiome RF,Participant split
1841.F05068,23,1841,1841:NCS203,female,head,25.510193573086365,35,2,Fixed microbiome RF,Participant split
1841.F05937,19,1841,1841:NCS233,male,head,23.09548127904625,35,2,Fixed microbiome RF,Participant split
1841.P16157,24,1841,1841:NAU109,male,hand,24.3449597575287,35,2,Fixed microbiome RF,Participant split
1841.P16462,27,1841,1841:NCS253,female,hand,39.99665320385667,35,2,Fixed microbiome RF,Participant split
1841.P15939,22,1841,1841:CUB007,female,hand,25.192556972288987,35,2,Fixed microbiome RF,Participant split
1841.P15935,21,1841,1841:CUB033,female,hand,24.26257327741702,35,2,Fixed microbiome RF,Participant split
1841.P15934,21,1841,1841:CUB029,male,hand,24.100409939598485,35,2,Fixed microbiome RF,Participant split
10317.000015308,36,10317,10317:feea3e83f7040193068cefe3fbcc20f2ea1091f85bfe70ce251294e52b9fe96590bdfd79bae84e89f8a0e8adb68da76d13e4c631cd02e8440870e7ffa4c40c5d,female,head,42.57639033320043,35,2,Fixed microbiome RF,Participant split
10317.000005079,33,10317,10317:a29fd754368cde4d06c428f68fac03a5f07bc4192f8ad6f00b4dead3a90b4f2a07cda53d353c8eebcdf472b25a87cc69592d2bcf0fae7f901a0ee6e9cff063c9,male,head,39.857763273399755,35,2,Fixed microbiome RF,Participant split
10317.000066867,29,10317,10317:03c0867966fe2299eb3b09291d5f0834310bdf5fceed9c9b7b397570bf8f2d2adaeb945c824ff0cb407abaf691b8173cfa03c4f8eb17e6dd9f6eda17502e66e4,male,hand,32.819448282974555,35,2,Fixed microbiome RF,Participant split
10317.000066866,29,10317,10317:03c0867966fe2299eb3b09291d5f0834310bdf5fceed9c9b7b397570bf8f2d2adaeb945c824ff0cb407abaf691b8173cfa03c4f8eb17e6dd9f6eda17502e66e4,male,hand,39.29813367216454,35,2,Fixed microbiome RF,Participant split
10317.000066861,29,10317,10317:03c0867966fe2299eb3b09291d5f0834310bdf5fceed9c9b7b397570bf8f2d2adaeb945c824ff0cb407abaf691b8173cfa03c4f8eb17e6dd9f6eda17502e66e4,male,head,34.12600545704248,35,2,Fixed microbiome RF,Participant split
10317.000066868,29,10317,10317:03c0867966fe2299eb3b09291d5f0834310bdf5fceed9c9b7b397570bf8f2d2adaeb945c824ff0cb407abaf691b8173cfa03c4f8eb17e6dd9f6eda17502e66e4,male,hand,34.51384874439889,35,2,Fixed microbiome RF,Participant split
10317.000003535,46,10317,10317:4aa35b33ec066f163b8daeb1b8200f17ece0f58ed4de27fc1acf828c8864cb5dfb93c989fb4315cfe8721c8eed0e468a5da3102ea9bc9c107e0b214c031f5e1d,female,hand,46.81761026058602,35,2,Fixed microbiome RF,Participant split
1841.P15213,20,1841,1841:CUB027,female,hand,23.393977272727273,35,2,Fixed microbiome RF,Participant split
1841.P15216,22,1841,1841:CUB007,female,hand,23.215415656647266,35,2,Fixed microbiome RF,Participant split
1841.F05004,23,1841,1841:NCS203,female,head,25.77713964920636,35,2,Fixed microbiome RF,Participant split
1841.F05003,27,1841,1841:NCS253,female,head,34.610075404794145,35,2,Fixed microbiome RF,Participant split
10317.000015207,60,10317,10317:f85c35ccb1de86d528e1bc924109d3f1ef2725eff131fffbb4f955f2bf62f99d01df00160e393e9c7ca1eba714fcb5547b4952bd7ca8fbba07e51e58be5c6410,unknown,hand,41.836382653234736,35,2,Fixed microbiome RF,Participant split
10317.000015208,60,10317,10317:f85c35ccb1de86d528e1bc924109d3f1ef2725eff131fffbb4f955f2bf62f99d01df00160e393e9c7ca1eba714fcb5547b4952bd7ca8fbba07e51e58be5c6410,unknown,head,43.764773638378806,35,2,Fixed microbiome RF,Participant split
1841.F05910,19,1841,1841:NCS233,male,head,23.87998726967477,35,2,Fixed microbiome RF,Participant split
1841.P16174,24,1841,1841:NAU109,male,hand,25.83701951405076,35,2,Fixed microbiome RF,Participant split
1841.P16176,20,1841,1841:NAU123,male,hand,23.847820478132995,35,2,Fixed microbiome RF,Participant split
1841.P15913,22,1841,1841:CUB016,female,hand,24.1660790421461,35,2,Fixed microbiome RF,Participant split
10317.000062190,29,10317,10317:03c0867966fe2299eb3b09291d5f0834310bdf5fceed9c9b7b397570bf8f2d2adaeb945c824ff0cb407abaf691b8173cfa03c4f8eb17e6dd9f6eda17502e66e4,male,head,32.44914704615484,35,2,Fixed microbiome RF,Participant split
10317.000009079,24,10317,10317:78d12b80b1c72aca05eb432fc60c9d17e9d26e9976af5f011f95b27013837975271da44deb87ae11ab5d17f776090675276d08a78b15a8ad0920edeb6e7b75b0,male,head,39.04929116716039,35,2,Fixed microbiome RF,Participant split
1841.P16581,21,1841,1841:CUB000,female,hand,27.091416218155757,35,2,Fixed microbiome RF,Participant split
1841.P16580,21,1841,1841:CUB038,female,hand,24.164035742180754,35,2,Fixed microbiome RF,Participant split
1841.P16586,20,1841,1841:CUB027,female,hand,22.917572584210454,35,2,Fixed microbiome RF,Participant split
10317.000049876,74,10317,10317:7ba032cf20a095821627a110ab26bb5c1b92a9eec7dc65f29d2b0b7c0f2dece8e620882864fff5d7d829b5d72d5061c1b402d6fba6e4e8a623373670f402b87e,male,head,49.15848553047062,35,2,Fixed microbiome RF,Participant split
1841.F06331,21,1841,1841:CUB029,male,head,23.397718045843046,35,2,Fixed microbiome RF,Participant split
1841.F06330,20,1841,1841:CUB027,female,head,23.93716328563078,35,2,Fixed microbiome RF,Participant split
1841.F06335,21,1841,1841:CUB038,female,head,24.444408199460923,35,2,Fixed microbiome RF,Participant split
1841.P15275,21,1841,1841:CUB038,female,hand,25.984585223803983,35,2,Fixed microbiome RF,Participant split
1841.P15582,30,1841,1841:NAU155,female,hand,24.19502754190254,35,2,Fixed microbiome RF,Participant split
1841.P15587,30,1841,1841:NAU155,female,hand,31.029034872234128,35,2,Fixed microbiome RF,Participant split
1841.P15278,22,1841,1841:CUB016,female,hand,23.98440588924965,35,2,Fixed microbiome RF,Participant split
10317.000068823,29,10317,10317:03c0867966fe2299eb3b09291d5f0834310bdf5fceed9c9b7b397570bf8f2d2adaeb945c824ff0cb407abaf691b8173cfa03c4f8eb17e6dd9f6eda17502e66e4,male,head,36.108738160593745,35,2,Fixed microbiome RF,Participant split
1841.F05024,27,1841,1841:NCS253,female,head,35.03023641721519,35,2,Fixed microbiome RF,Participant split
1841.F05680,22,1841,1841:CUB007,female,head,25.036576205702932,35,2,Fixed microbiome RF,Participant split
1841.F05682,20,1841,1841:CUB027,female,head,23.223034745585288,35,2,Fixed microbiome RF,Participant split
1841.F05977,18,1841,1841:NCS232,female,head,25.004405928018063,35,2,Fixed microbiome RF,Participant split
1841.F05974,27,1841,1841:NCS214,male,head,31.31794132102221,35,2,Fixed microbiome RF,Participant split
2010.1319,27,2010,2010:1,female,head,39.90887275407981,35,2,Fixed microbiome RF,Participant split
1841.P16340,24,1841,1841:NAU109,male,hand,30.433667975537684,35,2,Fixed microbiome RF,Participant split
2010.1814,34,2010,2010:17,female,head,36.24725768279343,35,2,Fixed microbiome RF,Participant split
1841.P16452,27,1841,1841:NCS253,female,hand,29.91687927469632,35,2,Fixed microbiome RF,Participant split
1841.P15075,21,1841,1841:CUB038,female,hand,23.567671926725232,35,2,Fixed microbiome RF,Participant split
1841.P15076,21,1841,1841:CUB000,female,hand,23.370354279605202,35,2,Fixed microbiome RF,Participant split
1841.P15077,21,1841,1841:CUB000,female,hand,26.549462395243644,35,2,Fixed microbiome RF,Participant split
1841.F06316,22,1841,1841:CUB007,female,head,23.395668266742753,35,2,Fixed microbiome RF,Participant split
1841.F06310,21,1841,1841:CUB033,female,head,26.695555740591544,35,2,Fixed microbiome RF,Participant split
1841.F06319,21,1841,1841:CUB000,female,head,28.007084607080024,35,2,Fixed microbiome RF,Participant split
1841.P15252,21,1841,1841:CUB038,female,hand,24.561110902475782,35,2,Fixed microbiome RF,Participant split
1841.P15253,21,1841,1841:CUB029,male,hand,23.565664328822745,35,2,Fixed microbiome RF,Participant split
1841.F05403,20,1841,1841:NAU123,male,head,23.868096151837932,35,2,Fixed microbiome RF,Participant split
1841.P16324,21,1841,1841:NAU151,male,hand,25.329382990375642,35,2,Fixed microbiome RF,Participant split
1841.P16454,23,1841,1841:NCS203,female,hand,31.674322835223176,35,2,Fixed microbiome RF,Participant split
1841.P15020,22,1841,1841:CUB040,male,hand,35.98134673509448,35,2,Fixed microbiome RF,Participant split
2010.1715,22,2010,2010:15,female,head,34.88521369910629,35,2,Fixed microbiome RF,Participant split
10317.000005598,74,10317,10317:7ba032cf20a095821627a110ab26bb5c1b92a9eec7dc65f29d2b0b7c0f2dece8e620882864fff5d7d829b5d72d5061c1b402d6fba6e4e8a623373670f402b87e,male,hand,45.609365083633904,35,2,Fixed microbiome RF,Participant split
10317.000005594,74,10317,10317:7ba032cf20a095821627a110ab26bb5c1b92a9eec7dc65f29d2b0b7c0f2dece8e620882864fff5d7d829b5d72d5061c1b402d6fba6e4e8a623373670f402b87e,male,head,42.45533948165833,35,2,Fixed microbiome RF,Participant split
1841.P15013,22,1841,1841:CUB016,female,hand,24.42181313109087,35,2,Fixed microbiome RF,Participant split
1841.F06378,21,1841,1841:CUB000,female,head,27.788163377676245,35,2,Fixed microbiome RF,Participant split
1841.P15355,23,1841,1841:NCS203,female,hand,29.504365979156177,35,2,Fixed microbiome RF,Participant split
1841.F05424,20,1841,1841:NAU121,female,head,23.297612379128445,35,2,Fixed microbiome RF,Participant split
10317.000069063,29,10317,10317:03c0867966fe2299eb3b09291d5f0834310bdf5fceed9c9b7b397570bf8f2d2adaeb945c824ff0cb407abaf691b8173cfa03c4f8eb17e6dd9f6eda17502e66e4,male,head,34.10229006066034,35,2,Fixed microbiome RF,Participant split
1841.P15942,21,1841,1841:CUB029,male,hand,22.57920187612525,35,2,Fixed microbiome RF,Participant split
1841.F05850,30,1841,1841:NAU155,female,head,26.884932185869683,35,2,Fixed microbiome RF,Participant split
2010.1728,22,2010,2010:15,female,head,40.07605669475574,35,2,Fixed microbiome RF,Participant split
1841.P15350,27,1841,1841:NCS253,female,hand,25.861085443688353,35,2,Fixed microbiome RF,Participant split
1841.P15038,21,1841,1841:CUB033,female,hand,25.848270590064168,35,2,Fixed microbiome RF,Participant split
1841.P15039,20,1841,1841:CUB027,female,hand,23.076303358100233,35,2,Fixed microbiome RF,Participant split
1841.F06421,21,1841,1841:CUB029,male,head,24.69663874773243,35,2,Fixed microbiome RF,Participant split
1841.F06420,22,1841,1841:CUB016,female,head,25.482792412400325,35,2,Fixed microbiome RF,Participant split
1841.F06422,21,1841,1841:CUB033,female,head,25.331932660374754,35,2,Fixed microbiome RF,Participant split
1841.F06425,22,1841,1841:CUB040,male,head,25.42875498633311,35,2,Fixed microbiome RF,Participant split
1841.F06424,22,1841,1841:CUB040,male,head,25.929787581699344,35,2,Fixed microbiome RF,Participant split
1841.F06426,22,1841,1841:CUB007,female,head,22.861582446030493,35,2,Fixed microbiome RF,Participant split
10317.000005359,67,10317,10317:673c8ce01f6c4b5120fb00380499db5eeb6a2fb55f33a66a36d79a28f321105b432b54532ecd02900640e027e6baa65fe94b194fa11f3a0eaf97f6abf95c9417,unknown,head,43.22829996660684,35,2,Fixed microbiome RF,Participant split
1841.P15294,21,1841,1841:CUB033,female,hand,25.275944405101473,35,2,Fixed microbiome RF,Participant split
1841.P15295,20,1841,1841:CUB027,female,hand,24.783258880496337,35,2,Fixed microbiome RF,Participant split
1841.P15297,22,1841,1841:CUB040,male,hand,25.84710192995966,35,2,Fixed microbiome RF,Participant split
1841.F05980,27,1841,1841:NCS214,male,head,33.01750604053604,35,2,Fixed microbiome RF,Participant split
1841.P16246,20,1841,1841:NAU123,male,hand,28.143507976264353,35,2,Fixed microbiome RF,Participant split
1841.F05993,19,1841,1841:NCS233,male,head,25.98181900474224,35,2,Fixed microbiome RF,Participant split
1841.F05995,27,1841,1841:NCS214,male,head,28.433422411541823,35,2,Fixed microbiome RF,Participant split
1841.F05852,24,1841,1841:NAU109,male,head,24.573173857392604,35,2,Fixed microbiome RF,Participant split
1841.P15998,23,1841,1841:CUB056,male,hand,28.927463851540182,35,2,Fixed microbiome RF,Participant split
1841.P15996,22,1841,1841:CUB007,female,hand,25.815682576472625,35,2,Fixed microbiome RF,Participant split
1841.P15994,22,1841,1841:CUB016,female,hand,22.660869256866498,35,2,Fixed microbiome RF,Participant split
1841.P15192,19,1841,1841:NCS233,male,hand,23.58178781313662,35,2,Fixed microbiome RF,Participant split
10317.000048386,59,10317,10317:7e311968682a8a9e2268ae2d13c8b70ca7ce45f11d29b24932473b816f814e56f115793ba0ca9a91710fda8ae01664aab7b94207e18484fb0b45616cab408ea5,female,head,50.06229158422437,35,2,Fixed microbiome RF,Participant split
10317.000048387,59,10317,10317:7e311968682a8a9e2268ae2d13c8b70ca7ce45f11d29b24932473b816f814e56f115793ba0ca9a91710fda8ae01664aab7b94207e18484fb0b45616cab408ea5,female,hand,42.81444639197515,35,2,Fixed microbiome RF,Participant split
1841.P15801,20,1841,1841:NAU121,female,hand,22.763190035046655,35,2,Fixed microbiome RF,Participant split
1841.F05874,24,1841,1841:NAU109,male,head,26.214880719974463,35,2,Fixed microbiome RF,Participant split
1841.P16508,20,1841,1841:CUB027,female,hand,23.095063951014716,35,2,Fixed microbiome RF,Participant split
1841.P16504,21,1841,1841:CUB000,female,hand,24.737052652208888,35,2,Fixed microbiome RF,Participant split
1841.P16506,21,1841,1841:CUB038,female,hand,25.015084288316125,35,2,Fixed microbiome RF,Participant split
10317.000007131,39,10317,10317:8b672a386ead28ace9c7eaea68003a8d0be6651cf9544c799a49155c372bc6524d53fd7aae5b008caced52ac352c5fe0a4810a846032621cf2d9fc79200e1218,unknown,hand,40.770802604738435,35,2,Fixed microbiome RF,Participant split
10317.000010743,57,10317,10317:e3d63efad86b6ba5702575dbdf508760336727d94a56fa3563ac83a3936884e3760920dec88797bbb8362b8e7199a290f7746e80e9991d22fa187e1e4b2b0f25,male,head,44.48389442758231,35,2,Fixed microbiome RF,Participant split
1841.F06409,21,1841,1841:CUB029,male,head,23.095173880427403,35,2,Fixed microbiome RF,Participant split
10317.000023967,37,10317,10317:9992b77d3934e6dedb1d00b22ce9dc2dbe00f7d81c1170230af7cace8324f4a479f87014fc077e6d8426aed7c84ab99cb32e3b88919ce65bb012aef6e28c6a0a,male,head,45.46452529260064,35,2,Fixed microbiome RF,Participant split
1841.P16262,20,1841,1841:NAU121,female,hand,25.773067318288543,35,2,Fixed microbiome RF,Participant split
1841.P16266,30,1841,1841:NAU155,female,hand,25.248882853257857,35,2,Fixed microbiome RF,Participant split
2010.1394,27,2010,2010:1,female,head,40.72809642957515,35,2,Fixed microbiome RF,Participant split
1841.P16440,23,1841,1841:NCS203,female,hand,24.795295177147192,35,2,Fixed microbiome RF,Participant split
1841.P15171,27,1841,1841:NCS214,male,hand,27.454973317124047,35,2,Fixed microbiome RF,Participant split
1841.P15172,19,1841,1841:NCS233,male,hand,24.018856305561275,35,2,Fixed microbiome RF,Participant split
1841.F05812,24,1841,1841:NAU109,male,head,28.03015606814963,35,2,Fixed microbiome RF,Participant split
1841.P16525,23,1841,1841:CUB056,male,hand,26.675948009191888,35,2,Fixed microbiome RF,Participant split
1841.P16521,23,1841,1841:CUB056,male,hand,25.600298974492567,35,2,Fixed microbiome RF,Participant split
1841.F06353,21,1841,1841:CUB029,male,head,24.70299948181796,35,2,Fixed microbiome RF,Participant split
1841.F06399,22,1841,1841:CUB016,female,head,23.315519029581534,35,2,Fixed microbiome RF,Participant split
1841.F06398,23,1841,1841:CUB056,male,head,30.478030510558824,35,2,Fixed microbiome RF,Participant split
1841.F06467,22,1841,1841:CUB040,male,head,27.838152950528137,35,2,Fixed microbiome RF,Participant split
1841.F06394,21,1841,1841:CUB029,male,head,24.99138434841175,35,2,Fixed microbiome RF,Participant split
1841.F06393,22,1841,1841:CUB007,female,head,23.76452877896957,35,2,Fixed microbiome RF,Participant split
10317.000005646,65,10317,10317:98e719bb087e2058ac8f1e380218232d306e4f5c7d2359784abda5fddf02926beb32a6c0ba8383dd0026ec1f0d372d68007114cdd2512a3abb3d77158fa6f4d1,female,hand,41.676175087049245,35,2,Fixed microbiome RF,Participant split
10317.000005644,65,10317,10317:98e719bb087e2058ac8f1e380218232d306e4f5c7d2359784abda5fddf02926beb32a6c0ba8383dd0026ec1f0d372d68007114cdd2512a3abb3d77158fa6f4d1,female,head,42.73642206461532,35,2,Fixed microbiome RF,Participant split
10317.000005645,65,10317,10317:98e719bb087e2058ac8f1e380218232d306e4f5c7d2359784abda5fddf02926beb32a6c0ba8383dd0026ec1f0d372d68007114cdd2512a3abb3d77158fa6f4d1,female,hand,41.23053485861651,35,2,Fixed microbiome RF,Participant split
1841.P15347,27,1841,1841:NCS253,female,hand,28.537834131785598,35,2,Fixed microbiome RF,Participant split
1841.F05957,18,1841,1841:NCS221,female,head,26.377858270202022,35,2,Fixed microbiome RF,Participant split
1841.F05664,22,1841,1841:CUB040,male,head,24.689315037119318,35,2,Fixed microbiome RF,Participant split
1841.F05665,21,1841,1841:CUB038,female,head,24.689192840673826,35,2,Fixed microbiome RF,Participant split
1841.F05661,21,1841,1841:CUB000,female,head,27.58456931956932,35,2,Fixed microbiome RF,Participant split
1841.F05487,20,1841,1841:NAU123,male,head,24.170073572261078,35,2,Fixed microbiome RF,Participant split
1841.P15159,27,1841,1841:NCS214,male,hand,27.609282565371718,35,2,Fixed microbiome RF,Participant split
1841.P15158,19,1841,1841:NCS233,male,hand,24.183242283145773,35,2,Fixed microbiome RF,Participant split
1841.P15156,27,1841,1841:NCS214,male,hand,26.02448313200272,35,2,Fixed microbiome RF,Participant split
1841.P15152,19,1841,1841:NCS233,male,hand,29.696649091679525,35,2,Fixed microbiome RF,Participant split
1841.F05629,21,1841,1841:CUB033,female,head,23.835479370775424,35,2,Fixed microbiome RF,Participant split
2010.1218,27,2010,2010:1,female,head,40.37780436122548,35,2,Fixed microbiome RF,Participant split
1841.P16541,21,1841,1841:CUB033,female,hand,25.52223478676143,35,2,Fixed microbiome RF,Participant split
1841.F06448,22,1841,1841:CUB016,female,head,23.23509218705743,35,2,Fixed microbiome RF,Participant split
1841.F05644,22,1841,1841:CUB040,male,head,29.658138302522538,35,2,Fixed microbiome RF,Participant split
1841.F05133,30,1841,1841:NAU155,female,head,25.5195023765042,35,2,Fixed microbiome RF,Participant split
1841.P16229,20,1841,1841:NAU121,female,hand,24.305508389180268,35,2,Fixed microbiome RF,Participant split
10317.000020534,34,10317,10317:6e4903f0be32c34121cd50c2891666fc8b26923970412591f3c900d7253a186450e745d33fc88b07a5c41c9992e15153f2c3fd7a20f01e43073e39ca8a3b4afe,male,head,45.29953886391873,35,2,Fixed microbiome RF,Participant split
1841.P16222,20,1841,1841:NAU123,male,hand,24.59830050340742,35,2,Fixed microbiome RF,Participant split
1841.P16247,30,1841,1841:NAU155,female,hand,27.29266173352111,35,2,Fixed microbiome RF,Participant split
1841.P16482,27,1841,1841:NCS253,female,hand,29.17330882369737,35,2,Fixed microbiome RF,Participant split
1841.P15109,27,1841,1841:NCS214,male,hand,32.667212059525596,35,2,Fixed microbiome RF,Participant split
2010.1689,22,2010,2010:15,female,head,39.90238494828629,35,2,Fixed microbiome RF,Participant split
1841.P15105,18,1841,1841:NCS221,female,hand,26.037769504800753,35,2,Fixed microbiome RF,Participant split
1841.P15130,19,1841,1841:NCS233,male,hand,24.642274480979978,35,2,Fixed microbiome RF,Participant split
1841.P15132,18,1841,1841:NCS232,female,hand,25.254722920778693,35,2,Fixed microbiome RF,Participant split
1841.F06059,27,1841,1841:NCS253,female,head,26.893057056704272,35,2,Fixed microbiome RF,Participant split
1841.F06055,27,1841,1841:NCS253,female,head,30.983586416700774,35,2,Fixed microbiome RF,Participant split
1841.F06550,22,1841,1841:CUB040,male,head,29.958204250229254,35,2,Fixed microbiome RF,Participant split
1841.F05361,24,1841,1841:NCS245,female,head,26.249420401085853,35,2,Fixed microbiome RF,Participant split
1841.F06488,21,1841,1841:CUB038,female,head,26.990464229908163,35,2,Fixed microbiome RF,Participant split
1841.F06484,22,1841,1841:CUB007,female,head,22.845125698953826,35,2,Fixed microbiome RF,Participant split
1841.F06483,21,1841,1841:CUB000,female,head,24.619161609573492,35,2,Fixed microbiome RF,Participant split
1841.P16565,21,1841,1841:CUB038,female,hand,23.61039035571519,35,2,Fixed microbiome RF,Participant split
10317.000028916,73,10317,10317:f683242e74204128eb6f0c48f059f9cc0f82c39979573e92a85625acbd1daa1c25397a2b8f8904604e543f3f09aaad3960234f5612a616d2bc9c639e9be3e5b9,female,head,41.46458864078269,35,2,Fixed microbiome RF,Participant split
10317.000026072,42,10317,10317:d8c91d966b0e79c63575c2bf1ca811089c2e6f59c115850da307c43a39d0d4f9e3fea903d8a626f02f4f4d5d7f4da9fc7117333b148c82d8342d4ba550b09c59,female,head,43.237432894566,35,2,Fixed microbiome RF,Participant split
1841.F05111,20,1841,1841:NAU121,female,head,24.907462118661574,35,2,Fixed microbiome RF,Participant split
1841.P15279,22,1841,1841:CUB007,female,hand,24.07218193789395,35,2,Fixed microbiome RF,Participant split
1841.P16602,22,1841,1841:CUB040,male,hand,29.94709519769446,35,2,Fixed microbiome RF,Participant split
1841.P16603,21,1841,1841:CUB033,female,hand,23.047914499136432,35,2,Fixed microbiome RF,Participant split
1841.P15117,27,1841,1841:NCS214,male,hand,32.822291671300164,35,2,Fixed microbiome RF,Participant split
1841.P15114,27,1841,1841:NCS214,male,hand,27.30231578950053,35,2,Fixed microbiome RF,Participant split
1841.F06039,23,1841,1841:NCS203,female,head,25.268774369690412,35,2,Fixed microbiome RF,Participant split
10317.000063351,29,10317,10317:e8fffa963380c63cba1d064de83b3a91000831ddbab3f8b56168ee1903063a0900f0a9b07f79b2f4a728ad7af62c82a718d51b95ccc1f12d6d1d3ce257c151f7,female,hand,31.849475252899303,35,2,Fixed microbiome RF,Participant split
10317.000063171,29,10317,10317:03c0867966fe2299eb3b09291d5f0834310bdf5fceed9c9b7b397570bf8f2d2adaeb945c824ff0cb407abaf691b8173cfa03c4f8eb17e6dd9f6eda17502e66e4,male,hand,35.515815765332,35,2,Fixed microbiome RF,Participant split
1841.F05565,20,1841,1841:NAU121,female,head,23.12857709998335,35,2,Fixed microbiome RF,Participant split
1841.P15195,19,1841,1841:NCS233,male,hand,25.708276560245302,35,2,Fixed microbiome RF,Participant split
1841.F05314,23,1841,1841:NCS203,female,head,27.851313980942955,35,2,Fixed microbiome RF,Participant split
10317.000005081,33,10317,10317:a29fd754368cde4d06c428f68fac03a5f07bc4192f8ad6f00b4dead3a90b4f2a07cda53d353c8eebcdf472b25a87cc69592d2bcf0fae7f901a0ee6e9cff063c9,male,hand,38.47079283918506,35,2,Fixed microbiome RF,Participant split
10317.000005083,33,10317,10317:a29fd754368cde4d06c428f68fac03a5f07bc4192f8ad6f00b4dead3a90b4f2a07cda53d353c8eebcdf472b25a87cc69592d2bcf0fae7f901a0ee6e9cff063c9,male,hand,41.28654459670253,35,2,Fixed microbiome RF,Participant split
1841.P15395,23,1841,1841:NCS203,female,hand,27.65829708500123,35,2,Fixed microbiome RF,Participant split
1841.P15399,19,1841,1841:NCS233,male,hand,24.673300521664004,35,2,Fixed microbiome RF,Participant split
10317.000005167,60,10317,10317:c05d316c7a234de92fd6181929f128efb782363ffe6c343358fc3ab402b473dbf8a8138a22044ea3b02099711ecfa77358776132a3ed110a1b2153eeb178378a,male,head,45.394180468360744,35,2,Fixed microbiome RF,Participant split
10317.000005166,60,10317,10317:c05d316c7a234de92fd6181929f128efb782363ffe6c343358fc3ab402b473dbf8a8138a22044ea3b02099711ecfa77358776132a3ed110a1b2153eeb178378a,male,hand,47.97907501138277,35,2,Fixed microbiome RF,Participant split
10317.000005165,60,10317,10317:c05d316c7a234de92fd6181929f128efb782363ffe6c343358fc3ab402b473dbf8a8138a22044ea3b02099711ecfa77358776132a3ed110a1b2153eeb178378a,male,hand,46.7740642184998,35,2,Fixed microbiome RF,Participant split
1841.P15531,20,1841,1841:NAU123,male,hand,33.2066621835713,35,2,Fixed microbiome RF,Participant split
1841.F05619,21,1841,1841:CUB000,female,head,26.399241088772328,35,2,Fixed microbiome RF,Participant split
1841.F05615,20,1841,1841:CUB027,female,head,25.26560625035793,35,2,Fixed microbiome RF,Participant split
1841.F05891,20,1841,1841:NAU121,female,head,24.147152031995773,35,2,Fixed microbiome RF,Participant split
1841.F05898,24,1841,1841:NAU109,male,head,24.22628677522304,35,2,Fixed microbiome RF,Participant split
10317.000015283,61,10317,10317:6cafcd38bd5d8a7ae3e097e4e76d4ec0177aa5a4b23e460bcf27496334ea6f015f92f32d33219a9b3815853580c7fa17f6fff3d39827358ac992dd98bc09b99f,male,head,43.121373033810926,35,2,Fixed microbiome RF,Participant split
10317.000015285,61,10317,10317:6cafcd38bd5d8a7ae3e097e4e76d4ec0177aa5a4b23e460bcf27496334ea6f015f92f32d33219a9b3815853580c7fa17f6fff3d39827358ac992dd98bc09b99f,male,hand,44.78984582960162,35,2,Fixed microbiome RF,Participant split
1841.P16396,30,1841,1841:NAU155,female,hand,28.335676505266754,35,2,Fixed microbiome RF,Participant split
10317.000036739,59,10317,10317:8fb4ad789829b8aa6b773eff2956b29d9986e3c6ee0cd5f3125d47adf2ee4adc1008098b5be94b225ac5137bcae428f6b84ede1db0d7bfe5dda5fe7f31fa3514,male,hand,43.1607321864143,35,2,Fixed microbiome RF,Participant split
1841.P16399,24,1841,1841:NAU109,male,hand,24.61402238751745,35,2,Fixed microbiome RF,Participant split
1841.F06568,21,1841,1841:CUB038,female,head,23.578361738141997,35,2,Fixed microbiome RF,Participant split
1841.F06563,20,1841,1841:CUB027,female,head,26.556015086589145,35,2,Fixed microbiome RF,Participant split
1841.P15512,24,1841,1841:NAU109,male,hand,24.073930631527627,35,2,Fixed microbiome RF,Participant split
1841.P15519,20,1841,1841:NAU121,female,hand,28.09887152831474,35,2,Fixed microbiome RF,Participant split
1841.F05525,20,1841,1841:NAU123,male,head,24.05350973968686,35,2,Fixed microbiome RF,Participant split
1841.F06490,23,1841,1841:CUB056,male,head,27.505764684232172,35,2,Fixed microbiome RF,Participant split
1841.P16098,30,1841,1841:NAU155,female,hand,26.28283599249262,35,2,Fixed microbiome RF,Participant split
1841.F06220,20,1841,1841:NAU123,male,head,22.64486546898771,35,2,Fixed microbiome RF,Participant split
10317.000003441,50,10317,10317:bd5a894e45bb2eb6713f65d285f8814cb96d0de3ef15bb170f5968bc039588919fa9f9ed4ad18689cb92997342c0e17279efd41f4e2f858e6075291cd2fd04d7,female,hand,42.608288499847696,35,2,Fixed microbiome RF,Participant split
2010.1665,22,2010,2010:15,female,head,34.70634091585504,35,2,Fixed microbiome RF,Participant split
1841.P16404,23,1841,1841:NCS203,female,hand,25.880236040860797,35,2,Fixed microbiome RF,Participant split
1841.F06508,23,1841,1841:CUB056,male,head,31.453114637826598,35,2,Fixed microbiome RF,Participant split
1841.F06507,22,1841,1841:CUB007,female,head,23.367998579239384,35,2,Fixed microbiome RF,Participant split
1841.F06502,21,1841,1841:CUB038,female,head,22.84738687592185,35,2,Fixed microbiome RF,Participant split
1841.F06503,20,1841,1841:CUB027,female,head,22.32133534000722,35,2,Fixed microbiome RF,Participant split
1841.F05091,27,1841,1841:NCS253,female,head,28.63857749488406,35,2,Fixed microbiome RF,Participant split
1841.F05053,27,1841,1841:NCS253,female,head,31.706075814906853,35,2,Fixed microbiome RF,Participant split
1841.P15361,27,1841,1841:NCS253,female,hand,28.058627434989525,35,2,Fixed microbiome RF,Participant split
10317.000063291,29,10317,10317:c78075767b35e039a0b606f8a727e3fc3e2823715abe6a1c7c9956e664a6ff667e1ed5a2426907b56b3a7776221005afb7b5f38d5a651d25074abdbea76cec2f,male,hand,42.86743769321386,35,2,Fixed microbiome RF,Participant split
1841.P15743,30,1841,1841:NAU155,female,hand,26.257687780969036,35,2,Fixed microbiome RF,Participant split
1841.P15965,21,1841,1841:CUB029,male,hand,23.67407110948158,35,2,Fixed microbiome RF,Participant split
1841.F06249,30,1841,1841:NAU155,female,head,25.783284684065915,35,2,Fixed microbiome RF,Participant split
10317.000015064,71,10317,10317:6cd87aca8624e2efe119e5484586386f10cb61ed4a7920dd13cefe68783228eafa46cdc995f2272c25a121fc11cdb971265f86ad6cd99e0d151e6744a5db135c,female,head,44.147106911849214,35,2,Fixed microbiome RF,Participant split
10317.000015061,71,10317,10317:6cd87aca8624e2efe119e5484586386f10cb61ed4a7920dd13cefe68783228eafa46cdc995f2272c25a121fc11cdb971265f86ad6cd99e0d151e6744a5db135c,female,hand,45.13885029704851,35,2,Fixed microbiome RF,Participant split
10317.000015062,71,10317,10317:6cd87aca8624e2efe119e5484586386f10cb61ed4a7920dd13cefe68783228eafa46cdc995f2272c25a121fc11cdb971265f86ad6cd99e0d151e6744a5db135c,female,hand,45.62942250270405,35,2,Fixed microbiome RF,Participant split
1841.F05321,27,1841,1841:NCS253,female,head,31.417221390875845,35,2,Fixed microbiome RF,Participant split
2010.1623,22,2010,2010:15,female,head,38.11860373551173,35,2,Fixed microbiome RF,Participant split
10317.000066836,27,10317,10317:75e7facbcee6190c9bd0ec55d33af511592981c1851bc62c90ffa060b30d59451c3407b0344a1357b33b8a653eb1ab6517c15e9f6f193c447e3882c2ada31e9a,male,head,35.74341141510122,35,2,Fixed microbiome RF,Participant split
10317.000066831,29,10317,10317:7f8b5599423e74bb4268af85d143fbeed68370b2eaa79f6e6facbcf10974040d6ef4afefb5ff2aab1f618ba97f2eecc39b0621fb60a556425670ca9606d4aa0c,male,hand,33.936282857022505,35,2,Fixed microbiome RF,Participant split
10317.000003320,68,10317,10317:296d3619f89620d7a1813eded08db85d465fbadcd5c992b8a0df0a8fa6163430bd5551d6a56e69f72d9f2bd4931877236ea9dc795fe08d7859973e3711bf2616,female,head,40.75508123388364,35,2,Fixed microbiome RF,Participant split
1841.F06524,23,1841,1841:CUB056,male,head,28.375345114388374,35,2,Fixed microbiome RF,Participant split
1841.F06522,23,1841,1841:CUB056,male,head,25.24518281782178,35,2,Fixed microbiome RF,Participant split
1841.F06523,22,1841,1841:CUB007,female,head,23.436917717698964,35,2,Fixed microbiome RF,Participant split
1841.P15086,22,1841,1841:CUB040,male,hand,28.92348745314024,35,2,Fixed microbiome RF,Participant split
1841.P15081,21,1841,1841:CUB038,female,hand,28.20469626472382,35,2,Fixed microbiome RF,Participant split
1841.P15224,22,1841,1841:CUB040,male,hand,26.387103950508553,35,2,Fixed microbiome RF,Participant split
1841.F05925,27,1841,1841:NCS214,male,head,29.427744207385757,35,2,Fixed microbiome RF,Participant split
1841.F05927,19,1841,1841:NCS233,male,head,24.85946086570592,35,2,Fixed microbiome RF,Participant split
1841.P15919,20,1841,1841:CUB027,female,hand,24.92172526669237,35,2,Fixed microbiome RF,Participant split
10317.000062197,29,10317,10317:03c0867966fe2299eb3b09291d5f0834310bdf5fceed9c9b7b397570bf8f2d2adaeb945c824ff0cb407abaf691b8173cfa03c4f8eb17e6dd9f6eda17502e66e4,male,hand,33.12388241799872,35,2,Fixed microbiome RF,Participant split
1841.P16267,20,1841,1841:NAU121,female,hand,23.734050662422376,35,2,Fixed microbiome RF,Participant split
1841.P15209,21,1841,1841:CUB033,female,hand,28.041934179672673,35,2,Fixed microbiome RF,Participant split
1841.F05012,27,1841,1841:NCS214,male,head,29.17833647969678,35,2,Fixed microbiome RF,Participant split
1841.F05907,19,1841,1841:NCS233,male,head,23.48230606473207,35,2,Fixed microbiome RF,Participant split
1841.F05903,27,1841,1841:NCS214,male,head,27.560093639952406,35,2,Fixed microbiome RF,Participant split
1841.F05901,19,1841,1841:NCS233,male,head,26.238347621832297,35,2,Fixed microbiome RF,Participant split
1841.P15928,21,1841,1841:CUB033,female,hand,23.911585107600736,35,2,Fixed microbiome RF,Participant split
1841.P15925,22,1841,1841:CUB016,female,hand,23.798397458342304,35,2,Fixed microbiome RF,Participant split
1841.P15922,21,1841,1841:CUB033,female,hand,23.20672275232937,35,2,Fixed microbiome RF,Participant split
1841.P15923,21,1841,1841:CUB000,female,hand,27.389284320877778,35,2,Fixed microbiome RF,Participant split
1841.F06289,30,1841,1841:NAU155,female,head,24.45642544955045,35,2,Fixed microbiome RF,Participant split
1841.F06286,30,1841,1841:NAU155,female,head,26.266672537531917,35,2,Fixed microbiome RF,Participant split
1841.F05227,24,1841,1841:NAU109,male,head,24.59360269907788,35,2,Fixed microbiome RF,Participant split
1841.P16313,20,1841,1841:NAU123,male,hand,33.45707565308748,35,2,Fixed microbiome RF,Participant split
1841.P16315,24,1841,1841:NAU109,male,hand,26.833951391262246,35,2,Fixed microbiome RF,Participant split
10317.000004059,66,10317,10317:f57b4981ac785615aba8f290342788db9294e4ab6b643dfb22eed77da0a189aacfb59ca5f5cf63c481d99849f549972a540d8f2170fbc94b25f2f659ad1687d8,male,hand,45.64480118508556,35,2,Fixed microbiome RF,Participant split
10317.000004058,66,10317,10317:f57b4981ac785615aba8f290342788db9294e4ab6b643dfb22eed77da0a189aacfb59ca5f5cf63c481d99849f549972a540d8f2170fbc94b25f2f659ad1687d8,male,head,47.09492929685679,35,2,Fixed microbiome RF,Participant split
1841.F06340,21,1841,1841:CUB029,male,head,22.85919739936599,35,2,Fixed microbiome RF,Participant split
1841.P15041,22,1841,1841:CUB007,female,hand,23.87354009246471,35,2,Fixed microbiome RF,Participant split
1841.P15042,22,1841,1841:CUB016,female,hand,23.26799073276869,35,2,Fixed microbiome RF,Participant split
1841.P15045,22,1841,1841:CUB040,male,hand,23.545897018626793,35,2,Fixed microbiome RF,Participant split
1841.P15047,20,1841,1841:CUB027,female,hand,22.919882537805343,35,2,Fixed microbiome RF,Participant split
1841.P15599,20,1841,1841:NAU123,male,hand,24.177689421324303,35,2,Fixed microbiome RF,Participant split
1841.P15260,21,1841,1841:CUB000,female,hand,25.58034118131265,35,2,Fixed microbiome RF,Participant split
1841.P15263,22,1841,1841:CUB016,female,hand,23.684261584568045,35,2,Fixed microbiome RF,Participant split
1841.F05030,19,1841,1841:NCS233,male,head,24.546975520953538,35,2,Fixed microbiome RF,Participant split
1841.F05693,22,1841,1841:CUB016,female,head,26.02325130697907,35,2,Fixed microbiome RF,Participant split
1841.F05964,19,1841,1841:NCS233,male,head,24.25870544391538,35,2,Fixed microbiome RF,Participant split
1841.P16107,24,1841,1841:NAU109,male,hand,24.035630118111726,35,2,Fixed microbiome RF,Participant split
1841.P16101,20,1841,1841:NAU121,female,hand,26.078608440106514,35,2,Fixed microbiome RF,Participant split
1841.F05550,20,1841,1841:NAU123,male,head,22.00475057060994,35,2,Fixed microbiome RF,Participant split
1841.P15908,21,1841,1841:CUB038,female,hand,23.502093912575003,35,2,Fixed microbiome RF,Participant split
1841.F05207,24,1841,1841:NAU109,male,head,27.261264057183336,35,2,Fixed microbiome RF,Participant split
1841.F05209,24,1841,1841:NAU109,male,head,25.145278909058554,35,2,Fixed microbiome RF,Participant split
1841.P16371,20,1841,1841:NAU121,female,hand,23.802560140752103,35,2,Fixed microbiome RF,Participant split
1841.P16591,21,1841,1841:CUB033,female,hand,24.403028872625917,35,2,Fixed microbiome RF,Participant split
10317.000015187,27,10317,10317:cb8ea224a3bb7ef53bf08da62860c079b5996441cbbb6ef11fbe09454172198e57a65569937d0e57c98a2327cfe4b04a55969cdda8eed8fc5f998c2468e4920a,male,hand,38.32153772207413,35,2,Fixed microbiome RF,Participant split
1841.F06584,22,1841,1841:CUB040,male,head,25.93772443538009,35,2,Fixed microbiome RF,Participant split
1841.F06583,21,1841,1841:CUB033,female,head,23.331978477506972,35,2,Fixed microbiome RF,Participant split
1841.F06580,21,1841,1841:CUB000,female,head,26.39787980248918,35,2,Fixed microbiome RF,Participant split
1841.P15067,22,1841,1841:CUB007,female,hand,26.631092080994296,35,2,Fixed microbiome RF,Participant split
1841.P15063,23,1841,1841:CUB056,male,hand,29.63219961722957,35,2,Fixed microbiome RF,Participant split
1841.P15060,22,1841,1841:CUB040,male,hand,26.940727149454528,35,2,Fixed microbiome RF,Participant split
10317.000003385,57,10317,10317:e36b03fa22764e26a56edd5b75a454e7ebf99d597c381d00186fa32b482bff3046c06024a335a9f1c29fb95217a131573eb7860fa709d5a472294e56d5762d4c,female,head,50.58334984698931,35,2,Fixed microbiome RF,Participant split
1841.F06320,21,1841,1841:CUB033,female,head,26.978689962071655,35,2,Fixed microbiome RF,Participant split
1841.F06324,21,1841,1841:CUB033,female,head,23.917933637543015,35,2,Fixed microbiome RF,Participant split
1841.F06329,22,1841,1841:CUB016,female,head,24.235103007161797,35,2,Fixed microbiome RF,Participant split
10317.000068830,29,10317,10317:03c0867966fe2299eb3b09291d5f0834310bdf5fceed9c9b7b397570bf8f2d2adaeb945c824ff0cb407abaf691b8173cfa03c4f8eb17e6dd9f6eda17502e66e4,male,hand,32.338953825939385,35,2,Fixed microbiome RF,Participant split
1841.P16299,30,1841,1841:NAU155,female,hand,23.095641121031733,35,2,Fixed microbiome RF,Participant split
1841.F05419,20,1841,1841:NAU121,female,head,23.95050624172117,35,2,Fixed microbiome RF,Participant split
1841.F05675,21,1841,1841:CUB029,male,head,26.164971805905584,35,2,Fixed microbiome RF,Participant split
1841.F05674,21,1841,1841:CUB033,female,head,23.615546415390167,35,2,Fixed microbiome RF,Participant split
1841.F05452,30,1841,1841:NAU155,female,head,26.52128884136696,35,2,Fixed microbiome RF,Participant split
2010.1803,34,2010,2010:17,female,head,36.53217991355014,35,2,Fixed microbiome RF,Participant split
1841.P16523,23,1841,1841:CUB056,male,hand,26.53828511309597,35,2,Fixed microbiome RF,Participant split
1841.P15002,22,1841,1841:CUB016,female,hand,23.649449980757538,35,2,Fixed microbiome RF,Participant split
1841.P15008,21,1841,1841:CUB029,male,hand,24.220541916873334,35,2,Fixed microbiome RF,Participant split
1841.F06308,22,1841,1841:CUB016,female,head,24.028707888352205,35,2,Fixed microbiome RF,Participant split
10317.000005363,67,10317,10317:673c8ce01f6c4b5120fb00380499db5eeb6a2fb55f33a66a36d79a28f321105b432b54532ecd02900640e027e6baa65fe94b194fa11f3a0eaf97f6abf95c9417,unknown,hand,42.27223112361294,35,2,Fixed microbiome RF,Participant split
1841.F05431,30,1841,1841:NAU155,female,head,25.028343569216734,35,2,Fixed microbiome RF,Participant split
10317.000069070,29,10317,10317:03c0867966fe2299eb3b09291d5f0834310bdf5fceed9c9b7b397570bf8f2d2adaeb945c824ff0cb407abaf691b8173cfa03c4f8eb17e6dd9f6eda17502e66e4,male,hand,44.99971031388783,35,2,Fixed microbiome RF,Participant split
2010.1751,23,2010,2010:15,female,head,37.380010329499264,35,2,Fixed microbiome RF,Participant split
1841.P15023,21,1841,1841:CUB029,male,hand,24.276809081307196,35,2,Fixed microbiome RF,Participant split
1841.P15021,20,1841,1841:CUB027,female,hand,22.80365498262702,35,2,Fixed microbiome RF,Participant split
1841.F06367,21,1841,1841:CUB029,male,head,23.633858589497628,35,2,Fixed microbiome RF,Participant split
1841.F06362,22,1841,1841:CUB040,male,head,24.2227601916541,35,2,Fixed microbiome RF,Participant split
1841.F06360,22,1841,1841:CUB007,female,head,23.593873858577798,35,2,Fixed microbiome RF,Participant split
1841.P15289,21,1841,1841:CUB029,male,hand,35.53993521018612,35,2,Fixed microbiome RF,Participant split
1841.P15283,22,1841,1841:CUB040,male,hand,25.6713035557349,35,2,Fixed microbiome RF,Participant split
1841.P15280,23,1841,1841:CUB056,male,hand,27.201796134775503,35,2,Fixed microbiome RF,Participant split
10317.000049790,27,10317,10317:cb8ea224a3bb7ef53bf08da62860c079b5996441cbbb6ef11fbe09454172198e57a65569937d0e57c98a2327cfe4b04a55969cdda8eed8fc5f998c2468e4920a,male,head,42.35054139781574,35,2,Fixed microbiome RF,Participant split
10317.000015503,58,10317,10317:39bccde315a4d2e26bd21d11d8612666496433302b42a988f2e86dbe04d585b4ed30f82357ad21121e121b84ba5b37d2ecaf536b10e6faf7bae853217d2e1db6,male,head,41.99622592309338,35,2,Fixed microbiome RF,Participant split
10317.000015502,58,10317,10317:39bccde315a4d2e26bd21d11d8612666496433302b42a988f2e86dbe04d585b4ed30f82357ad21121e121b84ba5b37d2ecaf536b10e6faf7bae853217d2e1db6,male,hand,41.68574020418906,35,2,Fixed microbiome RF,Participant split
1841.F06465,23,1841,1841:CUB056,male,head,27.679130214529827,35,2,Fixed microbiome RF,Participant split
1841.P15222,21,1841,1841:CUB000,female,hand,27.715321518759016,35,2,Fixed microbiome RF,Participant split
1841.F05636,22,1841,1841:CUB007,female,head,23.036602711524573,35,2,Fixed microbiome RF,Participant split
1841.F05986,19,1841,1841:NCS233,male,head,24.09636395467279,35,2,Fixed microbiome RF,Participant split
1841.F05985,27,1841,1841:NCS214,male,head,31.24544405683185,35,2,Fixed microbiome RF,Participant split
1841.F05984,27,1841,1841:NCS214,male,head,33.41744836580698,35,2,Fixed microbiome RF,Participant split
10317.000013184,46,10317,10317:c1aeed7ec49ba28fab9705a2a7ef17c7dae7622554dfbffbae7e5be56e0b5ca0fba918409d646af5cd04454fb08cc22ab4f708b179204f985182cefea9e199bd,male,head,44.44587150583709,35,2,Fixed microbiome RF,Participant split
10317.000030487,69,10317,10317:08b8c7c89d71fbf3c7c45e4e838c5e9f6a9275be245ff743f08495d4e80cd9e519926d3080aa03f7db3b66c131808ba6bc500ce102040e341c7b930462457631,female,head,43.74991741075816,35,2,Fixed microbiome RF,Participant split
1841.F06439,20,1841,1841:CUB027,female,head,24.136869124087347,35,2,Fixed microbiome RF,Participant split
1841.F06349,21,1841,1841:CUB033,female,head,23.602897519147515,35,2,Fixed microbiome RF,Participant split
1841.F06589,20,1841,1841:CUB027,female,head,26.37367924151014,35,2,Fixed microbiome RF,Participant split
1841.P15400,27,1841,1841:NCS253,female,hand,32.1892953268674,35,2,Fixed microbiome RF,Participant split
1841.F05471,20,1841,1841:NAU121,female,head,23.389388718919967,35,2,Fixed microbiome RF,Participant split
1841.F05645,21,1841,1841:CUB038,female,head,24.300483648296158,35,2,Fixed microbiome RF,Participant split
1841.P16187,24,1841,1841:NAU109,male,hand,23.188045634920634,35,2,Fixed microbiome RF,Participant split
1841.P16186,24,1841,1841:NAU109,male,hand,25.706381958684574,35,2,Fixed microbiome RF,Participant split
10317.000004764,36,10317,10317:733d141620ab14d73e0aa4683aff41e7dfc3bae381840f02c270e108c123ae0e90bf1390da736c2d78815083080cfd4f47f1bacbfc2de5a20e1ea897fbb49593,male,hand,47.96120590191158,35,2,Fixed microbiome RF,Participant split
1841.P15981,22,1841,1841:CUB007,female,hand,23.60344361041783,35,2,Fixed microbiome RF,Participant split
1841.P15362,27,1841,1841:NCS253,female,hand,30.222378342143962,35,2,Fixed microbiome RF,Participant split
1841.P16519,22,1841,1841:CUB007,female,hand,24.610714089057772,35,2,Fixed microbiome RF,Participant split
10317.000007128,39,10317,10317:8b672a386ead28ace9c7eaea68003a8d0be6651cf9544c799a49155c372bc6524d53fd7aae5b008caced52ac352c5fe0a4810a846032621cf2d9fc79200e1218,unknown,head,43.37186430981272,35,2,Fixed microbiome RF,Participant split
10317.000007129,39,10317,10317:8b672a386ead28ace9c7eaea68003a8d0be6651cf9544c799a49155c372bc6524d53fd7aae5b008caced52ac352c5fe0a4810a846032621cf2d9fc79200e1218,unknown,hand,42.9338084471385,35,2,Fixed microbiome RF,Participant split
10317.000028943,46,10317,10317:f418e55e3e56cef19b56c0429433fa84e94863f2dc63628da31cf79cf361518786dfccf3fb6ae6e69d5dda970371a55dfedfec2e4e44bf990c150a4b1010a10a,male,hand,46.738735728661084,35,2,Fixed microbiome RF,Participant split
10317.000028942,46,10317,10317:f418e55e3e56cef19b56c0429433fa84e94863f2dc63628da31cf79cf361518786dfccf3fb6ae6e69d5dda970371a55dfedfec2e4e44bf990c150a4b1010a10a,male,hand,44.54627355563204,35,2,Fixed microbiome RF,Participant split
1841.F06415,22,1841,1841:CUB016,female,head,23.092574963897043,35,2,Fixed microbiome RF,Participant split
1841.P15425,23,1841,1841:NCS203,female,hand,28.06112533640292,35,2,Fixed microbiome RF,Participant split
1841.P15429,24,1841,1841:NCS245,female,hand,26.475245760673136,35,2,Fixed microbiome RF,Participant split
1841.F05672,23,1841,1841:CUB056,male,head,27.91690089615083,35,2,Fixed microbiome RF,Participant split
1841.F05679,22,1841,1841:CUB040,male,head,26.79210512144105,35,2,Fixed microbiome RF,Participant split
1841.P16210,20,1841,1841:NAU123,male,hand,35.16876173034519,35,2,Fixed microbiome RF,Participant split
1841.P15166,27,1841,1841:NCS214,male,hand,29.522282148589728,35,2,Fixed microbiome RF,Participant split
1841.F06063,23,1841,1841:NCS203,female,head,28.73640871106985,35,2,Fixed microbiome RF,Participant split
1841.F06068,27,1841,1841:NCS253,female,head,31.783831986191323,35,2,Fixed microbiome RF,Participant split
1841.P15300,27,1841,1841:NCS253,female,hand,28.252099869683498,35,2,Fixed microbiome RF,Participant split
10317.000063380,40,10317,10317:df013012aa4de39f899aadbdfdd44572d593e9fa5238274ea143331982f2a039f09b846fef6ce0988eeda26205379399dfdb557ef64371f78334d6ee7beed928,male,head,34.26607786145641,35,2,Fixed microbiome RF,Participant split
10317.000063387,40,10317,10317:df013012aa4de39f899aadbdfdd44572d593e9fa5238274ea143331982f2a039f09b846fef6ce0988eeda26205379399dfdb557ef64371f78334d6ee7beed928,male,hand,36.27037202332869,35,2,Fixed microbiome RF,Participant split
10317.000004846,43,10317,10317:a17a75eada9222f4d52ce6eb301bb5f83a31b9f5c3f8169a805aa8db550330187a4d89b93a8a8f82115a4bcf6ab38541b4e58a7343862e089fdea11ac94f627a,male,head,41.50760120418441,35,2,Fixed microbiome RF,Participant split
10317.000009724,39,10317,10317:8b672a386ead28ace9c7eaea68003a8d0be6651cf9544c799a49155c372bc6524d53fd7aae5b008caced52ac352c5fe0a4810a846032621cf2d9fc79200e1218,unknown,hand,40.063221914540534,35,2,Fixed microbiome RF,Participant split
10317.000020763,51,10317,10317:271445d9d2f17a19777c6abc5576840700fc57ecb19654f09610d4d1187e722ba995215d7e0cdfd20bd17f6a11fcb5232973c72d5d66bf7a0933e78b7d8aeabc,female,head,47.10420270147722,35,2,Fixed microbiome RF,Participant split
2010.1260,27,2010,2010:1,female,head,37.69870036847874,35,2,Fixed microbiome RF,Participant split
1841.P16533,22,1841,1841:CUB007,female,hand,29.86958094829148,35,2,Fixed microbiome RF,Participant split
1841.P16535,22,1841,1841:CUB016,female,hand,22.544576751373626,35,2,Fixed microbiome RF,Participant split
10317.000009725,39,10317,10317:8b672a386ead28ace9c7eaea68003a8d0be6651cf9544c799a49155c372bc6524d53fd7aae5b008caced52ac352c5fe0a4810a846032621cf2d9fc79200e1218,unknown,head,41.42420766259123,35,2,Fixed microbiome RF,Participant split
10317.000009722,39,10317,10317:8b672a386ead28ace9c7eaea68003a8d0be6651cf9544c799a49155c372bc6524d53fd7aae5b008caced52ac352c5fe0a4810a846032621cf2d9fc79200e1218,unknown,hand,40.140610478921744,35,2,Fixed microbiome RF,Participant split
1841.F05094,23,1841,1841:NCS203,female,head,26.00725722194473,35,2,Fixed microbiome RF,Participant split
1841.F06389,23,1841,1841:CUB053,female,head,26.552658601557113,34,3,Fixed microbiome RF,Participant split
10317.000068792,39,10317,10317:0610dc25baabfb768bd6465f009077ba740694d1c37591ea165a6eed61b038ba1fd9167c4f0efbd5cd490953bcd66ea07e9d8b594234539c2e566f09dd0e4699,male,hand,38.751690204649506,34,3,Fixed microbiome RF,Participant split
1841.F05120,20,1841,1841:NAU110,female,head,30.21155432445413,34,3,Fixed microbiome RF,Participant split
1841.F05650,20,1841,1841:CUB051,male,head,24.009452491952487,34,3,Fixed microbiome RF,Participant split
1841.F05124,20,1841,1841:NAU110,female,head,29.295708341366236,34,3,Fixed microbiome RF,Participant split
2010.2652,26,2010,2010:33,female,head,33.75936795609201,34,3,Fixed microbiome RF,Participant split
2010.1953,32,2010,2010:19,female,head,44.75591635939075,34,3,Fixed microbiome RF,Participant split
1841.F05825,20,1841,1841:NAU115,male,head,23.774470806970804,34,3,Fixed microbiome RF,Participant split
1841.F05350,21,1841,1841:NCS247,unknown,head,24.414008161466803,34,3,Fixed microbiome RF,Participant split
1841.P16003,23,1841,1841:CUB053,female,hand,25.781480429292923,34,3,Fixed microbiome RF,Participant split
1841.F06454,23,1841,1841:CUB053,female,head,29.077734836029343,34,3,Fixed microbiome RF,Participant split
2010.2046,34,2010,2010:25,female,head,35.44721107988231,34,3,Fixed microbiome RF,Participant split
1841.F05595,21,1841,1841:NAU113,female,head,23.234842629592627,34,3,Fixed microbiome RF,Participant split
1841.F05597,19,1841,1841:NAU107,female,head,22.695531031468512,34,3,Fixed microbiome RF,Participant split
10317.000014679,45,10317,10317:766b16ee6b65383664f73d4720f92c408604f3862a3ca0910ef13758df6833a4e132f7a6a180a0e66a7a0de4de722b7c7dcbbdfe09b051de250e1c70364291e9,female,head,42.00655317997423,34,3,Fixed microbiome RF,Participant split
1841.P16544,20,1841,1841:CUB051,male,hand,29.634461449525066,34,3,Fixed microbiome RF,Participant split
1841.P16543,21,1841,1841:CUB020,female,hand,27.639917041844296,34,3,Fixed microbiome RF,Participant split
1841.F06555,20,1841,1841:CUB051,male,head,24.67228300732682,34,3,Fixed microbiome RF,Participant split
1841.F05409,22,1841,1841:NAU133,male,head,27.156051073848687,34,3,Fixed microbiome RF,Participant split
1841.P15719,22,1841,1841:NAU133,male,hand,28.55600691999437,34,3,Fixed microbiome RF,Participant split
1841.P15712,20,1841,1841:NAU110,female,hand,26.202404308314225,34,3,Fixed microbiome RF,Participant split
1841.F05145,20,1841,1841:NAU115,male,head,23.05172281711345,34,3,Fixed microbiome RF,Participant split
1841.F05505,20,1841,1841:NAU115,male,head,22.485679547512696,34,3,Fixed microbiome RF,Participant split
10317.000007695,53,10317,10317:2001cd96b41443702fff754af1697cfbdfad013781990354ba66abf4ba4c1619b3b03ab3cbeff986588254af06fd1bb16cb541da65af96468b507f8eedd4e51f,female,hand,40.112490746674354,34,3,Fixed microbiome RF,Participant split
10317.000007696,53,10317,10317:2001cd96b41443702fff754af1697cfbdfad013781990354ba66abf4ba4c1619b3b03ab3cbeff986588254af06fd1bb16cb541da65af96468b507f8eedd4e51f,female,hand,42.789866542525004,34,3,Fixed microbiome RF,Participant split
10317.000048946,25,10317,10317:fd658c211decf8560568703bb1621dc7ab2972b0403502579cb6058df268644a35e2777929b99fcec24a21c8dac8e433694e070c10166c3c162dc7d93491b7c9,unknown,hand,44.517720179069926,34,3,Fixed microbiome RF,Participant split
10317.000048947,25,10317,10317:fd658c211decf8560568703bb1621dc7ab2972b0403502579cb6058df268644a35e2777929b99fcec24a21c8dac8e433694e070c10166c3c162dc7d93491b7c9,unknown,head,41.048946704651314,34,3,Fixed microbiome RF,Participant split
1841.P15520,20,1841,1841:NAU110,female,hand,28.448852232395286,34,3,Fixed microbiome RF,Participant split
1841.P15525,19,1841,1841:NAU107,female,hand,24.249527484362048,34,3,Fixed microbiome RF,Participant split
1841.F05553,20,1841,1841:NAU110,female,head,27.751673234173232,34,3,Fixed microbiome RF,Participant split
1841.F05554,21,1841,1841:NAU140,female,head,24.029477116372927,34,3,Fixed microbiome RF,Participant split
1841.P16066,20,1841,1841:NAU110,female,hand,27.919759875541132,34,3,Fixed microbiome RF,Participant split
1841.P15737,19,1841,1841:NAU107,female,hand,22.107242543839014,34,3,Fixed microbiome RF,Participant split
10317.000068781,27,10317,10317:81381621a969782bdf9c1f120f5b0aff5f61963b498785f38baad9308e26b0be6260f7823e90d20fd377699c2619a523364a2456157fdbfffc70dd29d0b09941,male,hand,39.42184951478715,34,3,Fixed microbiome RF,Participant split
1841.P15731,22,1841,1841:NAU133,male,hand,24.149234730455955,34,3,Fixed microbiome RF,Participant split
1841.F06212,20,1841,1841:NAU115,male,head,23.327357734177593,34,3,Fixed microbiome RF,Participant split
10317.000005235,55,10317,10317:45e54011490a1e8319d45ba35b5c9c687e4ec395fd00d5bd3b927f21b897135e002c9c488ced29f5644e9cc87c9d6d420ce68c9a95f88b151cd7a4c6182ead64,male,hand,38.378273847855134,34,3,Fixed microbiome RF,Participant split
2010.2027,34,2010,2010:25,female,head,35.033357839271886,34,3,Fixed microbiome RF,Participant split
1841.P15506,20,1841,1841:NAU115,male,hand,23.723728528416025,34,3,Fixed microbiome RF,Participant split
1841.F05533,22,1841,1841:NAU116,male,head,23.810043175805312,34,3,Fixed microbiome RF,Participant split
1841.P16088,22,1841,1841:NAU133,male,hand,25.38631054048164,34,3,Fixed microbiome RF,Participant split
1841.P16085,20,1841,1841:NAU115,male,hand,21.828803323412703,34,3,Fixed microbiome RF,Participant split
1841.P16086,20,1841,1841:NAU110,female,hand,28.819115549801914,34,3,Fixed microbiome RF,Participant split
10317.000015381,34,10317,10317:88f4fbcf0ceb456e7f8e8447af039f0dc2670ad52972600d23a04b60152370409f6b57086023803ce52591376f998806f80e260d50d06764bbb66d26d1b5553e,female,hand,39.940683566416155,34,3,Fixed microbiome RF,Participant split
10317.000015383,34,10317,10317:88f4fbcf0ceb456e7f8e8447af039f0dc2670ad52972600d23a04b60152370409f6b57086023803ce52591376f998806f80e260d50d06764bbb66d26d1b5553e,female,head,41.34293317666511,34,3,Fixed microbiome RF,Participant split
10317.000015382,34,10317,10317:88f4fbcf0ceb456e7f8e8447af039f0dc2670ad52972600d23a04b60152370409f6b57086023803ce52591376f998806f80e260d50d06764bbb66d26d1b5553e,female,hand,42.0164182784094,34,3,Fixed microbiome RF,Participant split
1841.F06539,23,1841,1841:CUB053,female,head,24.73047201148792,34,3,Fixed microbiome RF,Participant split
1841.F05515,20,1841,1841:NAU110,female,head,29.308679678675077,34,3,Fixed microbiome RF,Participant split
1841.F05436,20,1841,1841:NAU110,female,head,29.54163406250504,34,3,Fixed microbiome RF,Participant split
1841.F05250,19,1841,1841:NAU107,female,head,27.34758628728296,34,3,Fixed microbiome RF,Participant split
1841.P15682,20,1841,1841:CUB051,male,hand,29.812052232194212,34,3,Fixed microbiome RF,Participant split
1841.F06451,23,1841,1841:CUB053,female,head,27.601765090752167,34,3,Fixed microbiome RF,Participant split
1841.F06299,22,1841,1841:NAU133,male,head,25.03836202950923,34,3,Fixed microbiome RF,Participant split
1841.F06082,21,1841,1841:NCS262,male,head,23.730367376458467,34,3,Fixed microbiome RF,Participant split
10317.000022099,41,10317,10317:e4503538e12701b45b371c7ed670bd3ae6eba6dbfd41e21b14c030e3e6c626aaaf69513c82f4fb7a3e531ea834a73f16c57799fb90f66a9da07d8b3b8dc4b486,male,head,43.453558219595344,34,3,Fixed microbiome RF,Participant split
1841.P16158,22,1841,1841:NAU133,male,hand,25.65612256191877,34,3,Fixed microbiome RF,Participant split
1841.P15936,23,1841,1841:CUB053,female,hand,24.128894678957025,34,3,Fixed microbiome RF,Participant split
10317.000006732,55,10317,10317:ed020761c7ba4f7a64f3ebf12adc7f8dad56d9bd7b209c08e63fb95be9af9360fa3cebe2bcedac211a2b46ffd9478544970ca36098a278521a67c91e153cdc45,female,head,39.99251195557165,34,3,Fixed microbiome RF,Participant split
1841.P16306,20,1841,1841:NAU115,male,hand,22.883252771534014,34,3,Fixed microbiome RF,Participant split
2010.1851,32,2010,2010:19,female,head,48.045941480325226,34,3,Fixed microbiome RF,Participant split
10317.000049833,61,10317,10317:d37889cdecdba46fdb19bb31c950ed36c9b3a1da31fbac08e9ee2ff35bc8af2ce5a4b24631b63e876500eb54df716ba82caddd429a437e61d996dab1bd51de32,female,hand,40.93917888141457,34,3,Fixed microbiome RF,Participant split
1841.P15215,23,1841,1841:CUB053,female,hand,26.090361106330135,34,3,Fixed microbiome RF,Participant split
10317.000069142,34,10317,10317:2fe8dc51162640ecda81c266c7b13a12fa0b362550125c042231ebf311ae65b5597119ff4c21bc3e0d2daf7c54569db93c6d59b2cd8c7abd7c7e43d806b66718,male,hand,38.05394583347207,34,3,Fixed microbiome RF,Participant split
10317.000007766,37,10317,10317:33f6eb641f0e5c66654a93864fec0950724028557f530a644e104dc1d7f29bec16c25352f4cffae510cf433760537423b71c5a032a7e279e0c197c4df1d601a4,male,head,42.25672882191636,34,3,Fixed microbiome RF,Participant split
10317.000007764,37,10317,10317:33f6eb641f0e5c66654a93864fec0950724028557f530a644e104dc1d7f29bec16c25352f4cffae510cf433760537423b71c5a032a7e279e0c197c4df1d601a4,male,head,37.83457679714826,34,3,Fixed microbiome RF,Participant split
1841.F05430,20,1841,1841:NAU115,male,head,22.77726075140137,34,3,Fixed microbiome RF,Participant split
10317.000007760,38,10317,10317:33f6eb641f0e5c66654a93864fec0950724028557f530a644e104dc1d7f29bec16c25352f4cffae510cf433760537423b71c5a032a7e279e0c197c4df1d601a4,male,head,46.50017782365018,34,3,Fixed microbiome RF,Participant split
1841.F06292,19,1841,1841:NAU107,female,head,22.889964472656985,34,3,Fixed microbiome RF,Participant split
1841.F06293,22,1841,1841:NAU133,male,head,24.057304427759625,34,3,Fixed microbiome RF,Participant split
1841.F06290,22,1841,1841:NAU133,male,head,24.652390677885066,34,3,Fixed microbiome RF,Participant split
1841.P15912,20,1841,1841:CUB051,male,hand,26.767863259730035,34,3,Fixed microbiome RF,Participant split
1841.P15775,20,1841,1841:NAU115,male,hand,22.699877574427212,34,3,Fixed microbiome RF,Participant split
1841.P16362,20,1841,1841:NAU115,male,hand,23.299640668767502,34,3,Fixed microbiome RF,Participant split
1841.F06354,20,1841,1841:CUB051,male,head,23.64964555863598,34,3,Fixed microbiome RF,Participant split
1841.P15058,20,1841,1841:CUB051,male,hand,24.75639756944445,34,3,Fixed microbiome RF,Participant split
1841.P15056,23,1841,1841:CUB053,female,hand,27.485554604929597,34,3,Fixed microbiome RF,Participant split
1841.F06333,23,1841,1841:CUB053,female,head,34.07090930882063,34,3,Fixed microbiome RF,Participant split
10317.000005457,48,10317,10317:9f89ce9cb3dd20b1b698031ff7eb1f66511855e4c05edd9fc525916e365f4d81ff5e46e5432e82c4e4cc62f66a9167138f3bce9a784b0404333ee6c82e195bd6,male,hand,44.73668812587414,34,3,Fixed microbiome RF,Participant split
1841.F05683,23,1841,1841:CUB053,female,head,26.320735827351523,34,3,Fixed microbiome RF,Participant split
1841.P15554,20,1841,1841:NAU110,female,hand,27.15088635768131,34,3,Fixed microbiome RF,Participant split
1841.P16341,19,1841,1841:NAU107,female,hand,23.66512341110687,34,3,Fixed microbiome RF,Participant split
10317.000005458,47,10317,10317:9f89ce9cb3dd20b1b698031ff7eb1f66511855e4c05edd9fc525916e365f4d81ff5e46e5432e82c4e4cc62f66a9167138f3bce9a784b0404333ee6c82e195bd6,male,head,39.557571994146336,34,3,Fixed microbiome RF,Participant split
1841.F06312,20,1841,1841:CUB051,male,head,25.151727149144424,34,3,Fixed microbiome RF,Participant split
1841.P16284,22,1841,1841:NAU133,male,hand,23.151635014291266,34,3,Fixed microbiome RF,Participant split
1841.P16281,19,1841,1841:NAU107,female,hand,22.787192685786433,34,3,Fixed microbiome RF,Participant split
10317.000046210,26,10317,10317:2cadcc9c9bb4b3018c35f7012a5f45417f5e7d3c5a8205a3e266e3994e6d3a312146e795ee10a538d9dcde6a356e15798fdfc96aea7f23df2c8c505d8bb465a4,female,head,37.24344207045795,34,3,Fixed microbiome RF,Participant split
1841.P16137,19,1841,1841:NAU107,female,hand,23.435996709339634,34,3,Fixed microbiome RF,Participant split
10317.000005420,54,10317,10317:d63484fec8c78056306a841bf283219a2f4dd6eb40568afb6e401ef1dd5a23f563b4e42b92eda0d4b87cc502d1158abf83fac1a38b7a4166f4374fd6ec75beaa,female,head,39.370044683760234,34,3,Fixed microbiome RF,Participant split
10317.000005421,54,10317,10317:d63484fec8c78056306a841bf283219a2f4dd6eb40568afb6e401ef1dd5a23f563b4e42b92eda0d4b87cc502d1158abf83fac1a38b7a4166f4374fd6ec75beaa,female,hand,39.271662334119064,34,3,Fixed microbiome RF,Participant split
1841.F06127,23,1841,1841:CUB053,female,head,26.514670078185713,34,3,Fixed microbiome RF,Participant split
2010.2868,23,2010,2010:39,female,head,36.531455603091686,34,3,Fixed microbiome RF,Participant split
10317.000015183,55,10317,10317:45e54011490a1e8319d45ba35b5c9c687e4ec395fd00d5bd3b927f21b897135e002c9c488ced29f5644e9cc87c9d6d420ce68c9a95f88b151cd7a4c6182ead64,male,hand,44.370554557124315,34,3,Fixed microbiome RF,Participant split
10317.000015182,55,10317,10317:45e54011490a1e8319d45ba35b5c9c687e4ec395fd00d5bd3b927f21b897135e002c9c488ced29f5644e9cc87c9d6d420ce68c9a95f88b151cd7a4c6182ead64,male,head,40.00258894485271,34,3,Fixed microbiome RF,Participant split
10317.000015184,55,10317,10317:45e54011490a1e8319d45ba35b5c9c687e4ec395fd00d5bd3b927f21b897135e002c9c488ced29f5644e9cc87c9d6d420ce68c9a95f88b151cd7a4c6182ead64,male,hand,39.58512303117724,34,3,Fixed microbiome RF,Participant split
1841.P15012,23,1841,1841:CUB053,female,hand,24.89981784921341,34,3,Fixed microbiome RF,Participant split
10317.000063416,36,10317,10317:702fbc8dfcb76217e73344a0a11dd54afca4b678302097929bc6cc1cadce5d5fc80da1e599a9d752eea1f081540d8b89772bcb670f71f2d38a11bdce484be812,female,head,39.129940079845774,34,3,Fixed microbiome RF,Participant split
10317.000049831,61,10317,10317:d37889cdecdba46fdb19bb31c950ed36c9b3a1da31fbac08e9ee2ff35bc8af2ce5a4b24631b63e876500eb54df716ba82caddd429a437e61d996dab1bd51de32,female,head,43.60379821178115,34,3,Fixed microbiome RF,Participant split
10317.000023059,74,10317,10317:7903469fb68001b987d8ac0d762e78777829661f7bb380ee87598fe94e18cb4f57d8029bf74c2f1db263f07017cfe1291af68c5ba65cfcdfc3998fff8bf67e81,female,head,43.123363767590604,34,3,Fixed microbiome RF,Participant split
10317.000069015,24,10317,10317:5bdd4aaf66380106e9a8cb6501a1fb4b37d078e2284e7a3cc179877b6b0db9ae596a7d760657f364b5592c1578ae5b8068df09c4ebd6be82e32cfcd9e5fd6c55,male,head,34.925867285326206,34,3,Fixed microbiome RF,Participant split
10317.000027763,32,10317,10317:cc923c4395f942a7be06745a9437731d12a282545bc59fe0b238fef4ed14300cab1a65ed16964ba9a8f4c846101d7788077d138343a7acc82f00e6b9375b6efb,male,hand,42.18724904465843,34,3,Fixed microbiome RF,Participant split
10317.000072302,41,10317,10317:400d83c79d0086701c4c33b64a7e55f4f464325c35db42f0fed54c6d6f796d9b7943607ae3434897302c87033bd2704c82d5bed240c95f743566d2b3fd469f57,female,head,39.17372237665856,34,3,Fixed microbiome RF,Participant split
2010.2800,23,2010,2010:39,female,head,34.28929545074267,34,3,Fixed microbiome RF,Participant split
10317.000017775,56,10317,10317:95161bf754ca78bbc6736e1276a0c069dd937e05defae03a23b5b34bc3f3e0325898e86cd7fd838de6514fbeb888d6634c7497e3855ab1d45839d35295e2ba95,male,head,44.71738114200859,34,3,Fixed microbiome RF,Participant split
10317.000049763,52,10317,10317:00069244bd1f2b8987ec0be407f83eec727bd40dde9ff15d05497f7db0f60f551d4af74463256aae7abd00d1a3180ca506bd16e684d859304c2864b1c7e4a8f6,male,head,45.09733651415054,34,3,Fixed microbiome RF,Participant split
10317.000049762,52,10317,10317:00069244bd1f2b8987ec0be407f83eec727bd40dde9ff15d05497f7db0f60f551d4af74463256aae7abd00d1a3180ca506bd16e684d859304c2864b1c7e4a8f6,male,hand,41.47731914003047,34,3,Fixed microbiome RF,Participant split
10317.000004928,55,10317,10317:169fc8e4a87bbb9fd81677779eb46fc8c4e57700e8a9fe6448edd4c1b573f6c2885cef43b7349fe9fa37dfd3379bc8b84b536aefeb7c6610a495bc898a20d1b7,female,hand,39.0580667984039,34,3,Fixed microbiome RF,Participant split
10317.000063450,29,10317,10317:012c33f74519c193ec10f17ef58846a7db07b462e5497db82c40fedc4ca3edac7e3c610143fdb11e0e0617da7dcd562ee2bf2be850227286ef06ab72c6361d25,male,head,59.75686281718409,34,3,Fixed microbiome RF,Participant split
10317.000041369,42,10317,10317:c9f8653bd4ebdf70f189788ed1bc962f7b89716eac15b10fba77e815cba9483cbb0ce452ea8acd0cd27b17a9a599ec7023e375a67fa1551bb8a70af168495dd3,male,head,40.6987742281833,34,3,Fixed microbiome RF,Participant split
2010.2828,23,2010,2010:39,female,head,33.75726128596953,34,3,Fixed microbiome RF,Participant split
10317.000048388,21,10317,10317:30d7ca7c505d10cb4c76c0443a75de8f2f826d67386377db4fa33b8983b7e1be84ec36794891a1993f919a1c5c528a78e39e90c8c94320bc3b555e3aa3643685,female,head,46.453096173343546,34,3,Fixed microbiome RF,Participant split
10317.000048389,21,10317,10317:30d7ca7c505d10cb4c76c0443a75de8f2f826d67386377db4fa33b8983b7e1be84ec36794891a1993f919a1c5c528a78e39e90c8c94320bc3b555e3aa3643685,female,hand,40.33540692461606,34,3,Fixed microbiome RF,Participant split
1841.F05608,23,1841,1841:CUB053,female,head,25.67592624412768,34,3,Fixed microbiome RF,Participant split
1841.P16197,19,1841,1841:NAU107,female,hand,22.06408662518038,34,3,Fixed microbiome RF,Participant split
10317.000005419,54,10317,10317:d63484fec8c78056306a841bf283219a2f4dd6eb40568afb6e401ef1dd5a23f563b4e42b92eda0d4b87cc502d1158abf83fac1a38b7a4166f4374fd6ec75beaa,female,hand,40.676013568064384,34,3,Fixed microbiome RF,Participant split
10317.000041346,46,10317,10317:e264e42ddf5814bac0981098f8e9a48fb9a1d3524b60bad0405e26151eceeaa0db735671ad5dc0c78c554c78e4d745510d94413264b20449f53a1fe1be4f0529,male,hand,45.62632605967859,34,3,Fixed microbiome RF,Participant split
10317.000041345,46,10317,10317:e264e42ddf5814bac0981098f8e9a48fb9a1d3524b60bad0405e26151eceeaa0db735671ad5dc0c78c554c78e4d745510d94413264b20449f53a1fe1be4f0529,male,hand,41.36188125685788,34,3,Fixed microbiome RF,Participant split
1841.F05817,20,1841,1841:NAU115,male,head,22.149819347319344,34,3,Fixed microbiome RF,Participant split
1841.F05813,20,1841,1841:NAU110,female,head,28.805326703525225,34,3,Fixed microbiome RF,Participant split
1841.F06462,20,1841,1841:CUB051,male,head,23.164586596700083,34,3,Fixed microbiome RF,Participant split
10317.000002610,56,10317,10317:dd3fbf0f2c96e9182d8538806757f0f2102c6124dfeb04c9fa449391b445968553d59114033b794df4532c7b77765fba1b12c00969628c268640fc23848b7978,female,head,46.05880023647164,34,3,Fixed microbiome RF,Participant split
1841.P15782,22,1841,1841:NAU133,male,hand,24.03147823530635,34,3,Fixed microbiome RF,Participant split
2010.3117,31,2010,2010:41,female,head,33.63062590717584,34,3,Fixed microbiome RF,Participant split
1841.F05835,19,1841,1841:NAU107,female,head,23.182972929847928,34,3,Fixed microbiome RF,Participant split
1841.P16016,19,1841,1841:NAU107,female,hand,22.693123759571616,34,3,Fixed microbiome RF,Participant split
10317.000002212,69,10317,10317:576a03c295c356d35a0d25b2110dd88b3617bd98ae2ff786f650e35db756be0c2368e573093bcfce63e963af568b1198c749606c6e11a98ea707a8a38b2cb1b3,female,hand,45.29648447005418,34,3,Fixed microbiome RF,Participant split
10317.000007829,37,10317,10317:33f6eb641f0e5c66654a93864fec0950724028557f530a644e104dc1d7f29bec16c25352f4cffae510cf433760537423b71c5a032a7e279e0c197c4df1d601a4,male,head,40.694313236238926,34,3,Fixed microbiome RF,Participant split
10317.000068787,39,10317,10317:0610dc25baabfb768bd6465f009077ba740694d1c37591ea165a6eed61b038ba1fd9167c4f0efbd5cd490953bcd66ea07e9d8b594234539c2e566f09dd0e4699,male,head,40.58180891141169,34,3,Fixed microbiome RF,Participant split
1841.F05442,20,1841,1841:NAU110,female,head,26.213281086710833,34,3,Fixed microbiome RF,Participant split
1841.F05845,22,1841,1841:NAU133,male,head,22.57078199578199,34,3,Fixed microbiome RF,Participant split
10317.000003299,61,10317,10317:e7639c4697365b2cdd0af17e85e19fae656bebe2ca231e4057397460de8a06886fbdc663413a68e30c542241a5d4a8765a2affefbadf0e387eda6d67a72749a0,male,head,44.08163867019081,34,3,Fixed microbiome RF,Participant split
1841.F05583,22,1841,1841:NAU133,male,head,22.754817765940828,34,3,Fixed microbiome RF,Participant split
1841.P16563,23,1841,1841:CUB053,female,hand,25.95845705098995,34,3,Fixed microbiome RF,Participant split
2010.3092,31,2010,2010:41,female,head,35.08615499332893,34,3,Fixed microbiome RF,Participant split
2010.2946,23,2010,2010:39,female,head,34.13961338234532,34,3,Fixed microbiome RF,Participant split
2010.2690,26,2010,2010:33,female,head,34.28736889134936,34,3,Fixed microbiome RF,Participant split
1841.F05569,20,1841,1841:NAU115,male,head,22.49943858225109,34,3,Fixed microbiome RF,Participant split
10317.000047841,56,10317,10317:0bcb4e3d31b0b117c3b6fa86fc51584ae6a9aa505a981882486f137cc53b9ca3d82e6e63f354b102ed104a17e902d66783bd63854c3549b887a4be67e55128ab,female,hand,42.23509712380412,34,3,Fixed microbiome RF,Participant split
2010.2072,32,2010,2010:19,female,head,44.48386519793189,34,3,Fixed microbiome RF,Participant split
10317.000033403,37,10317,10317:8a84e546f33305e110f2059f0c1a87a533d58f09e3ae2fd4519dcf3418d8d566956b23eebebef879dda59b2ae8ba5c775acf7a5181d6b381697b949a1c8cefc6,male,head,43.16513634840645,34,3,Fixed microbiome RF,Participant split
10317.000030411,36,10317,10317:a1b4c9ec5f8710558bd4a7d34cd680ebd077aa972f77ae2c7a80904262a269846af690c0af56eec73473625b15e9b30c4413c0ced557f3aeebbcbdbbb0b28698,male,head,42.609182714436514,34,3,Fixed microbiome RF,Participant split
1841.F06545,20,1841,1841:CUB051,male,head,24.469349634740258,34,3,Fixed microbiome RF,Participant split
1841.P15392,21,1841,1841:NCS262,male,hand,23.640792836035793,34,3,Fixed microbiome RF,Participant split
10317.000012382,48,10317,10317:d4747c80cbabfa6a118ab9e828a6e01176aee5c6477c84e90565dd41303cee3f4da5c8eb4c5a5b1abcf05c6ade5c8588fb990c110d1249108ffee63923f0759d,male,hand,41.107837048979455,34,3,Fixed microbiome RF,Participant split
1841.P15534,22,1841,1841:NAU116,male,hand,24.610324108081457,34,3,Fixed microbiome RF,Participant split
1841.P15537,20,1841,1841:NAU115,male,hand,24.70089825105449,34,3,Fixed microbiome RF,Participant split
1841.F05328,19,1841,1841:NCS208,female,head,24.869554251310788,34,3,Fixed microbiome RF,Participant split
2010.1902,32,2010,2010:19,female,head,38.83398526797104,34,3,Fixed microbiome RF,Participant split
1841.P15708,19,1841,1841:NAU107,female,hand,22.70108019125483,34,3,Fixed microbiome RF,Participant split
2010.3050,31,2010,2010:41,female,head,33.949561600007215,34,3,Fixed microbiome RF,Participant split
1841.F05158,22,1841,1841:NAU133,male,head,25.494412394531633,34,3,Fixed microbiome RF,Participant split
1841.F05155,19,1841,1841:NAU107,female,head,23.70995181646377,34,3,Fixed microbiome RF,Participant split
1841.F05157,20,1841,1841:NAU110,female,head,28.797698366951078,34,3,Fixed microbiome RF,Participant split
1841.F06564,23,1841,1841:CUB053,female,head,23.29820607943133,34,3,Fixed microbiome RF,Participant split
1841.F05521,19,1841,1841:NAU107,female,head,24.379665237744284,34,3,Fixed microbiome RF,Participant split
1841.F05523,20,1841,1841:NAU115,male,head,24.83886450854573,34,3,Fixed microbiome RF,Participant split
10317.000014483,35,10317,10317:93f03cfc2b6cd24d3e180ee0e8ddfaeabf4cd6cc8b2903861331b9492f02b3479c33fd6cf6ffb699ef212d9c6ec30f938596135b291ff81bd334193c180f7858,female,head,43.88236367773665,34,3,Fixed microbiome RF,Participant split
1841.P16099,20,1841,1841:NAU110,female,hand,31.131220635981652,34,3,Fixed microbiome RF,Participant split
10317.000002296,59,10317,10317:1cdc297c8f2ba505978edaff0ca8a91960f6e37bcadd2d77435d2c65097bb57ad3ff6cc0fa9a2fb4694f352f0371cbd3faae7bad89ff335242858790807507c1,female,hand,45.7861194851861,34,3,Fixed microbiome RF,Participant split
1841.P15728,20,1841,1841:NAU110,female,hand,29.52159863369882,34,3,Fixed microbiome RF,Participant split
10317.000049845,35,10317,10317:88f4fbcf0ceb456e7f8e8447af039f0dc2670ad52972600d23a04b60152370409f6b57086023803ce52591376f998806f80e260d50d06764bbb66d26d1b5553e,female,hand,39.6426014044642,34,3,Fixed microbiome RF,Participant split
10317.000069135,34,10317,10317:2fe8dc51162640ecda81c266c7b13a12fa0b362550125c042231ebf311ae65b5597119ff4c21bc3e0d2daf7c54569db93c6d59b2cd8c7abd7c7e43d806b66718,male,head,40.475970117821475,34,3,Fixed microbiome RF,Participant split
1841.P15570,20,1841,1841:NAU115,male,hand,25.276381254853263,34,3,Fixed microbiome RF,Participant split
1841.P15742,20,1841,1841:NAU110,female,hand,29.00727101738132,34,3,Fixed microbiome RF,Participant split
1841.P15969,20,1841,1841:CUB051,male,hand,36.21656402176389,34,3,Fixed microbiome RF,Participant split
1841.F05894,20,1841,1841:NAU115,male,head,23.87092774410402,34,3,Fixed microbiome RF,Participant split
1841.P16545,20,1841,1841:CUB051,male,hand,24.775898493867242,34,3,Fixed microbiome RF,Participant split
1841.P16556,23,1841,1841:CUB053,female,hand,23.511696983571984,34,3,Fixed microbiome RF,Participant split
10317.000033105,37,10317,10317:d0877d5558ae6f23aaebeb97d4f2a1816b79dbb8359440bb51b3f59ad2316a7771768fe5cddd4ede663af3eb0a7e38d2b521a40f417c3ea7bd1a63ed195e9e9c,male,head,38.003353778307726,34,3,Fixed microbiome RF,Participant split
2010.3011,31,2010,2010:41,female,head,31.948937527654653,34,3,Fixed microbiome RF,Participant split
10317.000026508,76,10317,10317:a158faae1efddbd20bb064586e2ed359d9d89fe23e5776aaf6362e6a33b0760e24e9c69462baab420cef8bacb535b245b3687a18e94f0a8e346556bdb347fb67,male,head,42.33532611093789,34,3,Fixed microbiome RF,Participant split
2010.1989,32,2010,2010:19,female,head,45.40430227593494,34,3,Fixed microbiome RF,Participant split
1841.P16310,20,1841,1841:NAU110,female,hand,30.18821475037125,34,3,Fixed microbiome RF,Participant split
10317.000015015,41,10317,10317:ce1fd98484e30049ab6a9f362cff6bacde2a68b949d54142b56fe830f015c8ec656e789dfe4d793ec0abc652ccb025d8f245a86aa12b68a7664f1f34156f22d4,male,head,46.43543006596173,34,3,Fixed microbiome RF,Participant split
1841.P15598,22,1841,1841:NAU133,male,hand,32.72765778397217,34,3,Fixed microbiome RF,Participant split
1841.P15597,21,1841,1841:NAU113,female,hand,23.88475453396685,34,3,Fixed microbiome RF,Participant split
1841.P15596,19,1841,1841:NAU107,female,hand,22.585633212273823,34,3,Fixed microbiome RF,Participant split
10317.000006972,61,10317,10317:71663baf1b46589d68296c0b2c93208b950a8d8f87dd95255336d0e162d3d45a6922f6512a1dbbbdecd027ff264b625773e6d10d54f1a7750050d3b813d4eadd,female,hand,41.8023120385504,34,3,Fixed microbiome RF,Participant split
10317.000049759,52,10317,10317:00069244bd1f2b8987ec0be407f83eec727bd40dde9ff15d05497f7db0f60f551d4af74463256aae7abd00d1a3180ca506bd16e684d859304c2864b1c7e4a8f6,male,hand,41.160394098981676,34,3,Fixed microbiome RF,Participant split
10317.000004056,52,10317,10317:6d4586a1f7c90185bb4ec90e82083cc45b12d79db4919f699dc24cc403347dfd5df17e6008b69cf2b3109ddb41512f4d7a52c91b647c1b59bfd31e8057bfcb0f,male,hand,46.00629915762331,34,3,Fixed microbiome RF,Participant split
10317.000069022,23,10317,10317:5bdd4aaf66380106e9a8cb6501a1fb4b37d078e2284e7a3cc179877b6b0db9ae596a7d760657f364b5592c1578ae5b8068df09c4ebd6be82e32cfcd9e5fd6c55,male,hand,35.530637498694844,34,3,Fixed microbiome RF,Participant split
10317.000048405,28,10317,10317:4287cb26d2ebcaddb5129d95ff2d4ae496c47b0162672df93082abfc9303671b6d9332bfe211f6530019940e6d40144094a4bc4c012716375b5e72166c04b6e2,female,hand,51.10942826089631,34,3,Fixed microbiome RF,Participant split
10317.000048407,28,10317,10317:4287cb26d2ebcaddb5129d95ff2d4ae496c47b0162672df93082abfc9303671b6d9332bfe211f6530019940e6d40144094a4bc4c012716375b5e72166c04b6e2,female,head,49.32925970209262,34,3,Fixed microbiome RF,Participant split
10317.000048406,28,10317,10317:4287cb26d2ebcaddb5129d95ff2d4ae496c47b0162672df93082abfc9303671b6d9332bfe211f6530019940e6d40144094a4bc4c012716375b5e72166c04b6e2,female,hand,51.7481580723497,34,3,Fixed microbiome RF,Participant split
1841.F05200,22,1841,1841:NAU133,male,head,24.643788239731542,34,3,Fixed microbiome RF,Participant split
1841.F05201,19,1841,1841:NAU107,female,head,22.582374751984126,34,3,Fixed microbiome RF,Participant split
1841.P16377,22,1841,1841:NAU133,male,hand,27.521611249035743,34,3,Fixed microbiome RF,Participant split
1841.P16370,20,1841,1841:NAU110,female,hand,33.06604391594889,34,3,Fixed microbiome RF,Participant split
1841.P16378,20,1841,1841:NAU115,male,hand,22.302547123015863,34,3,Fixed microbiome RF,Participant split
1841.F05884,20,1841,1841:NAU110,female,head,28.252295980673743,34,3,Fixed microbiome RF,Participant split
1841.P15066,23,1841,1841:CUB053,female,hand,24.771579717769974,34,3,Fixed microbiome RF,Participant split
1841.P15244,20,1841,1841:CUB051,male,hand,27.215031021019314,34,3,Fixed microbiome RF,Participant split
2010.2516,26,2010,2010:33,female,head,37.432609452469954,34,3,Fixed microbiome RF,Participant split
1841.P16297,22,1841,1841:NAU133,male,hand,27.82055275782646,34,3,Fixed microbiome RF,Participant split
1841.P16293,22,1841,1841:NAU133,male,hand,22.800427940115444,34,3,Fixed microbiome RF,Participant split
2010.2114,34,2010,2010:25,female,head,39.183469256492266,34,3,Fixed microbiome RF,Participant split
2010.3180,31,2010,2010:41,female,head,34.78174532015082,34,3,Fixed microbiome RF,Participant split
10317.000005234,55,10317,10317:45e54011490a1e8319d45ba35b5c9c687e4ec395fd00d5bd3b927f21b897135e002c9c488ced29f5644e9cc87c9d6d420ce68c9a95f88b151cd7a4c6182ead64,male,hand,40.91747957433149,34,3,Fixed microbiome RF,Participant split
1841.F05496,19,1841,1841:NAU107,female,head,23.29847709684106,34,3,Fixed microbiome RF,Participant split
10317.000040503,52,10317,10317:8fc2af33171964330de7e24811df360483b2193e73f509d9de0eca5c34aa9cc4a73311de7d0ba394fbed8d55f72394218e7b7026fd7da8c8ee1ebf0e637b2e85,female,head,44.06250478595253,34,3,Fixed microbiome RF,Participant split
10317.000040507,52,10317,10317:8fc2af33171964330de7e24811df360483b2193e73f509d9de0eca5c34aa9cc4a73311de7d0ba394fbed8d55f72394218e7b7026fd7da8c8ee1ebf0e637b2e85,female,hand,44.90173807363338,34,3,Fixed microbiome RF,Participant split
10317.000049844,35,10317,10317:88f4fbcf0ceb456e7f8e8447af039f0dc2670ad52972600d23a04b60152370409f6b57086023803ce52591376f998806f80e260d50d06764bbb66d26d1b5553e,female,head,41.63005524512881,34,3,Fixed microbiome RF,Participant split
10317.000049848,35,10317,10317:88f4fbcf0ceb456e7f8e8447af039f0dc2670ad52972600d23a04b60152370409f6b57086023803ce52591376f998806f80e260d50d06764bbb66d26d1b5553e,female,hand,41.82666528243654,34,3,Fixed microbiome RF,Participant split
10317.000007105,53,10317,10317:ebedffb9e4d507d8cbaa7af0405caf451aa201d9746c76619a2a69f6b1c164e191af34fbad4f50a53bbb30a92cba77bf673b82db2b687fa2258240612900791e,male,hand,46.95265794842688,34,3,Fixed microbiome RF,Participant split
10317.000007106,53,10317,10317:ebedffb9e4d507d8cbaa7af0405caf451aa201d9746c76619a2a69f6b1c164e191af34fbad4f50a53bbb30a92cba77bf673b82db2b687fa2258240612900791e,male,head,44.59430039786045,34,3,Fixed microbiome RF,Participant split
10317.000007103,53,10317,10317:ebedffb9e4d507d8cbaa7af0405caf451aa201d9746c76619a2a69f6b1c164e191af34fbad4f50a53bbb30a92cba77bf673b82db2b687fa2258240612900791e,male,hand,52.89621775085758,34,3,Fixed microbiome RF,Participant split
1841.P15634,23,1841,1841:CUB053,female,hand,23.106944098589327,34,3,Fixed microbiome RF,Participant split
10317.000072315,42,10317,10317:0cded5ec882014d599e408a086631081c42e2f070234c9e90d7244cf5e39d7d4150b713faf80aed64afaf4dd8ff14b76e9e204f93500060792828269add5de56,female,head,42.820154011237015,34,3,Fixed microbiome RF,Participant split
1841.P15284,23,1841,1841:CUB053,female,hand,30.10381770135144,34,3,Fixed microbiome RF,Participant split
1841.F05410,22,1841,1841:NAU133,male,head,25.162137731898518,34,3,Fixed microbiome RF,Participant split
1841.F06175,20,1841,1841:CUB051,male,head,23.708960475288595,34,3,Fixed microbiome RF,Participant split
10317.000027751,54,10317,10317:3f3189bfab92107b05a629ba1be6aad212c75b4525d50b0789f4272ba27b446de5cf079bf1c30b52182f0e4ded874c59bc8e41d483192937641083f6a37b6a67,female,head,41.2600743333522,34,3,Fixed microbiome RF,Participant split
10317.000048390,21,10317,10317:30d7ca7c505d10cb4c76c0443a75de8f2f826d67386377db4fa33b8983b7e1be84ec36794891a1993f919a1c5c528a78e39e90c8c94320bc3b555e3aa3643685,female,hand,45.351711685999035,34,3,Fixed microbiome RF,Participant split
10317.000009540,53,10317,10317:58d4b73b2478e68af9ec6ecd6f84a5c5b12f4bc9800c9f70889f2bf166a48e6c18a19edff402e2d4ba36c6c10a1cb0f060bef325706d3ec31b9f0e301d253e1a,female,head,50.50799820679801,34,3,Fixed microbiome RF,Participant split
10317.000063422,36,10317,10317:702fbc8dfcb76217e73344a0a11dd54afca4b678302097929bc6cc1cadce5d5fc80da1e599a9d752eea1f081540d8b89772bcb670f71f2d38a11bdce484be812,female,hand,39.312800245581286,34,3,Fixed microbiome RF,Participant split
1841.F05470,19,1841,1841:NAU107,female,head,24.032382372905296,34,3,Fixed microbiome RF,Participant split
1841.F05477,20,1841,1841:NAU110,female,head,27.370607664904544,34,3,Fixed microbiome RF,Participant split
1841.F05475,22,1841,1841:NAU133,male,head,26.376477490222406,34,3,Fixed microbiome RF,Participant split
2010.1840,32,2010,2010:19,female,head,43.51374694522708,34,3,Fixed microbiome RF,Participant split
10317.000033792,27,10317,10317:a8d1e0c8b099dac9041d9cebdac9c0de56819da44b2a634063806e8ed4697d1075a1ad1a75dcb472c0667686ae7dad37b98268caf960b4805fdd05c287c202df,male,head,42.49833828725548,34,3,Fixed microbiome RF,Participant split
10317.000063440,30,10317,10317:012c33f74519c193ec10f17ef58846a7db07b462e5497db82c40fedc4ca3edac7e3c610143fdb11e0e0617da7dcd562ee2bf2be850227286ef06ab72c6361d25,male,head,33.9725494506141,34,3,Fixed microbiome RF,Participant split
10317.000063447,30,10317,10317:012c33f74519c193ec10f17ef58846a7db07b462e5497db82c40fedc4ca3edac7e3c610143fdb11e0e0617da7dcd562ee2bf2be850227286ef06ab72c6361d25,male,hand,35.75268640053634,34,3,Fixed microbiome RF,Participant split
1841.F06412,23,1841,1841:CUB053,female,head,26.157136751362792,34,3,Fixed microbiome RF,Participant split
10317.000005654,35,10317,10317:8606c4dd2d9371a4b109521ba900732b745ba94bf06c0047a2b8189bb5e157e1f6bcb5d5ed855b3e972841afb6a38ae24f88d3995e2f6c362286bd69d07c83ed,female,hand,38.2000220061247,34,3,Fixed microbiome RF,Participant split
10317.000005657,35,10317,10317:8606c4dd2d9371a4b109521ba900732b745ba94bf06c0047a2b8189bb5e157e1f6bcb5d5ed855b3e972841afb6a38ae24f88d3995e2f6c362286bd69d07c83ed,female,head,37.699147293031174,34,3,Fixed microbiome RF,Participant split
10317.000005656,35,10317,10317:8606c4dd2d9371a4b109521ba900732b745ba94bf06c0047a2b8189bb5e157e1f6bcb5d5ed855b3e972841afb6a38ae24f88d3995e2f6c362286bd69d07c83ed,female,hand,37.06812722379401,34,3,Fixed microbiome RF,Participant split
10317.000049130,48,10317,10317:9f89ce9cb3dd20b1b698031ff7eb1f66511855e4c05edd9fc525916e365f4d81ff5e46e5432e82c4e4cc62f66a9167138f3bce9a784b0404333ee6c82e195bd6,male,head,43.65930815552741,34,3,Fixed microbiome RF,Participant split
10317.000049131,48,10317,10317:9f89ce9cb3dd20b1b698031ff7eb1f66511855e4c05edd9fc525916e365f4d81ff5e46e5432e82c4e4cc62f66a9167138f3bce9a784b0404333ee6c82e195bd6,male,hand,45.33370929698083,34,3,Fixed microbiome RF,Participant split
10317.000049132,48,10317,10317:9f89ce9cb3dd20b1b698031ff7eb1f66511855e4c05edd9fc525916e365f4d81ff5e46e5432e82c4e4cc62f66a9167138f3bce9a784b0404333ee6c82e195bd6,male,hand,42.354035658863914,34,3,Fixed microbiome RF,Participant split
10317.000020770,63,10317,10317:10c8546946a2e2010a75c89453b040665e96df1bb29926bbc6a4b848240f3496cf382414067385add4d4efb3f09315e48b6000a82bc428ab354207875c319ac4,female,head,44.02712333278263,34,3,Fixed microbiome RF,Participant split
1841.P15424,19,1841,1841:NCS208,female,hand,25.90327214770631,34,3,Fixed microbiome RF,Participant split
1841.P15422,21,1841,1841:NCS247,unknown,hand,23.892438652034237,34,3,Fixed microbiome RF,Participant split
1841.P16212,20,1841,1841:NAU115,male,hand,25.274278757042758,34,3,Fixed microbiome RF,Participant split
10317.000005236,55,10317,10317:45e54011490a1e8319d45ba35b5c9c687e4ec395fd00d5bd3b927f21b897135e002c9c488ced29f5644e9cc87c9d6d420ce68c9a95f88b151cd7a4c6182ead64,male,head,40.688312303987374,34,3,Fixed microbiome RF,Participant split
1841.F06478,20,1841,1841:CUB049,female,head,22.770929608585874,35,4,Fixed microbiome RF,Participant split
10317.000049806,66,10317,10317:4863e557347469643abb13187a4c07e6d82a136b7e8ada704bcc1c6ea30fc2961e36855c2dfe883650d88cef48ae1161802be7c3b874b5f003569b1f51adc309,female,head,46.52408594795758,35,4,Fixed microbiome RF,Participant split
1841.F05947,18,1841,1841:NCS213,female,head,24.232845548548667,35,4,Fixed microbiome RF,Participant split
10317.000004984,61,10317,10317:4fcea5cd0a1bce2d5eabe662e771f90edf941650014bd56668c6086d789fa2cff4cfcf939a865e51ba74bb1cbabc385ec9acbcc1b41ee41e0ddd437171849719,female,head,45.381375239757595,35,4,Fixed microbiome RF,Participant split
1841.P15440,22,1841,1841:NCS202,female,hand,25.74499569281229,35,4,Fixed microbiome RF,Participant split
1841.F05659,20,1841,1841:CUB010,female,head,23.377243064329473,35,4,Fixed microbiome RF,Participant split
1841.P16491,22,1841,1841:NCS212,female,hand,25.276175448728907,35,4,Fixed microbiome RF,Participant split
1841.P16499,23,1841,1841:NCS244,female,hand,24.993817187059886,35,4,Fixed microbiome RF,Participant split
1841.P15149,18,1841,1841:NCS213,female,hand,22.966542933491947,35,4,Fixed microbiome RF,Participant split
1841.P16345,25,1841,1841:NAU157,male,hand,30.15977341457991,35,4,Fixed microbiome RF,Participant split
1841.F05351,22,1841,1841:NCS202,female,head,24.901599999748708,35,4,Fixed microbiome RF,Participant split
1841.P16555,20,1841,1841:CUB010,female,hand,23.45914297732403,35,4,Fixed microbiome RF,Participant split
1841.P16550,20,1841,1841:CUB010,female,hand,22.823925938236606,35,4,Fixed microbiome RF,Participant split
10317.000004238,58,10317,10317:37d8f6f7e4e484018175eb77bb7510245502c3c3d85c9a1874de9d25b0c5fe27d21dbcbe36e8c6663360590a8287912cd7e945311f2e50e46afc4ca3b709cc02,male,head,45.79054304531978,35,4,Fixed microbiome RF,Participant split
10317.000004236,58,10317,10317:37d8f6f7e4e484018175eb77bb7510245502c3c3d85c9a1874de9d25b0c5fe27d21dbcbe36e8c6663360590a8287912cd7e945311f2e50e46afc4ca3b709cc02,male,hand,48.48714198900945,35,4,Fixed microbiome RF,Participant split
10317.000004237,58,10317,10317:37d8f6f7e4e484018175eb77bb7510245502c3c3d85c9a1874de9d25b0c5fe27d21dbcbe36e8c6663360590a8287912cd7e945311f2e50e46afc4ca3b709cc02,male,hand,44.23184993866497,35,4,Fixed microbiome RF,Participant split
10317.000049906,69,10317,10317:f468dfbfdc239f0e3bbe1de592c866535d2e70f74b05af2999cd5ac5b39818383c58a904146c605bc773f87fac2da08ddde7d4bedced3110d5c1d3b15657f73e,male,head,46.49447368391797,35,4,Fixed microbiome RF,Participant split
1841.F06452,21,1841,1841:CUB003,female,head,25.158061085478842,35,4,Fixed microbiome RF,Participant split
1841.F06458,21,1841,1841:CUB026,male,head,24.98391585497836,35,4,Fixed microbiome RF,Participant split
10317.000010182,33,10317,10317:723b6b9cc65e7b32325680590272929f0ac00ca96b80b0fab7d4f3aa989891c4e461f3d54e5d04cec753535eff24d840aca7c4484f9aaf9507e8c09d37fc902b,unknown,head,43.05146252505769,35,4,Fixed microbiome RF,Participant split
1841.P15124,18,1841,1841:NCS213,female,hand,23.744655168157,35,4,Fixed microbiome RF,Participant split
1841.P15121,18,1841,1841:NCS213,female,hand,22.634854171763344,35,4,Fixed microbiome RF,Participant split
1841.P15693,20,1841,1841:CUB049,female,hand,22.825496076394153,35,4,Fixed microbiome RF,Participant split
10317.000015451,46,10317,10317:3483b70983107b3501a2fdeab0f7e00b06ec05b5a7afdf499c410267e4aa99ea36b3643db981cdf6f557435d6ff028c1059e2bc75261e6f468598f093fde8b72,male,hand,53.93494151593673,35,4,Fixed microbiome RF,Participant split
1841.P16574,20,1841,1841:CUB049,female,hand,23.335953523600573,35,4,Fixed microbiome RF,Participant split
1841.P16576,21,1841,1841:CUB003,female,hand,27.6143252014798,35,4,Fixed microbiome RF,Participant split
1841.P16577,29,1841,1841:CUB011,female,hand,23.27224248280314,35,4,Fixed microbiome RF,Participant split
1841.P16542,20,1841,1841:CUB008,male,hand,23.16631153568653,35,4,Fixed microbiome RF,Participant split
1841.F06551,20,1841,1841:CUB049,female,head,21.87320536234598,35,4,Fixed microbiome RF,Participant split
1841.F06558,29,1841,1841:CUB011,female,head,24.25465931637806,35,4,Fixed microbiome RF,Participant split
1841.F06232,25,1841,1841:NAU157,male,head,23.729047115058137,35,4,Fixed microbiome RF,Participant split
1841.F06233,26,1841,1841:NAU146,female,head,26.797700189414336,35,4,Fixed microbiome RF,Participant split
10317.000015151,25,10317,10317:bf103398cbf34d2fdf0ce89d2a4729ec061457ba078a27fff88e775557fa7a6206e6693e016f411dfc8700f10c5787107d76b31f1914db25cee356c3ffb2ee1c,male,hand,41.994351310440535,35,4,Fixed microbiome RF,Participant split
1841.F06495,22,1841,1841:CUB004,female,head,27.25756940934719,35,4,Fixed microbiome RF,Participant split
1841.F06498,20,1841,1841:CUB010,female,head,24.080318382242925,35,4,Fixed microbiome RF,Participant split
1841.F06499,20,1841,1841:CUB008,male,head,22.854526459651467,35,4,Fixed microbiome RF,Participant split
1841.P16383,21,1841,1841:NAU106,female,hand,24.191302320534852,35,4,Fixed microbiome RF,Participant split
1841.F05507,25,1841,1841:NAU157,male,head,25.431772203490944,35,4,Fixed microbiome RF,Participant split
10317.000063308,25,10317,10317:42aad521c038df949fad8060826afdde769401bb8b33ad632fd3209cd6d04c4e5106446ce4aef7bc16b30a904ca2d9896b24cf2ebff3881ae31264873b61c661,male,head,36.764836740771486,35,4,Fixed microbiome RF,Participant split
1841.F05086,23,1841,1841:NCS244,female,head,22.687615362268097,35,4,Fixed microbiome RF,Participant split
1841.P15521,21,1841,1841:NAU106,female,hand,26.08608081869111,35,4,Fixed microbiome RF,Participant split
1841.F05881,25,1841,1841:NAU157,male,head,23.682693790584416,35,4,Fixed microbiome RF,Participant split
10317.000010809,63,10317,10317:4f1f526cf557e60e9ce5eb0de9d3dd98225fb7747813f64b3d82c6051d735e3b82dfb7abb4f089fb6d86848d907502d663cb4d69dad26574b00e58d0fc884610,male,head,44.56056721119852,35,4,Fixed microbiome RF,Participant split
1841.P16419,22,1841,1841:NCS212,female,hand,24.975362484737467,35,4,Fixed microbiome RF,Participant split
1841.P16411,22,1841,1841:NCS212,female,hand,22.270393943270786,35,4,Fixed microbiome RF,Participant split
2010.1617,28,2010,2010:13,female,head,41.339523849049485,35,4,Fixed microbiome RF,Participant split
1841.F06309,21,1841,1841:CUB003,female,head,24.86125727630323,35,4,Fixed microbiome RF,Participant split
1841.F06517,20,1841,1841:CUB005,female,head,24.862096242197346,35,4,Fixed microbiome RF,Participant split
10317.000036462,38,10317,10317:da8f8a7d664c63431a657d0d888c46bf1f7bec532219c7d97227d8de3bc94ea035161f6a5e94118648a14d399a93b7d0e7cb68f1add742cb0d0d825f410a501d,male,hand,43.421395499849325,35,4,Fixed microbiome RF,Participant split
10317.000063188,38,10317,10317:441ac85e1bd02fd74bfe5cd7d33fc7e79af9e5986e7d55e177b00f2dadef7b37442c83e626aa9eec53feaf0e250a42f14f03b147a269cd1c57142e99e994ff08,male,head,38.23055752941697,35,4,Fixed microbiome RF,Participant split
1841.P15504,20,1841,1841:CUB010,female,hand,23.982586843378453,35,4,Fixed microbiome RF,Participant split
1841.F05530,21,1841,1841:NAU106,female,head,24.682931099445568,35,4,Fixed microbiome RF,Participant split
10317.000068818,23,10317,10317:aa700130bf2ad84f7dfbd70f11a1ed544685dac3b0af8c4231219413d86330f5973915da8180c4eaa587cffc3aa156c9dafbf597461ddd6251fef35831bd365a,male,hand,37.95317935284274,35,4,Fixed microbiome RF,Participant split
1841.F06181,29,1841,1841:CUB011,female,head,25.570880907287155,35,4,Fixed microbiome RF,Participant split
1841.P15966,29,1841,1841:CUB011,female,hand,23.364241184163056,35,4,Fixed microbiome RF,Participant split
1841.F05274,21,1841,1841:NAU106,female,head,27.77242079754645,35,4,Fixed microbiome RF,Participant split
1841.P16475,23,1841,1841:NCS244,female,hand,22.76336228234327,35,4,Fixed microbiome RF,Participant split
1841.F06543,20,1841,1841:CUB010,female,head,22.924225063131306,35,4,Fixed microbiome RF,Participant split
1841.F06533,20,1841,1841:CUB008,male,head,24.011825473685658,35,4,Fixed microbiome RF,Participant split
1841.F06531,21,1841,1841:CUB026,male,head,23.591022591991347,35,4,Fixed microbiome RF,Participant split
1841.F06530,22,1841,1841:CUB004,female,head,26.29221484433441,35,4,Fixed microbiome RF,Participant split
1841.F06538,20,1841,1841:CUB049,female,head,23.202423696095575,35,4,Fixed microbiome RF,Participant split
10317.000049908,69,10317,10317:f468dfbfdc239f0e3bbe1de592c866535d2e70f74b05af2999cd5ac5b39818383c58a904146c605bc773f87fac2da08ddde7d4bedced3110d5c1d3b15657f73e,male,hand,42.10477351561276,35,4,Fixed microbiome RF,Participant split
1841.P15561,21,1841,1841:NAU106,female,hand,25.331486256798748,35,4,Fixed microbiome RF,Participant split
10317.000008202,47,10317,10317:7cc5c069db6eab6ca70adb3c38c792d60541ae6bc238d37452ba179cd855f4eef887ff1ee7a82c8e3ed38d80f5ec6216acf1971f02f4a9426720ed8515710296,male,head,44.65791850282777,35,4,Fixed microbiome RF,Participant split
10317.000008200,46,10317,10317:48d391496558e01a0104b2b5a59686340e1e6a0399c13717e18c37dc683db8cf9db7b16ae3e331f1f78373cf02cfc7c9565ca3f6b2d6eae259d9401e7d93b863,female,head,41.339751915048886,35,4,Fixed microbiome RF,Participant split
1841.P15967,20,1841,1841:CUB005,female,hand,27.499474227773856,35,4,Fixed microbiome RF,Participant split
10317.000009107,36,10317,10317:537aafb62a3a3b2aaa192863f0b56d8fa9e292bcf83e78ffff10ffa372470a7d9db35cb40b3e2ab58fbc446c04a2e5b7b934e0feab0f0dce92c02f9e59476330,male,head,38.92581945060613,35,4,Fixed microbiome RF,Participant split
1841.P15957,20,1841,1841:CUB010,female,hand,22.511921637390387,35,4,Fixed microbiome RF,Participant split
1841.P15954,20,1841,1841:CUB008,male,hand,24.115890269452773,35,4,Fixed microbiome RF,Participant split
1841.F06093,23,1841,1841:NCS244,female,head,23.956109950098917,35,4,Fixed microbiome RF,Participant split
1841.F06052,22,1841,1841:NCS212,female,head,23.43186178598514,35,4,Fixed microbiome RF,Participant split
1841.P16321,25,1841,1841:NAU157,male,hand,23.001276583728156,35,4,Fixed microbiome RF,Participant split
1841.F05043,22,1841,1841:NCS212,female,head,22.592815358660943,35,4,Fixed microbiome RF,Participant split
2010.1653,28,2010,2010:13,female,head,42.66268607700876,35,4,Fixed microbiome RF,Participant split
1841.F06450,20,1841,1841:CUB005,female,head,22.785054463593067,35,4,Fixed microbiome RF,Participant split
1841.P15090,20,1841,1841:CUB008,male,hand,23.345478237040737,35,4,Fixed microbiome RF,Participant split
1841.P15238,20,1841,1841:CUB005,female,hand,25.64045036451199,35,4,Fixed microbiome RF,Participant split
1841.P16539,22,1841,1841:CUB004,female,hand,32.00302007174288,35,4,Fixed microbiome RF,Participant split
1841.F05932,18,1841,1841:NCS213,female,head,24.663163949537307,35,4,Fixed microbiome RF,Participant split
1841.F05936,18,1841,1841:NCS213,female,head,24.290552381646123,35,4,Fixed microbiome RF,Participant split
1841.P16154,21,1841,1841:NAU106,female,hand,24.31013764013765,35,4,Fixed microbiome RF,Participant split
1841.P15932,21,1841,1841:CUB026,male,hand,22.94227719686359,35,4,Fixed microbiome RF,Participant split
1841.F05639,20,1841,1841:CUB008,male,head,23.515260867604614,35,4,Fixed microbiome RF,Participant split
10317.000005291,69,10317,10317:f468dfbfdc239f0e3bbe1de592c866535d2e70f74b05af2999cd5ac5b39818383c58a904146c605bc773f87fac2da08ddde7d4bedced3110d5c1d3b15657f73e,male,hand,44.87694805216721,35,4,Fixed microbiome RF,Participant split
1841.F05232,25,1841,1841:NAU157,male,head,26.374536924880676,35,4,Fixed microbiome RF,Participant split
1841.P16303,21,1841,1841:NAU106,female,hand,24.990373244718604,35,4,Fixed microbiome RF,Participant split
1841.P15218,20,1841,1841:CUB005,female,hand,23.348341762404253,35,4,Fixed microbiome RF,Participant split
1841.F05006,22,1841,1841:NCS212,female,head,25.479508387853972,35,4,Fixed microbiome RF,Participant split
10317.000032844,34,10317,10317:2f99bf4f7ec4110bbb356ecafe18a81cf99c407dc04127efbbe24227d256b81c690640ad22fa2a115f1adb9a603c2509999f0325292f5ad6c80144726ff29fb3,male,head,43.06775114254603,35,4,Fixed microbiome RF,Participant split
1841.P16173,25,1841,1841:NAU157,male,hand,37.56669856347105,35,4,Fixed microbiome RF,Participant split
10317.000063243,31,10317,10317:9a6b1d64174bf2de76973d430737df42a6c1d222167a33cad37332ade7aaba03e2f1fd87dd65c5bda2ab171d6373490fa6395929f8ff33c6d5acdec0d7035388,male,hand,37.94686823358225,35,4,Fixed microbiome RF,Participant split
1841.P15917,20,1841,1841:CUB049,female,hand,22.550582837301594,35,4,Fixed microbiome RF,Participant split
1841.P15914,29,1841,1841:CUB011,female,hand,24.031476702645165,35,4,Fixed microbiome RF,Participant split
1841.P15258,21,1841,1841:CUB026,male,hand,22.67307107312622,35,4,Fixed microbiome RF,Participant split
1841.P15953,20,1841,1841:CUB008,male,hand,23.201088321400814,35,4,Fixed microbiome RF,Participant split
1841.P16588,20,1841,1841:CUB049,female,hand,22.533239640261694,35,4,Fixed microbiome RF,Participant split
1841.F06592,20,1841,1841:CUB005,female,head,22.412421297044464,35,4,Fixed microbiome RF,Participant split
1841.F06599,22,1841,1841:CUB004,female,head,27.303293540696803,35,4,Fixed microbiome RF,Participant split
1841.F06598,20,1841,1841:CUB010,female,head,24.38237979034854,35,4,Fixed microbiome RF,Participant split
1841.P15052,21,1841,1841:CUB003,female,hand,24.0164772121068,35,4,Fixed microbiome RF,Participant split
1841.P15053,20,1841,1841:CUB008,male,hand,22.683016586372574,35,4,Fixed microbiome RF,Participant split
1841.P15055,20,1841,1841:CUB005,female,hand,23.883684865481737,35,4,Fixed microbiome RF,Participant split
1841.F06339,20,1841,1841:CUB010,female,head,22.655198647349383,35,4,Fixed microbiome RF,Participant split
1841.F06338,21,1841,1841:CUB003,female,head,25.11083774120079,35,4,Fixed microbiome RF,Participant split
1841.P15272,21,1841,1841:CUB003,female,hand,22.961346934315678,35,4,Fixed microbiome RF,Participant split
1841.F05029,22,1841,1841:NCS212,female,head,23.349330086983738,35,4,Fixed microbiome RF,Participant split
1841.P15277,21,1841,1841:CUB026,male,hand,26.91867108348439,35,4,Fixed microbiome RF,Participant split
1841.F05689,21,1841,1841:CUB026,male,head,23.437131334249905,35,4,Fixed microbiome RF,Participant split
1841.F05684,21,1841,1841:CUB026,male,head,25.991349034280784,35,4,Fixed microbiome RF,Participant split
1841.F06102,20,1841,1841:CUB008,male,head,23.206678313305467,35,4,Fixed microbiome RF,Participant split
1841.F06107,20,1841,1841:CUB049,female,head,23.071528228715735,35,4,Fixed microbiome RF,Participant split
1841.P16342,21,1841,1841:NAU106,female,hand,23.303918236503133,35,4,Fixed microbiome RF,Participant split
1841.P15072,20,1841,1841:CUB008,male,hand,24.442834145021646,35,4,Fixed microbiome RF,Participant split
1841.P15074,22,1841,1841:CUB004,female,hand,27.017183261334072,35,4,Fixed microbiome RF,Participant split
1841.P15079,20,1841,1841:CUB049,female,hand,23.70504052548899,35,4,Fixed microbiome RF,Participant split
1841.F06311,21,1841,1841:CUB026,male,head,22.507666370598358,35,4,Fixed microbiome RF,Participant split
1841.P15250,20,1841,1841:CUB010,female,hand,25.341821151770834,35,4,Fixed microbiome RF,Participant split
1841.F05340,22,1841,1841:NCS212,female,head,28.13523671585296,35,4,Fixed microbiome RF,Participant split
10317.000007117,60,10317,10317:2c2e468c2481938c25962a208bec11d9f0eeca11f8a06d48aa50be31a747dd0327f6137458e4dfda584fc42b4c5f35613440eef5b177a1d0569e16e7432648dd,male,head,43.44668249963757,35,4,Fixed microbiome RF,Participant split
10317.000007115,60,10317,10317:2c2e468c2481938c25962a208bec11d9f0eeca11f8a06d48aa50be31a747dd0327f6137458e4dfda584fc42b4c5f35613440eef5b177a1d0569e16e7432648dd,male,hand,41.41004230965258,35,4,Fixed microbiome RF,Participant split
10317.000007119,60,10317,10317:2c2e468c2481938c25962a208bec11d9f0eeca11f8a06d48aa50be31a747dd0327f6137458e4dfda584fc42b4c5f35613440eef5b177a1d0569e16e7432648dd,male,hand,45.46285805382487,35,4,Fixed microbiome RF,Participant split
1841.P15210,20,1841,1841:CUB049,female,hand,24.05169719373763,35,4,Fixed microbiome RF,Participant split
10317.000003336,74,10317,10317:cc74256c990c430993cd5fc5079433232702a5006ee4a770421edf6482fee08db076f06f1fcf83bacf50a1a592d1fbd51c3edee6f558ab60369868d09a642c78,female,hand,42.51314894273514,35,4,Fixed microbiome RF,Participant split
1841.F05041,23,1841,1841:NCS244,female,head,22.668235757298255,35,4,Fixed microbiome RF,Participant split
1841.F06372,20,1841,1841:CUB010,female,head,26.739644769910267,35,4,Fixed microbiome RF,Participant split
10317.000049839,69,10317,10317:c9253f884608fc319fe8569e8e2979bb54c91a0e0d3c4ff7a4b8f149c7372a1c77029903e0508684d15d336da510bcc78d1e9c1aecbf85c0b6bc664b85990a20,female,hand,47.12962333312241,35,4,Fixed microbiome RF,Participant split
1841.P15237,20,1841,1841:CUB008,male,hand,26.854137910700416,35,4,Fixed microbiome RF,Participant split
10317.000048954,40,10317,10317:1044942a7b8a90539218b4698c4b9c3fcdfa273fbbaae3fd79cc45fa05997f6e566261c304f4eb18014b4d7f09e95259f47b9afe6b589a6d2fabfacc7e2a09b7,male,head,35.77976657466681,35,4,Fixed microbiome RF,Participant split
10317.000048956,40,10317,10317:1044942a7b8a90539218b4698c4b9c3fcdfa273fbbaae3fd79cc45fa05997f6e566261c304f4eb18014b4d7f09e95259f47b9afe6b589a6d2fabfacc7e2a09b7,male,hand,38.40119217555666,35,4,Fixed microbiome RF,Participant split
10317.000048957,40,10317,10317:1044942a7b8a90539218b4698c4b9c3fcdfa273fbbaae3fd79cc45fa05997f6e566261c304f4eb18014b4d7f09e95259f47b9afe6b589a6d2fabfacc7e2a09b7,male,hand,39.99008512772283,35,4,Fixed microbiome RF,Participant split
1841.F05854,21,1841,1841:NAU106,female,head,24.331878563383487,35,4,Fixed microbiome RF,Participant split
1841.F05857,21,1841,1841:NAU106,female,head,27.16323850373484,35,4,Fixed microbiome RF,Participant split
1841.P16078,25,1841,1841:NAU157,male,hand,25.78571892117708,35,4,Fixed microbiome RF,Participant split
10317.000003029,32,10317,10317:fa11b389cb9170b533e6a9c56b69f18fa8798f2970218ed97fe0be0906826592de8a478773a5037053f08aa21d349fcf39e64c85dbd26bd904614d8dd6335cae,male,head,41.76706983461354,35,4,Fixed microbiome RF,Participant split
1841.P15036,21,1841,1841:CUB026,male,hand,24.280676937441626,35,4,Fixed microbiome RF,Participant split
1841.P15032,20,1841,1841:CUB008,male,hand,23.74244877518314,35,4,Fixed microbiome RF,Participant split
1841.F06428,20,1841,1841:CUB008,male,head,23.666739771857877,35,4,Fixed microbiome RF,Participant split
1841.F05191,26,1841,1841:NAU146,female,head,24.729626664185496,35,4,Fixed microbiome RF,Participant split
1841.F05621,23,1841,1841:CUB013,male,head,26.164300292353524,35,4,Fixed microbiome RF,Participant split
1841.F05447,25,1841,1841:NAU157,male,head,28.290693488156734,35,4,Fixed microbiome RF,Participant split
1841.F05990,18,1841,1841:NCS213,female,head,24.404332629176366,35,4,Fixed microbiome RF,Participant split
1841.P15999,21,1841,1841:CUB026,male,hand,23.600799944318958,35,4,Fixed microbiome RF,Participant split
10317.000005262,28,10317,10317:9d5f397f06d407dcb0aa1ac134a406dcc9d133b7241030bf81c3cb01f3341e891530737a66d2693596ab16f97b05b66c20bc630d57221b89a0ecb2db01c1f747,male,head,44.116521251534394,35,4,Fixed microbiome RF,Participant split
10317.000012183,20,10317,10317:dcec02861cff21f48d1c5f3ed86756b2b4a7b0454ada0eebaf563693a8cb77d2a15532e24b80dea64c7e2834c1e81a8c3544105283aac287a4f258b2e279673f,unknown,head,38.665530730010154,35,4,Fixed microbiome RF,Participant split
1841.F05294,25,1841,1841:NAU157,male,head,26.590535861597555,35,4,Fixed microbiome RF,Participant split
1841.F05064,23,1841,1841:NCS244,female,head,23.512498700130276,35,4,Fixed microbiome RF,Participant split
1841.F05876,25,1841,1841:NAU157,male,head,24.326513104950607,35,4,Fixed microbiome RF,Participant split
1841.F06407,21,1841,1841:CUB003,female,head,26.436240460927962,35,4,Fixed microbiome RF,Participant split
1841.F06400,29,1841,1841:CUB011,female,head,23.30968188980137,35,4,Fixed microbiome RF,Participant split
1841.F05603,21,1841,1841:CUB003,female,head,24.033751942501954,35,4,Fixed microbiome RF,Participant split
1841.F05609,20,1841,1841:CUB049,female,head,23.05997271825397,35,4,Fixed microbiome RF,Participant split
1841.P16196,26,1841,1841:NAU146,female,hand,27.57396071810133,35,4,Fixed microbiome RF,Participant split
1841.P16194,26,1841,1841:NAU146,female,hand,27.0255876662145,35,4,Fixed microbiome RF,Participant split
1841.P15177,18,1841,1841:NCS213,female,hand,23.13196787000026,35,4,Fixed microbiome RF,Participant split
1841.P16527,21,1841,1841:CUB026,male,hand,22.96694608343045,35,4,Fixed microbiome RF,Participant split
1841.P16526,22,1841,1841:CUB004,female,hand,24.537196411206175,35,4,Fixed microbiome RF,Participant split
1841.P16522,20,1841,1841:CUB005,female,hand,22.64029333003598,35,4,Fixed microbiome RF,Participant split
1841.P16520,20,1841,1841:CUB049,female,hand,24.296722357503608,35,4,Fixed microbiome RF,Participant split
1841.F06352,20,1841,1841:CUB008,male,head,22.12067706598956,35,4,Fixed microbiome RF,Participant split
10317.000007113,60,10317,10317:2c2e468c2481938c25962a208bec11d9f0eeca11f8a06d48aa50be31a747dd0327f6137458e4dfda584fc42b4c5f35613440eef5b177a1d0569e16e7432648dd,male,hand,40.18175267425591,35,4,Fixed microbiome RF,Participant split
10317.000007112,60,10317,10317:2c2e468c2481938c25962a208bec11d9f0eeca11f8a06d48aa50be31a747dd0327f6137458e4dfda584fc42b4c5f35613440eef5b177a1d0569e16e7432648dd,male,hand,44.78744300286732,35,4,Fixed microbiome RF,Participant split
10317.000007110,60,10317,10317:2c2e468c2481938c25962a208bec11d9f0eeca11f8a06d48aa50be31a747dd0327f6137458e4dfda584fc42b4c5f35613440eef5b177a1d0569e16e7432648dd,male,head,43.80129307583888,35,4,Fixed microbiome RF,Participant split
1841.F06356,20,1841,1841:CUB008,male,head,22.601642727166634,35,4,Fixed microbiome RF,Participant split
1841.F06397,22,1841,1841:CUB004,female,head,25.430171301651566,35,4,Fixed microbiome RF,Participant split
1841.F06391,21,1841,1841:CUB026,male,head,23.50021350585688,35,4,Fixed microbiome RF,Participant split
1841.F05667,22,1841,1841:CUB004,female,head,23.28255238731501,35,4,Fixed microbiome RF,Participant split
1841.F05662,21,1841,1841:CUB003,female,head,23.097065859487735,35,4,Fixed microbiome RF,Participant split
1841.F05660,20,1841,1841:CUB008,male,head,24.17717025237511,35,4,Fixed microbiome RF,Participant split
1841.P16200,21,1841,1841:NAU106,female,hand,24.42747225375694,35,4,Fixed microbiome RF,Participant split
1841.F05484,21,1841,1841:NAU106,female,head,23.33971812399201,35,4,Fixed microbiome RF,Participant split
10317.000015452,45,10317,10317:3483b70983107b3501a2fdeab0f7e00b06ec05b5a7afdf499c410267e4aa99ea36b3643db981cdf6f557435d6ff028c1059e2bc75261e6f468598f093fde8b72,male,head,43.63631100777631,35,4,Fixed microbiome RF,Participant split
10317.000015354,35,10317,10317:3e61f3e0bf34ee92653b3e1a4bce3fbbf22e7a5be5fc03a5c5d44f0d311d4f9ec4e1c0d98964bdbdf2f1d537fbd16c0b62503f50d8923e608eb8aacd64cb9fa3,male,hand,43.60282323938641,35,4,Fixed microbiome RF,Participant split
10317.000015352,35,10317,10317:3e61f3e0bf34ee92653b3e1a4bce3fbbf22e7a5be5fc03a5c5d44f0d311d4f9ec4e1c0d98964bdbdf2f1d537fbd16c0b62503f50d8923e608eb8aacd64cb9fa3,male,head,44.90478542378043,35,4,Fixed microbiome RF,Participant split
10317.000015351,35,10317,10317:3e61f3e0bf34ee92653b3e1a4bce3fbbf22e7a5be5fc03a5c5d44f0d311d4f9ec4e1c0d98964bdbdf2f1d537fbd16c0b62503f50d8923e608eb8aacd64cb9fa3,male,hand,41.63858361586425,35,4,Fixed microbiome RF,Participant split
10317.000031066,42,10317,10317:7335b37622ba1bdd7e488bc6758f7c8fd36c26e43d8fdb09f00e1ae18ff0959bc7f4f27508aebf68b1a500bbc62282d5389c9d49419171cf9e9c946f433596f6,male,hand,39.56384032391467,35,4,Fixed microbiome RF,Participant split
10317.000027703,68,10317,10317:f4417cf9261b7cf7eafdfa7c1e4c2f0b04b7f6a0a74833597eb9f455b64175009de471b6099ea840835964becfbbea46fda6746deaeb30cc1b29201c1259072e,male,head,44.75627111673212,35,4,Fixed microbiome RF,Participant split
1841.F05830,26,1841,1841:NAU146,female,head,26.093877910483776,35,4,Fixed microbiome RF,Participant split
1841.F05345,22,1841,1841:NCS212,female,head,26.60488018020626,35,4,Fixed microbiome RF,Participant split
1841.F05623,22,1841,1841:CUB004,female,head,28.177864390862652,35,4,Fixed microbiome RF,Participant split
1841.P16013,26,1841,1841:NAU146,female,hand,30.889511818542633,35,4,Fixed microbiome RF,Participant split
1841.P16546,22,1841,1841:CUB004,female,hand,23.871578077763747,35,4,Fixed microbiome RF,Participant split
1841.P16549,20,1841,1841:CUB049,female,hand,24.47651798722111,35,4,Fixed microbiome RF,Participant split
1841.P16488,22,1841,1841:NCS212,female,hand,22.60364493145744,35,4,Fixed microbiome RF,Participant split
10317.000015465,69,10317,10317:f468dfbfdc239f0e3bbe1de592c866535d2e70f74b05af2999cd5ac5b39818383c58a904146c605bc773f87fac2da08ddde7d4bedced3110d5c1d3b15657f73e,male,hand,43.5270727367358,35,4,Fixed microbiome RF,Participant split
1841.P15683,29,1841,1841:CUB011,female,hand,24.148661592408196,35,4,Fixed microbiome RF,Participant split
10317.000007034,43,10317,10317:24db95a0fff05317ac8b5599cf1761f34d17a8c471ebd2076362229133486e3aacd033d8185a95ec741839e8194f0f1ea58128c7c0ff69e8f994f15d4f5e3f1d,male,head,43.604880171813186,35,4,Fixed microbiome RF,Participant split
1841.F06557,20,1841,1841:CUB010,female,head,25.02943903962087,35,4,Fixed microbiome RF,Participant split
1841.F05365,18,1841,1841:NCS213,female,head,23.26150923627025,35,4,Fixed microbiome RF,Participant split
1841.F06485,20,1841,1841:CUB008,male,head,22.241324610846668,35,4,Fixed microbiome RF,Participant split
1841.F06481,20,1841,1841:CUB005,female,head,23.36750065781503,35,4,Fixed microbiome RF,Participant split
1841.P16567,20,1841,1841:CUB049,female,hand,22.59032105914918,35,4,Fixed microbiome RF,Participant split
1841.P16564,20,1841,1841:CUB005,female,hand,23.40298114518243,35,4,Fixed microbiome RF,Participant split
10317.000002874,72,10317,10317:9b31e31bf0d472e6a54940cdb8e6b0d019f0fb7b65bd335d54bd01c9fab69bd4d1dc62daf2e3866ab5fbff6c481867676633b204ea04a415899d3087ff6041b9,male,hand,41.03020043193615,35,4,Fixed microbiome RF,Participant split
1841.F05117,26,1841,1841:NAU146,female,head,23.592152552308807,35,4,Fixed microbiome RF,Participant split
1841.F05119,21,1841,1841:NAU106,female,head,22.871253116488692,35,4,Fixed microbiome RF,Participant split
1841.P16600,21,1841,1841:CUB003,female,hand,28.01975955468143,35,4,Fixed microbiome RF,Participant split
1841.P15111,18,1841,1841:NCS213,female,hand,24.815546438210923,35,4,Fixed microbiome RF,Participant split
1841.F05561,21,1841,1841:NAU106,female,head,24.039061590016225,35,4,Fixed microbiome RF,Participant split
10317.000015152,25,10317,10317:bf103398cbf34d2fdf0ce89d2a4729ec061457ba078a27fff88e775557fa7a6206e6693e016f411dfc8700f10c5787107d76b31f1914db25cee356c3ffb2ee1c,male,hand,41.06190410799326,35,4,Fixed microbiome RF,Participant split
10317.000015154,25,10317,10317:bf103398cbf34d2fdf0ce89d2a4729ec061457ba078a27fff88e775557fa7a6206e6693e016f411dfc8700f10c5787107d76b31f1914db25cee356c3ffb2ee1c,male,head,42.4360349943004,35,4,Fixed microbiome RF,Participant split
1841.F06434,20,1841,1841:CUB049,female,head,22.9907316468254,35,4,Fixed microbiome RF,Participant split
10317.000049807,66,10317,10317:4863e557347469643abb13187a4c07e6d82a136b7e8ada704bcc1c6ea30fc2961e36855c2dfe883650d88cef48ae1161802be7c3b874b5f003569b1f51adc309,female,hand,46.77638652110654,35,4,Fixed microbiome RF,Participant split
1841.P15377,23,1841,1841:NCS244,female,hand,25.619868424148315,35,4,Fixed microbiome RF,Participant split
1841.F05177,26,1841,1841:NAU146,female,head,27.915494661588404,35,4,Fixed microbiome RF,Participant split
10317.000005088,34,10317,10317:b74b978649567cb54fc875fffd91ae1e96fe51d67ba3b37beafd17700ef6cc8174703285ab46d656b674c96a535fb1c24429eee1b4c50b47eedb924ba7c66a50,male,head,45.34229888653853,35,4,Fixed microbiome RF,Participant split
1841.F05170,25,1841,1841:NAU157,male,head,26.170356457139356,35,4,Fixed microbiome RF,Participant split
10317.000005084,34,10317,10317:b74b978649567cb54fc875fffd91ae1e96fe51d67ba3b37beafd17700ef6cc8174703285ab46d656b674c96a535fb1c24429eee1b4c50b47eedb924ba7c66a50,male,hand,47.38519012816067,35,4,Fixed microbiome RF,Participant split
10317.000005086,34,10317,10317:b74b978649567cb54fc875fffd91ae1e96fe51d67ba3b37beafd17700ef6cc8174703285ab46d656b674c96a535fb1c24429eee1b4c50b47eedb924ba7c66a50,male,hand,44.23854600336961,35,4,Fixed microbiome RF,Participant split
10317.000038318,45,10317,10317:3b7d34b44f72e95e00448cb043d5340d44117ce7280c30460dfe394894b0822d4c1583a47eb25eb49e50c149a7e5dc6a736132da19792ffbd2156208e0e9cebf,male,head,45.514088221072505,35,4,Fixed microbiome RF,Participant split
1841.F06540,22,1841,1841:CUB004,female,head,25.902680011471368,35,4,Fixed microbiome RF,Participant split
1841.F06012,23,1841,1841:NCS244,female,head,25.2787700630875,35,4,Fixed microbiome RF,Participant split
1841.F05896,26,1841,1841:NAU146,female,head,24.933158858502612,35,4,Fixed microbiome RF,Participant split
10317.000004053,54,10317,10317:7c2ab4fd0ff794379f970934bd5bd789fb515903877b15c3dd2422a09212fc3a5ad62b4d2a149d5d34564a6e8e0488a0c4b1d673016c8a9c4870363225cb4059,female,hand,43.6937773008235,35,4,Fixed microbiome RF,Participant split
1841.P15704,21,1841,1841:NAU106,female,hand,23.863295104978825,35,4,Fixed microbiome RF,Participant split
1841.F06208,25,1841,1841:NAU157,male,head,25.850502684825926,35,4,Fixed microbiome RF,Participant split
1841.P16507,22,1841,1841:CUB004,female,hand,36.67707454349594,35,4,Fixed microbiome RF,Participant split
10317.000063315,25,10317,10317:42aad521c038df949fad8060826afdde769401bb8b33ad632fd3209cd6d04c4e5106446ce4aef7bc16b30a904ca2d9896b24cf2ebff3881ae31264873b61c661,male,hand,36.760817358343836,35,4,Fixed microbiome RF,Participant split
1841.F06560,20,1841,1841:CUB005,female,head,24.066139833410055,35,4,Fixed microbiome RF,Participant split
1841.F06566,20,1841,1841:CUB049,female,head,22.876143578643564,35,4,Fixed microbiome RF,Participant split
10317.000049004,28,10317,10317:1c1595cde947e2229328634b1257ec5f5c6bf890d5eb88d65618fda2567f5b28fe935303746ce0cd8771db48dc0a929a39b186bfef9fe0ee516d2a408a7ff58d,female,hand,36.93614932594727,35,4,Fixed microbiome RF,Participant split
10317.000049005,28,10317,10317:1c1595cde947e2229328634b1257ec5f5c6bf890d5eb88d65618fda2567f5b28fe935303746ce0cd8771db48dc0a929a39b186bfef9fe0ee516d2a408a7ff58d,female,hand,38.65635765957383,35,4,Fixed microbiome RF,Participant split
10317.000049008,28,10317,10317:1c1595cde947e2229328634b1257ec5f5c6bf890d5eb88d65618fda2567f5b28fe935303746ce0cd8771db48dc0a929a39b186bfef9fe0ee516d2a408a7ff58d,female,head,41.83882145472559,35,4,Fixed microbiome RF,Participant split
1841.P15513,25,1841,1841:NAU157,male,hand,30.424584487110007,35,4,Fixed microbiome RF,Participant split
10317.000069003,22,10317,10317:6c9d8d2f421f87624a87ae9bbee457570d9633bf4eaf97f36b65a13462bc290706c4dec83b825a291b12b7a777d237b75c8f935a0f1de4e6ee5b105ab5de7c0c,male,head,38.388503084370534,35,4,Fixed microbiome RF,Participant split
1841.P15727,25,1841,1841:NAU157,male,hand,27.7946715820729,35,4,Fixed microbiome RF,Participant split
1841.P16406,23,1841,1841:NCS244,female,hand,23.45313090065128,35,4,Fixed microbiome RF,Participant split
10317.000009650,53,10317,10317:b565af2054e502f6e52e66e3de2b5e2199b3a8637ef66233b06e6fe02859801a1bae272653dde3b99ca69985f5434f1a2cdf4fde7507455f5740cc3df03b878c,female,head,42.504238317705756,35,4,Fixed microbiome RF,Participant split
1841.F06509,22,1841,1841:CUB004,female,head,28.030983174981326,35,4,Fixed microbiome RF,Participant split
1841.F06505,20,1841,1841:CUB010,female,head,23.764243672993683,35,4,Fixed microbiome RF,Participant split
1841.F06500,29,1841,1841:CUB011,female,head,27.77226429106026,35,4,Fixed microbiome RF,Participant split
10317.000063196,38,10317,10317:441ac85e1bd02fd74bfe5cd7d33fc7e79af9e5986e7d55e177b00f2dadef7b37442c83e626aa9eec53feaf0e250a42f14f03b147a269cd1c57142e99e994ff08,male,hand,51.78871087244725,35,4,Fixed microbiome RF,Participant split
1841.F05058,22,1841,1841:NCS212,female,head,22.85583248725912,35,4,Fixed microbiome RF,Participant split
1841.F06436,21,1841,1841:CUB003,female,head,26.331794394841275,35,4,Fixed microbiome RF,Participant split
10317.000015253,34,10317,10317:b74b978649567cb54fc875fffd91ae1e96fe51d67ba3b37beafd17700ef6cc8174703285ab46d656b674c96a535fb1c24429eee1b4c50b47eedb924ba7c66a50,male,hand,41.0820526247666,35,4,Fixed microbiome RF,Participant split
10317.000015252,34,10317,10317:b74b978649567cb54fc875fffd91ae1e96fe51d67ba3b37beafd17700ef6cc8174703285ab46d656b674c96a535fb1c24429eee1b4c50b47eedb924ba7c66a50,male,head,42.75190007760135,35,4,Fixed microbiome RF,Participant split
10317.000015255,34,10317,10317:b74b978649567cb54fc875fffd91ae1e96fe51d67ba3b37beafd17700ef6cc8174703285ab46d656b674c96a535fb1c24429eee1b4c50b47eedb924ba7c66a50,male,hand,40.1033521995776,35,4,Fixed microbiome RF,Participant split
1841.P15963,20,1841,1841:CUB010,female,hand,23.04730493699962,35,4,Fixed microbiome RF,Participant split
10317.000035234,69,10317,10317:f468dfbfdc239f0e3bbe1de592c866535d2e70f74b05af2999cd5ac5b39818383c58a904146c605bc773f87fac2da08ddde7d4bedced3110d5c1d3b15657f73e,male,head,46.105324307706944,35,4,Fixed microbiome RF,Participant split
10317.000049905,69,10317,10317:f468dfbfdc239f0e3bbe1de592c866535d2e70f74b05af2999cd5ac5b39818383c58a904146c605bc773f87fac2da08ddde7d4bedced3110d5c1d3b15657f73e,male,hand,44.06943245838376,35,4,Fixed microbiome RF,Participant split
10317.000063219,34,10317,10317:a392cbf64e250298f990fe6714ca17e38472972feee9471db99da4dfcfd1fe8b106d9ec41e004081362ba7728e8ac7a9d25f3b658d31bc856798d1c4eabb81c0,male,hand,35.40313679293978,35,4,Fixed microbiome RF,Participant split
1841.F05267,26,1841,1841:NAU146,female,head,23.60187513523306,35,4,Fixed microbiome RF,Participant split
10317.000003550,72,10317,10317:fcb45b6f64ab0b3167524aaa234945c75702e9f45b361a7f3af87c2938b4b5bf8244dd705f8119adf55ee8532be48dc7d72387952b30d9ccda48bdc05fec5797,female,hand,46.616851289837044,35,4,Fixed microbiome RF,Participant split
1841.F06520,21,1841,1841:CUB026,male,head,24.15550917628125,35,4,Fixed microbiome RF,Participant split
1841.F06521,20,1841,1841:CUB049,female,head,23.35646804584304,35,4,Fixed microbiome RF,Participant split
1841.F06529,22,1841,1841:CUB004,female,head,26.923680081814762,35,4,Fixed microbiome RF,Participant split
1841.P15085,20,1841,1841:CUB005,female,hand,24.0169200741891,35,4,Fixed microbiome RF,Participant split
1841.P15080,20,1841,1841:CUB010,female,hand,23.272731147852745,35,4,Fixed microbiome RF,Participant split
1841.P15223,29,1841,1841:CUB011,female,hand,23.353077813998873,35,4,Fixed microbiome RF,Participant split
1841.F06291,21,1841,1841:NAU106,female,head,24.51472888937044,35,4,Fixed microbiome RF,Participant split
10317.000031072,52,10317,10317:704472fc9c96c860a14513fc1c6660f72e2d159bd1dcf6011fcde0750d69d6ace9a9260923b171897ac72f33ec8c0d03721a0dcd0c676e8988974e6e22e4265a,male,hand,45.42421405743613,35,4,Fixed microbiome RF,Participant split
1841.P15948,20,1841,1841:CUB008,male,hand,22.643278769841263,35,4,Fixed microbiome RF,Participant split
1841.P15945,21,1841,1841:CUB003,female,hand,24.548891323779195,35,4,Fixed microbiome RF,Participant split
1841.F06263,25,1841,1841:NAU157,male,head,28.218087218516843,35,4,Fixed microbiome RF,Participant split
10317.000005260,28,10317,10317:9d5f397f06d407dcb0aa1ac134a406dcc9d133b7241030bf81c3cb01f3341e891530737a66d2693596ab16f97b05b66c20bc630d57221b89a0ecb2db01c1f747,male,hand,44.17643471714816,35,4,Fixed microbiome RF,Participant split
10317.000005261,28,10317,10317:9d5f397f06d407dcb0aa1ac134a406dcc9d133b7241030bf81c3cb01f3341e891530737a66d2693596ab16f97b05b66c20bc630d57221b89a0ecb2db01c1f747,male,hand,42.88520934018987,35,4,Fixed microbiome RF,Participant split
10317.000012954,63,10317,10317:9d63053308a543f47f4cbdce91e1eacc49775ab0a34b4fe6f4f120e15d3d44f6915ce2e76324bbbb7aba1077216d23ad37b43118ddc87124bf0fd47327d12161,female,head,47.98565419457888,35,4,Fixed microbiome RF,Participant split
1841.P16332,25,1841,1841:NAU157,male,hand,28.628998311334577,35,4,Fixed microbiome RF,Participant split
1841.P15205,21,1841,1841:CUB003,female,hand,33.15169922403233,35,4,Fixed microbiome RF,Participant split
1841.F05909,18,1841,1841:NCS213,female,head,23.2983443323425,35,4,Fixed microbiome RF,Participant split
1841.P16166,25,1841,1841:NAU157,male,hand,27.451650591732836,35,4,Fixed microbiome RF,Participant split
1841.P15920,22,1841,1841:CUB004,female,hand,24.747865962468907,35,4,Fixed microbiome RF,Participant split
10317.000005289,69,10317,10317:f468dfbfdc239f0e3bbe1de592c866535d2e70f74b05af2999cd5ac5b39818383c58a904146c605bc773f87fac2da08ddde7d4bedced3110d5c1d3b15657f73e,male,head,45.12264629851128,35,4,Fixed microbiome RF,Participant split
1841.F05223,21,1841,1841:NAU106,female,head,22.62825329184704,35,4,Fixed microbiome RF,Participant split
10317.000023667,41,10317,10317:4f4512f9ca8dd41284a2463c8496ef3405ebc0188c8fcb1bacb236d71b61de04174823da6ad26715031b7936e03c152bc15cd335c36b25dee976cfdc089dd6e2,male,head,41.797612771964296,35,4,Fixed microbiome RF,Participant split
1841.P16318,26,1841,1841:NAU146,female,hand,29.61265327143617,35,4,Fixed microbiome RF,Participant split
1841.P16319,26,1841,1841:NAU146,female,hand,29.593551657049268,35,4,Fixed microbiome RF,Participant split
10317.000071442,22,10317,10317:3f7869fcd99617b9f2bf18fbf0bd9979e5887887afaedf57e4fde973b8756b3be0e2e24ed76f875086eaf6c006b354b48c001d1a162093cbffe2caa0db0ecffc,male,head,39.762882781938934,35,4,Fixed microbiome RF,Participant split
10317.000002722,67,10317,10317:552862a47c1f4572c6de06ef045a0b5dfe8124f8167b59fc9e3602a42e27303ea444e307e4d303917535cb422622610350e6897ddbc33a1a70a49944b51adc14,male,head,43.915021833320324,35,4,Fixed microbiome RF,Participant split
1841.P15267,21,1841,1841:CUB003,female,hand,24.038566662606183,35,4,Fixed microbiome RF,Participant split
1841.P15262,20,1841,1841:CUB005,female,hand,24.332522430275674,35,4,Fixed microbiome RF,Participant split
1841.F05084,22,1841,1841:NCS212,female,head,23.28682490609882,35,4,Fixed microbiome RF,Participant split
1841.P16442,22,1841,1841:NCS212,female,hand,23.127226802211805,35,4,Fixed microbiome RF,Participant split
1841.P16092,26,1841,1841:NAU146,female,hand,27.16945037601288,35,4,Fixed microbiome RF,Participant split
10317.000028823,30,10317,10317:98f1f8c9217912fbbec5cd8e5c39acc05c729d5d4b5113f922efc048b9e4b68d2de8c43cb8721151f190923c84f990227a8cdf3359af1f0a5fc59ecd028dabf4,male,head,36.5964860491926,35,4,Fixed microbiome RF,Participant split
1841.F05694,20,1841,1841:CUB005,female,head,26.23744820101316,35,4,Fixed microbiome RF,Participant split
1841.F05692,21,1841,1841:CUB003,female,head,22.342494020481148,35,4,Fixed microbiome RF,Participant split
1841.F05969,18,1841,1841:NCS213,female,head,23.472452404621517,35,4,Fixed microbiome RF,Participant split
1841.P16106,25,1841,1841:NAU157,male,hand,40.4093351543913,35,4,Fixed microbiome RF,Participant split
1841.P16100,26,1841,1841:NAU146,female,hand,23.61616756507381,35,4,Fixed microbiome RF,Participant split
1841.P15310,22,1841,1841:NCS212,female,hand,22.57958387099012,35,4,Fixed microbiome RF,Participant split
10317.000063236,31,10317,10317:9a6b1d64174bf2de76973d430737df42a6c1d222167a33cad37332ade7aaba03e2f1fd87dd65c5bda2ab171d6373490fa6395929f8ff33c6d5acdec0d7035388,male,head,38.97498673893948,35,4,Fixed microbiome RF,Participant split
10317.000014513,43,10317,10317:945445118eb28a47d0311468e8170b2c68dd921cbb868623641758d82330a5f89defc8f3631f8c7f925da369315c0e442e1b32d12fae4688f05b9a40c0167080,male,head,37.979006800647724,35,4,Fixed microbiome RF,Participant split
1841.P15907,20,1841,1841:CUB008,male,hand,23.714825522613342,35,4,Fixed microbiome RF,Participant split
1841.P15909,21,1841,1841:CUB003,female,hand,24.16541711760462,35,4,Fixed microbiome RF,Participant split
1841.P15288,20,1841,1841:CUB049,female,hand,28.345087873217466,35,4,Fixed microbiome RF,Participant split
1841.P15674,20,1841,1841:CUB008,male,hand,24.144774975572677,35,4,Fixed microbiome RF,Participant split
1841.F05206,26,1841,1841:NAU146,female,head,25.955360938403704,35,4,Fixed microbiome RF,Participant split
1841.P16373,20,1841,1841:NAU128,female,hand,26.19058779629275,35,4,Fixed microbiome RF,Participant split
1841.P16596,20,1841,1841:CUB005,female,hand,24.265799443611943,35,4,Fixed microbiome RF,Participant split
1841.P16597,22,1841,1841:CUB004,female,hand,28.60724957291377,35,4,Fixed microbiome RF,Participant split
1841.P16595,20,1841,1841:CUB010,female,hand,23.46443832982895,35,4,Fixed microbiome RF,Participant split
1841.F06586,21,1841,1841:CUB003,female,head,24.803826867576873,35,4,Fixed microbiome RF,Participant split
1841.F06585,29,1841,1841:CUB011,female,head,24.283013119921016,35,4,Fixed microbiome RF,Participant split
1841.F06581,21,1841,1841:CUB003,female,head,27.419566080055205,35,4,Fixed microbiome RF,Participant split
1841.F06588,20,1841,1841:CUB049,female,head,22.309098607683172,35,4,Fixed microbiome RF,Participant split
1841.F06326,29,1841,1841:CUB011,female,head,22.86614384412298,35,4,Fixed microbiome RF,Participant split
1841.P15241,23,1841,1841:CUB013,male,hand,35.701471609916666,35,4,Fixed microbiome RF,Participant split
1841.P15249,20,1841,1841:CUB008,male,hand,24.662807064217247,35,4,Fixed microbiome RF,Participant split
10317.000007122,60,10317,10317:2c2e468c2481938c25962a208bec11d9f0eeca11f8a06d48aa50be31a747dd0327f6137458e4dfda584fc42b4c5f35613440eef5b177a1d0569e16e7432648dd,male,hand,45.836610831864455,35,4,Fixed microbiome RF,Participant split
10317.000007123,60,10317,10317:2c2e468c2481938c25962a208bec11d9f0eeca11f8a06d48aa50be31a747dd0327f6137458e4dfda584fc42b4c5f35613440eef5b177a1d0569e16e7432648dd,male,hand,46.19513336374659,35,4,Fixed microbiome RF,Participant split
10317.000007121,60,10317,10317:2c2e468c2481938c25962a208bec11d9f0eeca11f8a06d48aa50be31a747dd0327f6137458e4dfda584fc42b4c5f35613440eef5b177a1d0569e16e7432648dd,male,head,59.340399355220256,35,4,Fixed microbiome RF,Participant split
1841.P15264,22,1841,1841:CUB004,female,hand,24.326970996814747,35,4,Fixed microbiome RF,Participant split
1841.F05941,18,1841,1841:NCS213,female,head,25.788677544539247,35,4,Fixed microbiome RF,Participant split
1841.F05412,21,1841,1841:NAU106,female,head,24.666828529657472,35,4,Fixed microbiome RF,Participant split
1841.P16129,25,1841,1841:NAU157,male,hand,34.61064435854741,35,4,Fixed microbiome RF,Participant split
10317.000005890,56,10317,10317:33ba8a7afe558034e3f527d8bcded781b3a03f65b84046973746dc39322e5974f8eea69a05cf01664cb731c14698655a03f89a9740b6d8a90c6d209b076ef538,male,hand,40.851600126830476,35,4,Fixed microbiome RF,Participant split
10317.000063212,34,10317,10317:a392cbf64e250298f990fe6714ca17e38472972feee9471db99da4dfcfd1fe8b106d9ec41e004081362ba7728e8ac7a9d25f3b658d31bc856798d1c4eabb81c0,male,head,36.195142992596445,35,4,Fixed microbiome RF,Participant split
10317.000031935,40,10317,10317:1975e7358673c93bbe5c29e1d1c529a83458e54503ca2e451dd8757d3f8bb013669586401169beb5fc69b14ab9cb93ec3b7361560a74fadc26bf03b377c16c85,female,head,41.07271799411021,35,4,Fixed microbiome RF,Participant split
1841.F05671,20,1841,1841:CUB049,female,head,26.60425647269397,35,4,Fixed microbiome RF,Participant split
10317.000015453,46,10317,10317:3483b70983107b3501a2fdeab0f7e00b06ec05b5a7afdf499c410267e4aa99ea36b3643db981cdf6f557435d6ff028c1059e2bc75261e6f468598f093fde8b72,male,hand,42.74398158523398,35,4,Fixed microbiome RF,Participant split
1841.P16524,21,1841,1841:CUB026,male,hand,25.088191675925017,35,4,Fixed microbiome RF,Participant split
1841.P15005,29,1841,1841:CUB011,female,hand,23.816254015082134,35,4,Fixed microbiome RF,Participant split
1841.P15007,21,1841,1841:CUB003,female,hand,24.054103760822503,35,4,Fixed microbiome RF,Participant split
1841.F06305,20,1841,1841:CUB008,male,head,24.431327476870948,35,4,Fixed microbiome RF,Participant split
1841.F06306,20,1841,1841:CUB049,female,head,22.7267527958153,35,4,Fixed microbiome RF,Participant split
10317.000049840,69,10317,10317:c9253f884608fc319fe8569e8e2979bb54c91a0e0d3c4ff7a4b8f149c7372a1c77029903e0508684d15d336da510bcc78d1e9c1aecbf85c0b6bc664b85990a20,female,hand,47.372180820460116,35,4,Fixed microbiome RF,Participant split
10317.000049841,69,10317,10317:c9253f884608fc319fe8569e8e2979bb54c91a0e0d3c4ff7a4b8f149c7372a1c77029903e0508684d15d336da510bcc78d1e9c1aecbf85c0b6bc664b85990a20,female,head,48.74064710806024,35,4,Fixed microbiome RF,Participant split
10317.000068811,23,10317,10317:aa700130bf2ad84f7dfbd70f11a1ed544685dac3b0af8c4231219413d86330f5973915da8180c4eaa587cffc3aa156c9dafbf597461ddd6251fef35831bd365a,male,head,38.04540718908924,35,4,Fixed microbiome RF,Participant split
1841.F06323,22,1841,1841:CUB004,female,head,28.2899055626662,35,4,Fixed microbiome RF,Participant split
1841.F05092,23,1841,1841:NCS244,female,head,23.446282831214607,35,4,Fixed microbiome RF,Participant split
1841.P15029,20,1841,1841:CUB049,female,hand,22.844712058774565,35,4,Fixed microbiome RF,Participant split
1841.P15022,20,1841,1841:CUB010,female,hand,23.7263571889658,35,4,Fixed microbiome RF,Participant split
1841.P15025,21,1841,1841:CUB003,female,hand,25.90051752929753,35,4,Fixed microbiome RF,Participant split
1841.F06368,29,1841,1841:CUB011,female,head,23.566920692987352,35,4,Fixed microbiome RF,Participant split
1841.F06365,20,1841,1841:CUB005,female,head,23.463120720680482,35,4,Fixed microbiome RF,Participant split
1841.F06361,20,1841,1841:CUB008,male,head,23.54589447018839,35,4,Fixed microbiome RF,Participant split
10317.000005290,69,10317,10317:f468dfbfdc239f0e3bbe1de592c866535d2e70f74b05af2999cd5ac5b39818383c58a904146c605bc773f87fac2da08ddde7d4bedced3110d5c1d3b15657f73e,male,hand,44.483113507616345,35,4,Fixed microbiome RF,Participant split
1841.F05630,20,1841,1841:CUB005,female,head,22.6764310893355,35,4,Fixed microbiome RF,Participant split
1841.F05987,18,1841,1841:NCS213,female,head,24.877989718614714,35,4,Fixed microbiome RF,Participant split
1841.P16253,26,1841,1841:NAU146,female,hand,24.951298631923635,35,4,Fixed microbiome RF,Participant split
1841.P16257,25,1841,1841:NAU157,male,hand,27.15226896646974,35,4,Fixed microbiome RF,Participant split
1841.F06170,20,1841,1841:CUB008,male,head,22.736775455447333,35,4,Fixed microbiome RF,Participant split
10317.000035236,69,10317,10317:f468dfbfdc239f0e3bbe1de592c866535d2e70f74b05af2999cd5ac5b39818383c58a904146c605bc773f87fac2da08ddde7d4bedced3110d5c1d3b15657f73e,male,hand,48.87191753679485,35,4,Fixed microbiome RF,Participant split
1841.P15611,20,1841,1841:CUB049,female,hand,23.96516527845111,35,4,Fixed microbiome RF,Participant split
1841.P15612,20,1841,1841:CUB008,male,hand,25.245063496525614,35,4,Fixed microbiome RF,Participant split
1841.P16416,23,1841,1841:NCS244,female,hand,23.78540471168765,35,4,Fixed microbiome RF,Participant split
10317.000015463,69,10317,10317:f468dfbfdc239f0e3bbe1de592c866535d2e70f74b05af2999cd5ac5b39818383c58a904146c605bc773f87fac2da08ddde7d4bedced3110d5c1d3b15657f73e,male,head,43.79485965458054,35,4,Fixed microbiome RF,Participant split
10317.000015464,69,10317,10317:f468dfbfdc239f0e3bbe1de592c866535d2e70f74b05af2999cd5ac5b39818383c58a904146c605bc773f87fac2da08ddde7d4bedced3110d5c1d3b15657f73e,male,hand,42.37639294631257,35,4,Fixed microbiome RF,Participant split
1841.P16553,29,1841,1841:CUB011,female,hand,23.660002310739845,35,4,Fixed microbiome RF,Participant split
1841.P16065,21,1841,1841:NAU106,female,hand,26.450970286861832,35,4,Fixed microbiome RF,Participant split
1841.F06433,21,1841,1841:CUB026,male,head,22.558888186466305,35,4,Fixed microbiome RF,Participant split
1841.F05617,29,1841,1841:CUB011,female,head,23.646821563852818,35,4,Fixed microbiome RF,Participant split
1841.F05612,20,1841,1841:CUB005,female,head,25.875987200299697,35,4,Fixed microbiome RF,Participant split
10317.000027250,26,10317,10317:35ad3a0f8be46af7197f78a77d7f387c0c7eaf6f1a077f0e0176fc9111103db539f114ea70834449cb5b086a49f41113f54c36fb5bbd31c5afcbf0a1d618fe92,male,head,39.94322139200437,35,4,Fixed microbiome RF,Participant split
1841.P15407,18,1841,1841:NCS213,female,hand,23.602418249696214,35,4,Fixed microbiome RF,Participant split
1841.F05476,25,1841,1841:NAU157,male,head,25.365613105826927,35,4,Fixed microbiome RF,Participant split
1841.F06031,22,1841,1841:NCS212,female,head,23.63465798179613,35,4,Fixed microbiome RF,Participant split
1841.P15989,22,1841,1841:CUB004,female,hand,25.219430216621827,35,4,Fixed microbiome RF,Participant split
1841.P15181,18,1841,1841:NCS213,female,hand,25.347080610361868,35,4,Fixed microbiome RF,Participant split
1841.P15365,22,1841,1841:NCS212,female,hand,23.220128664442715,35,4,Fixed microbiome RF,Participant split
1841.F05288,25,1841,1841:NAU157,male,head,25.054466437415346,35,4,Fixed microbiome RF,Participant split
1841.F05287,25,1841,1841:NAU157,male,head,27.151751662732693,35,4,Fixed microbiome RF,Participant split
1841.F05867,25,1841,1841:NAU157,male,head,31.03169308807057,35,4,Fixed microbiome RF,Participant split
1841.P16513,29,1841,1841:CUB011,female,hand,24.5877439903248,35,4,Fixed microbiome RF,Participant split
1841.P16510,20,1841,1841:CUB005,female,hand,24.15827302476398,35,4,Fixed microbiome RF,Participant split
10317.000009071,31,10317,10317:48fd24a3221f83a24f4307730fea531db77cc72647a64a29ffcf0dd97f7305deea2b1e3c1cba32b3cbe473a91330373f80b78deedad17f887fccce56f5ebe393,male,head,43.536640533994564,35,4,Fixed microbiome RF,Participant split
10317.000009073,31,10317,10317:48fd24a3221f83a24f4307730fea531db77cc72647a64a29ffcf0dd97f7305deea2b1e3c1cba32b3cbe473a91330373f80b78deedad17f887fccce56f5ebe393,male,hand,39.28131234852137,35,4,Fixed microbiome RF,Participant split
1841.F06413,20,1841,1841:CUB008,male,head,24.154222226968944,35,4,Fixed microbiome RF,Participant split
1841.F06417,20,1841,1841:CUB010,female,head,23.44968753468754,35,4,Fixed microbiome RF,Participant split
1841.F06511,20,1841,1841:CUB005,female,head,23.658136883541296,35,4,Fixed microbiome RF,Participant split
1841.F05502,20,1841,1841:CUB010,female,head,22.154246508699636,35,4,Fixed microbiome RF,Participant split
1841.P15790,25,1841,1841:NAU157,male,hand,26.24530605254846,35,4,Fixed microbiome RF,Participant split
1841.P15798,21,1841,1841:NAU106,female,hand,25.782833110516936,35,4,Fixed microbiome RF,Participant split
1841.P16530,20,1841,1841:CUB010,female,hand,22.810315908050285,35,4,Fixed microbiome RF,Participant split
1841.P15427,22,1841,1841:NCS212,female,hand,23.631603055938086,35,4,Fixed microbiome RF,Participant split
1841.P15420,22,1841,1841:NCS212,female,hand,23.623971728306085,35,4,Fixed microbiome RF,Participant split
1841.F06190,20,1841,1841:CUB049,female,head,22.919721246514484,35,4,Fixed microbiome RF,Participant split
1841.P16214,25,1841,1841:NAU157,male,hand,27.818886351495735,35,4,Fixed microbiome RF,Participant split
1841.P16213,25,1841,1841:NAU157,male,hand,27.37441247682056,35,4,Fixed microbiome RF,Participant split
1841.P15054,21,1841,1841:CUB026,male,hand,24.611738962630497,35,4,Fixed microbiome RF,Participant split
1841.P15231,22,1841,1841:CUB004,female,hand,27.706030776880265,35,4,Fixed microbiome RF,Participant split
10317.000040133,65,10317,10317:2b9cd37b03a34e4fed908599b8aedfd4277f38cd704e2625664f495885508a6c40fe8b88f3c9b254c454e5fdcaeef45ed360aa3202dd2bd6326d6e5df964004a,male,head,47.69366865744156,35,4,Fixed microbiome RF,Participant split
1841.P15168,18,1841,1841:NCS213,female,hand,22.620687194749696,35,4,Fixed microbiome RF,Participant split
1841.P15163,18,1841,1841:NCS213,female,hand,23.430186560103838,35,4,Fixed microbiome RF,Participant split
1841.P15304,23,1841,1841:NCS244,female,hand,22.856448638167397,35,4,Fixed microbiome RF,Participant split
1841.F05806,20,1841,1841:NAU128,female,head,24.23139927780554,35,4,Fixed microbiome RF,Participant split
1841.F05802,25,1841,1841:NAU157,male,head,24.417803534990554,35,4,Fixed microbiome RF,Participant split
10317.000003638,58,10317,10317:c9e234a8b8023dc52f81b36210303deb253ee13dabc6022044eb5536429962a7f2dc5854ff06cadbb8969d2e2464fe3ed6ff0808a6c48037574abd2313962f88,female,head,26.94476504382515,22,0,Fixed microbiome RF,Leave study out
10317.000087026,50,10317,10317:9556b26ba73292c840427f56d0913d9372bd8a0285daab53c83800b8972dbbba507f9182b997a497c8a055076429cf80e4a5a7c313c7b1a6d508774a769bb61d,male,hand,27.317097103818867,22,0,Fixed microbiome RF,Leave study out
10317.000049806,66,10317,10317:4863e557347469643abb13187a4c07e6d82a136b7e8ada704bcc1c6ea30fc2961e36855c2dfe883650d88cef48ae1161802be7c3b874b5f003569b1f51adc309,female,head,28.838416635802968,22,0,Fixed microbiome RF,Leave study out
10317.000004984,61,10317,10317:4fcea5cd0a1bce2d5eabe662e771f90edf941650014bd56668c6086d789fa2cff4cfcf939a865e51ba74bb1cbabc385ec9acbcc1b41ee41e0ddd437171849719,female,head,25.892441221515746,22,0,Fixed microbiome RF,Leave study out
10317.000068792,39,10317,10317:0610dc25baabfb768bd6465f009077ba740694d1c37591ea165a6eed61b038ba1fd9167c4f0efbd5cd490953bcd66ea07e9d8b594234539c2e566f09dd0e4699,male,hand,26.3374466832753,22,0,Fixed microbiome RF,Leave study out
10317.000015209,60,10317,10317:f85c35ccb1de86d528e1bc924109d3f1ef2725eff131fffbb4f955f2bf62f99d01df00160e393e9c7ca1eba714fcb5547b4952bd7ca8fbba07e51e58be5c6410,unknown,hand,27.492307025313217,22,0,Fixed microbiome RF,Leave study out
10317.000020453,42,10317,10317:717a010ecae247e17c0d75cdc08151d79ef870155f338e469f89c0489311881fcd9a409c1f2f17cbfdb5c5e655cd7b7ba153016ff78cd3d0326a1da4bbbbe1b4,male,head,26.670043606884274,22,0,Fixed microbiome RF,Leave study out
10317.000005565,53,10317,10317:2bbbda8f68f57e1c57d3e97ada9c16a61165e5a3a31f556df77429e4efca7c8de4a4dd989152a974f15603348945abd6a2335caec0d3d6fe9e7136e3865909bc,male,hand,31.54989717312467,22,0,Fixed microbiome RF,Leave study out
10317.000005564,53,10317,10317:2bbbda8f68f57e1c57d3e97ada9c16a61165e5a3a31f556df77429e4efca7c8de4a4dd989152a974f15603348945abd6a2335caec0d3d6fe9e7136e3865909bc,male,head,27.517736929860764,22,0,Fixed microbiome RF,Leave study out
10317.000005566,53,10317,10317:2bbbda8f68f57e1c57d3e97ada9c16a61165e5a3a31f556df77429e4efca7c8de4a4dd989152a974f15603348945abd6a2335caec0d3d6fe9e7136e3865909bc,male,hand,28.967832395061862,22,0,Fixed microbiome RF,Leave study out
10317.000006913,50,10317,10317:9efe5bb96e044b67cb80fc4069443555b8751175a7004a0a040349274f4aeacaa0bdcc77fe15bf3b071a944c2c9d4c02decf67f559f2a2d31615e4e98ed3e904,unknown,head,27.228747478013652,22,0,Fixed microbiome RF,Leave study out
10317.000004238,58,10317,10317:37d8f6f7e4e484018175eb77bb7510245502c3c3d85c9a1874de9d25b0c5fe27d21dbcbe36e8c6663360590a8287912cd7e945311f2e50e46afc4ca3b709cc02,male,head,27.422123591000616,22,0,Fixed microbiome RF,Leave study out
10317.000004236,58,10317,10317:37d8f6f7e4e484018175eb77bb7510245502c3c3d85c9a1874de9d25b0c5fe27d21dbcbe36e8c6663360590a8287912cd7e945311f2e50e46afc4ca3b709cc02,male,hand,28.006253582707597,22,0,Fixed microbiome RF,Leave study out
10317.000004237,58,10317,10317:37d8f6f7e4e484018175eb77bb7510245502c3c3d85c9a1874de9d25b0c5fe27d21dbcbe36e8c6663360590a8287912cd7e945311f2e50e46afc4ca3b709cc02,male,hand,27.770773736842052,22,0,Fixed microbiome RF,Leave study out
10317.000068943,39,10317,10317:aa8c21f5078bc7371b21ffbe19854212c26e4ba8b087307ab121b615566704bf41428d321554791b675f216db7f7d1922190d57c119c58c01ff5e6a1b7a11da3,male,head,28.504788779658004,22,0,Fixed microbiome RF,Leave study out
10317.000049906,69,10317,10317:f468dfbfdc239f0e3bbe1de592c866535d2e70f74b05af2999cd5ac5b39818383c58a904146c605bc773f87fac2da08ddde7d4bedced3110d5c1d3b15657f73e,male,head,25.92332436490532,22,0,Fixed microbiome RF,Leave study out
10317.000049240,56,10317,10317:bd91fc26c20a7652fc421fee2aa75624e4db7f68e0e4fde846745c30bb976e46e87f9660bdf0cea293a6b1ddf22122f6376d2be385445805fa204dd33e6dc905,male,hand,27.289616750719887,22,0,Fixed microbiome RF,Leave study out
10317.000049241,56,10317,10317:bd91fc26c20a7652fc421fee2aa75624e4db7f68e0e4fde846745c30bb976e46e87f9660bdf0cea293a6b1ddf22122f6376d2be385445805fa204dd33e6dc905,male,hand,27.157521233519013,22,0,Fixed microbiome RF,Leave study out
10317.000010182,33,10317,10317:723b6b9cc65e7b32325680590272929f0ac00ca96b80b0fab7d4f3aa989891c4e461f3d54e5d04cec753535eff24d840aca7c4484f9aaf9507e8c09d37fc902b,unknown,head,28.495669165752485,22,0,Fixed microbiome RF,Leave study out
10317.000063344,29,10317,10317:e8fffa963380c63cba1d064de83b3a91000831ddbab3f8b56168ee1903063a0900f0a9b07f79b2f4a728ad7af62c82a718d51b95ccc1f12d6d1d3ce257c151f7,female,head,27.9874519691309,22,0,Fixed microbiome RF,Leave study out
10317.000063164,29,10317,10317:03c0867966fe2299eb3b09291d5f0834310bdf5fceed9c9b7b397570bf8f2d2adaeb945c824ff0cb407abaf691b8173cfa03c4f8eb17e6dd9f6eda17502e66e4,male,head,28.073688816471854,22,0,Fixed microbiome RF,Leave study out
10317.000023128,41,10317,10317:d05b6995db48f6c9db978b1b5ca6e64fdb449b3a00c92813c529766f03bd685a588b170ad83cf571cc7835590556a3954f74f0426fa772dd2e7a9a365c327784,male,head,28.962582015637036,22,0,Fixed microbiome RF,Leave study out
10317.000015501,58,10317,10317:39bccde315a4d2e26bd21d11d8612666496433302b42a988f2e86dbe04d585b4ed30f82357ad21121e121b84ba5b37d2ecaf536b10e6faf7bae853217d2e1db6,male,hand,27.52730554735441,22,0,Fixed microbiome RF,Leave study out
10317.000015451,46,10317,10317:3483b70983107b3501a2fdeab0f7e00b06ec05b5a7afdf499c410267e4aa99ea36b3643db981cdf6f557435d6ff028c1059e2bc75261e6f468598f093fde8b72,male,hand,25.29111555579074,22,0,Fixed microbiome RF,Leave study out
10317.000002260,52,10317,10317:aa101e557d45d2c4a31a1d301fd4c574f8a5fc0833b116d35789d31262e1e05a55d401f9b79aeba4e9d3eba2940a8eb96f2f5b422ec59ccfd8c6811d9cd18c8d,female,head,26.62080271309049,22,0,Fixed microbiome RF,Leave study out
10317.000014679,45,10317,10317:766b16ee6b65383664f73d4720f92c408604f3862a3ca0910ef13758df6833a4e132f7a6a180a0e66a7a0de4de722b7c7dcbbdfe09b051de250e1c70364291e9,female,head,26.576707287802304,22,0,Fixed microbiome RF,Leave study out
10317.000068979,34,10317,10317:39f71cf33f09de164d937b070afbdb0ae6316326fe838edc8aeebb9c941d1edd0c4b841e5e1b5c435cf9310595d4cb9a17a4d2777234628da9e9e7e1cc78e36f,male,head,28.156913225839656,22,0,Fixed microbiome RF,Leave study out
10317.000005637,32,10317,10317:8e6d5660e04b428afe96bc9b82f94ffbde8b593ec7e7a39e6d802ccde219bc29f29c18ff10e18b4c6a067ce34878d5cc2b0addc2b1e539d565c014f00b4d3452,unknown,hand,27.04503325282274,22,0,Fixed microbiome RF,Leave study out
10317.000005636,32,10317,10317:8e6d5660e04b428afe96bc9b82f94ffbde8b593ec7e7a39e6d802ccde219bc29f29c18ff10e18b4c6a067ce34878d5cc2b0addc2b1e539d565c014f00b4d3452,unknown,hand,26.678562763015503,22,0,Fixed microbiome RF,Leave study out
10317.000005634,32,10317,10317:8e6d5660e04b428afe96bc9b82f94ffbde8b593ec7e7a39e6d802ccde219bc29f29c18ff10e18b4c6a067ce34878d5cc2b0addc2b1e539d565c014f00b4d3452,unknown,head,27.845288580055275,22,0,Fixed microbiome RF,Leave study out
10317.000003410,49,10317,10317:d1910a1a76a8f78681bcb07a5bd97d35113c3770a82cd58a4cc41bbd0f24a54931c4699e445992cd3590ec9d1ae2db92ad3f118ade23b3ab902226bfb6b6915f,male,head,28.61228625411341,22,0,Fixed microbiome RF,Leave study out
10317.000003207,56,10317,10317:8ce2fa4322344d737377931be840bf961f38b556f4fa437394b744900c1501895f7f56793071423d8af658d690902a9fb79c2d372eb011251cc952c8b26e075b,female,head,27.510094048743884,22,0,Fixed microbiome RF,Leave study out
10317.000005159,29,10317,10317:80ed9beefa64e1af619f5d370d79a21b435d10677f5b936ec3554234d47090f2a865337c8ff29f55d3cfc78a4c4fcf22efe713697872112639889bda9805a03e,male,hand,26.54973784622956,22,0,Fixed microbiome RF,Leave study out
10317.000015151,25,10317,10317:bf103398cbf34d2fdf0ce89d2a4729ec061457ba078a27fff88e775557fa7a6206e6693e016f411dfc8700f10c5787107d76b31f1914db25cee356c3ffb2ee1c,male,hand,27.43959016967532,22,0,Fixed microbiome RF,Leave study out
10317.000041070,31,10317,10317:71e5fd7acb649ca95a67898db0fec25f330aaadd054f9606a2bf895d9748f5f2dbb072b66b2f8cbb341c64bf56f1d46adf1543d0cd7406a94c113f4c63d7e45a,female,hand,27.484751148956065,22,0,Fixed microbiome RF,Leave study out
10317.000005219,40,10317,10317:1d0709acc0c4aa263f168023a3a96ba1e15b95b6c4da81b87f5ddab0fd7d047df0459ece7e25369bc5583a334c204f19a8ed16ff150ddaef72703a971dafa3b9,male,hand,25.14486072542643,22,0,Fixed microbiome RF,Leave study out
10317.000049828,37,10317,10317:810a1cfb40a1b8da310e777113e7a6fa79ef435b2348c768e4213fd5c5dc7e3b2dfebad107eeb75d35a31c7a30a00b8e06c8bf1e32f03c95301328ac8be56fbf,male,head,26.907709369696228,22,0,Fixed microbiome RF,Leave study out
10317.000015976,66,10317,10317:414c5f35ed69875718a4e654e86d9ae09236801e1b9600a2d4851f548bd46eec37144f9d5a5816365a76c4dcc4550e15afddf35bb18d7f072fece2fae39cd58b,male,head,28.552654068453087,22,0,Fixed microbiome RF,Leave study out
10317.000063308,25,10317,10317:42aad521c038df949fad8060826afdde769401bb8b33ad632fd3209cd6d04c4e5106446ce4aef7bc16b30a904ca2d9896b24cf2ebff3881ae31264873b61c661,male,head,29.473949416910234,22,0,Fixed microbiome RF,Leave study out
10317.000007695,53,10317,10317:2001cd96b41443702fff754af1697cfbdfad013781990354ba66abf4ba4c1619b3b03ab3cbeff986588254af06fd1bb16cb541da65af96468b507f8eedd4e51f,female,hand,28.605311658927697,22,0,Fixed microbiome RF,Leave study out
10317.000007696,53,10317,10317:2001cd96b41443702fff754af1697cfbdfad013781990354ba66abf4ba4c1619b3b03ab3cbeff986588254af06fd1bb16cb541da65af96468b507f8eedd4e51f,female,hand,29.110303829839392,22,0,Fixed microbiome RF,Leave study out
10317.000048946,25,10317,10317:fd658c211decf8560568703bb1621dc7ab2972b0403502579cb6058df268644a35e2777929b99fcec24a21c8dac8e433694e070c10166c3c162dc7d93491b7c9,unknown,hand,27.42552870556212,22,0,Fixed microbiome RF,Leave study out
10317.000048947,25,10317,10317:fd658c211decf8560568703bb1621dc7ab2972b0403502579cb6058df268644a35e2777929b99fcec24a21c8dac8e433694e070c10166c3c162dc7d93491b7c9,unknown,head,26.39833784285552,22,0,Fixed microbiome RF,Leave study out
10317.000014492,38,10317,10317:8167c948b0e4857e3fbff706939d373dfab22f6bc351971e2c12e88b854e32580973e05481786c5d02d11e4a9e8f81f300e8ce5b8120172a96b4e37d555a8c90,male,head,26.748679522757158,22,0,Fixed microbiome RF,Leave study out
10317.000041057,33,10317,10317:cc7a72730c7716b41648ac90728f72eb759bd32caaa07b60e4db721abd907a2e38b19314c602ce3a7b19a7634037bd360e4d54c532513a267152129589e536de,male,hand,27.012468432024757,22,0,Fixed microbiome RF,Leave study out
10317.000003105,30,10317,10317:5917a22ca19367d0c27accc713d8781a073c9c1934d011ac6932648afb15315a7093a032134132de091a4406951dc0cf1616e1458c99936fe5356f19385255c0,male,head,26.04239197032333,22,0,Fixed microbiome RF,Leave study out
10317.000012153,39,10317,10317:11a164f633168118e0565026872fa35afedfe2bae4497973a70320675455a4b33dc3ad7a7c30d5087e7928b80c4f712a6b4192465f4342ce940fa7e45758084d,female,hand,27.939132493940964,22,0,Fixed microbiome RF,Leave study out
10317.000068781,27,10317,10317:81381621a969782bdf9c1f120f5b0aff5f61963b498785f38baad9308e26b0be6260f7823e90d20fd377699c2619a523364a2456157fdbfffc70dd29d0b09941,male,hand,25.864206470271974,22,0,Fixed microbiome RF,Leave study out
10317.000010809,63,10317,10317:4f1f526cf557e60e9ce5eb0de9d3dd98225fb7747813f64b3d82c6051d735e3b82dfb7abb4f089fb6d86848d907502d663cb4d69dad26574b00e58d0fc884610,male,head,26.571787406550005,22,0,Fixed microbiome RF,Leave study out
10317.000005235,55,10317,10317:45e54011490a1e8319d45ba35b5c9c687e4ec395fd00d5bd3b927f21b897135e002c9c488ced29f5644e9cc87c9d6d420ce68c9a95f88b151cd7a4c6182ead64,male,hand,27.71438959075145,22,0,Fixed microbiome RF,Leave study out
10317.000015057,80,10317,10317:8dd14dd80ae9b69218b4942e80486ca4299a19f9342258835b868633bfa7bff6581b9102dd034b2a58f5ea1a74b8a2ec5b06b38aca104935d0e20a6925b670f2,unknown,head,28.519169516542377,22,0,Fixed microbiome RF,Leave study out
10317.000068986,34,10317,10317:39f71cf33f09de164d937b070afbdb0ae6316326fe838edc8aeebb9c941d1edd0c4b841e5e1b5c435cf9310595d4cb9a17a4d2777234628da9e9e7e1cc78e36f,male,hand,27.691821559266845,22,0,Fixed microbiome RF,Leave study out
10317.000002497,37,10317,10317:247ebb14f6dfcf8839f209aeb66c1f16f579162fc35aab08f18db6328b9ebbe7785cbc9394ed8d5c92ea65a93f9129469fbd86e96009e7e4f2ac54540bbf9d4f,male,head,26.292431731958533,22,0,Fixed microbiome RF,Leave study out
10317.000063327,36,10317,10317:5cac11f98d016720bf90c511d008405a6bd9d9a9f5d68939414a0cad29cedd0b2aba4673b7615fc76fb17b76523634ebb166e93c77804249ebc70ba37d6de287,female,hand,28.9105782723585,22,0,Fixed microbiome RF,Leave study out
10317.000036462,38,10317,10317:da8f8a7d664c63431a657d0d888c46bf1f7bec532219c7d97227d8de3bc94ea035161f6a5e94118648a14d399a93b7d0e7cb68f1add742cb0d0d825f410a501d,male,hand,24.8075742456152,22,0,Fixed microbiome RF,Leave study out
10317.000063320,36,10317,10317:5cac11f98d016720bf90c511d008405a6bd9d9a9f5d68939414a0cad29cedd0b2aba4673b7615fc76fb17b76523634ebb166e93c77804249ebc70ba37d6de287,female,head,27.906308774721673,22,0,Fixed microbiome RF,Leave study out
10317.000034638,64,10317,10317:b03b7d707e125ba38f6ae4345eb6389f63c2caed719f3d69552e392dbe3d40c17b9f8b97c1e801df3731171dea8ebdb990b7f88d87da78c626beccba0003cf7f,female,head,25.257861700821486,22,0,Fixed microbiome RF,Leave study out
10317.000034639,64,10317,10317:b03b7d707e125ba38f6ae4345eb6389f63c2caed719f3d69552e392dbe3d40c17b9f8b97c1e801df3731171dea8ebdb990b7f88d87da78c626beccba0003cf7f,female,hand,26.56325373478766,22,0,Fixed microbiome RF,Leave study out
10317.000063188,38,10317,10317:441ac85e1bd02fd74bfe5cd7d33fc7e79af9e5986e7d55e177b00f2dadef7b37442c83e626aa9eec53feaf0e250a42f14f03b147a269cd1c57142e99e994ff08,male,head,27.940088568714145,22,0,Fixed microbiome RF,Leave study out
10317.000005361,67,10317,10317:673c8ce01f6c4b5120fb00380499db5eeb6a2fb55f33a66a36d79a28f321105b432b54532ecd02900640e027e6baa65fe94b194fa11f3a0eaf97f6abf95c9417,unknown,hand,27.138231200034756,22,0,Fixed microbiome RF,Leave study out
10317.000068818,23,10317,10317:aa700130bf2ad84f7dfbd70f11a1ed544685dac3b0af8c4231219413d86330f5973915da8180c4eaa587cffc3aa156c9dafbf597461ddd6251fef35831bd365a,male,hand,27.939242461102147,22,0,Fixed microbiome RF,Leave study out
10317.000048369,30,10317,10317:0c2dd9543685a21b0e6e26055bb6623e91dd2d77a34a450a1f4c666e6c8726990361f37c3c84c16b86b8d7ac7ac715d380ccc2006772a5e62b5bda6c41b96f13,male,head,25.27752260772678,22,0,Fixed microbiome RF,Leave study out
10317.000003167,56,10317,10317:ca3c1391f1ca6877569a02ad1a4bb08ec17ce43eb36e67a75c7021c818e8b0fc35d4d9d4f88d36031ef5d86fe5d42f004195994d262cc11012d12140268e85ba,male,hand,25.846680137926597,22,0,Fixed microbiome RF,Leave study out
10317.000063296,26,10317,10317:9a079253652d16fa017050fd68017b646c3c734b4c96ca593236c537806682233e513b33fb850475266ef28a5c34e9297ffbd213ef416263b306bfae257d1aef,male,head,27.705313434188717,22,0,Fixed microbiome RF,Leave study out
10317.000015381,34,10317,10317:88f4fbcf0ceb456e7f8e8447af039f0dc2670ad52972600d23a04b60152370409f6b57086023803ce52591376f998806f80e260d50d06764bbb66d26d1b5553e,female,hand,27.98012865112799,22,0,Fixed microbiome RF,Leave study out
10317.000015383,34,10317,10317:88f4fbcf0ceb456e7f8e8447af039f0dc2670ad52972600d23a04b60152370409f6b57086023803ce52591376f998806f80e260d50d06764bbb66d26d1b5553e,female,head,26.67604394969815,22,0,Fixed microbiome RF,Leave study out
10317.000015382,34,10317,10317:88f4fbcf0ceb456e7f8e8447af039f0dc2670ad52972600d23a04b60152370409f6b57086023803ce52591376f998806f80e260d50d06764bbb66d26d1b5553e,female,hand,27.73170876572751,22,0,Fixed microbiome RF,Leave study out
10317.000009093,35,10317,10317:360142d429f5a04200879be165fb723bf12539081381440cf759835fb3170ff29aaa9a46fc10cd08978857e2a1b86e035e65a80f5deb8234c611dcce54708792,male,head,26.958380098485957,22,0,Fixed microbiome RF,Leave study out
10317.000069111,29,10317,10317:03c0867966fe2299eb3b09291d5f0834310bdf5fceed9c9b7b397570bf8f2d2adaeb945c824ff0cb407abaf691b8173cfa03c4f8eb17e6dd9f6eda17502e66e4,male,head,26.794126595360883,22,0,Fixed microbiome RF,Leave study out
10317.000069118,29,10317,10317:03c0867966fe2299eb3b09291d5f0834310bdf5fceed9c9b7b397570bf8f2d2adaeb945c824ff0cb407abaf691b8173cfa03c4f8eb17e6dd9f6eda17502e66e4,male,hand,28.664841768586275,22,0,Fixed microbiome RF,Leave study out
10317.000066824,29,10317,10317:7f8b5599423e74bb4268af85d143fbeed68370b2eaa79f6e6facbcf10974040d6ef4afefb5ff2aab1f618ba97f2eecc39b0621fb60a556425670ca9606d4aa0c,male,head,27.544320031584267,22,0,Fixed microbiome RF,Leave study out
10317.000049908,69,10317,10317:f468dfbfdc239f0e3bbe1de592c866535d2e70f74b05af2999cd5ac5b39818383c58a904146c605bc773f87fac2da08ddde7d4bedced3110d5c1d3b15657f73e,male,hand,27.477023370966446,22,0,Fixed microbiome RF,Leave study out
10317.000005597,74,10317,10317:7ba032cf20a095821627a110ab26bb5c1b92a9eec7dc65f29d2b0b7c0f2dece8e620882864fff5d7d829b5d72d5061c1b402d6fba6e4e8a623373670f402b87e,male,hand,27.750194397121696,22,0,Fixed microbiome RF,Leave study out
10317.000008202,47,10317,10317:7cc5c069db6eab6ca70adb3c38c792d60541ae6bc238d37452ba179cd855f4eef887ff1ee7a82c8e3ed38d80f5ec6216acf1971f02f4a9426720ed8515710296,male,head,26.931024154085566,22,0,Fixed microbiome RF,Leave study out
10317.000008200,46,10317,10317:48d391496558e01a0104b2b5a59686340e1e6a0399c13717e18c37dc683db8cf9db7b16ae3e331f1f78373cf02cfc7c9565ca3f6b2d6eae259d9401e7d93b863,female,head,27.578242829996135,22,0,Fixed microbiome RF,Leave study out
10317.000015186,26,10317,10317:cb8ea224a3bb7ef53bf08da62860c079b5996441cbbb6ef11fbe09454172198e57a65569937d0e57c98a2327cfe4b04a55969cdda8eed8fc5f998c2468e4920a,male,hand,25.521193170076945,22,0,Fixed microbiome RF,Leave study out
10317.000015188,26,10317,10317:cb8ea224a3bb7ef53bf08da62860c079b5996441cbbb6ef11fbe09454172198e57a65569937d0e57c98a2327cfe4b04a55969cdda8eed8fc5f998c2468e4920a,male,head,26.485568545066553,22,0,Fixed microbiome RF,Leave study out
10317.000009107,36,10317,10317:537aafb62a3a3b2aaa192863f0b56d8fa9e292bcf83e78ffff10ffa372470a7d9db35cb40b3e2ab58fbc446c04a2e5b7b934e0feab0f0dce92c02f9e59476330,male,head,26.980182249020952,22,0,Fixed microbiome RF,Leave study out
10317.000063284,29,10317,10317:c78075767b35e039a0b606f8a727e3fc3e2823715abe6a1c7c9956e664a6ff667e1ed5a2426907b56b3a7776221005afb7b5f38d5a651d25074abdbea76cec2f,male,head,29.647162776111024,22,0,Fixed microbiome RF,Leave study out
10317.000029543,48,10317,10317:c86071d17549b1edea0c1ee4fd08d1f8f445ff93e7557a199712b7b28cc1547cf0bf2fbe6c28e355b5a962568aa61b5f158ed2022969d51ccb413287f708fe10,female,head,26.218196411498695,22,0,Fixed microbiome RF,Leave study out
10317.000066848,27,10317,10317:73bf3573928ab6f8e0dbef1783c99aa8c96f8a341909051dbaaf5e003778464fdf40cee56b971bea2c557859ebdc3351dddc89230df6458726716c8fe13e3583,female,head,27.920797818243493,22,0,Fixed microbiome RF,Leave study out
10317.000066843,27,10317,10317:75e7facbcee6190c9bd0ec55d33af511592981c1851bc62c90ffa060b30d59451c3407b0344a1357b33b8a653eb1ab6517c15e9f6f193c447e3882c2ada31e9a,male,hand,31.3064334762032,22,0,Fixed microbiome RF,Leave study out
10317.000003085,53,10317,10317:8665422eb8a1ffd2fa3c26bdc0bd4cb3cd47439a5631922ac7af3c45be2274db8dfab19dc80c4bb5237d7035d95768044a90af2a19499f5e5af50d527a6174c7,female,hand,26.954621797485412,22,0,Fixed microbiome RF,Leave study out
10317.000022099,41,10317,10317:e4503538e12701b45b371c7ed670bd3ae6eba6dbfd41e21b14c030e3e6c626aaaf69513c82f4fb7a3e531ea834a73f16c57799fb90f66a9da07d8b3b8dc4b486,male,head,28.094645986110635,22,0,Fixed microbiome RF,Leave study out
10317.000015212,34,10317,10317:356171d003a70eda05dbc44ca7f1c23e803cbba14631a5247db7774ba0e837cd853a804b6bc41bc084b8849021f84c1c780ad04856231b70f72faf5ef5b4bcbf,male,hand,26.849543353047984,22,0,Fixed microbiome RF,Leave study out
10317.000029487,62,10317,10317:1c1b943df02cc46512abc94ff23e6a911e98427d63e06b7083bbfc52367f051a310a8bc2a0c971a6302a5550414d984988f69258ecf789af12a5f5e19514d5cf,male,head,28.25886700477209,22,0,Fixed microbiome RF,Leave study out
10317.000015222,53,10317,10317:ee6b0199d11ab9c50774b9e56abce9e5b0601741d7922866f57f5c638ca8cf822c2cfa394a8707365a589b0a6368c20df23f66a6c845f66e662b0742e5937eb4,male,hand,31.76536045784576,22,0,Fixed microbiome RF,Leave study out
10317.000015221,53,10317,10317:ee6b0199d11ab9c50774b9e56abce9e5b0601741d7922866f57f5c638ca8cf822c2cfa394a8707365a589b0a6368c20df23f66a6c845f66e662b0742e5937eb4,male,head,31.594072075655475,22,0,Fixed microbiome RF,Leave study out
10317.000015308,36,10317,10317:feea3e83f7040193068cefe3fbcc20f2ea1091f85bfe70ce251294e52b9fe96590bdfd79bae84e89f8a0e8adb68da76d13e4c631cd02e8440870e7ffa4c40c5d,female,head,27.30288025904564,22,0,Fixed microbiome RF,Leave study out
10317.000005071,62,10317,10317:95709cc58235ffbd909b031216643693df4dbc827ae14fc247eebb0528bfbea20bc16e3572da9168ccfd0829b33c756aa63ed4ce9ba244ce6bdf5ef97c44e85f,female,hand,27.81077978373086,22,0,Fixed microbiome RF,Leave study out
10317.000005070,62,10317,10317:95709cc58235ffbd909b031216643693df4dbc827ae14fc247eebb0528bfbea20bc16e3572da9168ccfd0829b33c756aa63ed4ce9ba244ce6bdf5ef97c44e85f,female,hand,27.087892498362578,22,0,Fixed microbiome RF,Leave study out
10317.000005079,33,10317,10317:a29fd754368cde4d06c428f68fac03a5f07bc4192f8ad6f00b4dead3a90b4f2a07cda53d353c8eebcdf472b25a87cc69592d2bcf0fae7f901a0ee6e9cff063c9,male,head,25.482645227676663,22,0,Fixed microbiome RF,Leave study out
10317.000005291,69,10317,10317:f468dfbfdc239f0e3bbe1de592c866535d2e70f74b05af2999cd5ac5b39818383c58a904146c605bc773f87fac2da08ddde7d4bedced3110d5c1d3b15657f73e,male,hand,27.57966443139324,22,0,Fixed microbiome RF,Leave study out
10317.000007078,48,10317,10317:63aa1010fee4655f80a2fd1ca92db0c9c662b7ff7dfeccd99a08edb7b7f5af8b2df1c92465690a27ee6aad1207495376abce78f3ddeffc05da0acb099f8efdb8,male,hand,25.424107329180764,22,0,Fixed microbiome RF,Leave study out
10317.000007079,48,10317,10317:63aa1010fee4655f80a2fd1ca92db0c9c662b7ff7dfeccd99a08edb7b7f5af8b2df1c92465690a27ee6aad1207495376abce78f3ddeffc05da0acb099f8efdb8,male,hand,25.702917773220793,22,0,Fixed microbiome RF,Leave study out
10317.000006732,55,10317,10317:ed020761c7ba4f7a64f3ebf12adc7f8dad56d9bd7b209c08e63fb95be9af9360fa3cebe2bcedac211a2b46ffd9478544970ca36098a278521a67c91e153cdc45,female,head,27.498435761067963,22,0,Fixed microbiome RF,Leave study out
10317.000066867,29,10317,10317:03c0867966fe2299eb3b09291d5f0834310bdf5fceed9c9b7b397570bf8f2d2adaeb945c824ff0cb407abaf691b8173cfa03c4f8eb17e6dd9f6eda17502e66e4,male,hand,29.170595704315296,22,0,Fixed microbiome RF,Leave study out
10317.000066866,29,10317,10317:03c0867966fe2299eb3b09291d5f0834310bdf5fceed9c9b7b397570bf8f2d2adaeb945c824ff0cb407abaf691b8173cfa03c4f8eb17e6dd9f6eda17502e66e4,male,hand,27.596265825665846,22,0,Fixed microbiome RF,Leave study out
10317.000066861,29,10317,10317:03c0867966fe2299eb3b09291d5f0834310bdf5fceed9c9b7b397570bf8f2d2adaeb945c824ff0cb407abaf691b8173cfa03c4f8eb17e6dd9f6eda17502e66e4,male,head,28.475098906634962,22,0,Fixed microbiome RF,Leave study out
10317.000066868,29,10317,10317:03c0867966fe2299eb3b09291d5f0834310bdf5fceed9c9b7b397570bf8f2d2adaeb945c824ff0cb407abaf691b8173cfa03c4f8eb17e6dd9f6eda17502e66e4,male,hand,28.668824149462477,22,0,Fixed microbiome RF,Leave study out
10317.000003535,46,10317,10317:4aa35b33ec066f163b8daeb1b8200f17ece0f58ed4de27fc1acf828c8864cb5dfb93c989fb4315cfe8721c8eed0e468a5da3102ea9bc9c107e0b214c031f5e1d,female,hand,27.040337319148477,22,0,Fixed microbiome RF,Leave study out
10317.000043162,86,10317,10317:969959b6a56c892088c6fec4a090bc9d7786704432d85dd70c0b376f3082c1743c5522532f4a6139e760de6add314a67dddb22fcaef7e05d6f73095cd5be1d95,female,hand,25.285433972561346,22,0,Fixed microbiome RF,Leave study out
10317.000049833,61,10317,10317:d37889cdecdba46fdb19bb31c950ed36c9b3a1da31fbac08e9ee2ff35bc8af2ce5a4b24631b63e876500eb54df716ba82caddd429a437e61d996dab1bd51de32,female,hand,25.90982294765336,22,0,Fixed microbiome RF,Leave study out
10317.000069142,34,10317,10317:2fe8dc51162640ecda81c266c7b13a12fa0b362550125c042231ebf311ae65b5597119ff4c21bc3e0d2daf7c54569db93c6d59b2cd8c7abd7c7e43d806b66718,male,hand,27.340653872983392,22,0,Fixed microbiome RF,Leave study out
10317.000068842,36,10317,10317:1828cb0e8db79ff7771af2763605e12af956358756170093e17230a4ffb081fdfb2040dc65ff286b54429aedd73f9630fd5d98b9a5ad628c6116a74fb994dcf8,male,hand,27.92429223971529,22,0,Fixed microbiome RF,Leave study out
10317.000015207,60,10317,10317:f85c35ccb1de86d528e1bc924109d3f1ef2725eff131fffbb4f955f2bf62f99d01df00160e393e9c7ca1eba714fcb5547b4952bd7ca8fbba07e51e58be5c6410,unknown,hand,27.634872901743183,22,0,Fixed microbiome RF,Leave study out
10317.000015208,60,10317,10317:f85c35ccb1de86d528e1bc924109d3f1ef2725eff131fffbb4f955f2bf62f99d01df00160e393e9c7ca1eba714fcb5547b4952bd7ca8fbba07e51e58be5c6410,unknown,head,27.127516328970795,22,0,Fixed microbiome RF,Leave study out
10317.000032844,34,10317,10317:2f99bf4f7ec4110bbb356ecafe18a81cf99c407dc04127efbbe24227d256b81c690640ad22fa2a115f1adb9a603c2509999f0325292f5ad6c80144726ff29fb3,male,head,26.30686274785598,22,0,Fixed microbiome RF,Leave study out
10317.000069075,22,10317,10317:62da411fb1daa598c9de6fec6d4999096c07c935e32acd264bd45573737d7ca012c560ebc6a3ff42a617cdb54d7d364fb719fc379b15ab5e772bbf3a7356dbde,female,head,27.95534817874913,22,0,Fixed microbiome RF,Leave study out
10317.000007766,37,10317,10317:33f6eb641f0e5c66654a93864fec0950724028557f530a644e104dc1d7f29bec16c25352f4cffae510cf433760537423b71c5a032a7e279e0c197c4df1d601a4,male,head,27.069744473795815,22,0,Fixed microbiome RF,Leave study out
10317.000007764,37,10317,10317:33f6eb641f0e5c66654a93864fec0950724028557f530a644e104dc1d7f29bec16c25352f4cffae510cf433760537423b71c5a032a7e279e0c197c4df1d601a4,male,head,25.68188389368902,22,0,Fixed microbiome RF,Leave study out
10317.000063243,31,10317,10317:9a6b1d64174bf2de76973d430737df42a6c1d222167a33cad37332ade7aaba03e2f1fd87dd65c5bda2ab171d6373490fa6395929f8ff33c6d5acdec0d7035388,male,hand,27.75823502822805,22,0,Fixed microbiome RF,Leave study out
10317.000007760,38,10317,10317:33f6eb641f0e5c66654a93864fec0950724028557f530a644e104dc1d7f29bec16c25352f4cffae510cf433760537423b71c5a032a7e279e0c197c4df1d601a4,male,head,25.74893486456191,22,0,Fixed microbiome RF,Leave study out
10317.000062190,29,10317,10317:03c0867966fe2299eb3b09291d5f0834310bdf5fceed9c9b7b397570bf8f2d2adaeb945c824ff0cb407abaf691b8173cfa03c4f8eb17e6dd9f6eda17502e66e4,male,head,27.083150802456466,22,0,Fixed microbiome RF,Leave study out
10317.000009079,24,10317,10317:78d12b80b1c72aca05eb432fc60c9d17e9d26e9976af5f011f95b27013837975271da44deb87ae11ab5d17f776090675276d08a78b15a8ad0920edeb6e7b75b0,male,head,25.691544286817486,22,0,Fixed microbiome RF,Leave study out
10317.000040126,46,10317,10317:103ec97d34a8daf110102310e23be292392f51db75531458f8f135039cb11fbaeed1ebd8c2cbfd97772d62c72352ab5c467dccf59885d5c82f03531039a41827,female,head,26.366020450343587,22,0,Fixed microbiome RF,Leave study out
10317.000002877,39,10317,10317:f73c970ebbe4576dac4346e12bd70d852fd2fad299e544aaabe76119ae6772ae189eebd9acc9c024c6a0bf917496f24b6520712b5200889e9afdeb9ed347f9e9,female,head,26.882466102375457,22,0,Fixed microbiome RF,Leave study out
10317.000049876,74,10317,10317:7ba032cf20a095821627a110ab26bb5c1b92a9eec7dc65f29d2b0b7c0f2dece8e620882864fff5d7d829b5d72d5061c1b402d6fba6e4e8a623373670f402b87e,male,head,27.114451110574457,22,0,Fixed microbiome RF,Leave study out
10317.000051534,32,10317,10317:e6e5e53d1a49b2c6511917e62c6123eb734a4571e659825bd125323520a41405bcfee1e3c00e87a30d6cc80dd238a6b93e170970d11ec86eafa0326cdd2dcc04,male,head,27.561278739598386,22,0,Fixed microbiome RF,Leave study out
10317.000051536,37,10317,10317:ff0768b01a1b6fd95f392b3c03b42f32fff2e917781b9ebb95b1bc13edfb801fc07ff383bd863ecb6e436ef6280bcfe138564e3de25075730af8842b4f95ecab,female,head,26.017364817897835,22,0,Fixed microbiome RF,Leave study out
10317.000005457,48,10317,10317:9f89ce9cb3dd20b1b698031ff7eb1f66511855e4c05edd9fc525916e365f4d81ff5e46e5432e82c4e4cc62f66a9167138f3bce9a784b0404333ee6c82e195bd6,male,hand,27.379628182709677,22,0,Fixed microbiome RF,Leave study out
10317.000068823,29,10317,10317:03c0867966fe2299eb3b09291d5f0834310bdf5fceed9c9b7b397570bf8f2d2adaeb945c824ff0cb407abaf691b8173cfa03c4f8eb17e6dd9f6eda17502e66e4,male,head,27.045102813081762,22,0,Fixed microbiome RF,Leave study out
10317.000069058,31,10317,10317:198ec54664604b9ea87e10f11a6d8349037bf3b4e018e7fb9998979245d8f2079c24bef91d79183b5ff2e19efdc4c846a59dec7189d1fe7235717e66307e1a72,male,hand,27.447112316001427,22,0,Fixed microbiome RF,Leave study out
10317.000069051,31,10317,10317:198ec54664604b9ea87e10f11a6d8349037bf3b4e018e7fb9998979245d8f2079c24bef91d79183b5ff2e19efdc4c846a59dec7189d1fe7235717e66307e1a72,male,head,28.018347803618035,22,0,Fixed microbiome RF,Leave study out
10317.000013240,61,10317,10317:a84b06b11ebbd693b0e846d7e1ba1453494db9a71f5caf6fec89add9c1975ce94b16e1f8ac9b930f61e3219bcfc133702ec58308eee167152209a8c2852123c9,male,head,26.57186876633923,22,0,Fixed microbiome RF,Leave study out
10317.000063224,27,10317,10317:d7b643e267e7874c9fe80600f02183b6cd3019f0fda406b979f05d309d5050c0a106d81fd0d61ac23e2600faaf7da552f0258df8aa6be5e41a39e6b37828c99d,female,head,30.01891571777616,22,0,Fixed microbiome RF,Leave study out
10317.000005021,30,10317,10317:2c781cf584aee5d39efce29589579b7dd2febe3a4bfa62c60433de1447518df5880335cd63d2437a93a394f955e59f77d49504cf3a905aa0691d531a5832b69b,female,hand,28.591670504960938,22,0,Fixed microbiome RF,Leave study out
10317.000005458,47,10317,10317:9f89ce9cb3dd20b1b698031ff7eb1f66511855e4c05edd9fc525916e365f4d81ff5e46e5432e82c4e4cc62f66a9167138f3bce9a784b0404333ee6c82e195bd6,male,head,28.86917447390267,22,0,Fixed microbiome RF,Leave study out
10317.000068806,30,10317,10317:219fdff6b9dcec67c1aa0b866cb025d68ac35295256f63c520911912293fe0849d61cd408675c0305a5c92df708363f8172fc8e6969982b5a49c4e44d28547fb,female,hand,29.256979212026813,22,0,Fixed microbiome RF,Leave study out
10317.000005578,33,10317,10317:356171d003a70eda05dbc44ca7f1c23e803cbba14631a5247db7774ba0e837cd853a804b6bc41bc084b8849021f84c1c780ad04856231b70f72faf5ef5b4bcbf,male,hand,27.48205641347398,22,0,Fixed microbiome RF,Leave study out
10317.000005574,33,10317,10317:356171d003a70eda05dbc44ca7f1c23e803cbba14631a5247db7774ba0e837cd853a804b6bc41bc084b8849021f84c1c780ad04856231b70f72faf5ef5b4bcbf,male,head,26.351946161322292,22,0,Fixed microbiome RF,Leave study out
10317.000007117,60,10317,10317:2c2e468c2481938c25962a208bec11d9f0eeca11f8a06d48aa50be31a747dd0327f6137458e4dfda584fc42b4c5f35613440eef5b177a1d0569e16e7432648dd,male,head,27.909027031316423,22,0,Fixed microbiome RF,Leave study out
10317.000007115,60,10317,10317:2c2e468c2481938c25962a208bec11d9f0eeca11f8a06d48aa50be31a747dd0327f6137458e4dfda584fc42b4c5f35613440eef5b177a1d0569e16e7432648dd,male,hand,28.015581488583614,22,0,Fixed microbiome RF,Leave study out
10317.000007119,60,10317,10317:2c2e468c2481938c25962a208bec11d9f0eeca11f8a06d48aa50be31a747dd0327f6137458e4dfda584fc42b4c5f35613440eef5b177a1d0569e16e7432648dd,male,hand,28.294602613699585,22,0,Fixed microbiome RF,Leave study out
10317.000069034,22,10317,10317:a6a72ae91b2b02c8ea4cfe12d58d98ebe5b424cd88d36f8b84e1deec1b971b6c50e1fbca139d0b8b67d6f73821c7922d555844d105af99dd4813cd966993df6f,male,hand,26.242444696352116,22,0,Fixed microbiome RF,Leave study out
10317.000069039,33,10317,10317:65a6735483d4ca756511921efab48bd0d5eefe9702c613c1e3f7065f8b20659da904045df6fb243bf7e1be352dea97d0ceb0c7ccdca5fabb1fd01324d1e414cf,male,head,27.754649494701983,22,0,Fixed microbiome RF,Leave study out
10317.000046210,26,10317,10317:2cadcc9c9bb4b3018c35f7012a5f45417f5e7d3c5a8205a3e266e3994e6d3a312146e795ee10a538d9dcde6a356e15798fdfc96aea7f23df2c8c505d8bb465a4,female,head,25.747947284932298,22,0,Fixed microbiome RF,Leave study out
10317.000003336,74,10317,10317:cc74256c990c430993cd5fc5079433232702a5006ee4a770421edf6482fee08db076f06f1fcf83bacf50a1a592d1fbd51c3edee6f558ab60369868d09a642c78,female,hand,26.35971698329967,22,0,Fixed microbiome RF,Leave study out
10317.000005420,54,10317,10317:d63484fec8c78056306a841bf283219a2f4dd6eb40568afb6e401ef1dd5a23f563b4e42b92eda0d4b87cc502d1158abf83fac1a38b7a4166f4374fd6ec75beaa,female,head,27.010783209872386,22,0,Fixed microbiome RF,Leave study out
10317.000005421,54,10317,10317:d63484fec8c78056306a841bf283219a2f4dd6eb40568afb6e401ef1dd5a23f563b4e42b92eda0d4b87cc502d1158abf83fac1a38b7a4166f4374fd6ec75beaa,female,hand,29.16519424023907,22,0,Fixed microbiome RF,Leave study out
10317.000005598,74,10317,10317:7ba032cf20a095821627a110ab26bb5c1b92a9eec7dc65f29d2b0b7c0f2dece8e620882864fff5d7d829b5d72d5061c1b402d6fba6e4e8a623373670f402b87e,male,hand,27.496587096119715,22,0,Fixed microbiome RF,Leave study out
10317.000005594,74,10317,10317:7ba032cf20a095821627a110ab26bb5c1b92a9eec7dc65f29d2b0b7c0f2dece8e620882864fff5d7d829b5d72d5061c1b402d6fba6e4e8a623373670f402b87e,male,head,27.361801110999842,22,0,Fixed microbiome RF,Leave study out
10317.000015183,55,10317,10317:45e54011490a1e8319d45ba35b5c9c687e4ec395fd00d5bd3b927f21b897135e002c9c488ced29f5644e9cc87c9d6d420ce68c9a95f88b151cd7a4c6182ead64,male,hand,26.701835111684762,22,0,Fixed microbiome RF,Leave study out
10317.000015182,55,10317,10317:45e54011490a1e8319d45ba35b5c9c687e4ec395fd00d5bd3b927f21b897135e002c9c488ced29f5644e9cc87c9d6d420ce68c9a95f88b151cd7a4c6182ead64,male,head,26.835354115348075,22,0,Fixed microbiome RF,Leave study out
10317.000015184,55,10317,10317:45e54011490a1e8319d45ba35b5c9c687e4ec395fd00d5bd3b927f21b897135e002c9c488ced29f5644e9cc87c9d6d420ce68c9a95f88b151cd7a4c6182ead64,male,hand,25.710806351556744,22,0,Fixed microbiome RF,Leave study out
10317.000049733,36,10317,10317:79bbc1c5c663e0434d917d65535beeb68d902da75556dbb9bc561129718387ed15c630d65f4716cbeb02ed871a1e5044d2cd04da381361681f4a0793ca85598d,male,hand,26.365347469536346,22,0,Fixed microbiome RF,Leave study out
10317.000049732,36,10317,10317:79bbc1c5c663e0434d917d65535beeb68d902da75556dbb9bc561129718387ed15c630d65f4716cbeb02ed871a1e5044d2cd04da381361681f4a0793ca85598d,male,hand,27.04713443588718,22,0,Fixed microbiome RF,Leave study out
10317.000063416,36,10317,10317:702fbc8dfcb76217e73344a0a11dd54afca4b678302097929bc6cc1cadce5d5fc80da1e599a9d752eea1f081540d8b89772bcb670f71f2d38a11bdce484be812,female,head,28.334261233546066,22,0,Fixed microbiome RF,Leave study out
10317.000049831,61,10317,10317:d37889cdecdba46fdb19bb31c950ed36c9b3a1da31fbac08e9ee2ff35bc8af2ce5a4b24631b63e876500eb54df716ba82caddd429a437e61d996dab1bd51de32,female,head,26.976343274684734,22,0,Fixed microbiome RF,Leave study out
10317.000049839,69,10317,10317:c9253f884608fc319fe8569e8e2979bb54c91a0e0d3c4ff7a4b8f149c7372a1c77029903e0508684d15d336da510bcc78d1e9c1aecbf85c0b6bc664b85990a20,female,hand,27.758032863284928,22,0,Fixed microbiome RF,Leave study out
10317.000023059,74,10317,10317:7903469fb68001b987d8ac0d762e78777829661f7bb380ee87598fe94e18cb4f57d8029bf74c2f1db263f07017cfe1291af68c5ba65cfcdfc3998fff8bf67e81,female,head,26.08629562565566,22,0,Fixed microbiome RF,Leave study out
10317.000069015,24,10317,10317:5bdd4aaf66380106e9a8cb6501a1fb4b37d078e2284e7a3cc179877b6b0db9ae596a7d760657f364b5592c1578ae5b8068df09c4ebd6be82e32cfcd9e5fd6c55,male,head,26.161617007086154,22,0,Fixed microbiome RF,Leave study out
10317.000005577,34,10317,10317:356171d003a70eda05dbc44ca7f1c23e803cbba14631a5247db7774ba0e837cd853a804b6bc41bc084b8849021f84c1c780ad04856231b70f72faf5ef5b4bcbf,male,hand,26.863782134626682,22,0,Fixed microbiome RF,Leave study out
10317.000027763,32,10317,10317:cc923c4395f942a7be06745a9437731d12a282545bc59fe0b238fef4ed14300cab1a65ed16964ba9a8f4c846101d7788077d138343a7acc82f00e6b9375b6efb,male,hand,26.405567587511104,22,0,Fixed microbiome RF,Leave study out
10317.000069063,29,10317,10317:03c0867966fe2299eb3b09291d5f0834310bdf5fceed9c9b7b397570bf8f2d2adaeb945c824ff0cb407abaf691b8173cfa03c4f8eb17e6dd9f6eda17502e66e4,male,head,27.737768177224563,22,0,Fixed microbiome RF,Leave study out
10317.000003339,73,10317,10317:b8164f6522d265b137471f7142d4362a35a7a4dfd6f21aada5888456dda2bfbdda36900f4edf71d621587e3c79a92da70f421d07fe905890c57c4ec4d421335e,female,hand,27.94779197387163,22,0,Fixed microbiome RF,Leave study out
10317.000072302,41,10317,10317:400d83c79d0086701c4c33b64a7e55f4f464325c35db42f0fed54c6d6f796d9b7943607ae3434897302c87033bd2704c82d5bed240c95f743566d2b3fd469f57,female,head,26.740337182845582,22,0,Fixed microbiome RF,Leave study out
10317.000048954,40,10317,10317:1044942a7b8a90539218b4698c4b9c3fcdfa273fbbaae3fd79cc45fa05997f6e566261c304f4eb18014b4d7f09e95259f47b9afe6b589a6d2fabfacc7e2a09b7,male,head,26.445783348033547,22,0,Fixed microbiome RF,Leave study out
10317.000048956,40,10317,10317:1044942a7b8a90539218b4698c4b9c3fcdfa273fbbaae3fd79cc45fa05997f6e566261c304f4eb18014b4d7f09e95259f47b9afe6b589a6d2fabfacc7e2a09b7,male,hand,26.872481496459823,22,0,Fixed microbiome RF,Leave study out
10317.000048957,40,10317,10317:1044942a7b8a90539218b4698c4b9c3fcdfa273fbbaae3fd79cc45fa05997f6e566261c304f4eb18014b4d7f09e95259f47b9afe6b589a6d2fabfacc7e2a09b7,male,hand,27.187756503478187,22,0,Fixed microbiome RF,Leave study out
10317.000003029,32,10317,10317:fa11b389cb9170b533e6a9c56b69f18fa8798f2970218ed97fe0be0906826592de8a478773a5037053f08aa21d349fcf39e64c85dbd26bd904614d8dd6335cae,male,head,25.924657046461896,22,0,Fixed microbiome RF,Leave study out
10317.000003025,44,10317,10317:99e188b8ec5527a3ad82cb7cca4318dabe62c69e2ab959f3d9bd68b4ac2521f3f32364757e49c2f7ee2f82a39fb74f6008ab75e1b82c5f6b2bf1ba4869f0b4ff,male,head,28.1171519853087,22,0,Fixed microbiome RF,Leave study out
10317.000017775,56,10317,10317:95161bf754ca78bbc6736e1276a0c069dd937e05defae03a23b5b34bc3f3e0325898e86cd7fd838de6514fbeb888d6634c7497e3855ab1d45839d35295e2ba95,male,head,26.461073120514556,22,0,Fixed microbiome RF,Leave study out
10317.000049768,66,10317,10317:5e5f5fc79a512a180eb0cd63fa75b7307715996b1aff58edbefb0ed0d6548904bf74f95a466efb9525a910f69150d98cfae7b1c55b9bf3e278b402a8439e8d4c,male,head,26.767453246718542,22,0,Fixed microbiome RF,Leave study out
10317.000049767,66,10317,10317:5e5f5fc79a512a180eb0cd63fa75b7307715996b1aff58edbefb0ed0d6548904bf74f95a466efb9525a910f69150d98cfae7b1c55b9bf3e278b402a8439e8d4c,male,hand,26.728562088826784,22,0,Fixed microbiome RF,Leave study out
10317.000049766,66,10317,10317:5e5f5fc79a512a180eb0cd63fa75b7307715996b1aff58edbefb0ed0d6548904bf74f95a466efb9525a910f69150d98cfae7b1c55b9bf3e278b402a8439e8d4c,male,hand,27.104145021215295,22,0,Fixed microbiome RF,Leave study out
10317.000049763,52,10317,10317:00069244bd1f2b8987ec0be407f83eec727bd40dde9ff15d05497f7db0f60f551d4af74463256aae7abd00d1a3180ca506bd16e684d859304c2864b1c7e4a8f6,male,head,26.27657659745422,22,0,Fixed microbiome RF,Leave study out
10317.000049762,52,10317,10317:00069244bd1f2b8987ec0be407f83eec727bd40dde9ff15d05497f7db0f60f551d4af74463256aae7abd00d1a3180ca506bd16e684d859304c2864b1c7e4a8f6,male,hand,25.99324189454349,22,0,Fixed microbiome RF,Leave study out
10317.000005359,67,10317,10317:673c8ce01f6c4b5120fb00380499db5eeb6a2fb55f33a66a36d79a28f321105b432b54532ecd02900640e027e6baa65fe94b194fa11f3a0eaf97f6abf95c9417,unknown,head,27.8686621547353,22,0,Fixed microbiome RF,Leave study out
10317.000002088,52,10317,10317:d12b3488162547d96d3669a939c33c47bb7e94f9db76d64dbd76d7bcd6ccf5dc1c2202772cb5712605a51d28e9a8109105db0a01b5d13f55512047b95056356b,male,head,28.796988960890396,22,0,Fixed microbiome RF,Leave study out
10317.000004928,55,10317,10317:169fc8e4a87bbb9fd81677779eb46fc8c4e57700e8a9fe6448edd4c1b573f6c2885cef43b7349fe9fa37dfd3379bc8b84b536aefeb7c6610a495bc898a20d1b7,female,hand,26.570756255864744,22,0,Fixed microbiome RF,Leave study out
10317.000022189,57,10317,10317:83129c2b229f0d9fb6e870c62c2b01797d6f2d1e18875a4474c1d621fd4239f0509c12f293d0febfee93496a315d1b8ed8f7d66b9046ea392b2913819b93632c,female,head,26.82924746349808,22,0,Fixed microbiome RF,Leave study out
10317.000063450,29,10317,10317:012c33f74519c193ec10f17ef58846a7db07b462e5497db82c40fedc4ca3edac7e3c610143fdb11e0e0617da7dcd562ee2bf2be850227286ef06ab72c6361d25,male,head,26.0475543624813,22,0,Fixed microbiome RF,Leave study out
10317.000041369,42,10317,10317:c9f8653bd4ebdf70f189788ed1bc962f7b89716eac15b10fba77e815cba9483cbb0ce452ea8acd0cd27b17a9a599ec7023e375a67fa1551bb8a70af168495dd3,male,head,26.195857182373608,22,0,Fixed microbiome RF,Leave study out
10317.000040147,34,10317,10317:338bb7890bb4108f90b5027f8ffed6cd6fd3fb3d5a8f0bfa9f16a9dc184403e392c5429f663b0c7929ed1a431187e38fb9303f5d93da105fda803ec085f157e6,male,head,28.062002940628737,22,0,Fixed microbiome RF,Leave study out
10317.000005262,28,10317,10317:9d5f397f06d407dcb0aa1ac134a406dcc9d133b7241030bf81c3cb01f3341e891530737a66d2693596ab16f97b05b66c20bc630d57221b89a0ecb2db01c1f747,male,head,26.934642072059678,22,0,Fixed microbiome RF,Leave study out
10317.000012183,20,10317,10317:dcec02861cff21f48d1c5f3ed86756b2b4a7b0454ada0eebaf563693a8cb77d2a15532e24b80dea64c7e2834c1e81a8c3544105283aac287a4f258b2e279673f,unknown,head,28.230061296259702,22,0,Fixed microbiome RF,Leave study out
10317.000048386,59,10317,10317:7e311968682a8a9e2268ae2d13c8b70ca7ce45f11d29b24932473b816f814e56f115793ba0ca9a91710fda8ae01664aab7b94207e18484fb0b45616cab408ea5,female,head,26.747396672811902,22,0,Fixed microbiome RF,Leave study out
10317.000048387,59,10317,10317:7e311968682a8a9e2268ae2d13c8b70ca7ce45f11d29b24932473b816f814e56f115793ba0ca9a91710fda8ae01664aab7b94207e18484fb0b45616cab408ea5,female,hand,26.912959491977205,22,0,Fixed microbiome RF,Leave study out
10317.000048388,21,10317,10317:30d7ca7c505d10cb4c76c0443a75de8f2f826d67386377db4fa33b8983b7e1be84ec36794891a1993f919a1c5c528a78e39e90c8c94320bc3b555e3aa3643685,female,head,25.408293140256884,22,0,Fixed microbiome RF,Leave study out
10317.000048389,21,10317,10317:30d7ca7c505d10cb4c76c0443a75de8f2f826d67386377db4fa33b8983b7e1be84ec36794891a1993f919a1c5c528a78e39e90c8c94320bc3b555e3aa3643685,female,hand,26.29263787012571,22,0,Fixed microbiome RF,Leave study out
10317.000007131,39,10317,10317:8b672a386ead28ace9c7eaea68003a8d0be6651cf9544c799a49155c372bc6524d53fd7aae5b008caced52ac352c5fe0a4810a846032621cf2d9fc79200e1218,unknown,hand,28.023800084605114,22,0,Fixed microbiome RF,Leave study out
10317.000030149,27,10317,10317:1a5e088d33b2528cfe40203fda9bfcd0dc35268782b9d69c13311dd8036aba48919cd2bc59d125b4622ddb34b727a0f4ee6ab054d9cba2d3fd100fcbe69d7a21,female,head,27.43961993617753,22,0,Fixed microbiome RF,Leave study out
10317.000010743,57,10317,10317:e3d63efad86b6ba5702575dbdf508760336727d94a56fa3563ac83a3936884e3760920dec88797bbb8362b8e7199a290f7746e80e9991d22fa187e1e4b2b0f25,male,head,28.157782802260215,22,0,Fixed microbiome RF,Leave study out
10317.000023967,37,10317,10317:9992b77d3934e6dedb1d00b22ce9dc2dbe00f7d81c1170230af7cace8324f4a479f87014fc077e6d8426aed7c84ab99cb32e3b88919ce65bb012aef6e28c6a0a,male,head,27.238098767197148,22,0,Fixed microbiome RF,Leave study out
10317.000049121,62,10317,10317:cf42e22cb0b5def3e5fb85e3eedb9fec63ec3614a7783d0ac195975b575a9863d801522f080d492d8032502dfbef61ba79d17264597f600354ba3cb662748955,male,head,25.120463240154667,22,0,Fixed microbiome RF,Leave study out
10317.000005419,54,10317,10317:d63484fec8c78056306a841bf283219a2f4dd6eb40568afb6e401ef1dd5a23f563b4e42b92eda0d4b87cc502d1158abf83fac1a38b7a4166f4374fd6ec75beaa,female,hand,27.420172733405373,22,0,Fixed microbiome RF,Leave study out
10317.000015223,53,10317,10317:ee6b0199d11ab9c50774b9e56abce9e5b0601741d7922866f57f5c638ca8cf822c2cfa394a8707365a589b0a6368c20df23f66a6c845f66e662b0742e5937eb4,male,hand,32.1635463186251,22,0,Fixed microbiome RF,Leave study out
10317.000041346,46,10317,10317:e264e42ddf5814bac0981098f8e9a48fb9a1d3524b60bad0405e26151eceeaa0db735671ad5dc0c78c554c78e4d745510d94413264b20449f53a1fe1be4f0529,male,hand,29.475638273216667,22,0,Fixed microbiome RF,Leave study out
10317.000041345,46,10317,10317:e264e42ddf5814bac0981098f8e9a48fb9a1d3524b60bad0405e26151eceeaa0db735671ad5dc0c78c554c78e4d745510d94413264b20449f53a1fe1be4f0529,male,hand,28.733113789189122,22,0,Fixed microbiome RF,Leave study out
10317.000040124,46,10317,10317:103ec97d34a8daf110102310e23be292392f51db75531458f8f135039cb11fbaeed1ebd8c2cbfd97772d62c72352ab5c467dccf59885d5c82f03531039a41827,female,hand,28.407515241845907,22,0,Fixed microbiome RF,Leave study out
10317.000069027,22,10317,10317:a6a72ae91b2b02c8ea4cfe12d58d98ebe5b424cd88d36f8b84e1deec1b971b6c50e1fbca139d0b8b67d6f73821c7922d555844d105af99dd4813cd966993df6f,male,head,25.33100501510588,22,0,Fixed microbiome RF,Leave study out
10317.000015120,28,10317,10317:d031d7eaf91c489f64052f69777e1385468d8cbdc419eb3568de9547015ad04606d5d70ca9970521bd182907f9b00d2640e54727e0262ceaea9ccb7d9603385e,female,hand,27.711548011613264,22,0,Fixed microbiome RF,Leave study out
10317.000036735,63,10317,10317:0195d329f030b0250f2e009ac656b8ee7c006c3a064b6d08770ecd7067bf4098cd0fb82f552a671d583f26002b4f2753d6bca1b02521b55faac3ba0bc1e64d8a,male,head,26.784104096358305,22,0,Fixed microbiome RF,Leave study out
10317.000036732,63,10317,10317:0195d329f030b0250f2e009ac656b8ee7c006c3a064b6d08770ecd7067bf4098cd0fb82f552a671d583f26002b4f2753d6bca1b02521b55faac3ba0bc1e64d8a,male,head,26.50793689357954,22,0,Fixed microbiome RF,Leave study out
10317.000007113,60,10317,10317:2c2e468c2481938c25962a208bec11d9f0eeca11f8a06d48aa50be31a747dd0327f6137458e4dfda584fc42b4c5f35613440eef5b177a1d0569e16e7432648dd,male,hand,27.503162297016836,22,0,Fixed microbiome RF,Leave study out
10317.000007112,60,10317,10317:2c2e468c2481938c25962a208bec11d9f0eeca11f8a06d48aa50be31a747dd0327f6137458e4dfda584fc42b4c5f35613440eef5b177a1d0569e16e7432648dd,male,hand,26.580878129089417,22,0,Fixed microbiome RF,Leave study out
10317.000007110,60,10317,10317:2c2e468c2481938c25962a208bec11d9f0eeca11f8a06d48aa50be31a747dd0327f6137458e4dfda584fc42b4c5f35613440eef5b177a1d0569e16e7432648dd,male,head,25.50103002693334,22,0,Fixed microbiome RF,Leave study out
10317.000014464,41,10317,10317:a6784c1d3806fcca45ba186c495c648cf0cf10b392f120efe7f26f9c0e66051dc675a9c077f1f39993f524f521e594b30048ca45ea6cbc19b96938f9734afb55,male,head,26.284946448898857,22,0,Fixed microbiome RF,Leave study out
10317.000004206,76,10317,10317:e4f690795c66a065feccd07de0128f89746b411eb215789f6c7c9bd18b20cd831f9b9a7e3b8af5952b3c56c532534d3f1045f353d46b4b79876a0f6c8b58df96,female,hand,27.358020372385766,22,0,Fixed microbiome RF,Leave study out
10317.000002610,56,10317,10317:dd3fbf0f2c96e9182d8538806757f0f2102c6124dfeb04c9fa449391b445968553d59114033b794df4532c7b77765fba1b12c00969628c268640fc23848b7978,female,head,28.090859075573842,22,0,Fixed microbiome RF,Leave study out
10317.000003421,38,10317,10317:2c1dc7180a23c9b4b53377ef49354e5a65ac187f6b2e4c844d48fd9ce66134f3da5f2dca02c0517797503a34ddc875a23897cd9d5727c990e46a58599759b35a,male,head,28.225250683522706,22,0,Fixed microbiome RF,Leave study out
10317.000005646,65,10317,10317:98e719bb087e2058ac8f1e380218232d306e4f5c7d2359784abda5fddf02926beb32a6c0ba8383dd0026ec1f0d372d68007114cdd2512a3abb3d77158fa6f4d1,female,hand,27.001469676548698,22,0,Fixed microbiome RF,Leave study out
10317.000005644,65,10317,10317:98e719bb087e2058ac8f1e380218232d306e4f5c7d2359784abda5fddf02926beb32a6c0ba8383dd0026ec1f0d372d68007114cdd2512a3abb3d77158fa6f4d1,female,head,28.604185567765494,22,0,Fixed microbiome RF,Leave study out
10317.000005645,65,10317,10317:98e719bb087e2058ac8f1e380218232d306e4f5c7d2359784abda5fddf02926beb32a6c0ba8383dd0026ec1f0d372d68007114cdd2512a3abb3d77158fa6f4d1,female,hand,27.02764069400528,22,0,Fixed microbiome RF,Leave study out
10317.000015363,43,10317,10317:3fec78757c5821d558096acce3e9df6968ae564264912c66f6a851727ebd63c36eee0764c3d1e47c0813cb5998caa14cb2bec75ca8716e8e3437768b86b408aa,male,head,25.489144677899056,22,0,Fixed microbiome RF,Leave study out
10317.000020708,38,10317,10317:06cf6f63a01f0bbf35a097b00d8e378ca6a8df068d8f99cb73feead69c041664f4cbec9fbc91e7f587844c43d5c16bab7d422b2890e7a2805db632fccecc39a0,female,hand,29.400242019620528,22,0,Fixed microbiome RF,Leave study out
10317.000015365,43,10317,10317:3fec78757c5821d558096acce3e9df6968ae564264912c66f6a851727ebd63c36eee0764c3d1e47c0813cb5998caa14cb2bec75ca8716e8e3437768b86b408aa,male,hand,26.603582183370616,22,0,Fixed microbiome RF,Leave study out
10317.000015326,35,10317,10317:6eb269d94d6e32fa517a561269634737fc4de40944d6d037a2c1e867bbe9e8d13686a131c81709f95eabe5834b99badd054994b1cf967842aaca451c97a22451,female,hand,27.121578303035882,22,0,Fixed microbiome RF,Leave study out
10317.000015452,45,10317,10317:3483b70983107b3501a2fdeab0f7e00b06ec05b5a7afdf499c410267e4aa99ea36b3643db981cdf6f557435d6ff028c1059e2bc75261e6f468598f093fde8b72,male,head,26.143464394673707,22,0,Fixed microbiome RF,Leave study out
10317.000015354,35,10317,10317:3e61f3e0bf34ee92653b3e1a4bce3fbbf22e7a5be5fc03a5c5d44f0d311d4f9ec4e1c0d98964bdbdf2f1d537fbd16c0b62503f50d8923e608eb8aacd64cb9fa3,male,hand,26.88690726700863,22,0,Fixed microbiome RF,Leave study out
10317.000015352,35,10317,10317:3e61f3e0bf34ee92653b3e1a4bce3fbbf22e7a5be5fc03a5c5d44f0d311d4f9ec4e1c0d98964bdbdf2f1d537fbd16c0b62503f50d8923e608eb8aacd64cb9fa3,male,head,26.463545075679793,22,0,Fixed microbiome RF,Leave study out
10317.000015351,35,10317,10317:3e61f3e0bf34ee92653b3e1a4bce3fbbf22e7a5be5fc03a5c5d44f0d311d4f9ec4e1c0d98964bdbdf2f1d537fbd16c0b62503f50d8923e608eb8aacd64cb9fa3,male,hand,26.968946731358322,22,0,Fixed microbiome RF,Leave study out
10317.000031066,42,10317,10317:7335b37622ba1bdd7e488bc6758f7c8fd36c26e43d8fdb09f00e1ae18ff0959bc7f4f27508aebf68b1a500bbc62282d5389c9d49419171cf9e9c946f433596f6,male,hand,29.546224834190774,22,0,Fixed microbiome RF,Leave study out
10317.000027703,68,10317,10317:f4417cf9261b7cf7eafdfa7c1e4c2f0b04b7f6a0a74833597eb9f455b64175009de471b6099ea840835964becfbbea46fda6746deaeb30cc1b29201c1259072e,male,head,26.18749357549201,22,0,Fixed microbiome RF,Leave study out
10317.000028937,50,10317,10317:4cd17ea33fe6b5736aded648ee2e6f2a14b3d6cfdc57435287f768540fd8a367a68d60e2f6cfbacb0a70e046163d74ba126bb1261c5a2fcd5f87bfd14bb4c7ae,female,head,25.767005750711757,22,0,Fixed microbiome RF,Leave study out
10317.000028935,49,10317,10317:59c5a0dcd9d6d45203241bf0d68b0edca829b4582f84f330ac3af24222033b834f16c878479c24ee630d0f140e43b819dacac90ab05a15289947fda4549dfdec,male,head,26.432507060695343,22,0,Fixed microbiome RF,Leave study out
10317.000068950,39,10317,10317:aa8c21f5078bc7371b21ffbe19854212c26e4ba8b087307ab121b615566704bf41428d321554791b675f216db7f7d1922190d57c119c58c01ff5e6a1b7a11da3,male,hand,31.008699199653627,22,0,Fixed microbiome RF,Leave study out
10317.000002212,69,10317,10317:576a03c295c356d35a0d25b2110dd88b3617bd98ae2ff786f650e35db756be0c2368e573093bcfce63e963af568b1198c749606c6e11a98ea707a8a38b2cb1b3,female,hand,27.345648304090673,22,0,Fixed microbiome RF,Leave study out
10317.000015978,66,10317,10317:414c5f35ed69875718a4e654e86d9ae09236801e1b9600a2d4851f548bd46eec37144f9d5a5816365a76c4dcc4550e15afddf35bb18d7f072fece2fae39cd58b,male,hand,29.459691368713475,22,0,Fixed microbiome RF,Leave study out
10317.000007829,37,10317,10317:33f6eb641f0e5c66654a93864fec0950724028557f530a644e104dc1d7f29bec16c25352f4cffae510cf433760537423b71c5a032a7e279e0c197c4df1d601a4,male,head,26.43867893111885,22,0,Fixed microbiome RF,Leave study out
10317.000068787,39,10317,10317:0610dc25baabfb768bd6465f009077ba740694d1c37591ea165a6eed61b038ba1fd9167c4f0efbd5cd490953bcd66ea07e9d8b594234539c2e566f09dd0e4699,male,head,25.946698541901448,22,0,Fixed microbiome RF,Leave study out
10317.000027340,55,10317,10317:41b53357cf00f0544b996f91bab7388aca97716b29b77d7791386ae687cbc26a2ab336f6353bae77995bc81fe3b1eb0b8fedcde9199244073099ff039c21ac0d,male,head,25.48820832176326,22,0,Fixed microbiome RF,Leave study out
10317.000020534,34,10317,10317:6e4903f0be32c34121cd50c2891666fc8b26923970412591f3c900d7253a186450e745d33fc88b07a5c41c9992e15153f2c3fd7a20f01e43073e39ca8a3b4afe,male,head,26.811447472109883,22,0,Fixed microbiome RF,Leave study out
10317.000015303,33,10317,10317:d440c033fc5b44bb83e8b5a7794daa4c8e7b24424bcd393f8e6a21ecc3792e9ddfa02679b7eb856a026af5426b34eb4083a5d61d8a1e5ffe59abee1fc9264b37,male,head,25.235961717592403,22,0,Fixed microbiome RF,Leave study out
10317.000015302,33,10317,10317:d440c033fc5b44bb83e8b5a7794daa4c8e7b24424bcd393f8e6a21ecc3792e9ddfa02679b7eb856a026af5426b34eb4083a5d61d8a1e5ffe59abee1fc9264b37,male,hand,26.31618698283852,22,0,Fixed microbiome RF,Leave study out
10317.000015301,33,10317,10317:d440c033fc5b44bb83e8b5a7794daa4c8e7b24424bcd393f8e6a21ecc3792e9ddfa02679b7eb856a026af5426b34eb4083a5d61d8a1e5ffe59abee1fc9264b37,male,hand,25.815520320557834,22,0,Fixed microbiome RF,Leave study out
10317.000015465,69,10317,10317:f468dfbfdc239f0e3bbe1de592c866535d2e70f74b05af2999cd5ac5b39818383c58a904146c605bc773f87fac2da08ddde7d4bedced3110d5c1d3b15657f73e,male,hand,27.030265897575003,22,0,Fixed microbiome RF,Leave study out
10317.000003299,61,10317,10317:e7639c4697365b2cdd0af17e85e19fae656bebe2ca231e4057397460de8a06886fbdc663413a68e30c542241a5d4a8765a2affefbadf0e387eda6d67a72749a0,male,head,27.84321783990287,22,0,Fixed microbiome RF,Leave study out
10317.000007034,43,10317,10317:24db95a0fff05317ac8b5599cf1761f34d17a8c471ebd2076362229133486e3aacd033d8185a95ec741839e8194f0f1ea58128c7c0ff69e8f994f15d4f5e3f1d,male,head,26.32593297042438,22,0,Fixed microbiome RF,Leave study out
10317.000005431,36,10317,10317:ca094c456996ab8a9ad0f33489c86fed9f280451a6cc84da275911ae7897e6bad66f0f5976a12854a9da9b8e65cc31dc6c689b846ae257ca5841dd6d1296e0ec,unknown,hand,28.16446040334584,22,0,Fixed microbiome RF,Leave study out
10317.000005430,36,10317,10317:ca094c456996ab8a9ad0f33489c86fed9f280451a6cc84da275911ae7897e6bad66f0f5976a12854a9da9b8e65cc31dc6c689b846ae257ca5841dd6d1296e0ec,unknown,hand,28.53472089224757,22,0,Fixed microbiome RF,Leave study out
10317.000005432,36,10317,10317:ca094c456996ab8a9ad0f33489c86fed9f280451a6cc84da275911ae7897e6bad66f0f5976a12854a9da9b8e65cc31dc6c689b846ae257ca5841dd6d1296e0ec,unknown,head,26.48374961008576,22,0,Fixed microbiome RF,Leave study out
10317.000002874,72,10317,10317:9b31e31bf0d472e6a54940cdb8e6b0d019f0fb7b65bd335d54bd01c9fab69bd4d1dc62daf2e3866ab5fbff6c481867676633b204ea04a415899d3087ff6041b9,male,hand,27.985275826971428,22,0,Fixed microbiome RF,Leave study out
10317.000028916,73,10317,10317:f683242e74204128eb6f0c48f059f9cc0f82c39979573e92a85625acbd1daa1c25397a2b8f8904604e543f3f09aaad3960234f5612a616d2bc9c639e9be3e5b9,female,head,26.494688234752154,22,0,Fixed microbiome RF,Leave study out
10317.000031912,54,10317,10317:0c3091f23d30ee5b470301f691493df51f63050506428f17d14304a92cb2773c926aa8302e810812195b2fb3442ae4405b25774e783a0dea0554adffa5e317c5,female,hand,27.83444173746049,22,0,Fixed microbiome RF,Leave study out
10317.000031910,54,10317,10317:0c3091f23d30ee5b470301f691493df51f63050506428f17d14304a92cb2773c926aa8302e810812195b2fb3442ae4405b25774e783a0dea0554adffa5e317c5,female,head,27.299587931480847,22,0,Fixed microbiome RF,Leave study out
10317.000026072,42,10317,10317:d8c91d966b0e79c63575c2bf1ca811089c2e6f59c115850da307c43a39d0d4f9e3fea903d8a626f02f4f4d5d7f4da9fc7117333b148c82d8342d4ba550b09c59,female,head,26.182310838604916,22,0,Fixed microbiome RF,Leave study out
10317.000049825,38,10317,10317:810a1cfb40a1b8da310e777113e7a6fa79ef435b2348c768e4213fd5c5dc7e3b2dfebad107eeb75d35a31c7a30a00b8e06c8bf1e32f03c95301328ac8be56fbf,male,hand,27.60366496561853,22,0,Fixed microbiome RF,Leave study out
10317.000063351,29,10317,10317:e8fffa963380c63cba1d064de83b3a91000831ddbab3f8b56168ee1903063a0900f0a9b07f79b2f4a728ad7af62c82a718d51b95ccc1f12d6d1d3ce257c151f7,female,hand,28.90026243166447,22,0,Fixed microbiome RF,Leave study out
10317.000063171,29,10317,10317:03c0867966fe2299eb3b09291d5f0834310bdf5fceed9c9b7b397570bf8f2d2adaeb945c824ff0cb407abaf691b8173cfa03c4f8eb17e6dd9f6eda17502e66e4,male,hand,29.095719434808064,22,0,Fixed microbiome RF,Leave study out
10317.000015152,25,10317,10317:bf103398cbf34d2fdf0ce89d2a4729ec061457ba078a27fff88e775557fa7a6206e6693e016f411dfc8700f10c5787107d76b31f1914db25cee356c3ffb2ee1c,male,hand,27.14070960411621,22,0,Fixed microbiome RF,Leave study out
10317.000015154,25,10317,10317:bf103398cbf34d2fdf0ce89d2a4729ec061457ba078a27fff88e775557fa7a6206e6693e016f411dfc8700f10c5787107d76b31f1914db25cee356c3ffb2ee1c,male,head,28.87803069316156,22,0,Fixed microbiome RF,Leave study out
10317.000047841,56,10317,10317:0bcb4e3d31b0b117c3b6fa86fc51584ae6a9aa505a981882486f137cc53b9ca3d82e6e63f354b102ed104a17e902d66783bd63854c3549b887a4be67e55128ab,female,hand,26.358017618602606,22,0,Fixed microbiome RF,Leave study out
10317.000049807,66,10317,10317:4863e557347469643abb13187a4c07e6d82a136b7e8ada704bcc1c6ea30fc2961e36855c2dfe883650d88cef48ae1161802be7c3b874b5f003569b1f51adc309,female,hand,29.603678297081103,22,0,Fixed microbiome RF,Leave study out
10317.000005088,34,10317,10317:b74b978649567cb54fc875fffd91ae1e96fe51d67ba3b37beafd17700ef6cc8174703285ab46d656b674c96a535fb1c24429eee1b4c50b47eedb924ba7c66a50,male,head,26.763937778071842,22,0,Fixed microbiome RF,Leave study out
10317.000005084,34,10317,10317:b74b978649567cb54fc875fffd91ae1e96fe51d67ba3b37beafd17700ef6cc8174703285ab46d656b674c96a535fb1c24429eee1b4c50b47eedb924ba7c66a50,male,hand,27.741164596543378,22,0,Fixed microbiome RF,Leave study out
10317.000005086,34,10317,10317:b74b978649567cb54fc875fffd91ae1e96fe51d67ba3b37beafd17700ef6cc8174703285ab46d656b674c96a535fb1c24429eee1b4c50b47eedb924ba7c66a50,male,hand,27.00617787905087,22,0,Fixed microbiome RF,Leave study out
10317.000005081,33,10317,10317:a29fd754368cde4d06c428f68fac03a5f07bc4192f8ad6f00b4dead3a90b4f2a07cda53d353c8eebcdf472b25a87cc69592d2bcf0fae7f901a0ee6e9cff063c9,male,hand,26.188460226465327,22,0,Fixed microbiome RF,Leave study out
10317.000005083,33,10317,10317:a29fd754368cde4d06c428f68fac03a5f07bc4192f8ad6f00b4dead3a90b4f2a07cda53d353c8eebcdf472b25a87cc69592d2bcf0fae7f901a0ee6e9cff063c9,male,hand,26.849037380978835,22,0,Fixed microbiome RF,Leave study out
10317.000015330,35,10317,10317:6eb269d94d6e32fa517a561269634737fc4de40944d6d037a2c1e867bbe9e8d13686a131c81709f95eabe5834b99badd054994b1cf967842aaca451c97a22451,female,head,28.046590311158617,22,0,Fixed microbiome RF,Leave study out
10317.000033403,37,10317,10317:8a84e546f33305e110f2059f0c1a87a533d58f09e3ae2fd4519dcf3418d8d566956b23eebebef879dda59b2ae8ba5c775acf7a5181d6b381697b949a1c8cefc6,male,head,27.21808014524392,22,0,Fixed microbiome RF,Leave study out
10317.000038318,45,10317,10317:3b7d34b44f72e95e00448cb043d5340d44117ce7280c30460dfe394894b0822d4c1583a47eb25eb49e50c149a7e5dc6a736132da19792ffbd2156208e0e9cebf,male,head,26.09841332992811,22,0,Fixed microbiome RF,Leave study out
10317.000030411,36,10317,10317:a1b4c9ec5f8710558bd4a7d34cd680ebd077aa972f77ae2c7a80904262a269846af690c0af56eec73473625b15e9b30c4413c0ced557f3aeebbcbdbbb0b28698,male,head,26.862220630620044,22,0,Fixed microbiome RF,Leave study out
10317.000063152,25,10317,10317:3e74c911b962f0afc2cdf9be99137894321cd28afa86ae9be26bfba86712502c3e8a61b4db55401131c7c041ae071ba253516caa7a7f9fd61b5038eea71d7d41,female,head,27.443539857553077,22,0,Fixed microbiome RF,Leave study out
10317.000005167,60,10317,10317:c05d316c7a234de92fd6181929f128efb782363ffe6c343358fc3ab402b473dbf8a8138a22044ea3b02099711ecfa77358776132a3ed110a1b2153eeb178378a,male,head,27.164865991048664,22,0,Fixed microbiome RF,Leave study out
10317.000005166,60,10317,10317:c05d316c7a234de92fd6181929f128efb782363ffe6c343358fc3ab402b473dbf8a8138a22044ea3b02099711ecfa77358776132a3ed110a1b2153eeb178378a,male,hand,28.774858889663125,22,0,Fixed microbiome RF,Leave study out
10317.000005165,60,10317,10317:c05d316c7a234de92fd6181929f128efb782363ffe6c343358fc3ab402b473dbf8a8138a22044ea3b02099711ecfa77358776132a3ed110a1b2153eeb178378a,male,hand,28.835788855041848,22,0,Fixed microbiome RF,Leave study out
10317.000005161,29,10317,10317:80ed9beefa64e1af619f5d370d79a21b435d10677f5b936ec3554234d47090f2a865337c8ff29f55d3cfc78a4c4fcf22efe713697872112639889bda9805a03e,male,head,26.88795612213533,22,0,Fixed microbiome RF,Leave study out
10317.000005160,29,10317,10317:80ed9beefa64e1af619f5d370d79a21b435d10677f5b936ec3554234d47090f2a865337c8ff29f55d3cfc78a4c4fcf22efe713697872112639889bda9805a03e,male,hand,26.821895659173595,22,0,Fixed microbiome RF,Leave study out
10317.000012382,48,10317,10317:d4747c80cbabfa6a118ab9e828a6e01176aee5c6477c84e90565dd41303cee3f4da5c8eb4c5a5b1abcf05c6ade5c8588fb990c110d1249108ffee63923f0759d,male,hand,26.020130039597984,22,0,Fixed microbiome RF,Leave study out
10317.000027366,37,10317,10317:482345a32e3a7b9b720d6fdc686fc3e70d753e64e43afd362ef02e1fc5dd37b501623bdb8a16c51af559d1fc8a5f1aea69b6791e90ce65954b3ece776b8e4868,male,hand,26.135154673241676,22,0,Fixed microbiome RF,Leave study out
10317.000015283,61,10317,10317:6cafcd38bd5d8a7ae3e097e4e76d4ec0177aa5a4b23e460bcf27496334ea6f015f92f32d33219a9b3815853580c7fa17f6fff3d39827358ac992dd98bc09b99f,male,head,25.591485778935954,22,0,Fixed microbiome RF,Leave study out
10317.000015285,61,10317,10317:6cafcd38bd5d8a7ae3e097e4e76d4ec0177aa5a4b23e460bcf27496334ea6f015f92f32d33219a9b3815853580c7fa17f6fff3d39827358ac992dd98bc09b99f,male,hand,26.682447280427063,22,0,Fixed microbiome RF,Leave study out
10317.000041069,31,10317,10317:71e5fd7acb649ca95a67898db0fec25f330aaadd054f9606a2bf895d9748f5f2dbb072b66b2f8cbb341c64bf56f1d46adf1543d0cd7406a94c113f4c63d7e45a,female,hand,27.71782752821959,22,0,Fixed microbiome RF,Leave study out
10317.000041062,33,10317,10317:cc7a72730c7716b41648ac90728f72eb759bd32caaa07b60e4db721abd907a2e38b19314c602ce3a7b19a7634037bd360e4d54c532513a267152129589e536de,male,hand,28.8671702783961,22,0,Fixed microbiome RF,Leave study out
10317.000004053,54,10317,10317:7c2ab4fd0ff794379f970934bd5bd789fb515903877b15c3dd2422a09212fc3a5ad62b4d2a149d5d34564a6e8e0488a0c4b1d673016c8a9c4870363225cb4059,female,hand,28.83303492794579,22,0,Fixed microbiome RF,Leave study out
10317.000049239,56,10317,10317:bd91fc26c20a7652fc421fee2aa75624e4db7f68e0e4fde846745c30bb976e46e87f9660bdf0cea293a6b1ddf22122f6376d2be385445805fa204dd33e6dc905,male,head,26.653178447510363,22,0,Fixed microbiome RF,Leave study out
10317.000036739,59,10317,10317:8fb4ad789829b8aa6b773eff2956b29d9986e3c6ee0cd5f3125d47adf2ee4adc1008098b5be94b225ac5137bcae428f6b84ede1db0d7bfe5dda5fe7f31fa3514,male,hand,26.85553825045168,22,0,Fixed microbiome RF,Leave study out
10317.000028314,57,10317,10317:22d2760f969511df810ec5b468e81eb97e8822f3d303b2f72a874ee4196f9a705e1460b3be27a0a183fa9f8847872de4f8bf255567a7def57c62e260e4d758f0,male,head,27.843631416144916,22,0,Fixed microbiome RF,Leave study out
10317.000068998,29,10317,10317:fad8ec3f3e1d0020041ba9c117373e6abfd242b0ece7d768af390422eb907827a7ac8fb22732c500478dcf1ab82bd83ed997d23b1233bce38d043d35edf8f47c,unknown,hand,28.841704549590496,22,0,Fixed microbiome RF,Leave study out
10317.000068991,29,10317,10317:fad8ec3f3e1d0020041ba9c117373e6abfd242b0ece7d768af390422eb907827a7ac8fb22732c500478dcf1ab82bd83ed997d23b1233bce38d043d35edf8f47c,unknown,head,27.549390558075608,22,0,Fixed microbiome RF,Leave study out
10317.000005069,62,10317,10317:95709cc58235ffbd909b031216643693df4dbc827ae14fc247eebb0528bfbea20bc16e3572da9168ccfd0829b33c756aa63ed4ce9ba244ce6bdf5ef97c44e85f,female,head,27.689253800159708,22,0,Fixed microbiome RF,Leave study out
10317.000063315,25,10317,10317:42aad521c038df949fad8060826afdde769401bb8b33ad632fd3209cd6d04c4e5106446ce4aef7bc16b30a904ca2d9896b24cf2ebff3881ae31264873b61c661,male,hand,29.595086038120918,22,0,Fixed microbiome RF,Leave study out
10317.000049004,28,10317,10317:1c1595cde947e2229328634b1257ec5f5c6bf890d5eb88d65618fda2567f5b28fe935303746ce0cd8771db48dc0a929a39b186bfef9fe0ee516d2a408a7ff58d,female,hand,24.69293407149073,22,0,Fixed microbiome RF,Leave study out
10317.000049005,28,10317,10317:1c1595cde947e2229328634b1257ec5f5c6bf890d5eb88d65618fda2567f5b28fe935303746ce0cd8771db48dc0a929a39b186bfef9fe0ee516d2a408a7ff58d,female,hand,24.82424465482006,22,0,Fixed microbiome RF,Leave study out
10317.000049008,28,10317,10317:1c1595cde947e2229328634b1257ec5f5c6bf890d5eb88d65618fda2567f5b28fe935303746ce0cd8771db48dc0a929a39b186bfef9fe0ee516d2a408a7ff58d,female,head,24.63262311164275,22,0,Fixed microbiome RF,Leave study out
10317.000010131,58,10317,10317:18f2e49afddb67b3c360c48826bfc2787ccc26e275825c6dd9afebc62893f5e57bcee0a02aedb777006db6eb53183d6c85508ad34d318c8120de7628c5f74232,female,head,25.89331227392438,22,0,Fixed microbiome RF,Leave study out
10317.000014483,35,10317,10317:93f03cfc2b6cd24d3e180ee0e8ddfaeabf4cd6cc8b2903861331b9492f02b3479c33fd6cf6ffb699ef212d9c6ec30f938596135b291ff81bd334193c180f7858,female,head,26.509301526129757,22,0,Fixed microbiome RF,Leave study out
10317.000069003,22,10317,10317:6c9d8d2f421f87624a87ae9bbee457570d9633bf4eaf97f36b65a13462bc290706c4dec83b825a291b12b7a777d237b75c8f935a0f1de4e6ee5b105ab5de7c0c,male,head,26.753765948706388,22,0,Fixed microbiome RF,Leave study out
10317.000002296,59,10317,10317:1cdc297c8f2ba505978edaff0ca8a91960f6e37bcadd2d77435d2c65097bb57ad3ff6cc0fa9a2fb4694f352f0371cbd3faae7bad89ff335242858790807507c1,female,hand,27.46043046608738,22,0,Fixed microbiome RF,Leave study out
10317.000063159,25,10317,10317:3e74c911b962f0afc2cdf9be99137894321cd28afa86ae9be26bfba86712502c3e8a61b4db55401131c7c041ae071ba253516caa7a7f9fd61b5038eea71d7d41,female,hand,27.510810722911884,22,0,Fixed microbiome RF,Leave study out
10317.000003441,50,10317,10317:bd5a894e45bb2eb6713f65d285f8814cb96d0de3ef15bb170f5968bc039588919fa9f9ed4ad18689cb92997342c0e17279efd41f4e2f858e6075291cd2fd04d7,female,hand,28.4981727986296,22,0,Fixed microbiome RF,Leave study out
10317.000031898,34,10317,10317:f7d599694238b74a09daca6c98fc12816a2f8fb52871032650e28d1b3817096404a96c1f0c84c57d6c558db1c22e281e2af87b6fe26c5b1727f23ea6fd789556,male,head,26.89700749828509,22,0,Fixed microbiome RF,Leave study out
10317.000005221,40,10317,10317:1d0709acc0c4aa263f168023a3a96ba1e15b95b6c4da81b87f5ddab0fd7d047df0459ece7e25369bc5583a334c204f19a8ed16ff150ddaef72703a971dafa3b9,male,hand,25.687036462738014,22,0,Fixed microbiome RF,Leave study out
10317.000005222,40,10317,10317:1d0709acc0c4aa263f168023a3a96ba1e15b95b6c4da81b87f5ddab0fd7d047df0459ece7e25369bc5583a334c204f19a8ed16ff150ddaef72703a971dafa3b9,male,head,25.53789584081042,22,0,Fixed microbiome RF,Leave study out
10317.000009650,53,10317,10317:b565af2054e502f6e52e66e3de2b5e2199b3a8637ef66233b06e6fe02859801a1bae272653dde3b99ca69985f5434f1a2cdf4fde7507455f5740cc3df03b878c,female,head,28.297218503167965,22,0,Fixed microbiome RF,Leave study out
10317.000049845,35,10317,10317:88f4fbcf0ceb456e7f8e8447af039f0dc2670ad52972600d23a04b60152370409f6b57086023803ce52591376f998806f80e260d50d06764bbb66d26d1b5553e,female,hand,25.804032564649486,22,0,Fixed microbiome RF,Leave study out
10317.000063196,38,10317,10317:441ac85e1bd02fd74bfe5cd7d33fc7e79af9e5986e7d55e177b00f2dadef7b37442c83e626aa9eec53feaf0e250a42f14f03b147a269cd1c57142e99e994ff08,male,hand,28.288249818365706,22,0,Fixed microbiome RF,Leave study out
10317.000069135,34,10317,10317:2fe8dc51162640ecda81c266c7b13a12fa0b362550125c042231ebf311ae65b5597119ff4c21bc3e0d2daf7c54569db93c6d59b2cd8c7abd7c7e43d806b66718,male,head,26.843537326837218,22,0,Fixed microbiome RF,Leave study out
10317.000020406,21,10317,10317:067f46a4c1905f4c5da538e403fcc7d5af159a01e7cf12222f38ba20baa75d47585bf073da073889ebf123e47d4d51985f22c2591db7d64cd298c3fefa779aaa,female,head,27.65170632105184,22,0,Fixed microbiome RF,Leave study out
10317.000015253,34,10317,10317:b74b978649567cb54fc875fffd91ae1e96fe51d67ba3b37beafd17700ef6cc8174703285ab46d656b674c96a535fb1c24429eee1b4c50b47eedb924ba7c66a50,male,hand,27.01078566268949,22,0,Fixed microbiome RF,Leave study out
10317.000015252,34,10317,10317:b74b978649567cb54fc875fffd91ae1e96fe51d67ba3b37beafd17700ef6cc8174703285ab46d656b674c96a535fb1c24429eee1b4c50b47eedb924ba7c66a50,male,head,27.135215301884422,22,0,Fixed microbiome RF,Leave study out
10317.000015255,34,10317,10317:b74b978649567cb54fc875fffd91ae1e96fe51d67ba3b37beafd17700ef6cc8174703285ab46d656b674c96a535fb1c24429eee1b4c50b47eedb924ba7c66a50,male,hand,27.531270606646654,22,0,Fixed microbiome RF,Leave study out
10317.000049745,64,10317,10317:b03b7d707e125ba38f6ae4345eb6389f63c2caed719f3d69552e392dbe3d40c17b9f8b97c1e801df3731171dea8ebdb990b7f88d87da78c626beccba0003cf7f,female,head,25.95398207822841,22,0,Fixed microbiome RF,Leave study out
10317.000063291,29,10317,10317:c78075767b35e039a0b606f8a727e3fc3e2823715abe6a1c7c9956e664a6ff667e1ed5a2426907b56b3a7776221005afb7b5f38d5a651d25074abdbea76cec2f,male,hand,30.105179281230836,22,0,Fixed microbiome RF,Leave study out
10317.000035234,69,10317,10317:f468dfbfdc239f0e3bbe1de592c866535d2e70f74b05af2999cd5ac5b39818383c58a904146c605bc773f87fac2da08ddde7d4bedced3110d5c1d3b15657f73e,male,head,27.13744489002829,22,0,Fixed microbiome RF,Leave study out
10317.000049905,69,10317,10317:f468dfbfdc239f0e3bbe1de592c866535d2e70f74b05af2999cd5ac5b39818383c58a904146c605bc773f87fac2da08ddde7d4bedced3110d5c1d3b15657f73e,male,hand,25.4733536963955,22,0,Fixed microbiome RF,Leave study out
10317.000063219,34,10317,10317:a392cbf64e250298f990fe6714ca17e38472972feee9471db99da4dfcfd1fe8b106d9ec41e004081362ba7728e8ac7a9d25f3b658d31bc856798d1c4eabb81c0,male,hand,27.39816358187113,22,0,Fixed microbiome RF,Leave study out
10317.000015064,71,10317,10317:6cd87aca8624e2efe119e5484586386f10cb61ed4a7920dd13cefe68783228eafa46cdc995f2272c25a121fc11cdb971265f86ad6cd99e0d151e6744a5db135c,female,head,30.225055498811827,22,0,Fixed microbiome RF,Leave study out
10317.000015060,80,10317,10317:8dd14dd80ae9b69218b4942e80486ca4299a19f9342258835b868633bfa7bff6581b9102dd034b2a58f5ea1a74b8a2ec5b06b38aca104935d0e20a6925b670f2,unknown,hand,30.123601326523165,22,0,Fixed microbiome RF,Leave study out
10317.000015061,71,10317,10317:6cd87aca8624e2efe119e5484586386f10cb61ed4a7920dd13cefe68783228eafa46cdc995f2272c25a121fc11cdb971265f86ad6cd99e0d151e6744a5db135c,female,hand,29.265478892758665,22,0,Fixed microbiome RF,Leave study out
10317.000015062,71,10317,10317:6cd87aca8624e2efe119e5484586386f10cb61ed4a7920dd13cefe68783228eafa46cdc995f2272c25a121fc11cdb971265f86ad6cd99e0d151e6744a5db135c,female,hand,26.33948885130123,22,0,Fixed microbiome RF,Leave study out
10317.000006851,73,10317,10317:7705669a351542f9add9390a0a093824f81095a819993d82ab0d00eb2120ac34a953c451ff892c8c30e3f1b8f7630625d2ebb4d0e8512526a243025795e51eb7,male,head,27.291350134041334,22,0,Fixed microbiome RF,Leave study out
10317.000034581,22,10317,10317:1949c4d7f21b55f1e00af274c955be77947294d6ec424b2079e89205b36ed147727eed570662c7673f354f42b11ea00ee970e7e216e0a45d7e022359783d8aae,unknown,head,25.81220761143994,22,0,Fixed microbiome RF,Leave study out
10317.000003550,72,10317,10317:fcb45b6f64ab0b3167524aaa234945c75702e9f45b361a7f3af87c2938b4b5bf8244dd705f8119adf55ee8532be48dc7d72387952b30d9ccda48bdc05fec5797,female,hand,27.50735753738033,22,0,Fixed microbiome RF,Leave study out
10317.000066836,27,10317,10317:75e7facbcee6190c9bd0ec55d33af511592981c1851bc62c90ffa060b30d59451c3407b0344a1357b33b8a653eb1ab6517c15e9f6f193c447e3882c2ada31e9a,male,head,29.83522363369293,22,0,Fixed microbiome RF,Leave study out
10317.000066831,29,10317,10317:7f8b5599423e74bb4268af85d143fbeed68370b2eaa79f6e6facbcf10974040d6ef4afefb5ff2aab1f618ba97f2eecc39b0621fb60a556425670ca9606d4aa0c,male,hand,29.305132559080942,22,0,Fixed microbiome RF,Leave study out
10317.000003320,68,10317,10317:296d3619f89620d7a1813eded08db85d465fbadcd5c992b8a0df0a8fa6163430bd5551d6a56e69f72d9f2bd4931877236ea9dc795fe08d7859973e3711bf2616,female,head,27.66409934544211,22,0,Fixed microbiome RF,Leave study out
10317.000031072,52,10317,10317:704472fc9c96c860a14513fc1c6660f72e2d159bd1dcf6011fcde0750d69d6ace9a9260923b171897ac72f33ec8c0d03721a0dcd0c676e8988974e6e22e4265a,male,hand,25.776580662189282,22,0,Fixed microbiome RF,Leave study out
10317.000063279,30,10317,10317:891ba49891c93e012ced08e68550251a74e2939dbec3af58e67b97d73d2d0f32fd7530e785db3ae620b3a125927c31d18d0e6c08bfe00778a19646a44083e9e7,male,hand,28.904668322271924,22,0,Fixed microbiome RF,Leave study out
10317.000062197,29,10317,10317:03c0867966fe2299eb3b09291d5f0834310bdf5fceed9c9b7b397570bf8f2d2adaeb945c824ff0cb407abaf691b8173cfa03c4f8eb17e6dd9f6eda17502e66e4,male,hand,27.056418900119105,22,0,Fixed microbiome RF,Leave study out
10317.000005260,28,10317,10317:9d5f397f06d407dcb0aa1ac134a406dcc9d133b7241030bf81c3cb01f3341e891530737a66d2693596ab16f97b05b66c20bc630d57221b89a0ecb2db01c1f747,male,hand,27.930962152343966,22,0,Fixed microbiome RF,Leave study out
10317.000005261,28,10317,10317:9d5f397f06d407dcb0aa1ac134a406dcc9d133b7241030bf81c3cb01f3341e891530737a66d2693596ab16f97b05b66c20bc630d57221b89a0ecb2db01c1f747,male,hand,27.68416690622405,22,0,Fixed microbiome RF,Leave study out
10317.000012954,63,10317,10317:9d63053308a543f47f4cbdce91e1eacc49775ab0a34b4fe6f4f120e15d3d44f6915ce2e76324bbbb7aba1077216d23ad37b43118ddc87124bf0fd47327d12161,female,head,27.149568344234012,22,0,Fixed microbiome RF,Leave study out
10317.000066855,27,10317,10317:73bf3573928ab6f8e0dbef1783c99aa8c96f8a341909051dbaaf5e003778464fdf40cee56b971bea2c557859ebdc3351dddc89230df6458726716c8fe13e3583,female,hand,28.958869870066042,22,0,Fixed microbiome RF,Leave study out
10317.000063303,26,10317,10317:9a079253652d16fa017050fd68017b646c3c734b4c96ca593236c537806682233e513b33fb850475266ef28a5c34e9297ffbd213ef416263b306bfae257d1aef,male,hand,27.156131861546847,22,0,Fixed microbiome RF,Leave study out
10317.000033105,37,10317,10317:d0877d5558ae6f23aaebeb97d4f2a1816b79dbb8359440bb51b3f59ad2316a7771768fe5cddd4ede663af3eb0a7e38d2b521a40f417c3ea7bd1a63ed195e9e9c,male,head,27.186209750355935,22,0,Fixed microbiome RF,Leave study out
10317.000063483,25,10317,10317:a7eb0dd2ec940ca9c3d8c905ee11b3f312886d2373352bf10804121fdb76ae9277a91ce4ea0f346e0c8b67c66e30cabba094db785b990ac67b6fa4ea8b65aeda,female,hand,28.977998202010326,22,0,Fixed microbiome RF,Leave study out
10317.000026508,76,10317,10317:a158faae1efddbd20bb064586e2ed359d9d89fe23e5776aaf6362e6a33b0760e24e9c69462baab420cef8bacb535b245b3687a18e94f0a8e346556bdb347fb67,male,head,27.66693713283368,22,0,Fixed microbiome RF,Leave study out
10317.000015217,46,10317,10317:dd55969d0664a6b5a0188fc460aa56c9db31fb38d59b1bc6cab8778141628932862c52634d68f1f637d42f51131e7fa48bfb164ddc9f18e878a3cf6cc8bb0a20,female,hand,27.36770861912869,22,0,Fixed microbiome RF,Leave study out
10317.000015216,46,10317,10317:dd55969d0664a6b5a0188fc460aa56c9db31fb38d59b1bc6cab8778141628932862c52634d68f1f637d42f51131e7fa48bfb164ddc9f18e878a3cf6cc8bb0a20,female,hand,27.306502351670503,22,0,Fixed microbiome RF,Leave study out
10317.000015215,33,10317,10317:356171d003a70eda05dbc44ca7f1c23e803cbba14631a5247db7774ba0e837cd853a804b6bc41bc084b8849021f84c1c780ad04856231b70f72faf5ef5b4bcbf,male,hand,26.499866814960846,22,0,Fixed microbiome RF,Leave study out
10317.000015211,33,10317,10317:356171d003a70eda05dbc44ca7f1c23e803cbba14631a5247db7774ba0e837cd853a804b6bc41bc084b8849021f84c1c780ad04856231b70f72faf5ef5b4bcbf,male,head,28.11686780427591,22,0,Fixed microbiome RF,Leave study out
10317.000015219,46,10317,10317:dd55969d0664a6b5a0188fc460aa56c9db31fb38d59b1bc6cab8778141628932862c52634d68f1f637d42f51131e7fa48bfb164ddc9f18e878a3cf6cc8bb0a20,female,head,28.078903895559392,22,0,Fixed microbiome RF,Leave study out
10317.000069082,22,10317,10317:62da411fb1daa598c9de6fec6d4999096c07c935e32acd264bd45573737d7ca012c560ebc6a3ff42a617cdb54d7d364fb719fc379b15ab5e772bbf3a7356dbde,female,hand,27.677708289059996,22,0,Fixed microbiome RF,Leave study out
10317.000068763,34,10317,10317:64e4e987fbbcb4c2194cdd7c106261ec20cfbf2772d835c97eb6311237552ac6be0e79cdb6ed23e686e25afe5db5d7ca46016b14f6939798b7664d7af99914c7,male,head,26.46134595610987,22,0,Fixed microbiome RF,Leave study out
10317.000005289,69,10317,10317:f468dfbfdc239f0e3bbe1de592c866535d2e70f74b05af2999cd5ac5b39818383c58a904146c605bc773f87fac2da08ddde7d4bedced3110d5c1d3b15657f73e,male,head,26.257621246619287,22,0,Fixed microbiome RF,Leave study out
10317.000033429,62,10317,10317:1b595cbd54b82f80c4b023585b3a8baad15d027aab0c5b04a69b8c3e9e5d48bfcb2d532872548685bc12d0c706255362bb8a230524186fc6cc64f429295eb166,female,hand,29.007437452912807,22,0,Fixed microbiome RF,Leave study out
10317.000033426,26,10317,10317:bf31604fc742f42563e14f529efdb4bf456a2196957cdd5f7a03e77220b2f7cc72b439053c8c0b4e94997264dacb9d6c2dc062250570be1d1ee1d113328653f1,female,hand,28.47927139874946,22,0,Fixed microbiome RF,Leave study out
10317.000007080,48,10317,10317:63aa1010fee4655f80a2fd1ca92db0c9c662b7ff7dfeccd99a08edb7b7f5af8b2df1c92465690a27ee6aad1207495376abce78f3ddeffc05da0acb099f8efdb8,male,head,24.96801592066189,22,0,Fixed microbiome RF,Leave study out
10317.000023667,41,10317,10317:4f4512f9ca8dd41284a2463c8496ef3405ebc0188c8fcb1bacb236d71b61de04174823da6ad26715031b7936e03c152bc15cd335c36b25dee976cfdc089dd6e2,male,head,26.843745083784977,22,0,Fixed microbiome RF,Leave study out
10317.000004059,66,10317,10317:f57b4981ac785615aba8f290342788db9294e4ab6b643dfb22eed77da0a189aacfb59ca5f5cf63c481d99849f549972a540d8f2170fbc94b25f2f659ad1687d8,male,hand,26.90046993778384,22,0,Fixed microbiome RF,Leave study out
10317.000004058,66,10317,10317:f57b4981ac785615aba8f290342788db9294e4ab6b643dfb22eed77da0a189aacfb59ca5f5cf63c481d99849f549972a540d8f2170fbc94b25f2f659ad1687d8,male,head,25.335924306895055,22,0,Fixed microbiome RF,Leave study out
10317.000071442,22,10317,10317:3f7869fcd99617b9f2bf18fbf0bd9979e5887887afaedf57e4fde973b8756b3be0e2e24ed76f875086eaf6c006b354b48c001d1a162093cbffe2caa0db0ecffc,male,head,26.572163144610283,22,0,Fixed microbiome RF,Leave study out
10317.000015015,41,10317,10317:ce1fd98484e30049ab6a9f362cff6bacde2a68b949d54142b56fe830f015c8ec656e789dfe4d793ec0abc652ccb025d8f245a86aa12b68a7664f1f34156f22d4,male,head,26.95649162449476,22,0,Fixed microbiome RF,Leave study out
10317.000028832,36,10317,10317:3c63e41945a68fe74a43d054231d84ae90b185102915cbf4e13a11155b618c9d46daa02e507790f8529e4ff507dcc94f8b67e321b3ad761e17dfadff23c89742,male,head,26.724797821505966,22,0,Fixed microbiome RF,Leave study out
10317.000002722,67,10317,10317:552862a47c1f4572c6de06ef045a0b5dfe8124f8167b59fc9e3602a42e27303ea444e307e4d303917535cb422622610350e6897ddbc33a1a70a49944b51adc14,male,head,26.09240048217614,22,0,Fixed microbiome RF,Leave study out
10317.000068854,31,10317,10317:8d85619d1e25428067315418f5821569f94dd8cc697ce5e8952a81c8abc325ca2f69b743c1d3539e71093dc8dadc81905dc33874b12ef6d990d55c610bfb1eb3,male,hand,28.138141107001367,22,0,Fixed microbiome RF,Leave study out
10317.000028823,30,10317,10317:98f1f8c9217912fbbec5cd8e5c39acc05c729d5d4b5113f922efc048b9e4b68d2de8c43cb8721151f190923c84f990227a8cdf3359af1f0a5fc59ecd028dabf4,male,head,27.656384827625185,22,0,Fixed microbiome RF,Leave study out
10317.000006972,61,10317,10317:71663baf1b46589d68296c0b2c93208b950a8d8f87dd95255336d0e162d3d45a6922f6512a1dbbbdecd027ff264b625773e6d10d54f1a7750050d3b813d4eadd,female,hand,26.451708155508886,22,0,Fixed microbiome RF,Leave study out
10317.000049759,52,10317,10317:00069244bd1f2b8987ec0be407f83eec727bd40dde9ff15d05497f7db0f60f551d4af74463256aae7abd00d1a3180ca506bd16e684d859304c2864b1c7e4a8f6,male,hand,26.3813523381957,22,0,Fixed microbiome RF,Leave study out
10317.000014510,36,10317,10317:afc4cc1e970ef3c7c09dfc377d86b8cb6dd2b6fc250e40ad216859b782525e9a89692b141ec60d853e30f94d919e6d74c8ef2a10c87061cbb48939ce1a8ab53a,female,head,28.847989751116465,22,0,Fixed microbiome RF,Leave study out
10317.000063236,31,10317,10317:9a6b1d64174bf2de76973d430737df42a6c1d222167a33cad37332ade7aaba03e2f1fd87dd65c5bda2ab171d6373490fa6395929f8ff33c6d5acdec0d7035388,male,head,27.894697264161902,22,0,Fixed microbiome RF,Leave study out
10317.000068847,30,10317,10317:8d85619d1e25428067315418f5821569f94dd8cc697ce5e8952a81c8abc325ca2f69b743c1d3539e71093dc8dadc81905dc33874b12ef6d990d55c610bfb1eb3,male,head,27.170728140790807,22,0,Fixed microbiome RF,Leave study out
10317.000014513,43,10317,10317:945445118eb28a47d0311468e8170b2c68dd921cbb868623641758d82330a5f89defc8f3631f8c7f925da369315c0e442e1b32d12fae4688f05b9a40c0167080,male,head,28.750529452383677,22,0,Fixed microbiome RF,Leave study out
10317.000004056,52,10317,10317:6d4586a1f7c90185bb4ec90e82083cc45b12d79db4919f699dc24cc403347dfd5df17e6008b69cf2b3109ddb41512f4d7a52c91b647c1b59bfd31e8057bfcb0f,male,hand,26.42065154936417,22,0,Fixed microbiome RF,Leave study out
10317.000069022,23,10317,10317:5bdd4aaf66380106e9a8cb6501a1fb4b37d078e2284e7a3cc179877b6b0db9ae596a7d760657f364b5592c1578ae5b8068df09c4ebd6be82e32cfcd9e5fd6c55,male,hand,27.13262113742416,22,0,Fixed microbiome RF,Leave study out
10317.000048405,28,10317,10317:4287cb26d2ebcaddb5129d95ff2d4ae496c47b0162672df93082abfc9303671b6d9332bfe211f6530019940e6d40144094a4bc4c012716375b5e72166c04b6e2,female,hand,26.29256759526923,22,0,Fixed microbiome RF,Leave study out
10317.000048407,28,10317,10317:4287cb26d2ebcaddb5129d95ff2d4ae496c47b0162672df93082abfc9303671b6d9332bfe211f6530019940e6d40144094a4bc4c012716375b5e72166c04b6e2,female,head,25.817320554283622,22,0,Fixed microbiome RF,Leave study out
10317.000048406,28,10317,10317:4287cb26d2ebcaddb5129d95ff2d4ae496c47b0162672df93082abfc9303671b6d9332bfe211f6530019940e6d40144094a4bc4c012716375b5e72166c04b6e2,female,hand,26.110322632177674,22,0,Fixed microbiome RF,Leave study out
10317.000063231,27,10317,10317:d7b643e267e7874c9fe80600f02183b6cd3019f0fda406b979f05d309d5050c0a106d81fd0d61ac23e2600faaf7da552f0258df8aa6be5e41a39e6b37828c99d,female,hand,28.35676533283541,22,0,Fixed microbiome RF,Leave study out
10317.000015187,27,10317,10317:cb8ea224a3bb7ef53bf08da62860c079b5996441cbbb6ef11fbe09454172198e57a65569937d0e57c98a2327cfe4b04a55969cdda8eed8fc5f998c2468e4920a,male,hand,25.18823949739089,22,0,Fixed microbiome RF,Leave study out
10317.000003385,57,10317,10317:e36b03fa22764e26a56edd5b75a454e7ebf99d597c381d00186fa32b482bff3046c06024a335a9f1c29fb95217a131573eb7860fa709d5a472294e56d5762d4c,female,head,27.91330092111294,22,0,Fixed microbiome RF,Leave study out
10317.000068830,29,10317,10317:03c0867966fe2299eb3b09291d5f0834310bdf5fceed9c9b7b397570bf8f2d2adaeb945c824ff0cb407abaf691b8173cfa03c4f8eb17e6dd9f6eda17502e66e4,male,hand,26.335546130570663,22,0,Fixed microbiome RF,Leave study out
10317.000068835,36,10317,10317:1828cb0e8db79ff7771af2763605e12af956358756170093e17230a4ffb081fdfb2040dc65ff286b54429aedd73f9630fd5d98b9a5ad628c6116a74fb994dcf8,male,head,25.53859221761471,22,0,Fixed microbiome RF,Leave study out
10317.000007122,60,10317,10317:2c2e468c2481938c25962a208bec11d9f0eeca11f8a06d48aa50be31a747dd0327f6137458e4dfda584fc42b4c5f35613440eef5b177a1d0569e16e7432648dd,male,hand,26.39088438054451,22,0,Fixed microbiome RF,Leave study out
10317.000007123,60,10317,10317:2c2e468c2481938c25962a208bec11d9f0eeca11f8a06d48aa50be31a747dd0327f6137458e4dfda584fc42b4c5f35613440eef5b177a1d0569e16e7432648dd,male,hand,26.296430358453573,22,0,Fixed microbiome RF,Leave study out
10317.000007121,60,10317,10317:2c2e468c2481938c25962a208bec11d9f0eeca11f8a06d48aa50be31a747dd0327f6137458e4dfda584fc42b4c5f35613440eef5b177a1d0569e16e7432648dd,male,head,26.294218903963817,22,0,Fixed microbiome RF,Leave study out
10317.000015118,28,10317,10317:d031d7eaf91c489f64052f69777e1385468d8cbdc419eb3568de9547015ad04606d5d70ca9970521bd182907f9b00d2640e54727e0262ceaea9ccb7d9603385e,female,hand,27.60054555254331,22,0,Fixed microbiome RF,Leave study out
10317.000015116,28,10317,10317:d031d7eaf91c489f64052f69777e1385468d8cbdc419eb3568de9547015ad04606d5d70ca9970521bd182907f9b00d2640e54727e0262ceaea9ccb7d9603385e,female,head,26.333705816049736,22,0,Fixed microbiome RF,Leave study out
10317.000069046,33,10317,10317:65a6735483d4ca756511921efab48bd0d5eefe9702c613c1e3f7065f8b20659da904045df6fb243bf7e1be352dea97d0ceb0c7ccdca5fabb1fd01324d1e414cf,male,hand,27.734524122771138,22,0,Fixed microbiome RF,Leave study out
10317.000068799,30,10317,10317:219fdff6b9dcec67c1aa0b866cb025d68ac35295256f63c520911912293fe0849d61cd408675c0305a5c92df708363f8172fc8e6969982b5a49c4e44d28547fb,female,head,29.071326188343296,22,0,Fixed microbiome RF,Leave study out
10317.000005890,56,10317,10317:33ba8a7afe558034e3f527d8bcded781b3a03f65b84046973746dc39322e5974f8eea69a05cf01664cb731c14698655a03f89a9740b6d8a90c6d209b076ef538,male,hand,26.5570072302864,22,0,Fixed microbiome RF,Leave study out
10317.000063212,34,10317,10317:a392cbf64e250298f990fe6714ca17e38472972feee9471db99da4dfcfd1fe8b106d9ec41e004081362ba7728e8ac7a9d25f3b658d31bc856798d1c4eabb81c0,male,head,27.205372666112652,22,0,Fixed microbiome RF,Leave study out
10317.000031935,40,10317,10317:1975e7358673c93bbe5c29e1d1c529a83458e54503ca2e451dd8757d3f8bb013669586401169beb5fc69b14ab9cb93ec3b7361560a74fadc26bf03b377c16c85,female,head,25.82947468610656,22,0,Fixed microbiome RF,Leave study out
10317.000015453,46,10317,10317:3483b70983107b3501a2fdeab0f7e00b06ec05b5a7afdf499c410267e4aa99ea36b3643db981cdf6f557435d6ff028c1059e2bc75261e6f468598f093fde8b72,male,hand,25.600516802212063,22,0,Fixed microbiome RF,Leave study out
10317.000005234,55,10317,10317:45e54011490a1e8319d45ba35b5c9c687e4ec395fd00d5bd3b927f21b897135e002c9c488ced29f5644e9cc87c9d6d420ce68c9a95f88b151cd7a4c6182ead64,male,hand,27.17971727389126,22,0,Fixed microbiome RF,Leave study out
10317.000040503,52,10317,10317:8fc2af33171964330de7e24811df360483b2193e73f509d9de0eca5c34aa9cc4a73311de7d0ba394fbed8d55f72394218e7b7026fd7da8c8ee1ebf0e637b2e85,female,head,26.659025751395536,22,0,Fixed microbiome RF,Leave study out
10317.000040507,52,10317,10317:8fc2af33171964330de7e24811df360483b2193e73f509d9de0eca5c34aa9cc4a73311de7d0ba394fbed8d55f72394218e7b7026fd7da8c8ee1ebf0e637b2e85,female,hand,26.810700265339307,22,0,Fixed microbiome RF,Leave study out
10317.000049844,35,10317,10317:88f4fbcf0ceb456e7f8e8447af039f0dc2670ad52972600d23a04b60152370409f6b57086023803ce52591376f998806f80e260d50d06764bbb66d26d1b5553e,female,head,26.08727035817721,22,0,Fixed microbiome RF,Leave study out
10317.000049840,69,10317,10317:c9253f884608fc319fe8569e8e2979bb54c91a0e0d3c4ff7a4b8f149c7372a1c77029903e0508684d15d336da510bcc78d1e9c1aecbf85c0b6bc664b85990a20,female,hand,27.562607494776795,22,0,Fixed microbiome RF,Leave study out
10317.000049841,69,10317,10317:c9253f884608fc319fe8569e8e2979bb54c91a0e0d3c4ff7a4b8f149c7372a1c77029903e0508684d15d336da510bcc78d1e9c1aecbf85c0b6bc664b85990a20,female,head,27.334494019170535,22,0,Fixed microbiome RF,Leave study out
10317.000049848,35,10317,10317:88f4fbcf0ceb456e7f8e8447af039f0dc2670ad52972600d23a04b60152370409f6b57086023803ce52591376f998806f80e260d50d06764bbb66d26d1b5553e,female,hand,27.007406482099384,22,0,Fixed microbiome RF,Leave study out
10317.000005363,67,10317,10317:673c8ce01f6c4b5120fb00380499db5eeb6a2fb55f33a66a36d79a28f321105b432b54532ecd02900640e027e6baa65fe94b194fa11f3a0eaf97f6abf95c9417,unknown,hand,27.31850931523554,22,0,Fixed microbiome RF,Leave study out
10317.000068811,23,10317,10317:aa700130bf2ad84f7dfbd70f11a1ed544685dac3b0af8c4231219413d86330f5973915da8180c4eaa587cffc3aa156c9dafbf597461ddd6251fef35831bd365a,male,head,27.94008240694955,22,0,Fixed microbiome RF,Leave study out
10317.000009042,46,10317,10317:df6f20fb4f08ca5e4d0752d216fd11416c51dcc4d2843a31934d166a9e80964e8a8ebaa924df11dde7c18ceb71cdaa8a5809afe436eae6c92ebcf896c5c92b64,female,hand,28.917409956666898,22,0,Fixed microbiome RF,Leave study out
10317.000007105,53,10317,10317:ebedffb9e4d507d8cbaa7af0405caf451aa201d9746c76619a2a69f6b1c164e191af34fbad4f50a53bbb30a92cba77bf673b82db2b687fa2258240612900791e,male,hand,26.647230608936383,22,0,Fixed microbiome RF,Leave study out
10317.000007106,53,10317,10317:ebedffb9e4d507d8cbaa7af0405caf451aa201d9746c76619a2a69f6b1c164e191af34fbad4f50a53bbb30a92cba77bf673b82db2b687fa2258240612900791e,male,head,26.51037267542324,22,0,Fixed microbiome RF,Leave study out
10317.000007103,53,10317,10317:ebedffb9e4d507d8cbaa7af0405caf451aa201d9746c76619a2a69f6b1c164e191af34fbad4f50a53bbb30a92cba77bf673b82db2b687fa2258240612900791e,male,hand,26.631859544735754,22,0,Fixed microbiome RF,Leave study out
10317.000031099,55,10317,10317:c652f7d5d732f3e629d4d90cf706462d9f50414ad33c8efbe370e13cba2467159fd00b1af99fda0aaa19aab27b068e2d581735424ec0b886d2867320bad0e931,male,head,27.79782372598921,22,0,Fixed microbiome RF,Leave study out
10317.000068770,34,10317,10317:64e4e987fbbcb4c2194cdd7c106261ec20cfbf2772d835c97eb6311237552ac6be0e79cdb6ed23e686e25afe5db5d7ca46016b14f6939798b7664d7af99914c7,male,hand,26.799808513647655,22,0,Fixed microbiome RF,Leave study out
10317.000069070,29,10317,10317:03c0867966fe2299eb3b09291d5f0834310bdf5fceed9c9b7b397570bf8f2d2adaeb945c824ff0cb407abaf691b8173cfa03c4f8eb17e6dd9f6eda17502e66e4,male,hand,26.97442838342925,22,0,Fixed microbiome RF,Leave study out
10317.000072315,42,10317,10317:0cded5ec882014d599e408a086631081c42e2f070234c9e90d7244cf5e39d7d4150b713faf80aed64afaf4dd8ff14b76e9e204f93500060792828269add5de56,female,head,27.60141038426907,22,0,Fixed microbiome RF,Leave study out
10317.000079831,38,10317,10317:14023540704b6bc088ad4121fb1e4bb829db0af84dceeb6083083578533680a085ce6473901b2aa79e3843299e1ef69adfd4af41442ee2e3ba1981a43c5fea09,female,head,25.834850935940658,22,0,Fixed microbiome RF,Leave study out
10317.000049729,36,10317,10317:79bbc1c5c663e0434d917d65535beeb68d902da75556dbb9bc561129718387ed15c630d65f4716cbeb02ed871a1e5044d2cd04da381361681f4a0793ca85598d,male,head,25.909811239813287,22,0,Fixed microbiome RF,Leave study out
10317.000049790,27,10317,10317:cb8ea224a3bb7ef53bf08da62860c079b5996441cbbb6ef11fbe09454172198e57a65569937d0e57c98a2327cfe4b04a55969cdda8eed8fc5f998c2468e4920a,male,head,26.689910677660315,22,0,Fixed microbiome RF,Leave study out
10317.000015503,58,10317,10317:39bccde315a4d2e26bd21d11d8612666496433302b42a988f2e86dbe04d585b4ed30f82357ad21121e121b84ba5b37d2ecaf536b10e6faf7bae853217d2e1db6,male,head,26.541046869778377,22,0,Fixed microbiome RF,Leave study out
10317.000005290,69,10317,10317:f468dfbfdc239f0e3bbe1de592c866535d2e70f74b05af2999cd5ac5b39818383c58a904146c605bc773f87fac2da08ddde7d4bedced3110d5c1d3b15657f73e,male,hand,28.590205826738025,22,0,Fixed microbiome RF,Leave study out
10317.000015502,58,10317,10317:39bccde315a4d2e26bd21d11d8612666496433302b42a988f2e86dbe04d585b4ed30f82357ad21121e121b84ba5b37d2ecaf536b10e6faf7bae853217d2e1db6,male,hand,28.036118696548094,22,0,Fixed microbiome RF,Leave study out
10317.000063476,25,10317,10317:a7eb0dd2ec940ca9c3d8c905ee11b3f312886d2373352bf10804121fdb76ae9277a91ce4ea0f346e0c8b67c66e30cabba094db785b990ac67b6fa4ea8b65aeda,female,head,29.592613759691403,22,0,Fixed microbiome RF,Leave study out
10317.000015293,29,10317,10317:fac33038e7fdc9cea92cfafa3a1c3f21658eba746fdc582552dc90cf29de5130fdb07560083b3745b42ab1b35c0098ade96b984095fd4c6ab41f086f38fdf732,male,head,25.966548987845336,22,0,Fixed microbiome RF,Leave study out
10317.000015292,29,10317,10317:fac33038e7fdc9cea92cfafa3a1c3f21658eba746fdc582552dc90cf29de5130fdb07560083b3745b42ab1b35c0098ade96b984095fd4c6ab41f086f38fdf732,male,hand,25.84461243210229,22,0,Fixed microbiome RF,Leave study out
10317.000015291,29,10317,10317:fac33038e7fdc9cea92cfafa3a1c3f21658eba746fdc582552dc90cf29de5130fdb07560083b3745b42ab1b35c0098ade96b984095fd4c6ab41f086f38fdf732,male,hand,25.750778967024154,22,0,Fixed microbiome RF,Leave study out
10317.000015058,80,10317,10317:8dd14dd80ae9b69218b4942e80486ca4299a19f9342258835b868633bfa7bff6581b9102dd034b2a58f5ea1a74b8a2ec5b06b38aca104935d0e20a6925b670f2,unknown,hand,27.732970195008967,22,0,Fixed microbiome RF,Leave study out
10317.000035236,69,10317,10317:f468dfbfdc239f0e3bbe1de592c866535d2e70f74b05af2999cd5ac5b39818383c58a904146c605bc773f87fac2da08ddde7d4bedced3110d5c1d3b15657f73e,male,hand,27.427264950075987,22,0,Fixed microbiome RF,Leave study out
10317.000027751,54,10317,10317:3f3189bfab92107b05a629ba1be6aad212c75b4525d50b0789f4272ba27b446de5cf079bf1c30b52182f0e4ded874c59bc8e41d483192937641083f6a37b6a67,female,head,25.988176302476525,22,0,Fixed microbiome RF,Leave study out
10317.000048390,21,10317,10317:30d7ca7c505d10cb4c76c0443a75de8f2f826d67386377db4fa33b8983b7e1be84ec36794891a1993f919a1c5c528a78e39e90c8c94320bc3b555e3aa3643685,female,hand,25.855123517432368,22,0,Fixed microbiome RF,Leave study out
10317.000015463,69,10317,10317:f468dfbfdc239f0e3bbe1de592c866535d2e70f74b05af2999cd5ac5b39818383c58a904146c605bc773f87fac2da08ddde7d4bedced3110d5c1d3b15657f73e,male,head,27.085348322699247,22,0,Fixed microbiome RF,Leave study out
10317.000015464,69,10317,10317:f468dfbfdc239f0e3bbe1de592c866535d2e70f74b05af2999cd5ac5b39818383c58a904146c605bc773f87fac2da08ddde7d4bedced3110d5c1d3b15657f73e,male,hand,28.04580578471864,22,0,Fixed microbiome RF,Leave study out
10317.000013184,46,10317,10317:c1aeed7ec49ba28fab9705a2a7ef17c7dae7622554dfbffbae7e5be56e0b5ca0fba918409d646af5cd04454fb08cc22ab4f708b179204f985182cefea9e199bd,male,head,25.264171710942342,22,0,Fixed microbiome RF,Leave study out
10317.000030487,69,10317,10317:08b8c7c89d71fbf3c7c45e4e838c5e9f6a9275be245ff743f08495d4e80cd9e519926d3080aa03f7db3b66c131808ba6bc500ce102040e341c7b930462457631,female,head,26.1416903275118,22,0,Fixed microbiome RF,Leave study out
10317.000009540,53,10317,10317:58d4b73b2478e68af9ec6ecd6f84a5c5b12f4bc9800c9f70889f2bf166a48e6c18a19edff402e2d4ba36c6c10a1cb0f060bef325706d3ec31b9f0e301d253e1a,female,head,29.722465730776293,22,0,Fixed microbiome RF,Leave study out
10317.000063422,36,10317,10317:702fbc8dfcb76217e73344a0a11dd54afca4b678302097929bc6cc1cadce5d5fc80da1e599a9d752eea1f081540d8b89772bcb670f71f2d38a11bdce484be812,female,hand,30.224655123713706,22,0,Fixed microbiome RF,Leave study out
10317.000049119,62,10317,10317:cf42e22cb0b5def3e5fb85e3eedb9fec63ec3614a7783d0ac195975b575a9863d801522f080d492d8032502dfbef61ba79d17264597f600354ba3cb662748955,male,hand,25.350800080222395,22,0,Fixed microbiome RF,Leave study out
10317.000027250,26,10317,10317:35ad3a0f8be46af7197f78a77d7f387c0c7eaf6f1a077f0e0176fc9111103db539f114ea70834449cb5b086a49f41113f54c36fb5bbd31c5afcbf0a1d618fe92,male,head,25.937494763871122,22,0,Fixed microbiome RF,Leave study out
10317.000009059,50,10317,10317:d2b0d78183a7fb7003716446b4a9280723b3b3e47823c3e6d1a251d445558a0bbde902b411f4f4015c7f8faa15d573d3a103491eb53d1fb0ff68fedb2e2dd4d7,female,head,26.68190271324005,22,0,Fixed microbiome RF,Leave study out
10317.000004764,36,10317,10317:733d141620ab14d73e0aa4683aff41e7dfc3bae381840f02c270e108c123ae0e90bf1390da736c2d78815083080cfd4f47f1bacbfc2de5a20e1ea897fbb49593,male,hand,26.71966827506055,22,0,Fixed microbiome RF,Leave study out
10317.000006853,74,10317,10317:7705669a351542f9add9390a0a093824f81095a819993d82ab0d00eb2120ac34a953c451ff892c8c30e3f1b8f7630625d2ebb4d0e8512526a243025795e51eb7,male,hand,27.0292246478503,22,0,Fixed microbiome RF,Leave study out
10317.000036125,42,10317,10317:a1cd5635deef381a3388b606e82458a3d030c613a5d1605e912e298677c648fec4c0630fde5c78738c54d9c48767cbe35d882d96bb7fe8a5bb995fbff088cd25,female,head,25.51443757604695,22,0,Fixed microbiome RF,Leave study out
10317.000011979,53,10317,10317:86f38a5d916420ce42057d5012ab6e7b63fe17dce6c5bbd26d4d6b33da03f0c707be225d1759b8991e4a3e2158e96c5ba68e85dfe1ef7f47fcce7ba1ec47ff2e,female,head,28.079800822672365,22,0,Fixed microbiome RF,Leave study out
10317.000007128,39,10317,10317:8b672a386ead28ace9c7eaea68003a8d0be6651cf9544c799a49155c372bc6524d53fd7aae5b008caced52ac352c5fe0a4810a846032621cf2d9fc79200e1218,unknown,head,28.746312036372416,22,0,Fixed microbiome RF,Leave study out
10317.000007129,39,10317,10317:8b672a386ead28ace9c7eaea68003a8d0be6651cf9544c799a49155c372bc6524d53fd7aae5b008caced52ac352c5fe0a4810a846032621cf2d9fc79200e1218,unknown,hand,26.53896876609831,22,0,Fixed microbiome RF,Leave study out
10317.000033792,27,10317,10317:a8d1e0c8b099dac9041d9cebdac9c0de56819da44b2a634063806e8ed4697d1075a1ad1a75dcb472c0667686ae7dad37b98268caf960b4805fdd05c287c202df,male,head,25.293646207126695,22,0,Fixed microbiome RF,Leave study out
10317.000009071,31,10317,10317:48fd24a3221f83a24f4307730fea531db77cc72647a64a29ffcf0dd97f7305deea2b1e3c1cba32b3cbe473a91330373f80b78deedad17f887fccce56f5ebe393,male,head,29.708890622745646,22,0,Fixed microbiome RF,Leave study out
10317.000009073,31,10317,10317:48fd24a3221f83a24f4307730fea531db77cc72647a64a29ffcf0dd97f7305deea2b1e3c1cba32b3cbe473a91330373f80b78deedad17f887fccce56f5ebe393,male,hand,27.305844406301482,22,0,Fixed microbiome RF,Leave study out
10317.000028943,46,10317,10317:f418e55e3e56cef19b56c0429433fa84e94863f2dc63628da31cf79cf361518786dfccf3fb6ae6e69d5dda970371a55dfedfec2e4e44bf990c150a4b1010a10a,male,hand,25.32503347136378,22,0,Fixed microbiome RF,Leave study out
10317.000028942,46,10317,10317:f418e55e3e56cef19b56c0429433fa84e94863f2dc63628da31cf79cf361518786dfccf3fb6ae6e69d5dda970371a55dfedfec2e4e44bf990c150a4b1010a10a,male,hand,24.897676136905982,22,0,Fixed microbiome RF,Leave study out
10317.000048360,64,10317,10317:38b52d80745205082d2b0768d21dd49bd97b0762ddb17ec4e549c69b3b75f17167733bf4a73fe6fdc52037e40d6b89fc512dffe4c7ea605af2290fac125f6726,female,head,26.141672103299374,22,0,Fixed microbiome RF,Leave study out
10317.000063440,30,10317,10317:012c33f74519c193ec10f17ef58846a7db07b462e5497db82c40fedc4ca3edac7e3c610143fdb11e0e0617da7dcd562ee2bf2be850227286ef06ab72c6361d25,male,head,29.3189821899997,22,0,Fixed microbiome RF,Leave study out
10317.000063447,30,10317,10317:012c33f74519c193ec10f17ef58846a7db07b462e5497db82c40fedc4ca3edac7e3c610143fdb11e0e0617da7dcd562ee2bf2be850227286ef06ab72c6361d25,male,hand,30.450443358496905,22,0,Fixed microbiome RF,Leave study out
10317.000005654,35,10317,10317:8606c4dd2d9371a4b109521ba900732b745ba94bf06c0047a2b8189bb5e157e1f6bcb5d5ed855b3e972841afb6a38ae24f88d3995e2f6c362286bd69d07c83ed,female,hand,27.527159098490777,22,0,Fixed microbiome RF,Leave study out
10317.000005657,35,10317,10317:8606c4dd2d9371a4b109521ba900732b745ba94bf06c0047a2b8189bb5e157e1f6bcb5d5ed855b3e972841afb6a38ae24f88d3995e2f6c362286bd69d07c83ed,female,head,26.593336366071526,22,0,Fixed microbiome RF,Leave study out
10317.000005656,35,10317,10317:8606c4dd2d9371a4b109521ba900732b745ba94bf06c0047a2b8189bb5e157e1f6bcb5d5ed855b3e972841afb6a38ae24f88d3995e2f6c362286bd69d07c83ed,female,hand,26.809842340603915,22,0,Fixed microbiome RF,Leave study out
10317.000005651,65,10317,10317:5e5f5fc79a512a180eb0cd63fa75b7307715996b1aff58edbefb0ed0d6548904bf74f95a466efb9525a910f69150d98cfae7b1c55b9bf3e278b402a8439e8d4c,male,hand,25.87637165945954,22,0,Fixed microbiome RF,Leave study out
10317.000005650,65,10317,10317:5e5f5fc79a512a180eb0cd63fa75b7307715996b1aff58edbefb0ed0d6548904bf74f95a466efb9525a910f69150d98cfae7b1c55b9bf3e278b402a8439e8d4c,male,hand,26.075447179407128,22,0,Fixed microbiome RF,Leave study out
10317.000005652,65,10317,10317:5e5f5fc79a512a180eb0cd63fa75b7307715996b1aff58edbefb0ed0d6548904bf74f95a466efb9525a910f69150d98cfae7b1c55b9bf3e278b402a8439e8d4c,male,head,26.05769130618221,22,0,Fixed microbiome RF,Leave study out
10317.000049130,48,10317,10317:9f89ce9cb3dd20b1b698031ff7eb1f66511855e4c05edd9fc525916e365f4d81ff5e46e5432e82c4e4cc62f66a9167138f3bce9a784b0404333ee6c82e195bd6,male,head,27.42244994379533,22,0,Fixed microbiome RF,Leave study out
10317.000049131,48,10317,10317:9f89ce9cb3dd20b1b698031ff7eb1f66511855e4c05edd9fc525916e365f4d81ff5e46e5432e82c4e4cc62f66a9167138f3bce9a784b0404333ee6c82e195bd6,male,hand,25.551918403782743,22,0,Fixed microbiome RF,Leave study out
10317.000049132,48,10317,10317:9f89ce9cb3dd20b1b698031ff7eb1f66511855e4c05edd9fc525916e365f4d81ff5e46e5432e82c4e4cc62f66a9167138f3bce9a784b0404333ee6c82e195bd6,male,hand,25.919327385957775,22,0,Fixed microbiome RF,Leave study out
10317.000020770,63,10317,10317:10c8546946a2e2010a75c89453b040665e96df1bb29926bbc6a4b848240f3496cf382414067385add4d4efb3f09315e48b6000a82bc428ab354207875c319ac4,female,head,27.02688259970152,22,0,Fixed microbiome RF,Leave study out
10317.000040133,65,10317,10317:2b9cd37b03a34e4fed908599b8aedfd4277f38cd704e2625664f495885508a6c40fe8b88f3c9b254c454e5fdcaeef45ed360aa3202dd2bd6326d6e5df964004a,male,head,26.154218029469536,22,0,Fixed microbiome RF,Leave study out
10317.000063380,40,10317,10317:df013012aa4de39f899aadbdfdd44572d593e9fa5238274ea143331982f2a039f09b846fef6ce0988eeda26205379399dfdb557ef64371f78334d6ee7beed928,male,head,27.98523831032595,22,0,Fixed microbiome RF,Leave study out
10317.000063387,40,10317,10317:df013012aa4de39f899aadbdfdd44572d593e9fa5238274ea143331982f2a039f09b846fef6ce0988eeda26205379399dfdb557ef64371f78334d6ee7beed928,male,hand,28.57975562417753,22,0,Fixed microbiome RF,Leave study out
10317.000004846,43,10317,10317:a17a75eada9222f4d52ce6eb301bb5f83a31b9f5c3f8169a805aa8db550330187a4d89b93a8a8f82115a4bcf6ab38541b4e58a7343862e089fdea11ac94f627a,male,head,28.159255374764285,22,0,Fixed microbiome RF,Leave study out
10317.000005236,55,10317,10317:45e54011490a1e8319d45ba35b5c9c687e4ec395fd00d5bd3b927f21b897135e002c9c488ced29f5644e9cc87c9d6d420ce68c9a95f88b151cd7a4c6182ead64,male,head,27.769634828636367,22,0,Fixed microbiome RF,Leave study out
10317.000009724,39,10317,10317:8b672a386ead28ace9c7eaea68003a8d0be6651cf9544c799a49155c372bc6524d53fd7aae5b008caced52ac352c5fe0a4810a846032621cf2d9fc79200e1218,unknown,hand,26.261604152087028,22,0,Fixed microbiome RF,Leave study out
10317.000020763,51,10317,10317:271445d9d2f17a19777c6abc5576840700fc57ecb19654f09610d4d1187e722ba995215d7e0cdfd20bd17f6a11fcb5232973c72d5d66bf7a0933e78b7d8aeabc,female,head,26.97974053117819,22,0,Fixed microbiome RF,Leave study out
10317.000009725,39,10317,10317:8b672a386ead28ace9c7eaea68003a8d0be6651cf9544c799a49155c372bc6524d53fd7aae5b008caced52ac352c5fe0a4810a846032621cf2d9fc79200e1218,unknown,head,27.237625442665454,22,0,Fixed microbiome RF,Leave study out
10317.000009722,39,10317,10317:8b672a386ead28ace9c7eaea68003a8d0be6651cf9544c799a49155c372bc6524d53fd7aae5b008caced52ac352c5fe0a4810a846032621cf2d9fc79200e1218,unknown,hand,26.599868034465107,22,0,Fixed microbiome RF,Leave study out
1841.F06478,20,1841,1841:CUB049,female,head,38.45698229568633,40,1,Fixed microbiome RF,Leave study out
1841.F06479,22,1841,1841:CUB040,male,head,42.65462500173439,40,1,Fixed microbiome RF,Leave study out
1841.F06476,23,1841,1841:CUB056,male,head,40.974671431753656,40,1,Fixed microbiome RF,Leave study out
1841.F06474,22,1841,1841:CUB048,female,head,42.82675562878275,40,1,Fixed microbiome RF,Leave study out
1841.F06472,22,1841,1841:CUB007,female,head,43.219934383171996,40,1,Fixed microbiome RF,Leave study out
1841.F06471,21,1841,1841:CUB032,female,head,39.728036109954274,40,1,Fixed microbiome RF,Leave study out
1841.F05357,20,1841,1841:NCS210,female,head,44.002750435328586,40,1,Fixed microbiome RF,Leave study out
1841.F06380,36,1841,1841:CUB042,male,head,42.69655828226346,40,1,Fixed microbiome RF,Leave study out
1841.F06381,21,1841,1841:CUB012,female,head,45.886859061077814,40,1,Fixed microbiome RF,Leave study out
1841.F06382,23,1841,1841:CUB028,male,head,41.21763766560232,40,1,Fixed microbiome RF,Leave study out
1841.F06384,21,1841,1841:CUB038,female,head,35.95347359442028,40,1,Fixed microbiome RF,Leave study out
1841.F06385,22,1841,1841:CUB048,female,head,39.236300746843014,40,1,Fixed microbiome RF,Leave study out
1841.F06389,23,1841,1841:CUB053,female,head,45.070494557780876,40,1,Fixed microbiome RF,Leave study out
1841.F05947,18,1841,1841:NCS213,female,head,40.24853600851763,40,1,Fixed microbiome RF,Leave study out
1841.P15440,22,1841,1841:NCS202,female,hand,42.304378701364,40,1,Fixed microbiome RF,Leave study out
1841.F05659,20,1841,1841:CUB010,female,head,38.93877186385918,40,1,Fixed microbiome RF,Leave study out
1841.F05658,22,1841,1841:CUB016,female,head,38.141514298851504,40,1,Fixed microbiome RF,Leave study out
1841.F05120,20,1841,1841:NAU110,female,head,39.1206662380368,40,1,Fixed microbiome RF,Leave study out
1841.F05651,21,1841,1841:CUB029,male,head,41.828960865523335,40,1,Fixed microbiome RF,Leave study out
1841.F05650,20,1841,1841:CUB051,male,head,37.90603791174106,40,1,Fixed microbiome RF,Leave study out
1841.F05124,20,1841,1841:NAU110,female,head,40.74056698888378,40,1,Fixed microbiome RF,Leave study out
1841.F05126,21,1841,1841:NAU154,female,head,40.50278251445192,40,1,Fixed microbiome RF,Leave study out
1841.P16237,22,1841,1841:NAU130,female,hand,42.35641163159089,40,1,Fixed microbiome RF,Leave study out
1841.P16235,55,1841,1841:NAU149,male,hand,44.86639372984044,40,1,Fixed microbiome RF,Leave study out
1841.P16234,20,1841,1841:NAU121,female,hand,38.30591132574479,40,1,Fixed microbiome RF,Leave study out
1841.P16497,22,1841,1841:NCS255,female,hand,40.48341776047008,40,1,Fixed microbiome RF,Leave study out
1841.P16496,27,1841,1841:NCS214,male,hand,40.18714999410314,40,1,Fixed microbiome RF,Leave study out
1841.P16494,23,1841,1841:NCS203,female,hand,42.1595266586503,40,1,Fixed microbiome RF,Leave study out
1841.P16491,22,1841,1841:NCS212,female,hand,43.135402895715394,40,1,Fixed microbiome RF,Leave study out
1841.P16499,23,1841,1841:NCS244,female,hand,43.87532894591694,40,1,Fixed microbiome RF,Leave study out
1841.F05564,30,1841,1841:NAU155,female,head,38.405286931705064,40,1,Fixed microbiome RF,Leave study out
1841.P15331,23,1841,1841:NCS243,male,hand,36.9314422641333,40,1,Fixed microbiome RF,Leave study out
1841.P15336,23,1841,1841:NCS203,female,hand,43.74420514184061,40,1,Fixed microbiome RF,Leave study out
1841.P15145,19,1841,1841:NCS233,male,hand,39.91979857602142,40,1,Fixed microbiome RF,Leave study out
1841.P15149,18,1841,1841:NCS213,female,hand,39.34823846165067,40,1,Fixed microbiome RF,Leave study out
1841.F06045,23,1841,1841:NCS243,male,head,40.080808003470864,40,1,Fixed microbiome RF,Leave study out
1841.P15324,20,1841,1841:NCS263,male,hand,51.63348280683349,40,1,Fixed microbiome RF,Leave study out
1841.P15327,20,1841,1841:NCS210,female,hand,42.7043974941682,40,1,Fixed microbiome RF,Leave study out
1841.P15320,23,1841,1841:NCS243,male,hand,40.21027590647658,40,1,Fixed microbiome RF,Leave study out
1841.P16345,25,1841,1841:NAU157,male,hand,46.66291996198245,40,1,Fixed microbiome RF,Leave study out
1841.F05825,20,1841,1841:NAU115,male,head,41.13713254856869,40,1,Fixed microbiome RF,Leave study out
1841.F05350,21,1841,1841:NCS247,unknown,head,40.09118816705434,40,1,Fixed microbiome RF,Leave study out
1841.F05351,22,1841,1841:NCS202,female,head,45.07178175225509,40,1,Fixed microbiome RF,Leave study out
1841.F05820,30,1841,1841:NAU108,female,head,46.54158383374949,40,1,Fixed microbiome RF,Leave study out
1841.F05821,55,1841,1841:NAU149,male,head,45.66046295922218,40,1,Fixed microbiome RF,Leave study out
1841.F05828,32,1841,1841:NAU102,unknown,head,40.67647764744393,40,1,Fixed microbiome RF,Leave study out
1841.P16557,20,1841,1841:CUB027,female,hand,42.18850848719637,40,1,Fixed microbiome RF,Leave study out
1841.P16554,20,1841,1841:CUB037,female,hand,45.606284921675545,40,1,Fixed microbiome RF,Leave study out
1841.P16555,20,1841,1841:CUB010,female,hand,40.077358716650984,40,1,Fixed microbiome RF,Leave study out
1841.P16550,20,1841,1841:CUB010,female,hand,40.21503696835286,40,1,Fixed microbiome RF,Leave study out
1841.P16003,23,1841,1841:CUB053,female,hand,43.670925585736725,40,1,Fixed microbiome RF,Leave study out
1841.P16559,41,1841,1841:CUB050,female,hand,42.21553256551415,40,1,Fixed microbiome RF,Leave study out
1841.F06139,22,1841,1841:CUB048,female,head,41.03784301890922,40,1,Fixed microbiome RF,Leave study out
1841.F06454,23,1841,1841:CUB053,female,head,47.09426625718033,40,1,Fixed microbiome RF,Leave study out
1841.F06456,20,1841,1841:CUB036,female,head,39.40366579600956,40,1,Fixed microbiome RF,Leave study out
1841.F06452,21,1841,1841:CUB003,female,head,40.54740048503376,40,1,Fixed microbiome RF,Leave study out
1841.F06458,21,1841,1841:CUB026,male,head,39.935735635891874,40,1,Fixed microbiome RF,Leave study out
1841.F06459,23,1841,1841:CUB028,male,head,40.78833003440592,40,1,Fixed microbiome RF,Leave study out
1841.F05109,21,1841,1841:NAU124,female,head,39.130172092001146,40,1,Fixed microbiome RF,Leave study out
1841.F05106,37,1841,1841:NAU148,male,head,43.1422636400316,40,1,Fixed microbiome RF,Leave study out
1841.F05105,22,1841,1841:NAU164,male,head,35.475316763506115,40,1,Fixed microbiome RF,Leave study out
1841.F05104,20,1841,1841:NAU123,male,head,41.445162407037415,40,1,Fixed microbiome RF,Leave study out
1841.F05102,22,1841,1841:NAU164,male,head,42.034521528308304,40,1,Fixed microbiome RF,Leave study out
1841.P15124,18,1841,1841:NCS213,female,hand,39.74805446289821,40,1,Fixed microbiome RF,Leave study out
1841.P15125,19,1841,1841:NCS233,male,hand,39.51430147185242,40,1,Fixed microbiome RF,Leave study out
1841.P15122,27,1841,1841:NCS214,male,hand,43.887460291954795,40,1,Fixed microbiome RF,Leave study out
1841.P15121,18,1841,1841:NCS213,female,hand,37.784794401048515,40,1,Fixed microbiome RF,Leave study out
1841.F06026,20,1841,1841:NCS210,female,head,40.435614402958166,40,1,Fixed microbiome RF,Leave study out
1841.P15693,20,1841,1841:CUB049,female,hand,42.36798361212673,40,1,Fixed microbiome RF,Leave study out
1841.F05594,32,1841,1841:NAU150,female,head,40.562861904475355,40,1,Fixed microbiome RF,Leave study out
1841.F05595,21,1841,1841:NAU113,female,head,39.216278853996236,40,1,Fixed microbiome RF,Leave study out
1841.F05597,19,1841,1841:NAU107,female,head,38.51648866575677,40,1,Fixed microbiome RF,Leave study out
1841.F05590,28,1841,1841:NAU103,female,head,38.90180217352092,40,1,Fixed microbiome RF,Leave study out
1841.F05593,21,1841,1841:NAU153,female,head,40.19313927532478,40,1,Fixed microbiome RF,Leave study out
1841.F05598,20,1841,1841:NAU123,male,head,40.47692658629747,40,1,Fixed microbiome RF,Leave study out
1841.F05831,32,1841,1841:NAU150,female,head,38.47928625092227,40,1,Fixed microbiome RF,Leave study out
1841.F05373,19,1841,1841:NCS233,male,head,37.20054033639971,40,1,Fixed microbiome RF,Leave study out
1841.P16574,20,1841,1841:CUB049,female,hand,40.093953564970555,40,1,Fixed microbiome RF,Leave study out
1841.P16576,21,1841,1841:CUB003,female,hand,38.99835458046855,40,1,Fixed microbiome RF,Leave study out
1841.P16577,29,1841,1841:CUB011,female,hand,40.28830863786252,40,1,Fixed microbiome RF,Leave study out
1841.P16572,22,1841,1841:CUB040,male,hand,44.713804317687575,40,1,Fixed microbiome RF,Leave study out
1841.F06504,20,1841,1841:CUB037,female,head,40.0194894275455,40,1,Fixed microbiome RF,Leave study out
1841.P16544,20,1841,1841:CUB051,male,hand,41.051379006136415,40,1,Fixed microbiome RF,Leave study out
1841.P16543,21,1841,1841:CUB020,female,hand,43.45445074890388,40,1,Fixed microbiome RF,Leave study out
1841.P16542,20,1841,1841:CUB008,male,hand,44.65535008290986,40,1,Fixed microbiome RF,Leave study out
1841.F05161,55,1841,1841:NAU149,male,head,42.20062153200062,40,1,Fixed microbiome RF,Leave study out
1841.F05162,21,1841,1841:NAU161,male,head,38.98846399579952,40,1,Fixed microbiome RF,Leave study out
1841.P15972,21,1841,1841:CUB038,female,hand,40.08797032828286,40,1,Fixed microbiome RF,Leave study out
1841.F06551,20,1841,1841:CUB049,female,head,42.10442631347689,40,1,Fixed microbiome RF,Leave study out
1841.F06002,23,1841,1841:NCS243,male,head,39.544127244305294,40,1,Fixed microbiome RF,Leave study out
1841.F06552,21,1841,1841:CUB044,male,head,42.21309229566095,40,1,Fixed microbiome RF,Leave study out
1841.F06555,20,1841,1841:CUB051,male,head,40.510120340483795,40,1,Fixed microbiome RF,Leave study out
1841.F06006,21,1841,1841:NCS229,male,head,39.678845903795775,40,1,Fixed microbiome RF,Leave study out
1841.F06005,27,1841,1841:NCS253,female,head,39.68277053573469,40,1,Fixed microbiome RF,Leave study out
1841.F06556,41,1841,1841:CUB050,female,head,42.340665341181456,40,1,Fixed microbiome RF,Leave study out
1841.F06559,21,1841,1841:CUB044,male,head,38.65465090778049,40,1,Fixed microbiome RF,Leave study out
1841.F06558,29,1841,1841:CUB011,female,head,41.3207778832687,40,1,Fixed microbiome RF,Leave study out
1841.F06009,23,1841,1841:NCS243,male,head,42.97710045125466,40,1,Fixed microbiome RF,Leave study out
1841.F06232,25,1841,1841:NAU157,male,head,35.44151469555662,40,1,Fixed microbiome RF,Leave study out
1841.F06233,26,1841,1841:NAU146,female,head,39.88340390971365,40,1,Fixed microbiome RF,Leave study out
1841.P15435,19,1841,1841:NCS241,female,hand,38.81935019841269,40,1,Fixed microbiome RF,Leave study out
1841.F05570,20,1841,1841:NAU121,female,head,39.46274354581415,40,1,Fixed microbiome RF,Leave study out
1841.F05571,30,1841,1841:NAU155,female,head,38.97507410991786,40,1,Fixed microbiome RF,Leave study out
1841.F05576,30,1841,1841:NAU155,female,head,37.9417377067377,40,1,Fixed microbiome RF,Leave study out
1841.F05574,23,1841,1841:NAU100,male,head,39.9002679061135,40,1,Fixed microbiome RF,Leave study out
1841.F05844,55,1841,1841:NAU149,male,head,43.74929826606109,40,1,Fixed microbiome RF,Leave study out
1841.F06482,21,1841,1841:CUB000,female,head,40.337997384559884,40,1,Fixed microbiome RF,Leave study out
1841.F05409,22,1841,1841:NAU133,male,head,44.444102139690386,40,1,Fixed microbiome RF,Leave study out
1841.F06493,21,1841,1841:CUB000,female,head,42.24470042875832,40,1,Fixed microbiome RF,Leave study out
1841.F06494,21,1841,1841:CUB038,female,head,38.78885996815684,40,1,Fixed microbiome RF,Leave study out
1841.F06495,22,1841,1841:CUB004,female,head,43.90519200737129,40,1,Fixed microbiome RF,Leave study out
1841.F06497,21,1841,1841:CUB000,female,head,38.99042880215004,40,1,Fixed microbiome RF,Leave study out
1841.F06498,20,1841,1841:CUB010,female,head,38.140775095003065,40,1,Fixed microbiome RF,Leave study out
1841.F06499,20,1841,1841:CUB008,male,head,43.720852151336075,40,1,Fixed microbiome RF,Leave study out
1841.P15719,22,1841,1841:NAU133,male,hand,37.617627369566705,40,1,Fixed microbiome RF,Leave study out
1841.P15710,20,1841,1841:NAU123,male,hand,37.70470604303783,40,1,Fixed microbiome RF,Leave study out
1841.P15712,20,1841,1841:NAU110,female,hand,38.21468317103337,40,1,Fixed microbiome RF,Leave study out
1841.P15714,22,1841,1841:NAU130,female,hand,41.93032948026968,40,1,Fixed microbiome RF,Leave study out
1841.P15717,32,1841,1841:NAU150,female,hand,41.65240326223222,40,1,Fixed microbiome RF,Leave study out
1841.P15716,21,1841,1841:NAU154,female,hand,39.28546772875816,40,1,Fixed microbiome RF,Leave study out
1841.F05145,20,1841,1841:NAU115,male,head,39.93173763018799,40,1,Fixed microbiome RF,Leave study out
1841.P16439,23,1841,1841:NCS203,female,hand,47.336654161810415,40,1,Fixed microbiome RF,Leave study out
1841.P16383,21,1841,1841:NAU106,female,hand,40.45575873854407,40,1,Fixed microbiome RF,Leave study out
1841.P16380,30,1841,1841:NAU108,female,hand,44.895208458310485,40,1,Fixed microbiome RF,Leave study out
1841.P16432,23,1841,1841:NCS243,male,hand,40.65279943051761,40,1,Fixed microbiome RF,Leave study out
1841.P16435,22,1841,1841:NCS255,female,hand,39.09662992973229,40,1,Fixed microbiome RF,Leave study out
1841.P16436,20,1841,1841:NCS263,male,hand,43.177847112253076,40,1,Fixed microbiome RF,Leave study out
1841.P15325,20,1841,1841:NCS210,female,hand,43.06587709165834,40,1,Fixed microbiome RF,Leave study out
1841.F05050,20,1841,1841:NCS210,female,head,42.936102673368296,40,1,Fixed microbiome RF,Leave study out
1841.F05507,25,1841,1841:NAU157,male,head,38.44912705350206,40,1,Fixed microbiome RF,Leave study out
1841.F05505,20,1841,1841:NAU115,male,head,40.30501622328619,40,1,Fixed microbiome RF,Leave study out
1841.F06441,20,1841,1841:CUB027,female,head,42.798650715980884,40,1,Fixed microbiome RF,Leave study out
1841.F06440,20,1841,1841:CUB027,female,head,42.79197594010516,40,1,Fixed microbiome RF,Leave study out
1841.F06577,36,1841,1841:CUB042,male,head,44.31660709949774,40,1,Fixed microbiome RF,Leave study out
1841.F06575,21,1841,1841:CUB044,male,head,41.03111187834461,40,1,Fixed microbiome RF,Leave study out
1841.F06573,21,1841,1841:CUB038,female,head,43.59156854659403,40,1,Fixed microbiome RF,Leave study out
1841.F06570,20,1841,1841:CUB036,female,head,42.98008271776896,40,1,Fixed microbiome RF,Leave study out
1841.F06579,21,1841,1841:CUB033,female,head,42.79931488924086,40,1,Fixed microbiome RF,Leave study out
1841.P15385,22,1841,1841:NCS255,female,hand,44.75495569346482,40,1,Fixed microbiome RF,Leave study out
1841.P15383,20,1841,1841:NCS263,male,hand,41.08947086354876,40,1,Fixed microbiome RF,Leave study out
1841.F05086,23,1841,1841:NCS244,female,head,40.78004455378347,40,1,Fixed microbiome RF,Leave study out
1841.P15520,20,1841,1841:NAU110,female,hand,38.98188499943595,40,1,Fixed microbiome RF,Leave study out
1841.P15521,21,1841,1841:NAU106,female,hand,45.26598215586498,40,1,Fixed microbiome RF,Leave study out
1841.P15525,19,1841,1841:NAU107,female,hand,38.44400922861861,40,1,Fixed microbiome RF,Leave study out
1841.P15528,20,1841,1841:NAU141,female,hand,47.05226216035427,40,1,Fixed microbiome RF,Leave study out
1841.F05553,20,1841,1841:NAU110,female,head,39.89027367453517,40,1,Fixed microbiome RF,Leave study out
1841.F05554,21,1841,1841:NAU140,female,head,40.8721654703548,40,1,Fixed microbiome RF,Leave study out
1841.F05555,21,1841,1841:NAU161,male,head,41.88732535693473,40,1,Fixed microbiome RF,Leave study out
1841.F06464,20,1841,1841:CUB036,female,head,42.78462459641807,40,1,Fixed microbiome RF,Leave study out
1841.F05882,21,1841,1841:NAU151,male,head,41.34308716704387,40,1,Fixed microbiome RF,Leave study out
1841.F05881,25,1841,1841:NAU157,male,head,38.70292611289855,40,1,Fixed microbiome RF,Leave study out
1841.F05889,33,1841,1841:NAU144,male,head,36.16687264124764,40,1,Fixed microbiome RF,Leave study out
1841.F06461,20,1841,1841:CUB037,female,head,40.07534850383534,40,1,Fixed microbiome RF,Leave study out
1841.P16066,20,1841,1841:NAU110,female,hand,38.3425589081058,40,1,Fixed microbiome RF,Leave study out
1841.P16473,19,1841,1841:NCS233,male,hand,37.38043506534316,40,1,Fixed microbiome RF,Leave study out
1841.P15737,19,1841,1841:NAU107,female,hand,38.3554746662651,40,1,Fixed microbiome RF,Leave study out
1841.P15735,21,1841,1841:NAU124,female,hand,38.54359823978868,40,1,Fixed microbiome RF,Leave study out
1841.P15733,21,1841,1841:NAU161,male,hand,38.22055777504766,40,1,Fixed microbiome RF,Leave study out
1841.P15731,22,1841,1841:NAU133,male,hand,38.33490576825137,40,1,Fixed microbiome RF,Leave study out
1841.F06212,20,1841,1841:NAU115,male,head,39.68602275437754,40,1,Fixed microbiome RF,Leave study out
1841.F06216,20,1841,1841:NAU121,female,head,38.1258263910206,40,1,Fixed microbiome RF,Leave study out
1841.F06215,20,1841,1841:NAU123,male,head,38.11187281162467,40,1,Fixed microbiome RF,Leave study out
1841.P15006,21,1841,1841:CUB032,female,hand,40.966471175480216,40,1,Fixed microbiome RF,Leave study out
1841.P16419,22,1841,1841:NCS212,female,hand,40.948593816314414,40,1,Fixed microbiome RF,Leave study out
1841.P16417,22,1841,1841:NCS255,female,hand,38.98608696406491,40,1,Fixed microbiome RF,Leave study out
1841.P16414,23,1841,1841:NCS203,female,hand,42.274890762603135,40,1,Fixed microbiome RF,Leave study out
1841.P16413,27,1841,1841:NCS253,female,hand,43.04028527028527,40,1,Fixed microbiome RF,Leave study out
1841.P16411,22,1841,1841:NCS212,female,hand,43.155576472138975,40,1,Fixed microbiome RF,Leave study out
1841.F06309,21,1841,1841:CUB003,female,head,41.89209174710096,40,1,Fixed microbiome RF,Leave study out
1841.P16579,21,1841,1841:CUB044,male,hand,40.19577403404149,40,1,Fixed microbiome RF,Leave study out
1841.F05648,21,1841,1841:CUB012,female,head,44.365832191283964,40,1,Fixed microbiome RF,Leave study out
1841.F05646,36,1841,1841:CUB042,male,head,44.334366786705935,40,1,Fixed microbiome RF,Leave study out
1841.F06519,21,1841,1841:CUB012,female,head,44.858706837887155,40,1,Fixed microbiome RF,Leave study out
1841.F06514,36,1841,1841:CUB042,male,head,44.097957744359405,40,1,Fixed microbiome RF,Leave study out
1841.F06517,20,1841,1841:CUB005,female,head,40.61161574536576,40,1,Fixed microbiome RF,Leave study out
1841.F06510,21,1841,1841:CUB000,female,head,40.73014425576465,40,1,Fixed microbiome RF,Leave study out
1841.F05826,20,1841,1841:NAU123,male,head,42.207639401760375,40,1,Fixed microbiome RF,Leave study out
1841.P15504,20,1841,1841:CUB010,female,hand,42.309021519120925,40,1,Fixed microbiome RF,Leave study out
1841.P15505,22,1841,1841:NAU137,female,hand,38.762441733613585,40,1,Fixed microbiome RF,Leave study out
1841.P15506,20,1841,1841:NAU115,male,hand,38.645710312394115,40,1,Fixed microbiome RF,Leave study out
1841.P15507,32,1841,1841:NAU102,unknown,hand,39.130087338876415,40,1,Fixed microbiome RF,Leave study out
1841.F05536,28,1841,1841:NAU103,female,head,37.26103389665891,40,1,Fixed microbiome RF,Leave study out
1841.F05537,30,1841,1841:NAU108,female,head,44.37686653884309,40,1,Fixed microbiome RF,Leave study out
1841.F05532,22,1841,1841:NAU130,female,head,39.35703805640846,40,1,Fixed microbiome RF,Leave study out
1841.F05533,22,1841,1841:NAU116,male,head,38.24563411414972,40,1,Fixed microbiome RF,Leave study out
1841.F05530,21,1841,1841:NAU106,female,head,41.245641413137314,40,1,Fixed microbiome RF,Leave study out
1841.F05531,20,1841,1841:NAU141,female,head,40.67441308379873,40,1,Fixed microbiome RF,Leave study out
1841.F05656,21,1841,1841:CUB044,male,head,40.85581093936163,40,1,Fixed microbiome RF,Leave study out
1841.P16088,22,1841,1841:NAU133,male,hand,44.802578596852484,40,1,Fixed microbiome RF,Leave study out
1841.P16089,20,1841,1841:NAU123,male,hand,50.663844298063054,40,1,Fixed microbiome RF,Leave study out
1841.P16085,20,1841,1841:NAU115,male,hand,39.859274447298354,40,1,Fixed microbiome RF,Leave study out
1841.P16086,20,1841,1841:NAU110,female,hand,43.47658032233998,40,1,Fixed microbiome RF,Leave study out
1841.P16081,22,1841,1841:NAU137,female,hand,37.54668374517641,40,1,Fixed microbiome RF,Leave study out
1841.P16083,22,1841,1841:NAU164,male,hand,42.64038847437285,40,1,Fixed microbiome RF,Leave study out
1841.F06181,29,1841,1841:CUB011,female,head,39.31025141872019,40,1,Fixed microbiome RF,Leave study out
1841.F06186,36,1841,1841:CUB042,male,head,43.14085794413921,40,1,Fixed microbiome RF,Leave study out
1841.P15757,20,1841,1841:NAU123,male,hand,39.20921864319892,40,1,Fixed microbiome RF,Leave study out
1841.P15975,21,1841,1841:CUB032,female,hand,43.7128472621413,40,1,Fixed microbiome RF,Leave study out
1841.P15753,22,1841,1841:NAU137,female,hand,41.397277510247605,40,1,Fixed microbiome RF,Leave study out
1841.P15976,21,1841,1841:CUB000,female,hand,42.67130275974024,40,1,Fixed microbiome RF,Leave study out
1841.P15978,22,1841,1841:CUB048,female,hand,40.056010631820655,40,1,Fixed microbiome RF,Leave study out
1841.P15759,20,1841,1841:NAU119,male,hand,37.68028920732046,40,1,Fixed microbiome RF,Leave study out
1841.P16000,21,1841,1841:CUB029,male,hand,40.67902098187852,40,1,Fixed microbiome RF,Leave study out
1841.P15962,36,1841,1841:CUB042,male,hand,44.295910764609516,40,1,Fixed microbiome RF,Leave study out
1841.P15747,20,1841,1841:NAU121,female,hand,43.44664879250221,40,1,Fixed microbiome RF,Leave study out
1841.P15966,29,1841,1841:CUB011,female,hand,37.63979530885781,40,1,Fixed microbiome RF,Leave study out
1841.F05274,21,1841,1841:NAU106,female,head,46.518703152954075,40,1,Fixed microbiome RF,Leave study out
1841.F05276,24,1841,1841:NAU109,male,head,42.32537367435806,40,1,Fixed microbiome RF,Leave study out
1841.F05279,20,1841,1841:NAU123,male,head,40.288685897435926,40,1,Fixed microbiome RF,Leave study out
1841.F05278,24,1841,1841:NAU109,male,head,41.587080732522324,40,1,Fixed microbiome RF,Leave study out
1841.P16475,23,1841,1841:NCS244,female,hand,39.06710067995491,40,1,Fixed microbiome RF,Leave study out
1841.P16477,20,1841,1841:NCS263,male,hand,44.004724313067186,40,1,Fixed microbiome RF,Leave study out
1841.F06543,20,1841,1841:CUB010,female,head,38.983293841575104,40,1,Fixed microbiome RF,Leave study out
1841.F06247,21,1841,1841:NAU124,female,head,41.31524923255621,40,1,Fixed microbiome RF,Leave study out
1841.F06533,20,1841,1841:CUB008,male,head,41.58344508548383,40,1,Fixed microbiome RF,Leave study out
1841.F06532,22,1841,1841:CUB016,female,head,41.29296401644803,40,1,Fixed microbiome RF,Leave study out
1841.F06531,21,1841,1841:CUB026,male,head,38.06486396416086,40,1,Fixed microbiome RF,Leave study out
1841.F06530,22,1841,1841:CUB004,female,head,40.43988743194261,40,1,Fixed microbiome RF,Leave study out
1841.F06537,41,1841,1841:CUB050,female,head,44.20781496468906,40,1,Fixed microbiome RF,Leave study out
1841.F06536,20,1841,1841:CUB037,female,head,39.03351829594017,40,1,Fixed microbiome RF,Leave study out
1841.F06534,21,1841,1841:CUB033,female,head,41.928381383833965,40,1,Fixed microbiome RF,Leave study out
1841.F06539,23,1841,1841:CUB053,female,head,44.435758827190696,40,1,Fixed microbiome RF,Leave study out
1841.F06538,20,1841,1841:CUB049,female,head,43.147875570609926,40,1,Fixed microbiome RF,Leave study out
1841.P15566,30,1841,1841:NAU155,female,hand,41.349073851495724,40,1,Fixed microbiome RF,Leave study out
1841.P15567,22,1841,1841:NAU164,male,hand,38.74859696981942,40,1,Fixed microbiome RF,Leave study out
1841.P15562,21,1841,1841:NAU161,male,hand,40.09563846854427,40,1,Fixed microbiome RF,Leave study out
1841.P15561,21,1841,1841:NAU106,female,hand,45.15543771766428,40,1,Fixed microbiome RF,Leave study out
1841.F05519,20,1841,1841:NAU119,male,head,40.404346580775794,40,1,Fixed microbiome RF,Leave study out
1841.F05514,20,1841,1841:NAU119,male,head,38.76103821405114,40,1,Fixed microbiome RF,Leave study out
1841.F05515,20,1841,1841:NAU110,female,head,41.25519530891813,40,1,Fixed microbiome RF,Leave study out
1841.F05510,24,1841,1841:NAU109,male,head,41.28233166863533,40,1,Fixed microbiome RF,Leave study out
1841.F05513,20,1841,1841:NAU119,male,head,37.24735544548045,40,1,Fixed microbiome RF,Leave study out
1841.F05436,20,1841,1841:NAU110,female,head,38.65748164162227,40,1,Fixed microbiome RF,Leave study out
1841.F05438,22,1841,1841:NAU164,male,head,36.341533891965874,40,1,Fixed microbiome RF,Leave study out
1841.P15967,20,1841,1841:CUB005,female,hand,42.01688158424179,40,1,Fixed microbiome RF,Leave study out
1841.P15957,20,1841,1841:CUB010,female,hand,42.441784678837884,40,1,Fixed microbiome RF,Leave study out
1841.P15956,21,1841,1841:CUB033,female,hand,40.95696659184001,40,1,Fixed microbiome RF,Leave study out
1841.P15955,22,1841,1841:CUB040,male,hand,40.84593070379374,40,1,Fixed microbiome RF,Leave study out
1841.P15954,20,1841,1841:CUB008,male,hand,41.7517201623107,40,1,Fixed microbiome RF,Leave study out
1841.P15951,22,1841,1841:CUB048,female,hand,41.16589168576211,40,1,Fixed microbiome RF,Leave study out
1841.P15770,30,1841,1841:NAU155,female,hand,41.45019240308301,40,1,Fixed microbiome RF,Leave study out
1841.P15777,20,1841,1841:NAU121,female,hand,38.11608409487775,40,1,Fixed microbiome RF,Leave study out
1841.P15959,21,1841,1841:CUB029,male,hand,43.08204124461382,40,1,Fixed microbiome RF,Leave study out
1841.F06259,20,1841,1841:NAU121,female,head,38.27125591422466,40,1,Fixed microbiome RF,Leave study out
1841.F06254,20,1841,1841:NAU123,male,head,41.528705018400096,40,1,Fixed microbiome RF,Leave study out
1841.P15569,20,1841,1841:NAU121,female,hand,40.391373316226236,40,1,Fixed microbiome RF,Leave study out
1841.F06252,22,1841,1841:NAU137,female,head,38.962004484486116,40,1,Fixed microbiome RF,Leave study out
1841.F06253,20,1841,1841:NAU121,female,head,39.9376229444897,40,1,Fixed microbiome RF,Leave study out
1841.F06250,20,1841,1841:NAU121,female,head,38.908178505522265,40,1,Fixed microbiome RF,Leave study out
1841.P15563,20,1841,1841:NAU121,female,hand,41.86699595397205,40,1,Fixed microbiome RF,Leave study out
1841.F06093,23,1841,1841:NCS244,female,head,38.13121637604634,40,1,Fixed microbiome RF,Leave study out
1841.F05250,19,1841,1841:NAU107,female,head,41.44765315413753,40,1,Fixed microbiome RF,Leave study out
1841.F05258,33,1841,1841:NAU144,male,head,40.1252350424689,40,1,Fixed microbiome RF,Leave study out
1841.F06052,22,1841,1841:NCS212,female,head,40.35418267190327,40,1,Fixed microbiome RF,Leave study out
1841.P16329,30,1841,1841:NAU108,female,hand,42.40371033492432,40,1,Fixed microbiome RF,Leave study out
1841.P16328,30,1841,1841:NAU108,female,hand,46.914066728230736,40,1,Fixed microbiome RF,Leave study out
1841.P16321,25,1841,1841:NAU157,male,hand,35.174340355099844,40,1,Fixed microbiome RF,Leave study out
1841.P16320,33,1841,1841:NAU144,male,hand,38.8302495081911,40,1,Fixed microbiome RF,Leave study out
1841.P16451,22,1841,1841:NAU130,female,hand,38.69788184218883,40,1,Fixed microbiome RF,Leave study out
1841.P16322,21,1841,1841:NAU161,male,hand,40.9456153759117,40,1,Fixed microbiome RF,Leave study out
1841.P16325,33,1841,1841:NAU144,male,hand,37.626869934599725,40,1,Fixed microbiome RF,Leave study out
1841.P16327,32,1841,1841:NAU102,unknown,hand,37.8707173489986,40,1,Fixed microbiome RF,Leave study out
1841.P16326,24,1841,1841:NAU109,male,hand,40.589242752005596,40,1,Fixed microbiome RF,Leave study out
1841.F05043,22,1841,1841:NCS212,female,head,40.01595077665392,40,1,Fixed microbiome RF,Leave study out
1841.F05517,20,1841,1841:NAU121,female,head,37.04780042326096,40,1,Fixed microbiome RF,Leave study out
1841.F05512,32,1841,1841:NAU102,unknown,head,37.88111133658009,40,1,Fixed microbiome RF,Leave study out
1841.P15682,20,1841,1841:CUB051,male,hand,40.18012509192195,40,1,Fixed microbiome RF,Leave study out
1841.F06450,20,1841,1841:CUB005,female,head,40.2228841471029,40,1,Fixed microbiome RF,Leave study out
1841.F06451,23,1841,1841:CUB053,female,head,44.16885074395181,40,1,Fixed microbiome RF,Leave study out
1841.F06088,22,1841,1841:NCS255,female,head,40.702954966531344,40,1,Fixed microbiome RF,Leave study out
1841.F06299,22,1841,1841:NAU133,male,head,38.03171881631441,40,1,Fixed microbiome RF,Leave study out
1841.F06082,21,1841,1841:NCS262,male,head,39.14460039144043,40,1,Fixed microbiome RF,Leave study out
1841.F06085,23,1841,1841:NCS203,female,head,45.43006679856624,40,1,Fixed microbiome RF,Leave study out
1841.P15098,22,1841,1841:CUB048,female,hand,42.39051051277151,40,1,Fixed microbiome RF,Leave study out
1841.P15096,21,1841,1841:CUB000,female,hand,41.71142052993984,40,1,Fixed microbiome RF,Leave study out
1841.P15095,23,1841,1841:CUB056,male,hand,42.74909703813487,40,1,Fixed microbiome RF,Leave study out
1841.P15092,23,1841,1841:CUB056,male,hand,44.20569611943098,40,1,Fixed microbiome RF,Leave study out
1841.P15093,22,1841,1841:CUB007,female,hand,41.406437404327505,40,1,Fixed microbiome RF,Leave study out
1841.P15090,20,1841,1841:CUB008,male,hand,42.48928648434898,40,1,Fixed microbiome RF,Leave study out
1841.P15091,21,1841,1841:CUB000,female,hand,41.5675899707931,40,1,Fixed microbiome RF,Leave study out
1841.P15546,22,1841,1841:NAU164,male,hand,39.89414700066018,40,1,Fixed microbiome RF,Leave study out
1841.P15540,28,1841,1841:NAU103,female,hand,39.11090026373694,40,1,Fixed microbiome RF,Leave study out
1841.P15238,20,1841,1841:CUB005,female,hand,43.70223730262792,40,1,Fixed microbiome RF,Leave study out
1841.P15548,20,1841,1841:NAU123,male,hand,39.370658720297484,40,1,Fixed microbiome RF,Leave study out
1841.P15549,30,1841,1841:NAU108,female,hand,42.84999617052839,40,1,Fixed microbiome RF,Leave study out
1841.P16539,22,1841,1841:CUB004,female,hand,40.88177708251468,40,1,Fixed microbiome RF,Leave study out
1841.F05060,23,1841,1841:NCS203,female,head,44.121629883086676,40,1,Fixed microbiome RF,Leave study out
1841.F05063,23,1841,1841:NCS203,female,head,42.09783986062526,40,1,Fixed microbiome RF,Leave study out
1841.F05065,23,1841,1841:NCS203,female,head,44.772748798383,40,1,Fixed microbiome RF,Leave study out
1841.F05066,22,1841,1841:NCS255,female,head,39.10005780272486,40,1,Fixed microbiome RF,Leave study out
1841.F05068,23,1841,1841:NCS203,female,head,42.01479562869727,40,1,Fixed microbiome RF,Leave study out
1841.F05932,18,1841,1841:NCS213,female,head,40.46616975659857,40,1,Fixed microbiome RF,Leave study out
1841.F05936,18,1841,1841:NCS213,female,head,40.17449467363779,40,1,Fixed microbiome RF,Leave study out
1841.F05937,19,1841,1841:NCS233,male,head,39.51362917068204,40,1,Fixed microbiome RF,Leave study out
1841.P16157,24,1841,1841:NAU109,male,hand,42.91635223630537,40,1,Fixed microbiome RF,Leave study out
1841.P16154,21,1841,1841:NAU106,female,hand,42.12140002358751,40,1,Fixed microbiome RF,Leave study out
1841.P16158,22,1841,1841:NAU133,male,hand,47.17788529179154,40,1,Fixed microbiome RF,Leave study out
1841.P16462,27,1841,1841:NCS253,female,hand,46.473059053640384,40,1,Fixed microbiome RF,Leave study out
1841.P15939,22,1841,1841:CUB007,female,hand,42.53837496296596,40,1,Fixed microbiome RF,Leave study out
1841.P15938,21,1841,1841:CUB012,female,hand,46.47144557810139,40,1,Fixed microbiome RF,Leave study out
1841.P15935,21,1841,1841:CUB033,female,hand,42.405190606982885,40,1,Fixed microbiome RF,Leave study out
1841.P15934,21,1841,1841:CUB029,male,hand,40.72351308747779,40,1,Fixed microbiome RF,Leave study out
1841.P15936,23,1841,1841:CUB053,female,hand,47.15069452886777,40,1,Fixed microbiome RF,Leave study out
1841.P15931,21,1841,1841:CUB032,female,hand,42.40846559435768,40,1,Fixed microbiome RF,Leave study out
1841.P15932,21,1841,1841:CUB026,male,hand,38.87350412258042,40,1,Fixed microbiome RF,Leave study out
1841.F06274,32,1841,1841:NAU150,female,head,41.62238896821777,40,1,Fixed microbiome RF,Leave study out
1841.F06276,32,1841,1841:NAU150,female,head,40.85522672537837,40,1,Fixed microbiome RF,Leave study out
1841.F06277,32,1841,1841:NAU150,female,head,40.937378575264596,40,1,Fixed microbiome RF,Leave study out
1841.F06270,22,1841,1841:NAU130,female,head,41.120560449137216,40,1,Fixed microbiome RF,Leave study out
1841.F06271,37,1841,1841:NAU148,male,head,39.00035252042097,40,1,Fixed microbiome RF,Leave study out
1841.F05639,20,1841,1841:CUB008,male,head,42.413000047914906,40,1,Fixed microbiome RF,Leave study out
1841.P15018,36,1841,1841:CUB042,male,hand,43.2593796307859,40,1,Fixed microbiome RF,Leave study out
1841.F05232,25,1841,1841:NAU157,male,head,38.18031456033753,40,1,Fixed microbiome RF,Leave study out
1841.P16307,33,1841,1841:NAU144,male,hand,40.22054948601972,40,1,Fixed microbiome RF,Leave study out
1841.P16306,20,1841,1841:NAU115,male,hand,39.694215811273246,40,1,Fixed microbiome RF,Leave study out
1841.P16305,33,1841,1841:NAU144,male,hand,41.96725143454044,40,1,Fixed microbiome RF,Leave study out
1841.P16304,33,1841,1841:NAU144,male,hand,40.96103437307521,40,1,Fixed microbiome RF,Leave study out
1841.P16303,21,1841,1841:NAU106,female,hand,45.558396690115444,40,1,Fixed microbiome RF,Leave study out
1841.F05101,28,1841,1841:NAU103,female,head,40.69762083402709,40,1,Fixed microbiome RF,Leave study out
1841.P15218,20,1841,1841:CUB005,female,hand,39.738368628920114,40,1,Fixed microbiome RF,Leave study out
1841.P15211,20,1841,1841:CUB037,female,hand,40.38916422986737,40,1,Fixed microbiome RF,Leave study out
1841.P15213,20,1841,1841:CUB027,female,hand,42.04636833612107,40,1,Fixed microbiome RF,Leave study out
1841.P15215,23,1841,1841:CUB053,female,hand,46.74073898584055,40,1,Fixed microbiome RF,Leave study out
1841.P15216,22,1841,1841:CUB007,female,hand,42.23760916217067,40,1,Fixed microbiome RF,Leave study out
1841.P15217,20,1841,1841:CUB037,female,hand,38.443790514020286,40,1,Fixed microbiome RF,Leave study out
1841.F05006,22,1841,1841:NCS212,female,head,43.125915924353436,40,1,Fixed microbiome RF,Leave study out
1841.F05004,23,1841,1841:NCS203,female,head,42.972322268009776,40,1,Fixed microbiome RF,Leave study out
1841.F05003,27,1841,1841:NCS253,female,head,44.365552311250845,40,1,Fixed microbiome RF,Leave study out
1841.F05008,20,1841,1841:NCS210,female,head,39.782159753543034,40,1,Fixed microbiome RF,Leave study out
1841.F05009,20,1841,1841:NCS210,female,head,44.103391140109906,40,1,Fixed microbiome RF,Leave study out
1841.F05910,19,1841,1841:NCS233,male,head,38.37749530545027,40,1,Fixed microbiome RF,Leave study out
1841.P16170,22,1841,1841:NAU137,female,hand,37.71320612027453,40,1,Fixed microbiome RF,Leave study out
1841.P16173,25,1841,1841:NAU157,male,hand,52.8564297900564,40,1,Fixed microbiome RF,Leave study out
1841.P16174,24,1841,1841:NAU109,male,hand,41.86166992804905,40,1,Fixed microbiome RF,Leave study out
1841.P16175,21,1841,1841:NAU161,male,hand,40.06227566019506,40,1,Fixed microbiome RF,Leave study out
1841.P16176,20,1841,1841:NAU123,male,hand,42.39285141941393,40,1,Fixed microbiome RF,Leave study out
1841.P16177,28,1841,1841:NAU103,female,hand,40.44610960220335,40,1,Fixed microbiome RF,Leave study out
1841.F05430,20,1841,1841:NAU115,male,head,39.3181292830995,40,1,Fixed microbiome RF,Leave study out
1841.F06292,19,1841,1841:NAU107,female,head,39.3103648027697,40,1,Fixed microbiome RF,Leave study out
1841.F06293,22,1841,1841:NAU133,male,head,39.5065633355615,40,1,Fixed microbiome RF,Leave study out
1841.F06290,22,1841,1841:NAU133,male,head,39.08687609367756,40,1,Fixed microbiome RF,Leave study out
1841.F06296,37,1841,1841:NAU148,male,head,42.31069013975243,40,1,Fixed microbiome RF,Leave study out
1841.F06294,37,1841,1841:NAU148,male,head,39.41551500276684,40,1,Fixed microbiome RF,Leave study out
1841.P15913,22,1841,1841:CUB016,female,hand,43.764327990186416,40,1,Fixed microbiome RF,Leave study out
1841.P15912,20,1841,1841:CUB051,male,hand,37.584493553321686,40,1,Fixed microbiome RF,Leave study out
1841.P15917,20,1841,1841:CUB049,female,hand,39.783179867007995,40,1,Fixed microbiome RF,Leave study out
1841.P15914,29,1841,1841:CUB011,female,hand,40.21419059654355,40,1,Fixed microbiome RF,Leave study out
1841.P15258,21,1841,1841:CUB026,male,hand,39.75845552884617,40,1,Fixed microbiome RF,Leave study out
1841.F05002,20,1841,1841:NCS263,male,head,43.427340236636915,40,1,Fixed microbiome RF,Leave study out
1841.P15953,20,1841,1841:CUB008,male,hand,39.351249644736484,40,1,Fixed microbiome RF,Leave study out
1841.P15775,20,1841,1841:NAU115,male,hand,40.664389547057695,40,1,Fixed microbiome RF,Leave study out
1841.P15774,55,1841,1841:NAU149,male,hand,45.01989402958154,40,1,Fixed microbiome RF,Leave study out
1841.F05213,30,1841,1841:NAU108,female,head,41.87147374896359,40,1,Fixed microbiome RF,Leave study out
1841.F05211,28,1841,1841:NAU103,female,head,39.6892131826507,40,1,Fixed microbiome RF,Leave study out
1841.F05216,22,1841,1841:NAU137,female,head,39.38364541273588,40,1,Fixed microbiome RF,Leave study out
1841.F05219,20,1841,1841:NAU119,male,head,39.51566762218295,40,1,Fixed microbiome RF,Leave study out
1841.F05218,32,1841,1841:NAU150,female,head,42.22979764487698,40,1,Fixed microbiome RF,Leave study out
1841.P16365,32,1841,1841:NAU102,unknown,hand,37.484938048063036,40,1,Fixed microbiome RF,Leave study out
1841.P16367,22,1841,1841:NAU130,female,hand,39.13227712929552,40,1,Fixed microbiome RF,Leave study out
1841.P16366,33,1841,1841:NAU144,male,hand,41.21107548691689,40,1,Fixed microbiome RF,Leave study out
1841.P16362,20,1841,1841:NAU115,male,hand,36.21208482056139,40,1,Fixed microbiome RF,Leave study out
1841.P16369,21,1841,1841:NAU154,female,hand,43.39699038332309,40,1,Fixed microbiome RF,Leave study out
1841.P16581,21,1841,1841:CUB000,female,hand,42.149536564844475,40,1,Fixed microbiome RF,Leave study out
1841.P16580,21,1841,1841:CUB038,female,hand,44.56675508173196,40,1,Fixed microbiome RF,Leave study out
1841.P16583,20,1841,1841:CUB036,female,hand,43.48985168163471,40,1,Fixed microbiome RF,Leave study out
1841.P16582,36,1841,1841:CUB042,male,hand,45.710296256541675,40,1,Fixed microbiome RF,Leave study out
1841.P16586,20,1841,1841:CUB027,female,hand,43.449962009091635,40,1,Fixed microbiome RF,Leave study out
1841.P16589,21,1841,1841:CUB044,male,hand,43.32219203554113,40,1,Fixed microbiome RF,Leave study out
1841.P16588,20,1841,1841:CUB049,female,hand,42.807718550072366,40,1,Fixed microbiome RF,Leave study out
1841.F06354,20,1841,1841:CUB051,male,head,38.93694976951331,40,1,Fixed microbiome RF,Leave study out
1841.F06597,22,1841,1841:CUB048,female,head,42.31094935038409,40,1,Fixed microbiome RF,Leave study out
1841.F06591,21,1841,1841:CUB012,female,head,44.288940714839214,40,1,Fixed microbiome RF,Leave study out
1841.F06590,23,1841,1841:CUB028,male,head,37.49078967998375,40,1,Fixed microbiome RF,Leave study out
1841.F06592,20,1841,1841:CUB005,female,head,40.46640082650195,40,1,Fixed microbiome RF,Leave study out
1841.F06599,22,1841,1841:CUB004,female,head,43.58905090888642,40,1,Fixed microbiome RF,Leave study out
1841.F06598,20,1841,1841:CUB010,female,head,40.89645363317239,40,1,Fixed microbiome RF,Leave study out
1841.P15058,20,1841,1841:CUB051,male,hand,38.436354955808085,40,1,Fixed microbiome RF,Leave study out
1841.P15052,21,1841,1841:CUB003,female,hand,41.11523924471733,40,1,Fixed microbiome RF,Leave study out
1841.P15053,20,1841,1841:CUB008,male,hand,40.391737787601,40,1,Fixed microbiome RF,Leave study out
1841.P15050,21,1841,1841:CUB012,female,hand,41.34254537513463,40,1,Fixed microbiome RF,Leave study out
1841.P15056,23,1841,1841:CUB053,female,hand,41.26995990910553,40,1,Fixed microbiome RF,Leave study out
1841.P15057,20,1841,1841:CUB036,female,hand,40.04117878493288,40,1,Fixed microbiome RF,Leave study out
1841.P15055,20,1841,1841:CUB005,female,hand,43.2303931408665,40,1,Fixed microbiome RF,Leave study out
1841.F06331,21,1841,1841:CUB029,male,head,40.71850922542765,40,1,Fixed microbiome RF,Leave study out
1841.F06330,20,1841,1841:CUB027,female,head,42.09295644418032,40,1,Fixed microbiome RF,Leave study out
1841.F06333,23,1841,1841:CUB053,female,head,50.526843429000735,40,1,Fixed microbiome RF,Leave study out
1841.F06335,21,1841,1841:CUB038,female,head,37.24530839135279,40,1,Fixed microbiome RF,Leave study out
1841.F06337,23,1841,1841:CUB028,male,head,40.75727600891439,40,1,Fixed microbiome RF,Leave study out
1841.F06339,20,1841,1841:CUB010,female,head,41.16726826636446,40,1,Fixed microbiome RF,Leave study out
1841.F06338,21,1841,1841:CUB003,female,head,41.69446239014254,40,1,Fixed microbiome RF,Leave study out
1841.P15275,21,1841,1841:CUB038,female,hand,44.23958875790531,40,1,Fixed microbiome RF,Leave study out
1841.P15272,21,1841,1841:CUB003,female,hand,40.54443678534552,40,1,Fixed microbiome RF,Leave study out
1841.P15273,21,1841,1841:CUB032,female,hand,41.47482169977294,40,1,Fixed microbiome RF,Leave study out
1841.P15582,30,1841,1841:NAU155,female,hand,38.27299394182207,40,1,Fixed microbiome RF,Leave study out
1841.P15585,37,1841,1841:NAU148,male,hand,39.90379297566467,40,1,Fixed microbiome RF,Leave study out
1841.P15587,30,1841,1841:NAU155,female,hand,42.259925344051126,40,1,Fixed microbiome RF,Leave study out
1841.P15589,28,1841,1841:NAU103,female,hand,39.24501883533133,40,1,Fixed microbiome RF,Leave study out
1841.P15278,22,1841,1841:CUB016,female,hand,38.30243735023147,40,1,Fixed microbiome RF,Leave study out
1841.F05029,22,1841,1841:NCS212,female,head,40.33050404684862,40,1,Fixed microbiome RF,Leave study out
1841.F05024,27,1841,1841:NCS253,female,head,47.69766364711677,40,1,Fixed microbiome RF,Leave study out
1841.F05025,22,1841,1841:NCS255,female,head,42.093410699798554,40,1,Fixed microbiome RF,Leave study out
1841.P15277,21,1841,1841:CUB026,male,hand,38.43374951682769,40,1,Fixed microbiome RF,Leave study out
1841.F05689,21,1841,1841:CUB026,male,head,39.85603631822384,40,1,Fixed microbiome RF,Leave study out
1841.F05680,22,1841,1841:CUB007,female,head,42.17524371315552,40,1,Fixed microbiome RF,Leave study out
1841.F05682,20,1841,1841:CUB027,female,head,41.30377994964344,40,1,Fixed microbiome RF,Leave study out
1841.F05683,23,1841,1841:CUB053,female,head,48.92092017357644,40,1,Fixed microbiome RF,Leave study out
1841.F05684,21,1841,1841:CUB026,male,head,40.11642542353481,40,1,Fixed microbiome RF,Leave study out
1841.F05686,20,1841,1841:CUB037,female,head,42.8252804140304,40,1,Fixed microbiome RF,Leave study out
1841.P15556,21,1841,1841:CUB044,male,hand,46.258956293383555,40,1,Fixed microbiome RF,Leave study out
1841.P15554,20,1841,1841:NAU110,female,hand,43.2764288565805,40,1,Fixed microbiome RF,Leave study out
1841.P15559,21,1841,1841:NAU154,female,hand,36.58961691537379,40,1,Fixed microbiome RF,Leave study out
1841.F05977,18,1841,1841:NCS232,female,head,40.57707605660269,40,1,Fixed microbiome RF,Leave study out
1841.F05974,27,1841,1841:NCS214,male,head,43.45391961898397,40,1,Fixed microbiome RF,Leave study out
1841.F06109,41,1841,1841:CUB050,female,head,42.58266243569231,40,1,Fixed microbiome RF,Leave study out
1841.F06102,20,1841,1841:CUB008,male,head,41.34769863838917,40,1,Fixed microbiome RF,Leave study out
1841.F06106,21,1841,1841:CUB044,male,head,41.007221189682774,40,1,Fixed microbiome RF,Leave study out
1841.F06107,20,1841,1841:CUB049,female,head,43.50933992068512,40,1,Fixed microbiome RF,Leave study out
1841.P16349,21,1841,1841:NAU153,female,hand,37.23328844766345,40,1,Fixed microbiome RF,Leave study out
1841.P16343,30,1841,1841:NAU108,female,hand,42.34620636124776,40,1,Fixed microbiome RF,Leave study out
1841.P16342,21,1841,1841:NAU106,female,hand,41.96196042911026,40,1,Fixed microbiome RF,Leave study out
1841.P16341,19,1841,1841:NAU107,female,hand,38.64734401729805,40,1,Fixed microbiome RF,Leave study out
1841.P16340,24,1841,1841:NAU109,male,hand,42.39483076615211,40,1,Fixed microbiome RF,Leave study out
1841.P16452,27,1841,1841:NCS253,female,hand,43.1408360641095,40,1,Fixed microbiome RF,Leave study out
1841.F06230,55,1841,1841:NAU149,male,head,42.93437425832573,40,1,Fixed microbiome RF,Leave study out
1841.F05256,21,1841,1841:NAU161,male,head,40.816308676005356,40,1,Fixed microbiome RF,Leave study out
1841.F05252,55,1841,1841:NAU149,male,head,42.00060499587058,40,1,Fixed microbiome RF,Leave study out
1841.P15070,20,1841,1841:CUB036,female,hand,41.139231469612895,40,1,Fixed microbiome RF,Leave study out
1841.P15071,20,1841,1841:CUB037,female,hand,38.80790261243387,40,1,Fixed microbiome RF,Leave study out
1841.P15072,20,1841,1841:CUB008,male,hand,40.13805776025446,40,1,Fixed microbiome RF,Leave study out
1841.P15073,36,1841,1841:CUB042,male,hand,42.75633578227328,40,1,Fixed microbiome RF,Leave study out
1841.P15074,22,1841,1841:CUB004,female,hand,43.3294906742563,40,1,Fixed microbiome RF,Leave study out
1841.P15075,21,1841,1841:CUB038,female,hand,40.09676267220483,40,1,Fixed microbiome RF,Leave study out
1841.P15076,21,1841,1841:CUB000,female,hand,39.14313415750916,40,1,Fixed microbiome RF,Leave study out
1841.P15077,21,1841,1841:CUB000,female,hand,42.19371134839423,40,1,Fixed microbiome RF,Leave study out
1841.P15079,20,1841,1841:CUB049,female,hand,41.81710592335316,40,1,Fixed microbiome RF,Leave study out
1841.F06317,21,1841,1841:CUB012,female,head,45.08563481921158,40,1,Fixed microbiome RF,Leave study out
1841.F06316,22,1841,1841:CUB007,female,head,42.247962936172094,40,1,Fixed microbiome RF,Leave study out
1841.F06312,20,1841,1841:CUB051,male,head,38.91400353986293,40,1,Fixed microbiome RF,Leave study out
1841.F06311,21,1841,1841:CUB026,male,head,38.575014314186205,40,1,Fixed microbiome RF,Leave study out
1841.F06310,21,1841,1841:CUB033,female,head,43.46748631089913,40,1,Fixed microbiome RF,Leave study out
1841.F06319,21,1841,1841:CUB000,female,head,40.932991521346295,40,1,Fixed microbiome RF,Leave study out
1841.P15256,36,1841,1841:CUB042,male,hand,43.55136999183414,40,1,Fixed microbiome RF,Leave study out
1841.P15257,20,1841,1841:CUB037,female,hand,40.07045597631533,40,1,Fixed microbiome RF,Leave study out
1841.P15250,20,1841,1841:CUB010,female,hand,44.65601761086139,40,1,Fixed microbiome RF,Leave study out
1841.P15251,21,1841,1841:CUB044,male,hand,42.870981829988594,40,1,Fixed microbiome RF,Leave study out
1841.P15252,21,1841,1841:CUB038,female,hand,42.99241746101122,40,1,Fixed microbiome RF,Leave study out
1841.P15253,21,1841,1841:CUB029,male,hand,40.896280325577195,40,1,Fixed microbiome RF,Leave study out
1841.P16450,22,1841,1841:NCS255,female,hand,43.93879917391638,40,1,Fixed microbiome RF,Leave study out
1841.F06237,20,1841,1841:NAU119,male,head,36.861321772590166,40,1,Fixed microbiome RF,Leave study out
1841.F05340,22,1841,1841:NCS212,female,head,50.40041927142668,40,1,Fixed microbiome RF,Leave study out
1841.P15210,20,1841,1841:CUB049,female,hand,41.46555929798528,40,1,Fixed microbiome RF,Leave study out
1841.P16288,37,1841,1841:NAU148,male,hand,41.76568616381576,40,1,Fixed microbiome RF,Leave study out
1841.P16286,55,1841,1841:NAU149,male,hand,42.9265398143523,40,1,Fixed microbiome RF,Leave study out
1841.P16287,32,1841,1841:NAU150,female,hand,41.16802537730429,40,1,Fixed microbiome RF,Leave study out
1841.P16284,22,1841,1841:NAU133,male,hand,39.30665569080042,40,1,Fixed microbiome RF,Leave study out
1841.P16281,19,1841,1841:NAU107,female,hand,40.65647344824044,40,1,Fixed microbiome RF,Leave study out
1841.F05403,20,1841,1841:NAU123,male,head,41.06742924336262,40,1,Fixed microbiome RF,Leave study out
1841.F05400,22,1841,1841:NAU164,male,head,37.782444826415414,40,1,Fixed microbiome RF,Leave study out
1841.F05405,37,1841,1841:NAU148,male,head,43.91463423090069,40,1,Fixed microbiome RF,Leave study out
1841.F05408,21,1841,1841:NAU154,female,head,40.46883325875514,40,1,Fixed microbiome RF,Leave study out
1841.F05049,20,1841,1841:NCS263,male,head,43.42235787848391,40,1,Fixed microbiome RF,Leave study out
1841.P16137,19,1841,1841:NAU107,female,hand,39.842843829475264,40,1,Fixed microbiome RF,Leave study out
1841.P16453,20,1841,1841:NCS263,male,hand,39.963504305337985,40,1,Fixed microbiome RF,Leave study out
1841.P16324,21,1841,1841:NAU151,male,hand,42.652029532096805,40,1,Fixed microbiome RF,Leave study out
1841.P16454,23,1841,1841:NCS203,female,hand,44.57145491457071,40,1,Fixed microbiome RF,Leave study out
1841.F05041,23,1841,1841:NCS244,female,head,38.52599140021645,40,1,Fixed microbiome RF,Leave study out
1841.F06123,41,1841,1841:CUB050,female,head,43.59273853750417,40,1,Fixed microbiome RF,Leave study out
1841.F06127,23,1841,1841:CUB053,female,head,42.77522593197867,40,1,Fixed microbiome RF,Leave study out
1841.F05046,20,1841,1841:NCS210,female,head,42.16409562020582,40,1,Fixed microbiome RF,Leave study out
1841.P15020,22,1841,1841:CUB040,male,hand,53.479524237336705,40,1,Fixed microbiome RF,Leave study out
1841.F06377,21,1841,1841:CUB044,male,head,37.54942796531493,40,1,Fixed microbiome RF,Leave study out
1841.P15014,20,1841,1841:CUB036,female,hand,44.38037886866423,40,1,Fixed microbiome RF,Leave study out
1841.P15012,23,1841,1841:CUB053,female,hand,48.058982459547366,40,1,Fixed microbiome RF,Leave study out
1841.P15013,22,1841,1841:CUB016,female,hand,41.52607376598787,40,1,Fixed microbiome RF,Leave study out
1841.P15010,21,1841,1841:CUB012,female,hand,43.16337453201103,40,1,Fixed microbiome RF,Leave study out
1841.P15011,41,1841,1841:CUB050,female,hand,43.780189301187924,40,1,Fixed microbiome RF,Leave study out
1841.F06378,21,1841,1841:CUB000,female,head,40.594520079593615,40,1,Fixed microbiome RF,Leave study out
1841.F06372,20,1841,1841:CUB010,female,head,40.98904979262975,40,1,Fixed microbiome RF,Leave study out
1841.P15355,23,1841,1841:NCS203,female,hand,44.14857614607614,40,1,Fixed microbiome RF,Leave study out
1841.P15604,21,1841,1841:CUB044,male,hand,39.10351505338594,40,1,Fixed microbiome RF,Leave study out
1841.P15237,20,1841,1841:CUB008,male,hand,40.58322359931737,40,1,Fixed microbiome RF,Leave study out
1841.F05421,22,1841,1841:NAU130,female,head,43.33040463531588,40,1,Fixed microbiome RF,Leave study out
1841.F05423,21,1841,1841:NAU161,male,head,38.38688638618326,40,1,Fixed microbiome RF,Leave study out
1841.F05424,20,1841,1841:NAU121,female,head,36.30680865638402,40,1,Fixed microbiome RF,Leave study out
1841.F05425,55,1841,1841:NAU149,male,head,41.505017963795964,40,1,Fixed microbiome RF,Leave study out
1841.F05426,21,1841,1841:NAU124,female,head,40.064938269560884,40,1,Fixed microbiome RF,Leave study out
1841.P15370,23,1841,1841:NCS243,male,hand,41.395027819698164,40,1,Fixed microbiome RF,Leave study out
1841.P16573,21,1841,1841:CUB032,female,hand,43.53634370225364,40,1,Fixed microbiome RF,Leave study out
1841.P15602,21,1841,1841:NAU153,female,hand,37.4162964294934,40,1,Fixed microbiome RF,Leave study out
1841.P15354,23,1841,1841:NCS243,male,hand,38.208439239477826,40,1,Fixed microbiome RF,Leave study out
1841.P15356,20,1841,1841:NCS263,male,hand,39.928282547721864,40,1,Fixed microbiome RF,Leave study out
1841.P15608,22,1841,1841:CUB048,female,hand,48.44206133378469,40,1,Fixed microbiome RF,Leave study out
1841.F06079,22,1841,1841:NCS255,female,head,41.88676070884616,40,1,Fixed microbiome RF,Leave study out
1841.P15940,20,1841,1841:CUB036,female,hand,41.79514612671687,40,1,Fixed microbiome RF,Leave study out
1841.P15942,21,1841,1841:CUB029,male,hand,39.44942638261151,40,1,Fixed microbiome RF,Leave study out
1841.F06086,22,1841,1841:NCS255,female,head,41.7573889273272,40,1,Fixed microbiome RF,Leave study out
1841.F05850,30,1841,1841:NAU155,female,head,40.716058699000286,40,1,Fixed microbiome RF,Leave study out
1841.F05854,21,1841,1841:NAU106,female,head,47.57282879894508,40,1,Fixed microbiome RF,Leave study out
1841.F05857,21,1841,1841:NAU106,female,head,44.314572713846594,40,1,Fixed microbiome RF,Leave study out
1841.P16072,28,1841,1841:NAU103,female,hand,39.90417917152293,40,1,Fixed microbiome RF,Leave study out
1841.P16079,22,1841,1841:NAU130,female,hand,42.59745591386897,40,1,Fixed microbiome RF,Leave study out
1841.P16078,25,1841,1841:NAU157,male,hand,43.7359895537469,40,1,Fixed microbiome RF,Leave study out
1841.F05180,32,1841,1841:NAU150,female,head,44.33378999700956,40,1,Fixed microbiome RF,Leave study out
1841.F05635,21,1841,1841:CUB012,female,head,42.068441407269,40,1,Fixed microbiome RF,Leave study out
1841.P15350,27,1841,1841:NCS253,female,hand,43.77245926816241,40,1,Fixed microbiome RF,Leave study out
1841.P15038,21,1841,1841:CUB033,female,hand,42.40941828075926,40,1,Fixed microbiome RF,Leave study out
1841.P15039,20,1841,1841:CUB027,female,hand,41.94085886692964,40,1,Fixed microbiome RF,Leave study out
1841.P15036,21,1841,1841:CUB026,male,hand,39.01163287233599,40,1,Fixed microbiome RF,Leave study out
1841.P15037,41,1841,1841:CUB050,female,hand,44.465827551826195,40,1,Fixed microbiome RF,Leave study out
1841.P15030,41,1841,1841:CUB050,female,hand,43.47324472986013,40,1,Fixed microbiome RF,Leave study out
1841.P15031,21,1841,1841:CUB044,male,hand,42.176934523809514,40,1,Fixed microbiome RF,Leave study out
1841.P15032,20,1841,1841:CUB008,male,hand,40.5899887038513,40,1,Fixed microbiome RF,Leave study out
1841.F06421,21,1841,1841:CUB029,male,head,43.288666816540285,40,1,Fixed microbiome RF,Leave study out
1841.F06420,22,1841,1841:CUB016,female,head,41.011122541674006,40,1,Fixed microbiome RF,Leave study out
1841.F06422,21,1841,1841:CUB033,female,head,41.25168747408635,40,1,Fixed microbiome RF,Leave study out
1841.F06425,22,1841,1841:CUB040,male,head,45.60160241310975,40,1,Fixed microbiome RF,Leave study out
1841.F06424,22,1841,1841:CUB040,male,head,43.07103940840614,40,1,Fixed microbiome RF,Leave study out
1841.F06426,22,1841,1841:CUB007,female,head,41.682414695434396,40,1,Fixed microbiome RF,Leave study out
1841.F06428,20,1841,1841:CUB008,male,head,40.0025620716916,40,1,Fixed microbiome RF,Leave study out
1841.P15294,21,1841,1841:CUB033,female,hand,38.37956690091921,40,1,Fixed microbiome RF,Leave study out
1841.P15295,20,1841,1841:CUB027,female,hand,42.12193736489323,40,1,Fixed microbiome RF,Leave study out
1841.P15297,22,1841,1841:CUB040,male,hand,42.538313711035265,40,1,Fixed microbiome RF,Leave study out
1841.F05191,26,1841,1841:NAU146,female,head,40.408250622163656,40,1,Fixed microbiome RF,Leave study out
1841.F05621,23,1841,1841:CUB013,male,head,40.76758642686539,40,1,Fixed microbiome RF,Leave study out
1841.F05457,37,1841,1841:NAU148,male,head,39.97591350146017,40,1,Fixed microbiome RF,Leave study out
1841.F05456,55,1841,1841:NAU149,male,head,42.66267695341317,40,1,Fixed microbiome RF,Leave study out
1841.F05980,27,1841,1841:NCS214,male,head,42.51265116317508,40,1,Fixed microbiome RF,Leave study out
1841.F05447,25,1841,1841:NAU157,male,head,41.286496356482566,40,1,Fixed microbiome RF,Leave study out
1841.F05445,21,1841,1841:NAU153,female,head,38.32610101064974,40,1,Fixed microbiome RF,Leave study out
1841.P16246,20,1841,1841:NAU123,male,hand,44.35544406964906,40,1,Fixed microbiome RF,Leave study out
1841.P16244,37,1841,1841:NAU148,male,hand,40.95649592212505,40,1,Fixed microbiome RF,Leave study out
1841.F05990,18,1841,1841:NCS213,female,head,40.03696272477522,40,1,Fixed microbiome RF,Leave study out
1841.F05993,19,1841,1841:NCS233,male,head,40.288256041588255,40,1,Fixed microbiome RF,Leave study out
1841.F05995,27,1841,1841:NCS214,male,head,43.86933344025256,40,1,Fixed microbiome RF,Leave study out
1841.F05852,24,1841,1841:NAU109,male,head,42.32921178955326,40,1,Fixed microbiome RF,Leave study out
1841.F05858,21,1841,1841:NAU161,male,head,38.98751279422331,40,1,Fixed microbiome RF,Leave study out
1841.F06168,20,1841,1841:CUB036,female,head,41.24535431875912,40,1,Fixed microbiome RF,Leave study out
1841.P15999,21,1841,1841:CUB026,male,hand,40.730597730740605,40,1,Fixed microbiome RF,Leave study out
1841.P15998,23,1841,1841:CUB056,male,hand,44.120260312604074,40,1,Fixed microbiome RF,Leave study out
1841.P15993,21,1841,1841:CUB044,male,hand,38.09645203335754,40,1,Fixed microbiome RF,Leave study out
1841.P15996,22,1841,1841:CUB007,female,hand,44.77608799270971,40,1,Fixed microbiome RF,Leave study out
1841.P15994,22,1841,1841:CUB016,female,hand,39.863919825050026,40,1,Fixed microbiome RF,Leave study out
1841.P15192,19,1841,1841:NCS233,male,hand,39.437677788220576,40,1,Fixed microbiome RF,Leave study out
1841.P15600,32,1841,1841:NAU150,female,hand,42.39297857752628,40,1,Fixed microbiome RF,Leave study out
1841.F05293,32,1841,1841:NAU102,unknown,head,40.58833847065923,40,1,Fixed microbiome RF,Leave study out
1841.F05294,25,1841,1841:NAU157,male,head,37.685764928494706,40,1,Fixed microbiome RF,Leave study out
1841.P15801,20,1841,1841:NAU121,female,hand,38.06446845821661,40,1,Fixed microbiome RF,Leave study out
1841.F05064,23,1841,1841:NCS244,female,head,40.35252577178847,40,1,Fixed microbiome RF,Leave study out
1841.F05876,25,1841,1841:NAU157,male,head,35.784155826812096,40,1,Fixed microbiome RF,Leave study out
1841.F05874,24,1841,1841:NAU109,male,head,43.08645755357704,40,1,Fixed microbiome RF,Leave study out
1841.F05871,28,1841,1841:NAU103,female,head,40.45358018207285,40,1,Fixed microbiome RF,Leave study out
1841.P16508,20,1841,1841:CUB027,female,hand,40.1056438912918,40,1,Fixed microbiome RF,Leave study out
1841.P16503,20,1841,1841:NCS210,female,hand,42.063039263368196,40,1,Fixed microbiome RF,Leave study out
1841.P16502,20,1841,1841:NCS210,female,hand,44.45537234466922,40,1,Fixed microbiome RF,Leave study out
1841.P16504,21,1841,1841:CUB000,female,hand,39.783719335199116,40,1,Fixed microbiome RF,Leave study out
1841.P16059,20,1841,1841:NAU119,male,hand,41.158693677135766,40,1,Fixed microbiome RF,Leave study out
1841.P16506,21,1841,1841:CUB038,female,hand,39.251964253067186,40,1,Fixed microbiome RF,Leave study out
1841.F05246,33,1841,1841:NAU144,male,head,34.820214558725596,40,1,Fixed microbiome RF,Leave study out
1841.F06407,21,1841,1841:CUB003,female,head,43.39071869868288,40,1,Fixed microbiome RF,Leave study out
1841.F06406,20,1841,1841:CUB037,female,head,43.5524087934542,40,1,Fixed microbiome RF,Leave study out
1841.F06405,23,1841,1841:CUB028,male,head,39.2934749510415,40,1,Fixed microbiome RF,Leave study out
1841.F06404,21,1841,1841:CUB032,female,head,39.9870617929731,40,1,Fixed microbiome RF,Leave study out
1841.F06403,23,1841,1841:CUB028,male,head,42.89565509415952,40,1,Fixed microbiome RF,Leave study out
1841.F06400,29,1841,1841:CUB011,female,head,40.55202765984017,40,1,Fixed microbiome RF,Leave study out
1841.F06409,21,1841,1841:CUB029,male,head,41.09228235249804,40,1,Fixed microbiome RF,Leave study out
1841.F05601,20,1841,1841:CUB037,female,head,36.138226244751976,40,1,Fixed microbiome RF,Leave study out
1841.F05603,21,1841,1841:CUB003,female,head,40.85721275176008,40,1,Fixed microbiome RF,Leave study out
1841.F05605,23,1841,1841:CUB028,male,head,42.0446937375497,40,1,Fixed microbiome RF,Leave study out
1841.F05606,22,1841,1841:CUB048,female,head,40.53337304749989,40,1,Fixed microbiome RF,Leave study out
1841.F05607,20,1841,1841:CUB037,female,head,40.27614820432835,40,1,Fixed microbiome RF,Leave study out
1841.F05608,23,1841,1841:CUB053,female,head,44.73249988509865,40,1,Fixed microbiome RF,Leave study out
1841.F05609,20,1841,1841:CUB049,female,head,40.92983338973829,40,1,Fixed microbiome RF,Leave study out
1841.P16262,20,1841,1841:NAU121,female,hand,40.14775498014967,40,1,Fixed microbiome RF,Leave study out
1841.P16266,30,1841,1841:NAU155,female,hand,38.34596252679013,40,1,Fixed microbiome RF,Leave study out
1841.F05467,21,1841,1841:NAU153,female,head,37.59955634852024,40,1,Fixed microbiome RF,Leave study out
1841.F05461,55,1841,1841:NAU149,male,head,42.92082844239095,40,1,Fixed microbiome RF,Leave study out
1841.F05463,21,1841,1841:NAU124,female,head,40.05706610883582,40,1,Fixed microbiome RF,Leave study out
1841.F05468,22,1841,1841:NAU137,female,head,37.46252102155885,40,1,Fixed microbiome RF,Leave study out
1841.P16196,26,1841,1841:NAU146,female,hand,41.10542341237193,40,1,Fixed microbiome RF,Leave study out
1841.P16197,19,1841,1841:NAU107,female,hand,38.33672543008892,40,1,Fixed microbiome RF,Leave study out
1841.P16194,26,1841,1841:NAU146,female,hand,44.178760513815575,40,1,Fixed microbiome RF,Leave study out
1841.P16199,21,1841,1841:NAU161,male,hand,39.737642867753166,40,1,Fixed microbiome RF,Leave study out
1841.F05652,21,1841,1841:CUB032,female,head,42.41652816218653,40,1,Fixed microbiome RF,Leave study out
1841.P16449,20,1841,1841:NCS210,female,hand,43.90740972569098,40,1,Fixed microbiome RF,Leave study out
1841.P16447,20,1841,1841:NCS210,female,hand,43.89310784929618,40,1,Fixed microbiome RF,Leave study out
1841.P16440,23,1841,1841:NCS203,female,hand,41.289519215363875,40,1,Fixed microbiome RF,Leave study out
1841.P16337,32,1841,1841:NAU150,female,hand,40.93865373315322,40,1,Fixed microbiome RF,Leave study out
1841.P16335,33,1841,1841:NAU144,male,hand,39.67855143018746,40,1,Fixed microbiome RF,Leave study out
1841.P15171,27,1841,1841:NCS214,male,hand,43.2981169040314,40,1,Fixed microbiome RF,Leave study out
1841.P15172,19,1841,1841:NCS233,male,hand,39.3127628779513,40,1,Fixed microbiome RF,Leave study out
1841.P15177,18,1841,1841:NCS213,female,hand,41.20595346864779,40,1,Fixed microbiome RF,Leave study out
1841.P15311,21,1841,1841:NCS229,male,hand,39.90078717289656,40,1,Fixed microbiome RF,Leave study out
1841.F05819,33,1841,1841:NAU144,male,head,38.89386282040814,40,1,Fixed microbiome RF,Leave study out
1841.F05818,22,1841,1841:NAU130,female,head,42.61141418180335,40,1,Fixed microbiome RF,Leave study out
1841.F05814,32,1841,1841:NAU102,unknown,head,40.50279411050551,40,1,Fixed microbiome RF,Leave study out
1841.F05817,20,1841,1841:NAU115,male,head,41.29315673354734,40,1,Fixed microbiome RF,Leave study out
1841.F05816,21,1841,1841:NAU154,female,head,41.873560679006445,40,1,Fixed microbiome RF,Leave study out
1841.F05810,32,1841,1841:NAU102,unknown,head,39.53038555194806,40,1,Fixed microbiome RF,Leave study out
1841.F05813,20,1841,1841:NAU110,female,head,39.57493344776474,40,1,Fixed microbiome RF,Leave study out
1841.F05812,24,1841,1841:NAU109,male,head,40.93925796037909,40,1,Fixed microbiome RF,Leave study out
1841.P16527,21,1841,1841:CUB026,male,hand,38.42981022660711,40,1,Fixed microbiome RF,Leave study out
1841.P16526,22,1841,1841:CUB004,female,hand,41.545051923158546,40,1,Fixed microbiome RF,Leave study out
1841.P16525,23,1841,1841:CUB056,male,hand,42.885195932539695,40,1,Fixed microbiome RF,Leave study out
1841.P16522,20,1841,1841:CUB005,female,hand,39.98716538669663,40,1,Fixed microbiome RF,Leave study out
1841.P16521,23,1841,1841:CUB056,male,hand,41.935342702167745,40,1,Fixed microbiome RF,Leave study out
1841.P16520,20,1841,1841:CUB049,female,hand,40.22112380215783,40,1,Fixed microbiome RF,Leave study out
1841.F06353,21,1841,1841:CUB029,male,head,42.387784261581814,40,1,Fixed microbiome RF,Leave study out
1841.F06352,20,1841,1841:CUB008,male,head,41.89982892694,40,1,Fixed microbiome RF,Leave study out
1841.F06351,20,1841,1841:CUB036,female,head,42.59353676312915,40,1,Fixed microbiome RF,Leave study out
1841.F06356,20,1841,1841:CUB008,male,head,41.500623083950295,40,1,Fixed microbiome RF,Leave study out
1841.F06468,36,1841,1841:CUB042,male,head,44.37830184572372,40,1,Fixed microbiome RF,Leave study out
1841.F06399,22,1841,1841:CUB016,female,head,41.21277788184037,40,1,Fixed microbiome RF,Leave study out
1841.F06398,23,1841,1841:CUB056,male,head,44.475461915624166,40,1,Fixed microbiome RF,Leave study out
1841.F06397,22,1841,1841:CUB004,female,head,43.06538776327842,40,1,Fixed microbiome RF,Leave study out
1841.F06396,20,1841,1841:CUB037,female,head,40.78959655642562,40,1,Fixed microbiome RF,Leave study out
1841.F06467,22,1841,1841:CUB040,male,head,45.97231518572803,40,1,Fixed microbiome RF,Leave study out
1841.F06394,21,1841,1841:CUB029,male,head,41.02110578230519,40,1,Fixed microbiome RF,Leave study out
1841.F06393,22,1841,1841:CUB007,female,head,41.613097862863,40,1,Fixed microbiome RF,Leave study out
1841.F06391,21,1841,1841:CUB026,male,head,39.482584299932135,40,1,Fixed microbiome RF,Leave study out
1841.F06462,20,1841,1841:CUB051,male,head,39.35757328281346,40,1,Fixed microbiome RF,Leave study out
1841.P15614,21,1841,1841:CUB044,male,hand,44.09932369820115,40,1,Fixed microbiome RF,Leave study out
1841.P15610,41,1841,1841:CUB050,female,hand,40.65909319846821,40,1,Fixed microbiome RF,Leave study out
1841.P15347,27,1841,1841:NCS253,female,hand,43.01601669368213,40,1,Fixed microbiome RF,Leave study out
1841.F05957,18,1841,1841:NCS221,female,head,43.15312706208266,40,1,Fixed microbiome RF,Leave study out
1841.P15782,22,1841,1841:NAU133,male,hand,37.646813189551686,40,1,Fixed microbiome RF,Leave study out
1841.P15783,22,1841,1841:NAU164,male,hand,37.45073579759703,40,1,Fixed microbiome RF,Leave study out
1841.P15787,37,1841,1841:NAU148,male,hand,41.71196859427123,40,1,Fixed microbiome RF,Leave study out
1841.P15784,21,1841,1841:NAU154,female,hand,43.10755367998016,40,1,Fixed microbiome RF,Leave study out
1841.P15785,22,1841,1841:NAU130,female,hand,39.90243677363993,40,1,Fixed microbiome RF,Leave study out
1841.P15788,22,1841,1841:NAU130,female,hand,43.13204976443113,40,1,Fixed microbiome RF,Leave study out
1841.P15789,21,1841,1841:NAU161,male,hand,37.214384969605554,40,1,Fixed microbiome RF,Leave study out
1841.F05667,22,1841,1841:CUB004,female,head,41.64966737595133,40,1,Fixed microbiome RF,Leave study out
1841.F05664,22,1841,1841:CUB040,male,head,42.543475881757146,40,1,Fixed microbiome RF,Leave study out
1841.F05665,21,1841,1841:CUB038,female,head,45.35892387636873,40,1,Fixed microbiome RF,Leave study out
1841.F05662,21,1841,1841:CUB003,female,head,41.50063597350361,40,1,Fixed microbiome RF,Leave study out
1841.F05660,20,1841,1841:CUB008,male,head,42.69053124248631,40,1,Fixed microbiome RF,Leave study out
1841.F05661,21,1841,1841:CUB000,female,head,38.4623968382516,40,1,Fixed microbiome RF,Leave study out
1841.P16204,37,1841,1841:NAU148,male,hand,38.670004650868144,40,1,Fixed microbiome RF,Leave study out
1841.P16200,21,1841,1841:NAU106,female,hand,44.30188299139587,40,1,Fixed microbiome RF,Leave study out
1841.P15299,23,1841,1841:NCS243,male,hand,39.51330044175053,40,1,Fixed microbiome RF,Leave study out
1841.F05481,22,1841,1841:NAU130,female,head,41.95853724618883,40,1,Fixed microbiome RF,Leave study out
1841.F05487,20,1841,1841:NAU123,male,head,40.7357871394843,40,1,Fixed microbiome RF,Leave study out
1841.F05484,21,1841,1841:NAU106,female,head,43.84047909461462,40,1,Fixed microbiome RF,Leave study out
1841.P15159,27,1841,1841:NCS214,male,hand,42.62157439374352,40,1,Fixed microbiome RF,Leave study out
1841.P15158,19,1841,1841:NCS233,male,hand,40.48828317515816,40,1,Fixed microbiome RF,Leave study out
1841.P15156,27,1841,1841:NCS214,male,hand,41.378516485982395,40,1,Fixed microbiome RF,Leave study out
1841.P15152,19,1841,1841:NCS233,male,hand,45.79163677787854,40,1,Fixed microbiome RF,Leave study out
1841.F05833,30,1841,1841:NAU108,female,head,41.77857081286769,40,1,Fixed microbiome RF,Leave study out
1841.F05832,21,1841,1841:NAU153,female,head,38.92889314015234,40,1,Fixed microbiome RF,Leave study out
1841.F05343,21,1841,1841:NAU154,female,head,40.468151492604626,40,1,Fixed microbiome RF,Leave study out
1841.F05830,26,1841,1841:NAU146,female,head,40.08320072882163,40,1,Fixed microbiome RF,Leave study out
1841.F05345,22,1841,1841:NCS212,female,head,46.99569135725388,40,1,Fixed microbiome RF,Leave study out
1841.F05836,28,1841,1841:NAU103,female,head,40.85723718865842,40,1,Fixed microbiome RF,Leave study out
1841.F05835,19,1841,1841:NAU107,female,head,39.33823502886001,40,1,Fixed microbiome RF,Leave study out
1841.F05834,30,1841,1841:NAU108,female,head,45.464661300128014,40,1,Fixed microbiome RF,Leave study out
1841.F05838,32,1841,1841:NAU102,unknown,head,40.33404292201626,40,1,Fixed microbiome RF,Leave study out
1841.F05628,41,1841,1841:CUB050,female,head,40.096174430641824,40,1,Fixed microbiome RF,Leave study out
1841.F05629,21,1841,1841:CUB033,female,head,40.493893910929756,40,1,Fixed microbiome RF,Leave study out
1841.F05623,22,1841,1841:CUB004,female,head,41.059851459304596,40,1,Fixed microbiome RF,Leave study out
1841.F05620,36,1841,1841:CUB042,male,head,42.751698587870486,40,1,Fixed microbiome RF,Leave study out
1841.P16013,26,1841,1841:NAU146,female,hand,43.176136882929136,40,1,Fixed microbiome RF,Leave study out
1841.P16546,22,1841,1841:CUB004,female,hand,40.81113776236022,40,1,Fixed microbiome RF,Leave study out
1841.P16541,21,1841,1841:CUB033,female,hand,44.40206407431002,40,1,Fixed microbiome RF,Leave study out
1841.P16016,19,1841,1841:NAU107,female,hand,40.30858956214344,40,1,Fixed microbiome RF,Leave study out
1841.P16015,55,1841,1841:NAU149,male,hand,42.87874392968143,40,1,Fixed microbiome RF,Leave study out
1841.P16014,32,1841,1841:NAU150,female,hand,40.135008898372874,40,1,Fixed microbiome RF,Leave study out
1841.P16549,20,1841,1841:CUB049,female,hand,40.87013374762569,40,1,Fixed microbiome RF,Leave study out
1841.F06446,21,1841,1841:CUB012,female,head,46.763584507570826,40,1,Fixed microbiome RF,Leave study out
1841.F06445,21,1841,1841:CUB044,male,head,39.75734594753864,40,1,Fixed microbiome RF,Leave study out
1841.F06448,22,1841,1841:CUB016,female,head,41.92520460799413,40,1,Fixed microbiome RF,Leave study out
1841.F05442,20,1841,1841:NAU110,female,head,39.13288851467159,40,1,Fixed microbiome RF,Leave study out
1841.F05644,22,1841,1841:CUB040,male,head,40.823798599071026,40,1,Fixed microbiome RF,Leave study out
1841.F05133,30,1841,1841:NAU155,female,head,41.96292442800255,40,1,Fixed microbiome RF,Leave study out
1841.F05136,22,1841,1841:NAU130,female,head,41.292783538547816,40,1,Fixed microbiome RF,Leave study out
1841.P16228,32,1841,1841:NAU150,female,hand,39.54493437985626,40,1,Fixed microbiome RF,Leave study out
1841.P16229,20,1841,1841:NAU121,female,hand,39.95754925249759,40,1,Fixed microbiome RF,Leave study out
1841.P16225,37,1841,1841:NAU148,male,hand,38.82095207565048,40,1,Fixed microbiome RF,Leave study out
1841.P16227,21,1841,1841:NAU153,female,hand,40.92001384775797,40,1,Fixed microbiome RF,Leave study out
1841.P16222,20,1841,1841:NAU123,male,hand,43.06978239973875,40,1,Fixed microbiome RF,Leave study out
1841.P16247,30,1841,1841:NAU155,female,hand,42.40473190845016,40,1,Fixed microbiome RF,Leave study out
1841.P16488,22,1841,1841:NCS212,female,hand,42.054537019441916,40,1,Fixed microbiome RF,Leave study out
1841.P16482,27,1841,1841:NCS253,female,hand,43.90051728132979,40,1,Fixed microbiome RF,Leave study out
1841.P15109,27,1841,1841:NCS214,male,hand,44.7708675342223,40,1,Fixed microbiome RF,Leave study out
1841.F05841,30,1841,1841:NAU108,female,head,42.26560512538684,40,1,Fixed microbiome RF,Leave study out
1841.P15105,18,1841,1841:NCS221,female,hand,42.28654059482186,40,1,Fixed microbiome RF,Leave study out
1841.F05845,22,1841,1841:NAU133,male,head,39.357764038453375,40,1,Fixed microbiome RF,Leave study out
1841.P15130,19,1841,1841:NCS233,male,hand,37.99852629488568,40,1,Fixed microbiome RF,Leave study out
1841.P15132,18,1841,1841:NCS232,female,hand,43.03508016015418,40,1,Fixed microbiome RF,Leave study out
1841.F06059,27,1841,1841:NCS253,female,head,43.262544521450764,40,1,Fixed microbiome RF,Leave study out
1841.F06055,27,1841,1841:NCS253,female,head,47.181059565434566,40,1,Fixed microbiome RF,Leave study out
1841.F06057,20,1841,1841:NCS263,male,head,44.3799574717747,40,1,Fixed microbiome RF,Leave study out
1841.P15683,29,1841,1841:CUB011,female,hand,41.629531909063154,40,1,Fixed microbiome RF,Leave study out
1841.F06550,22,1841,1841:CUB040,male,head,43.489665900447136,40,1,Fixed microbiome RF,Leave study out
1841.F06557,20,1841,1841:CUB010,female,head,39.27498447732823,40,1,Fixed microbiome RF,Leave study out
1841.F06004,20,1841,1841:NCS210,female,head,41.680080029345646,40,1,Fixed microbiome RF,Leave study out
1841.F05583,22,1841,1841:NAU133,male,head,37.60780063503747,40,1,Fixed microbiome RF,Leave study out
1841.F05580,21,1841,1841:NAU153,female,head,40.179666308553806,40,1,Fixed microbiome RF,Leave study out
1841.F05588,21,1841,1841:NAU124,female,head,41.944284390828805,40,1,Fixed microbiome RF,Leave study out
1841.F05365,18,1841,1841:NCS213,female,head,42.17992990975527,40,1,Fixed microbiome RF,Leave study out
1841.F05361,24,1841,1841:NCS245,female,head,40.91080200079739,40,1,Fixed microbiome RF,Leave study out
1841.F06488,21,1841,1841:CUB038,female,head,38.255664372392324,40,1,Fixed microbiome RF,Leave study out
1841.F06485,20,1841,1841:CUB008,male,head,43.22498026359119,40,1,Fixed microbiome RF,Leave study out
1841.F06484,22,1841,1841:CUB007,female,head,42.15271297420598,40,1,Fixed microbiome RF,Leave study out
1841.F06483,21,1841,1841:CUB000,female,head,41.774731527153406,40,1,Fixed microbiome RF,Leave study out
1841.F06481,20,1841,1841:CUB005,female,head,41.62350925677673,40,1,Fixed microbiome RF,Leave study out
1841.P16569,41,1841,1841:CUB050,female,hand,43.11407320977632,40,1,Fixed microbiome RF,Leave study out
1841.P16568,22,1841,1841:CUB048,female,hand,43.08917592328946,40,1,Fixed microbiome RF,Leave study out
1841.P16563,23,1841,1841:CUB053,female,hand,41.420801849117076,40,1,Fixed microbiome RF,Leave study out
1841.P16562,22,1841,1841:CUB048,female,hand,39.95979686469579,40,1,Fixed microbiome RF,Leave study out
1841.P16561,21,1841,1841:CUB044,male,hand,42.763147484153905,40,1,Fixed microbiome RF,Leave study out
1841.P16567,20,1841,1841:CUB049,female,hand,38.550448511899,40,1,Fixed microbiome RF,Leave study out
1841.P16566,41,1841,1841:CUB050,female,hand,42.059880324434566,40,1,Fixed microbiome RF,Leave study out
1841.P16565,21,1841,1841:CUB038,female,hand,40.86854102035628,40,1,Fixed microbiome RF,Leave study out
1841.P16564,20,1841,1841:CUB005,female,hand,41.299078794469395,40,1,Fixed microbiome RF,Leave study out
1841.F05110,20,1841,1841:NAU119,male,head,39.96271493552742,40,1,Fixed microbiome RF,Leave study out
1841.F05111,20,1841,1841:NAU121,female,head,39.04677235308765,40,1,Fixed microbiome RF,Leave study out
1841.F05113,21,1841,1841:NAU124,female,head,44.307205501004844,40,1,Fixed microbiome RF,Leave study out
1841.F05116,21,1841,1841:NAU124,female,head,39.917311906843146,40,1,Fixed microbiome RF,Leave study out
1841.F05117,26,1841,1841:NAU146,female,head,38.20444350788101,40,1,Fixed microbiome RF,Leave study out
1841.F05119,21,1841,1841:NAU106,female,head,42.24226828045943,40,1,Fixed microbiome RF,Leave study out
1841.P15279,22,1841,1841:CUB007,female,hand,41.75893639041031,40,1,Fixed microbiome RF,Leave study out
1841.P16602,22,1841,1841:CUB040,male,hand,43.64134242391596,40,1,Fixed microbiome RF,Leave study out
1841.P16603,21,1841,1841:CUB033,female,hand,40.72109676125301,40,1,Fixed microbiome RF,Leave study out
1841.P16600,21,1841,1841:CUB003,female,hand,41.70906075491096,40,1,Fixed microbiome RF,Leave study out
1841.P16601,21,1841,1841:CUB012,female,hand,43.37207199125597,40,1,Fixed microbiome RF,Leave study out
1841.P15111,18,1841,1841:NCS213,female,hand,37.332569542629685,40,1,Fixed microbiome RF,Leave study out
1841.P15117,27,1841,1841:NCS214,male,hand,44.47514340949085,40,1,Fixed microbiome RF,Leave study out
1841.P15114,27,1841,1841:NCS214,male,hand,41.81864541708292,40,1,Fixed microbiome RF,Leave study out
1841.F06039,23,1841,1841:NCS203,female,head,41.71528120323836,40,1,Fixed microbiome RF,Leave study out
1841.F06034,23,1841,1841:NCS243,male,head,40.1822633368795,40,1,Fixed microbiome RF,Leave study out
1841.P15803,21,1841,1841:NAU154,female,hand,37.31234348801785,40,1,Fixed microbiome RF,Leave study out
1841.P15990,23,1841,1841:CUB028,male,hand,40.873846523065986,40,1,Fixed microbiome RF,Leave study out
1841.P15997,36,1841,1841:CUB042,male,hand,44.16935023468157,40,1,Fixed microbiome RF,Leave study out
1841.F05569,20,1841,1841:NAU115,male,head,37.86258700278229,40,1,Fixed microbiome RF,Leave study out
1841.F05568,37,1841,1841:NAU148,male,head,39.195861111658836,40,1,Fixed microbiome RF,Leave study out
1841.F05561,21,1841,1841:NAU106,female,head,45.37194239648087,40,1,Fixed microbiome RF,Leave study out
1841.F05560,21,1841,1841:NAU154,female,head,37.48291638916639,40,1,Fixed microbiome RF,Leave study out
1841.F05562,21,1841,1841:NAU124,female,head,42.503066089306955,40,1,Fixed microbiome RF,Leave study out
1841.F05565,20,1841,1841:NAU121,female,head,38.52076416729126,40,1,Fixed microbiome RF,Leave study out
1841.F05567,22,1841,1841:NAU164,male,head,36.555187936042714,40,1,Fixed microbiome RF,Leave study out
1841.P15195,19,1841,1841:NCS233,male,hand,41.1290890296548,40,1,Fixed microbiome RF,Leave study out
1841.F06345,20,1841,1841:CUB036,female,head,41.64732698347849,40,1,Fixed microbiome RF,Leave study out
1841.F06437,21,1841,1841:CUB044,male,head,39.292746309794026,40,1,Fixed microbiome RF,Leave study out
1841.F06434,20,1841,1841:CUB049,female,head,41.22762859536298,40,1,Fixed microbiome RF,Leave study out
1841.F06435,41,1841,1841:CUB050,female,head,44.03747726232102,40,1,Fixed microbiome RF,Leave study out
1841.P15377,23,1841,1841:NCS244,female,hand,41.28801515018887,40,1,Fixed microbiome RF,Leave study out
1841.F05314,23,1841,1841:NCS203,female,head,44.76500682222189,40,1,Fixed microbiome RF,Leave study out
1841.F06489,21,1841,1841:CUB012,female,head,48.49176512120126,40,1,Fixed microbiome RF,Leave study out
1841.F06487,21,1841,1841:CUB032,female,head,43.14452078598174,40,1,Fixed microbiome RF,Leave study out
1841.P15378,22,1841,1841:NCS255,female,hand,41.36868228135863,40,1,Fixed microbiome RF,Leave study out
1841.F05177,26,1841,1841:NAU146,female,head,40.56626368377604,40,1,Fixed microbiome RF,Leave study out
1841.F05170,25,1841,1841:NAU157,male,head,41.279306178186076,40,1,Fixed microbiome RF,Leave study out
1841.F06540,22,1841,1841:CUB004,female,head,41.07008919214925,40,1,Fixed microbiome RF,Leave study out
1841.F06546,22,1841,1841:CUB048,female,head,42.116716537649424,40,1,Fixed microbiome RF,Leave study out
1841.F06012,23,1841,1841:NCS244,female,head,37.32723091814764,40,1,Fixed microbiome RF,Leave study out
1841.F06545,20,1841,1841:CUB051,male,head,37.614011287425825,40,1,Fixed microbiome RF,Leave study out
1841.F06548,20,1841,1841:CUB037,female,head,42.873551791090854,40,1,Fixed microbiome RF,Leave study out
1841.F06019,20,1841,1841:NCS263,male,head,41.60918994206899,40,1,Fixed microbiome RF,Leave study out
1841.P15395,23,1841,1841:NCS203,female,hand,43.35254033114557,40,1,Fixed microbiome RF,Leave study out
1841.P15392,21,1841,1841:NCS262,male,hand,39.8518357141404,40,1,Fixed microbiome RF,Leave study out
1841.P15399,19,1841,1841:NCS233,male,hand,38.35584777201964,40,1,Fixed microbiome RF,Leave study out
1841.P15398,22,1841,1841:NCS255,female,hand,41.30178182123821,40,1,Fixed microbiome RF,Leave study out
1841.F05543,22,1841,1841:NAU164,male,head,38.756290438353865,40,1,Fixed microbiome RF,Leave study out
1841.F05542,21,1841,1841:CUB044,male,head,41.109375791396644,40,1,Fixed microbiome RF,Leave study out
1841.P15083,21,1841,1841:CUB012,female,hand,46.22783184961174,40,1,Fixed microbiome RF,Leave study out
1841.P15531,20,1841,1841:NAU123,male,hand,49.621094539141424,40,1,Fixed microbiome RF,Leave study out
1841.P15530,22,1841,1841:NAU137,female,hand,37.67248502365689,40,1,Fixed microbiome RF,Leave study out
1841.P15533,22,1841,1841:NAU130,female,hand,41.11117624265472,40,1,Fixed microbiome RF,Leave study out
1841.P15532,21,1841,1841:NAU154,female,hand,41.203900925436244,40,1,Fixed microbiome RF,Leave study out
1841.P15534,22,1841,1841:NAU116,male,hand,40.02414586281776,40,1,Fixed microbiome RF,Leave study out
1841.P15537,20,1841,1841:NAU115,male,hand,42.29643551173002,40,1,Fixed microbiome RF,Leave study out
1841.F05619,21,1841,1841:CUB000,female,head,40.69376653728216,40,1,Fixed microbiome RF,Leave study out
1841.F05615,20,1841,1841:CUB027,female,head,41.57112349883347,40,1,Fixed microbiome RF,Leave study out
1841.F05896,26,1841,1841:NAU146,female,head,39.623467088467095,40,1,Fixed microbiome RF,Leave study out
1841.F05891,20,1841,1841:NAU121,female,head,37.39768387862138,40,1,Fixed microbiome RF,Leave study out
1841.F05893,33,1841,1841:NAU144,male,head,38.98061182638847,40,1,Fixed microbiome RF,Leave study out
1841.F05613,23,1841,1841:CUB028,male,head,42.265844684829055,40,1,Fixed microbiome RF,Leave study out
1841.F05328,19,1841,1841:NCS208,female,head,42.2282680340493,40,1,Fixed microbiome RF,Leave study out
1841.F05898,24,1841,1841:NAU109,male,head,41.43735962821901,40,1,Fixed microbiome RF,Leave study out
1841.P16393,33,1841,1841:NAU144,male,hand,39.961744595076794,40,1,Fixed microbiome RF,Leave study out
1841.P16396,30,1841,1841:NAU155,female,hand,41.47383981543717,40,1,Fixed microbiome RF,Leave study out
1841.P15708,19,1841,1841:NAU107,female,hand,38.76989890267005,40,1,Fixed microbiome RF,Leave study out
1841.P15709,21,1841,1841:NAU161,male,hand,39.718515815781444,40,1,Fixed microbiome RF,Leave study out
1841.P15706,21,1841,1841:NAU153,female,hand,37.948018786768806,40,1,Fixed microbiome RF,Leave study out
1841.P15707,21,1841,1841:NAU153,female,hand,40.24281601398701,40,1,Fixed microbiome RF,Leave study out
1841.P15704,21,1841,1841:NAU106,female,hand,43.92089508340612,40,1,Fixed microbiome RF,Leave study out
1841.F06201,37,1841,1841:NAU148,male,head,37.848141856772614,40,1,Fixed microbiome RF,Leave study out
1841.F06205,21,1841,1841:NAU124,female,head,40.4250990319987,40,1,Fixed microbiome RF,Leave study out
1841.F06208,25,1841,1841:NAU157,male,head,38.91980506472695,40,1,Fixed microbiome RF,Leave study out
1841.F05158,22,1841,1841:NAU133,male,head,42.15199857128166,40,1,Fixed microbiome RF,Leave study out
1841.F05155,19,1841,1841:NAU107,female,head,40.75389253108001,40,1,Fixed microbiome RF,Leave study out
1841.F05157,20,1841,1841:NAU110,female,head,39.1743554184653,40,1,Fixed microbiome RF,Leave study out
1841.F05151,22,1841,1841:NAU137,female,head,41.384305373446,40,1,Fixed microbiome RF,Leave study out
1841.P16399,24,1841,1841:NAU109,male,hand,39.77732531772274,40,1,Fixed microbiome RF,Leave study out
1841.P16391,55,1841,1841:NAU149,male,hand,43.18658049058784,40,1,Fixed microbiome RF,Leave study out
1841.P16394,28,1841,1841:NAU103,female,hand,39.74089431350917,40,1,Fixed microbiome RF,Leave study out
1841.P16424,22,1841,1841:NCS255,female,hand,41.37432675073709,40,1,Fixed microbiome RF,Leave study out
1841.P16507,22,1841,1841:CUB004,female,hand,52.05746977848543,40,1,Fixed microbiome RF,Leave study out
1841.F06568,21,1841,1841:CUB038,female,head,38.81948390729641,40,1,Fixed microbiome RF,Leave study out
1841.F06560,20,1841,1841:CUB005,female,head,39.49461478625542,40,1,Fixed microbiome RF,Leave study out
1841.F06563,20,1841,1841:CUB027,female,head,43.0251939386866,40,1,Fixed microbiome RF,Leave study out
1841.F06564,23,1841,1841:CUB053,female,head,42.5211443459993,40,1,Fixed microbiome RF,Leave study out
1841.F06565,41,1841,1841:CUB050,female,head,44.706599665959054,40,1,Fixed microbiome RF,Leave study out
1841.F06566,20,1841,1841:CUB049,female,head,41.51203293517561,40,1,Fixed microbiome RF,Leave study out
1841.F06567,21,1841,1841:CUB032,female,head,40.61439840541403,40,1,Fixed microbiome RF,Leave study out
1841.P16184,32,1841,1841:NAU102,unknown,hand,39.701873017061615,40,1,Fixed microbiome RF,Leave study out
1841.P15517,33,1841,1841:NAU144,male,hand,39.917772817460296,40,1,Fixed microbiome RF,Leave study out
1841.P15515,20,1841,1841:NAU119,male,hand,39.78051427337745,40,1,Fixed microbiome RF,Leave study out
1841.P15513,25,1841,1841:NAU157,male,hand,40.8793971051416,40,1,Fixed microbiome RF,Leave study out
1841.P15512,24,1841,1841:NAU109,male,hand,39.78531044253701,40,1,Fixed microbiome RF,Leave study out
1841.P15511,20,1841,1841:NAU119,male,hand,39.96865548443013,40,1,Fixed microbiome RF,Leave study out
1841.P15519,20,1841,1841:NAU121,female,hand,41.260048302392036,40,1,Fixed microbiome RF,Leave study out
1841.F05001,22,1841,1841:NCS255,female,head,41.22814660243424,40,1,Fixed microbiome RF,Leave study out
1841.F05525,20,1841,1841:NAU123,male,head,40.460585290666074,40,1,Fixed microbiome RF,Leave study out
1841.F05527,33,1841,1841:NAU144,male,head,39.398167231053264,40,1,Fixed microbiome RF,Leave study out
1841.F05521,19,1841,1841:NAU107,female,head,38.28145159476961,40,1,Fixed microbiome RF,Leave study out
1841.F05523,20,1841,1841:NAU115,male,head,35.98855026329791,40,1,Fixed microbiome RF,Leave study out
1841.F05529,22,1841,1841:NAU137,female,head,38.73802892998207,40,1,Fixed microbiome RF,Leave study out
1841.F06490,23,1841,1841:CUB056,male,head,44.09167531932138,40,1,Fixed microbiome RF,Leave study out
1841.F06492,36,1841,1841:CUB042,male,head,41.21771611201299,40,1,Fixed microbiome RF,Leave study out
1841.P16099,20,1841,1841:NAU110,female,hand,39.95551752067378,40,1,Fixed microbiome RF,Leave study out
1841.P16098,30,1841,1841:NAU155,female,hand,39.57067179348428,40,1,Fixed microbiome RF,Leave study out
1841.P16093,21,1841,1841:NAU124,female,hand,42.22495789837657,40,1,Fixed microbiome RF,Leave study out
1841.P16094,37,1841,1841:NAU148,male,hand,41.59285072520682,40,1,Fixed microbiome RF,Leave study out
1841.P15720,21,1841,1841:NAU124,female,hand,37.930718713524485,40,1,Fixed microbiome RF,Leave study out
1841.P15724,32,1841,1841:NAU150,female,hand,39.250188560418344,40,1,Fixed microbiome RF,Leave study out
1841.P15726,55,1841,1841:NAU149,male,hand,45.45455730543967,40,1,Fixed microbiome RF,Leave study out
1841.P15727,25,1841,1841:NAU157,male,hand,36.5519603537802,40,1,Fixed microbiome RF,Leave study out
1841.P15728,20,1841,1841:NAU110,female,hand,39.54322892385392,40,1,Fixed microbiome RF,Leave study out
1841.F06226,55,1841,1841:NAU149,male,head,42.82682421667298,40,1,Fixed microbiome RF,Leave study out
1841.F06225,21,1841,1841:NAU153,female,head,38.49884918220768,40,1,Fixed microbiome RF,Leave study out
1841.F06224,37,1841,1841:NAU148,male,head,38.505142971976866,40,1,Fixed microbiome RF,Leave study out
1841.F06220,20,1841,1841:NAU123,male,head,38.77556520430141,40,1,Fixed microbiome RF,Leave study out
1841.P16401,21,1841,1841:NAU124,female,hand,42.0417508895677,40,1,Fixed microbiome RF,Leave study out
1841.P16404,23,1841,1841:NCS203,female,hand,44.42374179748477,40,1,Fixed microbiome RF,Leave study out
1841.P16406,23,1841,1841:NCS244,female,hand,39.72169898692265,40,1,Fixed microbiome RF,Leave study out
1841.F06508,23,1841,1841:CUB056,male,head,43.59731304610774,40,1,Fixed microbiome RF,Leave study out
1841.F06509,22,1841,1841:CUB004,female,head,46.9656103445166,40,1,Fixed microbiome RF,Leave study out
1841.F06507,22,1841,1841:CUB007,female,head,41.36381785829753,40,1,Fixed microbiome RF,Leave study out
1841.F06505,20,1841,1841:CUB010,female,head,39.87296008923677,40,1,Fixed microbiome RF,Leave study out
1841.F06502,21,1841,1841:CUB038,female,head,37.2567644791247,40,1,Fixed microbiome RF,Leave study out
1841.F06503,20,1841,1841:CUB027,female,head,40.99124282478143,40,1,Fixed microbiome RF,Leave study out
1841.F06500,29,1841,1841:CUB011,female,head,40.61335380254956,40,1,Fixed microbiome RF,Leave study out
1841.F05548,22,1841,1841:NAU130,female,head,42.73842956837702,40,1,Fixed microbiome RF,Leave study out
1841.F05091,27,1841,1841:NCS253,female,head,48.27897033726079,40,1,Fixed microbiome RF,Leave study out
1841.P15579,21,1841,1841:NAU124,female,hand,43.83118930325668,40,1,Fixed microbiome RF,Leave study out
1841.P15570,20,1841,1841:NAU115,male,hand,41.61325440655297,40,1,Fixed microbiome RF,Leave study out
1841.P15573,21,1841,1841:NAU124,female,hand,40.91286266272588,40,1,Fixed microbiome RF,Leave study out
1841.P15572,21,1841,1841:NAU153,female,hand,37.27522388817354,40,1,Fixed microbiome RF,Leave study out
1841.F05059,20,1841,1841:NCS263,male,head,42.65815241402073,40,1,Fixed microbiome RF,Leave study out
1841.F05058,22,1841,1841:NCS212,female,head,40.1760104218698,40,1,Fixed microbiome RF,Leave study out
1841.F05051,22,1841,1841:NCS255,female,head,39.80220777000689,40,1,Fixed microbiome RF,Leave study out
1841.F05053,27,1841,1841:NCS253,female,head,42.26258398709135,40,1,Fixed microbiome RF,Leave study out
1841.F05500,22,1841,1841:NAU137,female,head,38.66664165053984,40,1,Fixed microbiome RF,Leave study out
1841.F05055,22,1841,1841:NCS255,female,head,40.18634632511685,40,1,Fixed microbiome RF,Leave study out
1841.F05056,21,1841,1841:NAU161,male,head,39.8961361626527,40,1,Fixed microbiome RF,Leave study out
1841.F06436,21,1841,1841:CUB003,female,head,41.179789915966396,40,1,Fixed microbiome RF,Leave study out
1841.P15361,27,1841,1841:NCS253,female,hand,45.931911754911766,40,1,Fixed microbiome RF,Leave study out
1841.P15963,20,1841,1841:CUB010,female,hand,40.72995103293356,40,1,Fixed microbiome RF,Leave study out
1841.P15960,20,1841,1841:CUB036,female,hand,41.29717822312492,40,1,Fixed microbiome RF,Leave study out
1841.P15742,20,1841,1841:NAU110,female,hand,39.61815212565213,40,1,Fixed microbiome RF,Leave study out
1841.P15743,30,1841,1841:NAU155,female,hand,40.404760323660064,40,1,Fixed microbiome RF,Leave study out
1841.P15740,55,1841,1841:NAU149,male,hand,42.83831330638317,40,1,Fixed microbiome RF,Leave study out
1841.P15965,21,1841,1841:CUB029,male,hand,42.10991357933647,40,1,Fixed microbiome RF,Leave study out
1841.P15969,20,1841,1841:CUB051,male,hand,44.847408484207165,40,1,Fixed microbiome RF,Leave study out
1841.P15748,22,1841,1841:NAU164,male,hand,36.46992401695528,40,1,Fixed microbiome RF,Leave study out
1841.F06249,30,1841,1841:NAU155,female,head,37.16696327977578,40,1,Fixed microbiome RF,Leave study out
1841.F06243,55,1841,1841:NAU149,male,head,44.218716617905415,40,1,Fixed microbiome RF,Leave study out
1841.F06242,37,1841,1841:NAU148,male,head,41.037789370300274,40,1,Fixed microbiome RF,Leave study out
1841.F05267,26,1841,1841:NAU146,female,head,38.33295084256021,40,1,Fixed microbiome RF,Leave study out
1841.F05268,37,1841,1841:NAU148,male,head,39.04619371002451,40,1,Fixed microbiome RF,Leave study out
1841.P16466,22,1841,1841:NCS255,female,hand,42.305729497473536,40,1,Fixed microbiome RF,Leave study out
1841.P16464,20,1841,1841:NCS263,male,hand,42.48815044140672,40,1,Fixed microbiome RF,Leave study out
1841.P16465,20,1841,1841:NCS263,male,hand,44.33361876411557,40,1,Fixed microbiome RF,Leave study out
1841.P16463,23,1841,1841:NCS243,male,hand,39.5537433573371,40,1,Fixed microbiome RF,Leave study out
1841.F05894,20,1841,1841:NAU115,male,head,37.837078967448,40,1,Fixed microbiome RF,Leave study out
1841.F05321,27,1841,1841:NCS253,female,head,43.40846962269758,40,1,Fixed microbiome RF,Leave study out
1841.P16545,20,1841,1841:CUB051,male,hand,39.45028414294039,40,1,Fixed microbiome RF,Leave study out
1841.P16556,23,1841,1841:CUB053,female,hand,44.95110864600065,40,1,Fixed microbiome RF,Leave study out
1841.F06524,23,1841,1841:CUB056,male,head,42.77684750409613,40,1,Fixed microbiome RF,Leave study out
1841.F06526,23,1841,1841:CUB028,male,head,39.008850811224335,40,1,Fixed microbiome RF,Leave study out
1841.F06520,21,1841,1841:CUB026,male,head,38.14992290695416,40,1,Fixed microbiome RF,Leave study out
1841.F06521,20,1841,1841:CUB049,female,head,40.95354649220748,40,1,Fixed microbiome RF,Leave study out
1841.F06522,23,1841,1841:CUB056,male,head,42.55704862739915,40,1,Fixed microbiome RF,Leave study out
1841.F06523,22,1841,1841:CUB007,female,head,43.45682073727195,40,1,Fixed microbiome RF,Leave study out
1841.F06529,22,1841,1841:CUB004,female,head,39.53150586027643,40,1,Fixed microbiome RF,Leave study out
1841.P15085,20,1841,1841:CUB005,female,hand,41.25236097236099,40,1,Fixed microbiome RF,Leave study out
1841.P15084,21,1841,1841:CUB032,female,hand,41.04607453969402,40,1,Fixed microbiome RF,Leave study out
1841.P15087,36,1841,1841:CUB042,male,hand,45.07269461429806,40,1,Fixed microbiome RF,Leave study out
1841.P15086,22,1841,1841:CUB040,male,hand,45.06825564310668,40,1,Fixed microbiome RF,Leave study out
1841.P15081,21,1841,1841:CUB038,female,hand,42.392910332110716,40,1,Fixed microbiome RF,Leave study out
1841.P15080,20,1841,1841:CUB010,female,hand,37.53602077176298,40,1,Fixed microbiome RF,Leave study out
1841.P15223,29,1841,1841:CUB011,female,hand,44.64117806280171,40,1,Fixed microbiome RF,Leave study out
1841.P15550,22,1841,1841:NAU130,female,hand,45.304264107389,40,1,Fixed microbiome RF,Leave study out
1841.P15224,22,1841,1841:CUB040,male,hand,42.50497402954331,40,1,Fixed microbiome RF,Leave study out
1841.P15226,20,1841,1841:CUB036,female,hand,39.17546416257354,40,1,Fixed microbiome RF,Leave study out
1841.P15229,21,1841,1841:CUB012,female,hand,46.00689049062352,40,1,Fixed microbiome RF,Leave study out
1841.F05077,23,1841,1841:NCS243,male,head,40.80676196094656,40,1,Fixed microbiome RF,Leave study out
1841.F05076,22,1841,1841:NCS255,female,head,41.09507415408273,40,1,Fixed microbiome RF,Leave study out
1841.F05075,20,1841,1841:NAU119,male,head,35.14096692574175,40,1,Fixed microbiome RF,Leave study out
1841.F05389,19,1841,1841:NCS241,female,head,39.9356409996254,40,1,Fixed microbiome RF,Leave study out
1841.F05925,27,1841,1841:NCS214,male,head,43.20051928514703,40,1,Fixed microbiome RF,Leave study out
1841.F05927,19,1841,1841:NCS233,male,head,37.98196767368232,40,1,Fixed microbiome RF,Leave study out
1841.P16146,33,1841,1841:NAU144,male,hand,41.588446232586854,40,1,Fixed microbiome RF,Leave study out
1841.F06291,21,1841,1841:NAU106,female,head,42.71626114879565,40,1,Fixed microbiome RF,Leave study out
1841.P15413,20,1841,1841:NCS210,female,hand,44.83484172077924,40,1,Fixed microbiome RF,Leave study out
1841.P15919,20,1841,1841:CUB027,female,hand,38.634436652568446,40,1,Fixed microbiome RF,Leave study out
1841.P15948,20,1841,1841:CUB008,male,hand,40.59348078917611,40,1,Fixed microbiome RF,Leave study out
1841.P15764,28,1841,1841:NAU103,female,hand,41.3082831747823,40,1,Fixed microbiome RF,Leave study out
1841.P15941,23,1841,1841:CUB028,male,hand,42.568611556063196,40,1,Fixed microbiome RF,Leave study out
1841.P15766,32,1841,1841:NAU150,female,hand,39.944242417413776,40,1,Fixed microbiome RF,Leave study out
1841.P15945,21,1841,1841:CUB003,female,hand,39.65349951194211,40,1,Fixed microbiome RF,Leave study out
1841.P15762,22,1841,1841:NAU137,female,hand,39.32663884399285,40,1,Fixed microbiome RF,Leave study out
1841.F06263,25,1841,1841:NAU157,male,head,39.49530083631647,40,1,Fixed microbiome RF,Leave study out
1841.F05604,20,1841,1841:CUB036,female,head,40.98217289654791,40,1,Fixed microbiome RF,Leave study out
1841.P16267,20,1841,1841:NAU121,female,hand,40.19254426667908,40,1,Fixed microbiome RF,Leave study out
1841.F05247,28,1841,1841:NAU103,female,head,43.49714329073705,40,1,Fixed microbiome RF,Leave study out
1841.P16339,55,1841,1841:NAU149,male,hand,43.72655938322299,40,1,Fixed microbiome RF,Leave study out
1841.P16448,20,1841,1841:NCS263,male,hand,41.80991117929736,40,1,Fixed microbiome RF,Leave study out
1841.P16332,25,1841,1841:NAU157,male,hand,47.56982836790402,40,1,Fixed microbiome RF,Leave study out
1841.P16445,21,1841,1841:NAU161,male,hand,41.426502418084894,40,1,Fixed microbiome RF,Leave study out
1841.F05465,21,1841,1841:NAU154,female,head,38.37033397056376,40,1,Fixed microbiome RF,Leave study out
1841.F05469,28,1841,1841:NAU103,female,head,41.25274422078289,40,1,Fixed microbiome RF,Leave study out
1841.F06094,22,1841,1841:NCS255,female,head,41.0906147461822,40,1,Fixed microbiome RF,Leave study out
1841.F06092,20,1841,1841:NCS263,male,head,46.0555561069872,40,1,Fixed microbiome RF,Leave study out
1841.F06574,22,1841,1841:CUB048,female,head,42.459958175505065,40,1,Fixed microbiome RF,Leave study out
1841.P15207,23,1841,1841:CUB028,male,hand,41.30477664696416,40,1,Fixed microbiome RF,Leave study out
1841.P15206,20,1841,1841:CUB036,female,hand,39.54706043967602,40,1,Fixed microbiome RF,Leave study out
1841.P15205,21,1841,1841:CUB003,female,hand,54.164132759601486,40,1,Fixed microbiome RF,Leave study out
1841.P15202,20,1841,1841:CUB036,female,hand,42.1747561486716,40,1,Fixed microbiome RF,Leave study out
1841.P15201,23,1841,1841:CUB028,male,hand,37.99184212546565,40,1,Fixed microbiome RF,Leave study out
1841.P15200,41,1841,1841:CUB050,female,hand,42.14482012277648,40,1,Fixed microbiome RF,Leave study out
1841.P15209,21,1841,1841:CUB033,female,hand,44.437976738013035,40,1,Fixed microbiome RF,Leave study out
1841.P15208,22,1841,1841:CUB048,female,hand,41.76037358474859,40,1,Fixed microbiome RF,Leave study out
1841.F05012,27,1841,1841:NCS214,male,head,42.86876578486873,40,1,Fixed microbiome RF,Leave study out
1841.F05907,19,1841,1841:NCS233,male,head,37.135296571575374,40,1,Fixed microbiome RF,Leave study out
1841.F05903,27,1841,1841:NCS214,male,head,41.28014056715345,40,1,Fixed microbiome RF,Leave study out
1841.F05901,19,1841,1841:NCS233,male,head,45.56906343382493,40,1,Fixed microbiome RF,Leave study out
1841.F05909,18,1841,1841:NCS213,female,head,37.904854130998835,40,1,Fixed microbiome RF,Leave study out
1841.P16166,25,1841,1841:NAU157,male,hand,43.628216210872466,40,1,Fixed microbiome RF,Leave study out
1841.P16165,55,1841,1841:NAU149,male,hand,41.51967900257422,40,1,Fixed microbiome RF,Leave study out
1841.P16160,32,1841,1841:NAU102,unknown,hand,39.76147484664031,40,1,Fixed microbiome RF,Leave study out
1841.P15928,21,1841,1841:CUB033,female,hand,41.25385140435881,40,1,Fixed microbiome RF,Leave study out
1841.P15926,21,1841,1841:CUB012,female,hand,42.37836407989436,40,1,Fixed microbiome RF,Leave study out
1841.P15925,22,1841,1841:CUB016,female,hand,42.3738639387306,40,1,Fixed microbiome RF,Leave study out
1841.P15922,21,1841,1841:CUB033,female,hand,43.68672863883802,40,1,Fixed microbiome RF,Leave study out
1841.P15923,21,1841,1841:CUB000,female,hand,43.61444358821002,40,1,Fixed microbiome RF,Leave study out
1841.P15920,22,1841,1841:CUB004,female,hand,42.68654739748949,40,1,Fixed microbiome RF,Leave study out
1841.F06289,30,1841,1841:NAU155,female,head,39.79767217157842,40,1,Fixed microbiome RF,Leave study out
1841.F06288,55,1841,1841:NAU149,male,head,47.18025321900323,40,1,Fixed microbiome RF,Leave study out
1841.F06282,55,1841,1841:NAU149,male,head,41.26987011150616,40,1,Fixed microbiome RF,Leave study out
1841.F06285,21,1841,1841:NAU154,female,head,38.703253364792886,40,1,Fixed microbiome RF,Leave study out
1841.F06284,21,1841,1841:NAU153,female,head,39.97873840348105,40,1,Fixed microbiome RF,Leave study out
1841.F06287,21,1841,1841:NAU161,male,head,42.11551491043678,40,1,Fixed microbiome RF,Leave study out
1841.F06286,30,1841,1841:NAU155,female,head,38.85059595429081,40,1,Fixed microbiome RF,Leave study out
1841.F06202,32,1841,1841:NAU150,female,head,41.49727872078637,40,1,Fixed microbiome RF,Leave study out
1841.F05229,22,1841,1841:NAU137,female,head,40.32204233908401,40,1,Fixed microbiome RF,Leave study out
1841.F05226,32,1841,1841:NAU102,unknown,head,35.76064922261154,40,1,Fixed microbiome RF,Leave study out
1841.F05227,24,1841,1841:NAU109,male,head,38.91314253666977,40,1,Fixed microbiome RF,Leave study out
1841.F05223,21,1841,1841:NAU106,female,head,41.915388389490424,40,1,Fixed microbiome RF,Leave study out
1841.P16310,20,1841,1841:NAU110,female,hand,39.46076349412966,40,1,Fixed microbiome RF,Leave study out
1841.P16311,32,1841,1841:NAU102,unknown,hand,39.50876447260868,40,1,Fixed microbiome RF,Leave study out
1841.P16312,37,1841,1841:NAU148,male,hand,38.38341935589098,40,1,Fixed microbiome RF,Leave study out
1841.P16313,20,1841,1841:NAU123,male,hand,54.980250695485076,40,1,Fixed microbiome RF,Leave study out
1841.P16315,24,1841,1841:NAU109,male,hand,38.94398809523811,40,1,Fixed microbiome RF,Leave study out
1841.P16316,33,1841,1841:NAU144,male,hand,39.92357232565912,40,1,Fixed microbiome RF,Leave study out
1841.P16317,21,1841,1841:NAU154,female,hand,39.10037869682401,40,1,Fixed microbiome RF,Leave study out
1841.P16318,26,1841,1841:NAU146,female,hand,40.62999406843157,40,1,Fixed microbiome RF,Leave study out
1841.P16319,26,1841,1841:NAU146,female,hand,39.66642707476349,40,1,Fixed microbiome RF,Leave study out
1841.F06340,21,1841,1841:CUB029,male,head,41.78358698925989,40,1,Fixed microbiome RF,Leave study out
1841.F06342,22,1841,1841:CUB048,female,head,41.09794807247063,40,1,Fixed microbiome RF,Leave study out
1841.F06343,21,1841,1841:CUB032,female,head,39.761740523214705,40,1,Fixed microbiome RF,Leave study out
1841.P15041,22,1841,1841:CUB007,female,hand,44.065065160796266,40,1,Fixed microbiome RF,Leave study out
1841.P15043,21,1841,1841:CUB044,male,hand,40.166068408017445,40,1,Fixed microbiome RF,Leave study out
1841.P15042,22,1841,1841:CUB016,female,hand,43.65832568955359,40,1,Fixed microbiome RF,Leave study out
1841.P15045,22,1841,1841:CUB040,male,hand,40.816664021366265,40,1,Fixed microbiome RF,Leave study out
1841.P15047,20,1841,1841:CUB027,female,hand,39.886456913783675,40,1,Fixed microbiome RF,Leave study out
1841.P15269,21,1841,1841:CUB044,male,hand,45.30471470278748,40,1,Fixed microbiome RF,Leave study out
1841.P15268,22,1841,1841:CUB048,female,hand,40.45496548539289,40,1,Fixed microbiome RF,Leave study out
1841.P15599,20,1841,1841:NAU123,male,hand,39.47792474019035,40,1,Fixed microbiome RF,Leave study out
1841.P15598,22,1841,1841:NAU133,male,hand,50.04162480716202,40,1,Fixed microbiome RF,Leave study out
1841.P15597,21,1841,1841:NAU113,female,hand,38.15064155462592,40,1,Fixed microbiome RF,Leave study out
1841.P15596,19,1841,1841:NAU107,female,hand,35.94425220251208,40,1,Fixed microbiome RF,Leave study out
1841.P15267,21,1841,1841:CUB003,female,hand,40.02438098359973,40,1,Fixed microbiome RF,Leave study out
1841.P15260,21,1841,1841:CUB000,female,hand,40.612056996822645,40,1,Fixed microbiome RF,Leave study out
1841.P15263,22,1841,1841:CUB016,female,hand,40.91123031873862,40,1,Fixed microbiome RF,Leave study out
1841.P15262,20,1841,1841:CUB005,female,hand,43.77386633050042,40,1,Fixed microbiome RF,Leave study out
1841.F05084,22,1841,1841:NCS212,female,head,39.46979919386168,40,1,Fixed microbiome RF,Leave study out
1841.P15059,23,1841,1841:CUB028,male,hand,40.717560651154415,40,1,Fixed microbiome RF,Leave study out
1841.P16442,22,1841,1841:NCS212,female,hand,40.013418413184034,40,1,Fixed microbiome RF,Leave study out
1841.P16092,26,1841,1841:NAU146,female,hand,40.78158506424131,40,1,Fixed microbiome RF,Leave study out
1841.F05038,20,1841,1841:NCS263,male,head,45.58127598525916,40,1,Fixed microbiome RF,Leave study out
1841.F05033,20,1841,1841:NCS263,male,head,42.227567122896005,40,1,Fixed microbiome RF,Leave study out
1841.F05031,23,1841,1841:NCS243,male,head,38.98247355776569,40,1,Fixed microbiome RF,Leave study out
1841.F05030,19,1841,1841:NCS233,male,head,37.65009331005898,40,1,Fixed microbiome RF,Leave study out
1841.F05036,22,1841,1841:NAU130,female,head,37.66866573704074,40,1,Fixed microbiome RF,Leave study out
1841.F05034,20,1841,1841:NCS263,male,head,45.08844684322254,40,1,Fixed microbiome RF,Leave study out
1841.F05697,22,1841,1841:CUB048,female,head,43.00301499696767,40,1,Fixed microbiome RF,Leave study out
1841.F05694,20,1841,1841:CUB005,female,head,47.58543180777556,40,1,Fixed microbiome RF,Leave study out
1841.F05693,22,1841,1841:CUB016,female,head,42.383031054077904,40,1,Fixed microbiome RF,Leave study out
1841.F05692,21,1841,1841:CUB003,female,head,39.64308118325388,40,1,Fixed microbiome RF,Leave study out
1841.F05969,18,1841,1841:NCS213,female,head,40.23208929091742,40,1,Fixed microbiome RF,Leave study out
1841.F05964,19,1841,1841:NCS233,male,head,40.48448368315371,40,1,Fixed microbiome RF,Leave study out
1841.P16104,30,1841,1841:NAU108,female,hand,41.88684007673429,40,1,Fixed microbiome RF,Leave study out
1841.P16107,24,1841,1841:NAU109,male,hand,39.75176469306065,40,1,Fixed microbiome RF,Leave study out
1841.P16106,25,1841,1841:NAU157,male,hand,55.274365392062975,40,1,Fixed microbiome RF,Leave study out
1841.P16101,20,1841,1841:NAU121,female,hand,45.36675196799417,40,1,Fixed microbiome RF,Leave study out
1841.P16100,26,1841,1841:NAU146,female,hand,39.63562108608983,40,1,Fixed microbiome RF,Leave study out
1841.P16103,21,1841,1841:NAU154,female,hand,41.1640925981878,40,1,Fixed microbiome RF,Leave study out
1841.P16102,21,1841,1841:NAU124,female,hand,39.68468509768687,40,1,Fixed microbiome RF,Leave study out
1841.F05550,20,1841,1841:NAU123,male,head,39.167186877689396,40,1,Fixed microbiome RF,Leave study out
1841.P15310,22,1841,1841:NCS212,female,hand,40.47171679003897,40,1,Fixed microbiome RF,Leave study out
1841.F06119,21,1841,1841:CUB044,male,head,43.22419122017008,40,1,Fixed microbiome RF,Leave study out
1841.F05559,22,1841,1841:NAU137,female,head,37.98906753836441,40,1,Fixed microbiome RF,Leave study out
1841.P15904,20,1841,1841:CUB037,female,hand,40.05185987895548,40,1,Fixed microbiome RF,Leave study out
1841.P15906,21,1841,1841:CUB032,female,hand,40.22896171641686,40,1,Fixed microbiome RF,Leave study out
1841.P15907,20,1841,1841:CUB008,male,hand,45.31783918135845,40,1,Fixed microbiome RF,Leave study out
1841.P15908,21,1841,1841:CUB038,female,hand,38.94211650146273,40,1,Fixed microbiome RF,Leave study out
1841.P15909,21,1841,1841:CUB003,female,hand,40.2264661553724,40,1,Fixed microbiome RF,Leave study out
1841.P15288,20,1841,1841:CUB049,female,hand,44.81893725198414,40,1,Fixed microbiome RF,Leave study out
1841.P15672,20,1841,1841:CUB036,female,hand,42.18862670954778,40,1,Fixed microbiome RF,Leave study out
1841.P15674,20,1841,1841:CUB008,male,hand,41.77450696116278,40,1,Fixed microbiome RF,Leave study out
1841.P15679,36,1841,1841:CUB042,male,hand,43.078491341991345,40,1,Fixed microbiome RF,Leave study out
1841.F05206,26,1841,1841:NAU146,female,head,40.54595244369601,40,1,Fixed microbiome RF,Leave study out
1841.F05207,24,1841,1841:NAU109,male,head,42.416977250180395,40,1,Fixed microbiome RF,Leave study out
1841.F05200,22,1841,1841:NAU133,male,head,38.13309206112514,40,1,Fixed microbiome RF,Leave study out
1841.F05201,19,1841,1841:NAU107,female,head,40.503968228972845,40,1,Fixed microbiome RF,Leave study out
1841.F05202,21,1841,1841:NAU161,male,head,41.53180541884586,40,1,Fixed microbiome RF,Leave study out
1841.P16426,20,1841,1841:NAU119,male,hand,37.0945195641669,40,1,Fixed microbiome RF,Leave study out
1841.F05209,24,1841,1841:NAU109,male,head,40.77577031981496,40,1,Fixed microbiome RF,Leave study out
1841.P16395,22,1841,1841:NAU130,female,hand,41.037771406681756,40,1,Fixed microbiome RF,Leave study out
1841.P16377,22,1841,1841:NAU133,male,hand,51.185371177535714,40,1,Fixed microbiome RF,Leave study out
1841.P16373,20,1841,1841:NAU128,female,hand,43.257884488877124,40,1,Fixed microbiome RF,Leave study out
1841.P16370,20,1841,1841:NAU110,female,hand,42.76046713778371,40,1,Fixed microbiome RF,Leave study out
1841.P16371,20,1841,1841:NAU121,female,hand,39.73506190959775,40,1,Fixed microbiome RF,Leave study out
1841.P16397,32,1841,1841:NAU102,unknown,hand,40.62001968728531,40,1,Fixed microbiome RF,Leave study out
1841.P16378,20,1841,1841:NAU115,male,hand,38.512885376214875,40,1,Fixed microbiome RF,Leave study out
1841.P16379,21,1841,1841:NAU153,female,hand,38.38152636524529,40,1,Fixed microbiome RF,Leave study out
1841.F05884,20,1841,1841:NAU110,female,head,41.376647920910806,40,1,Fixed microbiome RF,Leave study out
1841.F05885,37,1841,1841:NAU148,male,head,41.884853625106494,40,1,Fixed microbiome RF,Leave study out
1841.P16590,23,1841,1841:CUB028,male,hand,36.9769029841686,40,1,Fixed microbiome RF,Leave study out
1841.P16591,21,1841,1841:CUB033,female,hand,41.66498167426937,40,1,Fixed microbiome RF,Leave study out
1841.P16596,20,1841,1841:CUB005,female,hand,39.21329521173272,40,1,Fixed microbiome RF,Leave study out
1841.P16597,22,1841,1841:CUB004,female,hand,42.11973808743341,40,1,Fixed microbiome RF,Leave study out
1841.P16595,20,1841,1841:CUB010,female,hand,39.18122641176227,40,1,Fixed microbiome RF,Leave study out
1841.P16598,22,1841,1841:CUB048,female,hand,41.53067935791743,40,1,Fixed microbiome RF,Leave study out
1841.F06015,20,1841,1841:NCS210,female,head,41.42312003458145,40,1,Fixed microbiome RF,Leave study out
1841.F06586,21,1841,1841:CUB003,female,head,39.48088461057331,40,1,Fixed microbiome RF,Leave study out
1841.F06584,22,1841,1841:CUB040,male,head,44.22111177884616,40,1,Fixed microbiome RF,Leave study out
1841.F06585,29,1841,1841:CUB011,female,head,40.76506694694194,40,1,Fixed microbiome RF,Leave study out
1841.F06582,21,1841,1841:CUB044,male,head,42.580541398853136,40,1,Fixed microbiome RF,Leave study out
1841.F06583,21,1841,1841:CUB033,female,head,39.4493070998811,40,1,Fixed microbiome RF,Leave study out
1841.F06580,21,1841,1841:CUB000,female,head,40.89894441496004,40,1,Fixed microbiome RF,Leave study out
1841.F06581,21,1841,1841:CUB003,female,head,44.511189570056246,40,1,Fixed microbiome RF,Leave study out
1841.F06588,20,1841,1841:CUB049,female,head,40.00338969909968,40,1,Fixed microbiome RF,Leave study out
1841.P15068,22,1841,1841:CUB048,female,hand,47.42128198088673,40,1,Fixed microbiome RF,Leave study out
1841.P15067,22,1841,1841:CUB007,female,hand,42.97282879785409,40,1,Fixed microbiome RF,Leave study out
1841.P15066,23,1841,1841:CUB053,female,hand,43.89980094054551,40,1,Fixed microbiome RF,Leave study out
1841.P15065,21,1841,1841:CUB032,female,hand,42.50401606545628,40,1,Fixed microbiome RF,Leave study out
1841.P15063,23,1841,1841:CUB056,male,hand,45.16599800373238,40,1,Fixed microbiome RF,Leave study out
1841.P15060,22,1841,1841:CUB040,male,hand,43.07723498723498,40,1,Fixed microbiome RF,Leave study out
1841.F06320,21,1841,1841:CUB033,female,head,42.5323870767999,40,1,Fixed microbiome RF,Leave study out
1841.F06326,29,1841,1841:CUB011,female,head,39.6792194651718,40,1,Fixed microbiome RF,Leave study out
1841.F06324,21,1841,1841:CUB033,female,head,40.74924124078536,40,1,Fixed microbiome RF,Leave study out
1841.F06329,22,1841,1841:CUB016,female,head,41.89125778846049,40,1,Fixed microbiome RF,Leave study out
1841.P15241,23,1841,1841:CUB013,male,hand,42.9697677192599,40,1,Fixed microbiome RF,Leave study out
1841.P15240,21,1841,1841:CUB012,female,hand,47.00379355887169,40,1,Fixed microbiome RF,Leave study out
1841.P15244,20,1841,1841:CUB051,male,hand,37.8923364916334,40,1,Fixed microbiome RF,Leave study out
1841.P15249,20,1841,1841:CUB008,male,hand,41.16263767482517,40,1,Fixed microbiome RF,Leave study out
1841.F06297,55,1841,1841:NAU149,male,head,43.32961077423392,40,1,Fixed microbiome RF,Leave study out
1841.P15264,22,1841,1841:CUB004,female,hand,41.7856478187866,40,1,Fixed microbiome RF,Leave study out
1841.P16299,30,1841,1841:NAU155,female,hand,41.609080728299475,40,1,Fixed microbiome RF,Leave study out
1841.P16298,55,1841,1841:NAU149,male,hand,45.409631791819294,40,1,Fixed microbiome RF,Leave study out
1841.P16295,55,1841,1841:NAU149,male,hand,40.668749513354285,40,1,Fixed microbiome RF,Leave study out
1841.P16294,21,1841,1841:NAU161,male,hand,39.94899958434293,40,1,Fixed microbiome RF,Leave study out
1841.P16297,22,1841,1841:NAU133,male,hand,46.239517909582226,40,1,Fixed microbiome RF,Leave study out
1841.P16296,21,1841,1841:NAU154,female,hand,37.919465595168724,40,1,Fixed microbiome RF,Leave study out
1841.P16290,21,1841,1841:NAU153,female,hand,40.65086746714273,40,1,Fixed microbiome RF,Leave study out
1841.P16293,22,1841,1841:NAU133,male,hand,38.14642166860917,40,1,Fixed microbiome RF,Leave study out
1841.F05941,18,1841,1841:NCS213,female,head,44.28562606664169,40,1,Fixed microbiome RF,Leave study out
1841.F05412,21,1841,1841:NAU106,female,head,46.46943801250832,40,1,Fixed microbiome RF,Leave study out
1841.F05415,20,1841,1841:NAU119,male,head,39.64998468545343,40,1,Fixed microbiome RF,Leave study out
1841.F05414,32,1841,1841:NAU150,female,head,37.00603224798077,40,1,Fixed microbiome RF,Leave study out
1841.F05419,20,1841,1841:NAU121,female,head,38.313860747028926,40,1,Fixed microbiome RF,Leave study out
1841.P16122,33,1841,1841:NAU144,male,hand,37.17596596877387,40,1,Fixed microbiome RF,Leave study out
1841.P16129,25,1841,1841:NAU157,male,hand,45.62643411153799,40,1,Fixed microbiome RF,Leave study out
1841.F05455,21,1841,1841:NAU153,female,head,38.9218421779808,40,1,Fixed microbiome RF,Leave study out
1841.F05675,21,1841,1841:CUB029,male,head,42.3969660517179,40,1,Fixed microbiome RF,Leave study out
1841.F05674,21,1841,1841:CUB033,female,head,38.690536295087156,40,1,Fixed microbiome RF,Leave study out
1841.F05671,20,1841,1841:CUB049,female,head,46.01535753003127,40,1,Fixed microbiome RF,Leave study out
1841.P15580,23,1841,1841:NAU100,male,hand,39.40845633533135,40,1,Fixed microbiome RF,Leave study out
1841.F05452,30,1841,1841:NAU155,female,head,38.3240282460595,40,1,Fixed microbiome RF,Leave study out
1841.P16354,22,1841,1841:NAU164,male,hand,39.981724846334224,40,1,Fixed microbiome RF,Leave study out
1841.P16356,30,1841,1841:NAU108,female,hand,43.108127902890224,40,1,Fixed microbiome RF,Leave study out
1841.P16034,21,1841,1841:NAU161,male,hand,40.53873205150972,40,1,Fixed microbiome RF,Leave study out
1841.P16524,21,1841,1841:CUB026,male,hand,41.214696778915545,40,1,Fixed microbiome RF,Leave study out
1841.P16523,23,1841,1841:CUB056,male,hand,42.859265595515595,40,1,Fixed microbiome RF,Leave study out
1841.F05496,19,1841,1841:NAU107,female,head,38.079730373792884,40,1,Fixed microbiome RF,Leave study out
1841.P15005,29,1841,1841:CUB011,female,hand,39.822717230686,40,1,Fixed microbiome RF,Leave study out
1841.P15004,20,1841,1841:CUB037,female,hand,38.787874330530585,40,1,Fixed microbiome RF,Leave study out
1841.P15007,21,1841,1841:CUB003,female,hand,43.878905688700684,40,1,Fixed microbiome RF,Leave study out
1841.P15001,23,1841,1841:CUB028,male,hand,39.21385580912145,40,1,Fixed microbiome RF,Leave study out
1841.P15003,23,1841,1841:CUB028,male,hand,42.2368185402609,40,1,Fixed microbiome RF,Leave study out
1841.P15002,22,1841,1841:CUB016,female,hand,40.197943840357915,40,1,Fixed microbiome RF,Leave study out
1841.P15008,21,1841,1841:CUB029,male,hand,38.471985389464,40,1,Fixed microbiome RF,Leave study out
1841.F06308,22,1841,1841:CUB016,female,head,43.50926873895151,40,1,Fixed microbiome RF,Leave study out
1841.F06301,21,1841,1841:CUB032,female,head,38.73625179524997,40,1,Fixed microbiome RF,Leave study out
1841.F06303,20,1841,1841:CUB037,female,head,37.63806115423641,40,1,Fixed microbiome RF,Leave study out
1841.F06305,20,1841,1841:CUB008,male,head,42.40345786493185,40,1,Fixed microbiome RF,Leave study out
1841.F06306,20,1841,1841:CUB049,female,head,38.90408297788813,40,1,Fixed microbiome RF,Leave study out
1841.F05433,32,1841,1841:NAU150,female,head,40.239623760634785,40,1,Fixed microbiome RF,Leave study out
1841.F05432,32,1841,1841:NAU150,female,head,39.931052826360734,40,1,Fixed microbiome RF,Leave study out
1841.F05431,30,1841,1841:NAU155,female,head,38.97824690934063,40,1,Fixed microbiome RF,Leave study out
1841.F05439,21,1841,1841:NAU161,male,head,40.687400984432244,40,1,Fixed microbiome RF,Leave study out
1841.F05434,20,1841,1841:NAU119,male,head,38.902070789050114,40,1,Fixed microbiome RF,Leave study out
1841.F06323,22,1841,1841:CUB004,female,head,41.91693256396378,40,1,Fixed microbiome RF,Leave study out
1841.F06210,37,1841,1841:NAU148,male,head,38.34785887280398,40,1,Fixed microbiome RF,Leave study out
1841.F06211,22,1841,1841:NAU130,female,head,40.334058208545216,40,1,Fixed microbiome RF,Leave study out
1841.P15634,23,1841,1841:CUB053,female,hand,45.586959846967765,40,1,Fixed microbiome RF,Leave study out
1841.F05092,23,1841,1841:NCS244,female,head,38.98832910914274,40,1,Fixed microbiome RF,Leave study out
1841.P15342,20,1841,1841:NCS210,female,hand,42.91936981421356,40,1,Fixed microbiome RF,Leave study out
1841.P15029,20,1841,1841:CUB049,female,hand,44.210208267869994,40,1,Fixed microbiome RF,Leave study out
1841.P15023,21,1841,1841:CUB029,male,hand,40.17645630560087,40,1,Fixed microbiome RF,Leave study out
1841.P15022,20,1841,1841:CUB010,female,hand,39.84597044067367,40,1,Fixed microbiome RF,Leave study out
1841.P15021,20,1841,1841:CUB027,female,hand,42.00056536504176,40,1,Fixed microbiome RF,Leave study out
1841.P15025,21,1841,1841:CUB003,female,hand,42.948556004417576,40,1,Fixed microbiome RF,Leave study out
1841.P15024,22,1841,1841:CUB048,female,hand,43.97371124618416,40,1,Fixed microbiome RF,Leave study out
1841.F06368,29,1841,1841:CUB011,female,head,39.34090859344905,40,1,Fixed microbiome RF,Leave study out
1841.F06367,21,1841,1841:CUB029,male,head,38.59112884941607,40,1,Fixed microbiome RF,Leave study out
1841.F06365,20,1841,1841:CUB005,female,head,40.32642192009381,40,1,Fixed microbiome RF,Leave study out
1841.F06362,22,1841,1841:CUB040,male,head,40.446602172847584,40,1,Fixed microbiome RF,Leave study out
1841.F06363,21,1841,1841:CUB032,female,head,40.99544170907064,40,1,Fixed microbiome RF,Leave study out
1841.F06360,22,1841,1841:CUB007,female,head,40.94746330301717,40,1,Fixed microbiome RF,Leave study out
1841.F06361,20,1841,1841:CUB008,male,head,40.21417934500029,40,1,Fixed microbiome RF,Leave study out
1841.P15289,21,1841,1841:CUB029,male,hand,49.6037115401959,40,1,Fixed microbiome RF,Leave study out
1841.P15284,23,1841,1841:CUB053,female,hand,49.956119982448115,40,1,Fixed microbiome RF,Leave study out
1841.P15283,22,1841,1841:CUB040,male,hand,39.952980723965126,40,1,Fixed microbiome RF,Leave study out
1841.P15281,41,1841,1841:CUB050,female,hand,44.42023968483206,40,1,Fixed microbiome RF,Leave study out
1841.P15280,23,1841,1841:CUB056,male,hand,41.83013368014745,40,1,Fixed microbiome RF,Leave study out
1841.P15221,36,1841,1841:CUB042,male,hand,48.296430702977595,40,1,Fixed microbiome RF,Leave study out
1841.F06465,23,1841,1841:CUB056,male,head,42.98826440467746,40,1,Fixed microbiome RF,Leave study out
1841.F06466,22,1841,1841:CUB048,female,head,42.05647501803754,40,1,Fixed microbiome RF,Leave study out
1841.P15222,21,1841,1841:CUB000,female,hand,41.57420651661141,40,1,Fixed microbiome RF,Leave study out
1841.F05630,20,1841,1841:CUB005,female,head,39.45039362904252,40,1,Fixed microbiome RF,Leave study out
1841.F05636,22,1841,1841:CUB007,female,head,43.51830896386591,40,1,Fixed microbiome RF,Leave study out
1841.F05987,18,1841,1841:NCS213,female,head,38.50778736888111,40,1,Fixed microbiome RF,Leave study out
1841.F05986,19,1841,1841:NCS233,male,head,38.43907726821789,40,1,Fixed microbiome RF,Leave study out
1841.F05985,27,1841,1841:NCS214,male,head,43.957661220264626,40,1,Fixed microbiome RF,Leave study out
1841.F05984,27,1841,1841:NCS214,male,head,43.416029040404055,40,1,Fixed microbiome RF,Leave study out
1841.P16251,20,1841,1841:NAU119,male,hand,38.93380970228119,40,1,Fixed microbiome RF,Leave study out
1841.P16253,26,1841,1841:NAU146,female,hand,41.83334546631882,40,1,Fixed microbiome RF,Leave study out
1841.P16257,25,1841,1841:NAU157,male,hand,40.775605913184044,40,1,Fixed microbiome RF,Leave study out
1841.F05410,22,1841,1841:NAU133,male,head,38.24578951809069,40,1,Fixed microbiome RF,Leave study out
1841.F05520,21,1841,1841:NAU154,female,head,40.354318285880794,40,1,Fixed microbiome RF,Leave study out
1841.F06170,20,1841,1841:CUB008,male,head,44.0424810975558,40,1,Fixed microbiome RF,Leave study out
1841.F06175,20,1841,1841:CUB051,male,head,40.82705236148583,40,1,Fixed microbiome RF,Leave study out
1841.P15611,20,1841,1841:CUB049,female,hand,41.15882181537232,40,1,Fixed microbiome RF,Leave study out
1841.P15612,20,1841,1841:CUB008,male,hand,42.876358645353726,40,1,Fixed microbiome RF,Leave study out
1841.P15618,41,1841,1841:CUB050,female,hand,45.37090509338026,40,1,Fixed microbiome RF,Leave study out
1841.P16552,21,1841,1841:CUB044,male,hand,40.65405725697376,40,1,Fixed microbiome RF,Leave study out
1841.P16416,23,1841,1841:NCS244,female,hand,41.63308262018198,40,1,Fixed microbiome RF,Leave study out
1841.F05843,22,1841,1841:NAU130,female,head,39.674687961128534,40,1,Fixed microbiome RF,Leave study out
1841.F05840,33,1841,1841:NAU144,male,head,39.858066342358626,40,1,Fixed microbiome RF,Leave study out
1841.P16553,29,1841,1841:CUB011,female,hand,38.48312547032216,40,1,Fixed microbiome RF,Leave study out
1841.F05848,21,1841,1841:NAU153,female,head,37.53337338570335,40,1,Fixed microbiome RF,Leave study out
1841.F05849,33,1841,1841:NAU144,male,head,39.58265276390277,40,1,Fixed microbiome RF,Leave study out
1841.P16063,22,1841,1841:NAU164,male,hand,39.0875171060557,40,1,Fixed microbiome RF,Leave study out
1841.P16065,21,1841,1841:NAU106,female,hand,43.94596864507021,40,1,Fixed microbiome RF,Leave study out
1841.P16068,21,1841,1841:NAU124,female,hand,41.812830520742224,40,1,Fixed microbiome RF,Leave study out
1841.P16348,28,1841,1841:NAU103,female,hand,43.333007357226116,40,1,Fixed microbiome RF,Leave study out
1841.F06432,41,1841,1841:CUB050,female,head,45.72566298502515,40,1,Fixed microbiome RF,Leave study out
1841.F06433,21,1841,1841:CUB026,male,head,37.02299805124163,40,1,Fixed microbiome RF,Leave study out
1841.F06346,21,1841,1841:CUB012,female,head,46.52430170523921,40,1,Fixed microbiome RF,Leave study out
1841.F06439,20,1841,1841:CUB027,female,head,41.16394238225721,40,1,Fixed microbiome RF,Leave study out
1841.F06349,21,1841,1841:CUB033,female,head,40.34399508358608,40,1,Fixed microbiome RF,Leave study out
1841.F06589,20,1841,1841:CUB027,female,head,42.561421836014205,40,1,Fixed microbiome RF,Leave study out
1841.F05617,29,1841,1841:CUB011,female,head,39.86002393006299,40,1,Fixed microbiome RF,Leave study out
1841.F05612,20,1841,1841:CUB005,female,head,42.12887065701862,40,1,Fixed microbiome RF,Leave study out
1841.F05611,20,1841,1841:CUB036,female,head,41.59398009976134,40,1,Fixed microbiome RF,Leave study out
1841.P15400,27,1841,1841:NCS253,female,hand,44.93651331307583,40,1,Fixed microbiome RF,Leave study out
1841.P15407,18,1841,1841:NCS213,female,hand,39.28059977502075,40,1,Fixed microbiome RF,Leave study out
1841.P16279,37,1841,1841:NAU148,male,hand,42.220466669374986,40,1,Fixed microbiome RF,Leave study out
1841.P16278,21,1841,1841:NAU124,female,hand,41.92461313397676,40,1,Fixed microbiome RF,Leave study out
1841.P16276,32,1841,1841:NAU150,female,hand,40.11671108216963,40,1,Fixed microbiome RF,Leave study out
1841.P16275,37,1841,1841:NAU148,male,hand,40.85435634496447,40,1,Fixed microbiome RF,Leave study out
1841.P16272,22,1841,1841:NAU130,female,hand,40.90292924353725,40,1,Fixed microbiome RF,Leave study out
1841.P16270,32,1841,1841:NAU150,female,hand,41.99328925456264,40,1,Fixed microbiome RF,Leave study out
1841.F05471,20,1841,1841:NAU121,female,head,40.28817816374804,40,1,Fixed microbiome RF,Leave study out
1841.F05470,19,1841,1841:NAU107,female,head,36.086888871657905,40,1,Fixed microbiome RF,Leave study out
1841.F05477,20,1841,1841:NAU110,female,head,39.6885732641649,40,1,Fixed microbiome RF,Leave study out
1841.F05476,25,1841,1841:NAU157,male,head,37.74046663406039,40,1,Fixed microbiome RF,Leave study out
1841.F05475,22,1841,1841:NAU133,male,head,37.930612765058896,40,1,Fixed microbiome RF,Leave study out
1841.F05474,22,1841,1841:NAU130,female,head,42.78755989423588,40,1,Fixed microbiome RF,Leave study out
1841.F06031,22,1841,1841:NCS212,female,head,40.39296476399417,40,1,Fixed microbiome RF,Leave study out
1841.F05645,21,1841,1841:CUB038,female,head,42.00699047123221,40,1,Fixed microbiome RF,Leave study out
1841.P16187,24,1841,1841:NAU109,male,hand,38.45400679672078,40,1,Fixed microbiome RF,Leave study out
1841.P16186,24,1841,1841:NAU109,male,hand,40.7029367857473,40,1,Fixed microbiome RF,Leave study out
1841.P16181,28,1841,1841:NAU103,female,hand,46.46292385565824,40,1,Fixed microbiome RF,Leave study out
1841.P16180,32,1841,1841:NAU150,female,hand,40.214066844613725,40,1,Fixed microbiome RF,Leave study out
1841.P16183,22,1841,1841:NAU137,female,hand,39.560823378923686,40,1,Fixed microbiome RF,Leave study out
1841.P16182,20,1841,1841:NAU119,male,hand,39.33931684665238,40,1,Fixed microbiome RF,Leave study out
1841.F05647,21,1841,1841:CUB044,male,head,39.80359304090511,40,1,Fixed microbiome RF,Leave study out
1841.F05640,20,1841,1841:CUB036,female,head,42.32968781903403,40,1,Fixed microbiome RF,Leave study out
1841.P15988,21,1841,1841:CUB012,female,hand,42.65224303942275,40,1,Fixed microbiome RF,Leave study out
1841.P15989,22,1841,1841:CUB004,female,hand,40.479862099705876,40,1,Fixed microbiome RF,Leave study out
1841.P15985,20,1841,1841:CUB037,female,hand,49.60382625442368,40,1,Fixed microbiome RF,Leave study out
1841.P15981,22,1841,1841:CUB007,female,hand,42.525382902514885,40,1,Fixed microbiome RF,Leave study out
1841.P15181,18,1841,1841:NCS213,female,hand,37.05728105228106,40,1,Fixed microbiome RF,Leave study out
1841.P15369,22,1841,1841:NCS255,female,hand,37.85670122793563,40,1,Fixed microbiome RF,Leave study out
1841.P15362,27,1841,1841:NCS253,female,hand,45.650890628468744,40,1,Fixed microbiome RF,Leave study out
1841.P15365,22,1841,1841:NCS212,female,hand,39.019996323121326,40,1,Fixed microbiome RF,Leave study out
1841.F05808,21,1841,1841:NAU154,female,head,40.13268280432803,40,1,Fixed microbiome RF,Leave study out
1841.F05288,25,1841,1841:NAU157,male,head,36.78028414476604,40,1,Fixed microbiome RF,Leave study out
1841.F05287,25,1841,1841:NAU157,male,head,37.74528044178044,40,1,Fixed microbiome RF,Leave study out
1841.F05804,21,1841,1841:NAU124,female,head,43.76273052186872,40,1,Fixed microbiome RF,Leave study out
1841.F05869,30,1841,1841:NAU108,female,head,41.58061268592519,40,1,Fixed microbiome RF,Leave study out
1841.F05864,33,1841,1841:NAU144,male,head,38.46222829471547,40,1,Fixed microbiome RF,Leave study out
1841.F05866,22,1841,1841:NAU164,male,head,40.10538381093987,40,1,Fixed microbiome RF,Leave study out
1841.F05867,25,1841,1841:NAU157,male,head,44.31252635927778,40,1,Fixed microbiome RF,Leave study out
1841.P16519,22,1841,1841:CUB007,female,hand,43.48222937287496,40,1,Fixed microbiome RF,Leave study out
1841.P16513,29,1841,1841:CUB011,female,hand,41.3439508525584,40,1,Fixed microbiome RF,Leave study out
1841.P16510,20,1841,1841:CUB005,female,hand,44.36418106199357,40,1,Fixed microbiome RF,Leave study out
1841.P16516,21,1841,1841:CUB012,female,hand,40.106161937021305,40,1,Fixed microbiome RF,Leave study out
1841.F05486,22,1841,1841:NAU137,female,head,41.23567045801421,40,1,Fixed microbiome RF,Leave study out
1841.F06419,20,1841,1841:CUB036,female,head,42.10674406878597,40,1,Fixed microbiome RF,Leave study out
1841.F06410,21,1841,1841:CUB012,female,head,48.958378912753915,40,1,Fixed microbiome RF,Leave study out
1841.F06411,22,1841,1841:CUB048,female,head,43.23946239155146,40,1,Fixed microbiome RF,Leave study out
1841.F06412,23,1841,1841:CUB053,female,head,45.78630122591469,40,1,Fixed microbiome RF,Leave study out
1841.F06413,20,1841,1841:CUB008,male,head,41.86816476262708,40,1,Fixed microbiome RF,Leave study out
1841.F06414,36,1841,1841:CUB042,male,head,40.99414772168835,40,1,Fixed microbiome RF,Leave study out
1841.F06415,22,1841,1841:CUB016,female,head,42.36255639422837,40,1,Fixed microbiome RF,Leave study out
1841.F06416,41,1841,1841:CUB050,female,head,43.94636923929464,40,1,Fixed microbiome RF,Leave study out
1841.F06417,20,1841,1841:CUB010,female,head,39.12496019605394,40,1,Fixed microbiome RF,Leave study out
1841.F06511,20,1841,1841:CUB005,female,head,41.11843191530692,40,1,Fixed microbiome RF,Leave study out
1841.F05502,20,1841,1841:CUB010,female,head,41.20938999824479,40,1,Fixed microbiome RF,Leave study out
1841.P15790,25,1841,1841:NAU157,male,hand,40.64500809953936,40,1,Fixed microbiome RF,Leave study out
1841.P15793,22,1841,1841:NAU137,female,hand,38.414103500666,40,1,Fixed microbiome RF,Leave study out
1841.P15792,20,1841,1841:NAU119,male,hand,39.22035349837051,40,1,Fixed microbiome RF,Leave study out
1841.P15797,21,1841,1841:NAU153,female,hand,36.20284350299106,40,1,Fixed microbiome RF,Leave study out
1841.P15796,37,1841,1841:NAU148,male,hand,40.264233665639935,40,1,Fixed microbiome RF,Leave study out
1841.P15799,21,1841,1841:NAU154,female,hand,39.56498045583644,40,1,Fixed microbiome RF,Leave study out
1841.P15798,21,1841,1841:NAU106,female,hand,44.954924276091546,40,1,Fixed microbiome RF,Leave study out
1841.P16530,20,1841,1841:CUB010,female,hand,39.67524856653763,40,1,Fixed microbiome RF,Leave study out
1841.P16531,23,1841,1841:CUB028,male,hand,39.33259765326048,40,1,Fixed microbiome RF,Leave study out
1841.P16537,20,1841,1841:CUB037,female,hand,37.33318119456028,40,1,Fixed microbiome RF,Leave study out
1841.P15427,22,1841,1841:NCS212,female,hand,40.39859727078478,40,1,Fixed microbiome RF,Leave study out
1841.P15425,23,1841,1841:NCS203,female,hand,44.64081463675215,40,1,Fixed microbiome RF,Leave study out
1841.P15424,19,1841,1841:NCS208,female,hand,40.824818651743,40,1,Fixed microbiome RF,Leave study out
1841.P15422,21,1841,1841:NCS247,unknown,hand,42.55874930624931,40,1,Fixed microbiome RF,Leave study out
1841.P15420,22,1841,1841:NCS212,female,hand,40.681884727813035,40,1,Fixed microbiome RF,Leave study out
1841.P15429,24,1841,1841:NCS245,female,hand,42.92542959500357,40,1,Fixed microbiome RF,Leave study out
1841.F06190,20,1841,1841:CUB049,female,head,41.508363861598255,40,1,Fixed microbiome RF,Leave study out
1841.F05676,41,1841,1841:CUB050,female,head,41.95680363623156,40,1,Fixed microbiome RF,Leave study out
1841.F05672,23,1841,1841:CUB056,male,head,43.28903729658826,40,1,Fixed microbiome RF,Leave study out
1841.F05679,22,1841,1841:CUB040,male,head,42.69358111863626,40,1,Fixed microbiome RF,Leave study out
1841.P16215,55,1841,1841:NAU149,male,hand,42.02621005577348,40,1,Fixed microbiome RF,Leave study out
1841.P16214,25,1841,1841:NAU157,male,hand,39.7171307858808,40,1,Fixed microbiome RF,Leave study out
1841.P16217,37,1841,1841:NAU148,male,hand,44.67757157772782,40,1,Fixed microbiome RF,Leave study out
1841.P16211,21,1841,1841:NAU124,female,hand,40.9802119908278,40,1,Fixed microbiome RF,Leave study out
1841.P16210,20,1841,1841:NAU123,male,hand,49.306822673853915,40,1,Fixed microbiome RF,Leave study out
1841.P16213,25,1841,1841:NAU157,male,hand,40.53589918434248,40,1,Fixed microbiome RF,Leave study out
1841.P16212,20,1841,1841:NAU115,male,hand,38.02262666153291,40,1,Fixed microbiome RF,Leave study out
1841.P16219,55,1841,1841:NAU149,male,hand,47.141100444694196,40,1,Fixed microbiome RF,Leave study out
1841.P16218,22,1841,1841:NAU137,female,hand,38.92321801462426,40,1,Fixed microbiome RF,Leave study out
1841.P15054,21,1841,1841:CUB026,male,hand,40.67298282880314,40,1,Fixed microbiome RF,Leave study out
1841.F05491,22,1841,1841:NAU137,female,head,41.71321664505644,40,1,Fixed microbiome RF,Leave study out
1841.F05490,21,1841,1841:NAU161,male,head,39.81121268488455,40,1,Fixed microbiome RF,Leave study out
1841.P15231,22,1841,1841:CUB004,female,hand,41.11304625929627,40,1,Fixed microbiome RF,Leave study out
1841.P15168,18,1841,1841:NCS213,female,hand,36.95808372000807,40,1,Fixed microbiome RF,Leave study out
1841.P15163,18,1841,1841:NCS213,female,hand,42.084437848711744,40,1,Fixed microbiome RF,Leave study out
1841.P15166,27,1841,1841:NCS214,male,hand,42.439525389847084,40,1,Fixed microbiome RF,Leave study out
1841.F06060,23,1841,1841:NCS243,male,head,38.884232809809454,40,1,Fixed microbiome RF,Leave study out
1841.F06063,23,1841,1841:NCS203,female,head,44.75329916031252,40,1,Fixed microbiome RF,Leave study out
1841.F06062,20,1841,1841:NCS210,female,head,40.67340741733758,40,1,Fixed microbiome RF,Leave study out
1841.F06064,23,1841,1841:NCS243,male,head,40.363417867432055,40,1,Fixed microbiome RF,Leave study out
1841.P15308,23,1841,1841:NCS243,male,hand,42.22946096263773,40,1,Fixed microbiome RF,Leave study out
1841.P15306,20,1841,1841:NCS210,female,hand,40.76590203792917,40,1,Fixed microbiome RF,Leave study out
1841.F06068,27,1841,1841:NCS253,female,head,44.69583358685839,40,1,Fixed microbiome RF,Leave study out
1841.P15304,23,1841,1841:NCS244,female,hand,40.728927240712515,40,1,Fixed microbiome RF,Leave study out
1841.P15300,27,1841,1841:NCS253,female,hand,44.88192574888346,40,1,Fixed microbiome RF,Leave study out
1841.F06355,36,1841,1841:CUB042,male,head,40.679325899794655,40,1,Fixed microbiome RF,Leave study out
1841.F05806,20,1841,1841:NAU128,female,head,39.38466762927797,40,1,Fixed microbiome RF,Leave study out
1841.F05805,33,1841,1841:NAU144,male,head,38.26036108113433,40,1,Fixed microbiome RF,Leave study out
1841.F05802,25,1841,1841:NAU157,male,head,37.69032176157178,40,1,Fixed microbiome RF,Leave study out
1841.F05803,33,1841,1841:NAU144,male,head,39.97597159682637,40,1,Fixed microbiome RF,Leave study out
1841.P15551,22,1841,1841:NAU137,female,hand,40.849930061258185,40,1,Fixed microbiome RF,Leave study out
1841.P16533,22,1841,1841:CUB007,female,hand,52.92031691420358,40,1,Fixed microbiome RF,Leave study out
1841.P16534,20,1841,1841:CUB037,female,hand,42.719213698157915,40,1,Fixed microbiome RF,Leave study out
1841.P16535,22,1841,1841:CUB016,female,hand,39.6679606291247,40,1,Fixed microbiome RF,Leave study out
1841.P16536,36,1841,1841:CUB042,male,hand,42.21446816459685,40,1,Fixed microbiome RF,Leave study out
1841.F05416,21,1841,1841:NAU154,female,head,39.66529403602932,40,1,Fixed microbiome RF,Leave study out
1841.F05822,33,1841,1841:NAU144,male,head,39.57611126795909,40,1,Fixed microbiome RF,Leave study out
1841.F05094,23,1841,1841:NCS203,female,head,44.992241296928576,40,1,Fixed microbiome RF,Leave study out
2010.2652,26,2010,2010:33,female,head,49.59909388938213,36,2,Fixed microbiome RF,Leave study out
2010.1953,32,2010,2010:19,female,head,47.13233111638897,36,2,Fixed microbiome RF,Leave study out
2010.3168,31,2010,2010:43,female,head,42.93312800570336,36,2,Fixed microbiome RF,Leave study out
2010.2046,34,2010,2010:25,female,head,40.7403245099786,36,2,Fixed microbiome RF,Leave study out
2010.1361,27,2010,2010:7,female,head,43.208745042056776,36,2,Fixed microbiome RF,Leave study out
2010.1566,35,2010,2010:9,female,head,42.39390007333537,36,2,Fixed microbiome RF,Leave study out
2010.2215,23,2010,2010:31,female,head,42.18137405002499,36,2,Fixed microbiome RF,Leave study out
2010.1488,27,2010,2010:1,female,head,45.518696234909804,36,2,Fixed microbiome RF,Leave study out
2010.3272,31,2010,2010:43,female,head,43.13093514883274,36,2,Fixed microbiome RF,Leave study out
2010.2027,34,2010,2010:25,female,head,38.60792923496782,36,2,Fixed microbiome RF,Leave study out
2010.1617,28,2010,2010:13,female,head,43.493456051043296,36,2,Fixed microbiome RF,Leave study out
2010.2255,22,2010,2010:27,female,head,43.7647612433601,36,2,Fixed microbiome RF,Leave study out
2010.1288,34,2010,2010:5,female,head,43.40515840166192,36,2,Fixed microbiome RF,Leave study out
2010.1420,35,2010,2010:9,female,head,45.75207291326021,36,2,Fixed microbiome RF,Leave study out
2010.1402,27,2010,2010:1,female,head,44.75804232322091,36,2,Fixed microbiome RF,Leave study out
2010.2602,21,2010,2010:35,female,head,42.04537393209251,36,2,Fixed microbiome RF,Leave study out
2010.1653,28,2010,2010:13,female,head,46.67031806292671,36,2,Fixed microbiome RF,Leave study out
2010.1462,34,2010,2010:5,female,head,44.553603366986906,36,2,Fixed microbiome RF,Leave study out
2010.1851,32,2010,2010:19,female,head,49.22309482587893,36,2,Fixed microbiome RF,Leave study out
2010.2229,22,2010,2010:29,female,head,40.96000239595332,36,2,Fixed microbiome RF,Leave study out
2010.2149,22,2010,2010:27,female,head,40.89568440461794,36,2,Fixed microbiome RF,Leave study out
2010.2318,23,2010,2010:31,female,head,48.60198506836623,36,2,Fixed microbiome RF,Leave study out
2010.1319,27,2010,2010:1,female,head,50.24140822541393,36,2,Fixed microbiome RF,Leave study out
2010.1814,34,2010,2010:17,female,head,41.47158600227557,36,2,Fixed microbiome RF,Leave study out
2010.1377,35,2010,2010:9,female,head,45.4533894350014,36,2,Fixed microbiome RF,Leave study out
2010.1715,22,2010,2010:15,female,head,39.89831627189876,36,2,Fixed microbiome RF,Leave study out
2010.2868,23,2010,2010:39,female,head,48.62017073791553,36,2,Fixed microbiome RF,Leave study out
2010.2800,23,2010,2010:39,female,head,49.08723222138042,36,2,Fixed microbiome RF,Leave study out
2010.1728,22,2010,2010:15,female,head,45.85342679859415,36,2,Fixed microbiome RF,Leave study out
2010.2828,23,2010,2010:39,female,head,49.4864439035484,36,2,Fixed microbiome RF,Leave study out
2010.1394,27,2010,2010:1,female,head,47.137282327763764,36,2,Fixed microbiome RF,Leave study out
2010.3131,31,2010,2010:43,female,head,42.64144735039199,36,2,Fixed microbiome RF,Leave study out
2010.2777,24,2010,2010:37,female,head,48.97267106022765,36,2,Fixed microbiome RF,Leave study out
2010.3117,31,2010,2010:41,female,head,40.03667614403947,36,2,Fixed microbiome RF,Leave study out
2010.1218,27,2010,2010:1,female,head,46.828236619445384,36,2,Fixed microbiome RF,Leave study out
2010.1689,22,2010,2010:15,female,head,46.4715330989208,36,2,Fixed microbiome RF,Leave study out
2010.3092,31,2010,2010:41,female,head,40.619745698165886,36,2,Fixed microbiome RF,Leave study out
2010.2902,24,2010,2010:37,female,head,44.41641813093787,36,2,Fixed microbiome RF,Leave study out
2010.2946,23,2010,2010:39,female,head,49.55816327487234,36,2,Fixed microbiome RF,Leave study out
2010.2690,26,2010,2010:33,female,head,48.874653083601096,36,2,Fixed microbiome RF,Leave study out
2010.2201,22,2010,2010:29,female,head,40.26548715073111,36,2,Fixed microbiome RF,Leave study out
2010.2072,32,2010,2010:19,female,head,47.55931488449752,36,2,Fixed microbiome RF,Leave study out
2010.1902,32,2010,2010:19,female,head,42.72854449551674,36,2,Fixed microbiome RF,Leave study out
2010.3050,31,2010,2010:41,female,head,40.683084973009834,36,2,Fixed microbiome RF,Leave study out
2010.2244,23,2010,2010:31,female,head,44.894807982382346,36,2,Fixed microbiome RF,Leave study out
2010.2380,23,2010,2010:31,female,head,47.72309177731712,36,2,Fixed microbiome RF,Leave study out
2010.1665,22,2010,2010:15,female,head,39.359245886499195,36,2,Fixed microbiome RF,Leave study out
2010.1447,25,2010,2010:3,female,head,43.601827207572214,36,2,Fixed microbiome RF,Leave study out
2010.1623,22,2010,2010:15,female,head,40.18007959029335,36,2,Fixed microbiome RF,Leave study out
2010.2294,23,2010,2010:31,female,head,48.63329885290111,36,2,Fixed microbiome RF,Leave study out
2010.1474,35,2010,2010:9,female,head,44.75052151936076,36,2,Fixed microbiome RF,Leave study out
2010.3011,31,2010,2010:41,female,head,38.68062340294909,36,2,Fixed microbiome RF,Leave study out
2010.1989,32,2010,2010:19,female,head,48.10378286202092,36,2,Fixed microbiome RF,Leave study out
2010.1308,27,2010,2010:7,female,head,40.96294608290653,36,2,Fixed microbiome RF,Leave study out
2010.1302,34,2010,2010:5,female,head,47.691162789524064,36,2,Fixed microbiome RF,Leave study out
2010.2516,26,2010,2010:33,female,head,45.979700635679244,36,2,Fixed microbiome RF,Leave study out
2010.2114,34,2010,2010:25,female,head,40.83019318196355,36,2,Fixed microbiome RF,Leave study out
2010.3180,31,2010,2010:41,female,head,40.37423208652636,36,2,Fixed microbiome RF,Leave study out
2010.1803,34,2010,2010:17,female,head,43.364968323011865,36,2,Fixed microbiome RF,Leave study out
2010.1347,34,2010,2010:5,female,head,47.71522371622907,36,2,Fixed microbiome RF,Leave study out
2010.1751,23,2010,2010:15,female,head,42.446062706039974,36,2,Fixed microbiome RF,Leave study out
2010.1840,32,2010,2010:19,female,head,48.96969398157005,36,2,Fixed microbiome RF,Leave study out
2010.1246,34,2010,2010:5,female,head,43.9675974111372,36,2,Fixed microbiome RF,Leave study out
2010.3105,31,2010,2010:43,female,head,42.98260908508311,36,2,Fixed microbiome RF,Leave study out
2010.1260,27,2010,2010:1,female,head,42.90569302317062,36,2,Fixed microbiome RF,Leave study out
