sample_id,age,study,group,sex,site,prediction,baseline,fold,model,validation
10317.000003638,58,10317,10317:c9e234a8b8023dc52f81b36210303deb253ee13dabc6022044eb5536429962a7f2dc5854ff06cadbb8969d2e2464fe3ed6ff0808a6c48037574abd2313962f88,female,head,45.95625,35,1,Microbiome RF,Participant-held-out nested CV
1841.F06478,20,1841,1841:CUB049,female,head,22.35625,35,4,Microbiome RF,Participant-held-out nested CV
1841.F06479,22,1841,1841:CUB040,male,head,26.05,35,2,Microbiome RF,Participant-held-out nested CV
1841.F06476,23,1841,1841:CUB056,male,head,23.8625,35,2,Microbiome RF,Participant-held-out nested CV
1841.F06474,22,1841,1841:CUB048,female,head,26.64375,35,1,Microbiome RF,Participant-held-out nested CV
1841.F06472,22,1841,1841:CUB007,female,head,22.34375,35,2,Microbiome RF,Participant-held-out nested CV
1841.F06471,21,1841,1841:CUB032,female,head,23.75625,35,0,Microbiome RF,Participant-held-out nested CV
10317.000087026,50,10317,10317:9556b26ba73292c840427f56d0913d9372bd8a0285daab53c83800b8972dbbba507f9182b997a497c8a055076429cf80e4a5a7c313c7b1a6d508774a769bb61d,male,hand,44.35,35,1,Microbiome RF,Participant-held-out nested CV
1841.F05357,20,1841,1841:NCS210,female,head,24.525,35,1,Microbiome RF,Participant-held-out nested CV
10317.000049806,66,10317,10317:4863e557347469643abb13187a4c07e6d82a136b7e8ada704bcc1c6ea30fc2961e36855c2dfe883650d88cef48ae1161802be7c3b874b5f003569b1f51adc309,female,head,44.84375,35,4,Microbiome RF,Participant-held-out nested CV
1841.F06380,36,1841,1841:CUB042,male,head,22.36875,35,0,Microbiome RF,Participant-held-out nested CV
1841.F06381,21,1841,1841:CUB012,female,head,26.35625,35,0,Microbiome RF,Participant-held-out nested CV
1841.F06382,23,1841,1841:CUB028,male,head,22.6,35,0,Microbiome RF,Participant-held-out nested CV
1841.F06384,21,1841,1841:CUB038,female,head,22.8625,35,2,Microbiome RF,Participant-held-out nested CV
1841.F06385,22,1841,1841:CUB048,female,head,25.225,35,1,Microbiome RF,Participant-held-out nested CV
1841.F06389,23,1841,1841:CUB053,female,head,26.58125,34,3,Microbiome RF,Participant-held-out nested CV
1841.F05947,18,1841,1841:NCS213,female,head,24.375,35,4,Microbiome RF,Participant-held-out nested CV
10317.000004984,61,10317,10317:4fcea5cd0a1bce2d5eabe662e771f90edf941650014bd56668c6086d789fa2cff4cfcf939a865e51ba74bb1cbabc385ec9acbcc1b41ee41e0ddd437171849719,female,head,44.05625,35,4,Microbiome RF,Participant-held-out nested CV
10317.000068792,39,10317,10317:0610dc25baabfb768bd6465f009077ba740694d1c37591ea165a6eed61b038ba1fd9167c4f0efbd5cd490953bcd66ea07e9d8b594234539c2e566f09dd0e4699,male,hand,37.85,34,3,Microbiome RF,Participant-held-out nested CV
1841.P15440,22,1841,1841:NCS202,female,hand,26.05,35,4,Microbiome RF,Participant-held-out nested CV
1841.F05659,20,1841,1841:CUB010,female,head,23.5125,35,4,Microbiome RF,Participant-held-out nested CV
1841.F05658,22,1841,1841:CUB016,female,head,25.2,35,2,Microbiome RF,Participant-held-out nested CV
1841.F05120,20,1841,1841:NAU110,female,head,29.925,34,3,Microbiome RF,Participant-held-out nested CV
1841.F05651,21,1841,1841:CUB029,male,head,23.1625,35,2,Microbiome RF,Participant-held-out nested CV
1841.F05650,20,1841,1841:CUB051,male,head,24.61875,34,3,Microbiome RF,Participant-held-out nested CV
1841.F05124,20,1841,1841:NAU110,female,head,29.35625,34,3,Microbiome RF,Participant-held-out nested CV
1841.F05126,21,1841,1841:NAU154,female,head,25.14375,35,1,Microbiome RF,Participant-held-out nested CV
1841.P16237,22,1841,1841:NAU130,female,hand,21.75625,35,0,Microbiome RF,Participant-held-out nested CV
1841.P16235,55,1841,1841:NAU149,male,hand,33.86875,35,1,Microbiome RF,Participant-held-out nested CV
1841.P16234,20,1841,1841:NAU121,female,hand,24.05,35,2,Microbiome RF,Participant-held-out nested CV
1841.P16497,22,1841,1841:NCS255,female,hand,21.79375,35,0,Microbiome RF,Participant-held-out nested CV
1841.P16496,27,1841,1841:NCS214,male,hand,26.025,35,2,Microbiome RF,Participant-held-out nested CV
1841.P16494,23,1841,1841:NCS203,female,hand,25.6875,35,2,Microbiome RF,Participant-held-out nested CV
1841.P16491,22,1841,1841:NCS212,female,hand,26.65,35,4,Microbiome RF,Participant-held-out nested CV
1841.P16499,23,1841,1841:NCS244,female,hand,24.25625,35,4,Microbiome RF,Participant-held-out nested CV
1841.F05564,30,1841,1841:NAU155,female,head,23.64375,35,2,Microbiome RF,Participant-held-out nested CV
1841.P15331,23,1841,1841:NCS243,male,hand,23.76875,35,1,Microbiome RF,Participant-held-out nested CV
1841.P15336,23,1841,1841:NCS203,female,hand,24.5,35,2,Microbiome RF,Participant-held-out nested CV
1841.P15145,19,1841,1841:NCS233,male,hand,24.3,35,2,Microbiome RF,Participant-held-out nested CV
1841.P15149,18,1841,1841:NCS213,female,hand,22.8625,35,4,Microbiome RF,Participant-held-out nested CV
2010.2652,26,2010,2010:33,female,head,27.0875,34,3,Microbiome RF,Participant-held-out nested CV
1841.F06045,23,1841,1841:NCS243,male,head,26.0625,35,1,Microbiome RF,Participant-held-out nested CV
1841.P15324,20,1841,1841:NCS263,male,hand,27.83125,35,1,Microbiome RF,Participant-held-out nested CV
1841.P15327,20,1841,1841:NCS210,female,hand,24.65,35,1,Microbiome RF,Participant-held-out nested CV
1841.P15320,23,1841,1841:NCS243,male,hand,25.25625,35,1,Microbiome RF,Participant-held-out nested CV
2010.1953,32,2010,2010:19,female,head,42.90625,34,3,Microbiome RF,Participant-held-out nested CV
2010.3168,31,2010,2010:43,female,head,37.10625,35,0,Microbiome RF,Participant-held-out nested CV
10317.000015209,60,10317,10317:f85c35ccb1de86d528e1bc924109d3f1ef2725eff131fffbb4f955f2bf62f99d01df00160e393e9c7ca1eba714fcb5547b4952bd7ca8fbba07e51e58be5c6410,unknown,hand,43.66875,35,2,Microbiome RF,Participant-held-out nested CV
10317.000020453,42,10317,10317:717a010ecae247e17c0d75cdc08151d79ef870155f338e469f89c0489311881fcd9a409c1f2f17cbfdb5c5e655cd7b7ba153016ff78cd3d0326a1da4bbbbe1b4,male,head,45.8875,35,1,Microbiome RF,Participant-held-out nested CV
1841.P16345,25,1841,1841:NAU157,male,hand,29.2,35,4,Microbiome RF,Participant-held-out nested CV
1841.F05825,20,1841,1841:NAU115,male,head,22.88125,34,3,Microbiome RF,Participant-held-out nested CV
1841.F05350,21,1841,1841:NCS247,unknown,head,23.78125,34,3,Microbiome RF,Participant-held-out nested CV
1841.F05351,22,1841,1841:NCS202,female,head,24.3125,35,4,Microbiome RF,Participant-held-out nested CV
1841.F05820,30,1841,1841:NAU108,female,head,38.43125,35,1,Microbiome RF,Participant-held-out nested CV
1841.F05821,55,1841,1841:NAU149,male,head,30.50625,35,1,Microbiome RF,Participant-held-out nested CV
1841.F05828,32,1841,1841:NAU102,unknown,head,22.7375,35,1,Microbiome RF,Participant-held-out nested CV
10317.000005565,53,10317,10317:2bbbda8f68f57e1c57d3e97ada9c16a61165e5a3a31f556df77429e4efca7c8de4a4dd989152a974f15603348945abd6a2335caec0d3d6fe9e7136e3865909bc,male,hand,44.275,35,2,Microbiome RF,Participant-held-out nested CV
10317.000005564,53,10317,10317:2bbbda8f68f57e1c57d3e97ada9c16a61165e5a3a31f556df77429e4efca7c8de4a4dd989152a974f15603348945abd6a2335caec0d3d6fe9e7136e3865909bc,male,head,44.10625,35,2,Microbiome RF,Participant-held-out nested CV
10317.000005566,53,10317,10317:2bbbda8f68f57e1c57d3e97ada9c16a61165e5a3a31f556df77429e4efca7c8de4a4dd989152a974f15603348945abd6a2335caec0d3d6fe9e7136e3865909bc,male,hand,43.33125,35,2,Microbiome RF,Participant-held-out nested CV
10317.000006913,50,10317,10317:9efe5bb96e044b67cb80fc4069443555b8751175a7004a0a040349274f4aeacaa0bdcc77fe15bf3b071a944c2c9d4c02decf67f559f2a2d31615e4e98ed3e904,unknown,head,41.38125,35,0,Microbiome RF,Participant-held-out nested CV
1841.P16557,20,1841,1841:CUB027,female,hand,22.23125,35,2,Microbiome RF,Participant-held-out nested CV
1841.P16554,20,1841,1841:CUB037,female,hand,24.89375,35,0,Microbiome RF,Participant-held-out nested CV
1841.P16555,20,1841,1841:CUB010,female,hand,23.4375,35,4,Microbiome RF,Participant-held-out nested CV
1841.P16550,20,1841,1841:CUB010,female,hand,23.53125,35,4,Microbiome RF,Participant-held-out nested CV
1841.P16003,23,1841,1841:CUB053,female,hand,24.95,34,3,Microbiome RF,Participant-held-out nested CV
1841.P16559,41,1841,1841:CUB050,female,hand,26.1875,35,0,Microbiome RF,Participant-held-out nested CV
10317.000004238,58,10317,10317:37d8f6f7e4e484018175eb77bb7510245502c3c3d85c9a1874de9d25b0c5fe27d21dbcbe36e8c6663360590a8287912cd7e945311f2e50e46afc4ca3b709cc02,male,head,44.38125,35,4,Microbiome RF,Participant-held-out nested CV
1841.F06139,22,1841,1841:CUB048,female,head,24.4375,35,1,Microbiome RF,Participant-held-out nested CV
10317.000004236,58,10317,10317:37d8f6f7e4e484018175eb77bb7510245502c3c3d85c9a1874de9d25b0c5fe27d21dbcbe36e8c6663360590a8287912cd7e945311f2e50e46afc4ca3b709cc02,male,hand,49.4125,35,4,Microbiome RF,Participant-held-out nested CV
10317.000004237,58,10317,10317:37d8f6f7e4e484018175eb77bb7510245502c3c3d85c9a1874de9d25b0c5fe27d21dbcbe36e8c6663360590a8287912cd7e945311f2e50e46afc4ca3b709cc02,male,hand,44.7125,35,4,Microbiome RF,Participant-held-out nested CV
10317.000068943,39,10317,10317:aa8c21f5078bc7371b21ffbe19854212c26e4ba8b087307ab121b615566704bf41428d321554791b675f216db7f7d1922190d57c119c58c01ff5e6a1b7a11da3,male,head,38.73125,35,1,Microbiome RF,Participant-held-out nested CV
10317.000049906,69,10317,10317:f468dfbfdc239f0e3bbe1de592c866535d2e70f74b05af2999cd5ac5b39818383c58a904146c605bc773f87fac2da08ddde7d4bedced3110d5c1d3b15657f73e,male,head,46.325,35,4,Microbiome RF,Participant-held-out nested CV
10317.000049240,56,10317,10317:bd91fc26c20a7652fc421fee2aa75624e4db7f68e0e4fde846745c30bb976e46e87f9660bdf0cea293a6b1ddf22122f6376d2be385445805fa204dd33e6dc905,male,hand,48.80625,35,1,Microbiome RF,Participant-held-out nested CV
10317.000049241,56,10317,10317:bd91fc26c20a7652fc421fee2aa75624e4db7f68e0e4fde846745c30bb976e46e87f9660bdf0cea293a6b1ddf22122f6376d2be385445805fa204dd33e6dc905,male,hand,44.3,35,1,Microbiome RF,Participant-held-out nested CV
1841.F06454,23,1841,1841:CUB053,female,head,29.225,34,3,Microbiome RF,Participant-held-out nested CV
1841.F06456,20,1841,1841:CUB036,female,head,24.81875,35,1,Microbiome RF,Participant-held-out nested CV
1841.F06452,21,1841,1841:CUB003,female,head,24.8625,35,4,Microbiome RF,Participant-held-out nested CV
1841.F06458,21,1841,1841:CUB026,male,head,24.925,35,4,Microbiome RF,Participant-held-out nested CV
1841.F06459,23,1841,1841:CUB028,male,head,23.275,35,0,Microbiome RF,Participant-held-out nested CV
1841.F05109,21,1841,1841:NAU124,female,head,21.3625,35,0,Microbiome RF,Participant-held-out nested CV
1841.F05106,37,1841,1841:NAU148,male,head,24.75,35,0,Microbiome RF,Participant-held-out nested CV
1841.F05105,22,1841,1841:NAU164,male,head,24.95,35,0,Microbiome RF,Participant-held-out nested CV
1841.F05104,20,1841,1841:NAU123,male,head,24.91875,35,2,Microbiome RF,Participant-held-out nested CV
1841.F05102,22,1841,1841:NAU164,male,head,27.575,35,0,Microbiome RF,Participant-held-out nested CV
2010.2046,34,2010,2010:25,female,head,35.4125,34,3,Microbiome RF,Participant-held-out nested CV
2010.1361,27,2010,2010:7,female,head,38.6625,35,1,Microbiome RF,Participant-held-out nested CV
10317.000010182,33,10317,10317:723b6b9cc65e7b32325680590272929f0ac00ca96b80b0fab7d4f3aa989891c4e461f3d54e5d04cec753535eff24d840aca7c4484f9aaf9507e8c09d37fc902b,unknown,head,40.86875,35,4,Microbiome RF,Participant-held-out nested CV
1841.P15124,18,1841,1841:NCS213,female,hand,24.1875,35,4,Microbiome RF,Participant-held-out nested CV
1841.P15125,19,1841,1841:NCS233,male,hand,28.1125,35,2,Microbiome RF,Participant-held-out nested CV
1841.P15122,27,1841,1841:NCS214,male,hand,28.6125,35,2,Microbiome RF,Participant-held-out nested CV
1841.P15121,18,1841,1841:NCS213,female,hand,23.0875,35,4,Microbiome RF,Participant-held-out nested CV
10317.000063344,29,10317,10317:e8fffa963380c63cba1d064de83b3a91000831ddbab3f8b56168ee1903063a0900f0a9b07f79b2f4a728ad7af62c82a718d51b95ccc1f12d6d1d3ce257c151f7,female,head,35.10625,35,2,Microbiome RF,Participant-held-out nested CV
1841.F06026,20,1841,1841:NCS210,female,head,26.0875,35,1,Microbiome RF,Participant-held-out nested CV
1841.P15693,20,1841,1841:CUB049,female,hand,22.5875,35,4,Microbiome RF,Participant-held-out nested CV
10317.000063164,29,10317,10317:03c0867966fe2299eb3b09291d5f0834310bdf5fceed9c9b7b397570bf8f2d2adaeb945c824ff0cb407abaf691b8173cfa03c4f8eb17e6dd9f6eda17502e66e4,male,head,34.84375,35,2,Microbiome RF,Participant-held-out nested CV
10317.000023128,41,10317,10317:d05b6995db48f6c9db978b1b5ca6e64fdb449b3a00c92813c529766f03bd685a588b170ad83cf571cc7835590556a3954f74f0426fa772dd2e7a9a365c327784,male,head,45.43125,35,1,Microbiome RF,Participant-held-out nested CV
1841.F05594,32,1841,1841:NAU150,female,head,25.3125,35,0,Microbiome RF,Participant-held-out nested CV
1841.F05595,21,1841,1841:NAU113,female,head,22.7875,34,3,Microbiome RF,Participant-held-out nested CV
1841.F05597,19,1841,1841:NAU107,female,head,22.675,34,3,Microbiome RF,Participant-held-out nested CV
1841.F05590,28,1841,1841:NAU103,female,head,28.525,35,1,Microbiome RF,Participant-held-out nested CV
1841.F05593,21,1841,1841:NAU153,female,head,22.475,35,1,Microbiome RF,Participant-held-out nested CV
1841.F05598,20,1841,1841:NAU123,male,head,24.375,35,2,Microbiome RF,Participant-held-out nested CV
1841.F05831,32,1841,1841:NAU150,female,head,25.05,35,0,Microbiome RF,Participant-held-out nested CV
10317.000015501,58,10317,10317:39bccde315a4d2e26bd21d11d8612666496433302b42a988f2e86dbe04d585b4ed30f82357ad21121e121b84ba5b37d2ecaf536b10e6faf7bae853217d2e1db6,male,hand,41.1875,35,2,Microbiome RF,Participant-held-out nested CV
10317.000015451,46,10317,10317:3483b70983107b3501a2fdeab0f7e00b06ec05b5a7afdf499c410267e4aa99ea36b3643db981cdf6f557435d6ff028c1059e2bc75261e6f468598f093fde8b72,male,hand,55.05,35,4,Microbiome RF,Participant-held-out nested CV
1841.F05373,19,1841,1841:NCS233,male,head,24.3375,35,2,Microbiome RF,Participant-held-out nested CV
10317.000002260,52,10317,10317:aa101e557d45d2c4a31a1d301fd4c574f8a5fc0833b116d35789d31262e1e05a55d401f9b79aeba4e9d3eba2940a8eb96f2f5b422ec59ccfd8c6811d9cd18c8d,female,head,42.03125,35,0,Microbiome RF,Participant-held-out nested CV
1841.P16574,20,1841,1841:CUB049,female,hand,22.58125,35,4,Microbiome RF,Participant-held-out nested CV
1841.P16576,21,1841,1841:CUB003,female,hand,27.09375,35,4,Microbiome RF,Participant-held-out nested CV
1841.P16577,29,1841,1841:CUB011,female,hand,22.85,35,4,Microbiome RF,Participant-held-out nested CV
1841.P16572,22,1841,1841:CUB040,male,hand,27.88125,35,2,Microbiome RF,Participant-held-out nested CV
10317.000014679,45,10317,10317:766b16ee6b65383664f73d4720f92c408604f3862a3ca0910ef13758df6833a4e132f7a6a180a0e66a7a0de4de722b7c7dcbbdfe09b051de250e1c70364291e9,female,head,40.28125,34,3,Microbiome RF,Participant-held-out nested CV
10317.000068979,34,10317,10317:39f71cf33f09de164d937b070afbdb0ae6316326fe838edc8aeebb9c941d1edd0c4b841e5e1b5c435cf9310595d4cb9a17a4d2777234628da9e9e7e1cc78e36f,male,head,37.075,35,0,Microbiome RF,Participant-held-out nested CV
1841.F06504,20,1841,1841:CUB037,female,head,22.46875,35,0,Microbiome RF,Participant-held-out nested CV
10317.000005637,32,10317,10317:8e6d5660e04b428afe96bc9b82f94ffbde8b593ec7e7a39e6d802ccde219bc29f29c18ff10e18b4c6a067ce34878d5cc2b0addc2b1e539d565c014f00b4d3452,unknown,hand,40.23125,35,0,Microbiome RF,Participant-held-out nested CV
10317.000005636,32,10317,10317:8e6d5660e04b428afe96bc9b82f94ffbde8b593ec7e7a39e6d802ccde219bc29f29c18ff10e18b4c6a067ce34878d5cc2b0addc2b1e539d565c014f00b4d3452,unknown,hand,38.0375,35,0,Microbiome RF,Participant-held-out nested CV
10317.000005634,32,10317,10317:8e6d5660e04b428afe96bc9b82f94ffbde8b593ec7e7a39e6d802ccde219bc29f29c18ff10e18b4c6a067ce34878d5cc2b0addc2b1e539d565c014f00b4d3452,unknown,head,38.34375,35,0,Microbiome RF,Participant-held-out nested CV
1841.P16544,20,1841,1841:CUB051,male,hand,29.68125,34,3,Microbiome RF,Participant-held-out nested CV
10317.000003410,49,10317,10317:d1910a1a76a8f78681bcb07a5bd97d35113c3770a82cd58a4cc41bbd0f24a54931c4699e445992cd3590ec9d1ae2db92ad3f118ade23b3ab902226bfb6b6915f,male,head,45.55625,35,0,Microbiome RF,Participant-held-out nested CV
1841.P16543,21,1841,1841:CUB020,female,hand,28.05625,34,3,Microbiome RF,Participant-held-out nested CV
1841.P16542,20,1841,1841:CUB008,male,hand,22.68125,35,4,Microbiome RF,Participant-held-out nested CV
1841.F05161,55,1841,1841:NAU149,male,head,30.225,35,1,Microbiome RF,Participant-held-out nested CV
1841.F05162,21,1841,1841:NAU161,male,head,23.94375,35,0,Microbiome RF,Participant-held-out nested CV
1841.P15972,21,1841,1841:CUB038,female,hand,25.14375,35,2,Microbiome RF,Participant-held-out nested CV
10317.000003207,56,10317,10317:8ce2fa4322344d737377931be840bf961f38b556f4fa437394b744900c1501895f7f56793071423d8af658d690902a9fb79c2d372eb011251cc952c8b26e075b,female,head,48.14375,35,1,Microbiome RF,Participant-held-out nested CV
2010.1566,35,2010,2010:9,female,head,38.99375,35,1,Microbiome RF,Participant-held-out nested CV
1841.F06551,20,1841,1841:CUB049,female,head,21.36875,35,4,Microbiome RF,Participant-held-out nested CV
1841.F06002,23,1841,1841:NCS243,male,head,22.83125,35,1,Microbiome RF,Participant-held-out nested CV
1841.F06552,21,1841,1841:CUB044,male,head,21.65,35,0,Microbiome RF,Participant-held-out nested CV
1841.F06555,20,1841,1841:CUB051,male,head,24.225,34,3,Microbiome RF,Participant-held-out nested CV
1841.F06006,21,1841,1841:NCS229,male,head,22.74375,35,1,Microbiome RF,Participant-held-out nested CV
1841.F06005,27,1841,1841:NCS253,female,head,29.225,35,2,Microbiome RF,Participant-held-out nested CV
1841.F06556,41,1841,1841:CUB050,female,head,26.7125,35,0,Microbiome RF,Participant-held-out nested CV
1841.F06559,21,1841,1841:CUB044,male,head,27.93125,35,0,Microbiome RF,Participant-held-out nested CV
1841.F06558,29,1841,1841:CUB011,female,head,23.86875,35,4,Microbiome RF,Participant-held-out nested CV
1841.F06009,23,1841,1841:NCS243,male,head,29.23125,35,1,Microbiome RF,Participant-held-out nested CV
1841.F06232,25,1841,1841:NAU157,male,head,23.15,35,4,Microbiome RF,Participant-held-out nested CV
1841.F06233,26,1841,1841:NAU146,female,head,26.26875,35,4,Microbiome RF,Participant-held-out nested CV
10317.000005159,29,10317,10317:80ed9beefa64e1af619f5d370d79a21b435d10677f5b936ec3554234d47090f2a865337c8ff29f55d3cfc78a4c4fcf22efe713697872112639889bda9805a03e,male,hand,46.36875,35,1,Microbiome RF,Participant-held-out nested CV
1841.P15435,19,1841,1841:NCS241,female,hand,23.9375,35,0,Microbiome RF,Participant-held-out nested CV
10317.000015151,25,10317,10317:bf103398cbf34d2fdf0ce89d2a4729ec061457ba078a27fff88e775557fa7a6206e6693e016f411dfc8700f10c5787107d76b31f1914db25cee356c3ffb2ee1c,male,hand,40.28125,35,4,Microbiome RF,Participant-held-out nested CV
1841.F05570,20,1841,1841:NAU121,female,head,21.83125,35,2,Microbiome RF,Participant-held-out nested CV
1841.F05571,30,1841,1841:NAU155,female,head,23.55,35,2,Microbiome RF,Participant-held-out nested CV
1841.F05576,30,1841,1841:NAU155,female,head,27.89375,35,2,Microbiome RF,Participant-held-out nested CV
1841.F05574,23,1841,1841:NAU100,male,head,25.3875,35,0,Microbiome RF,Participant-held-out nested CV
1841.F05844,55,1841,1841:NAU149,male,head,29.94375,35,1,Microbiome RF,Participant-held-out nested CV
2010.2215,23,2010,2010:31,female,head,35.91875,35,0,Microbiome RF,Participant-held-out nested CV
1841.F06482,21,1841,1841:CUB000,female,head,24.51875,35,2,Microbiome RF,Participant-held-out nested CV
10317.000041070,31,10317,10317:71e5fd7acb649ca95a67898db0fec25f330aaadd054f9606a2bf895d9748f5f2dbb072b66b2f8cbb341c64bf56f1d46adf1543d0cd7406a94c113f4c63d7e45a,female,hand,38.1,35,1,Microbiome RF,Participant-held-out nested CV
1841.F05409,22,1841,1841:NAU133,male,head,26.69375,34,3,Microbiome RF,Participant-held-out nested CV
1841.F06493,21,1841,1841:CUB000,female,head,25.71875,35,2,Microbiome RF,Participant-held-out nested CV
1841.F06494,21,1841,1841:CUB038,female,head,22.45,35,2,Microbiome RF,Participant-held-out nested CV
1841.F06495,22,1841,1841:CUB004,female,head,27.33125,35,4,Microbiome RF,Participant-held-out nested CV
1841.F06497,21,1841,1841:CUB000,female,head,22.4375,35,2,Microbiome RF,Participant-held-out nested CV
1841.F06498,20,1841,1841:CUB010,female,head,23.1,35,4,Microbiome RF,Participant-held-out nested CV
1841.F06499,20,1841,1841:CUB008,male,head,22.84375,35,4,Microbiome RF,Participant-held-out nested CV
1841.P15719,22,1841,1841:NAU133,male,hand,28.43125,34,3,Microbiome RF,Participant-held-out nested CV
1841.P15710,20,1841,1841:NAU123,male,hand,24.48125,35,2,Microbiome RF,Participant-held-out nested CV
1841.P15712,20,1841,1841:NAU110,female,hand,26.01875,34,3,Microbiome RF,Participant-held-out nested CV
1841.P15714,22,1841,1841:NAU130,female,hand,21.5125,35,0,Microbiome RF,Participant-held-out nested CV
1841.P15717,32,1841,1841:NAU150,female,hand,24.24375,35,0,Microbiome RF,Participant-held-out nested CV
1841.P15716,21,1841,1841:NAU154,female,hand,22.675,35,1,Microbiome RF,Participant-held-out nested CV
1841.F05145,20,1841,1841:NAU115,male,head,23.3,34,3,Microbiome RF,Participant-held-out nested CV
10317.000005219,40,10317,10317:1d0709acc0c4aa263f168023a3a96ba1e15b95b6c4da81b87f5ddab0fd7d047df0459ece7e25369bc5583a334c204f19a8ed16ff150ddaef72703a971dafa3b9,male,hand,41.86875,35,1,Microbiome RF,Participant-held-out nested CV
1841.P16439,23,1841,1841:NCS203,female,hand,28.39375,35,2,Microbiome RF,Participant-held-out nested CV
1841.P16383,21,1841,1841:NAU106,female,hand,22.875,35,4,Microbiome RF,Participant-held-out nested CV
1841.P16380,30,1841,1841:NAU108,female,hand,25.94375,35,1,Microbiome RF,Participant-held-out nested CV
1841.P16432,23,1841,1841:NCS243,male,hand,26.76875,35,1,Microbiome RF,Participant-held-out nested CV
1841.P16435,22,1841,1841:NCS255,female,hand,22.21875,35,0,Microbiome RF,Participant-held-out nested CV
1841.P16436,20,1841,1841:NCS263,male,hand,24.44375,35,1,Microbiome RF,Participant-held-out nested CV
10317.000049828,37,10317,10317:810a1cfb40a1b8da310e777113e7a6fa79ef435b2348c768e4213fd5c5dc7e3b2dfebad107eeb75d35a31c7a30a00b8e06c8bf1e32f03c95301328ac8be56fbf,male,head,44.75,35,0,Microbiome RF,Participant-held-out nested CV
1841.P15325,20,1841,1841:NCS210,female,hand,24.93125,35,1,Microbiome RF,Participant-held-out nested CV
1841.F05050,20,1841,1841:NCS210,female,head,23.04375,35,1,Microbiome RF,Participant-held-out nested CV
1841.F05507,25,1841,1841:NAU157,male,head,26.325,35,4,Microbiome RF,Participant-held-out nested CV
1841.F05505,20,1841,1841:NAU115,male,head,22.6,34,3,Microbiome RF,Participant-held-out nested CV
1841.F06441,20,1841,1841:CUB027,female,head,24.0,35,2,Microbiome RF,Participant-held-out nested CV
1841.F06440,20,1841,1841:CUB027,female,head,22.7875,35,2,Microbiome RF,Participant-held-out nested CV
10317.000015976,66,10317,10317:414c5f35ed69875718a4e654e86d9ae09236801e1b9600a2d4851f548bd46eec37144f9d5a5816365a76c4dcc4550e15afddf35bb18d7f072fece2fae39cd58b,male,head,47.08125,35,1,Microbiome RF,Participant-held-out nested CV
1841.F06577,36,1841,1841:CUB042,male,head,30.4,35,0,Microbiome RF,Participant-held-out nested CV
1841.F06575,21,1841,1841:CUB044,male,head,23.36875,35,0,Microbiome RF,Participant-held-out nested CV
1841.F06573,21,1841,1841:CUB038,female,head,22.41875,35,2,Microbiome RF,Participant-held-out nested CV
1841.F06570,20,1841,1841:CUB036,female,head,22.0,35,1,Microbiome RF,Participant-held-out nested CV
10317.000063308,25,10317,10317:42aad521c038df949fad8060826afdde769401bb8b33ad632fd3209cd6d04c4e5106446ce4aef7bc16b30a904ca2d9896b24cf2ebff3881ae31264873b61c661,male,head,37.7375,35,4,Microbiome RF,Participant-held-out nested CV
1841.F06579,21,1841,1841:CUB033,female,head,24.11875,35,2,Microbiome RF,Participant-held-out nested CV
10317.000007695,53,10317,10317:2001cd96b41443702fff754af1697cfbdfad013781990354ba66abf4ba4c1619b3b03ab3cbeff986588254af06fd1bb16cb541da65af96468b507f8eedd4e51f,female,hand,37.26875,34,3,Microbiome RF,Participant-held-out nested CV
10317.000007696,53,10317,10317:2001cd96b41443702fff754af1697cfbdfad013781990354ba66abf4ba4c1619b3b03ab3cbeff986588254af06fd1bb16cb541da65af96468b507f8eedd4e51f,female,hand,40.6625,34,3,Microbiome RF,Participant-held-out nested CV
1841.P15385,22,1841,1841:NCS255,female,hand,22.15,35,0,Microbiome RF,Participant-held-out nested CV
1841.P15383,20,1841,1841:NCS263,male,hand,26.7625,35,1,Microbiome RF,Participant-held-out nested CV
2010.1488,27,2010,2010:1,female,head,40.95,35,2,Microbiome RF,Participant-held-out nested CV
2010.3272,31,2010,2010:43,female,head,39.7625,35,0,Microbiome RF,Participant-held-out nested CV
1841.F05086,23,1841,1841:NCS244,female,head,22.40625,35,4,Microbiome RF,Participant-held-out nested CV
10317.000048946,25,10317,10317:fd658c211decf8560568703bb1621dc7ab2972b0403502579cb6058df268644a35e2777929b99fcec24a21c8dac8e433694e070c10166c3c162dc7d93491b7c9,unknown,hand,44.23125,34,3,Microbiome RF,Participant-held-out nested CV
10317.000048947,25,10317,10317:fd658c211decf8560568703bb1621dc7ab2972b0403502579cb6058df268644a35e2777929b99fcec24a21c8dac8e433694e070c10166c3c162dc7d93491b7c9,unknown,head,40.65625,34,3,Microbiome RF,Participant-held-out nested CV
1841.P15520,20,1841,1841:NAU110,female,hand,31.09375,34,3,Microbiome RF,Participant-held-out nested CV
1841.P15521,21,1841,1841:NAU106,female,hand,26.46875,35,4,Microbiome RF,Participant-held-out nested CV
1841.P15525,19,1841,1841:NAU107,female,hand,25.06875,34,3,Microbiome RF,Participant-held-out nested CV
1841.P15528,20,1841,1841:NAU141,female,hand,27.35625,35,2,Microbiome RF,Participant-held-out nested CV
1841.F05553,20,1841,1841:NAU110,female,head,28.2375,34,3,Microbiome RF,Participant-held-out nested CV
1841.F05554,21,1841,1841:NAU140,female,head,24.63125,34,3,Microbiome RF,Participant-held-out nested CV
1841.F05555,21,1841,1841:NAU161,male,head,23.2125,35,0,Microbiome RF,Participant-held-out nested CV
10317.000014492,38,10317,10317:8167c948b0e4857e3fbff706939d373dfab22f6bc351971e2c12e88b854e32580973e05481786c5d02d11e4a9e8f81f300e8ce5b8120172a96b4e37d555a8c90,male,head,42.1125,35,2,Microbiome RF,Participant-held-out nested CV
1841.F06464,20,1841,1841:CUB036,female,head,23.26875,35,1,Microbiome RF,Participant-held-out nested CV
1841.F05882,21,1841,1841:NAU151,male,head,23.91875,35,2,Microbiome RF,Participant-held-out nested CV
1841.F05881,25,1841,1841:NAU157,male,head,23.04375,35,4,Microbiome RF,Participant-held-out nested CV
1841.F05889,33,1841,1841:NAU144,male,head,26.0125,35,0,Microbiome RF,Participant-held-out nested CV
10317.000041057,33,10317,10317:cc7a72730c7716b41648ac90728f72eb759bd32caaa07b60e4db721abd907a2e38b19314c602ce3a7b19a7634037bd360e4d54c532513a267152129589e536de,male,hand,37.55625,35,0,Microbiome RF,Participant-held-out nested CV
1841.F06461,20,1841,1841:CUB037,female,head,22.325,35,0,Microbiome RF,Participant-held-out nested CV
1841.P16066,20,1841,1841:NAU110,female,hand,28.75625,34,3,Microbiome RF,Participant-held-out nested CV
10317.000003105,30,10317,10317:5917a22ca19367d0c27accc713d8781a073c9c1934d011ac6932648afb15315a7093a032134132de091a4406951dc0cf1616e1458c99936fe5356f19385255c0,male,head,44.68125,35,1,Microbiome RF,Participant-held-out nested CV
10317.000012153,39,10317,10317:11a164f633168118e0565026872fa35afedfe2bae4497973a70320675455a4b33dc3ad7a7c30d5087e7928b80c4f712a6b4192465f4342ce940fa7e45758084d,female,hand,39.325,35,2,Microbiome RF,Participant-held-out nested CV
1841.P16473,19,1841,1841:NCS233,male,hand,23.55,35,2,Microbiome RF,Participant-held-out nested CV
1841.P15737,19,1841,1841:NAU107,female,hand,21.75625,34,3,Microbiome RF,Participant-held-out nested CV
1841.P15735,21,1841,1841:NAU124,female,hand,21.25625,35,0,Microbiome RF,Participant-held-out nested CV
10317.000068781,27,10317,10317:81381621a969782bdf9c1f120f5b0aff5f61963b498785f38baad9308e26b0be6260f7823e90d20fd377699c2619a523364a2456157fdbfffc70dd29d0b09941,male,hand,37.325,34,3,Microbiome RF,Participant-held-out nested CV
1841.P15733,21,1841,1841:NAU161,male,hand,21.83125,35,0,Microbiome RF,Participant-held-out nested CV
1841.P15731,22,1841,1841:NAU133,male,hand,23.25,34,3,Microbiome RF,Participant-held-out nested CV
10317.000010809,63,10317,10317:4f1f526cf557e60e9ce5eb0de9d3dd98225fb7747813f64b3d82c6051d735e3b82dfb7abb4f089fb6d86848d907502d663cb4d69dad26574b00e58d0fc884610,male,head,43.7375,35,4,Microbiome RF,Participant-held-out nested CV
1841.F06212,20,1841,1841:NAU115,male,head,23.1,34,3,Microbiome RF,Participant-held-out nested CV
1841.F06216,20,1841,1841:NAU121,female,head,22.5,35,2,Microbiome RF,Participant-held-out nested CV
1841.F06215,20,1841,1841:NAU123,male,head,22.95,35,2,Microbiome RF,Participant-held-out nested CV
1841.P15006,21,1841,1841:CUB032,female,hand,24.45,35,0,Microbiome RF,Participant-held-out nested CV
10317.000005235,55,10317,10317:45e54011490a1e8319d45ba35b5c9c687e4ec395fd00d5bd3b927f21b897135e002c9c488ced29f5644e9cc87c9d6d420ce68c9a95f88b151cd7a4c6182ead64,male,hand,38.89375,34,3,Microbiome RF,Participant-held-out nested CV
10317.000015057,80,10317,10317:8dd14dd80ae9b69218b4942e80486ca4299a19f9342258835b868633bfa7bff6581b9102dd034b2a58f5ea1a74b8a2ec5b06b38aca104935d0e20a6925b670f2,unknown,head,49.09375,35,0,Microbiome RF,Participant-held-out nested CV
10317.000068986,34,10317,10317:39f71cf33f09de164d937b070afbdb0ae6316326fe838edc8aeebb9c941d1edd0c4b841e5e1b5c435cf9310595d4cb9a17a4d2777234628da9e9e7e1cc78e36f,male,hand,38.39375,35,0,Microbiome RF,Participant-held-out nested CV
10317.000002497,37,10317,10317:247ebb14f6dfcf8839f209aeb66c1f16f579162fc35aab08f18db6328b9ebbe7785cbc9394ed8d5c92ea65a93f9129469fbd86e96009e7e4f2ac54540bbf9d4f,male,head,40.675,35,2,Microbiome RF,Participant-held-out nested CV
1841.P16419,22,1841,1841:NCS212,female,hand,25.0,35,4,Microbiome RF,Participant-held-out nested CV
1841.P16417,22,1841,1841:NCS255,female,hand,21.19375,35,0,Microbiome RF,Participant-held-out nested CV
1841.P16414,23,1841,1841:NCS203,female,hand,25.3875,35,2,Microbiome RF,Participant-held-out nested CV
1841.P16413,27,1841,1841:NCS253,female,hand,27.19375,35,2,Microbiome RF,Participant-held-out nested CV
1841.P16411,22,1841,1841:NCS212,female,hand,23.21875,35,4,Microbiome RF,Participant-held-out nested CV
2010.2027,34,2010,2010:25,female,head,33.83125,34,3,Microbiome RF,Participant-held-out nested CV
2010.1617,28,2010,2010:13,female,head,39.00625,35,4,Microbiome RF,Participant-held-out nested CV
1841.F06309,21,1841,1841:CUB003,female,head,24.03125,35,4,Microbiome RF,Participant-held-out nested CV
1841.P16579,21,1841,1841:CUB044,male,hand,22.81875,35,0,Microbiome RF,Participant-held-out nested CV
1841.F05648,21,1841,1841:CUB012,female,head,27.225,35,0,Microbiome RF,Participant-held-out nested CV
1841.F05646,36,1841,1841:CUB042,male,head,34.20625,35,0,Microbiome RF,Participant-held-out nested CV
1841.F06519,21,1841,1841:CUB012,female,head,23.80625,35,0,Microbiome RF,Participant-held-out nested CV
10317.000063327,36,10317,10317:5cac11f98d016720bf90c511d008405a6bd9d9a9f5d68939414a0cad29cedd0b2aba4673b7615fc76fb17b76523634ebb166e93c77804249ebc70ba37d6de287,female,hand,34.2,35,0,Microbiome RF,Participant-held-out nested CV
1841.F06514,36,1841,1841:CUB042,male,head,29.675,35,0,Microbiome RF,Participant-held-out nested CV
1841.F06517,20,1841,1841:CUB005,female,head,23.8,35,4,Microbiome RF,Participant-held-out nested CV
10317.000036462,38,10317,10317:da8f8a7d664c63431a657d0d888c46bf1f7bec532219c7d97227d8de3bc94ea035161f6a5e94118648a14d399a93b7d0e7cb68f1add742cb0d0d825f410a501d,male,hand,42.21875,35,4,Microbiome RF,Participant-held-out nested CV
1841.F06510,21,1841,1841:CUB000,female,head,26.9625,35,2,Microbiome RF,Participant-held-out nested CV
10317.000063320,36,10317,10317:5cac11f98d016720bf90c511d008405a6bd9d9a9f5d68939414a0cad29cedd0b2aba4673b7615fc76fb17b76523634ebb166e93c77804249ebc70ba37d6de287,female,head,36.38125,35,0,Microbiome RF,Participant-held-out nested CV
10317.000034638,64,10317,10317:b03b7d707e125ba38f6ae4345eb6389f63c2caed719f3d69552e392dbe3d40c17b9f8b97c1e801df3731171dea8ebdb990b7f88d87da78c626beccba0003cf7f,female,head,42.925,35,0,Microbiome RF,Participant-held-out nested CV
10317.000034639,64,10317,10317:b03b7d707e125ba38f6ae4345eb6389f63c2caed719f3d69552e392dbe3d40c17b9f8b97c1e801df3731171dea8ebdb990b7f88d87da78c626beccba0003cf7f,female,hand,41.49375,35,0,Microbiome RF,Participant-held-out nested CV
10317.000063188,38,10317,10317:441ac85e1bd02fd74bfe5cd7d33fc7e79af9e5986e7d55e177b00f2dadef7b37442c83e626aa9eec53feaf0e250a42f14f03b147a269cd1c57142e99e994ff08,male,head,40.2125,35,4,Microbiome RF,Participant-held-out nested CV
2010.2255,22,2010,2010:27,female,head,36.90625,35,0,Microbiome RF,Participant-held-out nested CV
1841.F05826,20,1841,1841:NAU123,male,head,22.81875,35,2,Microbiome RF,Participant-held-out nested CV
1841.P15504,20,1841,1841:CUB010,female,hand,23.84375,35,4,Microbiome RF,Participant-held-out nested CV
1841.P15505,22,1841,1841:NAU137,female,hand,22.025,35,1,Microbiome RF,Participant-held-out nested CV
1841.P15506,20,1841,1841:NAU115,male,hand,23.4,34,3,Microbiome RF,Participant-held-out nested CV
1841.P15507,32,1841,1841:NAU102,unknown,hand,23.00625,35,1,Microbiome RF,Participant-held-out nested CV
1841.F05536,28,1841,1841:NAU103,female,head,24.09375,35,1,Microbiome RF,Participant-held-out nested CV
1841.F05537,30,1841,1841:NAU108,female,head,24.7125,35,1,Microbiome RF,Participant-held-out nested CV
1841.F05532,22,1841,1841:NAU130,female,head,21.1375,35,0,Microbiome RF,Participant-held-out nested CV
1841.F05533,22,1841,1841:NAU116,male,head,23.45,34,3,Microbiome RF,Participant-held-out nested CV
1841.F05530,21,1841,1841:NAU106,female,head,25.60625,35,4,Microbiome RF,Participant-held-out nested CV
1841.F05531,20,1841,1841:NAU141,female,head,23.725,35,2,Microbiome RF,Participant-held-out nested CV
10317.000005361,67,10317,10317:673c8ce01f6c4b5120fb00380499db5eeb6a2fb55f33a66a36d79a28f321105b432b54532ecd02900640e027e6baa65fe94b194fa11f3a0eaf97f6abf95c9417,unknown,hand,39.225,35,2,Microbiome RF,Participant-held-out nested CV
1841.F05656,21,1841,1841:CUB044,male,head,27.58125,35,0,Microbiome RF,Participant-held-out nested CV
10317.000068818,23,10317,10317:aa700130bf2ad84f7dfbd70f11a1ed544685dac3b0af8c4231219413d86330f5973915da8180c4eaa587cffc3aa156c9dafbf597461ddd6251fef35831bd365a,male,hand,38.5375,35,4,Microbiome RF,Participant-held-out nested CV
1841.P16088,22,1841,1841:NAU133,male,hand,24.5375,34,3,Microbiome RF,Participant-held-out nested CV
1841.P16089,20,1841,1841:NAU123,male,hand,29.49375,35,2,Microbiome RF,Participant-held-out nested CV
1841.P16085,20,1841,1841:NAU115,male,hand,22.03125,34,3,Microbiome RF,Participant-held-out nested CV
1841.P16086,20,1841,1841:NAU110,female,hand,27.35,34,3,Microbiome RF,Participant-held-out nested CV
1841.P16081,22,1841,1841:NAU137,female,hand,23.15,35,1,Microbiome RF,Participant-held-out nested CV
1841.P16083,22,1841,1841:NAU164,male,hand,30.34375,35,0,Microbiome RF,Participant-held-out nested CV
10317.000048369,30,10317,10317:0c2dd9543685a21b0e6e26055bb6623e91dd2d77a34a450a1f4c666e6c8726990361f37c3c84c16b86b8d7ac7ac715d380ccc2006772a5e62b5bda6c41b96f13,male,head,39.18125,35,0,Microbiome RF,Participant-held-out nested CV
2010.1288,34,2010,2010:5,female,head,38.5125,35,0,Microbiome RF,Participant-held-out nested CV
2010.1420,35,2010,2010:9,female,head,35.2375,35,1,Microbiome RF,Participant-held-out nested CV
10317.000003167,56,10317,10317:ca3c1391f1ca6877569a02ad1a4bb08ec17ce43eb36e67a75c7021c818e8b0fc35d4d9d4f88d36031ef5d86fe5d42f004195994d262cc11012d12140268e85ba,male,hand,46.0875,35,0,Microbiome RF,Participant-held-out nested CV
1841.F06181,29,1841,1841:CUB011,female,head,25.475,35,4,Microbiome RF,Participant-held-out nested CV
1841.F06186,36,1841,1841:CUB042,male,head,28.375,35,0,Microbiome RF,Participant-held-out nested CV
1841.P15757,20,1841,1841:NAU123,male,hand,22.7375,35,2,Microbiome RF,Participant-held-out nested CV
1841.P15975,21,1841,1841:CUB032,female,hand,22.03125,35,0,Microbiome RF,Participant-held-out nested CV
1841.P15753,22,1841,1841:NAU137,female,hand,23.41875,35,1,Microbiome RF,Participant-held-out nested CV
1841.P15976,21,1841,1841:CUB000,female,hand,26.6375,35,2,Microbiome RF,Participant-held-out nested CV
1841.P15978,22,1841,1841:CUB048,female,hand,25.9125,35,1,Microbiome RF,Participant-held-out nested CV
1841.P15759,20,1841,1841:NAU119,male,hand,22.2625,35,1,Microbiome RF,Participant-held-out nested CV
1841.P16000,21,1841,1841:CUB029,male,hand,24.25625,35,2,Microbiome RF,Participant-held-out nested CV
10317.000063296,26,10317,10317:9a079253652d16fa017050fd68017b646c3c734b4c96ca593236c537806682233e513b33fb850475266ef28a5c34e9297ffbd213ef416263b306bfae257d1aef,male,head,38.025,35,1,Microbiome RF,Participant-held-out nested CV
1841.P15962,36,1841,1841:CUB042,male,hand,29.80625,35,0,Microbiome RF,Participant-held-out nested CV
1841.P15747,20,1841,1841:NAU121,female,hand,25.46875,35,2,Microbiome RF,Participant-held-out nested CV
1841.P15966,29,1841,1841:CUB011,female,hand,23.19375,35,4,Microbiome RF,Participant-held-out nested CV
10317.000015381,34,10317,10317:88f4fbcf0ceb456e7f8e8447af039f0dc2670ad52972600d23a04b60152370409f6b57086023803ce52591376f998806f80e260d50d06764bbb66d26d1b5553e,female,hand,38.23125,34,3,Microbiome RF,Participant-held-out nested CV
10317.000015383,34,10317,10317:88f4fbcf0ceb456e7f8e8447af039f0dc2670ad52972600d23a04b60152370409f6b57086023803ce52591376f998806f80e260d50d06764bbb66d26d1b5553e,female,head,38.825,34,3,Microbiome RF,Participant-held-out nested CV
10317.000015382,34,10317,10317:88f4fbcf0ceb456e7f8e8447af039f0dc2670ad52972600d23a04b60152370409f6b57086023803ce52591376f998806f80e260d50d06764bbb66d26d1b5553e,female,hand,41.5875,34,3,Microbiome RF,Participant-held-out nested CV
1841.F05274,21,1841,1841:NAU106,female,head,28.49375,35,4,Microbiome RF,Participant-held-out nested CV
1841.F05276,24,1841,1841:NAU109,male,head,26.19375,35,2,Microbiome RF,Participant-held-out nested CV
1841.F05279,20,1841,1841:NAU123,male,head,22.94375,35,2,Microbiome RF,Participant-held-out nested CV
1841.F05278,24,1841,1841:NAU109,male,head,25.725,35,2,Microbiome RF,Participant-held-out nested CV
10317.000009093,35,10317,10317:360142d429f5a04200879be165fb723bf12539081381440cf759835fb3170ff29aaa9a46fc10cd08978857e2a1b86e035e65a80f5deb8234c611dcce54708792,male,head,39.9875,35,1,Microbiome RF,Participant-held-out nested CV
10317.000069111,29,10317,10317:03c0867966fe2299eb3b09291d5f0834310bdf5fceed9c9b7b397570bf8f2d2adaeb945c824ff0cb407abaf691b8173cfa03c4f8eb17e6dd9f6eda17502e66e4,male,head,31.4375,35,2,Microbiome RF,Participant-held-out nested CV
10317.000069118,29,10317,10317:03c0867966fe2299eb3b09291d5f0834310bdf5fceed9c9b7b397570bf8f2d2adaeb945c824ff0cb407abaf691b8173cfa03c4f8eb17e6dd9f6eda17502e66e4,male,hand,33.35625,35,2,Microbiome RF,Participant-held-out nested CV
1841.P16475,23,1841,1841:NCS244,female,hand,22.55625,35,4,Microbiome RF,Participant-held-out nested CV
1841.P16477,20,1841,1841:NCS263,male,hand,23.9375,35,1,Microbiome RF,Participant-held-out nested CV
10317.000066824,29,10317,10317:7f8b5599423e74bb4268af85d143fbeed68370b2eaa79f6e6facbcf10974040d6ef4afefb5ff2aab1f618ba97f2eecc39b0621fb60a556425670ca9606d4aa0c,male,head,34.79375,35,2,Microbiome RF,Participant-held-out nested CV
1841.F06543,20,1841,1841:CUB010,female,head,22.91875,35,4,Microbiome RF,Participant-held-out nested CV
1841.F06247,21,1841,1841:NAU124,female,head,25.85,35,0,Microbiome RF,Participant-held-out nested CV
1841.F06533,20,1841,1841:CUB008,male,head,22.81875,35,4,Microbiome RF,Participant-held-out nested CV
1841.F06532,22,1841,1841:CUB016,female,head,21.5,35,2,Microbiome RF,Participant-held-out nested CV
1841.F06531,21,1841,1841:CUB026,male,head,23.81875,35,4,Microbiome RF,Participant-held-out nested CV
1841.F06530,22,1841,1841:CUB004,female,head,25.2375,35,4,Microbiome RF,Participant-held-out nested CV
1841.F06537,41,1841,1841:CUB050,female,head,28.38125,35,0,Microbiome RF,Participant-held-out nested CV
1841.F06536,20,1841,1841:CUB037,female,head,21.76875,35,0,Microbiome RF,Participant-held-out nested CV
1841.F06534,21,1841,1841:CUB033,female,head,25.925,35,2,Microbiome RF,Participant-held-out nested CV
1841.F06539,23,1841,1841:CUB053,female,head,23.875,34,3,Microbiome RF,Participant-held-out nested CV
1841.F06538,20,1841,1841:CUB049,female,head,23.19375,35,4,Microbiome RF,Participant-held-out nested CV
10317.000049908,69,10317,10317:f468dfbfdc239f0e3bbe1de592c866535d2e70f74b05af2999cd5ac5b39818383c58a904146c605bc773f87fac2da08ddde7d4bedced3110d5c1d3b15657f73e,male,hand,41.91875,35,4,Microbiome RF,Participant-held-out nested CV
1841.P15566,30,1841,1841:NAU155,female,hand,28.06875,35,2,Microbiome RF,Participant-held-out nested CV
1841.P15567,22,1841,1841:NAU164,male,hand,23.725,35,0,Microbiome RF,Participant-held-out nested CV
1841.P15562,21,1841,1841:NAU161,male,hand,23.8625,35,0,Microbiome RF,Participant-held-out nested CV
1841.P15561,21,1841,1841:NAU106,female,hand,24.75,35,4,Microbiome RF,Participant-held-out nested CV
1841.F05519,20,1841,1841:NAU119,male,head,23.4,35,1,Microbiome RF,Participant-held-out nested CV
1841.F05514,20,1841,1841:NAU119,male,head,22.175,35,1,Microbiome RF,Participant-held-out nested CV
1841.F05515,20,1841,1841:NAU110,female,head,29.375,34,3,Microbiome RF,Participant-held-out nested CV
1841.F05510,24,1841,1841:NAU109,male,head,25.425,35,2,Microbiome RF,Participant-held-out nested CV
1841.F05513,20,1841,1841:NAU119,male,head,22.4375,35,1,Microbiome RF,Participant-held-out nested CV
10317.000005597,74,10317,10317:7ba032cf20a095821627a110ab26bb5c1b92a9eec7dc65f29d2b0b7c0f2dece8e620882864fff5d7d829b5d72d5061c1b402d6fba6e4e8a623373670f402b87e,male,hand,44.33125,35,2,Microbiome RF,Participant-held-out nested CV
1841.F05436,20,1841,1841:NAU110,female,head,30.2125,34,3,Microbiome RF,Participant-held-out nested CV
10317.000008202,47,10317,10317:7cc5c069db6eab6ca70adb3c38c792d60541ae6bc238d37452ba179cd855f4eef887ff1ee7a82c8e3ed38d80f5ec6216acf1971f02f4a9426720ed8515710296,male,head,42.55625,35,4,Microbiome RF,Participant-held-out nested CV
10317.000008200,46,10317,10317:48d391496558e01a0104b2b5a59686340e1e6a0399c13717e18c37dc683db8cf9db7b16ae3e331f1f78373cf02cfc7c9565ca3f6b2d6eae259d9401e7d93b863,female,head,40.93125,35,4,Microbiome RF,Participant-held-out nested CV
1841.F05438,22,1841,1841:NAU164,male,head,23.66875,35,0,Microbiome RF,Participant-held-out nested CV
1841.P15967,20,1841,1841:CUB005,female,hand,27.36875,35,4,Microbiome RF,Participant-held-out nested CV
2010.1402,27,2010,2010:1,female,head,41.1875,35,2,Microbiome RF,Participant-held-out nested CV
10317.000015186,26,10317,10317:cb8ea224a3bb7ef53bf08da62860c079b5996441cbbb6ef11fbe09454172198e57a65569937d0e57c98a2327cfe4b04a55969cdda8eed8fc5f998c2468e4920a,male,hand,39.53125,35,2,Microbiome RF,Participant-held-out nested CV
10317.000015188,26,10317,10317:cb8ea224a3bb7ef53bf08da62860c079b5996441cbbb6ef11fbe09454172198e57a65569937d0e57c98a2327cfe4b04a55969cdda8eed8fc5f998c2468e4920a,male,head,40.00625,35,2,Microbiome RF,Participant-held-out nested CV
10317.000009107,36,10317,10317:537aafb62a3a3b2aaa192863f0b56d8fa9e292bcf83e78ffff10ffa372470a7d9db35cb40b3e2ab58fbc446c04a2e5b7b934e0feab0f0dce92c02f9e59476330,male,head,38.75625,35,4,Microbiome RF,Participant-held-out nested CV
10317.000063284,29,10317,10317:c78075767b35e039a0b606f8a727e3fc3e2823715abe6a1c7c9956e664a6ff667e1ed5a2426907b56b3a7776221005afb7b5f38d5a651d25074abdbea76cec2f,male,head,37.96875,35,2,Microbiome RF,Participant-held-out nested CV
1841.P15957,20,1841,1841:CUB010,female,hand,21.875,35,4,Microbiome RF,Participant-held-out nested CV
1841.P15956,21,1841,1841:CUB033,female,hand,22.65625,35,2,Microbiome RF,Participant-held-out nested CV
1841.P15955,22,1841,1841:CUB040,male,hand,22.94375,35,2,Microbiome RF,Participant-held-out nested CV
1841.P15954,20,1841,1841:CUB008,male,hand,23.20625,35,4,Microbiome RF,Participant-held-out nested CV
1841.P15951,22,1841,1841:CUB048,female,hand,26.85,35,1,Microbiome RF,Participant-held-out nested CV
1841.P15770,30,1841,1841:NAU155,female,hand,25.0875,35,2,Microbiome RF,Participant-held-out nested CV
1841.P15777,20,1841,1841:NAU121,female,hand,23.9125,35,2,Microbiome RF,Participant-held-out nested CV
1841.P15959,21,1841,1841:CUB029,male,hand,25.49375,35,2,Microbiome RF,Participant-held-out nested CV
1841.F06259,20,1841,1841:NAU121,female,head,24.35625,35,2,Microbiome RF,Participant-held-out nested CV
1841.F06254,20,1841,1841:NAU123,male,head,23.45,35,2,Microbiome RF,Participant-held-out nested CV
1841.P15569,20,1841,1841:NAU121,female,hand,23.65,35,2,Microbiome RF,Participant-held-out nested CV
1841.F06252,22,1841,1841:NAU137,female,head,23.325,35,1,Microbiome RF,Participant-held-out nested CV
1841.F06253,20,1841,1841:NAU121,female,head,23.25,35,2,Microbiome RF,Participant-held-out nested CV
1841.F06250,20,1841,1841:NAU121,female,head,24.375,35,2,Microbiome RF,Participant-held-out nested CV
1841.P15563,20,1841,1841:NAU121,female,hand,23.4125,35,2,Microbiome RF,Participant-held-out nested CV
2010.2602,21,2010,2010:35,female,head,33.98125,35,0,Microbiome RF,Participant-held-out nested CV
1841.F06093,23,1841,1841:NCS244,female,head,23.94375,35,4,Microbiome RF,Participant-held-out nested CV
10317.000029543,48,10317,10317:c86071d17549b1edea0c1ee4fd08d1f8f445ff93e7557a199712b7b28cc1547cf0bf2fbe6c28e355b5a962568aa61b5f158ed2022969d51ccb413287f708fe10,female,head,40.825,35,2,Microbiome RF,Participant-held-out nested CV
1841.F05250,19,1841,1841:NAU107,female,head,28.4,34,3,Microbiome RF,Participant-held-out nested CV
1841.F05258,33,1841,1841:NAU144,male,head,24.2125,35,0,Microbiome RF,Participant-held-out nested CV
1841.F06052,22,1841,1841:NCS212,female,head,23.06875,35,4,Microbiome RF,Participant-held-out nested CV
1841.P16329,30,1841,1841:NAU108,female,hand,22.975,35,1,Microbiome RF,Participant-held-out nested CV
1841.P16328,30,1841,1841:NAU108,female,hand,43.29375,35,1,Microbiome RF,Participant-held-out nested CV
1841.P16321,25,1841,1841:NAU157,male,hand,23.99375,35,4,Microbiome RF,Participant-held-out nested CV
1841.P16320,33,1841,1841:NAU144,male,hand,21.4875,35,0,Microbiome RF,Participant-held-out nested CV
1841.P16451,22,1841,1841:NAU130,female,hand,22.025,35,0,Microbiome RF,Participant-held-out nested CV
1841.P16322,21,1841,1841:NAU161,male,hand,21.775,35,0,Microbiome RF,Participant-held-out nested CV
1841.P16325,33,1841,1841:NAU144,male,hand,23.4125,35,0,Microbiome RF,Participant-held-out nested CV
1841.P16327,32,1841,1841:NAU102,unknown,hand,31.5,35,1,Microbiome RF,Participant-held-out nested CV
1841.P16326,24,1841,1841:NAU109,male,hand,25.00625,35,2,Microbiome RF,Participant-held-out nested CV
1841.F05043,22,1841,1841:NCS212,female,head,22.73125,35,4,Microbiome RF,Participant-held-out nested CV
1841.F05517,20,1841,1841:NAU121,female,head,24.41875,35,2,Microbiome RF,Participant-held-out nested CV
1841.F05512,32,1841,1841:NAU102,unknown,head,24.43125,35,1,Microbiome RF,Participant-held-out nested CV
1841.P15682,20,1841,1841:CUB051,male,hand,30.19375,34,3,Microbiome RF,Participant-held-out nested CV
2010.1653,28,2010,2010:13,female,head,41.4625,35,4,Microbiome RF,Participant-held-out nested CV
1841.F06450,20,1841,1841:CUB005,female,head,22.65,35,4,Microbiome RF,Participant-held-out nested CV
1841.F06451,23,1841,1841:CUB053,female,head,26.46875,34,3,Microbiome RF,Participant-held-out nested CV
10317.000066848,27,10317,10317:73bf3573928ab6f8e0dbef1783c99aa8c96f8a341909051dbaaf5e003778464fdf40cee56b971bea2c557859ebdc3351dddc89230df6458726716c8fe13e3583,female,head,38.7125,35,1,Microbiome RF,Participant-held-out nested CV
10317.000066843,27,10317,10317:75e7facbcee6190c9bd0ec55d33af511592981c1851bc62c90ffa060b30d59451c3407b0344a1357b33b8a653eb1ab6517c15e9f6f193c447e3882c2ada31e9a,male,hand,33.29375,35,2,Microbiome RF,Participant-held-out nested CV
10317.000003085,53,10317,10317:8665422eb8a1ffd2fa3c26bdc0bd4cb3cd47439a5631922ac7af3c45be2274db8dfab19dc80c4bb5237d7035d95768044a90af2a19499f5e5af50d527a6174c7,female,hand,40.60625,35,2,Microbiome RF,Participant-held-out nested CV
1841.F06088,22,1841,1841:NCS255,female,head,22.19375,35,0,Microbiome RF,Participant-held-out nested CV
1841.F06299,22,1841,1841:NAU133,male,head,25.01875,34,3,Microbiome RF,Participant-held-out nested CV
1841.F06082,21,1841,1841:NCS262,male,head,23.0625,34,3,Microbiome RF,Participant-held-out nested CV
10317.000022099,41,10317,10317:e4503538e12701b45b371c7ed670bd3ae6eba6dbfd41e21b14c030e3e6c626aaaf69513c82f4fb7a3e531ea834a73f16c57799fb90f66a9da07d8b3b8dc4b486,male,head,41.99375,34,3,Microbiome RF,Participant-held-out nested CV
1841.F06085,23,1841,1841:NCS203,female,head,27.2625,35,2,Microbiome RF,Participant-held-out nested CV
10317.000015212,34,10317,10317:356171d003a70eda05dbc44ca7f1c23e803cbba14631a5247db7774ba0e837cd853a804b6bc41bc084b8849021f84c1c780ad04856231b70f72faf5ef5b4bcbf,male,hand,38.99375,35,0,Microbiome RF,Participant-held-out nested CV
1841.P15098,22,1841,1841:CUB048,female,hand,25.2375,35,1,Microbiome RF,Participant-held-out nested CV
1841.P15096,21,1841,1841:CUB000,female,hand,23.1625,35,2,Microbiome RF,Participant-held-out nested CV
1841.P15095,23,1841,1841:CUB056,male,hand,24.79375,35,2,Microbiome RF,Participant-held-out nested CV
1841.P15092,23,1841,1841:CUB056,male,hand,28.60625,35,2,Microbiome RF,Participant-held-out nested CV
1841.P15093,22,1841,1841:CUB007,female,hand,22.075,35,2,Microbiome RF,Participant-held-out nested CV
1841.P15090,20,1841,1841:CUB008,male,hand,23.4625,35,4,Microbiome RF,Participant-held-out nested CV
1841.P15091,21,1841,1841:CUB000,female,hand,23.90625,35,2,Microbiome RF,Participant-held-out nested CV
1841.P15546,22,1841,1841:NAU164,male,hand,25.31875,35,0,Microbiome RF,Participant-held-out nested CV
1841.P15540,28,1841,1841:NAU103,female,hand,26.1,35,1,Microbiome RF,Participant-held-out nested CV
1841.P15238,20,1841,1841:CUB005,female,hand,24.98125,35,4,Microbiome RF,Participant-held-out nested CV
1841.P15548,20,1841,1841:NAU123,male,hand,22.61875,35,2,Microbiome RF,Participant-held-out nested CV
1841.P15549,30,1841,1841:NAU108,female,hand,26.675,35,1,Microbiome RF,Participant-held-out nested CV
1841.P16539,22,1841,1841:CUB004,female,hand,31.525,35,4,Microbiome RF,Participant-held-out nested CV
1841.F05060,23,1841,1841:NCS203,female,head,28.9375,35,2,Microbiome RF,Participant-held-out nested CV
1841.F05063,23,1841,1841:NCS203,female,head,24.775,35,2,Microbiome RF,Participant-held-out nested CV
1841.F05065,23,1841,1841:NCS203,female,head,29.6125,35,2,Microbiome RF,Participant-held-out nested CV
1841.F05066,22,1841,1841:NCS255,female,head,21.79375,35,0,Microbiome RF,Participant-held-out nested CV
1841.F05068,23,1841,1841:NCS203,female,head,24.05625,35,2,Microbiome RF,Participant-held-out nested CV
10317.000029487,62,10317,10317:1c1b943df02cc46512abc94ff23e6a911e98427d63e06b7083bbfc52367f051a310a8bc2a0c971a6302a5550414d984988f69258ecf789af12a5f5e19514d5cf,male,head,42.09375,35,1,Microbiome RF,Participant-held-out nested CV
10317.000015222,53,10317,10317:ee6b0199d11ab9c50774b9e56abce9e5b0601741d7922866f57f5c638ca8cf822c2cfa394a8707365a589b0a6368c20df23f66a6c845f66e662b0742e5937eb4,male,hand,43.4125,35,0,Microbiome RF,Participant-held-out nested CV
10317.000015221,53,10317,10317:ee6b0199d11ab9c50774b9e56abce9e5b0601741d7922866f57f5c638ca8cf822c2cfa394a8707365a589b0a6368c20df23f66a6c845f66e662b0742e5937eb4,male,head,46.2125,35,0,Microbiome RF,Participant-held-out nested CV
1841.F05932,18,1841,1841:NCS213,female,head,24.8875,35,4,Microbiome RF,Participant-held-out nested CV
1841.F05936,18,1841,1841:NCS213,female,head,23.4625,35,4,Microbiome RF,Participant-held-out nested CV
1841.F05937,19,1841,1841:NCS233,male,head,22.9,35,2,Microbiome RF,Participant-held-out nested CV
1841.P16157,24,1841,1841:NAU109,male,hand,24.525,35,2,Microbiome RF,Participant-held-out nested CV
1841.P16154,21,1841,1841:NAU106,female,hand,23.375,35,4,Microbiome RF,Participant-held-out nested CV
1841.P16158,22,1841,1841:NAU133,male,hand,26.2625,34,3,Microbiome RF,Participant-held-out nested CV
2010.1462,34,2010,2010:5,female,head,41.28125,35,0,Microbiome RF,Participant-held-out nested CV
1841.P16462,27,1841,1841:NCS253,female,hand,38.2625,35,2,Microbiome RF,Participant-held-out nested CV
1841.P15939,22,1841,1841:CUB007,female,hand,23.66875,35,2,Microbiome RF,Participant-held-out nested CV
1841.P15938,21,1841,1841:CUB012,female,hand,25.725,35,0,Microbiome RF,Participant-held-out nested CV
1841.P15935,21,1841,1841:CUB033,female,hand,23.7875,35,2,Microbiome RF,Participant-held-out nested CV
1841.P15934,21,1841,1841:CUB029,male,hand,23.5125,35,2,Microbiome RF,Participant-held-out nested CV
1841.P15936,23,1841,1841:CUB053,female,hand,23.95625,34,3,Microbiome RF,Participant-held-out nested CV
1841.P15931,21,1841,1841:CUB032,female,hand,21.025,35,0,Microbiome RF,Participant-held-out nested CV
1841.P15932,21,1841,1841:CUB026,male,hand,22.3875,35,4,Microbiome RF,Participant-held-out nested CV
1841.F06274,32,1841,1841:NAU150,female,head,23.9,35,0,Microbiome RF,Participant-held-out nested CV
1841.F06276,32,1841,1841:NAU150,female,head,23.725,35,0,Microbiome RF,Participant-held-out nested CV
1841.F06277,32,1841,1841:NAU150,female,head,24.61875,35,0,Microbiome RF,Participant-held-out nested CV
1841.F06270,22,1841,1841:NAU130,female,head,22.425,35,0,Microbiome RF,Participant-held-out nested CV
1841.F06271,37,1841,1841:NAU148,male,head,22.90625,35,0,Microbiome RF,Participant-held-out nested CV
10317.000015308,36,10317,10317:feea3e83f7040193068cefe3fbcc20f2ea1091f85bfe70ce251294e52b9fe96590bdfd79bae84e89f8a0e8adb68da76d13e4c631cd02e8440870e7ffa4c40c5d,female,head,41.5875,35,2,Microbiome RF,Participant-held-out nested CV
1841.F05639,20,1841,1841:CUB008,male,head,23.03125,35,4,Microbiome RF,Participant-held-out nested CV
10317.000005071,62,10317,10317:95709cc58235ffbd909b031216643693df4dbc827ae14fc247eebb0528bfbea20bc16e3572da9168ccfd0829b33c756aa63ed4ce9ba244ce6bdf5ef97c44e85f,female,hand,45.5625,35,0,Microbiome RF,Participant-held-out nested CV
10317.000005070,62,10317,10317:95709cc58235ffbd909b031216643693df4dbc827ae14fc247eebb0528bfbea20bc16e3572da9168ccfd0829b33c756aa63ed4ce9ba244ce6bdf5ef97c44e85f,female,hand,43.35,35,0,Microbiome RF,Participant-held-out nested CV
10317.000005079,33,10317,10317:a29fd754368cde4d06c428f68fac03a5f07bc4192f8ad6f00b4dead3a90b4f2a07cda53d353c8eebcdf472b25a87cc69592d2bcf0fae7f901a0ee6e9cff063c9,male,head,38.95,35,2,Microbiome RF,Participant-held-out nested CV
1841.P15018,36,1841,1841:CUB042,male,hand,32.90625,35,0,Microbiome RF,Participant-held-out nested CV
10317.000005291,69,10317,10317:f468dfbfdc239f0e3bbe1de592c866535d2e70f74b05af2999cd5ac5b39818383c58a904146c605bc773f87fac2da08ddde7d4bedced3110d5c1d3b15657f73e,male,hand,43.9,35,4,Microbiome RF,Participant-held-out nested CV
10317.000007078,48,10317,10317:63aa1010fee4655f80a2fd1ca92db0c9c662b7ff7dfeccd99a08edb7b7f5af8b2df1c92465690a27ee6aad1207495376abce78f3ddeffc05da0acb099f8efdb8,male,hand,40.7875,35,0,Microbiome RF,Participant-held-out nested CV
10317.000007079,48,10317,10317:63aa1010fee4655f80a2fd1ca92db0c9c662b7ff7dfeccd99a08edb7b7f5af8b2df1c92465690a27ee6aad1207495376abce78f3ddeffc05da0acb099f8efdb8,male,hand,41.45625,35,0,Microbiome RF,Participant-held-out nested CV
10317.000006732,55,10317,10317:ed020761c7ba4f7a64f3ebf12adc7f8dad56d9bd7b209c08e63fb95be9af9360fa3cebe2bcedac211a2b46ffd9478544970ca36098a278521a67c91e153cdc45,female,head,39.05,34,3,Microbiome RF,Participant-held-out nested CV
1841.F05232,25,1841,1841:NAU157,male,head,25.725,35,4,Microbiome RF,Participant-held-out nested CV
1841.P16307,33,1841,1841:NAU144,male,hand,22.48125,35,0,Microbiome RF,Participant-held-out nested CV
1841.P16306,20,1841,1841:NAU115,male,hand,21.71875,34,3,Microbiome RF,Participant-held-out nested CV
1841.P16305,33,1841,1841:NAU144,male,hand,23.6625,35,0,Microbiome RF,Participant-held-out nested CV
1841.P16304,33,1841,1841:NAU144,male,hand,21.64375,35,0,Microbiome RF,Participant-held-out nested CV
1841.P16303,21,1841,1841:NAU106,female,hand,23.8375,35,4,Microbiome RF,Participant-held-out nested CV
2010.1851,32,2010,2010:19,female,head,46.40625,34,3,Microbiome RF,Participant-held-out nested CV
10317.000066867,29,10317,10317:03c0867966fe2299eb3b09291d5f0834310bdf5fceed9c9b7b397570bf8f2d2adaeb945c824ff0cb407abaf691b8173cfa03c4f8eb17e6dd9f6eda17502e66e4,male,hand,32.90625,35,2,Microbiome RF,Participant-held-out nested CV
10317.000066866,29,10317,10317:03c0867966fe2299eb3b09291d5f0834310bdf5fceed9c9b7b397570bf8f2d2adaeb945c824ff0cb407abaf691b8173cfa03c4f8eb17e6dd9f6eda17502e66e4,male,hand,36.76875,35,2,Microbiome RF,Participant-held-out nested CV
10317.000066861,29,10317,10317:03c0867966fe2299eb3b09291d5f0834310bdf5fceed9c9b7b397570bf8f2d2adaeb945c824ff0cb407abaf691b8173cfa03c4f8eb17e6dd9f6eda17502e66e4,male,head,33.33125,35,2,Microbiome RF,Participant-held-out nested CV
10317.000066868,29,10317,10317:03c0867966fe2299eb3b09291d5f0834310bdf5fceed9c9b7b397570bf8f2d2adaeb945c824ff0cb407abaf691b8173cfa03c4f8eb17e6dd9f6eda17502e66e4,male,hand,32.94375,35,2,Microbiome RF,Participant-held-out nested CV
1841.F05101,28,1841,1841:NAU103,female,head,24.7375,35,1,Microbiome RF,Participant-held-out nested CV
10317.000003535,46,10317,10317:4aa35b33ec066f163b8daeb1b8200f17ece0f58ed4de27fc1acf828c8864cb5dfb93c989fb4315cfe8721c8eed0e468a5da3102ea9bc9c107e0b214c031f5e1d,female,hand,43.975,35,2,Microbiome RF,Participant-held-out nested CV
10317.000043162,86,10317,10317:969959b6a56c892088c6fec4a090bc9d7786704432d85dd70c0b376f3082c1743c5522532f4a6139e760de6add314a67dddb22fcaef7e05d6f73095cd5be1d95,female,hand,46.725,35,0,Microbiome RF,Participant-held-out nested CV
10317.000049833,61,10317,10317:d37889cdecdba46fdb19bb31c950ed36c9b3a1da31fbac08e9ee2ff35bc8af2ce5a4b24631b63e876500eb54df716ba82caddd429a437e61d996dab1bd51de32,female,hand,39.4375,34,3,Microbiome RF,Participant-held-out nested CV
2010.2229,22,2010,2010:29,female,head,36.61875,35,0,Microbiome RF,Participant-held-out nested CV
1841.P15218,20,1841,1841:CUB005,female,hand,23.3,35,4,Microbiome RF,Participant-held-out nested CV
1841.P15211,20,1841,1841:CUB037,female,hand,24.49375,35,0,Microbiome RF,Participant-held-out nested CV
1841.P15213,20,1841,1841:CUB027,female,hand,23.7125,35,2,Microbiome RF,Participant-held-out nested CV
1841.P15215,23,1841,1841:CUB053,female,hand,24.15625,34,3,Microbiome RF,Participant-held-out nested CV
1841.P15216,22,1841,1841:CUB007,female,hand,21.76875,35,2,Microbiome RF,Participant-held-out nested CV
1841.P15217,20,1841,1841:CUB037,female,hand,23.00625,35,0,Microbiome RF,Participant-held-out nested CV
10317.000069142,34,10317,10317:2fe8dc51162640ecda81c266c7b13a12fa0b362550125c042231ebf311ae65b5597119ff4c21bc3e0d2daf7c54569db93c6d59b2cd8c7abd7c7e43d806b66718,male,hand,37.38125,34,3,Microbiome RF,Participant-held-out nested CV
10317.000068842,36,10317,10317:1828cb0e8db79ff7771af2763605e12af956358756170093e17230a4ffb081fdfb2040dc65ff286b54429aedd73f9630fd5d98b9a5ad628c6116a74fb994dcf8,male,hand,36.15,35,0,Microbiome RF,Participant-held-out nested CV
1841.F05006,22,1841,1841:NCS212,female,head,24.225,35,4,Microbiome RF,Participant-held-out nested CV
1841.F05004,23,1841,1841:NCS203,female,head,25.04375,35,2,Microbiome RF,Participant-held-out nested CV
1841.F05003,27,1841,1841:NCS253,female,head,34.44375,35,2,Microbiome RF,Participant-held-out nested CV
1841.F05008,20,1841,1841:NCS210,female,head,22.2875,35,1,Microbiome RF,Participant-held-out nested CV
1841.F05009,20,1841,1841:NCS210,female,head,23.51875,35,1,Microbiome RF,Participant-held-out nested CV
2010.2149,22,2010,2010:27,female,head,39.21875,35,0,Microbiome RF,Participant-held-out nested CV
10317.000015207,60,10317,10317:f85c35ccb1de86d528e1bc924109d3f1ef2725eff131fffbb4f955f2bf62f99d01df00160e393e9c7ca1eba714fcb5547b4952bd7ca8fbba07e51e58be5c6410,unknown,hand,42.35625,35,2,Microbiome RF,Participant-held-out nested CV
10317.000015208,60,10317,10317:f85c35ccb1de86d528e1bc924109d3f1ef2725eff131fffbb4f955f2bf62f99d01df00160e393e9c7ca1eba714fcb5547b4952bd7ca8fbba07e51e58be5c6410,unknown,head,43.46875,35,2,Microbiome RF,Participant-held-out nested CV
1841.F05910,19,1841,1841:NCS233,male,head,22.71875,35,2,Microbiome RF,Participant-held-out nested CV
10317.000032844,34,10317,10317:2f99bf4f7ec4110bbb356ecafe18a81cf99c407dc04127efbbe24227d256b81c690640ad22fa2a115f1adb9a603c2509999f0325292f5ad6c80144726ff29fb3,male,head,41.01875,35,4,Microbiome RF,Participant-held-out nested CV
1841.P16170,22,1841,1841:NAU137,female,hand,22.04375,35,1,Microbiome RF,Participant-held-out nested CV
1841.P16173,25,1841,1841:NAU157,male,hand,37.13125,35,4,Microbiome RF,Participant-held-out nested CV
1841.P16174,24,1841,1841:NAU109,male,hand,25.825,35,2,Microbiome RF,Participant-held-out nested CV
1841.P16175,21,1841,1841:NAU161,male,hand,23.01875,35,0,Microbiome RF,Participant-held-out nested CV
1841.P16176,20,1841,1841:NAU123,male,hand,23.50625,35,2,Microbiome RF,Participant-held-out nested CV
1841.P16177,28,1841,1841:NAU103,female,hand,24.9625,35,1,Microbiome RF,Participant-held-out nested CV
10317.000069075,22,10317,10317:62da411fb1daa598c9de6fec6d4999096c07c935e32acd264bd45573737d7ca012c560ebc6a3ff42a617cdb54d7d364fb719fc379b15ab5e772bbf3a7356dbde,female,head,34.9375,35,0,Microbiome RF,Participant-held-out nested CV
10317.000007766,37,10317,10317:33f6eb641f0e5c66654a93864fec0950724028557f530a644e104dc1d7f29bec16c25352f4cffae510cf433760537423b71c5a032a7e279e0c197c4df1d601a4,male,head,42.825,34,3,Microbiome RF,Participant-held-out nested CV
10317.000007764,37,10317,10317:33f6eb641f0e5c66654a93864fec0950724028557f530a644e104dc1d7f29bec16c25352f4cffae510cf433760537423b71c5a032a7e279e0c197c4df1d601a4,male,head,39.03125,34,3,Microbiome RF,Participant-held-out nested CV
1841.F05430,20,1841,1841:NAU115,male,head,22.425,34,3,Microbiome RF,Participant-held-out nested CV
10317.000063243,31,10317,10317:9a6b1d64174bf2de76973d430737df42a6c1d222167a33cad37332ade7aaba03e2f1fd87dd65c5bda2ab171d6373490fa6395929f8ff33c6d5acdec0d7035388,male,hand,39.125,35,4,Microbiome RF,Participant-held-out nested CV
10317.000007760,38,10317,10317:33f6eb641f0e5c66654a93864fec0950724028557f530a644e104dc1d7f29bec16c25352f4cffae510cf433760537423b71c5a032a7e279e0c197c4df1d601a4,male,head,45.71875,34,3,Microbiome RF,Participant-held-out nested CV
1841.F06292,19,1841,1841:NAU107,female,head,22.49375,34,3,Microbiome RF,Participant-held-out nested CV
1841.F06293,22,1841,1841:NAU133,male,head,23.525,34,3,Microbiome RF,Participant-held-out nested CV
1841.F06290,22,1841,1841:NAU133,male,head,23.0625,34,3,Microbiome RF,Participant-held-out nested CV
1841.F06296,37,1841,1841:NAU148,male,head,25.3,35,0,Microbiome RF,Participant-held-out nested CV
1841.F06294,37,1841,1841:NAU148,male,head,24.85,35,0,Microbiome RF,Participant-held-out nested CV
1841.P15913,22,1841,1841:CUB016,female,hand,23.81875,35,2,Microbiome RF,Participant-held-out nested CV
1841.P15912,20,1841,1841:CUB051,male,hand,27.4875,34,3,Microbiome RF,Participant-held-out nested CV
1841.P15917,20,1841,1841:CUB049,female,hand,22.90625,35,4,Microbiome RF,Participant-held-out nested CV
1841.P15914,29,1841,1841:CUB011,female,hand,23.35,35,4,Microbiome RF,Participant-held-out nested CV
10317.000062190,29,10317,10317:03c0867966fe2299eb3b09291d5f0834310bdf5fceed9c9b7b397570bf8f2d2adaeb945c824ff0cb407abaf691b8173cfa03c4f8eb17e6dd9f6eda17502e66e4,male,head,32.5,35,2,Microbiome RF,Participant-held-out nested CV
1841.P15258,21,1841,1841:CUB026,male,hand,22.5375,35,4,Microbiome RF,Participant-held-out nested CV
1841.F05002,20,1841,1841:NCS263,male,head,28.09375,35,1,Microbiome RF,Participant-held-out nested CV
2010.2318,23,2010,2010:31,female,head,24.73125,35,0,Microbiome RF,Participant-held-out nested CV
1841.P15953,20,1841,1841:CUB008,male,hand,23.00625,35,4,Microbiome RF,Participant-held-out nested CV
10317.000009079,24,10317,10317:78d12b80b1c72aca05eb432fc60c9d17e9d26e9976af5f011f95b27013837975271da44deb87ae11ab5d17f776090675276d08a78b15a8ad0920edeb6e7b75b0,male,head,39.13125,35,2,Microbiome RF,Participant-held-out nested CV
1841.P15775,20,1841,1841:NAU115,male,hand,22.20625,34,3,Microbiome RF,Participant-held-out nested CV
1841.P15774,55,1841,1841:NAU149,male,hand,27.88125,35,1,Microbiome RF,Participant-held-out nested CV
10317.000040126,46,10317,10317:103ec97d34a8daf110102310e23be292392f51db75531458f8f135039cb11fbaeed1ebd8c2cbfd97772d62c72352ab5c467dccf59885d5c82f03531039a41827,female,head,42.8625,35,0,Microbiome RF,Participant-held-out nested CV
1841.F05213,30,1841,1841:NAU108,female,head,22.09375,35,1,Microbiome RF,Participant-held-out nested CV
1841.F05211,28,1841,1841:NAU103,female,head,23.31875,35,1,Microbiome RF,Participant-held-out nested CV
1841.F05216,22,1841,1841:NAU137,female,head,22.1875,35,1,Microbiome RF,Participant-held-out nested CV
1841.F05219,20,1841,1841:NAU119,male,head,22.68125,35,1,Microbiome RF,Participant-held-out nested CV
1841.F05218,32,1841,1841:NAU150,female,head,23.66875,35,0,Microbiome RF,Participant-held-out nested CV
1841.P16365,32,1841,1841:NAU102,unknown,hand,23.74375,35,1,Microbiome RF,Participant-held-out nested CV
1841.P16367,22,1841,1841:NAU130,female,hand,21.63125,35,0,Microbiome RF,Participant-held-out nested CV
1841.P16366,33,1841,1841:NAU144,male,hand,23.15,35,0,Microbiome RF,Participant-held-out nested CV
1841.P16362,20,1841,1841:NAU115,male,hand,22.4625,34,3,Microbiome RF,Participant-held-out nested CV
1841.P16369,21,1841,1841:NAU154,female,hand,22.775,35,1,Microbiome RF,Participant-held-out nested CV
1841.P16581,21,1841,1841:CUB000,female,hand,26.49375,35,2,Microbiome RF,Participant-held-out nested CV
1841.P16580,21,1841,1841:CUB038,female,hand,23.26875,35,2,Microbiome RF,Participant-held-out nested CV
1841.P16583,20,1841,1841:CUB036,female,hand,24.48125,35,1,Microbiome RF,Participant-held-out nested CV
1841.P16582,36,1841,1841:CUB042,male,hand,32.925,35,0,Microbiome RF,Participant-held-out nested CV
1841.P16586,20,1841,1841:CUB027,female,hand,24.125,35,2,Microbiome RF,Participant-held-out nested CV
1841.P16589,21,1841,1841:CUB044,male,hand,23.15625,35,0,Microbiome RF,Participant-held-out nested CV
1841.P16588,20,1841,1841:CUB049,female,hand,22.28125,35,4,Microbiome RF,Participant-held-out nested CV
10317.000002877,39,10317,10317:f73c970ebbe4576dac4346e12bd70d852fd2fad299e544aaabe76119ae6772ae189eebd9acc9c024c6a0bf917496f24b6520712b5200889e9afdeb9ed347f9e9,female,head,45.9875,35,0,Microbiome RF,Participant-held-out nested CV
1841.F06354,20,1841,1841:CUB051,male,head,23.65,34,3,Microbiome RF,Participant-held-out nested CV
1841.F06597,22,1841,1841:CUB048,female,head,26.475,35,1,Microbiome RF,Participant-held-out nested CV
1841.F06591,21,1841,1841:CUB012,female,head,23.325,35,0,Microbiome RF,Participant-held-out nested CV
1841.F06590,23,1841,1841:CUB028,male,head,22.5125,35,0,Microbiome RF,Participant-held-out nested CV
1841.F06592,20,1841,1841:CUB005,female,head,22.5125,35,4,Microbiome RF,Participant-held-out nested CV
1841.F06599,22,1841,1841:CUB004,female,head,27.5375,35,4,Microbiome RF,Participant-held-out nested CV
1841.F06598,20,1841,1841:CUB010,female,head,24.6125,35,4,Microbiome RF,Participant-held-out nested CV
1841.P15058,20,1841,1841:CUB051,male,hand,25.4875,34,3,Microbiome RF,Participant-held-out nested CV
1841.P15052,21,1841,1841:CUB003,female,hand,23.31875,35,4,Microbiome RF,Participant-held-out nested CV
1841.P15053,20,1841,1841:CUB008,male,hand,22.45,35,4,Microbiome RF,Participant-held-out nested CV
1841.P15050,21,1841,1841:CUB012,female,hand,23.76875,35,0,Microbiome RF,Participant-held-out nested CV
1841.P15056,23,1841,1841:CUB053,female,hand,26.74375,34,3,Microbiome RF,Participant-held-out nested CV
1841.P15057,20,1841,1841:CUB036,female,hand,24.2125,35,1,Microbiome RF,Participant-held-out nested CV
1841.P15055,20,1841,1841:CUB005,female,hand,23.975,35,4,Microbiome RF,Participant-held-out nested CV
10317.000049876,74,10317,10317:7ba032cf20a095821627a110ab26bb5c1b92a9eec7dc65f29d2b0b7c0f2dece8e620882864fff5d7d829b5d72d5061c1b402d6fba6e4e8a623373670f402b87e,male,head,47.8625,35,2,Microbiome RF,Participant-held-out nested CV
10317.000051534,32,10317,10317:e6e5e53d1a49b2c6511917e62c6123eb734a4571e659825bd125323520a41405bcfee1e3c00e87a30d6cc80dd238a6b93e170970d11ec86eafa0326cdd2dcc04,male,head,44.63125,35,0,Microbiome RF,Participant-held-out nested CV
10317.000051536,37,10317,10317:ff0768b01a1b6fd95f392b3c03b42f32fff2e917781b9ebb95b1bc13edfb801fc07ff383bd863ecb6e436ef6280bcfe138564e3de25075730af8842b4f95ecab,female,head,45.83125,35,1,Microbiome RF,Participant-held-out nested CV
1841.F06331,21,1841,1841:CUB029,male,head,22.35,35,2,Microbiome RF,Participant-held-out nested CV
1841.F06330,20,1841,1841:CUB027,female,head,24.01875,35,2,Microbiome RF,Participant-held-out nested CV
1841.F06333,23,1841,1841:CUB053,female,head,33.84375,34,3,Microbiome RF,Participant-held-out nested CV
1841.F06335,21,1841,1841:CUB038,female,head,24.06875,35,2,Microbiome RF,Participant-held-out nested CV
1841.F06337,23,1841,1841:CUB028,male,head,22.41875,35,0,Microbiome RF,Participant-held-out nested CV
1841.F06339,20,1841,1841:CUB010,female,head,22.7875,35,4,Microbiome RF,Participant-held-out nested CV
1841.F06338,21,1841,1841:CUB003,female,head,25.55625,35,4,Microbiome RF,Participant-held-out nested CV
1841.P15275,21,1841,1841:CUB038,female,hand,24.775,35,2,Microbiome RF,Participant-held-out nested CV
1841.P15272,21,1841,1841:CUB003,female,hand,23.56875,35,4,Microbiome RF,Participant-held-out nested CV
1841.P15273,21,1841,1841:CUB032,female,hand,22.58125,35,0,Microbiome RF,Participant-held-out nested CV
1841.P15582,30,1841,1841:NAU155,female,hand,22.8375,35,2,Microbiome RF,Participant-held-out nested CV
1841.P15585,37,1841,1841:NAU148,male,hand,23.01875,35,0,Microbiome RF,Participant-held-out nested CV
1841.P15587,30,1841,1841:NAU155,female,hand,31.14375,35,2,Microbiome RF,Participant-held-out nested CV
1841.P15589,28,1841,1841:NAU103,female,hand,24.56875,35,1,Microbiome RF,Participant-held-out nested CV
10317.000005457,48,10317,10317:9f89ce9cb3dd20b1b698031ff7eb1f66511855e4c05edd9fc525916e365f4d81ff5e46e5432e82c4e4cc62f66a9167138f3bce9a784b0404333ee6c82e195bd6,male,hand,44.7875,34,3,Microbiome RF,Participant-held-out nested CV
1841.P15278,22,1841,1841:CUB016,female,hand,24.925,35,2,Microbiome RF,Participant-held-out nested CV
10317.000068823,29,10317,10317:03c0867966fe2299eb3b09291d5f0834310bdf5fceed9c9b7b397570bf8f2d2adaeb945c824ff0cb407abaf691b8173cfa03c4f8eb17e6dd9f6eda17502e66e4,male,head,33.98125,35,2,Microbiome RF,Participant-held-out nested CV
1841.F05029,22,1841,1841:NCS212,female,head,22.2125,35,4,Microbiome RF,Participant-held-out nested CV
1841.F05024,27,1841,1841:NCS253,female,head,34.725,35,2,Microbiome RF,Participant-held-out nested CV
1841.F05025,22,1841,1841:NCS255,female,head,22.05,35,0,Microbiome RF,Participant-held-out nested CV
1841.P15277,21,1841,1841:CUB026,male,hand,26.2875,35,4,Microbiome RF,Participant-held-out nested CV
1841.F05689,21,1841,1841:CUB026,male,head,22.89375,35,4,Microbiome RF,Participant-held-out nested CV
1841.F05680,22,1841,1841:CUB007,female,head,25.13125,35,2,Microbiome RF,Participant-held-out nested CV
1841.F05682,20,1841,1841:CUB027,female,head,22.65,35,2,Microbiome RF,Participant-held-out nested CV
1841.F05683,23,1841,1841:CUB053,female,head,24.75625,34,3,Microbiome RF,Participant-held-out nested CV
1841.F05684,21,1841,1841:CUB026,male,head,26.23125,35,4,Microbiome RF,Participant-held-out nested CV
1841.F05686,20,1841,1841:CUB037,female,head,25.35625,35,0,Microbiome RF,Participant-held-out nested CV
1841.P15556,21,1841,1841:CUB044,male,hand,30.5,35,0,Microbiome RF,Participant-held-out nested CV
1841.P15554,20,1841,1841:NAU110,female,hand,27.91875,34,3,Microbiome RF,Participant-held-out nested CV
1841.P15559,21,1841,1841:NAU154,female,hand,22.7,35,1,Microbiome RF,Participant-held-out nested CV
1841.F05977,18,1841,1841:NCS232,female,head,26.44375,35,2,Microbiome RF,Participant-held-out nested CV
1841.F05974,27,1841,1841:NCS214,male,head,31.51875,35,2,Microbiome RF,Participant-held-out nested CV
10317.000069058,31,10317,10317:198ec54664604b9ea87e10f11a6d8349037bf3b4e018e7fb9998979245d8f2079c24bef91d79183b5ff2e19efdc4c846a59dec7189d1fe7235717e66307e1a72,male,hand,36.11875,35,0,Microbiome RF,Participant-held-out nested CV
10317.000069051,31,10317,10317:198ec54664604b9ea87e10f11a6d8349037bf3b4e018e7fb9998979245d8f2079c24bef91d79183b5ff2e19efdc4c846a59dec7189d1fe7235717e66307e1a72,male,head,36.5125,35,0,Microbiome RF,Participant-held-out nested CV
2010.1319,27,2010,2010:1,female,head,36.00625,35,2,Microbiome RF,Participant-held-out nested CV
10317.000013240,61,10317,10317:a84b06b11ebbd693b0e846d7e1ba1453494db9a71f5caf6fec89add9c1975ce94b16e1f8ac9b930f61e3219bcfc133702ec58308eee167152209a8c2852123c9,male,head,40.075,35,1,Microbiome RF,Participant-held-out nested CV
1841.F06109,41,1841,1841:CUB050,female,head,26.88125,35,0,Microbiome RF,Participant-held-out nested CV
10317.000063224,27,10317,10317:d7b643e267e7874c9fe80600f02183b6cd3019f0fda406b979f05d309d5050c0a106d81fd0d61ac23e2600faaf7da552f0258df8aa6be5e41a39e6b37828c99d,female,head,37.275,35,1,Microbiome RF,Participant-held-out nested CV
1841.F06102,20,1841,1841:CUB008,male,head,23.4625,35,4,Microbiome RF,Participant-held-out nested CV
1841.F06106,21,1841,1841:CUB044,male,head,22.85,35,0,Microbiome RF,Participant-held-out nested CV
1841.F06107,20,1841,1841:CUB049,female,head,21.76875,35,4,Microbiome RF,Participant-held-out nested CV
1841.P16349,21,1841,1841:NAU153,female,hand,22.5,35,1,Microbiome RF,Participant-held-out nested CV
1841.P16343,30,1841,1841:NAU108,female,hand,25.39375,35,1,Microbiome RF,Participant-held-out nested CV
1841.P16342,21,1841,1841:NAU106,female,hand,22.3125,35,4,Microbiome RF,Participant-held-out nested CV
1841.P16341,19,1841,1841:NAU107,female,hand,23.39375,34,3,Microbiome RF,Participant-held-out nested CV
1841.P16340,24,1841,1841:NAU109,male,hand,29.4375,35,2,Microbiome RF,Participant-held-out nested CV
2010.1814,34,2010,2010:17,female,head,34.775,35,2,Microbiome RF,Participant-held-out nested CV
10317.000005021,30,10317,10317:2c781cf584aee5d39efce29589579b7dd2febe3a4bfa62c60433de1447518df5880335cd63d2437a93a394f955e59f77d49504cf3a905aa0691d531a5832b69b,female,hand,42.78125,35,1,Microbiome RF,Participant-held-out nested CV
1841.P16452,27,1841,1841:NCS253,female,hand,29.60625,35,2,Microbiome RF,Participant-held-out nested CV
10317.000005458,47,10317,10317:9f89ce9cb3dd20b1b698031ff7eb1f66511855e4c05edd9fc525916e365f4d81ff5e46e5432e82c4e4cc62f66a9167138f3bce9a784b0404333ee6c82e195bd6,male,head,40.9,34,3,Microbiome RF,Participant-held-out nested CV
1841.F06230,55,1841,1841:NAU149,male,head,29.575,35,1,Microbiome RF,Participant-held-out nested CV
1841.F05256,21,1841,1841:NAU161,male,head,24.4625,35,0,Microbiome RF,Participant-held-out nested CV
1841.F05252,55,1841,1841:NAU149,male,head,25.5625,35,1,Microbiome RF,Participant-held-out nested CV
1841.P15070,20,1841,1841:CUB036,female,hand,23.30625,35,1,Microbiome RF,Participant-held-out nested CV
1841.P15071,20,1841,1841:CUB037,female,hand,22.11875,35,0,Microbiome RF,Participant-held-out nested CV
1841.P15072,20,1841,1841:CUB008,male,hand,23.9875,35,4,Microbiome RF,Participant-held-out nested CV
1841.P15073,36,1841,1841:CUB042,male,hand,28.90625,35,0,Microbiome RF,Participant-held-out nested CV
1841.P15074,22,1841,1841:CUB004,female,hand,27.08125,35,4,Microbiome RF,Participant-held-out nested CV
1841.P15075,21,1841,1841:CUB038,female,hand,24.1,35,2,Microbiome RF,Participant-held-out nested CV
1841.P15076,21,1841,1841:CUB000,female,hand,22.93125,35,2,Microbiome RF,Participant-held-out nested CV
1841.P15077,21,1841,1841:CUB000,female,hand,27.84375,35,2,Microbiome RF,Participant-held-out nested CV
1841.P15079,20,1841,1841:CUB049,female,hand,22.375,35,4,Microbiome RF,Participant-held-out nested CV
1841.F06317,21,1841,1841:CUB012,female,head,25.85625,35,0,Microbiome RF,Participant-held-out nested CV
1841.F06316,22,1841,1841:CUB007,female,head,22.175,35,2,Microbiome RF,Participant-held-out nested CV
1841.F06312,20,1841,1841:CUB051,male,head,25.06875,34,3,Microbiome RF,Participant-held-out nested CV
1841.F06311,21,1841,1841:CUB026,male,head,22.6625,35,4,Microbiome RF,Participant-held-out nested CV
1841.F06310,21,1841,1841:CUB033,female,head,27.38125,35,2,Microbiome RF,Participant-held-out nested CV
1841.F06319,21,1841,1841:CUB000,female,head,26.21875,35,2,Microbiome RF,Participant-held-out nested CV
1841.P15256,36,1841,1841:CUB042,male,hand,37.14375,35,0,Microbiome RF,Participant-held-out nested CV
1841.P15257,20,1841,1841:CUB037,female,hand,23.325,35,0,Microbiome RF,Participant-held-out nested CV
1841.P15250,20,1841,1841:CUB010,female,hand,25.95625,35,4,Microbiome RF,Participant-held-out nested CV
1841.P15251,21,1841,1841:CUB044,male,hand,30.425,35,0,Microbiome RF,Participant-held-out nested CV
1841.P15252,21,1841,1841:CUB038,female,hand,24.8375,35,2,Microbiome RF,Participant-held-out nested CV
1841.P15253,21,1841,1841:CUB029,male,hand,23.2625,35,2,Microbiome RF,Participant-held-out nested CV
1841.P16450,22,1841,1841:NCS255,female,hand,22.6125,35,0,Microbiome RF,Participant-held-out nested CV
1841.F06237,20,1841,1841:NAU119,male,head,22.69375,35,1,Microbiome RF,Participant-held-out nested CV
10317.000068806,30,10317,10317:219fdff6b9dcec67c1aa0b866cb025d68ac35295256f63c520911912293fe0849d61cd408675c0305a5c92df708363f8172fc8e6969982b5a49c4e44d28547fb,female,hand,43.38125,35,0,Microbiome RF,Participant-held-out nested CV
1841.F05340,22,1841,1841:NCS212,female,head,28.51875,35,4,Microbiome RF,Participant-held-out nested CV
10317.000005578,33,10317,10317:356171d003a70eda05dbc44ca7f1c23e803cbba14631a5247db7774ba0e837cd853a804b6bc41bc084b8849021f84c1c780ad04856231b70f72faf5ef5b4bcbf,male,hand,39.99375,35,0,Microbiome RF,Participant-held-out nested CV
10317.000005574,33,10317,10317:356171d003a70eda05dbc44ca7f1c23e803cbba14631a5247db7774ba0e837cd853a804b6bc41bc084b8849021f84c1c780ad04856231b70f72faf5ef5b4bcbf,male,head,43.4625,35,0,Microbiome RF,Participant-held-out nested CV
10317.000007117,60,10317,10317:2c2e468c2481938c25962a208bec11d9f0eeca11f8a06d48aa50be31a747dd0327f6137458e4dfda584fc42b4c5f35613440eef5b177a1d0569e16e7432648dd,male,head,42.8625,35,4,Microbiome RF,Participant-held-out nested CV
10317.000007115,60,10317,10317:2c2e468c2481938c25962a208bec11d9f0eeca11f8a06d48aa50be31a747dd0327f6137458e4dfda584fc42b4c5f35613440eef5b177a1d0569e16e7432648dd,male,hand,40.7375,35,4,Microbiome RF,Participant-held-out nested CV
10317.000007119,60,10317,10317:2c2e468c2481938c25962a208bec11d9f0eeca11f8a06d48aa50be31a747dd0327f6137458e4dfda584fc42b4c5f35613440eef5b177a1d0569e16e7432648dd,male,hand,46.4625,35,4,Microbiome RF,Participant-held-out nested CV
1841.P15210,20,1841,1841:CUB049,female,hand,22.44375,35,4,Microbiome RF,Participant-held-out nested CV
1841.P16288,37,1841,1841:NAU148,male,hand,25.2875,35,0,Microbiome RF,Participant-held-out nested CV
1841.P16286,55,1841,1841:NAU149,male,hand,28.0625,35,1,Microbiome RF,Participant-held-out nested CV
1841.P16287,32,1841,1841:NAU150,female,hand,25.58125,35,0,Microbiome RF,Participant-held-out nested CV
1841.P16284,22,1841,1841:NAU133,male,hand,22.075,34,3,Microbiome RF,Participant-held-out nested CV
1841.P16281,19,1841,1841:NAU107,female,hand,22.8,34,3,Microbiome RF,Participant-held-out nested CV
10317.000069034,22,10317,10317:a6a72ae91b2b02c8ea4cfe12d58d98ebe5b424cd88d36f8b84e1deec1b971b6c50e1fbca139d0b8b67d6f73821c7922d555844d105af99dd4813cd966993df6f,male,hand,36.5,35,0,Microbiome RF,Participant-held-out nested CV
10317.000069039,33,10317,10317:65a6735483d4ca756511921efab48bd0d5eefe9702c613c1e3f7065f8b20659da904045df6fb243bf7e1be352dea97d0ceb0c7ccdca5fabb1fd01324d1e414cf,male,head,37.31875,35,1,Microbiome RF,Participant-held-out nested CV
1841.F05403,20,1841,1841:NAU123,male,head,23.5,35,2,Microbiome RF,Participant-held-out nested CV
1841.F05400,22,1841,1841:NAU164,male,head,24.7625,35,0,Microbiome RF,Participant-held-out nested CV
1841.F05405,37,1841,1841:NAU148,male,head,25.15625,35,0,Microbiome RF,Participant-held-out nested CV
1841.F05408,21,1841,1841:NAU154,female,head,22.50625,35,1,Microbiome RF,Participant-held-out nested CV
10317.000046210,26,10317,10317:2cadcc9c9bb4b3018c35f7012a5f45417f5e7d3c5a8205a3e266e3994e6d3a312146e795ee10a538d9dcde6a356e15798fdfc96aea7f23df2c8c505d8bb465a4,female,head,37.54375,34,3,Microbiome RF,Participant-held-out nested CV
1841.F05049,20,1841,1841:NCS263,male,head,25.80625,35,1,Microbiome RF,Participant-held-out nested CV
2010.1377,35,2010,2010:9,female,head,37.44375,35,1,Microbiome RF,Participant-held-out nested CV
1841.P16137,19,1841,1841:NAU107,female,hand,23.14375,34,3,Microbiome RF,Participant-held-out nested CV
10317.000003336,74,10317,10317:cc74256c990c430993cd5fc5079433232702a5006ee4a770421edf6482fee08db076f06f1fcf83bacf50a1a592d1fbd51c3edee6f558ab60369868d09a642c78,female,hand,41.58125,35,4,Microbiome RF,Participant-held-out nested CV
10317.000005420,54,10317,10317:d63484fec8c78056306a841bf283219a2f4dd6eb40568afb6e401ef1dd5a23f563b4e42b92eda0d4b87cc502d1158abf83fac1a38b7a4166f4374fd6ec75beaa,female,head,38.5375,34,3,Microbiome RF,Participant-held-out nested CV
10317.000005421,54,10317,10317:d63484fec8c78056306a841bf283219a2f4dd6eb40568afb6e401ef1dd5a23f563b4e42b92eda0d4b87cc502d1158abf83fac1a38b7a4166f4374fd6ec75beaa,female,hand,39.69375,34,3,Microbiome RF,Participant-held-out nested CV
1841.P16453,20,1841,1841:NCS263,male,hand,25.13125,35,1,Microbiome RF,Participant-held-out nested CV
1841.P16324,21,1841,1841:NAU151,male,hand,25.475,35,2,Microbiome RF,Participant-held-out nested CV
1841.P16454,23,1841,1841:NCS203,female,hand,30.98125,35,2,Microbiome RF,Participant-held-out nested CV
1841.F05041,23,1841,1841:NCS244,female,head,21.79375,35,4,Microbiome RF,Participant-held-out nested CV
1841.F06123,41,1841,1841:CUB050,female,head,28.16875,35,0,Microbiome RF,Participant-held-out nested CV
1841.F06127,23,1841,1841:CUB053,female,head,26.18125,34,3,Microbiome RF,Participant-held-out nested CV
1841.F05046,20,1841,1841:NCS210,female,head,23.06875,35,1,Microbiome RF,Participant-held-out nested CV
1841.P15020,22,1841,1841:CUB040,male,hand,35.425,35,2,Microbiome RF,Participant-held-out nested CV
2010.1715,22,2010,2010:15,female,head,35.5125,35,2,Microbiome RF,Participant-held-out nested CV
1841.F06377,21,1841,1841:CUB044,male,head,23.4125,35,0,Microbiome RF,Participant-held-out nested CV
2010.2868,23,2010,2010:39,female,head,31.78125,34,3,Microbiome RF,Participant-held-out nested CV
10317.000005598,74,10317,10317:7ba032cf20a095821627a110ab26bb5c1b92a9eec7dc65f29d2b0b7c0f2dece8e620882864fff5d7d829b5d72d5061c1b402d6fba6e4e8a623373670f402b87e,male,hand,44.14375,35,2,Microbiome RF,Participant-held-out nested CV
10317.000005594,74,10317,10317:7ba032cf20a095821627a110ab26bb5c1b92a9eec7dc65f29d2b0b7c0f2dece8e620882864fff5d7d829b5d72d5061c1b402d6fba6e4e8a623373670f402b87e,male,head,42.61875,35,2,Microbiome RF,Participant-held-out nested CV
10317.000015183,55,10317,10317:45e54011490a1e8319d45ba35b5c9c687e4ec395fd00d5bd3b927f21b897135e002c9c488ced29f5644e9cc87c9d6d420ce68c9a95f88b151cd7a4c6182ead64,male,hand,47.63125,34,3,Microbiome RF,Participant-held-out nested CV
10317.000015182,55,10317,10317:45e54011490a1e8319d45ba35b5c9c687e4ec395fd00d5bd3b927f21b897135e002c9c488ced29f5644e9cc87c9d6d420ce68c9a95f88b151cd7a4c6182ead64,male,head,38.375,34,3,Microbiome RF,Participant-held-out nested CV
10317.000015184,55,10317,10317:45e54011490a1e8319d45ba35b5c9c687e4ec395fd00d5bd3b927f21b897135e002c9c488ced29f5644e9cc87c9d6d420ce68c9a95f88b151cd7a4c6182ead64,male,hand,39.00625,34,3,Microbiome RF,Participant-held-out nested CV
10317.000049733,36,10317,10317:79bbc1c5c663e0434d917d65535beeb68d902da75556dbb9bc561129718387ed15c630d65f4716cbeb02ed871a1e5044d2cd04da381361681f4a0793ca85598d,male,hand,40.575,35,1,Microbiome RF,Participant-held-out nested CV
10317.000049732,36,10317,10317:79bbc1c5c663e0434d917d65535beeb68d902da75556dbb9bc561129718387ed15c630d65f4716cbeb02ed871a1e5044d2cd04da381361681f4a0793ca85598d,male,hand,38.68125,35,1,Microbiome RF,Participant-held-out nested CV
1841.P15014,20,1841,1841:CUB036,female,hand,24.40625,35,1,Microbiome RF,Participant-held-out nested CV
1841.P15012,23,1841,1841:CUB053,female,hand,24.70625,34,3,Microbiome RF,Participant-held-out nested CV
1841.P15013,22,1841,1841:CUB016,female,hand,23.55,35,2,Microbiome RF,Participant-held-out nested CV
1841.P15010,21,1841,1841:CUB012,female,hand,24.60625,35,0,Microbiome RF,Participant-held-out nested CV
1841.P15011,41,1841,1841:CUB050,female,hand,25.49375,35,0,Microbiome RF,Participant-held-out nested CV
1841.F06378,21,1841,1841:CUB000,female,head,26.4375,35,2,Microbiome RF,Participant-held-out nested CV
10317.000063416,36,10317,10317:702fbc8dfcb76217e73344a0a11dd54afca4b678302097929bc6cc1cadce5d5fc80da1e599a9d752eea1f081540d8b89772bcb670f71f2d38a11bdce484be812,female,head,39.7125,34,3,Microbiome RF,Participant-held-out nested CV
1841.F06372,20,1841,1841:CUB010,female,head,27.625,35,4,Microbiome RF,Participant-held-out nested CV
10317.000049831,61,10317,10317:d37889cdecdba46fdb19bb31c950ed36c9b3a1da31fbac08e9ee2ff35bc8af2ce5a4b24631b63e876500eb54df716ba82caddd429a437e61d996dab1bd51de32,female,head,43.40625,34,3,Microbiome RF,Participant-held-out nested CV
10317.000049839,69,10317,10317:c9253f884608fc319fe8569e8e2979bb54c91a0e0d3c4ff7a4b8f149c7372a1c77029903e0508684d15d336da510bcc78d1e9c1aecbf85c0b6bc664b85990a20,female,hand,45.95,35,4,Microbiome RF,Participant-held-out nested CV
1841.P15355,23,1841,1841:NCS203,female,hand,29.95,35,2,Microbiome RF,Participant-held-out nested CV
1841.P15604,21,1841,1841:CUB044,male,hand,23.88125,35,0,Microbiome RF,Participant-held-out nested CV
10317.000023059,74,10317,10317:7903469fb68001b987d8ac0d762e78777829661f7bb380ee87598fe94e18cb4f57d8029bf74c2f1db263f07017cfe1291af68c5ba65cfcdfc3998fff8bf67e81,female,head,40.55625,34,3,Microbiome RF,Participant-held-out nested CV
1841.P15237,20,1841,1841:CUB008,male,hand,25.925,35,4,Microbiome RF,Participant-held-out nested CV
10317.000069015,24,10317,10317:5bdd4aaf66380106e9a8cb6501a1fb4b37d078e2284e7a3cc179877b6b0db9ae596a7d760657f364b5592c1578ae5b8068df09c4ebd6be82e32cfcd9e5fd6c55,male,head,38.85625,34,3,Microbiome RF,Participant-held-out nested CV
1841.F05421,22,1841,1841:NAU130,female,head,23.66875,35,0,Microbiome RF,Participant-held-out nested CV
1841.F05423,21,1841,1841:NAU161,male,head,22.89375,35,0,Microbiome RF,Participant-held-out nested CV
1841.F05424,20,1841,1841:NAU121,female,head,23.81875,35,2,Microbiome RF,Participant-held-out nested CV
1841.F05425,55,1841,1841:NAU149,male,head,30.29375,35,1,Microbiome RF,Participant-held-out nested CV
1841.F05426,21,1841,1841:NAU124,female,head,22.28125,35,0,Microbiome RF,Participant-held-out nested CV
1841.P15370,23,1841,1841:NCS243,male,hand,27.425,35,1,Microbiome RF,Participant-held-out nested CV
1841.P16573,21,1841,1841:CUB032,female,hand,23.6,35,0,Microbiome RF,Participant-held-out nested CV
10317.000005577,34,10317,10317:356171d003a70eda05dbc44ca7f1c23e803cbba14631a5247db7774ba0e837cd853a804b6bc41bc084b8849021f84c1c780ad04856231b70f72faf5ef5b4bcbf,male,hand,37.45625,35,0,Microbiome RF,Participant-held-out nested CV
10317.000027763,32,10317,10317:cc923c4395f942a7be06745a9437731d12a282545bc59fe0b238fef4ed14300cab1a65ed16964ba9a8f4c846101d7788077d138343a7acc82f00e6b9375b6efb,male,hand,39.8875,34,3,Microbiome RF,Participant-held-out nested CV
1841.P15602,21,1841,1841:NAU153,female,hand,21.53125,35,1,Microbiome RF,Participant-held-out nested CV
1841.P15354,23,1841,1841:NCS243,male,hand,24.55,35,1,Microbiome RF,Participant-held-out nested CV
1841.P15356,20,1841,1841:NCS263,male,hand,26.41875,35,1,Microbiome RF,Participant-held-out nested CV
1841.P15608,22,1841,1841:CUB048,female,hand,28.13125,35,1,Microbiome RF,Participant-held-out nested CV
1841.F06079,22,1841,1841:NCS255,female,head,22.61875,35,0,Microbiome RF,Participant-held-out nested CV
10317.000069063,29,10317,10317:03c0867966fe2299eb3b09291d5f0834310bdf5fceed9c9b7b397570bf8f2d2adaeb945c824ff0cb407abaf691b8173cfa03c4f8eb17e6dd9f6eda17502e66e4,male,head,33.24375,35,2,Microbiome RF,Participant-held-out nested CV
1841.P15940,20,1841,1841:CUB036,female,hand,22.69375,35,1,Microbiome RF,Participant-held-out nested CV
10317.000003339,73,10317,10317:b8164f6522d265b137471f7142d4362a35a7a4dfd6f21aada5888456dda2bfbdda36900f4edf71d621587e3c79a92da70f421d07fe905890c57c4ec4d421335e,female,hand,49.275,35,0,Microbiome RF,Participant-held-out nested CV
1841.P15942,21,1841,1841:CUB029,male,hand,22.15625,35,2,Microbiome RF,Participant-held-out nested CV
10317.000072302,41,10317,10317:400d83c79d0086701c4c33b64a7e55f4f464325c35db42f0fed54c6d6f796d9b7943607ae3434897302c87033bd2704c82d5bed240c95f743566d2b3fd469f57,female,head,37.725,34,3,Microbiome RF,Participant-held-out nested CV
1841.F06086,22,1841,1841:NCS255,female,head,22.83125,35,0,Microbiome RF,Participant-held-out nested CV
10317.000048954,40,10317,10317:1044942a7b8a90539218b4698c4b9c3fcdfa273fbbaae3fd79cc45fa05997f6e566261c304f4eb18014b4d7f09e95259f47b9afe6b589a6d2fabfacc7e2a09b7,male,head,36.75,35,4,Microbiome RF,Participant-held-out nested CV
10317.000048956,40,10317,10317:1044942a7b8a90539218b4698c4b9c3fcdfa273fbbaae3fd79cc45fa05997f6e566261c304f4eb18014b4d7f09e95259f47b9afe6b589a6d2fabfacc7e2a09b7,male,hand,36.5,35,4,Microbiome RF,Participant-held-out nested CV
10317.000048957,40,10317,10317:1044942a7b8a90539218b4698c4b9c3fcdfa273fbbaae3fd79cc45fa05997f6e566261c304f4eb18014b4d7f09e95259f47b9afe6b589a6d2fabfacc7e2a09b7,male,hand,40.6375,35,4,Microbiome RF,Participant-held-out nested CV
1841.F05850,30,1841,1841:NAU155,female,head,27.6625,35,2,Microbiome RF,Participant-held-out nested CV
2010.2800,23,2010,2010:39,female,head,26.375,34,3,Microbiome RF,Participant-held-out nested CV
1841.F05854,21,1841,1841:NAU106,female,head,26.0375,35,4,Microbiome RF,Participant-held-out nested CV
1841.F05857,21,1841,1841:NAU106,female,head,27.23125,35,4,Microbiome RF,Participant-held-out nested CV
1841.P16072,28,1841,1841:NAU103,female,hand,24.29375,35,1,Microbiome RF,Participant-held-out nested CV
1841.P16079,22,1841,1841:NAU130,female,hand,22.6625,35,0,Microbiome RF,Participant-held-out nested CV
1841.P16078,25,1841,1841:NAU157,male,hand,26.31875,35,4,Microbiome RF,Participant-held-out nested CV
1841.F05180,32,1841,1841:NAU150,female,head,27.30625,35,0,Microbiome RF,Participant-held-out nested CV
2010.1728,22,2010,2010:15,female,head,40.13125,35,2,Microbiome RF,Participant-held-out nested CV
1841.F05635,21,1841,1841:CUB012,female,head,23.75,35,0,Microbiome RF,Participant-held-out nested CV
1841.P15350,27,1841,1841:NCS253,female,hand,25.75,35,2,Microbiome RF,Participant-held-out nested CV
10317.000003029,32,10317,10317:fa11b389cb9170b533e6a9c56b69f18fa8798f2970218ed97fe0be0906826592de8a478773a5037053f08aa21d349fcf39e64c85dbd26bd904614d8dd6335cae,male,head,44.30625,35,4,Microbiome RF,Participant-held-out nested CV
10317.000003025,44,10317,10317:99e188b8ec5527a3ad82cb7cca4318dabe62c69e2ab959f3d9bd68b4ac2521f3f32364757e49c2f7ee2f82a39fb74f6008ab75e1b82c5f6b2bf1ba4869f0b4ff,male,head,39.6,35,1,Microbiome RF,Participant-held-out nested CV
1841.P15038,21,1841,1841:CUB033,female,hand,24.65,35,2,Microbiome RF,Participant-held-out nested CV
1841.P15039,20,1841,1841:CUB027,female,hand,22.6375,35,2,Microbiome RF,Participant-held-out nested CV
1841.P15036,21,1841,1841:CUB026,male,hand,23.99375,35,4,Microbiome RF,Participant-held-out nested CV
1841.P15037,41,1841,1841:CUB050,female,hand,26.00625,35,0,Microbiome RF,Participant-held-out nested CV
1841.P15030,41,1841,1841:CUB050,female,hand,28.20625,35,0,Microbiome RF,Participant-held-out nested CV
1841.P15031,21,1841,1841:CUB044,male,hand,24.3,35,0,Microbiome RF,Participant-held-out nested CV
1841.P15032,20,1841,1841:CUB008,male,hand,23.21875,35,4,Microbiome RF,Participant-held-out nested CV
10317.000017775,56,10317,10317:95161bf754ca78bbc6736e1276a0c069dd937e05defae03a23b5b34bc3f3e0325898e86cd7fd838de6514fbeb888d6634c7497e3855ab1d45839d35295e2ba95,male,head,45.45625,34,3,Microbiome RF,Participant-held-out nested CV
1841.F06421,21,1841,1841:CUB029,male,head,23.75,35,2,Microbiome RF,Participant-held-out nested CV
1841.F06420,22,1841,1841:CUB016,female,head,25.70625,35,2,Microbiome RF,Participant-held-out nested CV
1841.F06422,21,1841,1841:CUB033,female,head,23.1875,35,2,Microbiome RF,Participant-held-out nested CV
1841.F06425,22,1841,1841:CUB040,male,head,25.7875,35,2,Microbiome RF,Participant-held-out nested CV
1841.F06424,22,1841,1841:CUB040,male,head,26.0125,35,2,Microbiome RF,Participant-held-out nested CV
1841.F06426,22,1841,1841:CUB007,female,head,23.14375,35,2,Microbiome RF,Participant-held-out nested CV
1841.F06428,20,1841,1841:CUB008,male,head,23.04375,35,4,Microbiome RF,Participant-held-out nested CV
10317.000049768,66,10317,10317:5e5f5fc79a512a180eb0cd63fa75b7307715996b1aff58edbefb0ed0d6548904bf74f95a466efb9525a910f69150d98cfae7b1c55b9bf3e278b402a8439e8d4c,male,head,37.8,35,0,Microbiome RF,Participant-held-out nested CV
10317.000049767,66,10317,10317:5e5f5fc79a512a180eb0cd63fa75b7307715996b1aff58edbefb0ed0d6548904bf74f95a466efb9525a910f69150d98cfae7b1c55b9bf3e278b402a8439e8d4c,male,hand,45.00625,35,0,Microbiome RF,Participant-held-out nested CV
10317.000049766,66,10317,10317:5e5f5fc79a512a180eb0cd63fa75b7307715996b1aff58edbefb0ed0d6548904bf74f95a466efb9525a910f69150d98cfae7b1c55b9bf3e278b402a8439e8d4c,male,hand,42.64375,35,0,Microbiome RF,Participant-held-out nested CV
10317.000049763,52,10317,10317:00069244bd1f2b8987ec0be407f83eec727bd40dde9ff15d05497f7db0f60f551d4af74463256aae7abd00d1a3180ca506bd16e684d859304c2864b1c7e4a8f6,male,head,47.23125,34,3,Microbiome RF,Participant-held-out nested CV
10317.000049762,52,10317,10317:00069244bd1f2b8987ec0be407f83eec727bd40dde9ff15d05497f7db0f60f551d4af74463256aae7abd00d1a3180ca506bd16e684d859304c2864b1c7e4a8f6,male,hand,40.175,34,3,Microbiome RF,Participant-held-out nested CV
10317.000005359,67,10317,10317:673c8ce01f6c4b5120fb00380499db5eeb6a2fb55f33a66a36d79a28f321105b432b54532ecd02900640e027e6baa65fe94b194fa11f3a0eaf97f6abf95c9417,unknown,head,43.96875,35,2,Microbiome RF,Participant-held-out nested CV
1841.P15294,21,1841,1841:CUB033,female,hand,24.5,35,2,Microbiome RF,Participant-held-out nested CV
1841.P15295,20,1841,1841:CUB027,female,hand,24.19375,35,2,Microbiome RF,Participant-held-out nested CV
1841.P15297,22,1841,1841:CUB040,male,hand,25.2,35,2,Microbiome RF,Participant-held-out nested CV
10317.000002088,52,10317,10317:d12b3488162547d96d3669a939c33c47bb7e94f9db76d64dbd76d7bcd6ccf5dc1c2202772cb5712605a51d28e9a8109105db0a01b5d13f55512047b95056356b,male,head,44.44375,35,1,Microbiome RF,Participant-held-out nested CV
1841.F05191,26,1841,1841:NAU146,female,head,23.825,35,4,Microbiome RF,Participant-held-out nested CV
1841.F05621,23,1841,1841:CUB013,male,head,26.525,35,4,Microbiome RF,Participant-held-out nested CV
1841.F05457,37,1841,1841:NAU148,male,head,23.91875,35,0,Microbiome RF,Participant-held-out nested CV
1841.F05456,55,1841,1841:NAU149,male,head,30.75,35,1,Microbiome RF,Participant-held-out nested CV
10317.000004928,55,10317,10317:169fc8e4a87bbb9fd81677779eb46fc8c4e57700e8a9fe6448edd4c1b573f6c2885cef43b7349fe9fa37dfd3379bc8b84b536aefeb7c6610a495bc898a20d1b7,female,hand,38.50625,34,3,Microbiome RF,Participant-held-out nested CV
1841.F05980,27,1841,1841:NCS214,male,head,33.16875,35,2,Microbiome RF,Participant-held-out nested CV
1841.F05447,25,1841,1841:NAU157,male,head,29.75,35,4,Microbiome RF,Participant-held-out nested CV
1841.F05445,21,1841,1841:NAU153,female,head,21.7875,35,1,Microbiome RF,Participant-held-out nested CV
1841.P16246,20,1841,1841:NAU123,male,hand,26.6,35,2,Microbiome RF,Participant-held-out nested CV
1841.P16244,37,1841,1841:NAU148,male,hand,23.96875,35,0,Microbiome RF,Participant-held-out nested CV
1841.F05990,18,1841,1841:NCS213,female,head,24.15625,35,4,Microbiome RF,Participant-held-out nested CV
1841.F05993,19,1841,1841:NCS233,male,head,23.46875,35,2,Microbiome RF,Participant-held-out nested CV
1841.F05995,27,1841,1841:NCS214,male,head,29.3,35,2,Microbiome RF,Participant-held-out nested CV
10317.000022189,57,10317,10317:83129c2b229f0d9fb6e870c62c2b01797d6f2d1e18875a4474c1d621fd4239f0509c12f293d0febfee93496a315d1b8ed8f7d66b9046ea392b2913819b93632c,female,head,40.78125,35,0,Microbiome RF,Participant-held-out nested CV
10317.000063450,29,10317,10317:012c33f74519c193ec10f17ef58846a7db07b462e5497db82c40fedc4ca3edac7e3c610143fdb11e0e0617da7dcd562ee2bf2be850227286ef06ab72c6361d25,male,head,61.41875,34,3,Microbiome RF,Participant-held-out nested CV
10317.000041369,42,10317,10317:c9f8653bd4ebdf70f189788ed1bc962f7b89716eac15b10fba77e815cba9483cbb0ce452ea8acd0cd27b17a9a599ec7023e375a67fa1551bb8a70af168495dd3,male,head,41.54375,34,3,Microbiome RF,Participant-held-out nested CV
1841.F05852,24,1841,1841:NAU109,male,head,24.0125,35,2,Microbiome RF,Participant-held-out nested CV
1841.F05858,21,1841,1841:NAU161,male,head,23.3625,35,0,Microbiome RF,Participant-held-out nested CV
1841.F06168,20,1841,1841:CUB036,female,head,22.26875,35,1,Microbiome RF,Participant-held-out nested CV
10317.000040147,34,10317,10317:338bb7890bb4108f90b5027f8ffed6cd6fd3fb3d5a8f0bfa9f16a9dc184403e392c5429f663b0c7929ed1a431187e38fb9303f5d93da105fda803ec085f157e6,male,head,40.54375,35,1,Microbiome RF,Participant-held-out nested CV
1841.P15999,21,1841,1841:CUB026,male,hand,23.76875,35,4,Microbiome RF,Participant-held-out nested CV
1841.P15998,23,1841,1841:CUB056,male,hand,29.475,35,2,Microbiome RF,Participant-held-out nested CV
1841.P15993,21,1841,1841:CUB044,male,hand,26.16875,35,0,Microbiome RF,Participant-held-out nested CV
1841.P15996,22,1841,1841:CUB007,female,hand,24.68125,35,2,Microbiome RF,Participant-held-out nested CV
1841.P15994,22,1841,1841:CUB016,female,hand,22.55,35,2,Microbiome RF,Participant-held-out nested CV
1841.P15192,19,1841,1841:NCS233,male,hand,25.125,35,2,Microbiome RF,Participant-held-out nested CV
10317.000005262,28,10317,10317:9d5f397f06d407dcb0aa1ac134a406dcc9d133b7241030bf81c3cb01f3341e891530737a66d2693596ab16f97b05b66c20bc630d57221b89a0ecb2db01c1f747,male,head,42.8,35,4,Microbiome RF,Participant-held-out nested CV
2010.2828,23,2010,2010:39,female,head,25.98125,34,3,Microbiome RF,Participant-held-out nested CV
1841.P15600,32,1841,1841:NAU150,female,hand,26.16875,35,0,Microbiome RF,Participant-held-out nested CV
1841.F05293,32,1841,1841:NAU102,unknown,head,22.85,35,1,Microbiome RF,Participant-held-out nested CV
10317.000012183,20,10317,10317:dcec02861cff21f48d1c5f3ed86756b2b4a7b0454ada0eebaf563693a8cb77d2a15532e24b80dea64c7e2834c1e81a8c3544105283aac287a4f258b2e279673f,unknown,head,39.8,35,4,Microbiome RF,Participant-held-out nested CV
1841.F05294,25,1841,1841:NAU157,male,head,25.93125,35,4,Microbiome RF,Participant-held-out nested CV
10317.000048386,59,10317,10317:7e311968682a8a9e2268ae2d13c8b70ca7ce45f11d29b24932473b816f814e56f115793ba0ca9a91710fda8ae01664aab7b94207e18484fb0b45616cab408ea5,female,head,49.3375,35,2,Microbiome RF,Participant-held-out nested CV
10317.000048387,59,10317,10317:7e311968682a8a9e2268ae2d13c8b70ca7ce45f11d29b24932473b816f814e56f115793ba0ca9a91710fda8ae01664aab7b94207e18484fb0b45616cab408ea5,female,hand,44.14375,35,2,Microbiome RF,Participant-held-out nested CV
10317.000048388,21,10317,10317:30d7ca7c505d10cb4c76c0443a75de8f2f826d67386377db4fa33b8983b7e1be84ec36794891a1993f919a1c5c528a78e39e90c8c94320bc3b555e3aa3643685,female,head,48.31875,34,3,Microbiome RF,Participant-held-out nested CV
10317.000048389,21,10317,10317:30d7ca7c505d10cb4c76c0443a75de8f2f826d67386377db4fa33b8983b7e1be84ec36794891a1993f919a1c5c528a78e39e90c8c94320bc3b555e3aa3643685,female,hand,42.59375,34,3,Microbiome RF,Participant-held-out nested CV
1841.P15801,20,1841,1841:NAU121,female,hand,22.99375,35,2,Microbiome RF,Participant-held-out nested CV
1841.F05064,23,1841,1841:NCS244,female,head,22.26875,35,4,Microbiome RF,Participant-held-out nested CV
1841.F05876,25,1841,1841:NAU157,male,head,24.20625,35,4,Microbiome RF,Participant-held-out nested CV
1841.F05874,24,1841,1841:NAU109,male,head,26.325,35,2,Microbiome RF,Participant-held-out nested CV
1841.F05871,28,1841,1841:NAU103,female,head,25.66875,35,1,Microbiome RF,Participant-held-out nested CV
1841.P16508,20,1841,1841:CUB027,female,hand,22.86875,35,2,Microbiome RF,Participant-held-out nested CV
1841.P16503,20,1841,1841:NCS210,female,hand,24.1125,35,1,Microbiome RF,Participant-held-out nested CV
1841.P16502,20,1841,1841:NCS210,female,hand,25.34375,35,1,Microbiome RF,Participant-held-out nested CV
1841.P16504,21,1841,1841:CUB000,female,hand,24.475,35,2,Microbiome RF,Participant-held-out nested CV
1841.P16059,20,1841,1841:NAU119,male,hand,23.78125,35,1,Microbiome RF,Participant-held-out nested CV
1841.P16506,21,1841,1841:CUB038,female,hand,23.3625,35,2,Microbiome RF,Participant-held-out nested CV
10317.000007131,39,10317,10317:8b672a386ead28ace9c7eaea68003a8d0be6651cf9544c799a49155c372bc6524d53fd7aae5b008caced52ac352c5fe0a4810a846032621cf2d9fc79200e1218,unknown,hand,38.95625,35,2,Microbiome RF,Participant-held-out nested CV
10317.000030149,27,10317,10317:1a5e088d33b2528cfe40203fda9bfcd0dc35268782b9d69c13311dd8036aba48919cd2bc59d125b4622ddb34b727a0f4ee6ab054d9cba2d3fd100fcbe69d7a21,female,head,41.21875,35,1,Microbiome RF,Participant-held-out nested CV
10317.000010743,57,10317,10317:e3d63efad86b6ba5702575dbdf508760336727d94a56fa3563ac83a3936884e3760920dec88797bbb8362b8e7199a290f7746e80e9991d22fa187e1e4b2b0f25,male,head,45.45625,35,2,Microbiome RF,Participant-held-out nested CV
1841.F05246,33,1841,1841:NAU144,male,head,25.08125,35,0,Microbiome RF,Participant-held-out nested CV
1841.F06407,21,1841,1841:CUB003,female,head,26.2,35,4,Microbiome RF,Participant-held-out nested CV
1841.F06406,20,1841,1841:CUB037,female,head,21.2375,35,0,Microbiome RF,Participant-held-out nested CV
1841.F06405,23,1841,1841:CUB028,male,head,22.075,35,0,Microbiome RF,Participant-held-out nested CV
1841.F06404,21,1841,1841:CUB032,female,head,22.29375,35,0,Microbiome RF,Participant-held-out nested CV
1841.F06403,23,1841,1841:CUB028,male,head,21.875,35,0,Microbiome RF,Participant-held-out nested CV
1841.F06400,29,1841,1841:CUB011,female,head,26.125,35,4,Microbiome RF,Participant-held-out nested CV
1841.F06409,21,1841,1841:CUB029,male,head,22.40625,35,2,Microbiome RF,Participant-held-out nested CV
10317.000023967,37,10317,10317:9992b77d3934e6dedb1d00b22ce9dc2dbe00f7d81c1170230af7cace8324f4a479f87014fc077e6d8426aed7c84ab99cb32e3b88919ce65bb012aef6e28c6a0a,male,head,44.2625,35,2,Microbiome RF,Participant-held-out nested CV
10317.000049121,62,10317,10317:cf42e22cb0b5def3e5fb85e3eedb9fec63ec3614a7783d0ac195975b575a9863d801522f080d492d8032502dfbef61ba79d17264597f600354ba3cb662748955,male,head,43.63125,35,1,Microbiome RF,Participant-held-out nested CV
1841.F05601,20,1841,1841:CUB037,female,head,23.04375,35,0,Microbiome RF,Participant-held-out nested CV
1841.F05603,21,1841,1841:CUB003,female,head,23.525,35,4,Microbiome RF,Participant-held-out nested CV
1841.F05605,23,1841,1841:CUB028,male,head,21.76875,35,0,Microbiome RF,Participant-held-out nested CV
1841.F05606,22,1841,1841:CUB048,female,head,25.375,35,1,Microbiome RF,Participant-held-out nested CV
1841.F05607,20,1841,1841:CUB037,female,head,22.7125,35,0,Microbiome RF,Participant-held-out nested CV
1841.F05608,23,1841,1841:CUB053,female,head,24.39375,34,3,Microbiome RF,Participant-held-out nested CV
1841.F05609,20,1841,1841:CUB049,female,head,23.21875,35,4,Microbiome RF,Participant-held-out nested CV
1841.P16262,20,1841,1841:NAU121,female,hand,24.65625,35,2,Microbiome RF,Participant-held-out nested CV
1841.P16266,30,1841,1841:NAU155,female,hand,24.45625,35,2,Microbiome RF,Participant-held-out nested CV
1841.F05467,21,1841,1841:NAU153,female,head,22.025,35,1,Microbiome RF,Participant-held-out nested CV
1841.F05461,55,1841,1841:NAU149,male,head,27.6625,35,1,Microbiome RF,Participant-held-out nested CV
1841.F05463,21,1841,1841:NAU124,female,head,22.8875,35,0,Microbiome RF,Participant-held-out nested CV
1841.F05468,22,1841,1841:NAU137,female,head,21.775,35,1,Microbiome RF,Participant-held-out nested CV
1841.P16196,26,1841,1841:NAU146,female,hand,28.5875,35,4,Microbiome RF,Participant-held-out nested CV
1841.P16197,19,1841,1841:NAU107,female,hand,22.2875,34,3,Microbiome RF,Participant-held-out nested CV
1841.P16194,26,1841,1841:NAU146,female,hand,26.70625,35,4,Microbiome RF,Participant-held-out nested CV
1841.P16199,21,1841,1841:NAU161,male,hand,23.7,35,0,Microbiome RF,Participant-held-out nested CV
1841.F05652,21,1841,1841:CUB032,female,head,22.6375,35,0,Microbiome RF,Participant-held-out nested CV
1841.P16449,20,1841,1841:NCS210,female,hand,25.725,35,1,Microbiome RF,Participant-held-out nested CV
2010.1394,27,2010,2010:1,female,head,38.65625,35,2,Microbiome RF,Participant-held-out nested CV
1841.P16447,20,1841,1841:NCS210,female,hand,22.9375,35,1,Microbiome RF,Participant-held-out nested CV
1841.P16440,23,1841,1841:NCS203,female,hand,24.5875,35,2,Microbiome RF,Participant-held-out nested CV
1841.P16337,32,1841,1841:NAU150,female,hand,25.53125,35,0,Microbiome RF,Participant-held-out nested CV
1841.P16335,33,1841,1841:NAU144,male,hand,23.925,35,0,Microbiome RF,Participant-held-out nested CV
10317.000005419,54,10317,10317:d63484fec8c78056306a841bf283219a2f4dd6eb40568afb6e401ef1dd5a23f563b4e42b92eda0d4b87cc502d1158abf83fac1a38b7a4166f4374fd6ec75beaa,female,hand,40.56875,34,3,Microbiome RF,Participant-held-out nested CV
10317.000015223,53,10317,10317:ee6b0199d11ab9c50774b9e56abce9e5b0601741d7922866f57f5c638ca8cf822c2cfa394a8707365a589b0a6368c20df23f66a6c845f66e662b0742e5937eb4,male,hand,46.25,35,0,Microbiome RF,Participant-held-out nested CV
10317.000041346,46,10317,10317:e264e42ddf5814bac0981098f8e9a48fb9a1d3524b60bad0405e26151eceeaa0db735671ad5dc0c78c554c78e4d745510d94413264b20449f53a1fe1be4f0529,male,hand,41.675,34,3,Microbiome RF,Participant-held-out nested CV
10317.000041345,46,10317,10317:e264e42ddf5814bac0981098f8e9a48fb9a1d3524b60bad0405e26151eceeaa0db735671ad5dc0c78c554c78e4d745510d94413264b20449f53a1fe1be4f0529,male,hand,38.50625,34,3,Microbiome RF,Participant-held-out nested CV
10317.000040124,46,10317,10317:103ec97d34a8daf110102310e23be292392f51db75531458f8f135039cb11fbaeed1ebd8c2cbfd97772d62c72352ab5c467dccf59885d5c82f03531039a41827,female,hand,40.94375,35,0,Microbiome RF,Participant-held-out nested CV
1841.P15171,27,1841,1841:NCS214,male,hand,28.875,35,2,Microbiome RF,Participant-held-out nested CV
1841.P15172,19,1841,1841:NCS233,male,hand,24.725,35,2,Microbiome RF,Participant-held-out nested CV
1841.P15177,18,1841,1841:NCS213,female,hand,21.425,35,4,Microbiome RF,Participant-held-out nested CV
1841.P15311,21,1841,1841:NCS229,male,hand,23.725,35,1,Microbiome RF,Participant-held-out nested CV
10317.000069027,22,10317,10317:a6a72ae91b2b02c8ea4cfe12d58d98ebe5b424cd88d36f8b84e1deec1b971b6c50e1fbca139d0b8b67d6f73821c7922d555844d105af99dd4813cd966993df6f,male,head,38.23125,35,0,Microbiome RF,Participant-held-out nested CV
2010.3131,31,2010,2010:43,female,head,34.825,35,0,Microbiome RF,Participant-held-out nested CV
10317.000015120,28,10317,10317:d031d7eaf91c489f64052f69777e1385468d8cbdc419eb3568de9547015ad04606d5d70ca9970521bd182907f9b00d2640e54727e0262ceaea9ccb7d9603385e,female,hand,43.53125,35,1,Microbiome RF,Participant-held-out nested CV
10317.000036735,63,10317,10317:0195d329f030b0250f2e009ac656b8ee7c006c3a064b6d08770ecd7067bf4098cd0fb82f552a671d583f26002b4f2753d6bca1b02521b55faac3ba0bc1e64d8a,male,head,42.09375,35,1,Microbiome RF,Participant-held-out nested CV
10317.000036732,63,10317,10317:0195d329f030b0250f2e009ac656b8ee7c006c3a064b6d08770ecd7067bf4098cd0fb82f552a671d583f26002b4f2753d6bca1b02521b55faac3ba0bc1e64d8a,male,head,41.40625,35,1,Microbiome RF,Participant-held-out nested CV
1841.F05819,33,1841,1841:NAU144,male,head,22.76875,35,0,Microbiome RF,Participant-held-out nested CV
1841.F05818,22,1841,1841:NAU130,female,head,22.23125,35,0,Microbiome RF,Participant-held-out nested CV
1841.F05814,32,1841,1841:NAU102,unknown,head,22.43125,35,1,Microbiome RF,Participant-held-out nested CV
1841.F05817,20,1841,1841:NAU115,male,head,22.61875,34,3,Microbiome RF,Participant-held-out nested CV
1841.F05816,21,1841,1841:NAU154,female,head,23.675,35,1,Microbiome RF,Participant-held-out nested CV
1841.F05810,32,1841,1841:NAU102,unknown,head,23.1625,35,1,Microbiome RF,Participant-held-out nested CV
1841.F05813,20,1841,1841:NAU110,female,head,27.96875,34,3,Microbiome RF,Participant-held-out nested CV
1841.F05812,24,1841,1841:NAU109,male,head,28.31875,35,2,Microbiome RF,Participant-held-out nested CV
1841.P16527,21,1841,1841:CUB026,male,hand,22.86875,35,4,Microbiome RF,Participant-held-out nested CV
1841.P16526,22,1841,1841:CUB004,female,hand,23.71875,35,4,Microbiome RF,Participant-held-out nested CV
1841.P16525,23,1841,1841:CUB056,male,hand,25.6625,35,2,Microbiome RF,Participant-held-out nested CV
1841.P16522,20,1841,1841:CUB005,female,hand,23.13125,35,4,Microbiome RF,Participant-held-out nested CV
1841.P16521,23,1841,1841:CUB056,male,hand,24.1125,35,2,Microbiome RF,Participant-held-out nested CV
1841.P16520,20,1841,1841:CUB049,female,hand,24.2,35,4,Microbiome RF,Participant-held-out nested CV
1841.F06353,21,1841,1841:CUB029,male,head,23.9875,35,2,Microbiome RF,Participant-held-out nested CV
1841.F06352,20,1841,1841:CUB008,male,head,22.7375,35,4,Microbiome RF,Participant-held-out nested CV
1841.F06351,20,1841,1841:CUB036,female,head,21.7,35,1,Microbiome RF,Participant-held-out nested CV
10317.000007113,60,10317,10317:2c2e468c2481938c25962a208bec11d9f0eeca11f8a06d48aa50be31a747dd0327f6137458e4dfda584fc42b4c5f35613440eef5b177a1d0569e16e7432648dd,male,hand,37.65625,35,4,Microbiome RF,Participant-held-out nested CV
10317.000007112,60,10317,10317:2c2e468c2481938c25962a208bec11d9f0eeca11f8a06d48aa50be31a747dd0327f6137458e4dfda584fc42b4c5f35613440eef5b177a1d0569e16e7432648dd,male,hand,43.48125,35,4,Microbiome RF,Participant-held-out nested CV
2010.2777,24,2010,2010:37,female,head,26.6,35,1,Microbiome RF,Participant-held-out nested CV
10317.000007110,60,10317,10317:2c2e468c2481938c25962a208bec11d9f0eeca11f8a06d48aa50be31a747dd0327f6137458e4dfda584fc42b4c5f35613440eef5b177a1d0569e16e7432648dd,male,head,42.30625,35,4,Microbiome RF,Participant-held-out nested CV
1841.F06356,20,1841,1841:CUB008,male,head,22.925,35,4,Microbiome RF,Participant-held-out nested CV
10317.000014464,41,10317,10317:a6784c1d3806fcca45ba186c495c648cf0cf10b392f120efe7f26f9c0e66051dc675a9c077f1f39993f524f521e594b30048ca45ea6cbc19b96938f9734afb55,male,head,38.16875,35,1,Microbiome RF,Participant-held-out nested CV
10317.000004206,76,10317,10317:e4f690795c66a065feccd07de0128f89746b411eb215789f6c7c9bd18b20cd831f9b9a7e3b8af5952b3c56c532534d3f1045f353d46b4b79876a0f6c8b58df96,female,hand,46.5375,35,0,Microbiome RF,Participant-held-out nested CV
1841.F06468,36,1841,1841:CUB042,male,head,33.43125,35,0,Microbiome RF,Participant-held-out nested CV
1841.F06399,22,1841,1841:CUB016,female,head,23.2375,35,2,Microbiome RF,Participant-held-out nested CV
1841.F06398,23,1841,1841:CUB056,male,head,28.49375,35,2,Microbiome RF,Participant-held-out nested CV
1841.F06397,22,1841,1841:CUB004,female,head,25.19375,35,4,Microbiome RF,Participant-held-out nested CV
1841.F06396,20,1841,1841:CUB037,female,head,23.4125,35,0,Microbiome RF,Participant-held-out nested CV
1841.F06467,22,1841,1841:CUB040,male,head,27.4375,35,2,Microbiome RF,Participant-held-out nested CV
1841.F06394,21,1841,1841:CUB029,male,head,24.64375,35,2,Microbiome RF,Participant-held-out nested CV
1841.F06393,22,1841,1841:CUB007,female,head,22.25625,35,2,Microbiome RF,Participant-held-out nested CV
1841.F06391,21,1841,1841:CUB026,male,head,22.875,35,4,Microbiome RF,Participant-held-out nested CV
1841.F06462,20,1841,1841:CUB051,male,head,24.2875,34,3,Microbiome RF,Participant-held-out nested CV
10317.000002610,56,10317,10317:dd3fbf0f2c96e9182d8538806757f0f2102c6124dfeb04c9fa449391b445968553d59114033b794df4532c7b77765fba1b12c00969628c268640fc23848b7978,female,head,46.59375,34,3,Microbiome RF,Participant-held-out nested CV
1841.P15614,21,1841,1841:CUB044,male,hand,25.33125,35,0,Microbiome RF,Participant-held-out nested CV
10317.000003421,38,10317,10317:2c1dc7180a23c9b4b53377ef49354e5a65ac187f6b2e4c844d48fd9ce66134f3da5f2dca02c0517797503a34ddc875a23897cd9d5727c990e46a58599759b35a,male,head,39.725,35,1,Microbiome RF,Participant-held-out nested CV
10317.000005646,65,10317,10317:98e719bb087e2058ac8f1e380218232d306e4f5c7d2359784abda5fddf02926beb32a6c0ba8383dd0026ec1f0d372d68007114cdd2512a3abb3d77158fa6f4d1,female,hand,39.575,35,2,Microbiome RF,Participant-held-out nested CV
1841.P15610,41,1841,1841:CUB050,female,hand,25.7375,35,0,Microbiome RF,Participant-held-out nested CV
10317.000005644,65,10317,10317:98e719bb087e2058ac8f1e380218232d306e4f5c7d2359784abda5fddf02926beb32a6c0ba8383dd0026ec1f0d372d68007114cdd2512a3abb3d77158fa6f4d1,female,head,44.475,35,2,Microbiome RF,Participant-held-out nested CV
10317.000005645,65,10317,10317:98e719bb087e2058ac8f1e380218232d306e4f5c7d2359784abda5fddf02926beb32a6c0ba8383dd0026ec1f0d372d68007114cdd2512a3abb3d77158fa6f4d1,female,hand,42.54375,35,2,Microbiome RF,Participant-held-out nested CV
1841.P15347,27,1841,1841:NCS253,female,hand,30.125,35,2,Microbiome RF,Participant-held-out nested CV
1841.F05957,18,1841,1841:NCS221,female,head,26.11875,35,2,Microbiome RF,Participant-held-out nested CV
1841.P15782,22,1841,1841:NAU133,male,hand,24.15,34,3,Microbiome RF,Participant-held-out nested CV
1841.P15783,22,1841,1841:NAU164,male,hand,23.96875,35,0,Microbiome RF,Participant-held-out nested CV
1841.P15787,37,1841,1841:NAU148,male,hand,24.26875,35,0,Microbiome RF,Participant-held-out nested CV
1841.P15784,21,1841,1841:NAU154,female,hand,22.1125,35,1,Microbiome RF,Participant-held-out nested CV
1841.P15785,22,1841,1841:NAU130,female,hand,21.74375,35,0,Microbiome RF,Participant-held-out nested CV
10317.000015363,43,10317,10317:3fec78757c5821d558096acce3e9df6968ae564264912c66f6a851727ebd63c36eee0764c3d1e47c0813cb5998caa14cb2bec75ca8716e8e3437768b86b408aa,male,head,40.05625,35,1,Microbiome RF,Participant-held-out nested CV
10317.000020708,38,10317,10317:06cf6f63a01f0bbf35a097b00d8e378ca6a8df068d8f99cb73feead69c041664f4cbec9fbc91e7f587844c43d5c16bab7d422b2890e7a2805db632fccecc39a0,female,hand,39.46875,35,0,Microbiome RF,Participant-held-out nested CV
1841.P15788,22,1841,1841:NAU130,female,hand,21.69375,35,0,Microbiome RF,Participant-held-out nested CV
1841.P15789,21,1841,1841:NAU161,male,hand,23.1875,35,0,Microbiome RF,Participant-held-out nested CV
10317.000015365,43,10317,10317:3fec78757c5821d558096acce3e9df6968ae564264912c66f6a851727ebd63c36eee0764c3d1e47c0813cb5998caa14cb2bec75ca8716e8e3437768b86b408aa,male,hand,44.975,35,1,Microbiome RF,Participant-held-out nested CV
1841.F05667,22,1841,1841:CUB004,female,head,22.6125,35,4,Microbiome RF,Participant-held-out nested CV
1841.F05664,22,1841,1841:CUB040,male,head,24.90625,35,2,Microbiome RF,Participant-held-out nested CV
1841.F05665,21,1841,1841:CUB038,female,head,25.875,35,2,Microbiome RF,Participant-held-out nested CV
1841.F05662,21,1841,1841:CUB003,female,head,23.11875,35,4,Microbiome RF,Participant-held-out nested CV
1841.F05660,20,1841,1841:CUB008,male,head,23.73125,35,4,Microbiome RF,Participant-held-out nested CV
1841.F05661,21,1841,1841:CUB000,female,head,25.8125,35,2,Microbiome RF,Participant-held-out nested CV
1841.P16204,37,1841,1841:NAU148,male,hand,25.55,35,0,Microbiome RF,Participant-held-out nested CV
1841.P16200,21,1841,1841:NAU106,female,hand,24.04375,35,4,Microbiome RF,Participant-held-out nested CV
1841.P15299,23,1841,1841:NCS243,male,hand,27.31875,35,1,Microbiome RF,Participant-held-out nested CV
10317.000015326,35,10317,10317:6eb269d94d6e32fa517a561269634737fc4de40944d6d037a2c1e867bbe9e8d13686a131c81709f95eabe5834b99badd054994b1cf967842aaca451c97a22451,female,hand,39.925,35,1,Microbiome RF,Participant-held-out nested CV
1841.F05481,22,1841,1841:NAU130,female,head,22.59375,35,0,Microbiome RF,Participant-held-out nested CV
1841.F05487,20,1841,1841:NAU123,male,head,24.1875,35,2,Microbiome RF,Participant-held-out nested CV
1841.F05484,21,1841,1841:NAU106,female,head,22.75625,35,4,Microbiome RF,Participant-held-out nested CV
10317.000015452,45,10317,10317:3483b70983107b3501a2fdeab0f7e00b06ec05b5a7afdf499c410267e4aa99ea36b3643db981cdf6f557435d6ff028c1059e2bc75261e6f468598f093fde8b72,male,head,43.7625,35,4,Microbiome RF,Participant-held-out nested CV
10317.000015354,35,10317,10317:3e61f3e0bf34ee92653b3e1a4bce3fbbf22e7a5be5fc03a5c5d44f0d311d4f9ec4e1c0d98964bdbdf2f1d537fbd16c0b62503f50d8923e608eb8aacd64cb9fa3,male,hand,44.4625,35,4,Microbiome RF,Participant-held-out nested CV
10317.000015352,35,10317,10317:3e61f3e0bf34ee92653b3e1a4bce3fbbf22e7a5be5fc03a5c5d44f0d311d4f9ec4e1c0d98964bdbdf2f1d537fbd16c0b62503f50d8923e608eb8aacd64cb9fa3,male,head,46.175,35,4,Microbiome RF,Participant-held-out nested CV
10317.000015351,35,10317,10317:3e61f3e0bf34ee92653b3e1a4bce3fbbf22e7a5be5fc03a5c5d44f0d311d4f9ec4e1c0d98964bdbdf2f1d537fbd16c0b62503f50d8923e608eb8aacd64cb9fa3,male,hand,44.5375,35,4,Microbiome RF,Participant-held-out nested CV
10317.000031066,42,10317,10317:7335b37622ba1bdd7e488bc6758f7c8fd36c26e43d8fdb09f00e1ae18ff0959bc7f4f27508aebf68b1a500bbc62282d5389c9d49419171cf9e9c946f433596f6,male,hand,39.91875,35,4,Microbiome RF,Participant-held-out nested CV
1841.P15159,27,1841,1841:NCS214,male,hand,29.29375,35,2,Microbiome RF,Participant-held-out nested CV
1841.P15158,19,1841,1841:NCS233,male,hand,23.75,35,2,Microbiome RF,Participant-held-out nested CV
1841.P15156,27,1841,1841:NCS214,male,hand,26.0,35,2,Microbiome RF,Participant-held-out nested CV
10317.000027703,68,10317,10317:f4417cf9261b7cf7eafdfa7c1e4c2f0b04b7f6a0a74833597eb9f455b64175009de471b6099ea840835964becfbbea46fda6746deaeb30cc1b29201c1259072e,male,head,43.55,35,4,Microbiome RF,Participant-held-out nested CV
1841.P15152,19,1841,1841:NCS233,male,hand,29.81875,35,2,Microbiome RF,Participant-held-out nested CV
2010.3117,31,2010,2010:41,female,head,33.2625,34,3,Microbiome RF,Participant-held-out nested CV
1841.F05833,30,1841,1841:NAU108,female,head,25.0875,35,1,Microbiome RF,Participant-held-out nested CV
1841.F05832,21,1841,1841:NAU153,female,head,22.7625,35,1,Microbiome RF,Participant-held-out nested CV
1841.F05343,21,1841,1841:NAU154,female,head,24.025,35,1,Microbiome RF,Participant-held-out nested CV
1841.F05830,26,1841,1841:NAU146,female,head,25.6125,35,4,Microbiome RF,Participant-held-out nested CV
1841.F05345,22,1841,1841:NCS212,female,head,26.38125,35,4,Microbiome RF,Participant-held-out nested CV
1841.F05836,28,1841,1841:NAU103,female,head,26.41875,35,1,Microbiome RF,Participant-held-out nested CV
1841.F05835,19,1841,1841:NAU107,female,head,22.4875,34,3,Microbiome RF,Participant-held-out nested CV
1841.F05834,30,1841,1841:NAU108,female,head,24.58125,35,1,Microbiome RF,Participant-held-out nested CV
1841.F05838,32,1841,1841:NAU102,unknown,head,23.3375,35,1,Microbiome RF,Participant-held-out nested CV
1841.F05628,41,1841,1841:CUB050,female,head,24.73125,35,0,Microbiome RF,Participant-held-out nested CV
1841.F05629,21,1841,1841:CUB033,female,head,23.6,35,2,Microbiome RF,Participant-held-out nested CV
2010.1218,27,2010,2010:1,female,head,38.1,35,2,Microbiome RF,Participant-held-out nested CV
1841.F05623,22,1841,1841:CUB004,female,head,27.60625,35,4,Microbiome RF,Participant-held-out nested CV
1841.F05620,36,1841,1841:CUB042,male,head,30.4875,35,0,Microbiome RF,Participant-held-out nested CV
1841.P16013,26,1841,1841:NAU146,female,hand,30.8,35,4,Microbiome RF,Participant-held-out nested CV
1841.P16546,22,1841,1841:CUB004,female,hand,24.3375,35,4,Microbiome RF,Participant-held-out nested CV
1841.P16541,21,1841,1841:CUB033,female,hand,24.2125,35,2,Microbiome RF,Participant-held-out nested CV
1841.P16016,19,1841,1841:NAU107,female,hand,22.41875,34,3,Microbiome RF,Participant-held-out nested CV
1841.P16015,55,1841,1841:NAU149,male,hand,25.3375,35,1,Microbiome RF,Participant-held-out nested CV
1841.P16014,32,1841,1841:NAU150,female,hand,22.74375,35,0,Microbiome RF,Participant-held-out nested CV
1841.P16549,20,1841,1841:CUB049,female,hand,23.53125,35,4,Microbiome RF,Participant-held-out nested CV
10317.000028937,50,10317,10317:4cd17ea33fe6b5736aded648ee2e6f2a14b3d6cfdc57435287f768540fd8a367a68d60e2f6cfbacb0a70e046163d74ba126bb1261c5a2fcd5f87bfd14bb4c7ae,female,head,45.3875,35,1,Microbiome RF,Participant-held-out nested CV
10317.000028935,49,10317,10317:59c5a0dcd9d6d45203241bf0d68b0edca829b4582f84f330ac3af24222033b834f16c878479c24ee630d0f140e43b819dacac90ab05a15289947fda4549dfdec,male,head,44.4625,35,0,Microbiome RF,Participant-held-out nested CV
10317.000068950,39,10317,10317:aa8c21f5078bc7371b21ffbe19854212c26e4ba8b087307ab121b615566704bf41428d321554791b675f216db7f7d1922190d57c119c58c01ff5e6a1b7a11da3,male,hand,38.05625,35,1,Microbiome RF,Participant-held-out nested CV
10317.000002212,69,10317,10317:576a03c295c356d35a0d25b2110dd88b3617bd98ae2ff786f650e35db756be0c2368e573093bcfce63e963af568b1198c749606c6e11a98ea707a8a38b2cb1b3,female,hand,45.3,34,3,Microbiome RF,Participant-held-out nested CV
10317.000015978,66,10317,10317:414c5f35ed69875718a4e654e86d9ae09236801e1b9600a2d4851f548bd46eec37144f9d5a5816365a76c4dcc4550e15afddf35bb18d7f072fece2fae39cd58b,male,hand,48.45625,35,1,Microbiome RF,Participant-held-out nested CV
1841.F06446,21,1841,1841:CUB012,female,head,26.21875,35,0,Microbiome RF,Participant-held-out nested CV
1841.F06445,21,1841,1841:CUB044,male,head,22.4375,35,0,Microbiome RF,Participant-held-out nested CV
1841.F06448,22,1841,1841:CUB016,female,head,22.725,35,2,Microbiome RF,Participant-held-out nested CV
10317.000007829,37,10317,10317:33f6eb641f0e5c66654a93864fec0950724028557f530a644e104dc1d7f29bec16c25352f4cffae510cf433760537423b71c5a032a7e279e0c197c4df1d601a4,male,head,39.88125,34,3,Microbiome RF,Participant-held-out nested CV
10317.000068787,39,10317,10317:0610dc25baabfb768bd6465f009077ba740694d1c37591ea165a6eed61b038ba1fd9167c4f0efbd5cd490953bcd66ea07e9d8b594234539c2e566f09dd0e4699,male,head,38.24375,34,3,Microbiome RF,Participant-held-out nested CV
1841.F05442,20,1841,1841:NAU110,female,head,26.3375,34,3,Microbiome RF,Participant-held-out nested CV
1841.F05644,22,1841,1841:CUB040,male,head,28.775,35,2,Microbiome RF,Participant-held-out nested CV
1841.F05133,30,1841,1841:NAU155,female,head,24.44375,35,2,Microbiome RF,Participant-held-out nested CV
10317.000027340,55,10317,10317:41b53357cf00f0544b996f91bab7388aca97716b29b77d7791386ae687cbc26a2ab336f6353bae77995bc81fe3b1eb0b8fedcde9199244073099ff039c21ac0d,male,head,40.95,35,1,Microbiome RF,Participant-held-out nested CV
1841.F05136,22,1841,1841:NAU130,female,head,21.69375,35,0,Microbiome RF,Participant-held-out nested CV
1841.P16228,32,1841,1841:NAU150,female,hand,23.325,35,0,Microbiome RF,Participant-held-out nested CV
1841.P16229,20,1841,1841:NAU121,female,hand,23.85625,35,2,Microbiome RF,Participant-held-out nested CV
10317.000020534,34,10317,10317:6e4903f0be32c34121cd50c2891666fc8b26923970412591f3c900d7253a186450e745d33fc88b07a5c41c9992e15153f2c3fd7a20f01e43073e39ca8a3b4afe,male,head,46.2625,35,2,Microbiome RF,Participant-held-out nested CV
1841.P16225,37,1841,1841:NAU148,male,hand,26.3125,35,0,Microbiome RF,Participant-held-out nested CV
1841.P16227,21,1841,1841:NAU153,female,hand,21.925,35,1,Microbiome RF,Participant-held-out nested CV
1841.P16222,20,1841,1841:NAU123,male,hand,25.34375,35,2,Microbiome RF,Participant-held-out nested CV
1841.P16247,30,1841,1841:NAU155,female,hand,26.65,35,2,Microbiome RF,Participant-held-out nested CV
1841.P16488,22,1841,1841:NCS212,female,hand,22.175,35,4,Microbiome RF,Participant-held-out nested CV
1841.P16482,27,1841,1841:NCS253,female,hand,29.0,35,2,Microbiome RF,Participant-held-out nested CV
10317.000015303,33,10317,10317:d440c033fc5b44bb83e8b5a7794daa4c8e7b24424bcd393f8e6a21ecc3792e9ddfa02679b7eb856a026af5426b34eb4083a5d61d8a1e5ffe59abee1fc9264b37,male,head,36.15,35,1,Microbiome RF,Participant-held-out nested CV
10317.000015302,33,10317,10317:d440c033fc5b44bb83e8b5a7794daa4c8e7b24424bcd393f8e6a21ecc3792e9ddfa02679b7eb856a026af5426b34eb4083a5d61d8a1e5ffe59abee1fc9264b37,male,hand,39.025,35,1,Microbiome RF,Participant-held-out nested CV
10317.000015301,33,10317,10317:d440c033fc5b44bb83e8b5a7794daa4c8e7b24424bcd393f8e6a21ecc3792e9ddfa02679b7eb856a026af5426b34eb4083a5d61d8a1e5ffe59abee1fc9264b37,male,hand,35.525,35,1,Microbiome RF,Participant-held-out nested CV
1841.P15109,27,1841,1841:NCS214,male,hand,35.375,35,2,Microbiome RF,Participant-held-out nested CV
1841.F05841,30,1841,1841:NAU108,female,head,24.39375,35,1,Microbiome RF,Participant-held-out nested CV
2010.1689,22,2010,2010:15,female,head,38.56875,35,2,Microbiome RF,Participant-held-out nested CV
1841.P15105,18,1841,1841:NCS221,female,hand,25.7375,35,2,Microbiome RF,Participant-held-out nested CV
10317.000015465,69,10317,10317:f468dfbfdc239f0e3bbe1de592c866535d2e70f74b05af2999cd5ac5b39818383c58a904146c605bc773f87fac2da08ddde7d4bedced3110d5c1d3b15657f73e,male,hand,44.5875,35,4,Microbiome RF,Participant-held-out nested CV
1841.F05845,22,1841,1841:NAU133,male,head,22.43125,34,3,Microbiome RF,Participant-held-out nested CV
1841.P15130,19,1841,1841:NCS233,male,hand,25.1875,35,2,Microbiome RF,Participant-held-out nested CV
1841.P15132,18,1841,1841:NCS232,female,hand,24.26875,35,2,Microbiome RF,Participant-held-out nested CV
10317.000003299,61,10317,10317:e7639c4697365b2cdd0af17e85e19fae656bebe2ca231e4057397460de8a06886fbdc663413a68e30c542241a5d4a8765a2affefbadf0e387eda6d67a72749a0,male,head,43.5875,34,3,Microbiome RF,Participant-held-out nested CV
1841.F06059,27,1841,1841:NCS253,female,head,27.51875,35,2,Microbiome RF,Participant-held-out nested CV
1841.F06055,27,1841,1841:NCS253,female,head,30.44375,35,2,Microbiome RF,Participant-held-out nested CV
1841.F06057,20,1841,1841:NCS263,male,head,27.23125,35,1,Microbiome RF,Participant-held-out nested CV
1841.P15683,29,1841,1841:CUB011,female,hand,23.8,35,4,Microbiome RF,Participant-held-out nested CV
10317.000007034,43,10317,10317:24db95a0fff05317ac8b5599cf1761f34d17a8c471ebd2076362229133486e3aacd033d8185a95ec741839e8194f0f1ea58128c7c0ff69e8f994f15d4f5e3f1d,male,head,45.425,35,4,Microbiome RF,Participant-held-out nested CV
10317.000005431,36,10317,10317:ca094c456996ab8a9ad0f33489c86fed9f280451a6cc84da275911ae7897e6bad66f0f5976a12854a9da9b8e65cc31dc6c689b846ae257ca5841dd6d1296e0ec,unknown,hand,40.825,35,0,Microbiome RF,Participant-held-out nested CV
10317.000005430,36,10317,10317:ca094c456996ab8a9ad0f33489c86fed9f280451a6cc84da275911ae7897e6bad66f0f5976a12854a9da9b8e65cc31dc6c689b846ae257ca5841dd6d1296e0ec,unknown,hand,41.54375,35,0,Microbiome RF,Participant-held-out nested CV
10317.000005432,36,10317,10317:ca094c456996ab8a9ad0f33489c86fed9f280451a6cc84da275911ae7897e6bad66f0f5976a12854a9da9b8e65cc31dc6c689b846ae257ca5841dd6d1296e0ec,unknown,head,40.475,35,0,Microbiome RF,Participant-held-out nested CV
1841.F06550,22,1841,1841:CUB040,male,head,28.40625,35,2,Microbiome RF,Participant-held-out nested CV
1841.F06557,20,1841,1841:CUB010,female,head,23.8125,35,4,Microbiome RF,Participant-held-out nested CV
1841.F06004,20,1841,1841:NCS210,female,head,22.9375,35,1,Microbiome RF,Participant-held-out nested CV
1841.F05583,22,1841,1841:NAU133,male,head,22.2125,34,3,Microbiome RF,Participant-held-out nested CV
1841.F05580,21,1841,1841:NAU153,female,head,21.76875,35,1,Microbiome RF,Participant-held-out nested CV
1841.F05588,21,1841,1841:NAU124,female,head,22.1875,35,0,Microbiome RF,Participant-held-out nested CV
1841.F05365,18,1841,1841:NCS213,female,head,24.89375,35,4,Microbiome RF,Participant-held-out nested CV
1841.F05361,24,1841,1841:NCS245,female,head,26.3625,35,2,Microbiome RF,Participant-held-out nested CV
1841.F06488,21,1841,1841:CUB038,female,head,26.91875,35,2,Microbiome RF,Participant-held-out nested CV
1841.F06485,20,1841,1841:CUB008,male,head,22.2625,35,4,Microbiome RF,Participant-held-out nested CV
1841.F06484,22,1841,1841:CUB007,female,head,22.8,35,2,Microbiome RF,Participant-held-out nested CV
1841.F06483,21,1841,1841:CUB000,female,head,23.55625,35,2,Microbiome RF,Participant-held-out nested CV
1841.F06481,20,1841,1841:CUB005,female,head,23.975,35,4,Microbiome RF,Participant-held-out nested CV
1841.P16569,41,1841,1841:CUB050,female,hand,27.44375,35,0,Microbiome RF,Participant-held-out nested CV
1841.P16568,22,1841,1841:CUB048,female,hand,27.8125,35,1,Microbiome RF,Participant-held-out nested CV
1841.P16563,23,1841,1841:CUB053,female,hand,26.19375,34,3,Microbiome RF,Participant-held-out nested CV
1841.P16562,22,1841,1841:CUB048,female,hand,26.44375,35,1,Microbiome RF,Participant-held-out nested CV
1841.P16561,21,1841,1841:CUB044,male,hand,22.7375,35,0,Microbiome RF,Participant-held-out nested CV
1841.P16567,20,1841,1841:CUB049,female,hand,22.175,35,4,Microbiome RF,Participant-held-out nested CV
1841.P16566,41,1841,1841:CUB050,female,hand,25.4625,35,0,Microbiome RF,Participant-held-out nested CV
1841.P16565,21,1841,1841:CUB038,female,hand,22.44375,35,2,Microbiome RF,Participant-held-out nested CV
1841.P16564,20,1841,1841:CUB005,female,hand,22.94375,35,4,Microbiome RF,Participant-held-out nested CV
10317.000002874,72,10317,10317:9b31e31bf0d472e6a54940cdb8e6b0d019f0fb7b65bd335d54bd01c9fab69bd4d1dc62daf2e3866ab5fbff6c481867676633b204ea04a415899d3087ff6041b9,male,hand,37.4875,35,4,Microbiome RF,Participant-held-out nested CV
10317.000028916,73,10317,10317:f683242e74204128eb6f0c48f059f9cc0f82c39979573e92a85625acbd1daa1c25397a2b8f8904604e543f3f09aaad3960234f5612a616d2bc9c639e9be3e5b9,female,head,43.375,35,2,Microbiome RF,Participant-held-out nested CV
10317.000031912,54,10317,10317:0c3091f23d30ee5b470301f691493df51f63050506428f17d14304a92cb2773c926aa8302e810812195b2fb3442ae4405b25774e783a0dea0554adffa5e317c5,female,hand,42.99375,35,0,Microbiome RF,Participant-held-out nested CV
10317.000031910,54,10317,10317:0c3091f23d30ee5b470301f691493df51f63050506428f17d14304a92cb2773c926aa8302e810812195b2fb3442ae4405b25774e783a0dea0554adffa5e317c5,female,head,43.88125,35,0,Microbiome RF,Participant-held-out nested CV
2010.3092,31,2010,2010:41,female,head,32.54375,34,3,Microbiome RF,Participant-held-out nested CV
10317.000026072,42,10317,10317:d8c91d966b0e79c63575c2bf1ca811089c2e6f59c115850da307c43a39d0d4f9e3fea903d8a626f02f4f4d5d7f4da9fc7117333b148c82d8342d4ba550b09c59,female,head,40.21875,35,2,Microbiome RF,Participant-held-out nested CV
2010.2902,24,2010,2010:37,female,head,26.2875,35,1,Microbiome RF,Participant-held-out nested CV
2010.2946,23,2010,2010:39,female,head,27.1375,34,3,Microbiome RF,Participant-held-out nested CV
1841.F05110,20,1841,1841:NAU119,male,head,22.5,35,1,Microbiome RF,Participant-held-out nested CV
1841.F05111,20,1841,1841:NAU121,female,head,24.74375,35,2,Microbiome RF,Participant-held-out nested CV
1841.F05113,21,1841,1841:NAU124,female,head,24.475,35,0,Microbiome RF,Participant-held-out nested CV
1841.F05116,21,1841,1841:NAU124,female,head,22.71875,35,0,Microbiome RF,Participant-held-out nested CV
1841.F05117,26,1841,1841:NAU146,female,head,23.20625,35,4,Microbiome RF,Participant-held-out nested CV
1841.F05119,21,1841,1841:NAU106,female,head,21.6875,35,4,Microbiome RF,Participant-held-out nested CV
1841.P15279,22,1841,1841:CUB007,female,hand,23.31875,35,2,Microbiome RF,Participant-held-out nested CV
10317.000049825,38,10317,10317:810a1cfb40a1b8da310e777113e7a6fa79ef435b2348c768e4213fd5c5dc7e3b2dfebad107eeb75d35a31c7a30a00b8e06c8bf1e32f03c95301328ac8be56fbf,male,hand,44.7625,35,0,Microbiome RF,Participant-held-out nested CV
1841.P16602,22,1841,1841:CUB040,male,hand,30.4125,35,2,Microbiome RF,Participant-held-out nested CV
1841.P16603,21,1841,1841:CUB033,female,hand,22.75,35,2,Microbiome RF,Participant-held-out nested CV
1841.P16600,21,1841,1841:CUB003,female,hand,27.73125,35,4,Microbiome RF,Participant-held-out nested CV
1841.P16601,21,1841,1841:CUB012,female,hand,24.14375,35,0,Microbiome RF,Participant-held-out nested CV
1841.P15111,18,1841,1841:NCS213,female,hand,24.5625,35,4,Microbiome RF,Participant-held-out nested CV
1841.P15117,27,1841,1841:NCS214,male,hand,31.7,35,2,Microbiome RF,Participant-held-out nested CV
1841.P15114,27,1841,1841:NCS214,male,hand,26.66875,35,2,Microbiome RF,Participant-held-out nested CV
1841.F06039,23,1841,1841:NCS203,female,head,25.15625,35,2,Microbiome RF,Participant-held-out nested CV
1841.F06034,23,1841,1841:NCS243,male,head,22.09375,35,1,Microbiome RF,Participant-held-out nested CV
10317.000063351,29,10317,10317:e8fffa963380c63cba1d064de83b3a91000831ddbab3f8b56168ee1903063a0900f0a9b07f79b2f4a728ad7af62c82a718d51b95ccc1f12d6d1d3ce257c151f7,female,hand,32.50625,35,2,Microbiome RF,Participant-held-out nested CV
1841.P15803,21,1841,1841:NAU154,female,hand,22.1875,35,1,Microbiome RF,Participant-held-out nested CV
10317.000063171,29,10317,10317:03c0867966fe2299eb3b09291d5f0834310bdf5fceed9c9b7b397570bf8f2d2adaeb945c824ff0cb407abaf691b8173cfa03c4f8eb17e6dd9f6eda17502e66e4,male,hand,33.74375,35,2,Microbiome RF,Participant-held-out nested CV
2010.2690,26,2010,2010:33,female,head,26.475,34,3,Microbiome RF,Participant-held-out nested CV
1841.P15990,23,1841,1841:CUB028,male,hand,23.48125,35,0,Microbiome RF,Participant-held-out nested CV
1841.P15997,36,1841,1841:CUB042,male,hand,34.925,35,0,Microbiome RF,Participant-held-out nested CV
1841.F05569,20,1841,1841:NAU115,male,head,22.375,34,3,Microbiome RF,Participant-held-out nested CV
1841.F05568,37,1841,1841:NAU148,male,head,23.35625,35,0,Microbiome RF,Participant-held-out nested CV
1841.F05561,21,1841,1841:NAU106,female,head,21.7125,35,4,Microbiome RF,Participant-held-out nested CV
1841.F05560,21,1841,1841:NAU154,female,head,21.9,35,1,Microbiome RF,Participant-held-out nested CV
1841.F05562,21,1841,1841:NAU124,female,head,22.55625,35,0,Microbiome RF,Participant-held-out nested CV
1841.F05565,20,1841,1841:NAU121,female,head,23.075,35,2,Microbiome RF,Participant-held-out nested CV
10317.000015152,25,10317,10317:bf103398cbf34d2fdf0ce89d2a4729ec061457ba078a27fff88e775557fa7a6206e6693e016f411dfc8700f10c5787107d76b31f1914db25cee356c3ffb2ee1c,male,hand,40.625,35,4,Microbiome RF,Participant-held-out nested CV
1841.F05567,22,1841,1841:NAU164,male,head,25.75625,35,0,Microbiome RF,Participant-held-out nested CV
1841.P15195,19,1841,1841:NCS233,male,hand,24.2,35,2,Microbiome RF,Participant-held-out nested CV
10317.000015154,25,10317,10317:bf103398cbf34d2fdf0ce89d2a4729ec061457ba078a27fff88e775557fa7a6206e6693e016f411dfc8700f10c5787107d76b31f1914db25cee356c3ffb2ee1c,male,head,40.5,35,4,Microbiome RF,Participant-held-out nested CV
2010.2201,22,2010,2010:29,female,head,35.925,35,0,Microbiome RF,Participant-held-out nested CV
1841.F06345,20,1841,1841:CUB036,female,head,22.54375,35,1,Microbiome RF,Participant-held-out nested CV
10317.000047841,56,10317,10317:0bcb4e3d31b0b117c3b6fa86fc51584ae6a9aa505a981882486f137cc53b9ca3d82e6e63f354b102ed104a17e902d66783bd63854c3549b887a4be67e55128ab,female,hand,41.3,34,3,Microbiome RF,Participant-held-out nested CV
1841.F06437,21,1841,1841:CUB044,male,head,25.2125,35,0,Microbiome RF,Participant-held-out nested CV
1841.F06434,20,1841,1841:CUB049,female,head,23.275,35,4,Microbiome RF,Participant-held-out nested CV
1841.F06435,41,1841,1841:CUB050,female,head,28.20625,35,0,Microbiome RF,Participant-held-out nested CV
10317.000049807,66,10317,10317:4863e557347469643abb13187a4c07e6d82a136b7e8ada704bcc1c6ea30fc2961e36855c2dfe883650d88cef48ae1161802be7c3b874b5f003569b1f51adc309,female,hand,43.74375,35,4,Microbiome RF,Participant-held-out nested CV
1841.P15377,23,1841,1841:NCS244,female,hand,23.58125,35,4,Microbiome RF,Participant-held-out nested CV
1841.F05314,23,1841,1841:NCS203,female,head,29.33125,35,2,Microbiome RF,Participant-held-out nested CV
1841.F06489,21,1841,1841:CUB012,female,head,27.7625,35,0,Microbiome RF,Participant-held-out nested CV
1841.F06487,21,1841,1841:CUB032,female,head,22.9125,35,0,Microbiome RF,Participant-held-out nested CV
1841.P15378,22,1841,1841:NCS255,female,hand,22.125,35,0,Microbiome RF,Participant-held-out nested CV
1841.F05177,26,1841,1841:NAU146,female,head,26.8625,35,4,Microbiome RF,Participant-held-out nested CV
10317.000005088,34,10317,10317:b74b978649567cb54fc875fffd91ae1e96fe51d67ba3b37beafd17700ef6cc8174703285ab46d656b674c96a535fb1c24429eee1b4c50b47eedb924ba7c66a50,male,head,44.95,35,4,Microbiome RF,Participant-held-out nested CV
1841.F05170,25,1841,1841:NAU157,male,head,24.96875,35,4,Microbiome RF,Participant-held-out nested CV
10317.000005084,34,10317,10317:b74b978649567cb54fc875fffd91ae1e96fe51d67ba3b37beafd17700ef6cc8174703285ab46d656b674c96a535fb1c24429eee1b4c50b47eedb924ba7c66a50,male,hand,44.375,35,4,Microbiome RF,Participant-held-out nested CV
10317.000005086,34,10317,10317:b74b978649567cb54fc875fffd91ae1e96fe51d67ba3b37beafd17700ef6cc8174703285ab46d656b674c96a535fb1c24429eee1b4c50b47eedb924ba7c66a50,male,hand,44.33125,35,4,Microbiome RF,Participant-held-out nested CV
10317.000005081,33,10317,10317:a29fd754368cde4d06c428f68fac03a5f07bc4192f8ad6f00b4dead3a90b4f2a07cda53d353c8eebcdf472b25a87cc69592d2bcf0fae7f901a0ee6e9cff063c9,male,hand,38.4375,35,2,Microbiome RF,Participant-held-out nested CV
10317.000005083,33,10317,10317:a29fd754368cde4d06c428f68fac03a5f07bc4192f8ad6f00b4dead3a90b4f2a07cda53d353c8eebcdf472b25a87cc69592d2bcf0fae7f901a0ee6e9cff063c9,male,hand,39.2375,35,2,Microbiome RF,Participant-held-out nested CV
2010.2072,32,2010,2010:19,female,head,42.86875,34,3,Microbiome RF,Participant-held-out nested CV
10317.000015330,35,10317,10317:6eb269d94d6e32fa517a561269634737fc4de40944d6d037a2c1e867bbe9e8d13686a131c81709f95eabe5834b99badd054994b1cf967842aaca451c97a22451,female,head,37.2625,35,1,Microbiome RF,Participant-held-out nested CV
10317.000033403,37,10317,10317:8a84e546f33305e110f2059f0c1a87a533d58f09e3ae2fd4519dcf3418d8d566956b23eebebef879dda59b2ae8ba5c775acf7a5181d6b381697b949a1c8cefc6,male,head,43.3375,34,3,Microbiome RF,Participant-held-out nested CV
10317.000038318,45,10317,10317:3b7d34b44f72e95e00448cb043d5340d44117ce7280c30460dfe394894b0822d4c1583a47eb25eb49e50c149a7e5dc6a736132da19792ffbd2156208e0e9cebf,male,head,45.29375,35,4,Microbiome RF,Participant-held-out nested CV
10317.000030411,36,10317,10317:a1b4c9ec5f8710558bd4a7d34cd680ebd077aa972f77ae2c7a80904262a269846af690c0af56eec73473625b15e9b30c4413c0ced557f3aeebbcbdbbb0b28698,male,head,44.9,34,3,Microbiome RF,Participant-held-out nested CV
1841.F06540,22,1841,1841:CUB004,female,head,25.6875,35,4,Microbiome RF,Participant-held-out nested CV
1841.F06546,22,1841,1841:CUB048,female,head,26.49375,35,1,Microbiome RF,Participant-held-out nested CV
1841.F06012,23,1841,1841:NCS244,female,head,24.075,35,4,Microbiome RF,Participant-held-out nested CV
1841.F06545,20,1841,1841:CUB051,male,head,24.56875,34,3,Microbiome RF,Participant-held-out nested CV
1841.F06548,20,1841,1841:CUB037,female,head,23.59375,35,0,Microbiome RF,Participant-held-out nested CV
1841.F06019,20,1841,1841:NCS263,male,head,28.34375,35,1,Microbiome RF,Participant-held-out nested CV
10317.000063152,25,10317,10317:3e74c911b962f0afc2cdf9be99137894321cd28afa86ae9be26bfba86712502c3e8a61b4db55401131c7c041ae071ba253516caa7a7f9fd61b5038eea71d7d41,female,head,34.25,35,0,Microbiome RF,Participant-held-out nested CV
1841.P15395,23,1841,1841:NCS203,female,hand,28.31875,35,2,Microbiome RF,Participant-held-out nested CV
1841.P15392,21,1841,1841:NCS262,male,hand,22.60625,34,3,Microbiome RF,Participant-held-out nested CV
1841.P15399,19,1841,1841:NCS233,male,hand,23.45,35,2,Microbiome RF,Participant-held-out nested CV
1841.P15398,22,1841,1841:NCS255,female,hand,22.04375,35,0,Microbiome RF,Participant-held-out nested CV
10317.000005167,60,10317,10317:c05d316c7a234de92fd6181929f128efb782363ffe6c343358fc3ab402b473dbf8a8138a22044ea3b02099711ecfa77358776132a3ed110a1b2153eeb178378a,male,head,44.51875,35,2,Microbiome RF,Participant-held-out nested CV
10317.000005166,60,10317,10317:c05d316c7a234de92fd6181929f128efb782363ffe6c343358fc3ab402b473dbf8a8138a22044ea3b02099711ecfa77358776132a3ed110a1b2153eeb178378a,male,hand,47.26875,35,2,Microbiome RF,Participant-held-out nested CV
10317.000005165,60,10317,10317:c05d316c7a234de92fd6181929f128efb782363ffe6c343358fc3ab402b473dbf8a8138a22044ea3b02099711ecfa77358776132a3ed110a1b2153eeb178378a,male,hand,48.525,35,2,Microbiome RF,Participant-held-out nested CV
10317.000005161,29,10317,10317:80ed9beefa64e1af619f5d370d79a21b435d10677f5b936ec3554234d47090f2a865337c8ff29f55d3cfc78a4c4fcf22efe713697872112639889bda9805a03e,male,head,49.51875,35,1,Microbiome RF,Participant-held-out nested CV
10317.000005160,29,10317,10317:80ed9beefa64e1af619f5d370d79a21b435d10677f5b936ec3554234d47090f2a865337c8ff29f55d3cfc78a4c4fcf22efe713697872112639889bda9805a03e,male,hand,47.65,35,1,Microbiome RF,Participant-held-out nested CV
10317.000012382,48,10317,10317:d4747c80cbabfa6a118ab9e828a6e01176aee5c6477c84e90565dd41303cee3f4da5c8eb4c5a5b1abcf05c6ade5c8588fb990c110d1249108ffee63923f0759d,male,hand,41.5375,34,3,Microbiome RF,Participant-held-out nested CV
1841.F05543,22,1841,1841:NAU164,male,head,24.59375,35,0,Microbiome RF,Participant-held-out nested CV
1841.F05542,21,1841,1841:CUB044,male,head,22.81875,35,0,Microbiome RF,Participant-held-out nested CV
1841.P15083,21,1841,1841:CUB012,female,hand,25.0125,35,0,Microbiome RF,Participant-held-out nested CV
10317.000027366,37,10317,10317:482345a32e3a7b9b720d6fdc686fc3e70d753e64e43afd362ef02e1fc5dd37b501623bdb8a16c51af559d1fc8a5f1aea69b6791e90ce65954b3ece776b8e4868,male,hand,43.175,35,1,Microbiome RF,Participant-held-out nested CV
1841.P15531,20,1841,1841:NAU123,male,hand,32.8625,35,2,Microbiome RF,Participant-held-out nested CV
1841.P15530,22,1841,1841:NAU137,female,hand,23.31875,35,1,Microbiome RF,Participant-held-out nested CV
1841.P15533,22,1841,1841:NAU130,female,hand,21.85,35,0,Microbiome RF,Participant-held-out nested CV
1841.P15532,21,1841,1841:NAU154,female,hand,23.13125,35,1,Microbiome RF,Participant-held-out nested CV
1841.P15534,22,1841,1841:NAU116,male,hand,24.55,34,3,Microbiome RF,Participant-held-out nested CV
1841.P15537,20,1841,1841:NAU115,male,hand,24.7875,34,3,Microbiome RF,Participant-held-out nested CV
1841.F05619,21,1841,1841:CUB000,female,head,26.80625,35,2,Microbiome RF,Participant-held-out nested CV
1841.F05615,20,1841,1841:CUB027,female,head,24.08125,35,2,Microbiome RF,Participant-held-out nested CV
1841.F05896,26,1841,1841:NAU146,female,head,24.31875,35,4,Microbiome RF,Participant-held-out nested CV
1841.F05891,20,1841,1841:NAU121,female,head,23.79375,35,2,Microbiome RF,Participant-held-out nested CV
1841.F05893,33,1841,1841:NAU144,male,head,23.75625,35,0,Microbiome RF,Participant-held-out nested CV
1841.F05613,23,1841,1841:CUB028,male,head,24.0875,35,0,Microbiome RF,Participant-held-out nested CV
1841.F05328,19,1841,1841:NCS208,female,head,24.04375,34,3,Microbiome RF,Participant-held-out nested CV
1841.F05898,24,1841,1841:NAU109,male,head,24.5375,35,2,Microbiome RF,Participant-held-out nested CV
1841.P16393,33,1841,1841:NAU144,male,hand,22.4125,35,0,Microbiome RF,Participant-held-out nested CV
10317.000015283,61,10317,10317:6cafcd38bd5d8a7ae3e097e4e76d4ec0177aa5a4b23e460bcf27496334ea6f015f92f32d33219a9b3815853580c7fa17f6fff3d39827358ac992dd98bc09b99f,male,head,42.3,35,2,Microbiome RF,Participant-held-out nested CV
10317.000015285,61,10317,10317:6cafcd38bd5d8a7ae3e097e4e76d4ec0177aa5a4b23e460bcf27496334ea6f015f92f32d33219a9b3815853580c7fa17f6fff3d39827358ac992dd98bc09b99f,male,hand,43.69375,35,2,Microbiome RF,Participant-held-out nested CV
10317.000041069,31,10317,10317:71e5fd7acb649ca95a67898db0fec25f330aaadd054f9606a2bf895d9748f5f2dbb072b66b2f8cbb341c64bf56f1d46adf1543d0cd7406a94c113f4c63d7e45a,female,hand,40.24375,35,1,Microbiome RF,Participant-held-out nested CV
10317.000041062,33,10317,10317:cc7a72730c7716b41648ac90728f72eb759bd32caaa07b60e4db721abd907a2e38b19314c602ce3a7b19a7634037bd360e4d54c532513a267152129589e536de,male,hand,39.1125,35,0,Microbiome RF,Participant-held-out nested CV
2010.1902,32,2010,2010:19,female,head,38.96875,34,3,Microbiome RF,Participant-held-out nested CV
1841.P16396,30,1841,1841:NAU155,female,hand,27.39375,35,2,Microbiome RF,Participant-held-out nested CV
10317.000004053,54,10317,10317:7c2ab4fd0ff794379f970934bd5bd789fb515903877b15c3dd2422a09212fc3a5ad62b4d2a149d5d34564a6e8e0488a0c4b1d673016c8a9c4870363225cb4059,female,hand,42.50625,35,4,Microbiome RF,Participant-held-out nested CV
10317.000049239,56,10317,10317:bd91fc26c20a7652fc421fee2aa75624e4db7f68e0e4fde846745c30bb976e46e87f9660bdf0cea293a6b1ddf22122f6376d2be385445805fa204dd33e6dc905,male,head,42.84375,35,1,Microbiome RF,Participant-held-out nested CV
10317.000036739,59,10317,10317:8fb4ad789829b8aa6b773eff2956b29d9986e3c6ee0cd5f3125d47adf2ee4adc1008098b5be94b225ac5137bcae428f6b84ede1db0d7bfe5dda5fe7f31fa3514,male,hand,42.675,35,2,Microbiome RF,Participant-held-out nested CV
1841.P15708,19,1841,1841:NAU107,female,hand,22.68125,34,3,Microbiome RF,Participant-held-out nested CV
1841.P15709,21,1841,1841:NAU161,male,hand,22.55,35,0,Microbiome RF,Participant-held-out nested CV
1841.P15706,21,1841,1841:NAU153,female,hand,22.80625,35,1,Microbiome RF,Participant-held-out nested CV
1841.P15707,21,1841,1841:NAU153,female,hand,22.33125,35,1,Microbiome RF,Participant-held-out nested CV
1841.P15704,21,1841,1841:NAU106,female,hand,22.29375,35,4,Microbiome RF,Participant-held-out nested CV
1841.F06201,37,1841,1841:NAU148,male,head,24.65625,35,0,Microbiome RF,Participant-held-out nested CV
1841.F06205,21,1841,1841:NAU124,female,head,23.43125,35,0,Microbiome RF,Participant-held-out nested CV
1841.F06208,25,1841,1841:NAU157,male,head,26.1875,35,4,Microbiome RF,Participant-held-out nested CV
2010.3050,31,2010,2010:41,female,head,35.65,34,3,Microbiome RF,Participant-held-out nested CV
10317.000028314,57,10317,10317:22d2760f969511df810ec5b468e81eb97e8822f3d303b2f72a874ee4196f9a705e1460b3be27a0a183fa9f8847872de4f8bf255567a7def57c62e260e4d758f0,male,head,40.70625,35,0,Microbiome RF,Participant-held-out nested CV
1841.F05158,22,1841,1841:NAU133,male,head,25.28125,34,3,Microbiome RF,Participant-held-out nested CV
1841.F05155,19,1841,1841:NAU107,female,head,22.9625,34,3,Microbiome RF,Participant-held-out nested CV
1841.F05157,20,1841,1841:NAU110,female,head,27.26875,34,3,Microbiome RF,Participant-held-out nested CV
1841.F05151,22,1841,1841:NAU137,female,head,21.7375,35,1,Microbiome RF,Participant-held-out nested CV
10317.000068998,29,10317,10317:fad8ec3f3e1d0020041ba9c117373e6abfd242b0ece7d768af390422eb907827a7ac8fb22732c500478dcf1ab82bd83ed997d23b1233bce38d043d35edf8f47c,unknown,hand,36.43125,35,1,Microbiome RF,Participant-held-out nested CV
10317.000068991,29,10317,10317:fad8ec3f3e1d0020041ba9c117373e6abfd242b0ece7d768af390422eb907827a7ac8fb22732c500478dcf1ab82bd83ed997d23b1233bce38d043d35edf8f47c,unknown,head,43.66875,35,1,Microbiome RF,Participant-held-out nested CV
10317.000005069,62,10317,10317:95709cc58235ffbd909b031216643693df4dbc827ae14fc247eebb0528bfbea20bc16e3572da9168ccfd0829b33c756aa63ed4ce9ba244ce6bdf5ef97c44e85f,female,head,49.58125,35,0,Microbiome RF,Participant-held-out nested CV
1841.P16399,24,1841,1841:NAU109,male,hand,24.58125,35,2,Microbiome RF,Participant-held-out nested CV
1841.P16391,55,1841,1841:NAU149,male,hand,28.9125,35,1,Microbiome RF,Participant-held-out nested CV
1841.P16394,28,1841,1841:NAU103,female,hand,24.4375,35,1,Microbiome RF,Participant-held-out nested CV
1841.P16424,22,1841,1841:NCS255,female,hand,23.05625,35,0,Microbiome RF,Participant-held-out nested CV
1841.P16507,22,1841,1841:CUB004,female,hand,36.98125,35,4,Microbiome RF,Participant-held-out nested CV
1841.F06568,21,1841,1841:CUB038,female,head,22.30625,35,2,Microbiome RF,Participant-held-out nested CV
10317.000063315,25,10317,10317:42aad521c038df949fad8060826afdde769401bb8b33ad632fd3209cd6d04c4e5106446ce4aef7bc16b30a904ca2d9896b24cf2ebff3881ae31264873b61c661,male,hand,36.79375,35,4,Microbiome RF,Participant-held-out nested CV
1841.F06560,20,1841,1841:CUB005,female,head,24.54375,35,4,Microbiome RF,Participant-held-out nested CV
1841.F06563,20,1841,1841:CUB027,female,head,25.21875,35,2,Microbiome RF,Participant-held-out nested CV
1841.F06564,23,1841,1841:CUB053,female,head,22.63125,34,3,Microbiome RF,Participant-held-out nested CV
1841.F06565,41,1841,1841:CUB050,female,head,25.75,35,0,Microbiome RF,Participant-held-out nested CV
1841.F06566,20,1841,1841:CUB049,female,head,23.7125,35,4,Microbiome RF,Participant-held-out nested CV
1841.F06567,21,1841,1841:CUB032,female,head,22.28125,35,0,Microbiome RF,Participant-held-out nested CV
1841.P16184,32,1841,1841:NAU102,unknown,hand,22.925,35,1,Microbiome RF,Participant-held-out nested CV
10317.000049004,28,10317,10317:1c1595cde947e2229328634b1257ec5f5c6bf890d5eb88d65618fda2567f5b28fe935303746ce0cd8771db48dc0a929a39b186bfef9fe0ee516d2a408a7ff58d,female,hand,34.44375,35,4,Microbiome RF,Participant-held-out nested CV
10317.000049005,28,10317,10317:1c1595cde947e2229328634b1257ec5f5c6bf890d5eb88d65618fda2567f5b28fe935303746ce0cd8771db48dc0a929a39b186bfef9fe0ee516d2a408a7ff58d,female,hand,36.95,35,4,Microbiome RF,Participant-held-out nested CV
10317.000049008,28,10317,10317:1c1595cde947e2229328634b1257ec5f5c6bf890d5eb88d65618fda2567f5b28fe935303746ce0cd8771db48dc0a929a39b186bfef9fe0ee516d2a408a7ff58d,female,head,41.4375,35,4,Microbiome RF,Participant-held-out nested CV
2010.2244,23,2010,2010:31,female,head,40.975,35,0,Microbiome RF,Participant-held-out nested CV
1841.P15517,33,1841,1841:NAU144,male,hand,27.7,35,0,Microbiome RF,Participant-held-out nested CV
1841.P15515,20,1841,1841:NAU119,male,hand,22.7375,35,1,Microbiome RF,Participant-held-out nested CV
1841.P15513,25,1841,1841:NAU157,male,hand,30.675,35,4,Microbiome RF,Participant-held-out nested CV
1841.P15512,24,1841,1841:NAU109,male,hand,23.48125,35,2,Microbiome RF,Participant-held-out nested CV
1841.P15511,20,1841,1841:NAU119,male,hand,21.45,35,1,Microbiome RF,Participant-held-out nested CV
1841.P15519,20,1841,1841:NAU121,female,hand,28.06875,35,2,Microbiome RF,Participant-held-out nested CV
1841.F05001,22,1841,1841:NCS255,female,head,22.28125,35,0,Microbiome RF,Participant-held-out nested CV
1841.F05525,20,1841,1841:NAU123,male,head,23.21875,35,2,Microbiome RF,Participant-held-out nested CV
1841.F05527,33,1841,1841:NAU144,male,head,24.34375,35,0,Microbiome RF,Participant-held-out nested CV
1841.F05521,19,1841,1841:NAU107,female,head,25.73125,34,3,Microbiome RF,Participant-held-out nested CV
1841.F05523,20,1841,1841:NAU115,male,head,24.975,34,3,Microbiome RF,Participant-held-out nested CV
10317.000010131,58,10317,10317:18f2e49afddb67b3c360c48826bfc2787ccc26e275825c6dd9afebc62893f5e57bcee0a02aedb777006db6eb53183d6c85508ad34d318c8120de7628c5f74232,female,head,45.075,35,0,Microbiome RF,Participant-held-out nested CV
1841.F05529,22,1841,1841:NAU137,female,head,22.49375,35,1,Microbiome RF,Participant-held-out nested CV
10317.000014483,35,10317,10317:93f03cfc2b6cd24d3e180ee0e8ddfaeabf4cd6cc8b2903861331b9492f02b3479c33fd6cf6ffb699ef212d9c6ec30f938596135b291ff81bd334193c180f7858,female,head,43.63125,34,3,Microbiome RF,Participant-held-out nested CV
1841.F06490,23,1841,1841:CUB056,male,head,26.4375,35,2,Microbiome RF,Participant-held-out nested CV
1841.F06492,36,1841,1841:CUB042,male,head,27.475,35,0,Microbiome RF,Participant-held-out nested CV
1841.P16099,20,1841,1841:NAU110,female,hand,31.4625,34,3,Microbiome RF,Participant-held-out nested CV
1841.P16098,30,1841,1841:NAU155,female,hand,25.25625,35,2,Microbiome RF,Participant-held-out nested CV
1841.P16093,21,1841,1841:NAU124,female,hand,22.375,35,0,Microbiome RF,Participant-held-out nested CV
1841.P16094,37,1841,1841:NAU148,male,hand,23.89375,35,0,Microbiome RF,Participant-held-out nested CV
10317.000069003,22,10317,10317:6c9d8d2f421f87624a87ae9bbee457570d9633bf4eaf97f36b65a13462bc290706c4dec83b825a291b12b7a777d237b75c8f935a0f1de4e6ee5b105ab5de7c0c,male,head,39.3625,35,4,Microbiome RF,Participant-held-out nested CV
10317.000002296,59,10317,10317:1cdc297c8f2ba505978edaff0ca8a91960f6e37bcadd2d77435d2c65097bb57ad3ff6cc0fa9a2fb4694f352f0371cbd3faae7bad89ff335242858790807507c1,female,hand,46.8375,34,3,Microbiome RF,Participant-held-out nested CV
10317.000063159,25,10317,10317:3e74c911b962f0afc2cdf9be99137894321cd28afa86ae9be26bfba86712502c3e8a61b4db55401131c7c041ae071ba253516caa7a7f9fd61b5038eea71d7d41,female,hand,33.05625,35,0,Microbiome RF,Participant-held-out nested CV
1841.P15720,21,1841,1841:NAU124,female,hand,22.15,35,0,Microbiome RF,Participant-held-out nested CV
1841.P15724,32,1841,1841:NAU150,female,hand,25.20625,35,0,Microbiome RF,Participant-held-out nested CV
1841.P15726,55,1841,1841:NAU149,male,hand,31.61875,35,1,Microbiome RF,Participant-held-out nested CV
1841.P15727,25,1841,1841:NAU157,male,hand,27.375,35,4,Microbiome RF,Participant-held-out nested CV
1841.P15728,20,1841,1841:NAU110,female,hand,29.55625,34,3,Microbiome RF,Participant-held-out nested CV
1841.F06226,55,1841,1841:NAU149,male,head,28.21875,35,1,Microbiome RF,Participant-held-out nested CV
1841.F06225,21,1841,1841:NAU153,female,head,22.6375,35,1,Microbiome RF,Participant-held-out nested CV
1841.F06224,37,1841,1841:NAU148,male,head,24.7375,35,0,Microbiome RF,Participant-held-out nested CV
1841.F06220,20,1841,1841:NAU123,male,head,22.3,35,2,Microbiome RF,Participant-held-out nested CV
2010.2380,23,2010,2010:31,female,head,25.04375,35,0,Microbiome RF,Participant-held-out nested CV
10317.000003441,50,10317,10317:bd5a894e45bb2eb6713f65d285f8814cb96d0de3ef15bb170f5968bc039588919fa9f9ed4ad18689cb92997342c0e17279efd41f4e2f858e6075291cd2fd04d7,female,hand,41.575,35,2,Microbiome RF,Participant-held-out nested CV
10317.000031898,34,10317,10317:f7d599694238b74a09daca6c98fc12816a2f8fb52871032650e28d1b3817096404a96c1f0c84c57d6c558db1c22e281e2af87b6fe26c5b1727f23ea6fd789556,male,head,40.86875,35,1,Microbiome RF,Participant-held-out nested CV
10317.000005221,40,10317,10317:1d0709acc0c4aa263f168023a3a96ba1e15b95b6c4da81b87f5ddab0fd7d047df0459ece7e25369bc5583a334c204f19a8ed16ff150ddaef72703a971dafa3b9,male,hand,42.125,35,1,Microbiome RF,Participant-held-out nested CV
10317.000005222,40,10317,10317:1d0709acc0c4aa263f168023a3a96ba1e15b95b6c4da81b87f5ddab0fd7d047df0459ece7e25369bc5583a334c204f19a8ed16ff150ddaef72703a971dafa3b9,male,head,42.5,35,1,Microbiome RF,Participant-held-out nested CV
2010.1665,22,2010,2010:15,female,head,33.94375,35,2,Microbiome RF,Participant-held-out nested CV
1841.P16401,21,1841,1841:NAU124,female,hand,22.03125,35,0,Microbiome RF,Participant-held-out nested CV
1841.P16404,23,1841,1841:NCS203,female,hand,27.2125,35,2,Microbiome RF,Participant-held-out nested CV
1841.P16406,23,1841,1841:NCS244,female,hand,22.8125,35,4,Microbiome RF,Participant-held-out nested CV
10317.000009650,53,10317,10317:b565af2054e502f6e52e66e3de2b5e2199b3a8637ef66233b06e6fe02859801a1bae272653dde3b99ca69985f5434f1a2cdf4fde7507455f5740cc3df03b878c,female,head,42.76875,35,4,Microbiome RF,Participant-held-out nested CV
1841.F06508,23,1841,1841:CUB056,male,head,30.0125,35,2,Microbiome RF,Participant-held-out nested CV
1841.F06509,22,1841,1841:CUB004,female,head,27.9,35,4,Microbiome RF,Participant-held-out nested CV
1841.F06507,22,1841,1841:CUB007,female,head,22.55,35,2,Microbiome RF,Participant-held-out nested CV
1841.F06505,20,1841,1841:CUB010,female,head,23.625,35,4,Microbiome RF,Participant-held-out nested CV
1841.F06502,21,1841,1841:CUB038,female,head,22.13125,35,2,Microbiome RF,Participant-held-out nested CV
1841.F06503,20,1841,1841:CUB027,female,head,22.86875,35,2,Microbiome RF,Participant-held-out nested CV
1841.F06500,29,1841,1841:CUB011,female,head,26.55625,35,4,Microbiome RF,Participant-held-out nested CV
10317.000049845,35,10317,10317:88f4fbcf0ceb456e7f8e8447af039f0dc2670ad52972600d23a04b60152370409f6b57086023803ce52591376f998806f80e260d50d06764bbb66d26d1b5553e,female,hand,39.06875,34,3,Microbiome RF,Participant-held-out nested CV
10317.000063196,38,10317,10317:441ac85e1bd02fd74bfe5cd7d33fc7e79af9e5986e7d55e177b00f2dadef7b37442c83e626aa9eec53feaf0e250a42f14f03b147a269cd1c57142e99e994ff08,male,hand,50.1,35,4,Microbiome RF,Participant-held-out nested CV
1841.F05548,22,1841,1841:NAU130,female,head,21.88125,35,0,Microbiome RF,Participant-held-out nested CV
10317.000069135,34,10317,10317:2fe8dc51162640ecda81c266c7b13a12fa0b362550125c042231ebf311ae65b5597119ff4c21bc3e0d2daf7c54569db93c6d59b2cd8c7abd7c7e43d806b66718,male,head,38.5125,34,3,Microbiome RF,Participant-held-out nested CV
1841.F05091,27,1841,1841:NCS253,female,head,29.24375,35,2,Microbiome RF,Participant-held-out nested CV
1841.P15579,21,1841,1841:NAU124,female,hand,22.64375,35,0,Microbiome RF,Participant-held-out nested CV
1841.P15570,20,1841,1841:NAU115,male,hand,24.3,34,3,Microbiome RF,Participant-held-out nested CV
1841.P15573,21,1841,1841:NAU124,female,hand,22.86875,35,0,Microbiome RF,Participant-held-out nested CV
1841.P15572,21,1841,1841:NAU153,female,hand,21.3375,35,1,Microbiome RF,Participant-held-out nested CV
1841.F05059,20,1841,1841:NCS263,male,head,27.05,35,1,Microbiome RF,Participant-held-out nested CV
1841.F05058,22,1841,1841:NCS212,female,head,23.7875,35,4,Microbiome RF,Participant-held-out nested CV
1841.F05051,22,1841,1841:NCS255,female,head,21.81875,35,0,Microbiome RF,Participant-held-out nested CV
1841.F05053,27,1841,1841:NCS253,female,head,31.06875,35,2,Microbiome RF,Participant-held-out nested CV
1841.F05500,22,1841,1841:NAU137,female,head,21.95,35,1,Microbiome RF,Participant-held-out nested CV
1841.F05055,22,1841,1841:NCS255,female,head,22.94375,35,0,Microbiome RF,Participant-held-out nested CV
1841.F05056,21,1841,1841:NAU161,male,head,25.8875,35,0,Microbiome RF,Participant-held-out nested CV
10317.000020406,21,10317,10317:067f46a4c1905f4c5da538e403fcc7d5af159a01e7cf12222f38ba20baa75d47585bf073da073889ebf123e47d4d51985f22c2591db7d64cd298c3fefa779aaa,female,head,36.68125,35,1,Microbiome RF,Participant-held-out nested CV
1841.F06436,21,1841,1841:CUB003,female,head,26.18125,35,4,Microbiome RF,Participant-held-out nested CV
10317.000015253,34,10317,10317:b74b978649567cb54fc875fffd91ae1e96fe51d67ba3b37beafd17700ef6cc8174703285ab46d656b674c96a535fb1c24429eee1b4c50b47eedb924ba7c66a50,male,hand,39.29375,35,4,Microbiome RF,Participant-held-out nested CV
10317.000015252,34,10317,10317:b74b978649567cb54fc875fffd91ae1e96fe51d67ba3b37beafd17700ef6cc8174703285ab46d656b674c96a535fb1c24429eee1b4c50b47eedb924ba7c66a50,male,head,40.4125,35,4,Microbiome RF,Participant-held-out nested CV
10317.000015255,34,10317,10317:b74b978649567cb54fc875fffd91ae1e96fe51d67ba3b37beafd17700ef6cc8174703285ab46d656b674c96a535fb1c24429eee1b4c50b47eedb924ba7c66a50,male,hand,38.7875,35,4,Microbiome RF,Participant-held-out nested CV
10317.000049745,64,10317,10317:b03b7d707e125ba38f6ae4345eb6389f63c2caed719f3d69552e392dbe3d40c17b9f8b97c1e801df3731171dea8ebdb990b7f88d87da78c626beccba0003cf7f,female,head,47.15625,35,0,Microbiome RF,Participant-held-out nested CV
1841.P15361,27,1841,1841:NCS253,female,hand,28.83125,35,2,Microbiome RF,Participant-held-out nested CV
10317.000063291,29,10317,10317:c78075767b35e039a0b606f8a727e3fc3e2823715abe6a1c7c9956e664a6ff667e1ed5a2426907b56b3a7776221005afb7b5f38d5a651d25074abdbea76cec2f,male,hand,42.21875,35,2,Microbiome RF,Participant-held-out nested CV
1841.P15963,20,1841,1841:CUB010,female,hand,23.6125,35,4,Microbiome RF,Participant-held-out nested CV
1841.P15960,20,1841,1841:CUB036,female,hand,22.60625,35,1,Microbiome RF,Participant-held-out nested CV
1841.P15742,20,1841,1841:NAU110,female,hand,29.15625,34,3,Microbiome RF,Participant-held-out nested CV
1841.P15743,30,1841,1841:NAU155,female,hand,26.15,35,2,Microbiome RF,Participant-held-out nested CV
1841.P15740,55,1841,1841:NAU149,male,hand,25.45625,35,1,Microbiome RF,Participant-held-out nested CV
1841.P15965,21,1841,1841:CUB029,male,hand,23.5,35,2,Microbiome RF,Participant-held-out nested CV
1841.P15969,20,1841,1841:CUB051,male,hand,36.53125,34,3,Microbiome RF,Participant-held-out nested CV
1841.P15748,22,1841,1841:NAU164,male,hand,24.8875,35,0,Microbiome RF,Participant-held-out nested CV
10317.000035234,69,10317,10317:f468dfbfdc239f0e3bbe1de592c866535d2e70f74b05af2999cd5ac5b39818383c58a904146c605bc773f87fac2da08ddde7d4bedced3110d5c1d3b15657f73e,male,head,45.45625,35,4,Microbiome RF,Participant-held-out nested CV
1841.F06249,30,1841,1841:NAU155,female,head,27.0125,35,2,Microbiome RF,Participant-held-out nested CV
1841.F06243,55,1841,1841:NAU149,male,head,30.84375,35,1,Microbiome RF,Participant-held-out nested CV
1841.F06242,37,1841,1841:NAU148,male,head,24.4125,35,0,Microbiome RF,Participant-held-out nested CV
10317.000049905,69,10317,10317:f468dfbfdc239f0e3bbe1de592c866535d2e70f74b05af2999cd5ac5b39818383c58a904146c605bc773f87fac2da08ddde7d4bedced3110d5c1d3b15657f73e,male,hand,43.50625,35,4,Microbiome RF,Participant-held-out nested CV
10317.000063219,34,10317,10317:a392cbf64e250298f990fe6714ca17e38472972feee9471db99da4dfcfd1fe8b106d9ec41e004081362ba7728e8ac7a9d25f3b658d31bc856798d1c4eabb81c0,male,hand,36.0625,35,4,Microbiome RF,Participant-held-out nested CV
10317.000015064,71,10317,10317:6cd87aca8624e2efe119e5484586386f10cb61ed4a7920dd13cefe68783228eafa46cdc995f2272c25a121fc11cdb971265f86ad6cd99e0d151e6744a5db135c,female,head,45.56875,35,2,Microbiome RF,Participant-held-out nested CV
10317.000015060,80,10317,10317:8dd14dd80ae9b69218b4942e80486ca4299a19f9342258835b868633bfa7bff6581b9102dd034b2a58f5ea1a74b8a2ec5b06b38aca104935d0e20a6925b670f2,unknown,hand,47.9625,35,0,Microbiome RF,Participant-held-out nested CV
10317.000015061,71,10317,10317:6cd87aca8624e2efe119e5484586386f10cb61ed4a7920dd13cefe68783228eafa46cdc995f2272c25a121fc11cdb971265f86ad6cd99e0d151e6744a5db135c,female,hand,45.05625,35,2,Microbiome RF,Participant-held-out nested CV
10317.000015062,71,10317,10317:6cd87aca8624e2efe119e5484586386f10cb61ed4a7920dd13cefe68783228eafa46cdc995f2272c25a121fc11cdb971265f86ad6cd99e0d151e6744a5db135c,female,hand,44.675,35,2,Microbiome RF,Participant-held-out nested CV
1841.F05267,26,1841,1841:NAU146,female,head,22.76875,35,4,Microbiome RF,Participant-held-out nested CV
1841.F05268,37,1841,1841:NAU148,male,head,24.13125,35,0,Microbiome RF,Participant-held-out nested CV
10317.000006851,73,10317,10317:7705669a351542f9add9390a0a093824f81095a819993d82ab0d00eb2120ac34a953c451ff892c8c30e3f1b8f7630625d2ebb4d0e8512526a243025795e51eb7,male,head,39.63125,35,1,Microbiome RF,Participant-held-out nested CV
10317.000034581,22,10317,10317:1949c4d7f21b55f1e00af274c955be77947294d6ec424b2079e89205b36ed147727eed570662c7673f354f42b11ea00ee970e7e216e0a45d7e022359783d8aae,unknown,head,35.575,35,1,Microbiome RF,Participant-held-out nested CV
1841.P16466,22,1841,1841:NCS255,female,hand,26.6375,35,0,Microbiome RF,Participant-held-out nested CV
1841.P16464,20,1841,1841:NCS263,male,hand,28.0625,35,1,Microbiome RF,Participant-held-out nested CV
1841.P16465,20,1841,1841:NCS263,male,hand,28.49375,35,1,Microbiome RF,Participant-held-out nested CV
1841.P16463,23,1841,1841:NCS243,male,hand,24.675,35,1,Microbiome RF,Participant-held-out nested CV
2010.1447,25,2010,2010:3,female,head,41.16875,35,0,Microbiome RF,Participant-held-out nested CV
10317.000003550,72,10317,10317:fcb45b6f64ab0b3167524aaa234945c75702e9f45b361a7f3af87c2938b4b5bf8244dd705f8119adf55ee8532be48dc7d72387952b30d9ccda48bdc05fec5797,female,hand,47.3,35,4,Microbiome RF,Participant-held-out nested CV
1841.F05894,20,1841,1841:NAU115,male,head,23.7875,34,3,Microbiome RF,Participant-held-out nested CV
1841.F05321,27,1841,1841:NCS253,female,head,30.25625,35,2,Microbiome RF,Participant-held-out nested CV
1841.P16545,20,1841,1841:CUB051,male,hand,25.05,34,3,Microbiome RF,Participant-held-out nested CV
2010.1623,22,2010,2010:15,female,head,36.70625,35,2,Microbiome RF,Participant-held-out nested CV
10317.000066836,27,10317,10317:75e7facbcee6190c9bd0ec55d33af511592981c1851bc62c90ffa060b30d59451c3407b0344a1357b33b8a653eb1ab6517c15e9f6f193c447e3882c2ada31e9a,male,head,37.48125,35,2,Microbiome RF,Participant-held-out nested CV
10317.000066831,29,10317,10317:7f8b5599423e74bb4268af85d143fbeed68370b2eaa79f6e6facbcf10974040d6ef4afefb5ff2aab1f618ba97f2eecc39b0621fb60a556425670ca9606d4aa0c,male,hand,33.21875,35,2,Microbiome RF,Participant-held-out nested CV
1841.P16556,23,1841,1841:CUB053,female,hand,24.19375,34,3,Microbiome RF,Participant-held-out nested CV
10317.000003320,68,10317,10317:296d3619f89620d7a1813eded08db85d465fbadcd5c992b8a0df0a8fa6163430bd5551d6a56e69f72d9f2bd4931877236ea9dc795fe08d7859973e3711bf2616,female,head,42.08125,35,2,Microbiome RF,Participant-held-out nested CV
1841.F06524,23,1841,1841:CUB056,male,head,28.28125,35,2,Microbiome RF,Participant-held-out nested CV
1841.F06526,23,1841,1841:CUB028,male,head,23.475,35,0,Microbiome RF,Participant-held-out nested CV
1841.F06520,21,1841,1841:CUB026,male,head,23.89375,35,4,Microbiome RF,Participant-held-out nested CV
1841.F06521,20,1841,1841:CUB049,female,head,22.30625,35,4,Microbiome RF,Participant-held-out nested CV
1841.F06522,23,1841,1841:CUB056,male,head,24.88125,35,2,Microbiome RF,Participant-held-out nested CV
1841.F06523,22,1841,1841:CUB007,female,head,23.41875,35,2,Microbiome RF,Participant-held-out nested CV
1841.F06529,22,1841,1841:CUB004,female,head,26.59375,35,4,Microbiome RF,Participant-held-out nested CV
1841.P15085,20,1841,1841:CUB005,female,hand,23.83125,35,4,Microbiome RF,Participant-held-out nested CV
1841.P15084,21,1841,1841:CUB032,female,hand,23.64375,35,0,Microbiome RF,Participant-held-out nested CV
1841.P15087,36,1841,1841:CUB042,male,hand,34.35,35,0,Microbiome RF,Participant-held-out nested CV
1841.P15086,22,1841,1841:CUB040,male,hand,27.975,35,2,Microbiome RF,Participant-held-out nested CV
1841.P15081,21,1841,1841:CUB038,female,hand,30.1625,35,2,Microbiome RF,Participant-held-out nested CV
1841.P15080,20,1841,1841:CUB010,female,hand,23.3875,35,4,Microbiome RF,Participant-held-out nested CV
1841.P15223,29,1841,1841:CUB011,female,hand,23.0875,35,4,Microbiome RF,Participant-held-out nested CV
1841.P15550,22,1841,1841:NAU130,female,hand,21.825,35,0,Microbiome RF,Participant-held-out nested CV
1841.P15224,22,1841,1841:CUB040,male,hand,25.3875,35,2,Microbiome RF,Participant-held-out nested CV
1841.P15226,20,1841,1841:CUB036,female,hand,25.6875,35,1,Microbiome RF,Participant-held-out nested CV
1841.P15229,21,1841,1841:CUB012,female,hand,25.1625,35,0,Microbiome RF,Participant-held-out nested CV
2010.2294,23,2010,2010:31,female,head,25.38125,35,0,Microbiome RF,Participant-held-out nested CV
1841.F05077,23,1841,1841:NCS243,male,head,25.3,35,1,Microbiome RF,Participant-held-out nested CV
1841.F05076,22,1841,1841:NCS255,female,head,24.2875,35,0,Microbiome RF,Participant-held-out nested CV
1841.F05075,20,1841,1841:NAU119,male,head,22.36875,35,1,Microbiome RF,Participant-held-out nested CV
1841.F05389,19,1841,1841:NCS241,female,head,22.76875,35,0,Microbiome RF,Participant-held-out nested CV
1841.F05925,27,1841,1841:NCS214,male,head,31.325,35,2,Microbiome RF,Participant-held-out nested CV
1841.F05927,19,1841,1841:NCS233,male,head,24.3875,35,2,Microbiome RF,Participant-held-out nested CV
1841.P16146,33,1841,1841:NAU144,male,hand,22.3,35,0,Microbiome RF,Participant-held-out nested CV
1841.F06291,21,1841,1841:NAU106,female,head,24.33125,35,4,Microbiome RF,Participant-held-out nested CV
1841.P15413,20,1841,1841:NCS210,female,hand,23.43125,35,1,Microbiome RF,Participant-held-out nested CV
10317.000031072,52,10317,10317:704472fc9c96c860a14513fc1c6660f72e2d159bd1dcf6011fcde0750d69d6ace9a9260923b171897ac72f33ec8c0d03721a0dcd0c676e8988974e6e22e4265a,male,hand,44.10625,35,4,Microbiome RF,Participant-held-out nested CV
2010.1474,35,2010,2010:9,female,head,36.4625,35,1,Microbiome RF,Participant-held-out nested CV
1841.P15919,20,1841,1841:CUB027,female,hand,24.7,35,2,Microbiome RF,Participant-held-out nested CV
10317.000063279,30,10317,10317:891ba49891c93e012ced08e68550251a74e2939dbec3af58e67b97d73d2d0f32fd7530e785db3ae620b3a125927c31d18d0e6c08bfe00778a19646a44083e9e7,male,hand,36.76875,35,0,Microbiome RF,Participant-held-out nested CV
1841.P15948,20,1841,1841:CUB008,male,hand,23.88125,35,4,Microbiome RF,Participant-held-out nested CV
1841.P15764,28,1841,1841:NAU103,female,hand,25.65625,35,1,Microbiome RF,Participant-held-out nested CV
1841.P15941,23,1841,1841:CUB028,male,hand,22.6375,35,0,Microbiome RF,Participant-held-out nested CV
1841.P15766,32,1841,1841:NAU150,female,hand,23.44375,35,0,Microbiome RF,Participant-held-out nested CV
1841.P15945,21,1841,1841:CUB003,female,hand,23.59375,35,4,Microbiome RF,Participant-held-out nested CV
1841.P15762,22,1841,1841:NAU137,female,hand,21.7875,35,1,Microbiome RF,Participant-held-out nested CV
10317.000062197,29,10317,10317:03c0867966fe2299eb3b09291d5f0834310bdf5fceed9c9b7b397570bf8f2d2adaeb945c824ff0cb407abaf691b8173cfa03c4f8eb17e6dd9f6eda17502e66e4,male,hand,32.8,35,2,Microbiome RF,Participant-held-out nested CV
1841.F06263,25,1841,1841:NAU157,male,head,28.13125,35,4,Microbiome RF,Participant-held-out nested CV
1841.F05604,20,1841,1841:CUB036,female,head,22.85625,35,1,Microbiome RF,Participant-held-out nested CV
10317.000005260,28,10317,10317:9d5f397f06d407dcb0aa1ac134a406dcc9d133b7241030bf81c3cb01f3341e891530737a66d2693596ab16f97b05b66c20bc630d57221b89a0ecb2db01c1f747,male,hand,45.6625,35,4,Microbiome RF,Participant-held-out nested CV
10317.000005261,28,10317,10317:9d5f397f06d407dcb0aa1ac134a406dcc9d133b7241030bf81c3cb01f3341e891530737a66d2693596ab16f97b05b66c20bc630d57221b89a0ecb2db01c1f747,male,hand,43.1875,35,4,Microbiome RF,Participant-held-out nested CV
10317.000012954,63,10317,10317:9d63053308a543f47f4cbdce91e1eacc49775ab0a34b4fe6f4f120e15d3d44f6915ce2e76324bbbb7aba1077216d23ad37b43118ddc87124bf0fd47327d12161,female,head,50.9,35,4,Microbiome RF,Participant-held-out nested CV
1841.P16267,20,1841,1841:NAU121,female,hand,24.63125,35,2,Microbiome RF,Participant-held-out nested CV
1841.F05247,28,1841,1841:NAU103,female,head,28.54375,35,1,Microbiome RF,Participant-held-out nested CV
1841.P16339,55,1841,1841:NAU149,male,hand,28.38125,35,1,Microbiome RF,Participant-held-out nested CV
1841.P16448,20,1841,1841:NCS263,male,hand,23.79375,35,1,Microbiome RF,Participant-held-out nested CV
1841.P16332,25,1841,1841:NAU157,male,hand,27.38125,35,4,Microbiome RF,Participant-held-out nested CV
1841.P16445,21,1841,1841:NAU161,male,hand,21.6375,35,0,Microbiome RF,Participant-held-out nested CV
10317.000066855,27,10317,10317:73bf3573928ab6f8e0dbef1783c99aa8c96f8a341909051dbaaf5e003778464fdf40cee56b971bea2c557859ebdc3351dddc89230df6458726716c8fe13e3583,female,hand,37.6375,35,1,Microbiome RF,Participant-held-out nested CV
1841.F05465,21,1841,1841:NAU154,female,head,22.475,35,1,Microbiome RF,Participant-held-out nested CV
1841.F05469,28,1841,1841:NAU103,female,head,24.59375,35,1,Microbiome RF,Participant-held-out nested CV
1841.F06094,22,1841,1841:NCS255,female,head,25.56875,35,0,Microbiome RF,Participant-held-out nested CV
1841.F06092,20,1841,1841:NCS263,male,head,26.06875,35,1,Microbiome RF,Participant-held-out nested CV
10317.000063303,26,10317,10317:9a079253652d16fa017050fd68017b646c3c734b4c96ca593236c537806682233e513b33fb850475266ef28a5c34e9297ffbd213ef416263b306bfae257d1aef,male,hand,35.2,35,1,Microbiome RF,Participant-held-out nested CV
1841.F06574,22,1841,1841:CUB048,female,head,26.78125,35,1,Microbiome RF,Participant-held-out nested CV
1841.P15207,23,1841,1841:CUB028,male,hand,23.28125,35,0,Microbiome RF,Participant-held-out nested CV
1841.P15206,20,1841,1841:CUB036,female,hand,23.06875,35,1,Microbiome RF,Participant-held-out nested CV
1841.P15205,21,1841,1841:CUB003,female,hand,32.85625,35,4,Microbiome RF,Participant-held-out nested CV
1841.P15202,20,1841,1841:CUB036,female,hand,26.15625,35,1,Microbiome RF,Participant-held-out nested CV
1841.P15201,23,1841,1841:CUB028,male,hand,22.3125,35,0,Microbiome RF,Participant-held-out nested CV
1841.P15200,41,1841,1841:CUB050,female,hand,27.45625,35,0,Microbiome RF,Participant-held-out nested CV
1841.P15209,21,1841,1841:CUB033,female,hand,29.4625,35,2,Microbiome RF,Participant-held-out nested CV
1841.P15208,22,1841,1841:CUB048,female,hand,27.91875,35,1,Microbiome RF,Participant-held-out nested CV
10317.000033105,37,10317,10317:d0877d5558ae6f23aaebeb97d4f2a1816b79dbb8359440bb51b3f59ad2316a7771768fe5cddd4ede663af3eb0a7e38d2b521a40f417c3ea7bd1a63ed195e9e9c,male,head,37.01875,34,3,Microbiome RF,Participant-held-out nested CV
10317.000063483,25,10317,10317:a7eb0dd2ec940ca9c3d8c905ee11b3f312886d2373352bf10804121fdb76ae9277a91ce4ea0f346e0c8b67c66e30cabba094db785b990ac67b6fa4ea8b65aeda,female,hand,37.04375,35,0,Microbiome RF,Participant-held-out nested CV
2010.3011,31,2010,2010:41,female,head,31.925,34,3,Microbiome RF,Participant-held-out nested CV
10317.000026508,76,10317,10317:a158faae1efddbd20bb064586e2ed359d9d89fe23e5776aaf6362e6a33b0760e24e9c69462baab420cef8bacb535b245b3687a18e94f0a8e346556bdb347fb67,male,head,42.6,34,3,Microbiome RF,Participant-held-out nested CV
1841.F05012,27,1841,1841:NCS214,male,head,27.90625,35,2,Microbiome RF,Participant-held-out nested CV
10317.000015217,46,10317,10317:dd55969d0664a6b5a0188fc460aa56c9db31fb38d59b1bc6cab8778141628932862c52634d68f1f637d42f51131e7fa48bfb164ddc9f18e878a3cf6cc8bb0a20,female,hand,45.56875,35,0,Microbiome RF,Participant-held-out nested CV
10317.000015216,46,10317,10317:dd55969d0664a6b5a0188fc460aa56c9db31fb38d59b1bc6cab8778141628932862c52634d68f1f637d42f51131e7fa48bfb164ddc9f18e878a3cf6cc8bb0a20,female,hand,45.03125,35,0,Microbiome RF,Participant-held-out nested CV
10317.000015215,33,10317,10317:356171d003a70eda05dbc44ca7f1c23e803cbba14631a5247db7774ba0e837cd853a804b6bc41bc084b8849021f84c1c780ad04856231b70f72faf5ef5b4bcbf,male,hand,41.0625,35,0,Microbiome RF,Participant-held-out nested CV
10317.000015211,33,10317,10317:356171d003a70eda05dbc44ca7f1c23e803cbba14631a5247db7774ba0e837cd853a804b6bc41bc084b8849021f84c1c780ad04856231b70f72faf5ef5b4bcbf,male,head,41.76875,35,0,Microbiome RF,Participant-held-out nested CV
10317.000015219,46,10317,10317:dd55969d0664a6b5a0188fc460aa56c9db31fb38d59b1bc6cab8778141628932862c52634d68f1f637d42f51131e7fa48bfb164ddc9f18e878a3cf6cc8bb0a20,female,head,45.025,35,0,Microbiome RF,Participant-held-out nested CV
2010.1989,32,2010,2010:19,female,head,44.925,34,3,Microbiome RF,Participant-held-out nested CV
1841.F05907,19,1841,1841:NCS233,male,head,23.21875,35,2,Microbiome RF,Participant-held-out nested CV
1841.F05903,27,1841,1841:NCS214,male,head,29.24375,35,2,Microbiome RF,Participant-held-out nested CV
1841.F05901,19,1841,1841:NCS233,male,head,25.06875,35,2,Microbiome RF,Participant-held-out nested CV
1841.F05909,18,1841,1841:NCS213,female,head,23.21875,35,4,Microbiome RF,Participant-held-out nested CV
1841.P16166,25,1841,1841:NAU157,male,hand,26.81875,35,4,Microbiome RF,Participant-held-out nested CV
1841.P16165,55,1841,1841:NAU149,male,hand,26.5125,35,1,Microbiome RF,Participant-held-out nested CV
1841.P16160,32,1841,1841:NAU102,unknown,hand,22.625,35,1,Microbiome RF,Participant-held-out nested CV
10317.000069082,22,10317,10317:62da411fb1daa598c9de6fec6d4999096c07c935e32acd264bd45573737d7ca012c560ebc6a3ff42a617cdb54d7d364fb719fc379b15ab5e772bbf3a7356dbde,female,hand,37.425,35,0,Microbiome RF,Participant-held-out nested CV
1841.P15928,21,1841,1841:CUB033,female,hand,23.88125,35,2,Microbiome RF,Participant-held-out nested CV
1841.P15926,21,1841,1841:CUB012,female,hand,25.9125,35,0,Microbiome RF,Participant-held-out nested CV
1841.P15925,22,1841,1841:CUB016,female,hand,23.36875,35,2,Microbiome RF,Participant-held-out nested CV
1841.P15922,21,1841,1841:CUB033,female,hand,24.09375,35,2,Microbiome RF,Participant-held-out nested CV
1841.P15923,21,1841,1841:CUB000,female,hand,26.5625,35,2,Microbiome RF,Participant-held-out nested CV
1841.P15920,22,1841,1841:CUB004,female,hand,24.93125,35,4,Microbiome RF,Participant-held-out nested CV
1841.F06289,30,1841,1841:NAU155,female,head,24.90625,35,2,Microbiome RF,Participant-held-out nested CV
1841.F06288,55,1841,1841:NAU149,male,head,34.2375,35,1,Microbiome RF,Participant-held-out nested CV
1841.F06282,55,1841,1841:NAU149,male,head,28.61875,35,1,Microbiome RF,Participant-held-out nested CV
1841.F06285,21,1841,1841:NAU154,female,head,22.68125,35,1,Microbiome RF,Participant-held-out nested CV
1841.F06284,21,1841,1841:NAU153,female,head,22.225,35,1,Microbiome RF,Participant-held-out nested CV
1841.F06287,21,1841,1841:NAU161,male,head,25.43125,35,0,Microbiome RF,Participant-held-out nested CV
1841.F06286,30,1841,1841:NAU155,female,head,25.38125,35,2,Microbiome RF,Participant-held-out nested CV
10317.000068763,34,10317,10317:64e4e987fbbcb4c2194cdd7c106261ec20cfbf2772d835c97eb6311237552ac6be0e79cdb6ed23e686e25afe5db5d7ca46016b14f6939798b7664d7af99914c7,male,head,35.50625,35,1,Microbiome RF,Participant-held-out nested CV
1841.F06202,32,1841,1841:NAU150,female,head,24.4375,35,0,Microbiome RF,Participant-held-out nested CV
10317.000005289,69,10317,10317:f468dfbfdc239f0e3bbe1de592c866535d2e70f74b05af2999cd5ac5b39818383c58a904146c605bc773f87fac2da08ddde7d4bedced3110d5c1d3b15657f73e,male,head,43.5375,35,4,Microbiome RF,Participant-held-out nested CV
10317.000033429,62,10317,10317:1b595cbd54b82f80c4b023585b3a8baad15d027aab0c5b04a69b8c3e9e5d48bfcb2d532872548685bc12d0c706255362bb8a230524186fc6cc64f429295eb166,female,hand,50.24375,35,1,Microbiome RF,Participant-held-out nested CV
10317.000033426,26,10317,10317:bf31604fc742f42563e14f529efdb4bf456a2196957cdd5f7a03e77220b2f7cc72b439053c8c0b4e94997264dacb9d6c2dc062250570be1d1ee1d113328653f1,female,hand,41.1625,35,1,Microbiome RF,Participant-held-out nested CV
10317.000007080,48,10317,10317:63aa1010fee4655f80a2fd1ca92db0c9c662b7ff7dfeccd99a08edb7b7f5af8b2df1c92465690a27ee6aad1207495376abce78f3ddeffc05da0acb099f8efdb8,male,head,42.3875,35,0,Microbiome RF,Participant-held-out nested CV
1841.F05229,22,1841,1841:NAU137,female,head,23.1,35,1,Microbiome RF,Participant-held-out nested CV
1841.F05226,32,1841,1841:NAU102,unknown,head,24.075,35,1,Microbiome RF,Participant-held-out nested CV
1841.F05227,24,1841,1841:NAU109,male,head,23.31875,35,2,Microbiome RF,Participant-held-out nested CV
1841.F05223,21,1841,1841:NAU106,female,head,22.575,35,4,Microbiome RF,Participant-held-out nested CV
10317.000023667,41,10317,10317:4f4512f9ca8dd41284a2463c8496ef3405ebc0188c8fcb1bacb236d71b61de04174823da6ad26715031b7936e03c152bc15cd335c36b25dee976cfdc089dd6e2,male,head,40.36875,35,4,Microbiome RF,Participant-held-out nested CV
1841.P16310,20,1841,1841:NAU110,female,hand,31.45625,34,3,Microbiome RF,Participant-held-out nested CV
1841.P16311,32,1841,1841:NAU102,unknown,hand,24.55625,35,1,Microbiome RF,Participant-held-out nested CV
1841.P16312,37,1841,1841:NAU148,male,hand,22.04375,35,0,Microbiome RF,Participant-held-out nested CV
1841.P16313,20,1841,1841:NAU123,male,hand,34.4625,35,2,Microbiome RF,Participant-held-out nested CV
1841.P16315,24,1841,1841:NAU109,male,hand,26.14375,35,2,Microbiome RF,Participant-held-out nested CV
1841.P16316,33,1841,1841:NAU144,male,hand,21.19375,35,0,Microbiome RF,Participant-held-out nested CV
1841.P16317,21,1841,1841:NAU154,female,hand,23.00625,35,1,Microbiome RF,Participant-held-out nested CV
1841.P16318,26,1841,1841:NAU146,female,hand,28.8625,35,4,Microbiome RF,Participant-held-out nested CV
1841.P16319,26,1841,1841:NAU146,female,hand,27.925,35,4,Microbiome RF,Participant-held-out nested CV
10317.000004059,66,10317,10317:f57b4981ac785615aba8f290342788db9294e4ab6b643dfb22eed77da0a189aacfb59ca5f5cf63c481d99849f549972a540d8f2170fbc94b25f2f659ad1687d8,male,hand,47.83125,35,2,Microbiome RF,Participant-held-out nested CV
10317.000004058,66,10317,10317:f57b4981ac785615aba8f290342788db9294e4ab6b643dfb22eed77da0a189aacfb59ca5f5cf63c481d99849f549972a540d8f2170fbc94b25f2f659ad1687d8,male,head,47.41875,35,2,Microbiome RF,Participant-held-out nested CV
10317.000071442,22,10317,10317:3f7869fcd99617b9f2bf18fbf0bd9979e5887887afaedf57e4fde973b8756b3be0e2e24ed76f875086eaf6c006b354b48c001d1a162093cbffe2caa0db0ecffc,male,head,37.73125,35,4,Microbiome RF,Participant-held-out nested CV
10317.000015015,41,10317,10317:ce1fd98484e30049ab6a9f362cff6bacde2a68b949d54142b56fe830f015c8ec656e789dfe4d793ec0abc652ccb025d8f245a86aa12b68a7664f1f34156f22d4,male,head,48.28125,34,3,Microbiome RF,Participant-held-out nested CV
1841.F06340,21,1841,1841:CUB029,male,head,23.45625,35,2,Microbiome RF,Participant-held-out nested CV
10317.000028832,36,10317,10317:3c63e41945a68fe74a43d054231d84ae90b185102915cbf4e13a11155b618c9d46daa02e507790f8529e4ff507dcc94f8b67e321b3ad761e17dfadff23c89742,male,head,39.7625,35,1,Microbiome RF,Participant-held-out nested CV
1841.F06342,22,1841,1841:CUB048,female,head,27.9125,35,1,Microbiome RF,Participant-held-out nested CV
1841.F06343,21,1841,1841:CUB032,female,head,23.0,35,0,Microbiome RF,Participant-held-out nested CV
1841.P15041,22,1841,1841:CUB007,female,hand,23.225,35,2,Microbiome RF,Participant-held-out nested CV
1841.P15043,21,1841,1841:CUB044,male,hand,22.5,35,0,Microbiome RF,Participant-held-out nested CV
1841.P15042,22,1841,1841:CUB016,female,hand,22.375,35,2,Microbiome RF,Participant-held-out nested CV
1841.P15045,22,1841,1841:CUB040,male,hand,23.9,35,2,Microbiome RF,Participant-held-out nested CV
1841.P15047,20,1841,1841:CUB027,female,hand,22.9125,35,2,Microbiome RF,Participant-held-out nested CV
10317.000002722,67,10317,10317:552862a47c1f4572c6de06ef045a0b5dfe8124f8167b59fc9e3602a42e27303ea444e307e4d303917535cb422622610350e6897ddbc33a1a70a49944b51adc14,male,head,41.33125,35,4,Microbiome RF,Participant-held-out nested CV
1841.P15269,21,1841,1841:CUB044,male,hand,31.54375,35,0,Microbiome RF,Participant-held-out nested CV
1841.P15268,22,1841,1841:CUB048,female,hand,23.49375,35,1,Microbiome RF,Participant-held-out nested CV
1841.P15599,20,1841,1841:NAU123,male,hand,23.56875,35,2,Microbiome RF,Participant-held-out nested CV
1841.P15598,22,1841,1841:NAU133,male,hand,32.54375,34,3,Microbiome RF,Participant-held-out nested CV
1841.P15597,21,1841,1841:NAU113,female,hand,22.975,34,3,Microbiome RF,Participant-held-out nested CV
1841.P15596,19,1841,1841:NAU107,female,hand,23.05625,34,3,Microbiome RF,Participant-held-out nested CV
1841.P15267,21,1841,1841:CUB003,female,hand,24.29375,35,4,Microbiome RF,Participant-held-out nested CV
1841.P15260,21,1841,1841:CUB000,female,hand,25.93125,35,2,Microbiome RF,Participant-held-out nested CV
1841.P15263,22,1841,1841:CUB016,female,hand,22.575,35,2,Microbiome RF,Participant-held-out nested CV
1841.P15262,20,1841,1841:CUB005,female,hand,23.49375,35,4,Microbiome RF,Participant-held-out nested CV
1841.F05084,22,1841,1841:NCS212,female,head,23.51875,35,4,Microbiome RF,Participant-held-out nested CV
1841.P15059,23,1841,1841:CUB028,male,hand,22.9375,35,0,Microbiome RF,Participant-held-out nested CV
10317.000068854,31,10317,10317:8d85619d1e25428067315418f5821569f94dd8cc697ce5e8952a81c8abc325ca2f69b743c1d3539e71093dc8dadc81905dc33874b12ef6d990d55c610bfb1eb3,male,hand,38.325,35,1,Microbiome RF,Participant-held-out nested CV
1841.P16442,22,1841,1841:NCS212,female,hand,23.79375,35,4,Microbiome RF,Participant-held-out nested CV
1841.P16092,26,1841,1841:NAU146,female,hand,26.30625,35,4,Microbiome RF,Participant-held-out nested CV
1841.F05038,20,1841,1841:NCS263,male,head,26.9625,35,1,Microbiome RF,Participant-held-out nested CV
1841.F05033,20,1841,1841:NCS263,male,head,34.40625,35,1,Microbiome RF,Participant-held-out nested CV
1841.F05031,23,1841,1841:NCS243,male,head,26.70625,35,1,Microbiome RF,Participant-held-out nested CV
1841.F05030,19,1841,1841:NCS233,male,head,24.63125,35,2,Microbiome RF,Participant-held-out nested CV
1841.F05036,22,1841,1841:NAU130,female,head,22.24375,35,0,Microbiome RF,Participant-held-out nested CV
1841.F05034,20,1841,1841:NCS263,male,head,27.59375,35,1,Microbiome RF,Participant-held-out nested CV
10317.000028823,30,10317,10317:98f1f8c9217912fbbec5cd8e5c39acc05c729d5d4b5113f922efc048b9e4b68d2de8c43cb8721151f190923c84f990227a8cdf3359af1f0a5fc59ecd028dabf4,male,head,34.95,35,4,Microbiome RF,Participant-held-out nested CV
1841.F05697,22,1841,1841:CUB048,female,head,25.91875,35,1,Microbiome RF,Participant-held-out nested CV
1841.F05694,20,1841,1841:CUB005,female,head,25.8625,35,4,Microbiome RF,Participant-held-out nested CV
1841.F05693,22,1841,1841:CUB016,female,head,25.19375,35,2,Microbiome RF,Participant-held-out nested CV
1841.F05692,21,1841,1841:CUB003,female,head,21.9625,35,4,Microbiome RF,Participant-held-out nested CV
1841.F05969,18,1841,1841:NCS213,female,head,22.525,35,4,Microbiome RF,Participant-held-out nested CV
1841.F05964,19,1841,1841:NCS233,male,head,23.6625,35,2,Microbiome RF,Participant-held-out nested CV
1841.P16104,30,1841,1841:NAU108,female,hand,26.0625,35,1,Microbiome RF,Participant-held-out nested CV
1841.P16107,24,1841,1841:NAU109,male,hand,23.40625,35,2,Microbiome RF,Participant-held-out nested CV
1841.P16106,25,1841,1841:NAU157,male,hand,39.90625,35,4,Microbiome RF,Participant-held-out nested CV
1841.P16101,20,1841,1841:NAU121,female,hand,26.10625,35,2,Microbiome RF,Participant-held-out nested CV
1841.P16100,26,1841,1841:NAU146,female,hand,23.64375,35,4,Microbiome RF,Participant-held-out nested CV
1841.P16103,21,1841,1841:NAU154,female,hand,22.05,35,1,Microbiome RF,Participant-held-out nested CV
1841.P16102,21,1841,1841:NAU124,female,hand,22.83125,35,0,Microbiome RF,Participant-held-out nested CV
10317.000006972,61,10317,10317:71663baf1b46589d68296c0b2c93208b950a8d8f87dd95255336d0e162d3d45a6922f6512a1dbbbdecd027ff264b625773e6d10d54f1a7750050d3b813d4eadd,female,hand,42.1375,34,3,Microbiome RF,Participant-held-out nested CV
2010.1308,27,2010,2010:7,female,head,36.9125,35,1,Microbiome RF,Participant-held-out nested CV
2010.1302,34,2010,2010:5,female,head,35.65,35,0,Microbiome RF,Participant-held-out nested CV
10317.000049759,52,10317,10317:00069244bd1f2b8987ec0be407f83eec727bd40dde9ff15d05497f7db0f60f551d4af74463256aae7abd00d1a3180ca506bd16e684d859304c2864b1c7e4a8f6,male,hand,41.00625,34,3,Microbiome RF,Participant-held-out nested CV
10317.000014510,36,10317,10317:afc4cc1e970ef3c7c09dfc377d86b8cb6dd2b6fc250e40ad216859b782525e9a89692b141ec60d853e30f94d919e6d74c8ef2a10c87061cbb48939ce1a8ab53a,female,head,41.5125,35,1,Microbiome RF,Participant-held-out nested CV
1841.F05550,20,1841,1841:NAU123,male,head,21.85625,35,2,Microbiome RF,Participant-held-out nested CV
1841.P15310,22,1841,1841:NCS212,female,hand,22.39375,35,4,Microbiome RF,Participant-held-out nested CV
1841.F06119,21,1841,1841:CUB044,male,head,21.9625,35,0,Microbiome RF,Participant-held-out nested CV
10317.000063236,31,10317,10317:9a6b1d64174bf2de76973d430737df42a6c1d222167a33cad37332ade7aaba03e2f1fd87dd65c5bda2ab171d6373490fa6395929f8ff33c6d5acdec0d7035388,male,head,39.00625,35,4,Microbiome RF,Participant-held-out nested CV
10317.000068847,30,10317,10317:8d85619d1e25428067315418f5821569f94dd8cc697ce5e8952a81c8abc325ca2f69b743c1d3539e71093dc8dadc81905dc33874b12ef6d990d55c610bfb1eb3,male,head,36.01875,35,1,Microbiome RF,Participant-held-out nested CV
1841.F05559,22,1841,1841:NAU137,female,head,22.35625,35,1,Microbiome RF,Participant-held-out nested CV
10317.000014513,43,10317,10317:945445118eb28a47d0311468e8170b2c68dd921cbb868623641758d82330a5f89defc8f3631f8c7f925da369315c0e442e1b32d12fae4688f05b9a40c0167080,male,head,38.10625,35,4,Microbiome RF,Participant-held-out nested CV
1841.P15904,20,1841,1841:CUB037,female,hand,22.81875,35,0,Microbiome RF,Participant-held-out nested CV
1841.P15906,21,1841,1841:CUB032,female,hand,22.6875,35,0,Microbiome RF,Participant-held-out nested CV
1841.P15907,20,1841,1841:CUB008,male,hand,24.0625,35,4,Microbiome RF,Participant-held-out nested CV
1841.P15908,21,1841,1841:CUB038,female,hand,23.58125,35,2,Microbiome RF,Participant-held-out nested CV
1841.P15909,21,1841,1841:CUB003,female,hand,23.6875,35,4,Microbiome RF,Participant-held-out nested CV
1841.P15288,20,1841,1841:CUB049,female,hand,27.9625,35,4,Microbiome RF,Participant-held-out nested CV
10317.000004056,52,10317,10317:6d4586a1f7c90185bb4ec90e82083cc45b12d79db4919f699dc24cc403347dfd5df17e6008b69cf2b3109ddb41512f4d7a52c91b647c1b59bfd31e8057bfcb0f,male,hand,45.96875,34,3,Microbiome RF,Participant-held-out nested CV
10317.000069022,23,10317,10317:5bdd4aaf66380106e9a8cb6501a1fb4b37d078e2284e7a3cc179877b6b0db9ae596a7d760657f364b5592c1578ae5b8068df09c4ebd6be82e32cfcd9e5fd6c55,male,hand,34.84375,34,3,Microbiome RF,Participant-held-out nested CV
1841.P15672,20,1841,1841:CUB036,female,hand,23.04375,35,1,Microbiome RF,Participant-held-out nested CV
1841.P15674,20,1841,1841:CUB008,male,hand,22.63125,35,4,Microbiome RF,Participant-held-out nested CV
1841.P15679,36,1841,1841:CUB042,male,hand,27.10625,35,0,Microbiome RF,Participant-held-out nested CV
10317.000048405,28,10317,10317:4287cb26d2ebcaddb5129d95ff2d4ae496c47b0162672df93082abfc9303671b6d9332bfe211f6530019940e6d40144094a4bc4c012716375b5e72166c04b6e2,female,hand,53.3,34,3,Microbiome RF,Participant-held-out nested CV
10317.000048407,28,10317,10317:4287cb26d2ebcaddb5129d95ff2d4ae496c47b0162672df93082abfc9303671b6d9332bfe211f6530019940e6d40144094a4bc4c012716375b5e72166c04b6e2,female,head,52.33125,34,3,Microbiome RF,Participant-held-out nested CV
10317.000048406,28,10317,10317:4287cb26d2ebcaddb5129d95ff2d4ae496c47b0162672df93082abfc9303671b6d9332bfe211f6530019940e6d40144094a4bc4c012716375b5e72166c04b6e2,female,hand,49.8875,34,3,Microbiome RF,Participant-held-out nested CV
1841.F05206,26,1841,1841:NAU146,female,head,25.35625,35,4,Microbiome RF,Participant-held-out nested CV
1841.F05207,24,1841,1841:NAU109,male,head,26.05,35,2,Microbiome RF,Participant-held-out nested CV
1841.F05200,22,1841,1841:NAU133,male,head,24.00625,34,3,Microbiome RF,Participant-held-out nested CV
1841.F05201,19,1841,1841:NAU107,female,head,22.49375,34,3,Microbiome RF,Participant-held-out nested CV
1841.F05202,21,1841,1841:NAU161,male,head,24.0125,35,0,Microbiome RF,Participant-held-out nested CV
1841.P16426,20,1841,1841:NAU119,male,hand,22.3125,35,1,Microbiome RF,Participant-held-out nested CV
1841.F05209,24,1841,1841:NAU109,male,head,24.26875,35,2,Microbiome RF,Participant-held-out nested CV
1841.P16395,22,1841,1841:NAU130,female,hand,21.54375,35,0,Microbiome RF,Participant-held-out nested CV
1841.P16377,22,1841,1841:NAU133,male,hand,27.81875,34,3,Microbiome RF,Participant-held-out nested CV
1841.P16373,20,1841,1841:NAU128,female,hand,25.6625,35,4,Microbiome RF,Participant-held-out nested CV
1841.P16370,20,1841,1841:NAU110,female,hand,33.7125,34,3,Microbiome RF,Participant-held-out nested CV
1841.P16371,20,1841,1841:NAU121,female,hand,23.50625,35,2,Microbiome RF,Participant-held-out nested CV
1841.P16397,32,1841,1841:NAU102,unknown,hand,23.5875,35,1,Microbiome RF,Participant-held-out nested CV
1841.P16378,20,1841,1841:NAU115,male,hand,22.725,34,3,Microbiome RF,Participant-held-out nested CV
1841.P16379,21,1841,1841:NAU153,female,hand,22.225,35,1,Microbiome RF,Participant-held-out nested CV
1841.F05884,20,1841,1841:NAU110,female,head,28.5625,34,3,Microbiome RF,Participant-held-out nested CV
1841.F05885,37,1841,1841:NAU148,male,head,23.55,35,0,Microbiome RF,Participant-held-out nested CV
1841.P16590,23,1841,1841:CUB028,male,hand,22.2,35,0,Microbiome RF,Participant-held-out nested CV
1841.P16591,21,1841,1841:CUB033,female,hand,22.9375,35,2,Microbiome RF,Participant-held-out nested CV
1841.P16596,20,1841,1841:CUB005,female,hand,24.26875,35,4,Microbiome RF,Participant-held-out nested CV
1841.P16597,22,1841,1841:CUB004,female,hand,30.40625,35,4,Microbiome RF,Participant-held-out nested CV
1841.P16595,20,1841,1841:CUB010,female,hand,23.49375,35,4,Microbiome RF,Participant-held-out nested CV
1841.P16598,22,1841,1841:CUB048,female,hand,25.3,35,1,Microbiome RF,Participant-held-out nested CV
10317.000063231,27,10317,10317:d7b643e267e7874c9fe80600f02183b6cd3019f0fda406b979f05d309d5050c0a106d81fd0d61ac23e2600faaf7da552f0258df8aa6be5e41a39e6b37828c99d,female,hand,37.0875,35,1,Microbiome RF,Participant-held-out nested CV
1841.F06015,20,1841,1841:NCS210,female,head,24.3,35,1,Microbiome RF,Participant-held-out nested CV
10317.000015187,27,10317,10317:cb8ea224a3bb7ef53bf08da62860c079b5996441cbbb6ef11fbe09454172198e57a65569937d0e57c98a2327cfe4b04a55969cdda8eed8fc5f998c2468e4920a,male,hand,38.95625,35,2,Microbiome RF,Participant-held-out nested CV
1841.F06586,21,1841,1841:CUB003,female,head,22.9625,35,4,Microbiome RF,Participant-held-out nested CV
1841.F06584,22,1841,1841:CUB040,male,head,26.3125,35,2,Microbiome RF,Participant-held-out nested CV
1841.F06585,29,1841,1841:CUB011,female,head,23.95625,35,4,Microbiome RF,Participant-held-out nested CV
1841.F06582,21,1841,1841:CUB044,male,head,25.90625,35,0,Microbiome RF,Participant-held-out nested CV
1841.F06583,21,1841,1841:CUB033,female,head,22.55,35,2,Microbiome RF,Participant-held-out nested CV
1841.F06580,21,1841,1841:CUB000,female,head,26.5125,35,2,Microbiome RF,Participant-held-out nested CV
1841.F06581,21,1841,1841:CUB003,female,head,27.3625,35,4,Microbiome RF,Participant-held-out nested CV
1841.F06588,20,1841,1841:CUB049,female,head,22.1,35,4,Microbiome RF,Participant-held-out nested CV
1841.P15068,22,1841,1841:CUB048,female,hand,29.51875,35,1,Microbiome RF,Participant-held-out nested CV
1841.P15067,22,1841,1841:CUB007,female,hand,26.775,35,2,Microbiome RF,Participant-held-out nested CV
1841.P15066,23,1841,1841:CUB053,female,hand,24.0125,34,3,Microbiome RF,Participant-held-out nested CV
1841.P15065,21,1841,1841:CUB032,female,hand,22.68125,35,0,Microbiome RF,Participant-held-out nested CV
1841.P15063,23,1841,1841:CUB056,male,hand,29.24375,35,2,Microbiome RF,Participant-held-out nested CV
1841.P15060,22,1841,1841:CUB040,male,hand,27.45,35,2,Microbiome RF,Participant-held-out nested CV
10317.000003385,57,10317,10317:e36b03fa22764e26a56edd5b75a454e7ebf99d597c381d00186fa32b482bff3046c06024a335a9f1c29fb95217a131573eb7860fa709d5a472294e56d5762d4c,female,head,46.99375,35,2,Microbiome RF,Participant-held-out nested CV
1841.F06320,21,1841,1841:CUB033,female,head,25.68125,35,2,Microbiome RF,Participant-held-out nested CV
1841.F06326,29,1841,1841:CUB011,female,head,23.175,35,4,Microbiome RF,Participant-held-out nested CV
1841.F06324,21,1841,1841:CUB033,female,head,24.25625,35,2,Microbiome RF,Participant-held-out nested CV
1841.F06329,22,1841,1841:CUB016,female,head,23.53125,35,2,Microbiome RF,Participant-held-out nested CV
1841.P15241,23,1841,1841:CUB013,male,hand,35.275,35,4,Microbiome RF,Participant-held-out nested CV
1841.P15240,21,1841,1841:CUB012,female,hand,26.64375,35,0,Microbiome RF,Participant-held-out nested CV
1841.P15244,20,1841,1841:CUB051,male,hand,27.90625,34,3,Microbiome RF,Participant-held-out nested CV
1841.P15249,20,1841,1841:CUB008,male,hand,25.26875,35,4,Microbiome RF,Participant-held-out nested CV
2010.2516,26,2010,2010:33,female,head,32.025,34,3,Microbiome RF,Participant-held-out nested CV
1841.F06297,55,1841,1841:NAU149,male,head,25.81875,35,1,Microbiome RF,Participant-held-out nested CV
10317.000068830,29,10317,10317:03c0867966fe2299eb3b09291d5f0834310bdf5fceed9c9b7b397570bf8f2d2adaeb945c824ff0cb407abaf691b8173cfa03c4f8eb17e6dd9f6eda17502e66e4,male,hand,32.5125,35,2,Microbiome RF,Participant-held-out nested CV
10317.000068835,36,10317,10317:1828cb0e8db79ff7771af2763605e12af956358756170093e17230a4ffb081fdfb2040dc65ff286b54429aedd73f9630fd5d98b9a5ad628c6116a74fb994dcf8,male,head,37.29375,35,0,Microbiome RF,Participant-held-out nested CV
10317.000007122,60,10317,10317:2c2e468c2481938c25962a208bec11d9f0eeca11f8a06d48aa50be31a747dd0327f6137458e4dfda584fc42b4c5f35613440eef5b177a1d0569e16e7432648dd,male,hand,45.69375,35,4,Microbiome RF,Participant-held-out nested CV
10317.000007123,60,10317,10317:2c2e468c2481938c25962a208bec11d9f0eeca11f8a06d48aa50be31a747dd0327f6137458e4dfda584fc42b4c5f35613440eef5b177a1d0569e16e7432648dd,male,hand,45.2875,35,4,Microbiome RF,Participant-held-out nested CV
10317.000007121,60,10317,10317:2c2e468c2481938c25962a208bec11d9f0eeca11f8a06d48aa50be31a747dd0327f6137458e4dfda584fc42b4c5f35613440eef5b177a1d0569e16e7432648dd,male,head,57.525,35,4,Microbiome RF,Participant-held-out nested CV
1841.P15264,22,1841,1841:CUB004,female,hand,24.54375,35,4,Microbiome RF,Participant-held-out nested CV
1841.P16299,30,1841,1841:NAU155,female,hand,22.94375,35,2,Microbiome RF,Participant-held-out nested CV
1841.P16298,55,1841,1841:NAU149,male,hand,31.09375,35,1,Microbiome RF,Participant-held-out nested CV
1841.P16295,55,1841,1841:NAU149,male,hand,26.65625,35,1,Microbiome RF,Participant-held-out nested CV
1841.P16294,21,1841,1841:NAU161,male,hand,24.05625,35,0,Microbiome RF,Participant-held-out nested CV
1841.P16297,22,1841,1841:NAU133,male,hand,25.04375,34,3,Microbiome RF,Participant-held-out nested CV
1841.P16296,21,1841,1841:NAU154,female,hand,25.80625,35,1,Microbiome RF,Participant-held-out nested CV
1841.P16290,21,1841,1841:NAU153,female,hand,22.2375,35,1,Microbiome RF,Participant-held-out nested CV
1841.P16293,22,1841,1841:NAU133,male,hand,22.96875,34,3,Microbiome RF,Participant-held-out nested CV
10317.000015118,28,10317,10317:d031d7eaf91c489f64052f69777e1385468d8cbdc419eb3568de9547015ad04606d5d70ca9970521bd182907f9b00d2640e54727e0262ceaea9ccb7d9603385e,female,hand,43.2,35,1,Microbiome RF,Participant-held-out nested CV
2010.2114,34,2010,2010:25,female,head,39.64375,34,3,Microbiome RF,Participant-held-out nested CV
10317.000015116,28,10317,10317:d031d7eaf91c489f64052f69777e1385468d8cbdc419eb3568de9547015ad04606d5d70ca9970521bd182907f9b00d2640e54727e0262ceaea9ccb7d9603385e,female,head,46.71875,35,1,Microbiome RF,Participant-held-out nested CV
10317.000069046,33,10317,10317:65a6735483d4ca756511921efab48bd0d5eefe9702c613c1e3f7065f8b20659da904045df6fb243bf7e1be352dea97d0ceb0c7ccdca5fabb1fd01324d1e414cf,male,hand,35.84375,35,1,Microbiome RF,Participant-held-out nested CV
1841.F05941,18,1841,1841:NCS213,female,head,25.775,35,4,Microbiome RF,Participant-held-out nested CV
1841.F05412,21,1841,1841:NAU106,female,head,25.1875,35,4,Microbiome RF,Participant-held-out nested CV
1841.F05415,20,1841,1841:NAU119,male,head,23.35,35,1,Microbiome RF,Participant-held-out nested CV
1841.F05414,32,1841,1841:NAU150,female,head,23.025,35,0,Microbiome RF,Participant-held-out nested CV
1841.F05419,20,1841,1841:NAU121,female,head,24.78125,35,2,Microbiome RF,Participant-held-out nested CV
1841.P16122,33,1841,1841:NAU144,male,hand,25.69375,35,0,Microbiome RF,Participant-held-out nested CV
1841.P16129,25,1841,1841:NAU157,male,hand,35.4125,35,4,Microbiome RF,Participant-held-out nested CV
10317.000068799,30,10317,10317:219fdff6b9dcec67c1aa0b866cb025d68ac35295256f63c520911912293fe0849d61cd408675c0305a5c92df708363f8172fc8e6969982b5a49c4e44d28547fb,female,head,41.375,35,0,Microbiome RF,Participant-held-out nested CV
10317.000005890,56,10317,10317:33ba8a7afe558034e3f527d8bcded781b3a03f65b84046973746dc39322e5974f8eea69a05cf01664cb731c14698655a03f89a9740b6d8a90c6d209b076ef538,male,hand,39.775,35,4,Microbiome RF,Participant-held-out nested CV
10317.000063212,34,10317,10317:a392cbf64e250298f990fe6714ca17e38472972feee9471db99da4dfcfd1fe8b106d9ec41e004081362ba7728e8ac7a9d25f3b658d31bc856798d1c4eabb81c0,male,head,35.0625,35,4,Microbiome RF,Participant-held-out nested CV
10317.000031935,40,10317,10317:1975e7358673c93bbe5c29e1d1c529a83458e54503ca2e451dd8757d3f8bb013669586401169beb5fc69b14ab9cb93ec3b7361560a74fadc26bf03b377c16c85,female,head,41.1875,35,4,Microbiome RF,Participant-held-out nested CV
1841.F05455,21,1841,1841:NAU153,female,head,22.65625,35,1,Microbiome RF,Participant-held-out nested CV
1841.F05675,21,1841,1841:CUB029,male,head,26.375,35,2,Microbiome RF,Participant-held-out nested CV
1841.F05674,21,1841,1841:CUB033,female,head,24.15,35,2,Microbiome RF,Participant-held-out nested CV
1841.F05671,20,1841,1841:CUB049,female,head,26.675,35,4,Microbiome RF,Participant-held-out nested CV
1841.P15580,23,1841,1841:NAU100,male,hand,25.19375,35,0,Microbiome RF,Participant-held-out nested CV
10317.000015453,46,10317,10317:3483b70983107b3501a2fdeab0f7e00b06ec05b5a7afdf499c410267e4aa99ea36b3643db981cdf6f557435d6ff028c1059e2bc75261e6f468598f093fde8b72,male,hand,44.48125,35,4,Microbiome RF,Participant-held-out nested CV
2010.3180,31,2010,2010:41,female,head,33.91875,34,3,Microbiome RF,Participant-held-out nested CV
1841.F05452,30,1841,1841:NAU155,female,head,25.36875,35,2,Microbiome RF,Participant-held-out nested CV
1841.P16354,22,1841,1841:NAU164,male,hand,26.38125,35,0,Microbiome RF,Participant-held-out nested CV
1841.P16356,30,1841,1841:NAU108,female,hand,25.06875,35,1,Microbiome RF,Participant-held-out nested CV
10317.000005234,55,10317,10317:45e54011490a1e8319d45ba35b5c9c687e4ec395fd00d5bd3b927f21b897135e002c9c488ced29f5644e9cc87c9d6d420ce68c9a95f88b151cd7a4c6182ead64,male,hand,40.05625,34,3,Microbiome RF,Participant-held-out nested CV
2010.1803,34,2010,2010:17,female,head,35.09375,35,2,Microbiome RF,Participant-held-out nested CV
1841.P16034,21,1841,1841:NAU161,male,hand,22.55,35,0,Microbiome RF,Participant-held-out nested CV
1841.P16524,21,1841,1841:CUB026,male,hand,25.26875,35,4,Microbiome RF,Participant-held-out nested CV
1841.P16523,23,1841,1841:CUB056,male,hand,25.5125,35,2,Microbiome RF,Participant-held-out nested CV
1841.F05496,19,1841,1841:NAU107,female,head,23.13125,34,3,Microbiome RF,Participant-held-out nested CV
10317.000040503,52,10317,10317:8fc2af33171964330de7e24811df360483b2193e73f509d9de0eca5c34aa9cc4a73311de7d0ba394fbed8d55f72394218e7b7026fd7da8c8ee1ebf0e637b2e85,female,head,44.45,34,3,Microbiome RF,Participant-held-out nested CV
10317.000040507,52,10317,10317:8fc2af33171964330de7e24811df360483b2193e73f509d9de0eca5c34aa9cc4a73311de7d0ba394fbed8d55f72394218e7b7026fd7da8c8ee1ebf0e637b2e85,female,hand,41.8125,34,3,Microbiome RF,Participant-held-out nested CV
1841.P15005,29,1841,1841:CUB011,female,hand,26.06875,35,4,Microbiome RF,Participant-held-out nested CV
1841.P15004,20,1841,1841:CUB037,female,hand,21.675,35,0,Microbiome RF,Participant-held-out nested CV
1841.P15007,21,1841,1841:CUB003,female,hand,23.325,35,4,Microbiome RF,Participant-held-out nested CV
1841.P15001,23,1841,1841:CUB028,male,hand,22.90625,35,0,Microbiome RF,Participant-held-out nested CV
1841.P15003,23,1841,1841:CUB028,male,hand,22.40625,35,0,Microbiome RF,Participant-held-out nested CV
1841.P15002,22,1841,1841:CUB016,female,hand,22.5375,35,2,Microbiome RF,Participant-held-out nested CV
1841.P15008,21,1841,1841:CUB029,male,hand,23.03125,35,2,Microbiome RF,Participant-held-out nested CV
1841.F06308,22,1841,1841:CUB016,female,head,23.2125,35,2,Microbiome RF,Participant-held-out nested CV
1841.F06301,21,1841,1841:CUB032,female,head,23.3375,35,0,Microbiome RF,Participant-held-out nested CV
1841.F06303,20,1841,1841:CUB037,female,head,24.89375,35,0,Microbiome RF,Participant-held-out nested CV
1841.F06305,20,1841,1841:CUB008,male,head,24.01875,35,4,Microbiome RF,Participant-held-out nested CV
1841.F06306,20,1841,1841:CUB049,female,head,23.0625,35,4,Microbiome RF,Participant-held-out nested CV
10317.000049844,35,10317,10317:88f4fbcf0ceb456e7f8e8447af039f0dc2670ad52972600d23a04b60152370409f6b57086023803ce52591376f998806f80e260d50d06764bbb66d26d1b5553e,female,head,42.075,34,3,Microbiome RF,Participant-held-out nested CV
10317.000049840,69,10317,10317:c9253f884608fc319fe8569e8e2979bb54c91a0e0d3c4ff7a4b8f149c7372a1c77029903e0508684d15d336da510bcc78d1e9c1aecbf85c0b6bc664b85990a20,female,hand,44.6375,35,4,Microbiome RF,Participant-held-out nested CV
10317.000049841,69,10317,10317:c9253f884608fc319fe8569e8e2979bb54c91a0e0d3c4ff7a4b8f149c7372a1c77029903e0508684d15d336da510bcc78d1e9c1aecbf85c0b6bc664b85990a20,female,head,48.425,35,4,Microbiome RF,Participant-held-out nested CV
10317.000049848,35,10317,10317:88f4fbcf0ceb456e7f8e8447af039f0dc2670ad52972600d23a04b60152370409f6b57086023803ce52591376f998806f80e260d50d06764bbb66d26d1b5553e,female,hand,41.36875,34,3,Microbiome RF,Participant-held-out nested CV
10317.000005363,67,10317,10317:673c8ce01f6c4b5120fb00380499db5eeb6a2fb55f33a66a36d79a28f321105b432b54532ecd02900640e027e6baa65fe94b194fa11f3a0eaf97f6abf95c9417,unknown,hand,42.4,35,2,Microbiome RF,Participant-held-out nested CV
10317.000068811,23,10317,10317:aa700130bf2ad84f7dfbd70f11a1ed544685dac3b0af8c4231219413d86330f5973915da8180c4eaa587cffc3aa156c9dafbf597461ddd6251fef35831bd365a,male,head,37.41875,35,4,Microbiome RF,Participant-held-out nested CV
10317.000009042,46,10317,10317:df6f20fb4f08ca5e4d0752d216fd11416c51dcc4d2843a31934d166a9e80964e8a8ebaa924df11dde7c18ceb71cdaa8a5809afe436eae6c92ebcf896c5c92b64,female,hand,43.7,35,0,Microbiome RF,Participant-held-out nested CV
10317.000007105,53,10317,10317:ebedffb9e4d507d8cbaa7af0405caf451aa201d9746c76619a2a69f6b1c164e191af34fbad4f50a53bbb30a92cba77bf673b82db2b687fa2258240612900791e,male,hand,48.39375,34,3,Microbiome RF,Participant-held-out nested CV
10317.000007106,53,10317,10317:ebedffb9e4d507d8cbaa7af0405caf451aa201d9746c76619a2a69f6b1c164e191af34fbad4f50a53bbb30a92cba77bf673b82db2b687fa2258240612900791e,male,head,45.49375,34,3,Microbiome RF,Participant-held-out nested CV
10317.000007103,53,10317,10317:ebedffb9e4d507d8cbaa7af0405caf451aa201d9746c76619a2a69f6b1c164e191af34fbad4f50a53bbb30a92cba77bf673b82db2b687fa2258240612900791e,male,hand,51.73125,34,3,Microbiome RF,Participant-held-out nested CV
1841.F05433,32,1841,1841:NAU150,female,head,24.4625,35,0,Microbiome RF,Participant-held-out nested CV
1841.F05432,32,1841,1841:NAU150,female,head,25.43125,35,0,Microbiome RF,Participant-held-out nested CV
1841.F05431,30,1841,1841:NAU155,female,head,25.425,35,2,Microbiome RF,Participant-held-out nested CV
1841.F05439,21,1841,1841:NAU161,male,head,25.55625,35,0,Microbiome RF,Participant-held-out nested CV
10317.000031099,55,10317,10317:c652f7d5d732f3e629d4d90cf706462d9f50414ad33c8efbe370e13cba2467159fd00b1af99fda0aaa19aab27b068e2d581735424ec0b886d2867320bad0e931,male,head,42.1875,35,0,Microbiome RF,Participant-held-out nested CV
1841.F05434,20,1841,1841:NAU119,male,head,23.6,35,1,Microbiome RF,Participant-held-out nested CV
2010.1347,34,2010,2010:5,female,head,37.025,35,0,Microbiome RF,Participant-held-out nested CV
10317.000068770,34,10317,10317:64e4e987fbbcb4c2194cdd7c106261ec20cfbf2772d835c97eb6311237552ac6be0e79cdb6ed23e686e25afe5db5d7ca46016b14f6939798b7664d7af99914c7,male,hand,36.73125,35,1,Microbiome RF,Participant-held-out nested CV
1841.F06323,22,1841,1841:CUB004,female,head,28.3,35,4,Microbiome RF,Participant-held-out nested CV
1841.F06210,37,1841,1841:NAU148,male,head,24.33125,35,0,Microbiome RF,Participant-held-out nested CV
1841.F06211,22,1841,1841:NAU130,female,head,22.5625,35,0,Microbiome RF,Participant-held-out nested CV
10317.000069070,29,10317,10317:03c0867966fe2299eb3b09291d5f0834310bdf5fceed9c9b7b397570bf8f2d2adaeb945c824ff0cb407abaf691b8173cfa03c4f8eb17e6dd9f6eda17502e66e4,male,hand,43.81875,35,2,Microbiome RF,Participant-held-out nested CV
1841.P15634,23,1841,1841:CUB053,female,hand,22.46875,34,3,Microbiome RF,Participant-held-out nested CV
10317.000072315,42,10317,10317:0cded5ec882014d599e408a086631081c42e2f070234c9e90d7244cf5e39d7d4150b713faf80aed64afaf4dd8ff14b76e9e204f93500060792828269add5de56,female,head,43.41875,34,3,Microbiome RF,Participant-held-out nested CV
1841.F05092,23,1841,1841:NCS244,female,head,23.375,35,4,Microbiome RF,Participant-held-out nested CV
10317.000079831,38,10317,10317:14023540704b6bc088ad4121fb1e4bb829db0af84dceeb6083083578533680a085ce6473901b2aa79e3843299e1ef69adfd4af41442ee2e3ba1981a43c5fea09,female,head,40.06875,35,1,Microbiome RF,Participant-held-out nested CV
1841.P15342,20,1841,1841:NCS210,female,hand,24.6375,35,1,Microbiome RF,Participant-held-out nested CV
2010.1751,23,2010,2010:15,female,head,34.6,35,2,Microbiome RF,Participant-held-out nested CV
10317.000049729,36,10317,10317:79bbc1c5c663e0434d917d65535beeb68d902da75556dbb9bc561129718387ed15c630d65f4716cbeb02ed871a1e5044d2cd04da381361681f4a0793ca85598d,male,head,39.84375,35,1,Microbiome RF,Participant-held-out nested CV
1841.P15029,20,1841,1841:CUB049,female,hand,21.8625,35,4,Microbiome RF,Participant-held-out nested CV
1841.P15023,21,1841,1841:CUB029,male,hand,25.51875,35,2,Microbiome RF,Participant-held-out nested CV
1841.P15022,20,1841,1841:CUB010,female,hand,24.225,35,4,Microbiome RF,Participant-held-out nested CV
1841.P15021,20,1841,1841:CUB027,female,hand,22.25625,35,2,Microbiome RF,Participant-held-out nested CV
1841.P15025,21,1841,1841:CUB003,female,hand,25.3375,35,4,Microbiome RF,Participant-held-out nested CV
1841.P15024,22,1841,1841:CUB048,female,hand,32.00625,35,1,Microbiome RF,Participant-held-out nested CV
1841.F06368,29,1841,1841:CUB011,female,head,23.34375,35,4,Microbiome RF,Participant-held-out nested CV
1841.F06367,21,1841,1841:CUB029,male,head,23.3625,35,2,Microbiome RF,Participant-held-out nested CV
1841.F06365,20,1841,1841:CUB005,female,head,25.9625,35,4,Microbiome RF,Participant-held-out nested CV
1841.F06362,22,1841,1841:CUB040,male,head,24.5375,35,2,Microbiome RF,Participant-held-out nested CV
1841.F06363,21,1841,1841:CUB032,female,head,21.79375,35,0,Microbiome RF,Participant-held-out nested CV
1841.F06360,22,1841,1841:CUB007,female,head,22.8,35,2,Microbiome RF,Participant-held-out nested CV
1841.F06361,20,1841,1841:CUB008,male,head,22.10625,35,4,Microbiome RF,Participant-held-out nested CV
1841.P15289,21,1841,1841:CUB029,male,hand,33.55,35,2,Microbiome RF,Participant-held-out nested CV
1841.P15284,23,1841,1841:CUB053,female,hand,29.64375,34,3,Microbiome RF,Participant-held-out nested CV
1841.P15283,22,1841,1841:CUB040,male,hand,24.3625,35,2,Microbiome RF,Participant-held-out nested CV
1841.P15281,41,1841,1841:CUB050,female,hand,32.34375,35,0,Microbiome RF,Participant-held-out nested CV
1841.P15280,23,1841,1841:CUB056,male,hand,25.0125,35,2,Microbiome RF,Participant-held-out nested CV
10317.000049790,27,10317,10317:cb8ea224a3bb7ef53bf08da62860c079b5996441cbbb6ef11fbe09454172198e57a65569937d0e57c98a2327cfe4b04a55969cdda8eed8fc5f998c2468e4920a,male,head,42.64375,35,2,Microbiome RF,Participant-held-out nested CV
10317.000015503,58,10317,10317:39bccde315a4d2e26bd21d11d8612666496433302b42a988f2e86dbe04d585b4ed30f82357ad21121e121b84ba5b37d2ecaf536b10e6faf7bae853217d2e1db6,male,head,42.11875,35,2,Microbiome RF,Participant-held-out nested CV
1841.P15221,36,1841,1841:CUB042,male,hand,31.75,35,0,Microbiome RF,Participant-held-out nested CV
10317.000005290,69,10317,10317:f468dfbfdc239f0e3bbe1de592c866535d2e70f74b05af2999cd5ac5b39818383c58a904146c605bc773f87fac2da08ddde7d4bedced3110d5c1d3b15657f73e,male,hand,43.0125,35,4,Microbiome RF,Participant-held-out nested CV
10317.000015502,58,10317,10317:39bccde315a4d2e26bd21d11d8612666496433302b42a988f2e86dbe04d585b4ed30f82357ad21121e121b84ba5b37d2ecaf536b10e6faf7bae853217d2e1db6,male,hand,41.35625,35,2,Microbiome RF,Participant-held-out nested CV
1841.F06465,23,1841,1841:CUB056,male,head,25.5375,35,2,Microbiome RF,Participant-held-out nested CV
10317.000063476,25,10317,10317:a7eb0dd2ec940ca9c3d8c905ee11b3f312886d2373352bf10804121fdb76ae9277a91ce4ea0f346e0c8b67c66e30cabba094db785b990ac67b6fa4ea8b65aeda,female,head,40.05,35,0,Microbiome RF,Participant-held-out nested CV
1841.F06466,22,1841,1841:CUB048,female,head,28.16875,35,1,Microbiome RF,Participant-held-out nested CV
1841.P15222,21,1841,1841:CUB000,female,hand,27.59375,35,2,Microbiome RF,Participant-held-out nested CV
1841.F05630,20,1841,1841:CUB005,female,head,23.04375,35,4,Microbiome RF,Participant-held-out nested CV
10317.000015293,29,10317,10317:fac33038e7fdc9cea92cfafa3a1c3f21658eba746fdc582552dc90cf29de5130fdb07560083b3745b42ab1b35c0098ade96b984095fd4c6ab41f086f38fdf732,male,head,42.45,35,0,Microbiome RF,Participant-held-out nested CV
10317.000015292,29,10317,10317:fac33038e7fdc9cea92cfafa3a1c3f21658eba746fdc582552dc90cf29de5130fdb07560083b3745b42ab1b35c0098ade96b984095fd4c6ab41f086f38fdf732,male,hand,39.35,35,0,Microbiome RF,Participant-held-out nested CV
10317.000015291,29,10317,10317:fac33038e7fdc9cea92cfafa3a1c3f21658eba746fdc582552dc90cf29de5130fdb07560083b3745b42ab1b35c0098ade96b984095fd4c6ab41f086f38fdf732,male,hand,46.08125,35,0,Microbiome RF,Participant-held-out nested CV
1841.F05636,22,1841,1841:CUB007,female,head,22.7625,35,2,Microbiome RF,Participant-held-out nested CV
1841.F05987,18,1841,1841:NCS213,female,head,24.03125,35,4,Microbiome RF,Participant-held-out nested CV
1841.F05986,19,1841,1841:NCS233,male,head,24.45,35,2,Microbiome RF,Participant-held-out nested CV
1841.F05985,27,1841,1841:NCS214,male,head,31.725,35,2,Microbiome RF,Participant-held-out nested CV
1841.F05984,27,1841,1841:NCS214,male,head,34.075,35,2,Microbiome RF,Participant-held-out nested CV
10317.000015058,80,10317,10317:8dd14dd80ae9b69218b4942e80486ca4299a19f9342258835b868633bfa7bff6581b9102dd034b2a58f5ea1a74b8a2ec5b06b38aca104935d0e20a6925b670f2,unknown,hand,49.0875,35,0,Microbiome RF,Participant-held-out nested CV
1841.P16251,20,1841,1841:NAU119,male,hand,22.1875,35,1,Microbiome RF,Participant-held-out nested CV
1841.P16253,26,1841,1841:NAU146,female,hand,24.0125,35,4,Microbiome RF,Participant-held-out nested CV
1841.P16257,25,1841,1841:NAU157,male,hand,26.49375,35,4,Microbiome RF,Participant-held-out nested CV
1841.F05410,22,1841,1841:NAU133,male,head,24.4125,34,3,Microbiome RF,Participant-held-out nested CV
1841.F05520,21,1841,1841:NAU154,female,head,23.85625,35,1,Microbiome RF,Participant-held-out nested CV
1841.F06170,20,1841,1841:CUB008,male,head,21.8875,35,4,Microbiome RF,Participant-held-out nested CV
1841.F06175,20,1841,1841:CUB051,male,head,24.09375,34,3,Microbiome RF,Participant-held-out nested CV
10317.000035236,69,10317,10317:f468dfbfdc239f0e3bbe1de592c866535d2e70f74b05af2999cd5ac5b39818383c58a904146c605bc773f87fac2da08ddde7d4bedced3110d5c1d3b15657f73e,male,hand,48.2375,35,4,Microbiome RF,Participant-held-out nested CV
10317.000027751,54,10317,10317:3f3189bfab92107b05a629ba1be6aad212c75b4525d50b0789f4272ba27b446de5cf079bf1c30b52182f0e4ded874c59bc8e41d483192937641083f6a37b6a67,female,head,40.8375,34,3,Microbiome RF,Participant-held-out nested CV
1841.P15611,20,1841,1841:CUB049,female,hand,23.4875,35,4,Microbiome RF,Participant-held-out nested CV
1841.P15612,20,1841,1841:CUB008,male,hand,25.24375,35,4,Microbiome RF,Participant-held-out nested CV
1841.P15618,41,1841,1841:CUB050,female,hand,30.23125,35,0,Microbiome RF,Participant-held-out nested CV
1841.P16552,21,1841,1841:CUB044,male,hand,24.71875,35,0,Microbiome RF,Participant-held-out nested CV
1841.P16416,23,1841,1841:NCS244,female,hand,24.19375,35,4,Microbiome RF,Participant-held-out nested CV
10317.000048390,21,10317,10317:30d7ca7c505d10cb4c76c0443a75de8f2f826d67386377db4fa33b8983b7e1be84ec36794891a1993f919a1c5c528a78e39e90c8c94320bc3b555e3aa3643685,female,hand,46.2875,34,3,Microbiome RF,Participant-held-out nested CV
1841.F05843,22,1841,1841:NAU130,female,head,22.175,35,0,Microbiome RF,Participant-held-out nested CV
1841.F05840,33,1841,1841:NAU144,male,head,25.85,35,0,Microbiome RF,Participant-held-out nested CV
10317.000015463,69,10317,10317:f468dfbfdc239f0e3bbe1de592c866535d2e70f74b05af2999cd5ac5b39818383c58a904146c605bc773f87fac2da08ddde7d4bedced3110d5c1d3b15657f73e,male,head,41.94375,35,4,Microbiome RF,Participant-held-out nested CV
10317.000015464,69,10317,10317:f468dfbfdc239f0e3bbe1de592c866535d2e70f74b05af2999cd5ac5b39818383c58a904146c605bc773f87fac2da08ddde7d4bedced3110d5c1d3b15657f73e,male,hand,42.64375,35,4,Microbiome RF,Participant-held-out nested CV
1841.P16553,29,1841,1841:CUB011,female,hand,23.6125,35,4,Microbiome RF,Participant-held-out nested CV
1841.F05848,21,1841,1841:NAU153,female,head,21.8875,35,1,Microbiome RF,Participant-held-out nested CV
1841.F05849,33,1841,1841:NAU144,male,head,26.5,35,0,Microbiome RF,Participant-held-out nested CV
1841.P16063,22,1841,1841:NAU164,male,hand,26.0375,35,0,Microbiome RF,Participant-held-out nested CV
1841.P16065,21,1841,1841:NAU106,female,hand,25.2,35,4,Microbiome RF,Participant-held-out nested CV
1841.P16068,21,1841,1841:NAU124,female,hand,21.9625,35,0,Microbiome RF,Participant-held-out nested CV
1841.P16348,28,1841,1841:NAU103,female,hand,26.825,35,1,Microbiome RF,Participant-held-out nested CV
10317.000013184,46,10317,10317:c1aeed7ec49ba28fab9705a2a7ef17c7dae7622554dfbffbae7e5be56e0b5ca0fba918409d646af5cd04454fb08cc22ab4f708b179204f985182cefea9e199bd,male,head,43.9125,35,2,Microbiome RF,Participant-held-out nested CV
10317.000030487,69,10317,10317:08b8c7c89d71fbf3c7c45e4e838c5e9f6a9275be245ff743f08495d4e80cd9e519926d3080aa03f7db3b66c131808ba6bc500ce102040e341c7b930462457631,female,head,44.5875,35,2,Microbiome RF,Participant-held-out nested CV
10317.000009540,53,10317,10317:58d4b73b2478e68af9ec6ecd6f84a5c5b12f4bc9800c9f70889f2bf166a48e6c18a19edff402e2d4ba36c6c10a1cb0f060bef325706d3ec31b9f0e301d253e1a,female,head,48.0875,34,3,Microbiome RF,Participant-held-out nested CV
1841.F06432,41,1841,1841:CUB050,female,head,29.5875,35,0,Microbiome RF,Participant-held-out nested CV
1841.F06433,21,1841,1841:CUB026,male,head,22.7,35,4,Microbiome RF,Participant-held-out nested CV
1841.F06346,21,1841,1841:CUB012,female,head,25.69375,35,0,Microbiome RF,Participant-held-out nested CV
10317.000063422,36,10317,10317:702fbc8dfcb76217e73344a0a11dd54afca4b678302097929bc6cc1cadce5d5fc80da1e599a9d752eea1f081540d8b89772bcb670f71f2d38a11bdce484be812,female,hand,39.4875,34,3,Microbiome RF,Participant-held-out nested CV
1841.F06439,20,1841,1841:CUB027,female,head,23.23125,35,2,Microbiome RF,Participant-held-out nested CV
1841.F06349,21,1841,1841:CUB033,female,head,23.8625,35,2,Microbiome RF,Participant-held-out nested CV
10317.000049119,62,10317,10317:cf42e22cb0b5def3e5fb85e3eedb9fec63ec3614a7783d0ac195975b575a9863d801522f080d492d8032502dfbef61ba79d17264597f600354ba3cb662748955,male,hand,53.325,35,1,Microbiome RF,Participant-held-out nested CV
1841.F06589,20,1841,1841:CUB027,female,head,24.35,35,2,Microbiome RF,Participant-held-out nested CV
1841.F05617,29,1841,1841:CUB011,female,head,23.4625,35,4,Microbiome RF,Participant-held-out nested CV
1841.F05612,20,1841,1841:CUB005,female,head,25.675,35,4,Microbiome RF,Participant-held-out nested CV
1841.F05611,20,1841,1841:CUB036,female,head,23.5375,35,1,Microbiome RF,Participant-held-out nested CV
10317.000027250,26,10317,10317:35ad3a0f8be46af7197f78a77d7f387c0c7eaf6f1a077f0e0176fc9111103db539f114ea70834449cb5b086a49f41113f54c36fb5bbd31c5afcbf0a1d618fe92,male,head,38.575,35,4,Microbiome RF,Participant-held-out nested CV
1841.P15400,27,1841,1841:NCS253,female,hand,31.73125,35,2,Microbiome RF,Participant-held-out nested CV
1841.P15407,18,1841,1841:NCS213,female,hand,24.28125,35,4,Microbiome RF,Participant-held-out nested CV
10317.000009059,50,10317,10317:d2b0d78183a7fb7003716446b4a9280723b3b3e47823c3e6d1a251d445558a0bbde902b411f4f4015c7f8faa15d573d3a103491eb53d1fb0ff68fedb2e2dd4d7,female,head,36.55625,35,1,Microbiome RF,Participant-held-out nested CV
1841.P16279,37,1841,1841:NAU148,male,hand,26.99375,35,0,Microbiome RF,Participant-held-out nested CV
1841.P16278,21,1841,1841:NAU124,female,hand,22.45,35,0,Microbiome RF,Participant-held-out nested CV
1841.P16276,32,1841,1841:NAU150,female,hand,24.00625,35,0,Microbiome RF,Participant-held-out nested CV
1841.P16275,37,1841,1841:NAU148,male,hand,23.6625,35,0,Microbiome RF,Participant-held-out nested CV
1841.P16272,22,1841,1841:NAU130,female,hand,22.35625,35,0,Microbiome RF,Participant-held-out nested CV
1841.P16270,32,1841,1841:NAU150,female,hand,26.5,35,0,Microbiome RF,Participant-held-out nested CV
1841.F05471,20,1841,1841:NAU121,female,head,23.38125,35,2,Microbiome RF,Participant-held-out nested CV
1841.F05470,19,1841,1841:NAU107,female,head,23.6,34,3,Microbiome RF,Participant-held-out nested CV
1841.F05477,20,1841,1841:NAU110,female,head,27.51875,34,3,Microbiome RF,Participant-held-out nested CV
1841.F05476,25,1841,1841:NAU157,male,head,24.75,35,4,Microbiome RF,Participant-held-out nested CV
1841.F05475,22,1841,1841:NAU133,male,head,24.9125,34,3,Microbiome RF,Participant-held-out nested CV
1841.F05474,22,1841,1841:NAU130,female,head,22.0,35,0,Microbiome RF,Participant-held-out nested CV
1841.F06031,22,1841,1841:NCS212,female,head,23.59375,35,4,Microbiome RF,Participant-held-out nested CV
1841.F05645,21,1841,1841:CUB038,female,head,25.35,35,2,Microbiome RF,Participant-held-out nested CV
1841.P16187,24,1841,1841:NAU109,male,hand,22.53125,35,2,Microbiome RF,Participant-held-out nested CV
1841.P16186,24,1841,1841:NAU109,male,hand,26.475,35,2,Microbiome RF,Participant-held-out nested CV
1841.P16181,28,1841,1841:NAU103,female,hand,25.9,35,1,Microbiome RF,Participant-held-out nested CV
1841.P16180,32,1841,1841:NAU150,female,hand,28.66875,35,0,Microbiome RF,Participant-held-out nested CV
1841.P16183,22,1841,1841:NAU137,female,hand,22.88125,35,1,Microbiome RF,Participant-held-out nested CV
1841.P16182,20,1841,1841:NAU119,male,hand,24.08125,35,1,Microbiome RF,Participant-held-out nested CV
1841.F05647,21,1841,1841:CUB044,male,head,23.425,35,0,Microbiome RF,Participant-held-out nested CV
1841.F05640,20,1841,1841:CUB036,female,head,23.55,35,1,Microbiome RF,Participant-held-out nested CV
10317.000004764,36,10317,10317:733d141620ab14d73e0aa4683aff41e7dfc3bae381840f02c270e108c123ae0e90bf1390da736c2d78815083080cfd4f47f1bacbfc2de5a20e1ea897fbb49593,male,hand,47.4,35,2,Microbiome RF,Participant-held-out nested CV
1841.P15988,21,1841,1841:CUB012,female,hand,26.3375,35,0,Microbiome RF,Participant-held-out nested CV
1841.P15989,22,1841,1841:CUB004,female,hand,24.8875,35,4,Microbiome RF,Participant-held-out nested CV
1841.P15985,20,1841,1841:CUB037,female,hand,28.65625,35,0,Microbiome RF,Participant-held-out nested CV
1841.P15981,22,1841,1841:CUB007,female,hand,23.90625,35,2,Microbiome RF,Participant-held-out nested CV
1841.P15181,18,1841,1841:NCS213,female,hand,25.525,35,4,Microbiome RF,Participant-held-out nested CV
2010.1840,32,2010,2010:19,female,head,39.99375,34,3,Microbiome RF,Participant-held-out nested CV
1841.P15369,22,1841,1841:NCS255,female,hand,21.24375,35,0,Microbiome RF,Participant-held-out nested CV
1841.P15362,27,1841,1841:NCS253,female,hand,29.93125,35,2,Microbiome RF,Participant-held-out nested CV
1841.P15365,22,1841,1841:NCS212,female,hand,23.25,35,4,Microbiome RF,Participant-held-out nested CV
10317.000006853,74,10317,10317:7705669a351542f9add9390a0a093824f81095a819993d82ab0d00eb2120ac34a953c451ff892c8c30e3f1b8f7630625d2ebb4d0e8512526a243025795e51eb7,male,hand,46.775,35,1,Microbiome RF,Participant-held-out nested CV
10317.000036125,42,10317,10317:a1cd5635deef381a3388b606e82458a3d030c613a5d1605e912e298677c648fec4c0630fde5c78738c54d9c48767cbe35d882d96bb7fe8a5bb995fbff088cd25,female,head,41.68125,35,1,Microbiome RF,Participant-held-out nested CV
1841.F05808,21,1841,1841:NAU154,female,head,23.125,35,1,Microbiome RF,Participant-held-out nested CV
1841.F05288,25,1841,1841:NAU157,male,head,25.15,35,4,Microbiome RF,Participant-held-out nested CV
1841.F05287,25,1841,1841:NAU157,male,head,25.8625,35,4,Microbiome RF,Participant-held-out nested CV
1841.F05804,21,1841,1841:NAU124,female,head,22.39375,35,0,Microbiome RF,Participant-held-out nested CV
10317.000011979,53,10317,10317:86f38a5d916420ce42057d5012ab6e7b63fe17dce6c5bbd26d4d6b33da03f0c707be225d1759b8991e4a3e2158e96c5ba68e85dfe1ef7f47fcce7ba1ec47ff2e,female,head,47.38125,35,0,Microbiome RF,Participant-held-out nested CV
1841.F05869,30,1841,1841:NAU108,female,head,22.4125,35,1,Microbiome RF,Participant-held-out nested CV
1841.F05864,33,1841,1841:NAU144,male,head,23.2875,35,0,Microbiome RF,Participant-held-out nested CV
1841.F05866,22,1841,1841:NAU164,male,head,24.475,35,0,Microbiome RF,Participant-held-out nested CV
1841.F05867,25,1841,1841:NAU157,male,head,28.4125,35,4,Microbiome RF,Participant-held-out nested CV
1841.P16519,22,1841,1841:CUB007,female,hand,23.625,35,2,Microbiome RF,Participant-held-out nested CV
1841.P16513,29,1841,1841:CUB011,female,hand,24.275,35,4,Microbiome RF,Participant-held-out nested CV
1841.P16510,20,1841,1841:CUB005,female,hand,24.76875,35,4,Microbiome RF,Participant-held-out nested CV
1841.P16516,21,1841,1841:CUB012,female,hand,23.26875,35,0,Microbiome RF,Participant-held-out nested CV
10317.000007128,39,10317,10317:8b672a386ead28ace9c7eaea68003a8d0be6651cf9544c799a49155c372bc6524d53fd7aae5b008caced52ac352c5fe0a4810a846032621cf2d9fc79200e1218,unknown,head,43.60625,35,2,Microbiome RF,Participant-held-out nested CV
10317.000007129,39,10317,10317:8b672a386ead28ace9c7eaea68003a8d0be6651cf9544c799a49155c372bc6524d53fd7aae5b008caced52ac352c5fe0a4810a846032621cf2d9fc79200e1218,unknown,hand,42.8375,35,2,Microbiome RF,Participant-held-out nested CV
10317.000033792,27,10317,10317:a8d1e0c8b099dac9041d9cebdac9c0de56819da44b2a634063806e8ed4697d1075a1ad1a75dcb472c0667686ae7dad37b98268caf960b4805fdd05c287c202df,male,head,40.95625,34,3,Microbiome RF,Participant-held-out nested CV
2010.1246,34,2010,2010:5,female,head,33.375,35,0,Microbiome RF,Participant-held-out nested CV
1841.F05486,22,1841,1841:NAU137,female,head,23.5625,35,1,Microbiome RF,Participant-held-out nested CV
10317.000009071,31,10317,10317:48fd24a3221f83a24f4307730fea531db77cc72647a64a29ffcf0dd97f7305deea2b1e3c1cba32b3cbe473a91330373f80b78deedad17f887fccce56f5ebe393,male,head,43.24375,35,4,Microbiome RF,Participant-held-out nested CV
10317.000009073,31,10317,10317:48fd24a3221f83a24f4307730fea531db77cc72647a64a29ffcf0dd97f7305deea2b1e3c1cba32b3cbe473a91330373f80b78deedad17f887fccce56f5ebe393,male,hand,37.85625,35,4,Microbiome RF,Participant-held-out nested CV
10317.000028943,46,10317,10317:f418e55e3e56cef19b56c0429433fa84e94863f2dc63628da31cf79cf361518786dfccf3fb6ae6e69d5dda970371a55dfedfec2e4e44bf990c150a4b1010a10a,male,hand,45.625,35,2,Microbiome RF,Participant-held-out nested CV
10317.000028942,46,10317,10317:f418e55e3e56cef19b56c0429433fa84e94863f2dc63628da31cf79cf361518786dfccf3fb6ae6e69d5dda970371a55dfedfec2e4e44bf990c150a4b1010a10a,male,hand,45.875,35,2,Microbiome RF,Participant-held-out nested CV
10317.000048360,64,10317,10317:38b52d80745205082d2b0768d21dd49bd97b0762ddb17ec4e549c69b3b75f17167733bf4a73fe6fdc52037e40d6b89fc512dffe4c7ea605af2290fac125f6726,female,head,46.81875,35,0,Microbiome RF,Participant-held-out nested CV
1841.F06419,20,1841,1841:CUB036,female,head,24.75625,35,1,Microbiome RF,Participant-held-out nested CV
10317.000063440,30,10317,10317:012c33f74519c193ec10f17ef58846a7db07b462e5497db82c40fedc4ca3edac7e3c610143fdb11e0e0617da7dcd562ee2bf2be850227286ef06ab72c6361d25,male,head,35.1625,34,3,Microbiome RF,Participant-held-out nested CV
10317.000063447,30,10317,10317:012c33f74519c193ec10f17ef58846a7db07b462e5497db82c40fedc4ca3edac7e3c610143fdb11e0e0617da7dcd562ee2bf2be850227286ef06ab72c6361d25,male,hand,34.3125,34,3,Microbiome RF,Participant-held-out nested CV
1841.F06410,21,1841,1841:CUB012,female,head,23.775,35,0,Microbiome RF,Participant-held-out nested CV
1841.F06411,22,1841,1841:CUB048,female,head,25.78125,35,1,Microbiome RF,Participant-held-out nested CV
1841.F06412,23,1841,1841:CUB053,female,head,24.86875,34,3,Microbiome RF,Participant-held-out nested CV
1841.F06413,20,1841,1841:CUB008,male,head,23.1625,35,4,Microbiome RF,Participant-held-out nested CV
1841.F06414,36,1841,1841:CUB042,male,head,28.43125,35,0,Microbiome RF,Participant-held-out nested CV
1841.F06415,22,1841,1841:CUB016,female,head,23.2375,35,2,Microbiome RF,Participant-held-out nested CV
1841.F06416,41,1841,1841:CUB050,female,head,25.4,35,0,Microbiome RF,Participant-held-out nested CV
1841.F06417,20,1841,1841:CUB010,female,head,24.85,35,4,Microbiome RF,Participant-held-out nested CV
1841.F06511,20,1841,1841:CUB005,female,head,23.6,35,4,Microbiome RF,Participant-held-out nested CV
10317.000005654,35,10317,10317:8606c4dd2d9371a4b109521ba900732b745ba94bf06c0047a2b8189bb5e157e1f6bcb5d5ed855b3e972841afb6a38ae24f88d3995e2f6c362286bd69d07c83ed,female,hand,37.31875,34,3,Microbiome RF,Participant-held-out nested CV
10317.000005657,35,10317,10317:8606c4dd2d9371a4b109521ba900732b745ba94bf06c0047a2b8189bb5e157e1f6bcb5d5ed855b3e972841afb6a38ae24f88d3995e2f6c362286bd69d07c83ed,female,head,35.9375,34,3,Microbiome RF,Participant-held-out nested CV
10317.000005656,35,10317,10317:8606c4dd2d9371a4b109521ba900732b745ba94bf06c0047a2b8189bb5e157e1f6bcb5d5ed855b3e972841afb6a38ae24f88d3995e2f6c362286bd69d07c83ed,female,hand,37.19375,34,3,Microbiome RF,Participant-held-out nested CV
10317.000005651,65,10317,10317:5e5f5fc79a512a180eb0cd63fa75b7307715996b1aff58edbefb0ed0d6548904bf74f95a466efb9525a910f69150d98cfae7b1c55b9bf3e278b402a8439e8d4c,male,hand,48.68125,35,0,Microbiome RF,Participant-held-out nested CV
10317.000005650,65,10317,10317:5e5f5fc79a512a180eb0cd63fa75b7307715996b1aff58edbefb0ed0d6548904bf74f95a466efb9525a910f69150d98cfae7b1c55b9bf3e278b402a8439e8d4c,male,hand,48.2625,35,0,Microbiome RF,Participant-held-out nested CV
10317.000005652,65,10317,10317:5e5f5fc79a512a180eb0cd63fa75b7307715996b1aff58edbefb0ed0d6548904bf74f95a466efb9525a910f69150d98cfae7b1c55b9bf3e278b402a8439e8d4c,male,head,47.9375,35,0,Microbiome RF,Participant-held-out nested CV
10317.000049130,48,10317,10317:9f89ce9cb3dd20b1b698031ff7eb1f66511855e4c05edd9fc525916e365f4d81ff5e46e5432e82c4e4cc62f66a9167138f3bce9a784b0404333ee6c82e195bd6,male,head,42.38125,34,3,Microbiome RF,Participant-held-out nested CV
10317.000049131,48,10317,10317:9f89ce9cb3dd20b1b698031ff7eb1f66511855e4c05edd9fc525916e365f4d81ff5e46e5432e82c4e4cc62f66a9167138f3bce9a784b0404333ee6c82e195bd6,male,hand,44.91875,34,3,Microbiome RF,Participant-held-out nested CV
10317.000049132,48,10317,10317:9f89ce9cb3dd20b1b698031ff7eb1f66511855e4c05edd9fc525916e365f4d81ff5e46e5432e82c4e4cc62f66a9167138f3bce9a784b0404333ee6c82e195bd6,male,hand,42.66875,34,3,Microbiome RF,Participant-held-out nested CV
1841.F05502,20,1841,1841:CUB010,female,head,22.56875,35,4,Microbiome RF,Participant-held-out nested CV
1841.P15790,25,1841,1841:NAU157,male,hand,25.9875,35,4,Microbiome RF,Participant-held-out nested CV
1841.P15793,22,1841,1841:NAU137,female,hand,22.38125,35,1,Microbiome RF,Participant-held-out nested CV
1841.P15792,20,1841,1841:NAU119,male,hand,22.04375,35,1,Microbiome RF,Participant-held-out nested CV
10317.000020770,63,10317,10317:10c8546946a2e2010a75c89453b040665e96df1bb29926bbc6a4b848240f3496cf382414067385add4d4efb3f09315e48b6000a82bc428ab354207875c319ac4,female,head,41.10625,34,3,Microbiome RF,Participant-held-out nested CV
1841.P15797,21,1841,1841:NAU153,female,hand,22.43125,35,1,Microbiome RF,Participant-held-out nested CV
1841.P15796,37,1841,1841:NAU148,male,hand,22.725,35,0,Microbiome RF,Participant-held-out nested CV
1841.P15799,21,1841,1841:NAU154,female,hand,22.625,35,1,Microbiome RF,Participant-held-out nested CV
1841.P15798,21,1841,1841:NAU106,female,hand,25.0875,35,4,Microbiome RF,Participant-held-out nested CV
1841.P16530,20,1841,1841:CUB010,female,hand,23.59375,35,4,Microbiome RF,Participant-held-out nested CV
1841.P16531,23,1841,1841:CUB028,male,hand,22.8,35,0,Microbiome RF,Participant-held-out nested CV
1841.P16537,20,1841,1841:CUB037,female,hand,21.575,35,0,Microbiome RF,Participant-held-out nested CV
1841.P15427,22,1841,1841:NCS212,female,hand,22.8,35,4,Microbiome RF,Participant-held-out nested CV
1841.P15425,23,1841,1841:NCS203,female,hand,27.28125,35,2,Microbiome RF,Participant-held-out nested CV
1841.P15424,19,1841,1841:NCS208,female,hand,24.26875,34,3,Microbiome RF,Participant-held-out nested CV
1841.P15422,21,1841,1841:NCS247,unknown,hand,25.2375,34,3,Microbiome RF,Participant-held-out nested CV
1841.P15420,22,1841,1841:NCS212,female,hand,23.43125,35,4,Microbiome RF,Participant-held-out nested CV
1841.P15429,24,1841,1841:NCS245,female,hand,26.04375,35,2,Microbiome RF,Participant-held-out nested CV
1841.F06190,20,1841,1841:CUB049,female,head,22.875,35,4,Microbiome RF,Participant-held-out nested CV
1841.F05676,41,1841,1841:CUB050,female,head,30.88125,35,0,Microbiome RF,Participant-held-out nested CV
1841.F05672,23,1841,1841:CUB056,male,head,26.6625,35,2,Microbiome RF,Participant-held-out nested CV
1841.F05679,22,1841,1841:CUB040,male,head,27.1875,35,2,Microbiome RF,Participant-held-out nested CV
1841.P16215,55,1841,1841:NAU149,male,hand,26.36875,35,1,Microbiome RF,Participant-held-out nested CV
1841.P16214,25,1841,1841:NAU157,male,hand,28.275,35,4,Microbiome RF,Participant-held-out nested CV
1841.P16217,37,1841,1841:NAU148,male,hand,25.54375,35,0,Microbiome RF,Participant-held-out nested CV
1841.P16211,21,1841,1841:NAU124,female,hand,22.325,35,0,Microbiome RF,Participant-held-out nested CV
1841.P16210,20,1841,1841:NAU123,male,hand,29.14375,35,2,Microbiome RF,Participant-held-out nested CV
1841.P16213,25,1841,1841:NAU157,male,hand,26.525,35,4,Microbiome RF,Participant-held-out nested CV
1841.P16212,20,1841,1841:NAU115,male,hand,24.41875,34,3,Microbiome RF,Participant-held-out nested CV
1841.P16219,55,1841,1841:NAU149,male,hand,27.15625,35,1,Microbiome RF,Participant-held-out nested CV
1841.P16218,22,1841,1841:NAU137,female,hand,24.9375,35,1,Microbiome RF,Participant-held-out nested CV
1841.P15054,21,1841,1841:CUB026,male,hand,23.78125,35,4,Microbiome RF,Participant-held-out nested CV
1841.F05491,22,1841,1841:NAU137,female,head,22.40625,35,1,Microbiome RF,Participant-held-out nested CV
1841.F05490,21,1841,1841:NAU161,male,head,22.325,35,0,Microbiome RF,Participant-held-out nested CV
1841.P15231,22,1841,1841:CUB004,female,hand,27.90625,35,4,Microbiome RF,Participant-held-out nested CV
10317.000040133,65,10317,10317:2b9cd37b03a34e4fed908599b8aedfd4277f38cd704e2625664f495885508a6c40fe8b88f3c9b254c454e5fdcaeef45ed360aa3202dd2bd6326d6e5df964004a,male,head,47.9375,35,4,Microbiome RF,Participant-held-out nested CV
1841.P15168,18,1841,1841:NCS213,female,hand,23.1375,35,4,Microbiome RF,Participant-held-out nested CV
1841.P15163,18,1841,1841:NCS213,female,hand,23.4625,35,4,Microbiome RF,Participant-held-out nested CV
1841.P15166,27,1841,1841:NCS214,male,hand,30.725,35,2,Microbiome RF,Participant-held-out nested CV
1841.F06060,23,1841,1841:NCS243,male,head,28.4125,35,1,Microbiome RF,Participant-held-out nested CV
1841.F06063,23,1841,1841:NCS203,female,head,27.70625,35,2,Microbiome RF,Participant-held-out nested CV
1841.F06062,20,1841,1841:NCS210,female,head,25.85,35,1,Microbiome RF,Participant-held-out nested CV
1841.F06064,23,1841,1841:NCS243,male,head,24.51875,35,1,Microbiome RF,Participant-held-out nested CV
1841.P15308,23,1841,1841:NCS243,male,hand,27.275,35,1,Microbiome RF,Participant-held-out nested CV
1841.P15306,20,1841,1841:NCS210,female,hand,23.65,35,1,Microbiome RF,Participant-held-out nested CV
1841.F06068,27,1841,1841:NCS253,female,head,31.625,35,2,Microbiome RF,Participant-held-out nested CV
1841.P15304,23,1841,1841:NCS244,female,hand,22.33125,35,4,Microbiome RF,Participant-held-out nested CV
1841.P15300,27,1841,1841:NCS253,female,hand,27.75,35,2,Microbiome RF,Participant-held-out nested CV
10317.000063380,40,10317,10317:df013012aa4de39f899aadbdfdd44572d593e9fa5238274ea143331982f2a039f09b846fef6ce0988eeda26205379399dfdb557ef64371f78334d6ee7beed928,male,head,33.15,35,2,Microbiome RF,Participant-held-out nested CV
10317.000063387,40,10317,10317:df013012aa4de39f899aadbdfdd44572d593e9fa5238274ea143331982f2a039f09b846fef6ce0988eeda26205379399dfdb557ef64371f78334d6ee7beed928,male,hand,35.2625,35,2,Microbiome RF,Participant-held-out nested CV
2010.3105,31,2010,2010:43,female,head,38.0625,35,0,Microbiome RF,Participant-held-out nested CV
10317.000004846,43,10317,10317:a17a75eada9222f4d52ce6eb301bb5f83a31b9f5c3f8169a805aa8db550330187a4d89b93a8a8f82115a4bcf6ab38541b4e58a7343862e089fdea11ac94f627a,male,head,43.5375,35,2,Microbiome RF,Participant-held-out nested CV
10317.000005236,55,10317,10317:45e54011490a1e8319d45ba35b5c9c687e4ec395fd00d5bd3b927f21b897135e002c9c488ced29f5644e9cc87c9d6d420ce68c9a95f88b151cd7a4c6182ead64,male,head,40.8,34,3,Microbiome RF,Participant-held-out nested CV
1841.F06355,36,1841,1841:CUB042,male,head,26.11875,35,0,Microbiome RF,Participant-held-out nested CV
10317.000009724,39,10317,10317:8b672a386ead28ace9c7eaea68003a8d0be6651cf9544c799a49155c372bc6524d53fd7aae5b008caced52ac352c5fe0a4810a846032621cf2d9fc79200e1218,unknown,hand,39.15625,35,2,Microbiome RF,Participant-held-out nested CV
10317.000020763,51,10317,10317:271445d9d2f17a19777c6abc5576840700fc57ecb19654f09610d4d1187e722ba995215d7e0cdfd20bd17f6a11fcb5232973c72d5d66bf7a0933e78b7d8aeabc,female,head,46.60625,35,2,Microbiome RF,Participant-held-out nested CV
1841.F05806,20,1841,1841:NAU128,female,head,23.33125,35,4,Microbiome RF,Participant-held-out nested CV
1841.F05805,33,1841,1841:NAU144,male,head,24.675,35,0,Microbiome RF,Participant-held-out nested CV
1841.F05802,25,1841,1841:NAU157,male,head,24.1,35,4,Microbiome RF,Participant-held-out nested CV
1841.F05803,33,1841,1841:NAU144,male,head,24.675,35,0,Microbiome RF,Participant-held-out nested CV
1841.P15551,22,1841,1841:NAU137,female,hand,22.9375,35,1,Microbiome RF,Participant-held-out nested CV
2010.1260,27,2010,2010:1,female,head,37.95625,35,2,Microbiome RF,Participant-held-out nested CV
1841.P16533,22,1841,1841:CUB007,female,hand,27.875,35,2,Microbiome RF,Participant-held-out nested CV
1841.P16534,20,1841,1841:CUB037,female,hand,23.325,35,0,Microbiome RF,Participant-held-out nested CV
1841.P16535,22,1841,1841:CUB016,female,hand,22.61875,35,2,Microbiome RF,Participant-held-out nested CV
1841.P16536,36,1841,1841:CUB042,male,hand,25.15,35,0,Microbiome RF,Participant-held-out nested CV
1841.F05416,21,1841,1841:NAU154,female,head,23.7875,35,1,Microbiome RF,Participant-held-out nested CV
1841.F05822,33,1841,1841:NAU144,male,head,24.83125,35,0,Microbiome RF,Participant-held-out nested CV
10317.000009725,39,10317,10317:8b672a386ead28ace9c7eaea68003a8d0be6651cf9544c799a49155c372bc6524d53fd7aae5b008caced52ac352c5fe0a4810a846032621cf2d9fc79200e1218,unknown,head,43.7375,35,2,Microbiome RF,Participant-held-out nested CV
10317.000009722,39,10317,10317:8b672a386ead28ace9c7eaea68003a8d0be6651cf9544c799a49155c372bc6524d53fd7aae5b008caced52ac352c5fe0a4810a846032621cf2d9fc79200e1218,unknown,hand,40.5875,35,2,Microbiome RF,Participant-held-out nested CV
1841.F05094,23,1841,1841:NCS203,female,head,24.95,35,2,Microbiome RF,Participant-held-out nested CV
