cohort,repeat,participant,prediction,absolute_error
GSE40279,0,GSM989827,63.393001317977905,3.6069986820220947
GSE40279,0,GSM989828,91.07240653038025,2.072406530380249
GSE40279,0,GSM989829,72.59039664268494,6.5903966426849365
GSE40279,0,GSM989831,66.95161032676697,4.951610326766968
GSE40279,0,GSM989832,73.63866019248962,13.361339807510376
GSE40279,0,GSM989833,66.37244009971619,6.6275599002838135
GSE40279,0,GSM989834,77.18446707725525,2.184467077255249
GSE40279,0,GSM989836,103.52518820762634,20.525188207626343
GSE40279,0,GSM989838,55.36249899864197,7.362498998641968
GSE40279,0,GSM989839,78.12883353233337,1.128833532333374
GSE40279,0,GSM989840,58.616267919540405,4.616267919540405
GSE40279,0,GSM989843,81.58580374717712,13.585803747177124
GSE40279,0,GSM989846,72.54394125938416,12.543941259384155
GSE40279,0,GSM989847,87.32519125938416,8.325191259384155
GSE40279,0,GSM989848,80.23582816123962,12.235828161239624
GSE40279,0,GSM989850,87.11684012413025,3.116840124130249
GSE40279,0,GSM989852,73.83138632774353,0.16861367225646973
GSE40279,0,GSM989854,77.33335471153259,21.333354711532593
GSE40279,0,GSM989855,80.67893576622009,8.678935766220093
GSE40279,0,GSM989856,80.81581473350525,5.815814733505249
GSE40279,0,GSM989857,89.09507346153259,10.095073461532593
GSE40279,0,GSM989859,79.4329183101654,2.5670816898345947
GSE40279,0,GSM989861,94.66781210899353,15.66781210899353
GSE40279,0,GSM989862,64.13639426231384,10.136394262313843
GSE40279,0,GSM989865,76.3323323726654,7.667667627334595
GSE40279,0,GSM989868,82.25942587852478,8.25942587852478
GSE40279,0,GSM989869,64.01945090293884,12.980549097061157
GSE40279,0,GSM989871,84.22474265098572,2.7752573490142822
GSE40279,0,GSM989873,82.88214468955994,5.1178553104400635
GSE40279,0,GSM989874,69.41476798057556,3.4147679805755615
GSE40279,0,GSM989875,75.1284749507904,2.8715250492095947
GSE40279,0,GSM989876,71.96107840538025,18.96107840538025
GSE40279,0,GSM989877,77.68309378623962,1.683093786239624
GSE40279,0,GSM989880,66.86962485313416,12.869624853134155
GSE40279,0,GSM989881,77.54423117637634,4.544231176376343
GSE40279,0,GSM989882,76.75401663780212,19.245983362197876
GSE40279,0,GSM989883,68.13187003135681,11.131870031356812
GSE40279,0,GSM989884,69.21712851524353,6.78287148475647
GSE40279,0,GSM989885,54.41556906700134,7.415569067001343
GSE40279,0,GSM989886,60.944358587265015,6.944358587265015
GSE40279,0,GSM989887,69.85813498497009,3.1418650150299072
GSE40279,0,GSM989888,78.39829611778259,5.601703882217407
GSE40279,0,GSM989889,77.85757803916931,15.857578039169312
GSE40279,0,GSM989890,85.3488118648529,3.6511881351470947
GSE40279,0,GSM989891,72.5698812007904,4.569881200790405
GSE40279,0,GSM989892,71.20243430137634,9.202434301376343
GSE40279,0,GSM989893,81.28135275840759,2.2813527584075928
GSE40279,0,GSM989894,71.62531638145447,0.3746836185455322
GSE40279,0,GSM989895,68.86494040489197,0.13505959510803223
GSE40279,0,GSM989896,55.52975058555603,0.5297505855560303
GSE40279,0,GSM989898,80.4565999507904,1.4565999507904053
GSE40279,0,GSM989899,76.30849051475525,4.308490514755249
GSE40279,0,GSM989900,86.13230490684509,2.8676950931549072
GSE40279,0,GSM989902,74.41745352745056,10.582546472549438
GSE40279,0,GSM989903,76.12282919883728,8.12282919883728
GSE40279,0,GSM989904,96.05373740196228,7.05373740196228
GSE40279,0,GSM989905,84.48586630821228,11.48586630821228
GSE40279,0,GSM989906,67.7113606929779,4.711360692977905
GSE40279,0,GSM989907,73.69782614707947,4.302173852920532
GSE40279,0,GSM989911,92.45836234092712,7.458362340927124
GSE40279,0,GSM989914,77.836261510849,3.836261510848999
GSE40279,0,GSM989915,86.23112845420837,2.231128454208374
GSE40279,0,GSM989917,63.02000021934509,14.020000219345093
GSE40279,0,GSM989918,82.93264365196228,13.93264365196228
GSE40279,0,GSM989919,80.85071921348572,17.850719213485718
GSE40279,0,GSM989920,75.4518392086029,9.451839208602905
GSE40279,0,GSM989921,86.57608389854431,1.5760838985443115
GSE40279,0,GSM989924,68.5393636226654,9.539363622665405
GSE40279,0,GSM989925,72.67889761924744,2.6788976192474365
GSE40279,0,GSM989926,76.35649466514587,11.356494665145874
GSE40279,0,GSM989927,79.37765860557556,11.377658605575562
GSE40279,0,GSM989928,88.39878439903259,4.398784399032593
GSE40279,0,GSM989930,60.21695685386658,9.216956853866577
GSE40279,0,GSM989931,71.81472373008728,8.81472373008728
GSE40279,0,GSM989932,75.87253165245056,6.8725316524505615
GSE40279,0,GSM989934,69.98846793174744,8.011532068252563
GSE40279,0,GSM989935,56.152209997177124,4.152209997177124
GSE40279,0,GSM989936,58.688594579696655,9.688594579696655
GSE40279,0,GSM989937,69.51255393028259,16.512553930282593
GSE40279,0,GSM989938,68.98611044883728,9.98611044883728
GSE40279,0,GSM989939,72.75831198692322,10.758311986923218
GSE40279,0,GSM989941,80.52563071250916,12.525630712509155
GSE40279,0,GSM989942,77.74923300743103,3.7492330074310303
GSE40279,0,GSM989943,63.60412955284119,4.6041295528411865
GSE40279,0,GSM989944,81.25950217247009,5.259502172470093
GSE40279,0,GSM989945,67.12633872032166,13.126338720321655
GSE40279,0,GSM989946,73.13968253135681,14.139682531356812
GSE40279,0,GSM989947,68.9711263179779,20.971126317977905
GSE40279,0,GSM989948,59.867366552352905,14.867366552352905
GSE40279,0,GSM989950,71.93407034873962,8.934070348739624
GSE40279,0,GSM989951,79.722003698349,0.277996301651001
GSE40279,0,GSM989952,68.58201193809509,8.582011938095093
GSE40279,0,GSM989953,82.07706809043884,11.077068090438843
GSE40279,0,GSM989954,75.1713216304779,8.171321630477905
GSE40279,0,GSM989955,68.45253348350525,18.45253348350525
GSE40279,0,GSM989956,83.09852194786072,2.9014780521392822
GSE40279,0,GSM989957,75.27785849571228,5.27785849571228
GSE40279,0,GSM989958,62.46100211143494,8.461002111434937
GSE40279,0,GSM989961,61.90215277671814,3.9021527767181396
GSE40279,0,GSM989962,66.2539632320404,8.253963232040405
GSE40279,0,GSM989963,68.39626669883728,4.39626669883728
GSE40279,0,GSM989964,78.31025290489197,5.310252904891968
GSE40279,0,GSM989965,54.55088400840759,5.550884008407593
GSE40279,0,GSM989966,57.01219916343689,1.0121991634368896
GSE40279,0,GSM989968,55.43097281455994,7.4309728145599365
GSE40279,0,GSM989969,79.14686179161072,1.8531382083892822
GSE40279,0,GSM989971,65.46334433555603,4.46334433555603
GSE40279,0,GSM989972,61.48889899253845,11.488898992538452
GSE40279,0,GSM989973,65.93711447715759,3.0628855228424072
GSE40279,0,GSM989975,48.15021109580994,1.1502110958099365
GSE40279,0,GSM989976,62.03811240196228,19.03811240196228
GSE40279,0,GSM989977,61.77753043174744,6.7775304317474365
GSE40279,0,GSM989978,62.67200064659119,8.672000646591187
GSE40279,0,GSM989979,67.38345694541931,9.383456945419312
GSE40279,0,GSM989980,50.75015997886658,16.750159978866577
GSE40279,0,GSM989981,70.06010794639587,5.060107946395874
GSE40279,0,GSM989982,61.66897177696228,9.66897177696228
GSE40279,0,GSM989983,46.87348914146423,14.873489141464233
GSE40279,0,GSM989984,59.252490758895874,12.252490758895874
GSE40279,0,GSM989985,72.15790915489197,18.157909154891968
GSE40279,0,GSM989987,49.33872580528259,21.338725805282593
GSE40279,0,GSM989988,72.50913596153259,18.509135961532593
GSE40279,0,GSM989989,71.93896842002869,12.938968420028687
GSE40279,0,GSM989991,60.61643576622009,10.616435766220093
GSE40279,0,GSM989992,38.618213415145874,8.618213415145874
GSE40279,0,GSM989993,63.55444693565369,13.554446935653687
GSE40279,0,GSM989994,63.73280310630798,16.732803106307983
GSE40279,0,GSM989995,65.51522421836853,18.51522421836853
GSE40279,0,GSM989996,46.851341009140015,13.851341009140015
GSE40279,0,GSM989997,49.39725852012634,11.397258520126343
GSE40279,0,GSM989998,47.78138327598572,12.781383275985718
GSE40279,0,GSM990000,74.98002982139587,5.019970178604126
GSE40279,0,GSM990001,88.03256583213806,2.0325658321380615
GSE40279,0,GSM990002,74.45997214317322,3.4599721431732178
GSE40279,0,GSM990003,71.32787680625916,5.672123193740845
GSE40279,0,GSM990004,74.96823477745056,7.9682347774505615
GSE40279,0,GSM990005,79.11381888389587,4.886181116104126
GSE40279,0,GSM990006,78.99677634239197,1.0032236576080322
GSE40279,0,GSM990007,71.88168692588806,1.8816869258880615
GSE40279,0,GSM990009,64.98544669151306,1.9854466915130615
GSE40279,0,GSM990010,70.71905875205994,0.7190587520599365
GSE40279,0,GSM990012,74.94526267051697,7.945262670516968
GSE40279,0,GSM990014,59.66170859336853,10.33829140663147
GSE40279,0,GSM990015,82.41103720664978,8.41103720664978
GSE40279,0,GSM990016,77.97433066368103,4.97433066368103
GSE40279,0,GSM990017,72.40468955039978,4.59531044960022
GSE40279,0,GSM990018,91.77710318565369,11.777103185653687
GSE40279,0,GSM990019,78.92923331260681,12.929233312606812
GSE40279,0,GSM990021,85.23815512657166,9.238155126571655
GSE40279,0,GSM990022,73.80265402793884,4.197345972061157
GSE40279,0,GSM990023,83.69294333457947,1.6929433345794678
GSE40279,0,GSM990024,80.37624716758728,4.37624716758728
GSE40279,0,GSM990025,70.49587607383728,0.5041239261627197
GSE40279,0,GSM990026,75.4668538570404,6.533146142959595
GSE40279,0,GSM990027,89.216388463974,6.216388463973999
GSE40279,0,GSM990028,73.01589560508728,5.98410439491272
GSE40279,0,GSM990029,70.60219931602478,4.39780068397522
GSE40279,0,GSM990031,62.70068717002869,1.2993128299713135
GSE40279,0,GSM990033,92.4018132686615,0.401813268661499
GSE40279,0,GSM990034,81.65883231163025,7.658832311630249
GSE40279,0,GSM990035,73.04123282432556,4.0412328243255615
GSE40279,0,GSM990036,80.84508872032166,0.8450887203216553
GSE40279,0,GSM990039,86.69807028770447,5.698070287704468
GSE40279,0,GSM990041,75.05434775352478,6.05434775352478
GSE40279,0,GSM990042,75.79311728477478,2.7931172847747803
GSE40279,0,GSM990045,63.63833975791931,4.3616602420806885
GSE40279,0,GSM990046,83.70425772666931,14.704257726669312
GSE40279,0,GSM990049,79.32418417930603,1.6758158206939697
GSE40279,0,GSM990050,63.47925162315369,7.5207483768463135
GSE40279,0,GSM990051,70.81957602500916,0.18042397499084473
GSE40279,0,GSM990052,77.59635519981384,2.5963551998138428
GSE40279,0,GSM990053,56.66406607627869,3.3359339237213135
GSE40279,0,GSM990054,74.03917288780212,2.960827112197876
GSE40279,0,GSM990055,79.85776877403259,5.142231225967407
GSE40279,0,GSM990056,70.35375571250916,0.3537557125091553
GSE40279,0,GSM990057,66.55116629600525,4.551166296005249
GSE40279,0,GSM990058,70.71361899375916,1.7136189937591553
GSE40279,0,GSM990059,70.53348898887634,2.4665110111236572
GSE40279,0,GSM990060,77.64501547813416,4.645015478134155
GSE40279,0,GSM990061,72.256671667099,1.743328332901001
GSE40279,0,GSM990062,72.29834342002869,0.7016565799713135
GSE40279,0,GSM990063,80.94309592247009,5.056904077529907
GSE40279,0,GSM990066,79.99996542930603,4.99996542930603
GSE40279,0,GSM990068,57.6758496761322,9.324150323867798
GSE40279,0,GSM990070,53.274471044540405,5.274471044540405
GSE40279,0,GSM990072,64.56265616416931,16.56265616416931
GSE40279,0,GSM990075,57.69107794761658,11.691077947616577
GSE40279,0,GSM990076,57.77622199058533,2.223778009414673
GSE40279,0,GSM990077,53.821277379989624,13.821277379989624
GSE40279,0,GSM990079,52.271472692489624,11.271472692489624
GSE40279,0,GSM990080,52.38819479942322,0.6118052005767822
GSE40279,0,GSM990081,59.67319083213806,11.673190832138062
GSE40279,0,GSM990082,72.13959860801697,1.1395986080169678
GSE40279,0,GSM990083,59.67008185386658,7.670081853866577
GSE40279,0,GSM990084,59.44448447227478,4.55551552772522
GSE40279,0,GSM990085,51.52355170249939,3.5235517024993896
GSE40279,0,GSM990086,53.12699484825134,1.8730051517486572
GSE40279,0,GSM990087,74.29032492637634,6.290324926376343
GSE40279,0,GSM990088,55.87834143638611,9.878341436386108
GSE40279,0,GSM990089,67.26175284385681,3.2617528438568115
GSE40279,0,GSM990090,56.018665075302124,0.981334924697876
GSE40279,0,GSM990091,50.90877890586853,5.90877890586853
GSE40279,0,GSM990094,74.90454459190369,14.904544591903687
GSE40279,0,GSM990095,57.16205191612244,6.1620519161224365
GSE40279,0,GSM990096,38.308398962020874,34.691601037979126
GSE40279,0,GSM990097,54.717944860458374,16.717944860458374
GSE40279,0,GSM990099,72.46909689903259,8.469096899032593
GSE40279,0,GSM990100,63.793079137802124,5.793079137802124
GSE40279,0,GSM990101,48.599517583847046,5.599517583847046
GSE40279,0,GSM990102,41.71744132041931,3.7174413204193115
GSE40279,0,GSM990103,56.28802847862244,2.2880284786224365
GSE40279,0,GSM990104,73.44317984580994,3.4431798458099365
GSE40279,0,GSM990106,67.46837210655212,5.468372106552124
GSE40279,0,GSM990107,51.31547141075134,0.3154714107513428
GSE40279,0,GSM990108,47.54705786705017,6.547057867050171
GSE40279,0,GSM990109,47.973315954208374,5.026684045791626
GSE40279,0,GSM990110,59.58594870567322,5.414051294326782
GSE40279,0,GSM990111,53.948421239852905,3.9484212398529053
GSE40279,0,GSM990112,59.70168662071228,4.70168662071228
GSE40279,0,GSM990113,61.39969611167908,0.6003038883209229
GSE40279,0,GSM990114,62.31754660606384,1.3175466060638428
GSE40279,0,GSM990115,48.108203649520874,10.108203649520874
GSE40279,0,GSM990117,71.56399130821228,7.56399130821228
GSE40279,0,GSM990118,48.25898337364197,8.741016626358032
GSE40279,0,GSM990119,58.92608618736267,1.926086187362671
GSE40279,0,GSM990120,51.0751531124115,2.075153112411499
GSE40279,0,GSM990121,60.11471915245056,3.8852808475494385
GSE40279,0,GSM990122,49.80369544029236,16.19630455970764
GSE40279,0,GSM990268,52.30082678794861,0.3008267879486084
GSE40279,0,GSM990269,57.32461905479431,14.324619054794312
GSE40279,0,GSM990271,55.14161276817322,4.141612768173218
GSE40279,0,GSM990272,55.97171378135681,2.0282862186431885
GSE40279,0,GSM990273,55.49245047569275,7.507549524307251
GSE40279,0,GSM990274,53.17145895957947,1.8285410404205322
GSE40279,0,GSM990275,51.91364645957947,1.9136464595794678
GSE40279,0,GSM990276,70.90080618858337,13.900806188583374
GSE40279,0,GSM990277,31.35545325279236,1.6445467472076416
GSE40279,0,GSM990278,55.930530309677124,9.930530309677124
GSE40279,0,GSM990279,48.69925284385681,2.6992528438568115
GSE40279,0,GSM990281,55.796069860458374,0.796069860458374
GSE40279,0,GSM990282,43.60458731651306,20.39541268348694
GSE40279,0,GSM990283,41.678333044052124,4.321666955947876
GSE40279,0,GSM990284,59.05057120323181,6.9494287967681885
GSE40279,0,GSM990285,45.04928946495056,1.9507105350494385
GSE40279,0,GSM990286,43.94754767417908,14.052452325820923
GSE40279,0,GSM990287,59.17516303062439,1.8248369693756104
GSE40279,0,GSM990288,39.341235876083374,8.658764123916626
GSE40279,0,GSM990289,41.458575963974,3.541424036026001
GSE40279,0,GSM990290,55.47365927696228,6.52634072303772
GSE40279,0,GSM990291,47.83890509605408,2.161094903945923
GSE40279,0,GSM990292,33.672176122665405,0.3278238773345947
GSE40279,0,GSM990293,56.30445075035095,7.695549249649048
GSE40279,0,GSM990294,47.6023633480072,7.397636651992798
GSE40279,0,GSM990295,52.09424185752869,4.0942418575286865
GSE40279,0,GSM990297,57.74791693687439,6.25208306312561
GSE40279,0,GSM990298,54.77114462852478,3.2288553714752197
GSE40279,0,GSM990299,36.48568320274353,0.5143167972564697
GSE40279,0,GSM990300,56.861743688583374,3.138256311416626
GSE40279,0,GSM990301,56.26824927330017,6.731750726699829
GSE40279,0,GSM990302,50.65748190879822,8.342518091201782
GSE40279,0,GSM990303,47.630061864852905,6.369938135147095
GSE40279,0,GSM990304,53.897186040878296,6.102813959121704
GSE40279,0,GSM990305,49.44649863243103,1.5535013675689697
GSE40279,0,GSM990306,65.93400168418884,2.9340016841888428
GSE40279,0,GSM990307,57.961543798446655,6.038456201553345
GSE40279,0,GSM990309,53.566741704940796,9.566741704940796
GSE40279,0,GSM990311,59.55388617515564,6.44611382484436
GSE40279,0,GSM990313,54.06702017784119,6.9329798221588135
GSE40279,0,GSM990314,54.06089758872986,2.0608975887298584
GSE40279,0,GSM990315,62.66828894615173,1.6682889461517334
GSE40279,0,GSM990318,42.98700308799744,9.012996912002563
GSE40279,0,GSM990319,49.57811713218689,5.42188286781311
GSE40279,0,GSM990320,63.49474310874939,4.49474310874939
GSE40279,0,GSM990321,53.33497214317322,5.665027856826782
GSE40279,0,GSM990323,48.25059103965759,2.2505910396575928
GSE40279,0,GSM990324,33.605334997177124,2.605334997177124
GSE40279,0,GSM990325,59.08555197715759,4.085551977157593
GSE40279,0,GSM990326,44.3866765499115,8.613323450088501
GSE40279,0,GSM990327,46.71744894981384,4.717448949813843
GSE40279,0,GSM990329,48.362903356552124,1.637096643447876
GSE40279,0,GSM990330,48.80195212364197,3.1980478763580322
GSE40279,0,GSM990331,41.13975501060486,3.8602449893951416
GSE40279,0,GSM990332,53.139129400253296,11.860870599746704
GSE40279,0,GSM990333,44.54010367393494,14.459896326065063
GSE40279,0,GSM990334,59.04233527183533,1.0423352718353271
GSE40279,0,GSM990335,62.628589391708374,1.371410608291626
GSE40279,0,GSM990336,50.123504400253296,10.876495599746704
GSE40279,0,GSM990337,54.45904898643494,12.540951013565063
GSE40279,0,GSM990338,58.6303174495697,0.36968255043029785
GSE40279,0,GSM990339,49.53055930137634,8.469440698623657
GSE40279,0,GSM990340,45.60822653770447,8.391773462295532
GSE40279,0,GSM990341,54.774749517440796,2.225250482559204
GSE40279,0,GSM990342,55.89805197715759,4.101948022842407
GSE40279,0,GSM990343,45.52309012413025,4.476909875869751
GSE40279,0,GSM990346,44.24410605430603,0.24410605430603027
GSE40279,0,GSM990347,57.50735068321228,4.49264931678772
GSE40279,0,GSM990348,69.1471745967865,6.852825403213501
GSE40279,0,GSM990350,46.34960150718689,0.34960150718688965
GSE40279,0,GSM990352,54.098140478134155,4.901859521865845
GSE40279,0,GSM990353,51.318195104599,0.681804895401001
GSE40279,0,GSM990354,37.88515067100525,12.114849328994751
GSE40279,0,GSM990355,39.28147482872009,5.718525171279907
GSE40279,0,GSM990356,47.42516303062439,4.57483696937561
GSE40279,0,GSM990357,47.27589011192322,6.724109888076782
GSE40279,0,GSM990358,63.982288122177124,1.982288122177124
GSE40279,0,GSM990360,54.75437521934509,8.245624780654907
GSE40279,0,GSM990363,60.20276999473572,4.797230005264282
GSE40279,0,GSM990364,55.93758749961853,8.06241250038147
GSE40279,0,GSM990365,51.10500693321228,5.89499306678772
GSE40279,0,GSM990366,59.90250754356384,3.0974924564361572
GSE40279,0,GSM990369,42.24388098716736,4.243880987167358
GSE40279,0,GSM990371,54.742400884628296,4.257599115371704
GSE40279,0,GSM990372,57.209922552108765,0.7900774478912354
GSE40279,0,GSM990373,41.61914420127869,0.6191442012786865
GSE40279,0,GSM990375,28.640178442001343,2.6401784420013428
GSE40279,0,GSM990376,54.7592236995697,6.240776300430298
GSE40279,0,GSM990377,62.363086462020874,6.363086462020874
GSE40279,0,GSM990378,52.94504904747009,13.054950952529907
GSE40279,0,GSM990379,56.82011008262634,5.179889917373657
GSE40279,0,GSM990381,52.45407462120056,2.5459253787994385
GSE40279,0,GSM990382,50.79359793663025,10.206402063369751
GSE40279,0,GSM990383,61.2567822933197,3.256782293319702
GSE40279,0,GSM990385,53.07334876060486,9.926651239395142
GSE40279,0,GSM990386,58.00432562828064,0.9956743717193604
GSE40279,0,GSM990387,56.68320059776306,4.3167994022369385
GSE40279,0,GSM990388,59.75652289390564,6.24347710609436
GSE40279,0,GSM990389,56.7515332698822,8.248466730117798
GSE40279,0,GSM990390,55.098811864852905,2.9011881351470947
GSE40279,0,GSM990391,43.67213416099548,0.6721341609954834
GSE40279,0,GSM990392,49.65935492515564,5.34064507484436
GSE40279,0,GSM990394,52.5927197933197,2.592719793319702
GSE40279,0,GSM990395,42.28921866416931,3.7107813358306885
GSE40279,0,GSM990396,54.927425146102905,0.9274251461029053
GSE40279,0,GSM990397,78.52524161338806,1.4747583866119385
GSE40279,0,GSM990398,71.27517294883728,11.72482705116272
GSE40279,0,GSM990399,75.72562003135681,1.2743799686431885
GSE40279,0,GSM990400,73.90360617637634,2.0963938236236572
GSE40279,0,GSM990403,64.38791251182556,17.61208748817444
GSE40279,0,GSM990404,43.49660849571228,14.50339150428772
GSE40279,0,GSM990405,63.78614020347595,2.213859796524048
GSE40279,0,GSM990406,59.91851782798767,25.08148217201233
GSE40279,0,GSM990407,66.83688712120056,0.8368871212005615
GSE40279,0,GSM990408,65.68737387657166,3.3126261234283447
GSE40279,0,GSM990409,67.58593344688416,16.414066553115845
GSE40279,0,GSM990410,76.95121359825134,2.0487864017486572
GSE40279,0,GSM990411,61.255664587020874,2.744335412979126
GSE40279,0,GSM990412,64.72551321983337,13.274486780166626
GSE40279,0,GSM990413,53.53539252281189,0.5353925228118896
GSE40279,0,GSM990414,58.14627432823181,0.8537256717681885
GSE40279,0,GSM990416,65.97231650352478,4.97231650352478
GSE40279,0,GSM990418,60.75616812705994,8.243831872940063
GSE40279,0,GSM990419,63.999934911727905,3.9999349117279053
GSE40279,0,GSM990420,57.569175481796265,7.430824518203735
GSE40279,0,GSM990421,81.83309531211853,7.16690468788147
GSE40279,0,GSM990422,48.98852896690369,25.011471033096313
GSE40279,0,GSM990423,66.96532797813416,14.034672021865845
GSE40279,0,GSM990424,74.31144309043884,6.311443090438843
GSE40279,0,GSM990425,63.76602530479431,4.2339746952056885
GSE40279,0,GSM990426,63.16172385215759,1.8382761478424072
GSE40279,0,GSM990427,80.04089713096619,9.959102869033813
GSE40279,0,GSM990429,76.19884085655212,2.801159143447876
GSE40279,0,GSM990430,63.37845206260681,6.3784520626068115
GSE40279,0,GSM990431,58.54391074180603,17.45608925819397
GSE40279,0,GSM990432,77.45518088340759,1.5448191165924072
GSE40279,0,GSM990433,41.893848180770874,7.106151819229126
GSE40279,0,GSM990434,80.49287009239197,11.507129907608032
GSE40279,0,GSM990435,62.10837912559509,3.8916208744049072
GSE40279,0,GSM990436,59.654136419296265,0.6541364192962646
GSE40279,0,GSM990437,59.89429450035095,16.105705499649048
GSE40279,0,GSM990438,60.244373083114624,4.244373083114624
GSE40279,0,GSM990439,54.05548453330994,2.0554845333099365
GSE40279,0,GSM990440,60.29665732383728,4.70334267616272
GSE40279,0,GSM990441,69.2143132686615,3.785686731338501
GSE40279,0,GSM990442,75.38579154014587,10.385791540145874
GSE40279,0,GSM990443,82.94343161582947,1.0565683841705322
GSE40279,0,GSM990445,76.90360617637634,1.0963938236236572
GSE40279,0,GSM990446,58.36957907676697,5.369579076766968
GSE40279,0,GSM990447,79.04384207725525,11.043842077255249
GSE40279,0,GSM990448,49.15872931480408,2.841270685195923
GSE40279,0,GSM990449,61.97311758995056,10.026882410049438
GSE40279,0,GSM990450,58.96014380455017,10.960143804550171
GSE40279,0,GSM990451,55.22549796104431,4.7745020389556885
GSE40279,0,GSM990452,88.9677083492279,27.967708349227905
GSE40279,0,GSM990453,64.75338339805603,4.24661660194397
GSE40279,0,GSM990454,71.9789388179779,9.021061182022095
GSE40279,0,GSM990455,72.8367269039154,16.836726903915405
GSE40279,0,GSM990456,78.26716208457947,0.7328379154205322
GSE40279,0,GSM990457,75.56740927696228,6.43259072303772
GSE40279,0,GSM990458,56.687618017196655,1.3123819828033447
GSE40279,0,GSM990459,60.42811942100525,14.571880578994751
GSE40279,0,GSM990462,85.55044150352478,15.55044150352478
GSE40279,0,GSM990463,68.65111899375916,8.348881006240845
GSE40279,0,GSM990464,54.52157187461853,1.4784281253814697
GSE40279,0,GSM990465,60.54989218711853,6.45010781288147
GSE40279,0,GSM990466,76.81187033653259,0.8118703365325928
GSE40279,0,GSM990467,84.49941611289978,4.50058388710022
GSE40279,0,GSM990468,52.20968222618103,16.79031777381897
GSE40279,0,GSM990470,70.52579092979431,9.474209070205688
GSE40279,0,GSM990471,77.80317282676697,1.8031728267669678
GSE40279,0,GSM990473,53.544543981552124,7.455456018447876
GSE40279,0,GSM990474,46.98250937461853,5.01749062538147
GSE40279,0,GSM990475,65.32310843467712,3.676891565322876
GSE40279,0,GSM990477,63.98892569541931,5.0110743045806885
GSE40279,0,GSM990478,53.826011419296265,11.173988580703735
GSE40279,0,GSM990479,43.803035497665405,1.1969645023345947
GSE40279,0,GSM990481,63.25668692588806,12.743313074111938
GSE40279,0,GSM990482,69.16864371299744,6.8313562870025635
GSE40279,0,GSM990484,65.70087790489197,5.299122095108032
GSE40279,0,GSM990485,41.209766149520874,10.790233850479126
GSE40279,0,GSM990486,85.00706076622009,1.0070607662200928
GSE40279,0,GSM990487,55.57646918296814,1.4235308170318604
GSE40279,0,GSM990488,66.33371329307556,1.6662867069244385
GSE40279,0,GSM990489,70.62560629844666,3.3743937015533447
GSE40279,0,GSM990490,36.63445258140564,3.6344525814056396
GSE40279,0,GSM990492,64.23154044151306,8.768459558486938
GSE40279,0,GSM990494,51.71046805381775,20.28953194618225
GSE40279,0,GSM990495,72.50173544883728,5.49826455116272
GSE40279,0,GSM990496,54.37548041343689,13.62451958656311
GSE40279,0,GSM990497,53.85733771324158,1.8573377132415771
GSE40279,0,GSM990498,52.14936804771423,11.850631952285767
GSE40279,0,GSM990499,37.95420050621033,10.954200506210327
GSE40279,0,GSM990500,41.06994605064392,12.069946050643921
GSE40279,0,GSM990501,53.69674277305603,9.69674277305603
GSE40279,0,GSM990502,43.94777274131775,2.947772741317749
GSE40279,0,GSM990503,49.72872519493103,4.72872519493103
GSE40279,0,GSM990504,31.302728414535522,4.3027284145355225
GSE40279,0,GSM990505,56.032222509384155,8.032222509384155
GSE40279,0,GSM990506,58.01029562950134,2.0102956295013428
GSE40279,0,GSM990507,45.15726065635681,11.157260656356812
GSE40279,0,GSM990508,54.68976950645447,14.310230493545532
GSE40279,0,GSM990509,39.64358115196228,16.35641884803772
GSE40279,0,GSM990510,39.83936667442322,7.160633325576782
GSE40279,0,GSM990512,56.18662619590759,3.8133738040924072
GSE40279,0,GSM990514,58.13517355918884,1.8648264408111572
GSE40279,0,GSM990516,49.57967734336853,5.42032265663147
GSE40279,0,GSM990517,35.512531042099,3.512531042098999
GSE40279,0,GSM990518,24.446065664291382,1.4460656642913818
GSE40279,0,GSM990519,35.46992087364197,7.530079126358032
GSE40279,0,GSM990520,35.52267813682556,11.477321863174438
GSE40279,0,GSM990521,44.17056632041931,0.17056632041931152
GSE40279,0,GSM990522,39.83780264854431,2.8378026485443115
GSE40279,0,GSM990523,29.787105321884155,2.7871053218841553
GSE40279,0,GSM990525,35.63025259971619,7.6302525997161865
GSE40279,0,GSM990526,59.82998251914978,8.82998251914978
GSE40279,0,GSM990528,31.34593176841736,12.345931768417358
GSE40279,0,GSM990529,53.629146337509155,9.629146337509155
GSE40279,0,GSM990530,65.960773229599,16.960773229599
GSE40279,0,GSM990532,48.79187369346619,4.7918736934661865
GSE40279,0,GSM990533,65.09957480430603,3.0995748043060303
GSE40279,0,GSM990534,42.72238516807556,12.722385168075562
GSE40279,0,GSM990536,35.32386374473572,0.6761362552642822
GSE40279,0,GSM990537,34.42753577232361,9.427535772323608
GSE40279,0,GSM990538,46.28353476524353,10.28353476524353
GSE40279,0,GSM990539,29.984019994735718,8.984019994735718
GSE40279,0,GSM990540,52.54499411582947,12.544994115829468
GSE40279,0,GSM990541,36.86194968223572,14.861949682235718
GSE40279,0,GSM990542,41.80197501182556,5.8019750118255615
GSE40279,0,GSM990543,67.32267355918884,9.322673559188843
GSE40279,0,GSM990544,83.29846549034119,0.2984654903411865
GSE40279,0,GSM990548,73.70858359336853,7.70858359336853
GSE40279,0,GSM990550,65.9735677242279,16.026432275772095
GSE40279,0,GSM990551,76.8559148311615,3.855914831161499
GSE40279,0,GSM990552,76.12137961387634,0.8786203861236572
GSE40279,0,GSM990553,82.62905478477478,2.6290547847747803
GSE40279,0,GSM990554,64.72753500938416,14.272464990615845
GSE40279,0,GSM990555,73.64661765098572,0.6466176509857178
GSE40279,0,GSM990557,74.87997031211853,10.12002968788147
GSE40279,0,GSM990558,96.7226140499115,5.722614049911499
GSE40279,0,GSM990559,84.1142156124115,0.885784387588501
GSE40279,0,GSM990560,80.86652731895447,5.133472681045532
GSE40279,0,GSM990561,82.79753470420837,8.797534704208374
GSE40279,0,GSM990563,85.96633505821228,1.0336649417877197
GSE40279,0,GSM990564,76.44349265098572,0.4434926509857178
GSE40279,0,GSM990565,73.62160849571228,7.37839150428772
GSE40279,0,GSM990566,62.98867392539978,3.9886739253997803
GSE40279,0,GSM990567,73.87572836875916,0.8757283687591553
GSE40279,0,GSM990569,83.38582968711853,1.6141703128814697
GSE40279,0,GSM990570,68.79327750205994,0.20672249794006348
GSE40279,0,GSM990571,68.34678244590759,16.653217554092407
GSE40279,0,GSM990572,84.42318320274353,0.5768167972564697
GSE40279,0,GSM990573,85.73072409629822,1.7307240962982178
GSE40279,0,GSM990574,74.19762778282166,8.802372217178345
GSE40279,0,GSM990575,80.60609793663025,13.606097936630249
GSE40279,0,GSM990578,92.26627707481384,5.266277074813843
GSE40279,0,GSM990579,77.73539328575134,6.264606714248657
GSE40279,0,GSM990580,80.10151267051697,1.8984873294830322
GSE40279,0,GSM990581,86.6398274898529,6.360172510147095
GSE40279,0,GSM990583,84.08927512168884,4.089275121688843
GSE40279,0,GSM990584,80.46879172325134,7.531208276748657
GSE40279,0,GSM990585,70.66437888145447,1.3356211185455322
GSE40279,0,GSM990587,52.34906363487244,3.6509363651275635
GSE40279,0,GSM990588,90.15401816368103,1.8459818363189697
GSE40279,0,GSM990589,78.54957175254822,0.5495717525482178
GSE40279,0,GSM990590,73.90997672080994,2.9099767208099365
GSE40279,0,GSM990591,65.75252890586853,23.24747109413147
GSE40279,0,GSM990592,47.88315176963806,6.1168482303619385
GSE40279,0,GSM990593,66.01626181602478,0.016261816024780273
GSE40279,0,GSM990594,79.93748831748962,4.937488317489624
GSE40279,0,GSM990595,81.14191031455994,8.858089685440063
GSE40279,0,GSM990596,63.19188666343689,2.8081133365631104
GSE40279,0,GSM990597,88.13825583457947,11.138255834579468
GSE40279,0,GSM990598,81.40314841270447,0.5968515872955322
GSE40279,0,GSM990599,75.51841330528259,10.518413305282593
GSE40279,0,GSM990600,66.056476354599,8.056476354598999
GSE40279,0,GSM990603,76.10738730430603,2.1073873043060303
GSE40279,0,GSM990604,72.82773184776306,3.8277318477630615
GSE40279,0,GSM990605,83.8600652217865,0.860065221786499
GSE40279,0,GSM990606,85.73890280723572,2.7389028072357178
GSE40279,0,GSM990607,89.67922568321228,19.67922568321228
GSE40279,0,GSM990608,79.26452231407166,15.264522314071655
GSE40279,0,GSM990609,75.54792380332947,25.547923803329468
GSE40279,0,GSM990610,99.18851065635681,25.18851065635681
GSE40279,0,GSM990611,69.54455161094666,0.5445516109466553
GSE40279,0,GSM990612,95.22164511680603,9.22164511680603
GSE40279,0,GSM990613,64.58628439903259,1.4137156009674072
GSE40279,0,GSM990614,81.83785605430603,11.83785605430603
GSE40279,0,GSM990615,99.98010611534119,10.980106115341187
GSE40279,0,GSM990617,75.6356770992279,6.635677099227905
GSE40279,0,GSM990618,70.19937491416931,6.1993749141693115
GSE40279,0,GSM990619,77.78513693809509,1.2148630619049072
GSE40279,0,GSM990620,84.62934470176697,7.370655298233032
GSE40279,0,GSM990621,79.53451132774353,9.53451132774353
GSE40279,0,GSM990622,83.71266531944275,6.712665319442749
GSE40279,0,GSM990623,84.84719443321228,6.84719443321228
GSE40279,0,GSM990624,78.5763509273529,7.576350927352905
GSE40279,0,GSM990625,79.83016562461853,11.83016562461853
GSE40279,0,GSM990626,66.02160239219666,5.021602392196655
GSE40279,0,GSM990627,75.61805319786072,2.6180531978607178
GSE40279,1,GSM989827,63.41345238685608,3.586547613143921
GSE40279,1,GSM989828,91.09285759925842,2.092857599258423
GSE40279,1,GSM989829,72.61084771156311,6.61084771156311
GSE40279,1,GSM989831,66.97206139564514,4.972061395645142
GSE40279,1,GSM989832,73.6591112613678,13.340888738632202
GSE40279,1,GSM989833,66.39289116859436,6.60710883140564
GSE40279,1,GSM989834,77.20491814613342,2.204918146133423
GSE40279,1,GSM989836,103.54563927650452,20.545639276504517
GSE40279,1,GSM989838,55.38295006752014,7.382950067520142
GSE40279,1,GSM989839,78.14928460121155,1.1492846012115479
GSE40279,1,GSM989840,58.63671898841858,4.636718988418579
GSE40279,1,GSM989843,81.6062548160553,13.606254816055298
GSE40279,1,GSM989846,72.56439232826233,12.564392328262329
GSE40279,1,GSM989847,87.34564232826233,8.345642328262329
GSE40279,1,GSM989848,80.2562792301178,12.256279230117798
GSE40279,1,GSM989850,87.13729119300842,3.137291193008423
GSE40279,1,GSM989852,73.8518373966217,0.1481626033782959
GSE40279,1,GSM989854,77.35380578041077,21.353805780410767
GSE40279,1,GSM989855,80.69938683509827,8.699386835098267
GSE40279,1,GSM989856,80.83626580238342,5.836265802383423
GSE40279,1,GSM989857,89.11552453041077,10.115524530410767
GSE40279,1,GSM989859,79.45336937904358,2.546630620956421
GSE40279,1,GSM989861,94.6882631778717,15.688263177871704
GSE40279,1,GSM989862,64.15684533119202,10.156845331192017
GSE40279,1,GSM989865,76.35278344154358,7.647216558456421
GSE40279,1,GSM989868,82.27987694740295,8.279876947402954
GSE40279,1,GSM989869,64.03990197181702,12.960098028182983
GSE40279,1,GSM989871,84.24519371986389,2.7548062801361084
GSE40279,1,GSM989873,82.90259575843811,5.09740424156189
GSE40279,1,GSM989874,69.43521904945374,3.4352190494537354
GSE40279,1,GSM989875,75.14892601966858,2.851073980331421
GSE40279,1,GSM989876,71.98152947425842,18.981529474258423
GSE40279,1,GSM989877,77.7035448551178,1.7035448551177979
GSE40279,1,GSM989880,66.89007592201233,12.890075922012329
GSE40279,1,GSM989881,77.56468224525452,4.564682245254517
GSE40279,1,GSM989882,76.7744677066803,19.225532293319702
GSE40279,1,GSM989883,68.15232110023499,11.152321100234985
GSE40279,1,GSM989884,69.2375795841217,6.762420415878296
GSE40279,1,GSM989885,54.43602013587952,7.436020135879517
GSE40279,1,GSM989886,60.96480965614319,6.9648096561431885
GSE40279,1,GSM989887,69.87858605384827,3.1214139461517334
GSE40279,1,GSM989888,78.41874718666077,5.581252813339233
GSE40279,1,GSM989889,77.87802910804749,15.878029108047485
GSE40279,1,GSM989890,85.36926293373108,3.630737066268921
GSE40279,1,GSM989891,72.59033226966858,4.590332269668579
GSE40279,1,GSM989892,71.22288537025452,9.222885370254517
GSE40279,1,GSM989893,81.30180382728577,2.3018038272857666
GSE40279,1,GSM989894,71.64576745033264,0.3542325496673584
GSE40279,1,GSM989895,68.88539147377014,0.1146085262298584
GSE40279,1,GSM989896,55.550201654434204,0.5502016544342041
GSE40279,1,GSM989898,80.47705101966858,1.477051019668579
GSE40279,1,GSM989899,76.32894158363342,4.328941583633423
GSE40279,1,GSM989900,86.15275597572327,2.8472440242767334
GSE40279,1,GSM989902,74.43790459632874,10.562095403671265
GSE40279,1,GSM989903,76.14328026771545,8.143280267715454
GSE40279,1,GSM989904,96.07418847084045,7.074188470840454
GSE40279,1,GSM989905,84.50631737709045,11.506317377090454
GSE40279,1,GSM989906,67.73181176185608,4.731811761856079
GSE40279,1,GSM989907,73.71827721595764,4.281722784042358
GSE40279,1,GSM989911,92.4788134098053,7.478813409805298
GSE40279,1,GSM989914,77.85671257972717,3.856712579727173
GSE40279,1,GSM989915,86.25157952308655,2.251579523086548
GSE40279,1,GSM989917,63.04045128822327,14.040451288223267
GSE40279,1,GSM989918,82.95309472084045,13.953094720840454
GSE40279,1,GSM989919,80.87117028236389,17.87117028236389
GSE40279,1,GSM989920,75.47229027748108,9.472290277481079
GSE40279,1,GSM989921,86.59653496742249,1.5965349674224854
GSE40279,1,GSM989924,68.55981469154358,9.559814691543579
GSE40279,1,GSM989925,72.69934868812561,2.6993486881256104
GSE40279,1,GSM989926,76.37694573402405,11.376945734024048
GSE40279,1,GSM989927,79.39810967445374,11.398109674453735
GSE40279,1,GSM989928,88.41923546791077,4.419235467910767
GSE40279,1,GSM989930,60.23740792274475,9.237407922744751
GSE40279,1,GSM989931,71.83517479896545,8.835174798965454
GSE40279,1,GSM989932,75.89298272132874,6.892982721328735
GSE40279,1,GSM989934,70.00891900062561,7.99108099937439
GSE40279,1,GSM989935,56.1726610660553,4.172661066055298
GSE40279,1,GSM989936,58.70904564857483,9.709045648574829
GSE40279,1,GSM989937,69.53300499916077,16.533004999160767
GSE40279,1,GSM989938,69.00656151771545,10.006561517715454
GSE40279,1,GSM989939,72.77876305580139,10.778763055801392
GSE40279,1,GSM989941,80.54608178138733,12.546081781387329
GSE40279,1,GSM989942,77.7696840763092,3.769684076309204
GSE40279,1,GSM989943,63.62458062171936,4.62458062171936
GSE40279,1,GSM989944,81.27995324134827,5.279953241348267
GSE40279,1,GSM989945,67.14678978919983,13.146789789199829
GSE40279,1,GSM989946,73.16013360023499,14.160133600234985
GSE40279,1,GSM989947,68.99157738685608,20.99157738685608
GSE40279,1,GSM989948,59.88781762123108,14.887817621231079
GSE40279,1,GSM989950,71.9545214176178,8.954521417617798
GSE40279,1,GSM989951,79.74245476722717,0.25754523277282715
GSE40279,1,GSM989952,68.60246300697327,8.602463006973267
GSE40279,1,GSM989953,82.09751915931702,11.097519159317017
GSE40279,1,GSM989954,75.19177269935608,8.191772699356079
GSE40279,1,GSM989955,68.47298455238342,18.472984552383423
GSE40279,1,GSM989956,83.11897301673889,2.8810269832611084
GSE40279,1,GSM989957,75.29830956459045,5.298309564590454
GSE40279,1,GSM989958,62.48145318031311,8.48145318031311
GSE40279,1,GSM989961,61.92260384559631,3.9226038455963135
GSE40279,1,GSM989962,66.27441430091858,8.274414300918579
GSE40279,1,GSM989963,68.41671776771545,4.416717767715454
GSE40279,1,GSM989964,78.33070397377014,5.330703973770142
GSE40279,1,GSM989965,54.57133507728577,5.571335077285767
GSE40279,1,GSM989966,57.03265023231506,1.0326502323150635
GSE40279,1,GSM989968,55.45142388343811,7.45142388343811
GSE40279,1,GSM989969,79.16731286048889,1.8326871395111084
GSE40279,1,GSM989971,65.4837954044342,4.483795404434204
GSE40279,1,GSM989972,61.509350061416626,11.509350061416626
GSE40279,1,GSM989973,65.95756554603577,3.0424344539642334
GSE40279,1,GSM989975,48.17066216468811,1.1706621646881104
GSE40279,1,GSM989976,62.058563470840454,19.058563470840454
GSE40279,1,GSM989977,61.79798150062561,6.79798150062561
GSE40279,1,GSM989978,62.69245171546936,8.69245171546936
GSE40279,1,GSM989979,67.40390801429749,9.403908014297485
GSE40279,1,GSM989980,50.77061104774475,16.77061104774475
GSE40279,1,GSM989981,70.08055901527405,5.080559015274048
GSE40279,1,GSM989982,61.689422845840454,9.689422845840454
GSE40279,1,GSM989983,46.89394021034241,14.893940210342407
GSE40279,1,GSM989984,59.27294182777405,12.272941827774048
GSE40279,1,GSM989985,72.17836022377014,18.17836022377014
GSE40279,1,GSM989987,49.35917687416077,21.359176874160767
GSE40279,1,GSM989988,72.52958703041077,18.529587030410767
GSE40279,1,GSM989989,71.95941948890686,12.95941948890686
GSE40279,1,GSM989991,60.63688683509827,10.636886835098267
GSE40279,1,GSM989992,38.63866448402405,8.638664484024048
GSE40279,1,GSM989993,63.57489800453186,13.57489800453186
GSE40279,1,GSM989994,63.75325417518616,16.753254175186157
GSE40279,1,GSM989995,65.5356752872467,18.535675287246704
GSE40279,1,GSM989996,46.87179207801819,13.871792078018188
GSE40279,1,GSM989997,49.41770958900452,11.417709589004517
GSE40279,1,GSM989998,47.80183434486389,12.801834344863892
GSE40279,1,GSM990000,75.00048089027405,4.999519109725952
GSE40279,1,GSM990001,88.05301690101624,2.0530169010162354
GSE40279,1,GSM990002,74.48042321205139,3.4804232120513916
GSE40279,1,GSM990003,71.34832787513733,5.651672124862671
GSE40279,1,GSM990004,74.98868584632874,7.988685846328735
GSE40279,1,GSM990005,79.13426995277405,4.865730047225952
GSE40279,1,GSM990006,79.01722741127014,0.9827725887298584
GSE40279,1,GSM990007,71.90213799476624,1.9021379947662354
GSE40279,1,GSM990009,65.00589776039124,2.0058977603912354
GSE40279,1,GSM990010,70.73950982093811,0.7395098209381104
GSE40279,1,GSM990012,74.96571373939514,7.965713739395142
GSE40279,1,GSM990014,59.682159662246704,10.317840337753296
GSE40279,1,GSM990015,82.43148827552795,8.431488275527954
GSE40279,1,GSM990016,77.9947817325592,4.994781732559204
GSE40279,1,GSM990017,72.42514061927795,4.574859380722046
GSE40279,1,GSM990018,91.79755425453186,11.79755425453186
GSE40279,1,GSM990019,78.94968438148499,12.949684381484985
GSE40279,1,GSM990021,85.25860619544983,9.258606195449829
GSE40279,1,GSM990022,73.82310509681702,4.176894903182983
GSE40279,1,GSM990023,83.71339440345764,1.7133944034576416
GSE40279,1,GSM990024,80.39669823646545,4.396698236465454
GSE40279,1,GSM990025,70.51632714271545,0.4836728572845459
GSE40279,1,GSM990026,75.48730492591858,6.512695074081421
GSE40279,1,GSM990027,89.23683953285217,6.236839532852173
GSE40279,1,GSM990028,73.03634667396545,5.963653326034546
GSE40279,1,GSM990029,70.62265038490295,4.377349615097046
GSE40279,1,GSM990031,62.72113823890686,1.2788617610931396
GSE40279,1,GSM990033,92.42226433753967,0.42226433753967285
GSE40279,1,GSM990034,81.67928338050842,7.679283380508423
GSE40279,1,GSM990035,73.06168389320374,4.061683893203735
GSE40279,1,GSM990036,80.86553978919983,0.8655397891998291
GSE40279,1,GSM990039,86.71852135658264,5.718521356582642
GSE40279,1,GSM990041,75.07479882240295,6.074798822402954
GSE40279,1,GSM990042,75.81356835365295,2.813568353652954
GSE40279,1,GSM990045,63.658790826797485,4.341209173202515
GSE40279,1,GSM990046,83.72470879554749,14.724708795547485
GSE40279,1,GSM990049,79.3446352481842,1.655364751815796
GSE40279,1,GSM990050,63.49970269203186,7.50029730796814
GSE40279,1,GSM990051,70.84002709388733,0.1599729061126709
GSE40279,1,GSM990052,77.61680626869202,2.6168062686920166
GSE40279,1,GSM990053,56.68451714515686,3.3154828548431396
GSE40279,1,GSM990054,74.0596239566803,2.940376043319702
GSE40279,1,GSM990055,79.87821984291077,5.121780157089233
GSE40279,1,GSM990056,70.37420678138733,0.3742067813873291
GSE40279,1,GSM990057,66.57161736488342,4.571617364883423
GSE40279,1,GSM990058,70.73407006263733,1.734070062637329
GSE40279,1,GSM990059,70.55394005775452,2.4460599422454834
GSE40279,1,GSM990060,77.66546654701233,4.665466547012329
GSE40279,1,GSM990061,72.27712273597717,1.7228772640228271
GSE40279,1,GSM990062,72.31879448890686,0.6812055110931396
GSE40279,1,GSM990063,80.96354699134827,5.036453008651733
GSE40279,1,GSM990066,80.0204164981842,5.020416498184204
GSE40279,1,GSM990068,57.696300745010376,9.303699254989624
GSE40279,1,GSM990070,53.29492211341858,5.294922113418579
GSE40279,1,GSM990072,64.58310723304749,16.583107233047485
GSE40279,1,GSM990075,57.71152901649475,11.711529016494751
GSE40279,1,GSM990076,57.7966730594635,2.203326940536499
GSE40279,1,GSM990077,53.8417284488678,13.841728448867798
GSE40279,1,GSM990079,52.2919237613678,11.291923761367798
GSE40279,1,GSM990080,52.40864586830139,0.5913541316986084
GSE40279,1,GSM990081,59.693641901016235,11.693641901016235
GSE40279,1,GSM990082,72.16004967689514,1.1600496768951416
GSE40279,1,GSM990083,59.69053292274475,7.690532922744751
GSE40279,1,GSM990084,59.464935541152954,4.535064458847046
GSE40279,1,GSM990085,51.54400277137756,3.5440027713775635
GSE40279,1,GSM990086,53.14744591712952,1.8525540828704834
GSE40279,1,GSM990087,74.31077599525452,6.310775995254517
GSE40279,1,GSM990088,55.89879250526428,9.898792505264282
GSE40279,1,GSM990089,67.28220391273499,3.2822039127349854
GSE40279,1,GSM990090,56.0391161441803,0.9608838558197021
GSE40279,1,GSM990091,50.929229974746704,5.929229974746704
GSE40279,1,GSM990094,74.92499566078186,14.92499566078186
GSE40279,1,GSM990095,57.18250298500061,6.18250298500061
GSE40279,1,GSM990096,38.32885003089905,34.67114996910095
GSE40279,1,GSM990097,54.73839592933655,16.738395929336548
GSE40279,1,GSM990099,72.48954796791077,8.489547967910767
GSE40279,1,GSM990100,63.8135302066803,5.813530206680298
GSE40279,1,GSM990101,48.61996865272522,5.61996865272522
GSE40279,1,GSM990102,41.737892389297485,3.7378923892974854
GSE40279,1,GSM990103,56.30847954750061,2.3084795475006104
GSE40279,1,GSM990104,73.46363091468811,3.4636309146881104
GSE40279,1,GSM990106,67.4888231754303,5.488823175430298
GSE40279,1,GSM990107,51.33592247962952,0.3359224796295166
GSE40279,1,GSM990108,47.567508935928345,6.567508935928345
GSE40279,1,GSM990109,47.99376702308655,5.006232976913452
GSE40279,1,GSM990110,59.60639977455139,5.393600225448608
GSE40279,1,GSM990111,53.96887230873108,3.968872308731079
GSE40279,1,GSM990112,59.722137689590454,4.722137689590454
GSE40279,1,GSM990113,61.42014718055725,0.579852819442749
GSE40279,1,GSM990114,62.33799767494202,1.3379976749420166
GSE40279,1,GSM990115,48.12865471839905,10.128654718399048
GSE40279,1,GSM990117,71.58444237709045,7.584442377090454
GSE40279,1,GSM990118,48.27943444252014,8.720565557479858
GSE40279,1,GSM990119,58.946537256240845,1.9465372562408447
GSE40279,1,GSM990120,51.09560418128967,2.095604181289673
GSE40279,1,GSM990121,60.135170221328735,3.8648297786712646
GSE40279,1,GSM990122,49.82414650917053,16.175853490829468
GSE40279,1,GSM990268,52.32127785682678,0.3212778568267822
GSE40279,1,GSM990269,57.345070123672485,14.345070123672485
GSE40279,1,GSM990271,55.16206383705139,4.162063837051392
GSE40279,1,GSM990272,55.992164850234985,2.0078351497650146
GSE40279,1,GSM990273,55.51290154457092,7.487098455429077
GSE40279,1,GSM990274,53.19191002845764,1.8080899715423584
GSE40279,1,GSM990275,51.93409752845764,1.9340975284576416
GSE40279,1,GSM990276,70.92125725746155,13.921257257461548
GSE40279,1,GSM990277,31.375904321670532,1.6240956783294678
GSE40279,1,GSM990278,55.9509813785553,9.950981378555298
GSE40279,1,GSM990279,48.719703912734985,2.7197039127349854
GSE40279,1,GSM990281,55.81652092933655,0.8165209293365479
GSE40279,1,GSM990282,43.625038385391235,20.374961614608765
GSE40279,1,GSM990283,41.6987841129303,4.301215887069702
GSE40279,1,GSM990284,59.071022272109985,6.928977727890015
GSE40279,1,GSM990285,45.069740533828735,1.9302594661712646
GSE40279,1,GSM990286,43.96799874305725,14.032001256942749
GSE40279,1,GSM990287,59.19561409950256,1.8043859004974365
GSE40279,1,GSM990288,39.36168694496155,8.638313055038452
GSE40279,1,GSM990289,41.47902703285217,3.520972967147827
GSE40279,1,GSM990290,55.494110345840454,6.505889654159546
GSE40279,1,GSM990291,47.85935616493225,2.140643835067749
GSE40279,1,GSM990292,33.69262719154358,0.3073728084564209
GSE40279,1,GSM990293,56.324901819229126,7.675098180770874
GSE40279,1,GSM990294,47.622814416885376,7.377185583114624
GSE40279,1,GSM990295,52.11469292640686,4.11469292640686
GSE40279,1,GSM990297,57.76836800575256,6.2316319942474365
GSE40279,1,GSM990298,54.791595697402954,3.208404302597046
GSE40279,1,GSM990299,36.506134271621704,0.4938657283782959
GSE40279,1,GSM990300,56.88219475746155,3.117805242538452
GSE40279,1,GSM990301,56.288700342178345,6.711299657821655
GSE40279,1,GSM990302,50.67793297767639,8.322067022323608
GSE40279,1,GSM990303,47.65051293373108,6.349487066268921
GSE40279,1,GSM990304,53.91763710975647,6.08236289024353
GSE40279,1,GSM990305,49.466949701309204,1.533050298690796
GSE40279,1,GSM990306,65.95445275306702,2.9544527530670166
GSE40279,1,GSM990307,57.98199486732483,6.018005132675171
GSE40279,1,GSM990309,53.58719277381897,9.58719277381897
GSE40279,1,GSM990311,59.57433724403381,6.4256627559661865
GSE40279,1,GSM990313,54.08747124671936,6.91252875328064
GSE40279,1,GSM990314,54.08134865760803,2.0813486576080322
GSE40279,1,GSM990315,62.68874001502991,1.6887400150299072
GSE40279,1,GSM990318,43.00745415687561,8.99254584312439
GSE40279,1,GSM990319,49.59856820106506,5.4014317989349365
GSE40279,1,GSM990320,63.51519417762756,4.5151941776275635
GSE40279,1,GSM990321,53.35542321205139,5.644576787948608
GSE40279,1,GSM990323,48.27104210853577,2.2710421085357666
GSE40279,1,GSM990324,33.6257860660553,2.625786066055298
GSE40279,1,GSM990325,59.10600304603577,4.106003046035767
GSE40279,1,GSM990326,44.40712761878967,8.592872381210327
GSE40279,1,GSM990327,46.73790001869202,4.737900018692017
GSE40279,1,GSM990329,48.3833544254303,1.6166455745697021
GSE40279,1,GSM990330,48.82240319252014,3.1775968074798584
GSE40279,1,GSM990331,41.16020607948303,3.8397939205169678
GSE40279,1,GSM990332,53.15958046913147,11.84041953086853
GSE40279,1,GSM990333,44.56055474281311,14.43944525718689
GSE40279,1,GSM990334,59.0627863407135,1.062786340713501
GSE40279,1,GSM990335,62.64904046058655,1.3509595394134521
GSE40279,1,GSM990336,50.14395546913147,10.85604453086853
GSE40279,1,GSM990337,54.47950005531311,12.52049994468689
GSE40279,1,GSM990338,58.650768518447876,0.349231481552124
GSE40279,1,GSM990339,49.55101037025452,8.448989629745483
GSE40279,1,GSM990340,45.62867760658264,8.371322393417358
GSE40279,1,GSM990341,54.79520058631897,2.2047994136810303
GSE40279,1,GSM990342,55.91850304603577,4.081496953964233
GSE40279,1,GSM990343,45.54354119300842,4.456458806991577
GSE40279,1,GSM990346,44.264557123184204,0.2645571231842041
GSE40279,1,GSM990347,57.527801752090454,4.472198247909546
GSE40279,1,GSM990348,69.16762566566467,6.832374334335327
GSE40279,1,GSM990350,46.37005257606506,0.3700525760650635
GSE40279,1,GSM990352,54.11859154701233,4.881408452987671
GSE40279,1,GSM990353,51.33864617347717,0.6613538265228271
GSE40279,1,GSM990354,37.90560173988342,12.094398260116577
GSE40279,1,GSM990355,39.30192589759827,5.698074102401733
GSE40279,1,GSM990356,47.44561409950256,4.5543859004974365
GSE40279,1,GSM990357,47.29634118080139,6.703658819198608
GSE40279,1,GSM990358,64.0027391910553,2.002739191055298
GSE40279,1,GSM990360,54.77482628822327,8.225173711776733
GSE40279,1,GSM990363,60.22322106361389,4.776778936386108
GSE40279,1,GSM990364,55.958038568496704,8.041961431503296
GSE40279,1,GSM990365,51.125458002090454,5.874541997909546
GSE40279,1,GSM990366,59.92295861244202,3.0770413875579834
GSE40279,1,GSM990369,42.26433205604553,4.264332056045532
GSE40279,1,GSM990371,54.76285195350647,4.23714804649353
GSE40279,1,GSM990372,57.23037362098694,0.7696263790130615
GSE40279,1,GSM990373,41.63959527015686,0.6395952701568604
GSE40279,1,GSM990375,28.660629510879517,2.6606295108795166
GSE40279,1,GSM990376,54.779674768447876,6.220325231552124
GSE40279,1,GSM990377,62.38353753089905,6.383537530899048
GSE40279,1,GSM990378,52.96550011634827,13.034499883651733
GSE40279,1,GSM990379,56.84056115150452,5.159438848495483
GSE40279,1,GSM990381,52.474525690078735,2.5254743099212646
GSE40279,1,GSM990382,50.81404900550842,10.185950994491577
GSE40279,1,GSM990383,61.277233362197876,3.277233362197876
GSE40279,1,GSM990385,53.09379982948303,9.906200170516968
GSE40279,1,GSM990386,58.02477669715881,0.9752233028411865
GSE40279,1,GSM990387,56.703651666641235,4.296348333358765
GSE40279,1,GSM990388,59.77697396278381,6.2230260372161865
GSE40279,1,GSM990389,56.771984338760376,8.228015661239624
GSE40279,1,GSM990390,55.11926293373108,2.880737066268921
GSE40279,1,GSM990391,43.69258522987366,0.6925852298736572
GSE40279,1,GSM990392,49.67980599403381,5.3201940059661865
GSE40279,1,GSM990394,52.613170862197876,2.613170862197876
GSE40279,1,GSM990395,42.309669733047485,3.6903302669525146
GSE40279,1,GSM990396,54.94787621498108,0.9478762149810791
GSE40279,1,GSM990397,78.54569268226624,1.4543073177337646
GSE40279,1,GSM990398,71.29562401771545,11.704375982284546
GSE40279,1,GSM990399,75.74607110023499,1.2539288997650146
GSE40279,1,GSM990400,73.92405724525452,2.0759427547454834
GSE40279,1,GSM990403,64.40836358070374,17.591636419296265
GSE40279,1,GSM990404,43.517059564590454,14.482940435409546
GSE40279,1,GSM990405,63.806591272354126,2.193408727645874
GSE40279,1,GSM990406,59.938968896865845,25.061031103134155
GSE40279,1,GSM990407,66.85733819007874,0.8573381900787354
GSE40279,1,GSM990408,65.70782494544983,3.292175054550171
GSE40279,1,GSM990409,67.60638451576233,16.39361548423767
GSE40279,1,GSM990410,76.97166466712952,2.0283353328704834
GSE40279,1,GSM990411,61.27611565589905,2.723884344100952
GSE40279,1,GSM990412,64.74596428871155,13.254035711288452
GSE40279,1,GSM990413,53.55584359169006,0.5558435916900635
GSE40279,1,GSM990414,58.166725397109985,0.8332746028900146
GSE40279,1,GSM990416,65.99276757240295,4.992767572402954
GSE40279,1,GSM990418,60.77661919593811,8.22338080406189
GSE40279,1,GSM990419,64.02038598060608,4.020385980606079
GSE40279,1,GSM990420,57.58962655067444,7.4103734493255615
GSE40279,1,GSM990421,81.8535463809967,7.146453619003296
GSE40279,1,GSM990422,49.00898003578186,24.99101996421814
GSE40279,1,GSM990423,66.98577904701233,14.014220952987671
GSE40279,1,GSM990424,74.33189415931702,6.331894159317017
GSE40279,1,GSM990425,63.786476373672485,4.213523626327515
GSE40279,1,GSM990426,63.18217492103577,1.8178250789642334
GSE40279,1,GSM990427,80.06134819984436,9.93865180015564
GSE40279,1,GSM990429,76.2192919254303,2.780708074569702
GSE40279,1,GSM990430,63.398903131484985,6.398903131484985
GSE40279,1,GSM990431,58.564361810684204,17.435638189315796
GSE40279,1,GSM990432,77.47563195228577,1.5243680477142334
GSE40279,1,GSM990433,41.91429924964905,7.085700750350952
GSE40279,1,GSM990434,80.51332116127014,11.486678838729858
GSE40279,1,GSM990435,62.12883019447327,3.8711698055267334
GSE40279,1,GSM990436,59.67458748817444,0.6745874881744385
GSE40279,1,GSM990437,59.914745569229126,16.085254430770874
GSE40279,1,GSM990438,60.2648241519928,4.264824151992798
GSE40279,1,GSM990439,54.07593560218811,2.0759356021881104
GSE40279,1,GSM990440,60.317108392715454,4.682891607284546
GSE40279,1,GSM990441,69.23476433753967,3.765235662460327
GSE40279,1,GSM990442,75.40624260902405,10.406242609024048
GSE40279,1,GSM990443,82.96388268470764,1.0361173152923584
GSE40279,1,GSM990445,76.92405724525452,1.0759427547454834
GSE40279,1,GSM990446,58.39003014564514,5.390030145645142
GSE40279,1,GSM990447,79.06429314613342,11.064293146133423
GSE40279,1,GSM990448,49.17918038368225,2.820819616317749
GSE40279,1,GSM990449,61.993568658828735,10.006431341171265
GSE40279,1,GSM990450,58.980594873428345,10.980594873428345
GSE40279,1,GSM990451,55.245949029922485,4.754050970077515
GSE40279,1,GSM990452,88.98815941810608,27.98815941810608
GSE40279,1,GSM990453,64.7738344669342,4.226165533065796
GSE40279,1,GSM990454,71.99938988685608,9.000610113143921
GSE40279,1,GSM990455,72.85717797279358,16.85717797279358
GSE40279,1,GSM990456,78.28761315345764,0.7123868465423584
GSE40279,1,GSM990457,75.58786034584045,6.412139654159546
GSE40279,1,GSM990458,56.70806908607483,1.291930913925171
GSE40279,1,GSM990459,60.44857048988342,14.551429510116577
GSE40279,1,GSM990462,85.57089257240295,15.570892572402954
GSE40279,1,GSM990463,68.67157006263733,8.328429937362671
GSE40279,1,GSM990464,54.542022943496704,1.457977056503296
GSE40279,1,GSM990465,60.570343255996704,6.429656744003296
GSE40279,1,GSM990466,76.83232140541077,0.8323214054107666
GSE40279,1,GSM990467,84.51986718177795,4.480132818222046
GSE40279,1,GSM990468,52.230133295059204,16.769866704940796
GSE40279,1,GSM990470,70.54624199867249,9.453758001327515
GSE40279,1,GSM990471,77.82362389564514,1.8236238956451416
GSE40279,1,GSM990473,53.5649950504303,7.435004949569702
GSE40279,1,GSM990474,47.002960443496704,4.997039556503296
GSE40279,1,GSM990475,65.3435595035553,3.656440496444702
GSE40279,1,GSM990477,64.00937676429749,4.990623235702515
GSE40279,1,GSM990478,53.84646248817444,11.153537511825562
GSE40279,1,GSM990479,43.82348656654358,1.176513433456421
GSE40279,1,GSM990481,63.277137994766235,12.722862005233765
GSE40279,1,GSM990482,69.18909478187561,6.81090521812439
GSE40279,1,GSM990484,65.72132897377014,5.278671026229858
GSE40279,1,GSM990485,41.23021721839905,10.769782781600952
GSE40279,1,GSM990486,85.02751183509827,1.0275118350982666
GSE40279,1,GSM990487,55.59692025184631,1.4030797481536865
GSE40279,1,GSM990488,66.35416436195374,1.6458356380462646
GSE40279,1,GSM990489,70.64605736732483,3.353942632675171
GSE40279,1,GSM990490,36.65490365028381,3.6549036502838135
GSE40279,1,GSM990492,64.25199151039124,8.748008489608765
GSE40279,1,GSM990494,51.73091912269592,20.269080877304077
GSE40279,1,GSM990495,72.52218651771545,5.477813482284546
GSE40279,1,GSM990496,54.39593148231506,13.604068517684937
GSE40279,1,GSM990497,53.87778878211975,1.877788782119751
GSE40279,1,GSM990498,52.16981911659241,11.830180883407593
GSE40279,1,GSM990499,37.9746515750885,10.974651575088501
GSE40279,1,GSM990500,41.090397119522095,12.090397119522095
GSE40279,1,GSM990501,53.717193841934204,9.717193841934204
GSE40279,1,GSM990502,43.96822381019592,2.968223810195923
GSE40279,1,GSM990503,49.749176263809204,4.749176263809204
GSE40279,1,GSM990504,31.323179483413696,4.323179483413696
GSE40279,1,GSM990505,56.05267357826233,8.052673578262329
GSE40279,1,GSM990506,58.03074669837952,2.0307466983795166
GSE40279,1,GSM990507,45.177711725234985,11.177711725234985
GSE40279,1,GSM990508,54.71022057533264,14.289779424667358
GSE40279,1,GSM990509,39.664032220840454,16.335967779159546
GSE40279,1,GSM990510,39.85981774330139,7.140182256698608
GSE40279,1,GSM990512,56.20707726478577,3.7929227352142334
GSE40279,1,GSM990514,58.15562462806702,1.8443753719329834
GSE40279,1,GSM990516,49.600128412246704,5.399871587753296
GSE40279,1,GSM990517,35.53298211097717,3.532982110977173
GSE40279,1,GSM990518,24.466516733169556,1.4665167331695557
GSE40279,1,GSM990519,35.49037194252014,7.509628057479858
GSE40279,1,GSM990520,35.543129205703735,11.456870794296265
GSE40279,1,GSM990521,44.191017389297485,0.19101738929748535
GSE40279,1,GSM990522,39.858253717422485,2.8582537174224854
GSE40279,1,GSM990523,29.80755639076233,2.807556390762329
GSE40279,1,GSM990525,35.65070366859436,7.65070366859436
GSE40279,1,GSM990526,59.850433588027954,8.850433588027954
GSE40279,1,GSM990528,31.366382837295532,12.366382837295532
GSE40279,1,GSM990529,53.64959740638733,9.649597406387329
GSE40279,1,GSM990530,65.98122429847717,16.981224298477173
GSE40279,1,GSM990532,48.81232476234436,4.81232476234436
GSE40279,1,GSM990533,65.1200258731842,3.120025873184204
GSE40279,1,GSM990534,42.742836236953735,12.742836236953735
GSE40279,1,GSM990536,35.34431481361389,0.6556851863861084
GSE40279,1,GSM990537,34.44798684120178,9.447986841201782
GSE40279,1,GSM990538,46.303985834121704,10.303985834121704
GSE40279,1,GSM990539,30.00447106361389,9.004471063613892
GSE40279,1,GSM990540,52.56544518470764,12.565445184707642
GSE40279,1,GSM990541,36.88240075111389,14.882400751113892
GSE40279,1,GSM990542,41.822426080703735,5.822426080703735
GSE40279,1,GSM990543,67.34312462806702,9.343124628067017
GSE40279,1,GSM990544,83.31891655921936,0.31891655921936035
GSE40279,1,GSM990548,73.7290346622467,7.729034662246704
GSE40279,1,GSM990550,65.99401879310608,16.00598120689392
GSE40279,1,GSM990551,76.87636590003967,3.876365900039673
GSE40279,1,GSM990552,76.14183068275452,0.8581693172454834
GSE40279,1,GSM990553,82.64950585365295,2.649505853652954
GSE40279,1,GSM990554,64.74798607826233,14.252013921737671
GSE40279,1,GSM990555,73.66706871986389,0.6670687198638916
GSE40279,1,GSM990557,74.9004213809967,10.099578619003296
GSE40279,1,GSM990558,96.74306511878967,5.743065118789673
GSE40279,1,GSM990559,84.13466668128967,0.8653333187103271
GSE40279,1,GSM990560,80.88697838783264,5.113021612167358
GSE40279,1,GSM990561,82.81798577308655,8.817985773086548
GSE40279,1,GSM990563,85.98678612709045,1.013213872909546
GSE40279,1,GSM990564,76.46394371986389,0.4639437198638916
GSE40279,1,GSM990565,73.64205956459045,7.357940435409546
GSE40279,1,GSM990566,63.009124994277954,4.009124994277954
GSE40279,1,GSM990567,73.89617943763733,0.8961794376373291
GSE40279,1,GSM990569,83.4062807559967,1.593719244003296
GSE40279,1,GSM990570,68.81372857093811,0.18627142906188965
GSE40279,1,GSM990571,68.36723351478577,16.632766485214233
GSE40279,1,GSM990572,84.4436342716217,0.5563657283782959
GSE40279,1,GSM990573,85.75117516517639,1.7511751651763916
GSE40279,1,GSM990574,74.21807885169983,8.781921148300171
GSE40279,1,GSM990575,80.62654900550842,13.626549005508423
GSE40279,1,GSM990578,92.28672814369202,5.286728143692017
GSE40279,1,GSM990579,77.75584435462952,6.244155645370483
GSE40279,1,GSM990580,80.12196373939514,1.8780362606048584
GSE40279,1,GSM990581,86.66027855873108,6.339721441268921
GSE40279,1,GSM990583,84.10972619056702,4.109726190567017
GSE40279,1,GSM990584,80.48924279212952,7.510757207870483
GSE40279,1,GSM990585,70.68482995033264,1.3151700496673584
GSE40279,1,GSM990587,52.36951470375061,3.6304852962493896
GSE40279,1,GSM990588,90.1744692325592,1.825530767440796
GSE40279,1,GSM990589,78.57002282142639,0.5700228214263916
GSE40279,1,GSM990590,73.93042778968811,2.9304277896881104
GSE40279,1,GSM990591,65.7729799747467,23.227020025253296
GSE40279,1,GSM990592,47.903602838516235,6.096397161483765
GSE40279,1,GSM990593,66.03671288490295,0.0367128849029541
GSE40279,1,GSM990594,79.9579393863678,4.957939386367798
GSE40279,1,GSM990595,81.16236138343811,8.83763861656189
GSE40279,1,GSM990596,63.21233773231506,2.7876622676849365
GSE40279,1,GSM990597,88.15870690345764,11.158706903457642
GSE40279,1,GSM990598,81.42359948158264,0.5764005184173584
GSE40279,1,GSM990599,75.53886437416077,10.538864374160767
GSE40279,1,GSM990600,66.07692742347717,8.076927423477173
GSE40279,1,GSM990603,76.1278383731842,2.127838373184204
GSE40279,1,GSM990604,72.84818291664124,3.8481829166412354
GSE40279,1,GSM990605,83.88051629066467,0.8805162906646729
GSE40279,1,GSM990606,85.75935387611389,2.7593538761138916
GSE40279,1,GSM990607,89.69967675209045,19.699676752090454
GSE40279,1,GSM990608,79.28497338294983,15.284973382949829
GSE40279,1,GSM990609,75.56837487220764,25.56837487220764
GSE40279,1,GSM990610,99.20896172523499,25.208961725234985
GSE40279,1,GSM990611,69.56500267982483,0.5650026798248291
GSE40279,1,GSM990612,95.2420961856842,9.242096185684204
GSE40279,1,GSM990613,64.60673546791077,1.3932645320892334
GSE40279,1,GSM990614,81.8583071231842,11.858307123184204
GSE40279,1,GSM990615,100.00055718421936,11.00055718421936
GSE40279,1,GSM990617,75.65612816810608,6.656128168106079
GSE40279,1,GSM990618,70.21982598304749,6.219825983047485
GSE40279,1,GSM990619,77.80558800697327,1.1944119930267334
GSE40279,1,GSM990620,84.64979577064514,7.350204229354858
GSE40279,1,GSM990621,79.5549623966217,9.554962396621704
GSE40279,1,GSM990622,83.73311638832092,6.733116388320923
GSE40279,1,GSM990623,84.86764550209045,6.867645502090454
GSE40279,1,GSM990624,78.59680199623108,7.596801996231079
GSE40279,1,GSM990625,79.8506166934967,11.850616693496704
GSE40279,1,GSM990626,66.04205346107483,5.042053461074829
GSE40279,1,GSM990627,75.63850426673889,2.6385042667388916
GSE40279,2,GSM989827,61.815075397491455,5.184924602508545
GSE40279,2,GSM989828,89.4944806098938,0.49448060989379883
GSE40279,2,GSM989829,71.01247072219849,5.012470722198486
GSE40279,2,GSM989831,65.37368440628052,3.3736844062805176
GSE40279,2,GSM989832,72.06073427200317,14.939265727996826
GSE40279,2,GSM989833,64.79451417922974,8.205485820770264
GSE40279,2,GSM989834,75.6065411567688,0.6065411567687988
GSE40279,2,GSM989836,101.94726228713989,18.947262287139893
GSE40279,2,GSM989838,53.78457307815552,5.784573078155518
GSE40279,2,GSM989839,76.55090761184692,0.44909238815307617
GSE40279,2,GSM989840,57.038341999053955,3.038341999053955
GSE40279,2,GSM989843,80.00787782669067,12.007877826690674
GSE40279,2,GSM989846,70.9660153388977,10.966015338897705
GSE40279,2,GSM989847,85.7472653388977,6.747265338897705
GSE40279,2,GSM989848,78.65790224075317,10.657902240753174
GSE40279,2,GSM989850,85.5389142036438,1.5389142036437988
GSE40279,2,GSM989852,72.25346040725708,1.74653959274292
GSE40279,2,GSM989854,75.75542879104614,19.755428791046143
GSE40279,2,GSM989855,79.10100984573364,7.101009845733643
GSE40279,2,GSM989856,79.2378888130188,4.237888813018799
GSE40279,2,GSM989857,87.51714754104614,8.517147541046143
GSE40279,2,GSM989859,77.85499238967896,4.145007610321045
GSE40279,2,GSM989861,93.08988618850708,14.08988618850708
GSE40279,2,GSM989862,62.55846834182739,8.558468341827393
GSE40279,2,GSM989865,74.75440645217896,9.245593547821045
GSE40279,2,GSM989868,80.68149995803833,6.68149995803833
GSE40279,2,GSM989869,62.44152498245239,14.558475017547607
GSE40279,2,GSM989871,82.64681673049927,4.353183269500732
GSE40279,2,GSM989873,81.30421876907349,6.695781230926514
GSE40279,2,GSM989874,67.83684206008911,1.8368420600891113
GSE40279,2,GSM989875,73.55054903030396,4.449450969696045
GSE40279,2,GSM989876,70.3831524848938,17.3831524848938
GSE40279,2,GSM989877,76.10516786575317,0.10516786575317383
GSE40279,2,GSM989880,65.2916989326477,11.291698932647705
GSE40279,2,GSM989881,75.96630525588989,2.9663052558898926
GSE40279,2,GSM989882,75.17609071731567,20.823909282684326
GSE40279,2,GSM989883,66.55394411087036,9.553944110870361
GSE40279,2,GSM989884,67.63920259475708,8.36079740524292
GSE40279,2,GSM989885,52.83764314651489,5.837643146514893
GSE40279,2,GSM989886,59.366432666778564,5.3664326667785645
GSE40279,2,GSM989887,68.28020906448364,4.719790935516357
GSE40279,2,GSM989888,76.82037019729614,7.179629802703857
GSE40279,2,GSM989889,76.27965211868286,14.279652118682861
GSE40279,2,GSM989890,83.77088594436646,5.229114055633545
GSE40279,2,GSM989891,70.99195528030396,2.991955280303955
GSE40279,2,GSM989892,69.62450838088989,7.624508380889893
GSE40279,2,GSM989893,79.70342683792114,0.7034268379211426
GSE40279,2,GSM989894,70.04739046096802,1.9526095390319824
GSE40279,2,GSM989895,67.28701448440552,1.7129855155944824
GSE40279,2,GSM989896,53.95182466506958,1.04817533493042
GSE40279,2,GSM989898,78.87867403030396,0.12132596969604492
GSE40279,2,GSM989899,74.7305645942688,2.730564594268799
GSE40279,2,GSM989900,84.55437898635864,4.445621013641357
GSE40279,2,GSM989902,72.83952760696411,12.160472393035889
GSE40279,2,GSM989903,74.54490327835083,6.54490327835083
GSE40279,2,GSM989904,94.47581148147583,5.47581148147583
GSE40279,2,GSM989905,82.90794038772583,9.90794038772583
GSE40279,2,GSM989906,66.13343477249146,3.133434772491455
GSE40279,2,GSM989907,72.11990022659302,5.880099773406982
GSE40279,2,GSM989911,90.88043642044067,5.880436420440674
GSE40279,2,GSM989914,76.25833559036255,2.258335590362549
GSE40279,2,GSM989915,84.65320253372192,0.6532025337219238
GSE40279,2,GSM989917,61.44207429885864,12.442074298858643
GSE40279,2,GSM989918,81.35471773147583,12.35471773147583
GSE40279,2,GSM989919,79.27279329299927,16.272793292999268
GSE40279,2,GSM989920,73.87391328811646,7.873913288116455
GSE40279,2,GSM989921,84.99815797805786,0.0018420219421386719
GSE40279,2,GSM989924,66.96143770217896,7.961437702178955
GSE40279,2,GSM989925,71.10097169876099,1.1009716987609863
GSE40279,2,GSM989926,74.77856874465942,9.778568744659424
GSE40279,2,GSM989927,77.79973268508911,9.799732685089111
GSE40279,2,GSM989928,86.82085847854614,2.8208584785461426
GSE40279,2,GSM989930,58.63903093338013,7.639030933380127
GSE40279,2,GSM989931,70.23679780960083,7.23679780960083
GSE40279,2,GSM989932,74.29460573196411,5.294605731964111
GSE40279,2,GSM989934,68.41054201126099,9.589457988739014
GSE40279,2,GSM989935,54.574284076690674,2.574284076690674
GSE40279,2,GSM989936,57.110668659210205,8.110668659210205
GSE40279,2,GSM989937,67.93462800979614,14.934628009796143
GSE40279,2,GSM989938,67.40818452835083,8.40818452835083
GSE40279,2,GSM989939,71.18038606643677,9.180386066436768
GSE40279,2,GSM989941,78.9477047920227,10.947704792022705
GSE40279,2,GSM989942,76.17130708694458,2.17130708694458
GSE40279,2,GSM989943,62.026203632354736,3.0262036323547363
GSE40279,2,GSM989944,79.68157625198364,3.6815762519836426
GSE40279,2,GSM989945,65.5484127998352,11.548412799835205
GSE40279,2,GSM989946,71.56175661087036,12.561756610870361
GSE40279,2,GSM989947,67.39320039749146,19.393200397491455
GSE40279,2,GSM989948,58.289440631866455,13.289440631866455
GSE40279,2,GSM989950,70.35614442825317,7.356144428253174
GSE40279,2,GSM989951,78.14407777786255,1.8559222221374512
GSE40279,2,GSM989952,67.00408601760864,7.004086017608643
GSE40279,2,GSM989953,80.49914216995239,9.499142169952393
GSE40279,2,GSM989954,73.59339570999146,6.593395709991455
GSE40279,2,GSM989955,66.8746075630188,16.8746075630188
GSE40279,2,GSM989956,81.52059602737427,4.479403972625732
GSE40279,2,GSM989957,73.69993257522583,3.69993257522583
GSE40279,2,GSM989958,60.883076190948486,6.883076190948486
GSE40279,2,GSM989961,60.32422685623169,2.3242268562316895
GSE40279,2,GSM989962,64.67603731155396,6.676037311553955
GSE40279,2,GSM989963,66.81834077835083,2.81834077835083
GSE40279,2,GSM989964,76.73232698440552,3.7323269844055176
GSE40279,2,GSM989965,52.97295808792114,3.9729580879211426
GSE40279,2,GSM989966,55.43427324295044,0.5657267570495605
GSE40279,2,GSM989968,53.853046894073486,5.853046894073486
GSE40279,2,GSM989969,77.56893587112427,3.4310641288757324
GSE40279,2,GSM989971,63.88541841506958,2.88541841506958
GSE40279,2,GSM989972,59.910973072052,9.910973072052002
GSE40279,2,GSM989973,64.35918855667114,4.640811443328857
GSE40279,2,GSM989975,46.572285175323486,0.42771482467651367
GSE40279,2,GSM989976,60.46018648147583,17.46018648147583
GSE40279,2,GSM989977,60.199604511260986,5.199604511260986
GSE40279,2,GSM989978,61.094074726104736,7.094074726104736
GSE40279,2,GSM989979,65.80553102493286,7.805531024932861
GSE40279,2,GSM989980,49.17223405838013,15.172234058380127
GSE40279,2,GSM989981,68.48218202590942,3.482182025909424
GSE40279,2,GSM989982,60.09104585647583,8.09104585647583
GSE40279,2,GSM989983,45.29556322097778,13.295563220977783
GSE40279,2,GSM989984,57.674564838409424,10.674564838409424
GSE40279,2,GSM989985,70.57998323440552,16.579983234405518
GSE40279,2,GSM989987,47.76079988479614,19.760799884796143
GSE40279,2,GSM989988,70.93121004104614,16.931210041046143
GSE40279,2,GSM989989,70.36104249954224,11.361042499542236
GSE40279,2,GSM989991,59.03850984573364,9.038509845733643
GSE40279,2,GSM989992,37.040287494659424,7.040287494659424
GSE40279,2,GSM989993,61.976521015167236,11.976521015167236
GSE40279,2,GSM989994,62.15487718582153,15.154877185821533
GSE40279,2,GSM989995,63.93729829788208,16.93729829788208
GSE40279,2,GSM989996,45.273415088653564,12.273415088653564
GSE40279,2,GSM989997,47.81933259963989,9.819332599639893
GSE40279,2,GSM989998,46.20345735549927,11.203457355499268
GSE40279,2,GSM990000,73.40210390090942,6.597896099090576
GSE40279,2,GSM990001,86.45463991165161,0.45463991165161133
GSE40279,2,GSM990002,72.88204622268677,1.8820462226867676
GSE40279,2,GSM990003,69.7499508857727,7.250049114227295
GSE40279,2,GSM990004,73.39030885696411,6.390308856964111
GSE40279,2,GSM990005,77.53589296340942,6.464107036590576
GSE40279,2,GSM990006,77.41885042190552,2.5811495780944824
GSE40279,2,GSM990007,70.30376100540161,0.30376100540161133
GSE40279,2,GSM990009,63.40752077102661,0.40752077102661133
GSE40279,2,GSM990010,69.14113283157349,0.8588671684265137
GSE40279,2,GSM990012,73.36733675003052,6.367336750030518
GSE40279,2,GSM990014,58.08378267288208,11.91621732711792
GSE40279,2,GSM990015,80.83311128616333,6.83311128616333
GSE40279,2,GSM990016,76.39640474319458,3.39640474319458
GSE40279,2,GSM990017,70.82676362991333,6.17323637008667
GSE40279,2,GSM990018,90.19917726516724,10.199177265167236
GSE40279,2,GSM990019,77.35130739212036,11.351307392120361
GSE40279,2,GSM990021,83.6602292060852,7.660229206085205
GSE40279,2,GSM990022,72.22472810745239,5.775271892547607
GSE40279,2,GSM990023,82.11501741409302,0.11501741409301758
GSE40279,2,GSM990024,78.79832124710083,2.79832124710083
GSE40279,2,GSM990025,68.91795015335083,2.08204984664917
GSE40279,2,GSM990026,73.88892793655396,8.111072063446045
GSE40279,2,GSM990027,87.63846254348755,4.638462543487549
GSE40279,2,GSM990028,71.43796968460083,7.56203031539917
GSE40279,2,GSM990029,69.02427339553833,5.97572660446167
GSE40279,2,GSM990031,61.122761249542236,2.8772387504577637
GSE40279,2,GSM990033,90.82388734817505,1.1761126518249512
GSE40279,2,GSM990034,80.0809063911438,6.080906391143799
GSE40279,2,GSM990035,71.46330690383911,2.4633069038391113
GSE40279,2,GSM990036,79.2671627998352,0.7328372001647949
GSE40279,2,GSM990039,85.12014436721802,4.120144367218018
GSE40279,2,GSM990041,73.47642183303833,4.47642183303833
GSE40279,2,GSM990042,74.21519136428833,1.21519136428833
GSE40279,2,GSM990045,62.06041383743286,5.939586162567139
GSE40279,2,GSM990046,82.12633180618286,13.126331806182861
GSE40279,2,GSM990049,77.74625825881958,3.25374174118042
GSE40279,2,GSM990050,61.901325702667236,9.098674297332764
GSE40279,2,GSM990051,69.2416501045227,1.758349895477295
GSE40279,2,GSM990052,76.01842927932739,1.0184292793273926
GSE40279,2,GSM990053,55.086140155792236,4.913859844207764
GSE40279,2,GSM990054,72.46124696731567,4.538753032684326
GSE40279,2,GSM990055,78.27984285354614,6.720157146453857
GSE40279,2,GSM990056,68.7758297920227,1.224170207977295
GSE40279,2,GSM990057,64.9732403755188,2.973240375518799
GSE40279,2,GSM990058,69.1356930732727,0.13569307327270508
GSE40279,2,GSM990059,68.95556306838989,4.044436931610107
GSE40279,2,GSM990060,76.0670895576477,3.067089557647705
GSE40279,2,GSM990061,70.67874574661255,3.321254253387451
GSE40279,2,GSM990062,70.72041749954224,2.2795825004577637
GSE40279,2,GSM990063,79.36517000198364,6.634829998016357
GSE40279,2,GSM990066,78.42203950881958,3.42203950881958
GSE40279,2,GSM990068,56.09792375564575,10.902076244354248
GSE40279,2,GSM990070,51.696545124053955,3.696545124053955
GSE40279,2,GSM990072,62.98473024368286,14.984730243682861
GSE40279,2,GSM990075,56.11315202713013,10.113152027130127
GSE40279,2,GSM990076,56.19829607009888,3.801703929901123
GSE40279,2,GSM990077,52.243351459503174,12.243351459503174
GSE40279,2,GSM990079,50.693546772003174,9.693546772003174
GSE40279,2,GSM990080,50.81026887893677,2.1897311210632324
GSE40279,2,GSM990081,58.09526491165161,10.095264911651611
GSE40279,2,GSM990082,70.56167268753052,0.4383273124694824
GSE40279,2,GSM990083,58.09215593338013,6.092155933380127
GSE40279,2,GSM990084,57.86655855178833,6.13344144821167
GSE40279,2,GSM990085,49.94562578201294,1.9456257820129395
GSE40279,2,GSM990086,51.54906892776489,3.4509310722351074
GSE40279,2,GSM990087,72.71239900588989,4.712399005889893
GSE40279,2,GSM990088,54.30041551589966,8.300415515899658
GSE40279,2,GSM990089,65.68382692337036,1.6838269233703613
GSE40279,2,GSM990090,54.440739154815674,2.559260845184326
GSE40279,2,GSM990091,49.33085298538208,4.33085298538208
GSE40279,2,GSM990094,73.32661867141724,13.326618671417236
GSE40279,2,GSM990095,55.584125995635986,4.584125995635986
GSE40279,2,GSM990096,36.730473041534424,36.269526958465576
GSE40279,2,GSM990097,53.140018939971924,15.140018939971924
GSE40279,2,GSM990099,70.89117097854614,6.891170978546143
GSE40279,2,GSM990100,62.215153217315674,4.215153217315674
GSE40279,2,GSM990101,47.021591663360596,4.021591663360596
GSE40279,2,GSM990102,40.13951539993286,2.1395153999328613
GSE40279,2,GSM990103,54.710102558135986,0.7101025581359863
GSE40279,2,GSM990104,71.86525392532349,1.8652539253234863
GSE40279,2,GSM990106,65.89044618606567,3.890446186065674
GSE40279,2,GSM990107,49.73754549026489,1.2624545097351074
GSE40279,2,GSM990108,45.96913194656372,4.969131946563721
GSE40279,2,GSM990109,46.395390033721924,6.604609966278076
GSE40279,2,GSM990110,58.00802278518677,6.991977214813232
GSE40279,2,GSM990111,52.370495319366455,2.370495319366455
GSE40279,2,GSM990112,58.12376070022583,3.12376070022583
GSE40279,2,GSM990113,59.82177019119263,2.178229808807373
GSE40279,2,GSM990114,60.73962068557739,0.2603793144226074
GSE40279,2,GSM990115,46.530277729034424,8.530277729034424
GSE40279,2,GSM990117,69.98606538772583,5.98606538772583
GSE40279,2,GSM990118,46.68105745315552,10.318942546844482
GSE40279,2,GSM990119,57.34816026687622,0.3481602668762207
GSE40279,2,GSM990120,49.49722719192505,0.49722719192504883
GSE40279,2,GSM990121,58.53679323196411,5.463206768035889
GSE40279,2,GSM990122,48.22576951980591,17.774230480194092
GSE40279,2,GSM990268,50.72290086746216,1.2770991325378418
GSE40279,2,GSM990269,55.74669313430786,12.746693134307861
GSE40279,2,GSM990271,53.56368684768677,2.5636868476867676
GSE40279,2,GSM990272,54.39378786087036,3.6062121391296387
GSE40279,2,GSM990273,53.9145245552063,9.085475444793701
GSE40279,2,GSM990274,51.59353303909302,3.4064669609069824
GSE40279,2,GSM990275,50.33572053909302,0.3357205390930176
GSE40279,2,GSM990276,69.32288026809692,12.322880268096924
GSE40279,2,GSM990277,29.777527332305908,3.222472667694092
GSE40279,2,GSM990278,54.352604389190674,8.352604389190674
GSE40279,2,GSM990279,47.12132692337036,1.1213269233703613
GSE40279,2,GSM990281,54.218143939971924,0.7818560600280762
GSE40279,2,GSM990282,42.02666139602661,21.97333860397339
GSE40279,2,GSM990283,40.100407123565674,5.899592876434326
GSE40279,2,GSM990284,57.47264528274536,8.527354717254639
GSE40279,2,GSM990285,43.47136354446411,3.5286364555358887
GSE40279,2,GSM990286,42.36962175369263,15.630378246307373
GSE40279,2,GSM990287,57.59723711013794,3.4027628898620605
GSE40279,2,GSM990288,37.763309955596924,10.236690044403076
GSE40279,2,GSM990289,39.88065004348755,5.119349956512451
GSE40279,2,GSM990290,53.89573335647583,8.10426664352417
GSE40279,2,GSM990291,46.26097917556763,3.739020824432373
GSE40279,2,GSM990292,32.094250202178955,1.905749797821045
GSE40279,2,GSM990293,54.7265248298645,9.273475170135498
GSE40279,2,GSM990294,46.02443742752075,8.975562572479248
GSE40279,2,GSM990295,50.516315937042236,2.5163159370422363
GSE40279,2,GSM990297,56.16999101638794,7.8300089836120605
GSE40279,2,GSM990298,53.19321870803833,4.80678129196167
GSE40279,2,GSM990299,34.90775728225708,2.09224271774292
GSE40279,2,GSM990300,55.283817768096924,4.716182231903076
GSE40279,2,GSM990301,54.69032335281372,8.30967664718628
GSE40279,2,GSM990302,49.07955598831177,9.920444011688232
GSE40279,2,GSM990303,46.052135944366455,7.947864055633545
GSE40279,2,GSM990304,52.319260120391846,7.680739879608154
GSE40279,2,GSM990305,47.86857271194458,3.13142728805542
GSE40279,2,GSM990306,64.35607576370239,1.3560757637023926
GSE40279,2,GSM990307,56.383617877960205,7.616382122039795
GSE40279,2,GSM990309,51.988815784454346,7.988815784454346
GSE40279,2,GSM990311,57.97596025466919,8.02403974533081
GSE40279,2,GSM990313,52.489094257354736,8.510905742645264
GSE40279,2,GSM990314,52.48297166824341,0.4829716682434082
GSE40279,2,GSM990315,61.09036302566528,0.0903630256652832
GSE40279,2,GSM990318,41.409077167510986,10.590922832489014
GSE40279,2,GSM990319,48.00019121170044,6.9998087882995605
GSE40279,2,GSM990320,61.91681718826294,2.9168171882629395
GSE40279,2,GSM990321,51.75704622268677,7.242953777313232
GSE40279,2,GSM990323,46.67266511917114,0.6726651191711426
GSE40279,2,GSM990324,32.027409076690674,1.0274090766906738
GSE40279,2,GSM990325,57.50762605667114,2.5076260566711426
GSE40279,2,GSM990326,42.80875062942505,10.191249370574951
GSE40279,2,GSM990327,45.13952302932739,3.1395230293273926
GSE40279,2,GSM990329,46.784977436065674,3.215022563934326
GSE40279,2,GSM990330,47.22402620315552,4.775973796844482
GSE40279,2,GSM990331,39.56182909011841,5.438170909881592
GSE40279,2,GSM990332,51.561203479766846,13.438796520233154
GSE40279,2,GSM990333,42.962177753448486,16.037822246551514
GSE40279,2,GSM990334,57.46440935134888,0.535590648651123
GSE40279,2,GSM990335,61.050663471221924,2.949336528778076
GSE40279,2,GSM990336,48.545578479766846,12.454421520233154
GSE40279,2,GSM990337,52.881123065948486,14.118876934051514
GSE40279,2,GSM990338,57.05239152908325,1.947608470916748
GSE40279,2,GSM990339,47.95263338088989,10.047366619110107
GSE40279,2,GSM990340,44.03030061721802,9.969699382781982
GSE40279,2,GSM990341,53.196823596954346,3.8031764030456543
GSE40279,2,GSM990342,54.32012605667114,5.679873943328857
GSE40279,2,GSM990343,43.9451642036438,6.054835796356201
GSE40279,2,GSM990346,42.66618013381958,1.33381986618042
GSE40279,2,GSM990347,55.92942476272583,6.07057523727417
GSE40279,2,GSM990348,67.56924867630005,8.430751323699951
GSE40279,2,GSM990350,44.77167558670044,1.2283244132995605
GSE40279,2,GSM990352,52.520214557647705,6.479785442352295
GSE40279,2,GSM990353,49.74026918411255,2.259730815887451
GSE40279,2,GSM990354,36.3072247505188,13.692775249481201
GSE40279,2,GSM990355,37.70354890823364,7.296451091766357
GSE40279,2,GSM990356,45.84723711013794,6.1527628898620605
GSE40279,2,GSM990357,45.69796419143677,8.302035808563232
GSE40279,2,GSM990358,62.404362201690674,0.40436220169067383
GSE40279,2,GSM990360,53.17644929885864,9.823550701141357
GSE40279,2,GSM990363,58.62484407424927,6.375155925750732
GSE40279,2,GSM990364,54.35966157913208,9.64033842086792
GSE40279,2,GSM990365,49.52708101272583,7.47291898727417
GSE40279,2,GSM990366,58.32458162307739,4.675418376922607
GSE40279,2,GSM990369,40.66595506668091,2.665955066680908
GSE40279,2,GSM990371,53.164474964141846,5.835525035858154
GSE40279,2,GSM990372,55.631996631622314,2.3680033683776855
GSE40279,2,GSM990373,40.041218280792236,0.9587817192077637
GSE40279,2,GSM990375,27.062252521514893,1.0622525215148926
GSE40279,2,GSM990376,53.18129777908325,7.818702220916748
GSE40279,2,GSM990377,60.785160541534424,4.785160541534424
GSE40279,2,GSM990378,51.36712312698364,14.632876873016357
GSE40279,2,GSM990379,55.24218416213989,6.757815837860107
GSE40279,2,GSM990381,50.87614870071411,4.123851299285889
GSE40279,2,GSM990382,49.2156720161438,11.784327983856201
GSE40279,2,GSM990383,59.67885637283325,1.678856372833252
GSE40279,2,GSM990385,51.49542284011841,11.504577159881592
GSE40279,2,GSM990386,56.42639970779419,2.5736002922058105
GSE40279,2,GSM990387,55.10527467727661,5.894725322723389
GSE40279,2,GSM990388,58.17859697341919,7.8214030265808105
GSE40279,2,GSM990389,55.17360734939575,9.826392650604248
GSE40279,2,GSM990390,53.520885944366455,4.479114055633545
GSE40279,2,GSM990391,42.09420824050903,0.9057917594909668
GSE40279,2,GSM990392,48.08142900466919,6.9185709953308105
GSE40279,2,GSM990394,51.01479387283325,1.014793872833252
GSE40279,2,GSM990395,40.71129274368286,5.288707256317139
GSE40279,2,GSM990396,53.349499225616455,0.6505007743835449
GSE40279,2,GSM990397,76.94731569290161,3.0526843070983887
GSE40279,2,GSM990398,69.69724702835083,13.30275297164917
GSE40279,2,GSM990399,74.14769411087036,2.8523058891296387
GSE40279,2,GSM990400,72.32568025588989,3.6743197441101074
GSE40279,2,GSM990403,62.80998659133911,19.19001340866089
GSE40279,2,GSM990404,41.91868257522583,16.08131742477417
GSE40279,2,GSM990405,62.2082142829895,3.791785717010498
GSE40279,2,GSM990406,58.34059190750122,26.65940809249878
GSE40279,2,GSM990407,65.25896120071411,0.7410387992858887
GSE40279,2,GSM990408,64.1094479560852,4.890552043914795
GSE40279,2,GSM990409,66.0080075263977,17.991992473602295
GSE40279,2,GSM990410,75.37328767776489,3.6267123222351074
GSE40279,2,GSM990411,59.677738666534424,4.322261333465576
GSE40279,2,GSM990412,63.147587299346924,14.852412700653076
GSE40279,2,GSM990413,51.95746660232544,1.0425333976745605
GSE40279,2,GSM990414,56.56834840774536,2.4316515922546387
GSE40279,2,GSM990416,64.39439058303833,3.39439058303833
GSE40279,2,GSM990418,59.178242206573486,9.821757793426514
GSE40279,2,GSM990419,62.422008991241455,2.422008991241455
GSE40279,2,GSM990420,55.991249561309814,9.008750438690186
GSE40279,2,GSM990421,80.25516939163208,8.74483060836792
GSE40279,2,GSM990422,47.410603046417236,26.589396953582764
GSE40279,2,GSM990423,65.3874020576477,15.612597942352295
GSE40279,2,GSM990424,72.73351716995239,4.733517169952393
GSE40279,2,GSM990425,62.18809938430786,5.811900615692139
GSE40279,2,GSM990426,61.58379793167114,3.4162020683288574
GSE40279,2,GSM990427,78.46297121047974,11.537028789520264
GSE40279,2,GSM990429,74.62091493606567,4.379085063934326
GSE40279,2,GSM990430,61.80052614212036,4.800526142120361
GSE40279,2,GSM990431,56.96598482131958,19.03401517868042
GSE40279,2,GSM990432,75.87725496292114,3.1227450370788574
GSE40279,2,GSM990433,40.315922260284424,8.684077739715576
GSE40279,2,GSM990434,78.91494417190552,13.085055828094482
GSE40279,2,GSM990435,60.53045320510864,5.469546794891357
GSE40279,2,GSM990436,58.076210498809814,0.9237895011901855
GSE40279,2,GSM990437,58.3163685798645,17.683631420135498
GSE40279,2,GSM990438,58.666447162628174,2.666447162628174
GSE40279,2,GSM990439,52.477558612823486,0.47755861282348633
GSE40279,2,GSM990440,58.71873140335083,6.28126859664917
GSE40279,2,GSM990441,67.63638734817505,5.363612651824951
GSE40279,2,GSM990442,73.80786561965942,8.807865619659424
GSE40279,2,GSM990443,81.36550569534302,2.6344943046569824
GSE40279,2,GSM990445,75.32568025588989,2.6743197441101074
GSE40279,2,GSM990446,56.79165315628052,3.7916531562805176
GSE40279,2,GSM990447,77.4659161567688,9.465916156768799
GSE40279,2,GSM990448,47.58080339431763,4.419196605682373
GSE40279,2,GSM990449,60.39519166946411,11.604808330535889
GSE40279,2,GSM990450,57.38221788406372,9.38221788406372
GSE40279,2,GSM990451,53.64757204055786,6.352427959442139
GSE40279,2,GSM990452,87.38978242874146,26.389782428741455
GSE40279,2,GSM990453,63.17545747756958,5.82454252243042
GSE40279,2,GSM990454,70.40101289749146,10.598987102508545
GSE40279,2,GSM990455,71.25880098342896,15.258800983428955
GSE40279,2,GSM990456,76.68923616409302,2.3107638359069824
GSE40279,2,GSM990457,73.98948335647583,8.01051664352417
GSE40279,2,GSM990458,55.109692096710205,2.890307903289795
GSE40279,2,GSM990459,58.8501935005188,16.1498064994812
GSE40279,2,GSM990462,83.97251558303833,13.97251558303833
GSE40279,2,GSM990463,67.0731930732727,9.926806926727295
GSE40279,2,GSM990464,52.94364595413208,3.05635404586792
GSE40279,2,GSM990465,58.97196626663208,8.02803373336792
GSE40279,2,GSM990466,75.23394441604614,0.7660555839538574
GSE40279,2,GSM990467,82.92149019241333,6.07850980758667
GSE40279,2,GSM990468,50.63175630569458,18.36824369430542
GSE40279,2,GSM990470,68.94786500930786,11.052134990692139
GSE40279,2,GSM990471,76.22524690628052,0.22524690628051758
GSE40279,2,GSM990473,51.966618061065674,9.033381938934326
GSE40279,2,GSM990474,45.40458345413208,6.59541654586792
GSE40279,2,GSM990475,63.745182514190674,5.254817485809326
GSE40279,2,GSM990477,62.41099977493286,6.589000225067139
GSE40279,2,GSM990478,52.248085498809814,12.751914501190186
GSE40279,2,GSM990479,42.225109577178955,2.774890422821045
GSE40279,2,GSM990481,61.67876100540161,14.321238994598389
GSE40279,2,GSM990482,67.59071779251099,8.409282207489014
GSE40279,2,GSM990484,64.12295198440552,6.877048015594482
GSE40279,2,GSM990485,39.631840229034424,12.368159770965576
GSE40279,2,GSM990486,83.42913484573364,0.5708651542663574
GSE40279,2,GSM990487,53.99854326248169,3.0014567375183105
GSE40279,2,GSM990488,64.75578737258911,3.2442126274108887
GSE40279,2,GSM990489,69.0476803779602,4.952319622039795
GSE40279,2,GSM990490,35.05652666091919,2.0565266609191895
GSE40279,2,GSM990492,62.65361452102661,10.346385478973389
GSE40279,2,GSM990494,50.1325421333313,21.8674578666687
GSE40279,2,GSM990495,70.92380952835083,7.07619047164917
GSE40279,2,GSM990496,52.79755449295044,15.20244550704956
GSE40279,2,GSM990497,52.27941179275513,0.27941179275512695
GSE40279,2,GSM990498,50.57144212722778,13.428557872772217
GSE40279,2,GSM990499,36.37627458572388,9.376274585723877
GSE40279,2,GSM990500,39.49202013015747,10.49202013015747
GSE40279,2,GSM990501,52.11881685256958,8.11881685256958
GSE40279,2,GSM990502,42.3698468208313,1.3698468208312988
GSE40279,2,GSM990503,48.15079927444458,3.15079927444458
GSE40279,2,GSM990504,29.724802494049072,2.7248024940490723
GSE40279,2,GSM990505,54.454296588897705,6.454296588897705
GSE40279,2,GSM990506,56.43236970901489,0.4323697090148926
GSE40279,2,GSM990507,43.57933473587036,9.579334735870361
GSE40279,2,GSM990508,53.11184358596802,15.888156414031982
GSE40279,2,GSM990509,38.06565523147583,17.93434476852417
GSE40279,2,GSM990510,38.26144075393677,8.738559246063232
GSE40279,2,GSM990512,54.60870027542114,5.391299724578857
GSE40279,2,GSM990514,56.55724763870239,3.4427523612976074
GSE40279,2,GSM990516,48.00175142288208,6.99824857711792
GSE40279,2,GSM990517,33.93460512161255,1.9346051216125488
GSE40279,2,GSM990518,22.86813974380493,0.13186025619506836
GSE40279,2,GSM990519,33.89199495315552,9.108005046844482
GSE40279,2,GSM990520,33.94475221633911,13.055247783660889
GSE40279,2,GSM990521,42.59264039993286,1.4073596000671387
GSE40279,2,GSM990522,38.25987672805786,1.2598767280578613
GSE40279,2,GSM990523,28.209179401397705,1.209179401397705
GSE40279,2,GSM990525,34.052326679229736,6.052326679229736
GSE40279,2,GSM990526,58.25205659866333,7.25205659866333
GSE40279,2,GSM990528,29.768005847930908,10.768005847930908
GSE40279,2,GSM990529,52.051220417022705,8.051220417022705
GSE40279,2,GSM990530,64.38284730911255,15.382847309112549
GSE40279,2,GSM990532,47.213947772979736,3.2139477729797363
GSE40279,2,GSM990533,63.52164888381958,1.52164888381958
GSE40279,2,GSM990534,41.14445924758911,11.144459247589111
GSE40279,2,GSM990536,33.74593782424927,2.2540621757507324
GSE40279,2,GSM990537,32.84960985183716,7.849609851837158
GSE40279,2,GSM990538,44.70560884475708,8.70560884475708
GSE40279,2,GSM990539,28.406094074249268,7.406094074249268
GSE40279,2,GSM990540,50.96706819534302,10.967068195343018
GSE40279,2,GSM990541,35.28402376174927,13.284023761749268
GSE40279,2,GSM990542,40.22404909133911,4.224049091339111
GSE40279,2,GSM990543,65.74474763870239,7.744747638702393
GSE40279,2,GSM990544,81.72053956985474,1.2794604301452637
GSE40279,2,GSM990548,72.13065767288208,6.13065767288208
GSE40279,2,GSM990550,64.39564180374146,17.604358196258545
GSE40279,2,GSM990551,75.27798891067505,2.277988910675049
GSE40279,2,GSM990552,74.54345369338989,2.4565463066101074
GSE40279,2,GSM990553,81.05112886428833,1.05112886428833
GSE40279,2,GSM990554,63.149609088897705,15.850390911102295
GSE40279,2,GSM990555,72.06869173049927,0.9313082695007324
GSE40279,2,GSM990557,73.30204439163208,11.69795560836792
GSE40279,2,GSM990558,95.14468812942505,4.144688129425049
GSE40279,2,GSM990559,82.53628969192505,2.463710308074951
GSE40279,2,GSM990560,79.28860139846802,6.711398601531982
GSE40279,2,GSM990561,81.21960878372192,7.219608783721924
GSE40279,2,GSM990563,84.38840913772583,2.61159086227417
GSE40279,2,GSM990564,74.86556673049927,1.1344332695007324
GSE40279,2,GSM990565,72.04368257522583,8.95631742477417
GSE40279,2,GSM990566,61.41074800491333,2.41074800491333
GSE40279,2,GSM990567,72.2978024482727,0.7021975517272949
GSE40279,2,GSM990569,81.80790376663208,3.19209623336792
GSE40279,2,GSM990570,67.21535158157349,1.7846484184265137
GSE40279,2,GSM990571,66.76885652542114,18.231143474578857
GSE40279,2,GSM990572,82.84525728225708,2.15474271774292
GSE40279,2,GSM990573,84.15279817581177,0.15279817581176758
GSE40279,2,GSM990574,72.6197018623352,10.380298137664795
GSE40279,2,GSM990575,79.0281720161438,12.028172016143799
GSE40279,2,GSM990578,90.68835115432739,3.6883511543273926
GSE40279,2,GSM990579,76.15746736526489,7.842532634735107
GSE40279,2,GSM990580,78.52358675003052,3.4764132499694824
GSE40279,2,GSM990581,85.06190156936646,7.938098430633545
GSE40279,2,GSM990583,82.51134920120239,2.5113492012023926
GSE40279,2,GSM990584,78.89086580276489,9.109134197235107
GSE40279,2,GSM990585,69.08645296096802,2.9135470390319824
GSE40279,2,GSM990587,50.771137714385986,5.228862285614014
GSE40279,2,GSM990588,88.57609224319458,3.42390775680542
GSE40279,2,GSM990589,76.97164583206177,1.0283541679382324
GSE40279,2,GSM990590,72.33205080032349,1.3320508003234863
GSE40279,2,GSM990591,64.17460298538208,24.82539701461792
GSE40279,2,GSM990592,46.30522584915161,7.694774150848389
GSE40279,2,GSM990593,64.43833589553833,1.56166410446167
GSE40279,2,GSM990594,78.35956239700317,3.359562397003174
GSE40279,2,GSM990595,79.56398439407349,10.436015605926514
GSE40279,2,GSM990596,61.61396074295044,4.3860392570495605
GSE40279,2,GSM990597,86.56032991409302,9.560329914093018
GSE40279,2,GSM990598,79.82522249221802,2.1747775077819824
GSE40279,2,GSM990599,73.94048738479614,8.940487384796143
GSE40279,2,GSM990600,64.47855043411255,6.478550434112549
GSE40279,2,GSM990603,74.52946138381958,0.5294613838195801
GSE40279,2,GSM990604,71.24980592727661,2.2498059272766113
GSE40279,2,GSM990605,82.28213930130005,0.7178606986999512
GSE40279,2,GSM990606,84.16097688674927,1.1609768867492676
GSE40279,2,GSM990607,88.10129976272583,18.10129976272583
GSE40279,2,GSM990608,77.6865963935852,13.686596393585205
GSE40279,2,GSM990609,73.96999788284302,23.969997882843018
GSE40279,2,GSM990610,97.61058473587036,23.61058473587036
GSE40279,2,GSM990611,67.9666256904602,1.033374309539795
GSE40279,2,GSM990612,93.64371919631958,7.64371919631958
GSE40279,2,GSM990613,63.00835847854614,2.9916415214538574
GSE40279,2,GSM990614,80.25993013381958,10.25993013381958
GSE40279,2,GSM990615,98.40218019485474,9.402180194854736
GSE40279,2,GSM990617,74.05775117874146,5.057751178741455
GSE40279,2,GSM990618,68.62144899368286,4.621448993682861
GSE40279,2,GSM990619,76.20721101760864,2.7927889823913574
GSE40279,2,GSM990620,83.05141878128052,8.948581218719482
GSE40279,2,GSM990621,77.95658540725708,7.95658540725708
GSE40279,2,GSM990622,82.1347393989563,5.134739398956299
GSE40279,2,GSM990623,83.26926851272583,5.26926851272583
GSE40279,2,GSM990624,76.99842500686646,5.998425006866455
GSE40279,2,GSM990625,78.25223970413208,10.25223970413208
GSE40279,2,GSM990626,64.4436764717102,3.443676471710205
GSE40279,2,GSM990627,74.04012727737427,1.0401272773742676
GSE40279,3,GSM989827,67.13870310783386,0.1387031078338623
GSE40279,3,GSM989828,94.8181083202362,5.818108320236206
GSE40279,3,GSM989829,76.3360984325409,10.336098432540894
GSE40279,3,GSM989831,70.69731211662292,8.697312116622925
GSE40279,3,GSM989832,77.38436198234558,9.615638017654419
GSE40279,3,GSM989833,70.11814188957214,2.8818581104278564
GSE40279,3,GSM989834,80.9301688671112,5.930168867111206
GSE40279,3,GSM989836,107.2708899974823,24.2708899974823
GSE40279,3,GSM989838,59.108200788497925,11.108200788497925
GSE40279,3,GSM989839,81.87453532218933,4.874535322189331
GSE40279,3,GSM989840,62.36196970939636,8.361969709396362
GSE40279,3,GSM989843,85.33150553703308,17.33150553703308
GSE40279,3,GSM989846,76.28964304924011,16.289643049240112
GSE40279,3,GSM989847,91.07089304924011,12.070893049240112
GSE40279,3,GSM989848,83.98152995109558,15.981529951095581
GSE40279,3,GSM989850,90.8625419139862,6.862541913986206
GSE40279,3,GSM989852,77.57708811759949,3.5770881175994873
GSE40279,3,GSM989854,81.07905650138855,25.07905650138855
GSE40279,3,GSM989855,84.42463755607605,12.42463755607605
GSE40279,3,GSM989856,84.5615165233612,9.561516523361206
GSE40279,3,GSM989857,92.84077525138855,13.84077525138855
GSE40279,3,GSM989859,83.17862010002136,1.1786201000213623
GSE40279,3,GSM989861,98.41351389884949,19.413513898849487
GSE40279,3,GSM989862,67.8820960521698,13.8820960521698
GSE40279,3,GSM989865,80.07803416252136,3.9219658374786377
GSE40279,3,GSM989868,86.00512766838074,12.005127668380737
GSE40279,3,GSM989869,67.7651526927948,9.2348473072052
GSE40279,3,GSM989871,87.97044444084167,0.9704444408416748
GSE40279,3,GSM989873,86.6278464794159,1.3721535205841064
GSE40279,3,GSM989874,73.16046977043152,7.1604697704315186
GSE40279,3,GSM989875,78.87417674064636,0.8741767406463623
GSE40279,3,GSM989876,75.7067801952362,22.706780195236206
GSE40279,3,GSM989877,81.42879557609558,5.428795576095581
GSE40279,3,GSM989880,70.61532664299011,16.615326642990112
GSE40279,3,GSM989881,81.2899329662323,8.2899329662323
GSE40279,3,GSM989882,80.49971842765808,15.500281572341919
GSE40279,3,GSM989883,71.87757182121277,14.877571821212769
GSE40279,3,GSM989884,72.96283030509949,3.0371696949005127
GSE40279,3,GSM989885,58.1612708568573,11.1612708568573
GSE40279,3,GSM989886,64.69006037712097,10.690060377120972
GSE40279,3,GSM989887,73.60383677482605,0.6038367748260498
GSE40279,3,GSM989888,82.14399790763855,1.8560020923614502
GSE40279,3,GSM989889,81.60327982902527,19.60327982902527
GSE40279,3,GSM989890,89.09451365470886,0.0945136547088623
GSE40279,3,GSM989891,76.31558299064636,8.315582990646362
GSE40279,3,GSM989892,74.9481360912323,12.9481360912323
GSE40279,3,GSM989893,85.02705454826355,6.02705454826355
GSE40279,3,GSM989894,75.37101817131042,3.371018171310425
GSE40279,3,GSM989895,72.61064219474792,3.610642194747925
GSE40279,3,GSM989896,59.27545237541199,4.275452375411987
GSE40279,3,GSM989898,84.20230174064636,5.202301740646362
GSE40279,3,GSM989899,80.0541923046112,8.054192304611206
GSE40279,3,GSM989900,89.87800669670105,0.8780066967010498
GSE40279,3,GSM989902,78.16315531730652,6.8368446826934814
GSE40279,3,GSM989903,79.86853098869324,11.868530988693237
GSE40279,3,GSM989904,99.79943919181824,10.799439191818237
GSE40279,3,GSM989905,88.23156809806824,15.231568098068237
GSE40279,3,GSM989906,71.45706248283386,8.457062482833862
GSE40279,3,GSM989907,77.44352793693542,0.5564720630645752
GSE40279,3,GSM989911,96.20406413078308,11.204064130783081
GSE40279,3,GSM989914,81.58196330070496,7.581963300704956
GSE40279,3,GSM989915,89.97683024406433,5.976830244064331
GSE40279,3,GSM989917,66.76570200920105,17.76570200920105
GSE40279,3,GSM989918,86.67834544181824,17.678345441818237
GSE40279,3,GSM989919,84.59642100334167,21.596421003341675
GSE40279,3,GSM989920,79.19754099845886,13.197540998458862
GSE40279,3,GSM989921,90.32178568840027,5.3217856884002686
GSE40279,3,GSM989924,72.28506541252136,13.285065412521362
GSE40279,3,GSM989925,76.4245994091034,6.4245994091033936
GSE40279,3,GSM989926,80.10219645500183,15.102196455001831
GSE40279,3,GSM989927,83.12336039543152,15.123360395431519
GSE40279,3,GSM989928,92.14448618888855,8.14448618888855
GSE40279,3,GSM989930,63.962658643722534,12.962658643722534
GSE40279,3,GSM989931,75.56042551994324,12.560425519943237
GSE40279,3,GSM989932,79.61823344230652,10.618233442306519
GSE40279,3,GSM989934,73.7341697216034,4.2658302783966064
GSE40279,3,GSM989935,59.89791178703308,7.897911787033081
GSE40279,3,GSM989936,62.43429636955261,13.434296369552612
GSE40279,3,GSM989937,73.25825572013855,20.25825572013855
GSE40279,3,GSM989938,72.73181223869324,13.731812238693237
GSE40279,3,GSM989939,76.50401377677917,14.504013776779175
GSE40279,3,GSM989941,84.27133250236511,16.271332502365112
GSE40279,3,GSM989942,81.49493479728699,7.494934797286987
GSE40279,3,GSM989943,67.34983134269714,8.349831342697144
GSE40279,3,GSM989944,85.00520396232605,9.00520396232605
GSE40279,3,GSM989945,70.87204051017761,16.872040510177612
GSE40279,3,GSM989946,76.88538432121277,17.88538432121277
GSE40279,3,GSM989947,72.71682810783386,24.716828107833862
GSE40279,3,GSM989948,63.61306834220886,18.613068342208862
GSE40279,3,GSM989950,75.67977213859558,12.679772138595581
GSE40279,3,GSM989951,83.46770548820496,3.467705488204956
GSE40279,3,GSM989952,72.32771372795105,12.32771372795105
GSE40279,3,GSM989953,85.8227698802948,14.8227698802948
GSE40279,3,GSM989954,78.91702342033386,11.917023420333862
GSE40279,3,GSM989955,72.1982352733612,22.198235273361206
GSE40279,3,GSM989956,86.84422373771667,0.8442237377166748
GSE40279,3,GSM989957,79.02356028556824,9.023560285568237
GSE40279,3,GSM989958,66.2067039012909,12.206703901290894
GSE40279,3,GSM989961,65.6478545665741,7.647854566574097
GSE40279,3,GSM989962,69.99966502189636,11.999665021896362
GSE40279,3,GSM989963,72.14196848869324,8.141968488693237
GSE40279,3,GSM989964,82.05595469474792,9.055954694747925
GSE40279,3,GSM989965,58.29658579826355,9.29658579826355
GSE40279,3,GSM989966,60.75790095329285,4.757900953292847
GSE40279,3,GSM989968,59.176674604415894,11.176674604415894
GSE40279,3,GSM989969,82.89256358146667,1.8925635814666748
GSE40279,3,GSM989971,69.20904612541199,8.209046125411987
GSE40279,3,GSM989972,65.23460078239441,15.23460078239441
GSE40279,3,GSM989973,69.68281626701355,0.6828162670135498
GSE40279,3,GSM989975,51.895912885665894,4.8959128856658936
GSE40279,3,GSM989976,65.78381419181824,22.783814191818237
GSE40279,3,GSM989977,65.5232322216034,10.523232221603394
GSE40279,3,GSM989978,66.41770243644714,12.417702436447144
GSE40279,3,GSM989979,71.12915873527527,13.129158735275269
GSE40279,3,GSM989980,54.495861768722534,20.495861768722534
GSE40279,3,GSM989981,73.80580973625183,8.805809736251831
GSE40279,3,GSM989982,65.41467356681824,13.414673566818237
GSE40279,3,GSM989983,50.61919093132019,18.61919093132019
GSE40279,3,GSM989984,62.99819254875183,15.998192548751831
GSE40279,3,GSM989985,75.90361094474792,21.903610944747925
GSE40279,3,GSM989987,53.08442759513855,25.08442759513855
GSE40279,3,GSM989988,76.25483775138855,22.25483775138855
GSE40279,3,GSM989989,75.68467020988464,16.684670209884644
GSE40279,3,GSM989991,64.36213755607605,14.36213755607605
GSE40279,3,GSM989992,42.36391520500183,12.363915205001831
GSE40279,3,GSM989993,67.30014872550964,17.300148725509644
GSE40279,3,GSM989994,67.47850489616394,20.47850489616394
GSE40279,3,GSM989995,69.26092600822449,22.260926008224487
GSE40279,3,GSM989996,50.59704279899597,17.59704279899597
GSE40279,3,GSM989997,53.1429603099823,15.1429603099823
GSE40279,3,GSM989998,51.527085065841675,16.527085065841675
GSE40279,3,GSM990000,78.72573161125183,1.274268388748169
GSE40279,3,GSM990001,91.77826762199402,5.7782676219940186
GSE40279,3,GSM990002,78.20567393302917,7.205673933029175
GSE40279,3,GSM990003,75.07357859611511,1.9264214038848877
GSE40279,3,GSM990004,78.71393656730652,11.713936567306519
GSE40279,3,GSM990005,82.85952067375183,1.140479326248169
GSE40279,3,GSM990006,82.74247813224792,2.742478132247925
GSE40279,3,GSM990007,75.62738871574402,5.6273887157440186
GSE40279,3,GSM990009,68.73114848136902,5.7311484813690186
GSE40279,3,GSM990010,74.4647605419159,4.4647605419158936
GSE40279,3,GSM990012,78.69096446037292,11.690964460372925
GSE40279,3,GSM990014,63.40741038322449,6.592589616775513
GSE40279,3,GSM990015,86.15673899650574,12.156738996505737
GSE40279,3,GSM990016,81.72003245353699,8.720032453536987
GSE40279,3,GSM990017,76.15039134025574,0.8496086597442627
GSE40279,3,GSM990018,95.52280497550964,15.522804975509644
GSE40279,3,GSM990019,82.67493510246277,16.67493510246277
GSE40279,3,GSM990021,88.98385691642761,12.983856916427612
GSE40279,3,GSM990022,77.5483558177948,0.4516441822052002
GSE40279,3,GSM990023,87.43864512443542,5.438645124435425
GSE40279,3,GSM990024,84.12194895744324,8.121948957443237
GSE40279,3,GSM990025,74.24157786369324,3.2415778636932373
GSE40279,3,GSM990026,79.21255564689636,2.7874443531036377
GSE40279,3,GSM990027,92.96209025382996,9.962090253829956
GSE40279,3,GSM990028,76.76159739494324,2.2384026050567627
GSE40279,3,GSM990029,74.34790110588074,0.6520988941192627
GSE40279,3,GSM990031,66.44638895988464,2.4463889598846436
GSE40279,3,GSM990033,96.14751505851746,4.147515058517456
GSE40279,3,GSM990034,85.4045341014862,11.404534101486206
GSE40279,3,GSM990035,76.78693461418152,7.7869346141815186
GSE40279,3,GSM990036,84.59079051017761,4.590790510177612
GSE40279,3,GSM990039,90.44377207756042,9.443772077560425
GSE40279,3,GSM990041,78.80004954338074,9.800049543380737
GSE40279,3,GSM990042,79.53881907463074,6.538819074630737
GSE40279,3,GSM990045,67.38404154777527,0.6159584522247314
GSE40279,3,GSM990046,87.44995951652527,18.44995951652527
GSE40279,3,GSM990049,83.06988596916199,2.0698859691619873
GSE40279,3,GSM990050,67.22495341300964,3.7750465869903564
GSE40279,3,GSM990051,74.56527781486511,3.5652778148651123
GSE40279,3,GSM990052,81.3420569896698,6.3420569896698
GSE40279,3,GSM990053,60.409767866134644,0.40976786613464355
GSE40279,3,GSM990054,77.78487467765808,0.784874677658081
GSE40279,3,GSM990055,83.60347056388855,1.3965294361114502
GSE40279,3,GSM990056,74.09945750236511,4.099457502365112
GSE40279,3,GSM990057,70.2968680858612,8.296868085861206
GSE40279,3,GSM990058,74.45932078361511,5.459320783615112
GSE40279,3,GSM990059,74.2791907787323,1.2791907787322998
GSE40279,3,GSM990060,81.39071726799011,8.390717267990112
GSE40279,3,GSM990061,76.00237345695496,2.002373456954956
GSE40279,3,GSM990062,76.04404520988464,3.0440452098846436
GSE40279,3,GSM990063,84.68879771232605,1.3112022876739502
GSE40279,3,GSM990066,83.74566721916199,8.745667219161987
GSE40279,3,GSM990068,61.42155146598816,5.578448534011841
GSE40279,3,GSM990070,57.02017283439636,9.020172834396362
GSE40279,3,GSM990072,68.30835795402527,20.30835795402527
GSE40279,3,GSM990075,61.436779737472534,15.436779737472534
GSE40279,3,GSM990076,61.521923780441284,1.5219237804412842
GSE40279,3,GSM990077,57.56697916984558,17.56697916984558
GSE40279,3,GSM990079,56.01717448234558,15.017174482345581
GSE40279,3,GSM990080,56.133896589279175,3.133896589279175
GSE40279,3,GSM990081,63.41889262199402,15.418892621994019
GSE40279,3,GSM990082,75.88530039787292,4.885300397872925
GSE40279,3,GSM990083,63.415783643722534,11.415783643722534
GSE40279,3,GSM990084,63.19018626213074,0.8098137378692627
GSE40279,3,GSM990085,55.26925349235535,7.269253492355347
GSE40279,3,GSM990086,56.8726966381073,1.8726966381072998
GSE40279,3,GSM990087,78.0360267162323,10.0360267162323
GSE40279,3,GSM990088,59.624043226242065,13.624043226242065
GSE40279,3,GSM990089,71.00745463371277,7.0074546337127686
GSE40279,3,GSM990090,59.76436686515808,2.764366865158081
GSE40279,3,GSM990091,54.65448069572449,9.654480695724487
GSE40279,3,GSM990094,78.65024638175964,18.650246381759644
GSE40279,3,GSM990095,60.907753705978394,9.907753705978394
GSE40279,3,GSM990096,42.05410075187683,30.94589924812317
GSE40279,3,GSM990097,58.46364665031433,20.46364665031433
GSE40279,3,GSM990099,76.21479868888855,12.21479868888855
GSE40279,3,GSM990100,67.53878092765808,9.538780927658081
GSE40279,3,GSM990101,52.345219373703,9.345219373703003
GSE40279,3,GSM990102,45.46314311027527,7.4631431102752686
GSE40279,3,GSM990103,60.033730268478394,6.0337302684783936
GSE40279,3,GSM990104,77.1888816356659,7.1888816356658936
GSE40279,3,GSM990106,71.21407389640808,9.214073896408081
GSE40279,3,GSM990107,55.0611732006073,4.0611732006073
GSE40279,3,GSM990108,51.29275965690613,10.292759656906128
GSE40279,3,GSM990109,51.71901774406433,1.280982255935669
GSE40279,3,GSM990110,63.331650495529175,1.6683495044708252
GSE40279,3,GSM990111,57.69412302970886,7.694123029708862
GSE40279,3,GSM990112,63.44738841056824,8.447388410568237
GSE40279,3,GSM990113,65.14539790153503,3.145397901535034
GSE40279,3,GSM990114,66.0632483959198,5.0632483959198
GSE40279,3,GSM990115,51.85390543937683,13.853905439376831
GSE40279,3,GSM990117,75.30969309806824,11.309693098068237
GSE40279,3,GSM990118,52.004685163497925,4.995314836502075
GSE40279,3,GSM990119,62.67178797721863,5.671787977218628
GSE40279,3,GSM990120,54.820854902267456,5.820854902267456
GSE40279,3,GSM990121,63.86042094230652,0.13957905769348145
GSE40279,3,GSM990122,53.549397230148315,12.450602769851685
GSE40279,3,GSM990268,56.046528577804565,4.046528577804565
GSE40279,3,GSM990269,61.07032084465027,18.07032084465027
GSE40279,3,GSM990271,58.887314558029175,7.887314558029175
GSE40279,3,GSM990272,59.71741557121277,1.7174155712127686
GSE40279,3,GSM990273,59.238152265548706,3.761847734451294
GSE40279,3,GSM990274,56.917160749435425,1.9171607494354248
GSE40279,3,GSM990275,55.659348249435425,5.659348249435425
GSE40279,3,GSM990276,74.64650797843933,17.64650797843933
GSE40279,3,GSM990277,35.101155042648315,2.1011550426483154
GSE40279,3,GSM990278,59.67623209953308,13.676232099533081
GSE40279,3,GSM990279,52.44495463371277,6.4449546337127686
GSE40279,3,GSM990281,59.54177165031433,4.541771650314331
GSE40279,3,GSM990282,47.35028910636902,16.64971089363098
GSE40279,3,GSM990283,45.42403483390808,0.575965166091919
GSE40279,3,GSM990284,62.79627299308777,3.2037270069122314
GSE40279,3,GSM990285,48.79499125480652,1.7949912548065186
GSE40279,3,GSM990286,47.693249464035034,10.306750535964966
GSE40279,3,GSM990287,62.92086482048035,1.9208648204803467
GSE40279,3,GSM990288,43.08693766593933,4.913062334060669
GSE40279,3,GSM990289,45.204277753829956,0.20427775382995605
GSE40279,3,GSM990290,59.21936106681824,2.7806389331817627
GSE40279,3,GSM990291,51.584606885910034,1.5846068859100342
GSE40279,3,GSM990292,37.41787791252136,3.4178779125213623
GSE40279,3,GSM990293,60.05015254020691,3.949847459793091
GSE40279,3,GSM990294,51.34806513786316,3.651934862136841
GSE40279,3,GSM990295,55.839943647384644,7.8399436473846436
GSE40279,3,GSM990297,61.49361872673035,2.5063812732696533
GSE40279,3,GSM990298,58.51684641838074,0.5168464183807373
GSE40279,3,GSM990299,40.23138499259949,3.2313849925994873
GSE40279,3,GSM990300,60.60744547843933,0.607445478439331
GSE40279,3,GSM990301,60.01395106315613,2.986048936843872
GSE40279,3,GSM990302,54.403183698654175,4.596816301345825
GSE40279,3,GSM990303,51.37576365470886,2.6242363452911377
GSE40279,3,GSM990304,57.64288783073425,2.357112169265747
GSE40279,3,GSM990305,53.19220042228699,2.1922004222869873
GSE40279,3,GSM990306,69.6797034740448,6.6797034740448
GSE40279,3,GSM990307,61.70724558830261,2.2927544116973877
GSE40279,3,GSM990309,57.31244349479675,13.312443494796753
GSE40279,3,GSM990311,63.2995879650116,2.7004120349884033
GSE40279,3,GSM990313,57.812721967697144,3.1872780323028564
GSE40279,3,GSM990314,57.806599378585815,5.806599378585815
GSE40279,3,GSM990315,66.41399073600769,5.41399073600769
GSE40279,3,GSM990318,46.732704877853394,5.2672951221466064
GSE40279,3,GSM990319,53.32381892204285,1.6761810779571533
GSE40279,3,GSM990320,67.24044489860535,8.240444898605347
GSE40279,3,GSM990321,57.080673933029175,1.9193260669708252
GSE40279,3,GSM990323,51.99629282951355,5.99629282951355
GSE40279,3,GSM990324,37.35103678703308,6.351036787033081
GSE40279,3,GSM990325,62.83125376701355,7.83125376701355
GSE40279,3,GSM990326,48.132378339767456,4.867621660232544
GSE40279,3,GSM990327,50.4631507396698,8.4631507396698
GSE40279,3,GSM990329,52.10860514640808,2.108605146408081
GSE40279,3,GSM990330,52.547653913497925,0.5476539134979248
GSE40279,3,GSM990331,44.885456800460815,0.11454319953918457
GSE40279,3,GSM990332,56.88483119010925,8.115168809890747
GSE40279,3,GSM990333,48.285805463790894,10.714194536209106
GSE40279,3,GSM990334,62.788037061691284,4.788037061691284
GSE40279,3,GSM990335,66.37429118156433,2.374291181564331
GSE40279,3,GSM990336,53.86920619010925,7.130793809890747
GSE40279,3,GSM990337,58.204750776290894,8.795249223709106
GSE40279,3,GSM990338,62.37601923942566,3.376019239425659
GSE40279,3,GSM990339,53.2762610912323,4.7237389087677
GSE40279,3,GSM990340,49.353928327560425,4.646071672439575
GSE40279,3,GSM990341,58.52045130729675,1.520451307296753
GSE40279,3,GSM990342,59.64375376701355,0.3562462329864502
GSE40279,3,GSM990343,49.268791913986206,0.731208086013794
GSE40279,3,GSM990346,47.98980784416199,3.9898078441619873
GSE40279,3,GSM990347,61.25305247306824,0.7469475269317627
GSE40279,3,GSM990348,72.89287638664246,3.107123613357544
GSE40279,3,GSM990350,50.09530329704285,4.095303297042847
GSE40279,3,GSM990352,57.84384226799011,1.1561577320098877
GSE40279,3,GSM990353,55.063896894454956,3.063896894454956
GSE40279,3,GSM990354,41.630852460861206,8.369147539138794
GSE40279,3,GSM990355,43.02717661857605,1.9728233814239502
GSE40279,3,GSM990356,51.17086482048035,0.8291351795196533
GSE40279,3,GSM990357,51.021591901779175,2.978408098220825
GSE40279,3,GSM990358,67.72798991203308,5.727989912033081
GSE40279,3,GSM990360,58.50007700920105,4.49992299079895
GSE40279,3,GSM990363,63.948471784591675,1.0515282154083252
GSE40279,3,GSM990364,59.68328928947449,4.316710710525513
GSE40279,3,GSM990365,54.85070872306824,2.1492912769317627
GSE40279,3,GSM990366,63.6482093334198,0.6482093334197998
GSE40279,3,GSM990369,45.989582777023315,7.989582777023315
GSE40279,3,GSM990371,58.48810267448425,0.5118973255157471
GSE40279,3,GSM990372,60.95562434196472,2.9556243419647217
GSE40279,3,GSM990373,45.364845991134644,4.3648459911346436
GSE40279,3,GSM990375,32.3858802318573,6.3858802318573
GSE40279,3,GSM990376,58.50492548942566,2.495074510574341
GSE40279,3,GSM990377,66.10878825187683,10.108788251876831
GSE40279,3,GSM990378,56.69075083732605,9.30924916267395
GSE40279,3,GSM990379,60.5658118724823,1.4341881275177002
GSE40279,3,GSM990381,56.19977641105652,1.1997764110565186
GSE40279,3,GSM990382,54.539299726486206,6.460700273513794
GSE40279,3,GSM990383,65.00248408317566,7.002484083175659
GSE40279,3,GSM990385,56.819050550460815,6.180949449539185
GSE40279,3,GSM990386,61.7500274181366,2.7500274181365967
GSE40279,3,GSM990387,60.42890238761902,0.5710976123809814
GSE40279,3,GSM990388,63.5022246837616,2.4977753162384033
GSE40279,3,GSM990389,60.49723505973816,4.502764940261841
GSE40279,3,GSM990390,58.84451365470886,0.8445136547088623
GSE40279,3,GSM990391,47.41783595085144,4.41783595085144
GSE40279,3,GSM990392,53.4050567150116,1.5949432849884033
GSE40279,3,GSM990394,56.33842158317566,6.338421583175659
GSE40279,3,GSM990395,46.03492045402527,0.034920454025268555
GSE40279,3,GSM990396,58.67312693595886,4.673126935958862
GSE40279,3,GSM990397,82.27094340324402,2.2709434032440186
GSE40279,3,GSM990398,75.02087473869324,7.979125261306763
GSE40279,3,GSM990399,79.47132182121277,2.4713218212127686
GSE40279,3,GSM990400,77.6493079662323,1.6493079662322998
GSE40279,3,GSM990403,68.13361430168152,13.866385698318481
GSE40279,3,GSM990404,47.24231028556824,10.757689714431763
GSE40279,3,GSM990405,67.53184199333191,1.5318419933319092
GSE40279,3,GSM990406,63.66421961784363,21.335780382156372
GSE40279,3,GSM990407,70.58258891105652,4.5825889110565186
GSE40279,3,GSM990408,69.43307566642761,0.4330756664276123
GSE40279,3,GSM990409,71.33163523674011,12.668364763259888
GSE40279,3,GSM990410,80.6969153881073,1.6969153881072998
GSE40279,3,GSM990411,65.00136637687683,1.001366376876831
GSE40279,3,GSM990412,68.47121500968933,9.528784990310669
GSE40279,3,GSM990413,57.28109431266785,4.281094312667847
GSE40279,3,GSM990414,61.89197611808777,2.8919761180877686
GSE40279,3,GSM990416,69.71801829338074,8.718018293380737
GSE40279,3,GSM990418,64.5018699169159,4.4981300830841064
GSE40279,3,GSM990419,67.74563670158386,7.745636701583862
GSE40279,3,GSM990420,61.31487727165222,3.6851227283477783
GSE40279,3,GSM990421,85.57879710197449,3.4212028980255127
GSE40279,3,GSM990422,52.734230756759644,21.265769243240356
GSE40279,3,GSM990423,70.71102976799011,10.288970232009888
GSE40279,3,GSM990424,78.0571448802948,10.0571448802948
GSE40279,3,GSM990425,67.51172709465027,0.48827290534973145
GSE40279,3,GSM990426,66.90742564201355,1.9074256420135498
GSE40279,3,GSM990427,83.78659892082214,6.2134010791778564
GSE40279,3,GSM990429,79.94454264640808,0.944542646408081
GSE40279,3,GSM990430,67.12415385246277,10.124153852462769
GSE40279,3,GSM990431,62.28961253166199,13.710387468338013
GSE40279,3,GSM990432,81.20088267326355,2.20088267326355
GSE40279,3,GSM990433,45.63954997062683,3.360450029373169
GSE40279,3,GSM990434,84.23857188224792,7.761428117752075
GSE40279,3,GSM990435,65.85408091545105,0.1459190845489502
GSE40279,3,GSM990436,63.39983820915222,4.399838209152222
GSE40279,3,GSM990437,63.63999629020691,12.36000370979309
GSE40279,3,GSM990438,63.99007487297058,7.990074872970581
GSE40279,3,GSM990439,57.801186323165894,5.8011863231658936
GSE40279,3,GSM990440,64.04235911369324,0.9576408863067627
GSE40279,3,GSM990441,72.96001505851746,0.039984941482543945
GSE40279,3,GSM990442,79.13149333000183,14.131493330001831
GSE40279,3,GSM990443,86.68913340568542,2.689133405685425
GSE40279,3,GSM990445,80.6493079662323,2.6493079662323
GSE40279,3,GSM990446,62.115280866622925,9.115280866622925
GSE40279,3,GSM990447,82.7895438671112,14.789543867111206
GSE40279,3,GSM990448,52.904431104660034,0.9044311046600342
GSE40279,3,GSM990449,65.71881937980652,6.2811806201934814
GSE40279,3,GSM990450,62.70584559440613,14.705845594406128
GSE40279,3,GSM990451,58.97119975090027,1.0288002490997314
GSE40279,3,GSM990452,92.71341013908386,31.713410139083862
GSE40279,3,GSM990453,68.49908518791199,0.5009148120880127
GSE40279,3,GSM990454,75.72464060783386,5.275359392166138
GSE40279,3,GSM990455,76.58242869377136,20.582428693771362
GSE40279,3,GSM990456,82.01286387443542,3.012863874435425
GSE40279,3,GSM990457,79.31311106681824,2.6868889331817627
GSE40279,3,GSM990458,60.43331980705261,2.4333198070526123
GSE40279,3,GSM990459,64.1738212108612,10.826178789138794
GSE40279,3,GSM990462,89.29614329338074,19.296143293380737
GSE40279,3,GSM990463,72.39682078361511,4.603179216384888
GSE40279,3,GSM990464,58.26727366447449,2.2672736644744873
GSE40279,3,GSM990465,64.29559397697449,2.7044060230255127
GSE40279,3,GSM990466,80.55757212638855,4.55757212638855
GSE40279,3,GSM990467,88.24511790275574,0.7548820972442627
GSE40279,3,GSM990468,55.95538401603699,13.044615983963013
GSE40279,3,GSM990470,74.27149271965027,5.7285072803497314
GSE40279,3,GSM990471,81.54887461662292,5.548874616622925
GSE40279,3,GSM990473,57.29024577140808,3.709754228591919
GSE40279,3,GSM990474,50.72821116447449,1.2717888355255127
GSE40279,3,GSM990475,69.06881022453308,0.06881022453308105
GSE40279,3,GSM990477,67.73462748527527,1.2653725147247314
GSE40279,3,GSM990478,57.57171320915222,7.428286790847778
GSE40279,3,GSM990479,47.54873728752136,2.5487372875213623
GSE40279,3,GSM990481,67.00238871574402,8.997611284255981
GSE40279,3,GSM990482,72.9143455028534,3.0856544971466064
GSE40279,3,GSM990484,69.44657969474792,1.5534203052520752
GSE40279,3,GSM990485,44.95546793937683,7.044532060623169
GSE40279,3,GSM990486,88.75276255607605,4.75276255607605
GSE40279,3,GSM990487,59.3221709728241,2.3221709728240967
GSE40279,3,GSM990488,70.07941508293152,2.0794150829315186
GSE40279,3,GSM990489,74.37130808830261,0.3713080883026123
GSE40279,3,GSM990490,40.3801543712616,7.380154371261597
GSE40279,3,GSM990492,67.97724223136902,5.0227577686309814
GSE40279,3,GSM990494,55.456169843673706,16.543830156326294
GSE40279,3,GSM990495,76.24743723869324,1.7525627613067627
GSE40279,3,GSM990496,58.12118220329285,9.878817796707153
GSE40279,3,GSM990497,57.603039503097534,5.603039503097534
GSE40279,3,GSM990498,55.89506983757019,8.10493016242981
GSE40279,3,GSM990499,41.699902296066284,14.699902296066284
GSE40279,3,GSM990500,44.81564784049988,15.815647840499878
GSE40279,3,GSM990501,57.44244456291199,13.442444562911987
GSE40279,3,GSM990502,47.693474531173706,6.693474531173706
GSE40279,3,GSM990503,53.47442698478699,8.474426984786987
GSE40279,3,GSM990504,35.04843020439148,8.04843020439148
GSE40279,3,GSM990505,59.77792429924011,11.777924299240112
GSE40279,3,GSM990506,61.7559974193573,5.7559974193573
GSE40279,3,GSM990507,48.90296244621277,14.902962446212769
GSE40279,3,GSM990508,58.435471296310425,10.564528703689575
GSE40279,3,GSM990509,43.38928294181824,12.610717058181763
GSE40279,3,GSM990510,43.585068464279175,3.414931535720825
GSE40279,3,GSM990512,59.93232798576355,0.0676720142364502
GSE40279,3,GSM990514,61.8808753490448,1.8808753490447998
GSE40279,3,GSM990516,53.32537913322449,1.6746208667755127
GSE40279,3,GSM990517,39.258232831954956,7.258232831954956
GSE40279,3,GSM990518,28.19176745414734,5.191767454147339
GSE40279,3,GSM990519,39.215622663497925,3.784377336502075
GSE40279,3,GSM990520,39.26837992668152,7.7316200733184814
GSE40279,3,GSM990521,47.91626811027527,3.9162681102752686
GSE40279,3,GSM990522,43.58350443840027,6.5835044384002686
GSE40279,3,GSM990523,33.53280711174011,6.532807111740112
GSE40279,3,GSM990525,39.375954389572144,11.375954389572144
GSE40279,3,GSM990526,63.57568430900574,12.575684309005737
GSE40279,3,GSM990528,35.091633558273315,16.091633558273315
GSE40279,3,GSM990529,57.37484812736511,13.374848127365112
GSE40279,3,GSM990530,69.70647501945496,20.706475019454956
GSE40279,3,GSM990532,52.537575483322144,8.537575483322144
GSE40279,3,GSM990533,68.84527659416199,6.845276594161987
GSE40279,3,GSM990534,46.46808695793152,16.46808695793152
GSE40279,3,GSM990536,39.069565534591675,3.069565534591675
GSE40279,3,GSM990537,38.173237562179565,13.173237562179565
GSE40279,3,GSM990538,50.02923655509949,14.029236555099487
GSE40279,3,GSM990539,33.729721784591675,12.729721784591675
GSE40279,3,GSM990540,56.290695905685425,16.290695905685425
GSE40279,3,GSM990541,40.607651472091675,18.607651472091675
GSE40279,3,GSM990542,45.54767680168152,9.547676801681519
GSE40279,3,GSM990543,71.0683753490448,13.0683753490448
GSE40279,3,GSM990544,87.04416728019714,4.0441672801971436
GSE40279,3,GSM990548,77.45428538322449,11.454285383224487
GSE40279,3,GSM990550,69.71926951408386,12.280730485916138
GSE40279,3,GSM990551,80.60161662101746,7.601616621017456
GSE40279,3,GSM990552,79.8670814037323,2.8670814037323
GSE40279,3,GSM990553,86.37475657463074,6.374756574630737
GSE40279,3,GSM990554,68.47323679924011,10.526763200759888
GSE40279,3,GSM990555,77.39231944084167,4.392319440841675
GSE40279,3,GSM990557,78.62567210197449,6.374327898025513
GSE40279,3,GSM990558,100.46831583976746,9.468315839767456
GSE40279,3,GSM990559,87.85991740226746,2.859917402267456
GSE40279,3,GSM990560,84.61222910881042,1.3877708911895752
GSE40279,3,GSM990561,86.54323649406433,12.543236494064331
GSE40279,3,GSM990563,89.71203684806824,2.7120368480682373
GSE40279,3,GSM990564,80.18919444084167,4.189194440841675
GSE40279,3,GSM990565,77.36731028556824,3.6326897144317627
GSE40279,3,GSM990566,66.73437571525574,7.734375715255737
GSE40279,3,GSM990567,77.62143015861511,4.621430158615112
GSE40279,3,GSM990569,87.13153147697449,2.1315314769744873
GSE40279,3,GSM990570,72.5389792919159,3.5389792919158936
GSE40279,3,GSM990571,72.09248423576355,12.90751576423645
GSE40279,3,GSM990572,88.16888499259949,3.1688849925994873
GSE40279,3,GSM990573,89.47642588615417,5.476425886154175
GSE40279,3,GSM990574,77.94332957267761,5.056670427322388
GSE40279,3,GSM990575,84.3517997264862,17.351799726486206
GSE40279,3,GSM990578,96.0119788646698,9.0119788646698
GSE40279,3,GSM990579,81.4810950756073,2.5189049243927
GSE40279,3,GSM990580,83.84721446037292,1.8472144603729248
GSE40279,3,GSM990581,90.38552927970886,2.6144707202911377
GSE40279,3,GSM990583,87.8349769115448,7.8349769115448
GSE40279,3,GSM990584,84.2144935131073,3.7855064868927
GSE40279,3,GSM990585,74.41008067131042,2.410080671310425
GSE40279,3,GSM990587,56.094765424728394,0.09476542472839355
GSE40279,3,GSM990588,93.89971995353699,1.8997199535369873
GSE40279,3,GSM990589,82.29527354240417,4.295273542404175
GSE40279,3,GSM990590,77.6556785106659,6.6556785106658936
GSE40279,3,GSM990591,69.49823069572449,19.501769304275513
GSE40279,3,GSM990592,51.62885355949402,2.3711464405059814
GSE40279,3,GSM990593,69.76196360588074,3.7619636058807373
GSE40279,3,GSM990594,83.68319010734558,8.683190107345581
GSE40279,3,GSM990595,84.8876121044159,5.1123878955841064
GSE40279,3,GSM990596,66.93758845329285,0.9375884532928467
GSE40279,3,GSM990597,91.88395762443542,14.883957624435425
GSE40279,3,GSM990598,85.14885020256042,3.148850202560425
GSE40279,3,GSM990599,79.26411509513855,14.26411509513855
GSE40279,3,GSM990600,69.80217814445496,11.802178144454956
GSE40279,3,GSM990603,79.85308909416199,5.853089094161987
GSE40279,3,GSM990604,76.57343363761902,7.5734336376190186
GSE40279,3,GSM990605,87.60576701164246,4.605767011642456
GSE40279,3,GSM990606,89.48460459709167,6.484604597091675
GSE40279,3,GSM990607,93.42492747306824,23.424927473068237
GSE40279,3,GSM990608,83.01022410392761,19.010224103927612
GSE40279,3,GSM990609,79.29362559318542,29.293625593185425
GSE40279,3,GSM990610,102.93421244621277,28.93421244621277
GSE40279,3,GSM990611,73.29025340080261,4.290253400802612
GSE40279,3,GSM990612,98.96734690666199,12.967346906661987
GSE40279,3,GSM990613,68.33198618888855,2.33198618888855
GSE40279,3,GSM990614,85.58355784416199,15.583557844161987
GSE40279,3,GSM990615,103.72580790519714,14.725807905197144
GSE40279,3,GSM990617,79.38137888908386,10.381378889083862
GSE40279,3,GSM990618,73.94507670402527,9.945076704025269
GSE40279,3,GSM990619,81.53083872795105,2.53083872795105
GSE40279,3,GSM990620,88.37504649162292,3.624953508377075
GSE40279,3,GSM990621,83.28021311759949,13.280213117599487
GSE40279,3,GSM990622,87.4583671092987,10.458367109298706
GSE40279,3,GSM990623,88.59289622306824,10.592896223068237
GSE40279,3,GSM990624,82.32205271720886,11.322052717208862
GSE40279,3,GSM990625,83.57586741447449,15.575867414474487
GSE40279,3,GSM990626,69.76730418205261,8.767304182052612
GSE40279,3,GSM990627,79.36375498771667,6.363754987716675
GSE40279,4,GSM989827,64.55221247673035,2.4477875232696533
GSE40279,4,GSM989828,92.23161768913269,3.2316176891326904
GSE40279,4,GSM989829,73.74960780143738,7.749607801437378
GSE40279,4,GSM989831,68.11082148551941,6.110821485519409
GSE40279,4,GSM989832,74.79787135124207,12.202128648757935
GSE40279,4,GSM989833,67.53165125846863,5.468348741531372
GSE40279,4,GSM989834,78.34367823600769,3.3436782360076904
GSE40279,4,GSM989836,104.68439936637878,21.684399366378784
GSE40279,4,GSM989838,56.52171015739441,8.52171015739441
GSE40279,4,GSM989839,79.28804469108582,2.2880446910858154
GSE40279,4,GSM989840,59.77547907829285,5.775479078292847
GSE40279,4,GSM989843,82.74501490592957,14.745014905929565
GSE40279,4,GSM989846,73.7031524181366,13.703152418136597
GSE40279,4,GSM989847,88.4844024181366,9.484402418136597
GSE40279,4,GSM989848,81.39503931999207,13.395039319992065
GSE40279,4,GSM989850,88.27605128288269,4.27605128288269
GSE40279,4,GSM989852,74.99059748649597,0.9905974864959717
GSE40279,4,GSM989854,78.49256587028503,22.492565870285034
GSE40279,4,GSM989855,81.83814692497253,9.838146924972534
GSE40279,4,GSM989856,81.97502589225769,6.97502589225769
GSE40279,4,GSM989857,90.25428462028503,11.254284620285034
GSE40279,4,GSM989859,80.59212946891785,1.4078705310821533
GSE40279,4,GSM989861,95.82702326774597,16.82702326774597
GSE40279,4,GSM989862,65.29560542106628,11.295605421066284
GSE40279,4,GSM989865,77.49154353141785,6.508456468582153
GSE40279,4,GSM989868,83.41863703727722,9.418637037277222
GSE40279,4,GSM989869,65.17866206169128,11.821337938308716
GSE40279,4,GSM989871,85.38395380973816,1.6160461902618408
GSE40279,4,GSM989873,84.04135584831238,3.958644151687622
GSE40279,4,GSM989874,70.573979139328,4.573979139328003
GSE40279,4,GSM989875,76.28768610954285,1.7123138904571533
GSE40279,4,GSM989876,73.12028956413269,20.12028956413269
GSE40279,4,GSM989877,78.84230494499207,2.8423049449920654
GSE40279,4,GSM989880,68.0288360118866,14.028836011886597
GSE40279,4,GSM989881,78.70344233512878,5.703442335128784
GSE40279,4,GSM989882,77.91322779655457,18.086772203445435
GSE40279,4,GSM989883,69.29108119010925,12.291081190109253
GSE40279,4,GSM989884,70.37633967399597,5.623660326004028
GSE40279,4,GSM989885,55.574780225753784,8.574780225753784
GSE40279,4,GSM989886,62.103569746017456,8.103569746017456
GSE40279,4,GSM989887,71.01734614372253,1.9826538562774658
GSE40279,4,GSM989888,79.55750727653503,4.442492723464966
GSE40279,4,GSM989889,79.01678919792175,17.016789197921753
GSE40279,4,GSM989890,86.50802302360535,2.4919769763946533
GSE40279,4,GSM989891,73.72909235954285,5.729092359542847
GSE40279,4,GSM989892,72.36164546012878,10.361645460128784
GSE40279,4,GSM989893,82.44056391716003,3.440563917160034
GSE40279,4,GSM989894,72.78452754020691,0.7845275402069092
GSE40279,4,GSM989895,70.02415156364441,1.0241515636444092
GSE40279,4,GSM989896,56.68896174430847,1.6889617443084717
GSE40279,4,GSM989898,81.61581110954285,2.6158111095428467
GSE40279,4,GSM989899,77.46770167350769,5.46770167350769
GSE40279,4,GSM989900,87.29151606559753,1.7084839344024658
GSE40279,4,GSM989902,75.576664686203,9.423335313796997
GSE40279,4,GSM989903,77.28204035758972,9.282040357589722
GSE40279,4,GSM989904,97.21294856071472,8.212948560714722
GSE40279,4,GSM989905,85.64507746696472,12.645077466964722
GSE40279,4,GSM989906,68.87057185173035,5.870571851730347
GSE40279,4,GSM989907,74.85703730583191,3.142962694168091
GSE40279,4,GSM989911,93.61757349967957,8.617573499679565
GSE40279,4,GSM989914,78.99547266960144,4.99547266960144
GSE40279,4,GSM989915,87.39033961296082,3.3903396129608154
GSE40279,4,GSM989917,64.17921137809753,15.179211378097534
GSE40279,4,GSM989918,84.09185481071472,15.091854810714722
GSE40279,4,GSM989919,82.00993037223816,19.00993037223816
GSE40279,4,GSM989920,76.61105036735535,10.611050367355347
GSE40279,4,GSM989921,87.73529505729675,2.735295057296753
GSE40279,4,GSM989924,69.69857478141785,10.698574781417847
GSE40279,4,GSM989925,73.83810877799988,3.838108777999878
GSE40279,4,GSM989926,77.51570582389832,12.515705823898315
GSE40279,4,GSM989927,80.536869764328,12.536869764328003
GSE40279,4,GSM989928,89.55799555778503,5.557995557785034
GSE40279,4,GSM989930,61.37616801261902,10.376168012619019
GSE40279,4,GSM989931,72.97393488883972,9.973934888839722
GSE40279,4,GSM989932,77.031742811203,8.031742811203003
GSE40279,4,GSM989934,71.14767909049988,6.852320909500122
GSE40279,4,GSM989935,57.311421155929565,5.311421155929565
GSE40279,4,GSM989936,59.8478057384491,10.847805738449097
GSE40279,4,GSM989937,70.67176508903503,17.671765089035034
GSE40279,4,GSM989938,70.14532160758972,11.145321607589722
GSE40279,4,GSM989939,73.91752314567566,11.91752314567566
GSE40279,4,GSM989941,81.6848418712616,13.684841871261597
GSE40279,4,GSM989942,78.90844416618347,4.908444166183472
GSE40279,4,GSM989943,64.76334071159363,5.763340711593628
GSE40279,4,GSM989944,82.41871333122253,6.418713331222534
GSE40279,4,GSM989945,68.2855498790741,14.285549879074097
GSE40279,4,GSM989946,74.29889369010925,15.298893690109253
GSE40279,4,GSM989947,70.13033747673035,22.130337476730347
GSE40279,4,GSM989948,61.02657771110535,16.026577711105347
GSE40279,4,GSM989950,73.09328150749207,10.093281507492065
GSE40279,4,GSM989951,80.88121485710144,0.8812148571014404
GSE40279,4,GSM989952,69.74122309684753,9.741223096847534
GSE40279,4,GSM989953,83.23627924919128,12.236279249191284
GSE40279,4,GSM989954,76.33053278923035,9.330532789230347
GSE40279,4,GSM989955,69.61174464225769,19.61174464225769
GSE40279,4,GSM989956,84.25773310661316,1.7422668933868408
GSE40279,4,GSM989957,76.43706965446472,6.437069654464722
GSE40279,4,GSM989958,63.62021327018738,9.620213270187378
GSE40279,4,GSM989961,63.06136393547058,5.061363935470581
GSE40279,4,GSM989962,67.41317439079285,9.413174390792847
GSE40279,4,GSM989963,69.55547785758972,5.555477857589722
GSE40279,4,GSM989964,79.46946406364441,6.469464063644409
GSE40279,4,GSM989965,55.710095167160034,6.710095167160034
GSE40279,4,GSM989966,58.17141032218933,2.171410322189331
GSE40279,4,GSM989968,56.59018397331238,8.590183973312378
GSE40279,4,GSM989969,80.30607295036316,0.6939270496368408
GSE40279,4,GSM989971,66.62255549430847,5.622555494308472
GSE40279,4,GSM989972,62.648110151290894,12.648110151290894
GSE40279,4,GSM989973,67.09632563591003,1.9036743640899658
GSE40279,4,GSM989975,49.30942225456238,2.309422254562378
GSE40279,4,GSM989976,63.19732356071472,20.19732356071472
GSE40279,4,GSM989977,62.93674159049988,7.936741590499878
GSE40279,4,GSM989978,63.83121180534363,9.831211805343628
GSE40279,4,GSM989979,68.54266810417175,10.542668104171753
GSE40279,4,GSM989980,51.90937113761902,17.90937113761902
GSE40279,4,GSM989981,71.21931910514832,6.219319105148315
GSE40279,4,GSM989982,62.82818293571472,10.828182935714722
GSE40279,4,GSM989983,48.032700300216675,16.032700300216675
GSE40279,4,GSM989984,60.411701917648315,13.411701917648315
GSE40279,4,GSM989985,73.31712031364441,19.31712031364441
GSE40279,4,GSM989987,50.497936964035034,22.497936964035034
GSE40279,4,GSM989988,73.66834712028503,19.668347120285034
GSE40279,4,GSM989989,73.09817957878113,14.098179578781128
GSE40279,4,GSM989991,61.775646924972534,11.775646924972534
GSE40279,4,GSM989992,39.777424573898315,9.777424573898315
GSE40279,4,GSM989993,64.71365809440613,14.713658094406128
GSE40279,4,GSM989994,64.89201426506042,17.892014265060425
GSE40279,4,GSM989995,66.67443537712097,19.67443537712097
GSE40279,4,GSM989996,48.010552167892456,15.010552167892456
GSE40279,4,GSM989997,50.556469678878784,12.556469678878784
GSE40279,4,GSM989998,48.94059443473816,13.94059443473816
GSE40279,4,GSM990000,76.13924098014832,3.8607590198516846
GSE40279,4,GSM990001,89.1917769908905,3.191776990890503
GSE40279,4,GSM990002,75.61918330192566,4.619183301925659
GSE40279,4,GSM990003,72.4870879650116,4.512912034988403
GSE40279,4,GSM990004,76.127445936203,9.127445936203003
GSE40279,4,GSM990005,80.27303004264832,3.7269699573516846
GSE40279,4,GSM990006,80.15598750114441,0.15598750114440918
GSE40279,4,GSM990007,73.0408980846405,3.040898084640503
GSE40279,4,GSM990009,66.1446578502655,3.144657850265503
GSE40279,4,GSM990010,71.87826991081238,1.878269910812378
GSE40279,4,GSM990012,76.10447382926941,9.10447382926941
GSE40279,4,GSM990014,60.82091975212097,9.179080247879028
GSE40279,4,GSM990015,83.57024836540222,9.570248365402222
GSE40279,4,GSM990016,79.13354182243347,6.133541822433472
GSE40279,4,GSM990017,73.56390070915222,3.4360992908477783
GSE40279,4,GSM990018,92.93631434440613,12.936314344406128
GSE40279,4,GSM990019,80.08844447135925,14.088444471359253
GSE40279,4,GSM990021,86.3973662853241,10.397366285324097
GSE40279,4,GSM990022,74.96186518669128,3.038134813308716
GSE40279,4,GSM990023,84.85215449333191,2.852154493331909
GSE40279,4,GSM990024,81.53545832633972,5.535458326339722
GSE40279,4,GSM990025,71.65508723258972,0.6550872325897217
GSE40279,4,GSM990026,76.62606501579285,5.373934984207153
GSE40279,4,GSM990027,90.37559962272644,7.37559962272644
GSE40279,4,GSM990028,74.17510676383972,4.824893236160278
GSE40279,4,GSM990029,71.76141047477722,3.2385895252227783
GSE40279,4,GSM990031,63.85989832878113,0.14010167121887207
GSE40279,4,GSM990033,93.56102442741394,1.5610244274139404
GSE40279,4,GSM990034,82.81804347038269,8.81804347038269
GSE40279,4,GSM990035,74.200443983078,5.200443983078003
GSE40279,4,GSM990036,82.0042998790741,2.0042998790740967
GSE40279,4,GSM990039,87.85728144645691,6.857281446456909
GSE40279,4,GSM990041,76.21355891227722,7.213558912277222
GSE40279,4,GSM990042,76.95232844352722,3.9523284435272217
GSE40279,4,GSM990045,64.79755091667175,3.202449083328247
GSE40279,4,GSM990046,84.86346888542175,15.863468885421753
GSE40279,4,GSM990049,80.48339533805847,0.5166046619415283
GSE40279,4,GSM990050,64.63846278190613,6.361537218093872
GSE40279,4,GSM990051,71.9787871837616,0.9787871837615967
GSE40279,4,GSM990052,78.75556635856628,3.755566358566284
GSE40279,4,GSM990053,57.82327723503113,2.176722764968872
GSE40279,4,GSM990054,75.19838404655457,1.8016159534454346
GSE40279,4,GSM990055,81.01697993278503,3.983020067214966
GSE40279,4,GSM990056,71.5129668712616,1.5129668712615967
GSE40279,4,GSM990057,67.71037745475769,5.71037745475769
GSE40279,4,GSM990058,71.8728301525116,2.8728301525115967
GSE40279,4,GSM990059,71.69270014762878,1.3072998523712158
GSE40279,4,GSM990060,78.8042266368866,5.804226636886597
GSE40279,4,GSM990061,73.41588282585144,0.5841171741485596
GSE40279,4,GSM990062,73.45755457878113,0.45755457878112793
GSE40279,4,GSM990063,82.10230708122253,3.897692918777466
GSE40279,4,GSM990066,81.15917658805847,6.159176588058472
GSE40279,4,GSM990068,58.835060834884644,8.164939165115356
GSE40279,4,GSM990070,54.43368220329285,6.433682203292847
GSE40279,4,GSM990072,65.72186732292175,17.721867322921753
GSE40279,4,GSM990075,58.85028910636902,12.850289106369019
GSE40279,4,GSM990076,58.93543314933777,1.0645668506622314
GSE40279,4,GSM990077,54.980488538742065,14.980488538742065
GSE40279,4,GSM990079,53.430683851242065,12.430683851242065
GSE40279,4,GSM990080,53.54740595817566,0.5474059581756592
GSE40279,4,GSM990081,60.8324019908905,12.832401990890503
GSE40279,4,GSM990082,73.29880976676941,2.298809766769409
GSE40279,4,GSM990083,60.82929301261902,8.829293012619019
GSE40279,4,GSM990084,60.60369563102722,3.3963043689727783
GSE40279,4,GSM990085,52.68276286125183,4.682762861251831
GSE40279,4,GSM990086,54.286206007003784,0.7137939929962158
GSE40279,4,GSM990087,75.44953608512878,7.449536085128784
GSE40279,4,GSM990088,57.03755259513855,11.03755259513855
GSE40279,4,GSM990089,68.42096400260925,4.420964002609253
GSE40279,4,GSM990090,57.177876234054565,0.17787623405456543
GSE40279,4,GSM990091,52.06799006462097,7.067990064620972
GSE40279,4,GSM990094,76.06375575065613,16.063755750656128
GSE40279,4,GSM990095,58.32126307487488,7.321263074874878
GSE40279,4,GSM990096,39.467610120773315,33.532389879226685
GSE40279,4,GSM990097,55.877156019210815,17.877156019210815
GSE40279,4,GSM990099,73.62830805778503,9.628308057785034
GSE40279,4,GSM990100,64.95229029655457,6.952290296554565
GSE40279,4,GSM990101,49.75872874259949,6.758728742599487
GSE40279,4,GSM990102,42.87665247917175,4.876652479171753
GSE40279,4,GSM990103,57.44723963737488,3.447239637374878
GSE40279,4,GSM990104,74.60239100456238,4.602391004562378
GSE40279,4,GSM990106,68.62758326530457,6.627583265304565
GSE40279,4,GSM990107,52.474682569503784,1.4746825695037842
GSE40279,4,GSM990108,48.70626902580261,7.706269025802612
GSE40279,4,GSM990109,49.132527112960815,3.8674728870391846
GSE40279,4,GSM990110,60.74515986442566,4.254840135574341
GSE40279,4,GSM990111,55.10763239860535,5.107632398605347
GSE40279,4,GSM990112,60.86089777946472,5.860897779464722
GSE40279,4,GSM990113,62.55890727043152,0.5589072704315186
GSE40279,4,GSM990114,63.476757764816284,2.476757764816284
GSE40279,4,GSM990115,49.267414808273315,11.267414808273315
GSE40279,4,GSM990117,72.72320246696472,8.723202466964722
GSE40279,4,GSM990118,49.41819453239441,7.581805467605591
GSE40279,4,GSM990119,60.08529734611511,3.0852973461151123
GSE40279,4,GSM990120,52.23436427116394,3.2343642711639404
GSE40279,4,GSM990121,61.273930311203,2.726069688796997
GSE40279,4,GSM990122,50.9629065990448,15.0370934009552
GSE40279,4,GSM990268,53.46003794670105,1.4600379467010498
GSE40279,4,GSM990269,58.48383021354675,15.483830213546753
GSE40279,4,GSM990271,56.30082392692566,5.300823926925659
GSE40279,4,GSM990272,57.13092494010925,0.8690750598907471
GSE40279,4,GSM990273,56.65166163444519,6.34833836555481
GSE40279,4,GSM990274,54.33067011833191,0.6693298816680908
GSE40279,4,GSM990275,53.07285761833191,3.072857618331909
GSE40279,4,GSM990276,72.06001734733582,15.060017347335815
GSE40279,4,GSM990277,32.5146644115448,0.4853355884552002
GSE40279,4,GSM990278,57.089741468429565,11.089741468429565
GSE40279,4,GSM990279,49.85846400260925,3.858464002609253
GSE40279,4,GSM990281,56.955281019210815,1.9552810192108154
GSE40279,4,GSM990282,44.7637984752655,19.236201524734497
GSE40279,4,GSM990283,42.837544202804565,3.1624557971954346
GSE40279,4,GSM990284,60.20978236198425,5.790217638015747
GSE40279,4,GSM990285,46.208500623703,0.7914993762969971
GSE40279,4,GSM990286,45.10675883293152,12.893241167068481
GSE40279,4,GSM990287,60.33437418937683,0.665625810623169
GSE40279,4,GSM990288,40.500447034835815,7.499552965164185
GSE40279,4,GSM990289,42.61778712272644,2.3822128772735596
GSE40279,4,GSM990290,56.63287043571472,5.367129564285278
GSE40279,4,GSM990291,48.99811625480652,1.0018837451934814
GSE40279,4,GSM990292,34.83138728141785,0.8313872814178467
GSE40279,4,GSM990293,57.463661909103394,6.5363380908966064
GSE40279,4,GSM990294,48.761574506759644,6.2384254932403564
GSE40279,4,GSM990295,53.25345301628113,5.253453016281128
GSE40279,4,GSM990297,58.90712809562683,5.092871904373169
GSE40279,4,GSM990298,55.93035578727722,2.0696442127227783
GSE40279,4,GSM990299,37.64489436149597,0.6448943614959717
GSE40279,4,GSM990300,58.020954847335815,1.9790451526641846
GSE40279,4,GSM990301,57.42746043205261,5.572539567947388
GSE40279,4,GSM990302,51.81669306755066,7.183306932449341
GSE40279,4,GSM990303,48.78927302360535,5.210726976394653
GSE40279,4,GSM990304,55.05639719963074,4.943602800369263
GSE40279,4,GSM990305,50.60570979118347,0.3942902088165283
GSE40279,4,GSM990306,67.09321284294128,4.093212842941284
GSE40279,4,GSM990307,59.1207549571991,4.879245042800903
GSE40279,4,GSM990309,54.72595286369324,10.725952863693237
GSE40279,4,GSM990311,60.71309733390808,5.286902666091919
GSE40279,4,GSM990313,55.22623133659363,5.773768663406372
GSE40279,4,GSM990314,55.2201087474823,3.2201087474823
GSE40279,4,GSM990315,63.827500104904175,2.827500104904175
GSE40279,4,GSM990318,44.14621424674988,7.853785753250122
GSE40279,4,GSM990319,50.73732829093933,4.262671709060669
GSE40279,4,GSM990320,64.65395426750183,5.653954267501831
GSE40279,4,GSM990321,54.49418330192566,4.505816698074341
GSE40279,4,GSM990323,49.409802198410034,3.409802198410034
GSE40279,4,GSM990324,34.764546155929565,3.7645461559295654
GSE40279,4,GSM990325,60.244763135910034,5.244763135910034
GSE40279,4,GSM990326,45.54588770866394,7.45411229133606
GSE40279,4,GSM990327,47.876660108566284,5.876660108566284
GSE40279,4,GSM990329,49.522114515304565,0.47788548469543457
GSE40279,4,GSM990330,49.96116328239441,2.038836717605591
GSE40279,4,GSM990331,42.2989661693573,2.7010338306427
GSE40279,4,GSM990332,54.29834055900574,10.701659440994263
GSE40279,4,GSM990333,45.69931483268738,13.300685167312622
GSE40279,4,GSM990334,60.20154643058777,2.2015464305877686
GSE40279,4,GSM990335,63.787800550460815,0.21219944953918457
GSE40279,4,GSM990336,51.28271555900574,9.717284440994263
GSE40279,4,GSM990337,55.61826014518738,11.381739854812622
GSE40279,4,GSM990338,59.789528608322144,0.7895286083221436
GSE40279,4,GSM990339,50.689770460128784,7.310229539871216
GSE40279,4,GSM990340,46.76743769645691,7.232562303543091
GSE40279,4,GSM990341,55.93396067619324,1.0660393238067627
GSE40279,4,GSM990342,57.057263135910034,2.942736864089966
GSE40279,4,GSM990343,46.68230128288269,3.3176987171173096
GSE40279,4,GSM990346,45.40331721305847,1.4033172130584717
GSE40279,4,GSM990347,58.66656184196472,3.3334381580352783
GSE40279,4,GSM990348,70.30638575553894,5.69361424446106
GSE40279,4,GSM990350,47.50881266593933,1.508812665939331
GSE40279,4,GSM990352,55.2573516368866,3.7426483631134033
GSE40279,4,GSM990353,52.47740626335144,0.47740626335144043
GSE40279,4,GSM990354,39.04436182975769,10.95563817024231
GSE40279,4,GSM990355,40.440685987472534,4.559314012527466
GSE40279,4,GSM990356,48.58437418937683,3.415625810623169
GSE40279,4,GSM990357,48.43510127067566,5.564898729324341
GSE40279,4,GSM990358,65.14149928092957,3.1414992809295654
GSE40279,4,GSM990360,55.913586378097534,7.086413621902466
GSE40279,4,GSM990363,61.36198115348816,3.638018846511841
GSE40279,4,GSM990364,57.09679865837097,6.903201341629028
GSE40279,4,GSM990365,52.26421809196472,4.735781908035278
GSE40279,4,GSM990366,61.061718702316284,1.9382812976837158
GSE40279,4,GSM990369,43.4030921459198,5.4030921459198
GSE40279,4,GSM990371,55.90161204338074,3.0983879566192627
GSE40279,4,GSM990372,58.369133710861206,0.36913371086120605
GSE40279,4,GSM990373,42.77835536003113,1.778355360031128
GSE40279,4,GSM990375,29.799389600753784,3.799389600753784
GSE40279,4,GSM990376,55.918434858322144,5.0815651416778564
GSE40279,4,GSM990377,63.522297620773315,7.522297620773315
GSE40279,4,GSM990378,54.104260206222534,11.895739793777466
GSE40279,4,GSM990379,57.979321241378784,4.020678758621216
GSE40279,4,GSM990381,53.613285779953,1.386714220046997
GSE40279,4,GSM990382,51.95280909538269,9.04719090461731
GSE40279,4,GSM990383,62.415993452072144,4.4159934520721436
GSE40279,4,GSM990385,54.2325599193573,8.7674400806427
GSE40279,4,GSM990386,59.16353678703308,0.16353678703308105
GSE40279,4,GSM990387,57.8424117565155,3.157588243484497
GSE40279,4,GSM990388,60.91573405265808,5.084265947341919
GSE40279,4,GSM990389,57.910744428634644,7.0892555713653564
GSE40279,4,GSM990390,56.25802302360535,1.7419769763946533
GSE40279,4,GSM990391,44.831345319747925,1.8313453197479248
GSE40279,4,GSM990392,50.81856608390808,4.181433916091919
GSE40279,4,GSM990394,53.751930952072144,3.7519309520721436
GSE40279,4,GSM990395,43.44842982292175,2.551570177078247
GSE40279,4,GSM990396,56.08663630485535,2.0866363048553467
GSE40279,4,GSM990397,79.6844527721405,0.31554722785949707
GSE40279,4,GSM990398,72.43438410758972,10.565615892410278
GSE40279,4,GSM990399,76.88483119010925,0.11516880989074707
GSE40279,4,GSM990400,75.06281733512878,0.9371826648712158
GSE40279,4,GSM990403,65.547123670578,16.452876329421997
GSE40279,4,GSM990404,44.65581965446472,13.344180345535278
GSE40279,4,GSM990405,64.9453513622284,1.0546486377716064
GSE40279,4,GSM990406,61.07772898674011,23.922271013259888
GSE40279,4,GSM990407,67.996098279953,1.996098279953003
GSE40279,4,GSM990408,66.8465850353241,2.1534149646759033
GSE40279,4,GSM990409,68.7451446056366,15.254855394363403
GSE40279,4,GSM990410,78.11042475700378,0.8895752429962158
GSE40279,4,GSM990411,62.414875745773315,1.5851242542266846
GSE40279,4,GSM990412,65.88472437858582,12.115275621414185
GSE40279,4,GSM990413,54.69460368156433,1.694603681564331
GSE40279,4,GSM990414,59.30548548698425,0.30548548698425293
GSE40279,4,GSM990416,67.13152766227722,6.131527662277222
GSE40279,4,GSM990418,61.91537928581238,7.084620714187622
GSE40279,4,GSM990419,65.15914607048035,5.159146070480347
GSE40279,4,GSM990420,58.728386640548706,6.271613359451294
GSE40279,4,GSM990421,82.99230647087097,6.007693529129028
GSE40279,4,GSM990422,50.14774012565613,23.852259874343872
GSE40279,4,GSM990423,68.1245391368866,12.875460863113403
GSE40279,4,GSM990424,75.47065424919128,7.470654249191284
GSE40279,4,GSM990425,64.92523646354675,3.074763536453247
GSE40279,4,GSM990426,64.32093501091003,0.6790649890899658
GSE40279,4,GSM990427,81.20010828971863,8.799891710281372
GSE40279,4,GSM990429,77.35805201530457,1.6419479846954346
GSE40279,4,GSM990430,64.53766322135925,7.537663221359253
GSE40279,4,GSM990431,59.70312190055847,16.29687809944153
GSE40279,4,GSM990432,78.61439204216003,0.3856079578399658
GSE40279,4,GSM990433,43.053059339523315,5.946940660476685
GSE40279,4,GSM990434,81.65208125114441,10.34791874885559
GSE40279,4,GSM990435,63.267590284347534,2.732409715652466
GSE40279,4,GSM990436,60.813347578048706,1.813347578048706
GSE40279,4,GSM990437,61.053505659103394,14.946494340896606
GSE40279,4,GSM990438,61.403584241867065,5.403584241867065
GSE40279,4,GSM990439,55.21469569206238,3.214695692062378
GSE40279,4,GSM990440,61.45586848258972,3.5441315174102783
GSE40279,4,GSM990441,70.37352442741394,2.6264755725860596
GSE40279,4,GSM990442,76.54500269889832,11.545002698898315
GSE40279,4,GSM990443,84.10264277458191,0.10264277458190918
GSE40279,4,GSM990445,78.06281733512878,0.06281733512878418
GSE40279,4,GSM990446,59.52879023551941,6.528790235519409
GSE40279,4,GSM990447,80.20305323600769,12.20305323600769
GSE40279,4,GSM990448,50.31794047355652,1.6820595264434814
GSE40279,4,GSM990449,63.132328748703,8.867671251296997
GSE40279,4,GSM990450,60.11935496330261,12.119354963302612
GSE40279,4,GSM990451,56.38470911979675,3.615290880203247
GSE40279,4,GSM990452,90.12691950798035,29.126919507980347
GSE40279,4,GSM990453,65.91259455680847,3.0874054431915283
GSE40279,4,GSM990454,73.13814997673035,7.861850023269653
GSE40279,4,GSM990455,73.99593806266785,17.995938062667847
GSE40279,4,GSM990456,79.42637324333191,0.4263732433319092
GSE40279,4,GSM990457,76.72662043571472,5.273379564285278
GSE40279,4,GSM990458,57.8468291759491,0.15317082405090332
GSE40279,4,GSM990459,61.58733057975769,13.41266942024231
GSE40279,4,GSM990462,86.70965266227722,16.70965266227722
GSE40279,4,GSM990463,69.8103301525116,7.189669847488403
GSE40279,4,GSM990464,55.68078303337097,0.3192169666290283
GSE40279,4,GSM990465,61.70910334587097,5.290896654129028
GSE40279,4,GSM990466,77.97108149528503,1.9710814952850342
GSE40279,4,GSM990467,85.65862727165222,3.3413727283477783
GSE40279,4,GSM990468,53.36889338493347,15.631106615066528
GSE40279,4,GSM990470,71.68500208854675,8.314997911453247
GSE40279,4,GSM990471,78.96238398551941,2.962383985519409
GSE40279,4,GSM990473,54.703755140304565,6.296244859695435
GSE40279,4,GSM990474,48.14172053337097,3.8582794666290283
GSE40279,4,GSM990475,66.48231959342957,2.5176804065704346
GSE40279,4,GSM990477,65.14813685417175,3.851863145828247
GSE40279,4,GSM990478,54.985222578048706,10.014777421951294
GSE40279,4,GSM990479,44.96224665641785,0.03775334358215332
GSE40279,4,GSM990481,64.4158980846405,11.584101915359497
GSE40279,4,GSM990482,70.32785487174988,5.672145128250122
GSE40279,4,GSM990484,66.86008906364441,4.139910936355591
GSE40279,4,GSM990485,42.368977308273315,9.631022691726685
GSE40279,4,GSM990486,86.16627192497253,2.166271924972534
GSE40279,4,GSM990487,56.73568034172058,0.26431965827941895
GSE40279,4,GSM990488,67.492924451828,0.5070755481719971
GSE40279,4,GSM990489,71.7848174571991,2.2151825428009033
GSE40279,4,GSM990490,37.79366374015808,4.793663740158081
GSE40279,4,GSM990492,65.3907516002655,7.609248399734497
GSE40279,4,GSM990494,52.86967921257019,19.13032078742981
GSE40279,4,GSM990495,73.66094660758972,4.339053392410278
GSE40279,4,GSM990496,55.53469157218933,12.465308427810669
GSE40279,4,GSM990497,55.01654887199402,3.0165488719940186
GSE40279,4,GSM990498,53.308579206466675,10.691420793533325
GSE40279,4,GSM990499,39.11341166496277,12.113411664962769
GSE40279,4,GSM990500,42.22915720939636,13.229157209396362
GSE40279,4,GSM990501,54.85595393180847,10.855953931808472
GSE40279,4,GSM990502,45.10698390007019,4.10698390007019
GSE40279,4,GSM990503,50.88793635368347,5.887936353683472
GSE40279,4,GSM990504,32.461939573287964,5.461939573287964
GSE40279,4,GSM990505,57.1914336681366,9.191433668136597
GSE40279,4,GSM990506,59.169506788253784,3.169506788253784
GSE40279,4,GSM990507,46.31647181510925,12.316471815109253
GSE40279,4,GSM990508,55.84898066520691,13.15101933479309
GSE40279,4,GSM990509,40.80279231071472,15.197207689285278
GSE40279,4,GSM990510,40.99857783317566,6.001422166824341
GSE40279,4,GSM990512,57.345837354660034,2.654162645339966
GSE40279,4,GSM990514,59.294384717941284,0.7056152820587158
GSE40279,4,GSM990516,50.73888850212097,4.261111497879028
GSE40279,4,GSM990517,36.67174220085144,4.67174220085144
GSE40279,4,GSM990518,25.605276823043823,2.6052768230438232
GSE40279,4,GSM990519,36.62913203239441,6.370867967605591
GSE40279,4,GSM990520,36.681889295578,10.318110704421997
GSE40279,4,GSM990521,45.32977747917175,1.329777479171753
GSE40279,4,GSM990522,40.99701380729675,3.997013807296753
GSE40279,4,GSM990523,30.946316480636597,3.9463164806365967
GSE40279,4,GSM990525,36.78946375846863,8.789463758468628
GSE40279,4,GSM990526,60.98919367790222,9.989193677902222
GSE40279,4,GSM990528,32.5051429271698,13.5051429271698
GSE40279,4,GSM990529,54.7883574962616,10.788357496261597
GSE40279,4,GSM990530,67.11998438835144,18.11998438835144
GSE40279,4,GSM990532,49.95108485221863,5.951084852218628
GSE40279,4,GSM990533,66.25878596305847,4.258785963058472
GSE40279,4,GSM990534,43.881596326828,13.881596326828003
GSE40279,4,GSM990536,36.48307490348816,0.4830749034881592
GSE40279,4,GSM990537,35.58674693107605,10.58674693107605
GSE40279,4,GSM990538,47.44274592399597,11.442745923995972
GSE40279,4,GSM990539,31.14323115348816,10.14323115348816
GSE40279,4,GSM990540,53.70420527458191,13.70420527458191
GSE40279,4,GSM990541,38.02116084098816,16.02116084098816
GSE40279,4,GSM990542,42.961186170578,6.961186170578003
GSE40279,4,GSM990543,68.48188471794128,10.481884717941284
GSE40279,4,GSM990544,84.45767664909363,1.457676649093628
GSE40279,4,GSM990548,74.86779475212097,8.867794752120972
GSE40279,4,GSM990550,67.13277888298035,14.867221117019653
GSE40279,4,GSM990551,78.01512598991394,5.01512598991394
GSE40279,4,GSM990552,77.28059077262878,0.2805907726287842
GSE40279,4,GSM990553,83.78826594352722,3.7882659435272217
GSE40279,4,GSM990554,65.8867461681366,13.113253831863403
GSE40279,4,GSM990555,74.80582880973816,1.8058288097381592
GSE40279,4,GSM990557,76.03918147087097,8.960818529129028
GSE40279,4,GSM990558,97.88182520866394,6.88182520866394
GSE40279,4,GSM990559,85.27342677116394,0.27342677116394043
GSE40279,4,GSM990560,82.02573847770691,3.974261522293091
GSE40279,4,GSM990561,83.95674586296082,9.956745862960815
GSE40279,4,GSM990563,87.12554621696472,0.12554621696472168
GSE40279,4,GSM990564,77.60270380973816,1.6027038097381592
GSE40279,4,GSM990565,74.78081965446472,6.219180345535278
GSE40279,4,GSM990566,64.14788508415222,5.147885084152222
GSE40279,4,GSM990567,75.0349395275116,2.0349395275115967
GSE40279,4,GSM990569,84.54504084587097,0.4549591541290283
GSE40279,4,GSM990570,69.95248866081238,0.9524886608123779
GSE40279,4,GSM990571,69.50599360466003,15.494006395339966
GSE40279,4,GSM990572,85.58239436149597,0.5823943614959717
GSE40279,4,GSM990573,86.88993525505066,2.889935255050659
GSE40279,4,GSM990574,75.3568389415741,7.643161058425903
GSE40279,4,GSM990575,81.76530909538269,14.76530909538269
GSE40279,4,GSM990578,93.42548823356628,6.425488233566284
GSE40279,4,GSM990579,78.89460444450378,5.105395555496216
GSE40279,4,GSM990580,81.26072382926941,0.7392761707305908
GSE40279,4,GSM990581,87.79903864860535,5.200961351394653
GSE40279,4,GSM990583,85.24848628044128,5.248486280441284
GSE40279,4,GSM990584,81.62800288200378,6.371997117996216
GSE40279,4,GSM990585,71.82359004020691,0.17640995979309082
GSE40279,4,GSM990587,53.50827479362488,2.491725206375122
GSE40279,4,GSM990588,91.31322932243347,0.6867706775665283
GSE40279,4,GSM990589,79.70878291130066,1.7087829113006592
GSE40279,4,GSM990590,75.06918787956238,4.069187879562378
GSE40279,4,GSM990591,66.91174006462097,22.08825993537903
GSE40279,4,GSM990592,49.0423629283905,4.957637071609497
GSE40279,4,GSM990593,67.17547297477722,1.1754729747772217
GSE40279,4,GSM990594,81.09669947624207,6.096699476242065
GSE40279,4,GSM990595,82.30112147331238,7.698878526687622
GSE40279,4,GSM990596,64.35109782218933,1.648902177810669
GSE40279,4,GSM990597,89.29746699333191,12.29746699333191
GSE40279,4,GSM990598,82.56235957145691,0.5623595714569092
GSE40279,4,GSM990599,76.67762446403503,11.677624464035034
GSE40279,4,GSM990600,67.21568751335144,9.21568751335144
GSE40279,4,GSM990603,77.26659846305847,3.2665984630584717
GSE40279,4,GSM990604,73.9869430065155,4.986943006515503
GSE40279,4,GSM990605,85.01927638053894,2.0192763805389404
GSE40279,4,GSM990606,86.89811396598816,3.898113965988159
GSE40279,4,GSM990607,90.83843684196472,20.83843684196472
GSE40279,4,GSM990608,80.4237334728241,16.423733472824097
GSE40279,4,GSM990609,76.70713496208191,26.70713496208191
GSE40279,4,GSM990610,100.34772181510925,26.347721815109253
GSE40279,4,GSM990611,70.7037627696991,1.7037627696990967
GSE40279,4,GSM990612,96.38085627555847,10.380856275558472
GSE40279,4,GSM990613,65.74549555778503,0.2545044422149658
GSE40279,4,GSM990614,82.99706721305847,12.997067213058472
GSE40279,4,GSM990615,101.13931727409363,12.139317274093628
GSE40279,4,GSM990617,76.79488825798035,7.794888257980347
GSE40279,4,GSM990618,71.35858607292175,7.358586072921753
GSE40279,4,GSM990619,78.94434809684753,0.05565190315246582
GSE40279,4,GSM990620,85.78855586051941,6.211444139480591
GSE40279,4,GSM990621,80.69372248649597,10.693722486495972
GSE40279,4,GSM990622,84.87187647819519,7.87187647819519
GSE40279,4,GSM990623,86.00640559196472,8.006405591964722
GSE40279,4,GSM990624,79.73556208610535,8.735562086105347
GSE40279,4,GSM990625,80.98937678337097,12.989376783370972
GSE40279,4,GSM990626,67.1808135509491,6.180813550949097
GSE40279,4,GSM990627,76.77726435661316,3.777264356613159
GSE40279,5,GSM989827,65.68687200546265,1.3131279945373535
GSE40279,5,GSM989828,93.36627721786499,4.36627721786499
GSE40279,5,GSM989829,74.88426733016968,8.884267330169678
GSE40279,5,GSM989831,69.24548101425171,7.245481014251709
GSE40279,5,GSM989832,75.93253087997437,11.067469120025635
GSE40279,5,GSM989833,68.66631078720093,4.333689212799072
GSE40279,5,GSM989834,79.47833776473999,4.47833776473999
GSE40279,5,GSM989836,105.81905889511108,22.819058895111084
GSE40279,5,GSM989838,57.65636968612671,9.656369686126709
GSE40279,5,GSM989839,80.42270421981812,3.4227042198181152
GSE40279,5,GSM989840,60.91013860702515,6.9101386070251465
GSE40279,5,GSM989843,83.87967443466187,15.879674434661865
GSE40279,5,GSM989846,74.8378119468689,14.837811946868896
GSE40279,5,GSM989847,89.6190619468689,10.619061946868896
GSE40279,5,GSM989848,82.52969884872437,14.529698848724365
GSE40279,5,GSM989850,89.41071081161499,5.41071081161499
GSE40279,5,GSM989852,76.12525701522827,2.1252570152282715
GSE40279,5,GSM989854,79.62722539901733,23.627225399017334
GSE40279,5,GSM989855,82.97280645370483,10.972806453704834
GSE40279,5,GSM989856,83.10968542098999,8.10968542098999
GSE40279,5,GSM989857,91.38894414901733,12.388944149017334
GSE40279,5,GSM989859,81.72678899765015,0.2732110023498535
GSE40279,5,GSM989861,96.96168279647827,17.96168279647827
GSE40279,5,GSM989862,66.43026494979858,12.430264949798584
GSE40279,5,GSM989865,78.62620306015015,5.3737969398498535
GSE40279,5,GSM989868,84.55329656600952,10.553296566009521
GSE40279,5,GSM989869,66.31332159042358,10.686678409576416
GSE40279,5,GSM989871,86.51861333847046,0.481386661529541
GSE40279,5,GSM989873,85.17601537704468,2.8239846229553223
GSE40279,5,GSM989874,71.7086386680603,5.708638668060303
GSE40279,5,GSM989875,77.42234563827515,0.5776543617248535
GSE40279,5,GSM989876,74.25494909286499,21.25494909286499
GSE40279,5,GSM989877,79.97696447372437,3.9769644737243652
GSE40279,5,GSM989880,69.1634955406189,15.163495540618896
GSE40279,5,GSM989881,79.83810186386108,6.838101863861084
GSE40279,5,GSM989882,79.04788732528687,16.952112674713135
GSE40279,5,GSM989883,70.42574071884155,13.425740718841553
GSE40279,5,GSM989884,71.51099920272827,4.4890007972717285
GSE40279,5,GSM989885,56.709439754486084,9.709439754486084
GSE40279,5,GSM989886,63.238229274749756,9.238229274749756
GSE40279,5,GSM989887,72.15200567245483,0.847994327545166
GSE40279,5,GSM989888,80.69216680526733,3.307833194732666
GSE40279,5,GSM989889,80.15144872665405,18.151448726654053
GSE40279,5,GSM989890,87.64268255233765,1.3573174476623535
GSE40279,5,GSM989891,74.86375188827515,6.8637518882751465
GSE40279,5,GSM989892,73.49630498886108,11.496304988861084
GSE40279,5,GSM989893,83.57522344589233,4.575223445892334
GSE40279,5,GSM989894,73.91918706893921,1.919187068939209
GSE40279,5,GSM989895,71.15881109237671,2.158811092376709
GSE40279,5,GSM989896,57.82362127304077,2.8236212730407715
GSE40279,5,GSM989898,82.75047063827515,3.7504706382751465
GSE40279,5,GSM989899,78.60236120223999,6.60236120223999
GSE40279,5,GSM989900,88.42617559432983,0.573824405670166
GSE40279,5,GSM989902,76.7113242149353,8.288675785064697
GSE40279,5,GSM989903,78.41669988632202,10.416699886322021
GSE40279,5,GSM989904,98.34760808944702,9.347608089447021
GSE40279,5,GSM989905,86.77973699569702,13.779736995697021
GSE40279,5,GSM989906,70.00523138046265,7.0052313804626465
GSE40279,5,GSM989907,75.99169683456421,2.008303165435791
GSE40279,5,GSM989911,94.75223302841187,9.752233028411865
GSE40279,5,GSM989914,80.13013219833374,6.13013219833374
GSE40279,5,GSM989915,88.52499914169312,4.524999141693115
GSE40279,5,GSM989917,65.31387090682983,16.313870906829834
GSE40279,5,GSM989918,85.22651433944702,16.22651433944702
GSE40279,5,GSM989919,83.14458990097046,20.14458990097046
GSE40279,5,GSM989920,77.74570989608765,11.745709896087646
GSE40279,5,GSM989921,88.86995458602905,3.8699545860290527
GSE40279,5,GSM989924,70.83323431015015,11.833234310150146
GSE40279,5,GSM989925,74.97276830673218,4.972768306732178
GSE40279,5,GSM989926,78.65036535263062,13.650365352630615
GSE40279,5,GSM989927,81.6715292930603,13.671529293060303
GSE40279,5,GSM989928,90.69265508651733,6.692655086517334
GSE40279,5,GSM989930,62.51082754135132,11.510827541351318
GSE40279,5,GSM989931,74.10859441757202,11.108594417572021
GSE40279,5,GSM989932,78.1664023399353,9.166402339935303
GSE40279,5,GSM989934,72.28233861923218,5.717661380767822
GSE40279,5,GSM989935,58.446080684661865,6.446080684661865
GSE40279,5,GSM989936,60.9824652671814,11.982465267181396
GSE40279,5,GSM989937,71.80642461776733,18.806424617767334
GSE40279,5,GSM989938,71.27998113632202,12.279981136322021
GSE40279,5,GSM989939,75.05218267440796,13.052182674407959
GSE40279,5,GSM989941,82.8195013999939,14.819501399993896
GSE40279,5,GSM989942,80.04310369491577,6.0431036949157715
GSE40279,5,GSM989943,65.89800024032593,6.898000240325928
GSE40279,5,GSM989944,83.55337285995483,7.553372859954834
GSE40279,5,GSM989945,69.4202094078064,15.420209407806396
GSE40279,5,GSM989946,75.43355321884155,16.433553218841553
GSE40279,5,GSM989947,71.26499700546265,23.264997005462646
GSE40279,5,GSM989948,62.16123723983765,17.161237239837646
GSE40279,5,GSM989950,74.22794103622437,11.227941036224365
GSE40279,5,GSM989951,82.01587438583374,2.0158743858337402
GSE40279,5,GSM989952,70.87588262557983,10.875882625579834
GSE40279,5,GSM989953,84.37093877792358,13.370938777923584
GSE40279,5,GSM989954,77.46519231796265,10.465192317962646
GSE40279,5,GSM989955,70.74640417098999,20.74640417098999
GSE40279,5,GSM989956,85.39239263534546,0.607607364654541
GSE40279,5,GSM989957,77.57172918319702,7.5717291831970215
GSE40279,5,GSM989958,64.75487279891968,10.754872798919678
GSE40279,5,GSM989961,64.19602346420288,6.196023464202881
GSE40279,5,GSM989962,68.54783391952515,10.547833919525146
GSE40279,5,GSM989963,70.69013738632202,6.6901373863220215
GSE40279,5,GSM989964,80.60412359237671,7.604123592376709
GSE40279,5,GSM989965,56.844754695892334,7.844754695892334
GSE40279,5,GSM989966,59.30606985092163,3.306069850921631
GSE40279,5,GSM989968,57.72484350204468,9.724843502044678
GSE40279,5,GSM989969,81.44073247909546,0.440732479095459
GSE40279,5,GSM989971,67.75721502304077,6.7572150230407715
GSE40279,5,GSM989972,63.78276968002319,13.782769680023193
GSE40279,5,GSM989973,68.23098516464233,0.769014835357666
GSE40279,5,GSM989975,50.44408178329468,3.4440817832946777
GSE40279,5,GSM989976,64.33198308944702,21.33198308944702
GSE40279,5,GSM989977,64.07140111923218,9.071401119232178
GSE40279,5,GSM989978,64.96587133407593,10.965871334075928
GSE40279,5,GSM989979,69.67732763290405,11.677327632904053
GSE40279,5,GSM989980,53.04403066635132,19.04403066635132
GSE40279,5,GSM989981,72.35397863388062,7.353978633880615
GSE40279,5,GSM989982,63.96284246444702,11.962842464447021
GSE40279,5,GSM989983,49.167359828948975,17.167359828948975
GSE40279,5,GSM989984,61.546361446380615,14.546361446380615
GSE40279,5,GSM989985,74.45177984237671,20.45177984237671
GSE40279,5,GSM989987,51.632596492767334,23.632596492767334
GSE40279,5,GSM989988,74.80300664901733,20.803006649017334
GSE40279,5,GSM989989,74.23283910751343,15.232839107513428
GSE40279,5,GSM989991,62.910306453704834,12.910306453704834
GSE40279,5,GSM989992,40.912084102630615,10.912084102630615
GSE40279,5,GSM989993,65.84831762313843,15.848317623138428
GSE40279,5,GSM989994,66.02667379379272,19.026673793792725
GSE40279,5,GSM989995,67.80909490585327,20.80909490585327
GSE40279,5,GSM989996,49.145211696624756,16.145211696624756
GSE40279,5,GSM989997,51.691129207611084,13.691129207611084
GSE40279,5,GSM989998,50.07525396347046,15.075253963470459
GSE40279,5,GSM990000,77.27390050888062,2.7260994911193848
GSE40279,5,GSM990001,90.3264365196228,4.326436519622803
GSE40279,5,GSM990002,76.75384283065796,5.753842830657959
GSE40279,5,GSM990003,73.6217474937439,3.3782525062561035
GSE40279,5,GSM990004,77.2621054649353,10.262105464935303
GSE40279,5,GSM990005,81.40768957138062,2.5923104286193848
GSE40279,5,GSM990006,81.29064702987671,1.290647029876709
GSE40279,5,GSM990007,74.1755576133728,4.175557613372803
GSE40279,5,GSM990009,67.2793173789978,4.279317378997803
GSE40279,5,GSM990010,73.01292943954468,3.0129294395446777
GSE40279,5,GSM990012,77.23913335800171,10.239133358001709
GSE40279,5,GSM990014,61.95557928085327,8.044420719146729
GSE40279,5,GSM990015,84.70490789413452,10.704907894134521
GSE40279,5,GSM990016,80.26820135116577,7.2682013511657715
GSE40279,5,GSM990017,74.69856023788452,2.3014397621154785
GSE40279,5,GSM990018,94.07097387313843,14.070973873138428
GSE40279,5,GSM990019,81.22310400009155,15.223104000091553
GSE40279,5,GSM990021,87.5320258140564,11.532025814056396
GSE40279,5,GSM990022,76.09652471542358,1.903475284576416
GSE40279,5,GSM990023,85.98681402206421,3.986814022064209
GSE40279,5,GSM990024,82.67011785507202,6.6701178550720215
GSE40279,5,GSM990025,72.78974676132202,1.7897467613220215
GSE40279,5,GSM990026,77.76072454452515,4.2392754554748535
GSE40279,5,GSM990027,91.51025915145874,8.51025915145874
GSE40279,5,GSM990028,75.30976629257202,3.6902337074279785
GSE40279,5,GSM990029,72.89607000350952,2.1039299964904785
GSE40279,5,GSM990031,64.99455785751343,0.9945578575134277
GSE40279,5,GSM990033,94.69568395614624,2.6956839561462402
GSE40279,5,GSM990034,83.95270299911499,9.95270299911499
GSE40279,5,GSM990035,75.3351035118103,6.335103511810303
GSE40279,5,GSM990036,83.1389594078064,3.1389594078063965
GSE40279,5,GSM990039,88.99194097518921,7.991940975189209
GSE40279,5,GSM990041,77.34821844100952,8.348218441009521
GSE40279,5,GSM990042,78.08698797225952,5.0869879722595215
GSE40279,5,GSM990045,65.93221044540405,2.0677895545959473
GSE40279,5,GSM990046,85.99812841415405,16.998128414154053
GSE40279,5,GSM990049,81.61805486679077,0.6180548667907715
GSE40279,5,GSM990050,65.77312231063843,5.226877689361572
GSE40279,5,GSM990051,73.1134467124939,2.1134467124938965
GSE40279,5,GSM990052,79.89022588729858,4.890225887298584
GSE40279,5,GSM990053,58.95793676376343,1.0420632362365723
GSE40279,5,GSM990054,76.33304357528687,0.6669564247131348
GSE40279,5,GSM990055,82.15163946151733,2.848360538482666
GSE40279,5,GSM990056,72.6476263999939,2.6476263999938965
GSE40279,5,GSM990057,68.84503698348999,6.84503698348999
GSE40279,5,GSM990058,73.0074896812439,4.0074896812438965
GSE40279,5,GSM990059,72.82735967636108,0.17264032363891602
GSE40279,5,GSM990060,79.9388861656189,6.9388861656188965
GSE40279,5,GSM990061,74.55054235458374,0.5505423545837402
GSE40279,5,GSM990062,74.59221410751343,1.5922141075134277
GSE40279,5,GSM990063,83.23696660995483,2.763033390045166
GSE40279,5,GSM990066,82.29383611679077,7.2938361167907715
GSE40279,5,GSM990068,59.96972036361694,7.030279636383057
GSE40279,5,GSM990070,55.56834173202515,7.5683417320251465
GSE40279,5,GSM990072,66.85652685165405,18.856526851654053
GSE40279,5,GSM990075,59.98494863510132,13.984948635101318
GSE40279,5,GSM990076,60.07009267807007,0.07009267807006836
GSE40279,5,GSM990077,56.115148067474365,16.115148067474365
GSE40279,5,GSM990079,54.565343379974365,13.565343379974365
GSE40279,5,GSM990080,54.68206548690796,1.682065486907959
GSE40279,5,GSM990081,61.9670615196228,13.967061519622803
GSE40279,5,GSM990082,74.43346929550171,3.433469295501709
GSE40279,5,GSM990083,61.96395254135132,9.963952541351318
GSE40279,5,GSM990084,61.73835515975952,2.2616448402404785
GSE40279,5,GSM990085,53.81742238998413,5.817422389984131
GSE40279,5,GSM990086,55.420865535736084,0.420865535736084
GSE40279,5,GSM990087,76.58419561386108,8.584195613861084
GSE40279,5,GSM990088,58.17221212387085,12.17221212387085
GSE40279,5,GSM990089,69.55562353134155,5.555623531341553
GSE40279,5,GSM990090,58.312535762786865,1.3125357627868652
GSE40279,5,GSM990091,53.20264959335327,8.202649593353271
GSE40279,5,GSM990094,77.19841527938843,17.198415279388428
GSE40279,5,GSM990095,59.45592260360718,8.455922603607178
GSE40279,5,GSM990096,40.602269649505615,32.397730350494385
GSE40279,5,GSM990097,57.011815547943115,19.011815547943115
GSE40279,5,GSM990099,74.76296758651733,10.762967586517334
GSE40279,5,GSM990100,66.08694982528687,8.086949825286865
GSE40279,5,GSM990101,50.89338827133179,7.893388271331787
GSE40279,5,GSM990102,44.01131200790405,6.011312007904053
GSE40279,5,GSM990103,58.58189916610718,4.581899166107178
GSE40279,5,GSM990104,75.73705053329468,5.737050533294678
GSE40279,5,GSM990106,69.76224279403687,7.762242794036865
GSE40279,5,GSM990107,53.609342098236084,2.609342098236084
GSE40279,5,GSM990108,49.84092855453491,8.840928554534912
GSE40279,5,GSM990109,50.267186641693115,2.7328133583068848
GSE40279,5,GSM990110,61.87981939315796,3.120180606842041
GSE40279,5,GSM990111,56.24229192733765,6.2422919273376465
GSE40279,5,GSM990112,61.99555730819702,6.9955573081970215
GSE40279,5,GSM990113,63.69356679916382,1.6935667991638184
GSE40279,5,GSM990114,64.61141729354858,3.611417293548584
GSE40279,5,GSM990115,50.402074337005615,12.402074337005615
GSE40279,5,GSM990117,73.85786199569702,9.857861995697021
GSE40279,5,GSM990118,50.55285406112671,6.447145938873291
GSE40279,5,GSM990119,61.21995687484741,4.219956874847412
GSE40279,5,GSM990120,53.36902379989624,4.36902379989624
GSE40279,5,GSM990121,62.4085898399353,1.5914101600646973
GSE40279,5,GSM990122,52.0975661277771,13.9024338722229
GSE40279,5,GSM990268,54.59469747543335,2.5946974754333496
GSE40279,5,GSM990269,59.61848974227905,16.618489742279053
GSE40279,5,GSM990271,57.43548345565796,6.435483455657959
GSE40279,5,GSM990272,58.26558446884155,0.26558446884155273
GSE40279,5,GSM990273,57.78632116317749,5.21367883682251
GSE40279,5,GSM990274,55.46532964706421,0.465329647064209
GSE40279,5,GSM990275,54.20751714706421,4.207517147064209
GSE40279,5,GSM990276,73.19467687606812,16.194676876068115
GSE40279,5,GSM990277,33.6493239402771,0.6493239402770996
GSE40279,5,GSM990278,58.224400997161865,12.224400997161865
GSE40279,5,GSM990279,50.99312353134155,4.993123531341553
GSE40279,5,GSM990281,58.089940547943115,3.0899405479431152
GSE40279,5,GSM990282,45.8984580039978,18.101541996002197
GSE40279,5,GSM990283,43.972203731536865,2.0277962684631348
GSE40279,5,GSM990284,61.34444189071655,4.655558109283447
GSE40279,5,GSM990285,47.3431601524353,0.34316015243530273
GSE40279,5,GSM990286,46.24141836166382,11.758581638336182
GSE40279,5,GSM990287,61.46903371810913,0.46903371810913086
GSE40279,5,GSM990288,41.635106563568115,6.364893436431885
GSE40279,5,GSM990289,43.75244665145874,1.2475533485412598
GSE40279,5,GSM990290,57.76752996444702,4.2324700355529785
GSE40279,5,GSM990291,50.13277578353882,0.13277578353881836
GSE40279,5,GSM990292,35.96604681015015,1.9660468101501465
GSE40279,5,GSM990293,58.59832143783569,5.401678562164307
GSE40279,5,GSM990294,49.89623403549194,5.103765964508057
GSE40279,5,GSM990295,54.38811254501343,6.388112545013428
GSE40279,5,GSM990297,60.04178762435913,3.958212375640869
GSE40279,5,GSM990298,57.06501531600952,0.9349846839904785
GSE40279,5,GSM990299,38.77955389022827,1.7795538902282715
GSE40279,5,GSM990300,59.155614376068115,0.8443856239318848
GSE40279,5,GSM990301,58.56211996078491,4.437880039215088
GSE40279,5,GSM990302,52.95135259628296,6.048647403717041
GSE40279,5,GSM990303,49.92393255233765,4.0760674476623535
GSE40279,5,GSM990304,56.19105672836304,3.808943271636963
GSE40279,5,GSM990305,51.74036931991577,0.7403693199157715
GSE40279,5,GSM990306,68.22787237167358,5.227872371673584
GSE40279,5,GSM990307,60.2554144859314,3.7445855140686035
GSE40279,5,GSM990309,55.86061239242554,11.860612392425537
GSE40279,5,GSM990311,61.84775686264038,4.152243137359619
GSE40279,5,GSM990313,56.36089086532593,4.639109134674072
GSE40279,5,GSM990314,56.3547682762146,4.3547682762146
GSE40279,5,GSM990315,64.96215963363647,3.9621596336364746
GSE40279,5,GSM990318,45.28087377548218,6.719126224517822
GSE40279,5,GSM990319,51.87198781967163,3.128012180328369
GSE40279,5,GSM990320,65.78861379623413,6.788613796234131
GSE40279,5,GSM990321,55.62884283065796,3.371157169342041
GSE40279,5,GSM990323,50.544461727142334,4.544461727142334
GSE40279,5,GSM990324,35.899205684661865,4.899205684661865
GSE40279,5,GSM990325,61.379422664642334,6.379422664642334
GSE40279,5,GSM990326,46.68054723739624,6.31945276260376
GSE40279,5,GSM990327,49.011319637298584,7.011319637298584
GSE40279,5,GSM990329,50.656774044036865,0.6567740440368652
GSE40279,5,GSM990330,51.09582281112671,0.904177188873291
GSE40279,5,GSM990331,43.4336256980896,1.5663743019104004
GSE40279,5,GSM990332,55.43300008773804,9.566999912261963
GSE40279,5,GSM990333,46.83397436141968,12.166025638580322
GSE40279,5,GSM990334,61.33620595932007,3.3362059593200684
GSE40279,5,GSM990335,64.92246007919312,0.9224600791931152
GSE40279,5,GSM990336,52.41737508773804,8.582624912261963
GSE40279,5,GSM990337,56.75291967391968,10.247080326080322
GSE40279,5,GSM990338,60.92418813705444,1.9241881370544434
GSE40279,5,GSM990339,51.824429988861084,6.175570011138916
GSE40279,5,GSM990340,47.90209722518921,6.097902774810791
GSE40279,5,GSM990341,57.06862020492554,0.06862020492553711
GSE40279,5,GSM990342,58.191922664642334,1.808077335357666
GSE40279,5,GSM990343,47.81696081161499,2.1830391883850098
GSE40279,5,GSM990346,46.53797674179077,2.5379767417907715
GSE40279,5,GSM990347,59.80122137069702,2.1987786293029785
GSE40279,5,GSM990348,71.44104528427124,4.55895471572876
GSE40279,5,GSM990350,48.64347219467163,2.643472194671631
GSE40279,5,GSM990352,56.3920111656189,2.6079888343811035
GSE40279,5,GSM990353,53.61206579208374,1.6120657920837402
GSE40279,5,GSM990354,40.17902135848999,9.82097864151001
GSE40279,5,GSM990355,41.575345516204834,3.424654483795166
GSE40279,5,GSM990356,49.71903371810913,2.280966281890869
GSE40279,5,GSM990357,49.56976079940796,4.430239200592041
GSE40279,5,GSM990358,66.27615880966187,4.276158809661865
GSE40279,5,GSM990360,57.048245906829834,5.951754093170166
GSE40279,5,GSM990363,62.49664068222046,2.503359317779541
GSE40279,5,GSM990364,58.23145818710327,5.7685418128967285
GSE40279,5,GSM990365,53.39887762069702,3.6011223793029785
GSE40279,5,GSM990366,62.196378231048584,0.803621768951416
GSE40279,5,GSM990369,44.5377516746521,6.5377516746521
GSE40279,5,GSM990371,57.03627157211304,1.963728427886963
GSE40279,5,GSM990372,59.503793239593506,1.5037932395935059
GSE40279,5,GSM990373,43.91301488876343,2.9130148887634277
GSE40279,5,GSM990375,30.934049129486084,4.934049129486084
GSE40279,5,GSM990376,57.05309438705444,3.9469056129455566
GSE40279,5,GSM990377,64.65695714950562,8.656957149505615
GSE40279,5,GSM990378,55.238919734954834,10.761080265045166
GSE40279,5,GSM990379,59.113980770111084,2.886019229888916
GSE40279,5,GSM990381,54.7479453086853,0.25205469131469727
GSE40279,5,GSM990382,53.08746862411499,7.91253137588501
GSE40279,5,GSM990383,63.55065298080444,5.550652980804443
GSE40279,5,GSM990385,55.3672194480896,7.6327805519104
GSE40279,5,GSM990386,60.29819631576538,1.2981963157653809
GSE40279,5,GSM990387,58.9770712852478,2.0229287147521973
GSE40279,5,GSM990388,62.05039358139038,3.949606418609619
GSE40279,5,GSM990389,59.04540395736694,5.954596042633057
GSE40279,5,GSM990390,57.39268255233765,0.6073174476623535
GSE40279,5,GSM990391,45.966004848480225,2.9660048484802246
GSE40279,5,GSM990392,51.95322561264038,3.046774387359619
GSE40279,5,GSM990394,54.88659048080444,4.886590480804443
GSE40279,5,GSM990395,44.58308935165405,1.4169106483459473
GSE40279,5,GSM990396,57.22129583358765,3.2212958335876465
GSE40279,5,GSM990397,80.8191123008728,0.8191123008728027
GSE40279,5,GSM990398,73.56904363632202,9.430956363677979
GSE40279,5,GSM990399,78.01949071884155,1.0194907188415527
GSE40279,5,GSM990400,76.19747686386108,0.19747686386108398
GSE40279,5,GSM990403,66.6817831993103,15.318216800689697
GSE40279,5,GSM990404,45.79047918319702,12.209520816802979
GSE40279,5,GSM990405,66.0800108909607,0.08001089096069336
GSE40279,5,GSM990406,62.21238851547241,22.787611484527588
GSE40279,5,GSM990407,69.1307578086853,3.1307578086853027
GSE40279,5,GSM990408,67.9812445640564,1.0187554359436035
GSE40279,5,GSM990409,69.8798041343689,14.120195865631104
GSE40279,5,GSM990410,79.24508428573608,0.24508428573608398
GSE40279,5,GSM990411,63.549535274505615,0.45046472549438477
GSE40279,5,GSM990412,67.01938390731812,10.980616092681885
GSE40279,5,GSM990413,55.82926321029663,2.829263210296631
GSE40279,5,GSM990414,60.44014501571655,1.4401450157165527
GSE40279,5,GSM990416,68.26618719100952,7.2661871910095215
GSE40279,5,GSM990418,63.05003881454468,5.949961185455322
GSE40279,5,GSM990419,66.29380559921265,6.2938055992126465
GSE40279,5,GSM990420,59.863046169281006,5.136953830718994
GSE40279,5,GSM990421,84.12696599960327,4.8730340003967285
GSE40279,5,GSM990422,51.28239965438843,22.717600345611572
GSE40279,5,GSM990423,69.2591986656189,11.740801334381104
GSE40279,5,GSM990424,76.60531377792358,8.605313777923584
GSE40279,5,GSM990425,66.05989599227905,1.9401040077209473
GSE40279,5,GSM990426,65.45559453964233,0.455594539642334
GSE40279,5,GSM990427,82.33476781845093,7.665232181549072
GSE40279,5,GSM990429,78.49271154403687,0.5072884559631348
GSE40279,5,GSM990430,65.67232275009155,8.672322750091553
GSE40279,5,GSM990431,60.83778142929077,15.162218570709229
GSE40279,5,GSM990432,79.74905157089233,0.749051570892334
GSE40279,5,GSM990433,44.187718868255615,4.812281131744385
GSE40279,5,GSM990434,82.78674077987671,9.213259220123291
GSE40279,5,GSM990435,64.40224981307983,1.597750186920166
GSE40279,5,GSM990436,61.948007106781006,2.948007106781006
GSE40279,5,GSM990437,62.18816518783569,13.811834812164307
GSE40279,5,GSM990438,62.538243770599365,6.538243770599365
GSE40279,5,GSM990439,56.34935522079468,4.349355220794678
GSE40279,5,GSM990440,62.59052801132202,2.4094719886779785
GSE40279,5,GSM990441,71.50818395614624,1.4918160438537598
GSE40279,5,GSM990442,77.67966222763062,12.679662227630615
GSE40279,5,GSM990443,85.23730230331421,1.237302303314209
GSE40279,5,GSM990445,79.19747686386108,1.197476863861084
GSE40279,5,GSM990446,60.66344976425171,7.663449764251709
GSE40279,5,GSM990447,81.33771276473999,13.33771276473999
GSE40279,5,GSM990448,51.45260000228882,0.5473999977111816
GSE40279,5,GSM990449,64.2669882774353,7.733011722564697
GSE40279,5,GSM990450,61.25401449203491,13.254014492034912
GSE40279,5,GSM990451,57.51936864852905,2.4806313514709473
GSE40279,5,GSM990452,91.26157903671265,30.261579036712646
GSE40279,5,GSM990453,67.04725408554077,1.9527459144592285
GSE40279,5,GSM990454,74.27280950546265,6.7271904945373535
GSE40279,5,GSM990455,75.13059759140015,19.130597591400146
GSE40279,5,GSM990456,80.56103277206421,1.561032772064209
GSE40279,5,GSM990457,77.86127996444702,4.1387200355529785
GSE40279,5,GSM990458,58.9814887046814,0.9814887046813965
GSE40279,5,GSM990459,62.72199010848999,12.27800989151001
GSE40279,5,GSM990462,87.84431219100952,17.84431219100952
GSE40279,5,GSM990463,70.9449896812439,6.0550103187561035
GSE40279,5,GSM990464,56.81544256210327,0.8154425621032715
GSE40279,5,GSM990465,62.84376287460327,4.1562371253967285
GSE40279,5,GSM990466,79.10574102401733,3.105741024017334
GSE40279,5,GSM990467,86.79328680038452,2.2067131996154785
GSE40279,5,GSM990468,54.50355291366577,14.496447086334229
GSE40279,5,GSM990470,72.81966161727905,7.180338382720947
GSE40279,5,GSM990471,80.09704351425171,4.097043514251709
GSE40279,5,GSM990473,55.838414669036865,5.161585330963135
GSE40279,5,GSM990474,49.27638006210327,2.7236199378967285
GSE40279,5,GSM990475,67.61697912216187,1.3830208778381348
GSE40279,5,GSM990477,66.28279638290405,2.7172036170959473
GSE40279,5,GSM990478,56.119882106781006,8.880117893218994
GSE40279,5,GSM990479,46.09690618515015,1.0969061851501465
GSE40279,5,GSM990481,65.5505576133728,10.449442386627197
GSE40279,5,GSM990482,71.46251440048218,4.537485599517822
GSE40279,5,GSM990484,67.99474859237671,3.005251407623291
GSE40279,5,GSM990485,43.503636837005615,8.496363162994385
GSE40279,5,GSM990486,87.30093145370483,3.300931453704834
GSE40279,5,GSM990487,57.87033987045288,0.8703398704528809
GSE40279,5,GSM990488,68.6275839805603,0.6275839805603027
GSE40279,5,GSM990489,72.9194769859314,1.0805230140686035
GSE40279,5,GSM990490,38.92832326889038,5.928323268890381
GSE40279,5,GSM990492,66.5254111289978,6.474588871002197
GSE40279,5,GSM990494,54.00433874130249,17.99566125869751
GSE40279,5,GSM990495,74.79560613632202,3.2043938636779785
GSE40279,5,GSM990496,56.66935110092163,11.33064889907837
GSE40279,5,GSM990497,56.15120840072632,4.151208400726318
GSE40279,5,GSM990498,54.443238735198975,9.556761264801025
GSE40279,5,GSM990499,40.24807119369507,13.248071193695068
GSE40279,5,GSM990500,43.36381673812866,14.363816738128662
GSE40279,5,GSM990501,55.99061346054077,11.990613460540771
GSE40279,5,GSM990502,46.24164342880249,5.24164342880249
GSE40279,5,GSM990503,52.02259588241577,7.0225958824157715
GSE40279,5,GSM990504,33.596599102020264,6.596599102020264
GSE40279,5,GSM990505,58.3260931968689,10.326093196868896
GSE40279,5,GSM990506,60.304166316986084,4.304166316986084
GSE40279,5,GSM990507,47.45113134384155,13.451131343841553
GSE40279,5,GSM990508,56.98364019393921,12.016359806060791
GSE40279,5,GSM990509,41.93745183944702,14.062548160552979
GSE40279,5,GSM990510,42.13323736190796,4.866762638092041
GSE40279,5,GSM990512,58.480496883392334,1.519503116607666
GSE40279,5,GSM990514,60.429044246673584,0.429044246673584
GSE40279,5,GSM990516,51.87354803085327,3.1264519691467285
GSE40279,5,GSM990517,37.80640172958374,5.80640172958374
GSE40279,5,GSM990518,26.739936351776123,3.739936351776123
GSE40279,5,GSM990519,37.76379156112671,5.236208438873291
GSE40279,5,GSM990520,37.8165488243103,9.183451175689697
GSE40279,5,GSM990521,46.46443700790405,2.4644370079040527
GSE40279,5,GSM990522,42.13167333602905,5.131673336029053
GSE40279,5,GSM990523,32.0809760093689,5.0809760093688965
GSE40279,5,GSM990525,37.92412328720093,9.924123287200928
GSE40279,5,GSM990526,62.12385320663452,11.123853206634521
GSE40279,5,GSM990528,33.6398024559021,14.6398024559021
GSE40279,5,GSM990529,55.9230170249939,11.923017024993896
GSE40279,5,GSM990530,68.25464391708374,19.25464391708374
GSE40279,5,GSM990532,51.08574438095093,7.085744380950928
GSE40279,5,GSM990533,67.39344549179077,5.3934454917907715
GSE40279,5,GSM990534,45.0162558555603,15.016255855560303
GSE40279,5,GSM990536,37.61773443222046,1.617734432220459
GSE40279,5,GSM990537,36.72140645980835,11.72140645980835
GSE40279,5,GSM990538,48.57740545272827,12.577405452728271
GSE40279,5,GSM990539,32.27789068222046,11.277890682220459
GSE40279,5,GSM990540,54.83886480331421,14.838864803314209
GSE40279,5,GSM990541,39.15582036972046,17.15582036972046
GSE40279,5,GSM990542,44.0958456993103,8.095845699310303
GSE40279,5,GSM990543,69.61654424667358,11.616544246673584
GSE40279,5,GSM990544,85.59233617782593,2.5923361778259277
GSE40279,5,GSM990548,76.00245428085327,10.002454280853271
GSE40279,5,GSM990550,68.26743841171265,13.732561588287354
GSE40279,5,GSM990551,79.14978551864624,6.14978551864624
GSE40279,5,GSM990552,78.41525030136108,1.415250301361084
GSE40279,5,GSM990553,84.92292547225952,4.9229254722595215
GSE40279,5,GSM990554,67.0214056968689,11.978594303131104
GSE40279,5,GSM990555,75.94048833847046,2.940488338470459
GSE40279,5,GSM990557,77.17384099960327,7.8261590003967285
GSE40279,5,GSM990558,99.01648473739624,8.01648473739624
GSE40279,5,GSM990559,86.40808629989624,1.4080862998962402
GSE40279,5,GSM990560,83.16039800643921,2.839601993560791
GSE40279,5,GSM990561,85.09140539169312,11.091405391693115
GSE40279,5,GSM990563,88.26020574569702,1.2602057456970215
GSE40279,5,GSM990564,78.73736333847046,2.737363338470459
GSE40279,5,GSM990565,75.91547918319702,5.0845208168029785
GSE40279,5,GSM990566,65.28254461288452,6.2825446128845215
GSE40279,5,GSM990567,76.1695990562439,3.1695990562438965
GSE40279,5,GSM990569,85.67970037460327,0.6797003746032715
GSE40279,5,GSM990570,71.08714818954468,2.0871481895446777
GSE40279,5,GSM990571,70.64065313339233,14.359346866607666
GSE40279,5,GSM990572,86.71705389022827,1.7170538902282715
GSE40279,5,GSM990573,88.02459478378296,4.024594783782959
GSE40279,5,GSM990574,76.4914984703064,6.5085015296936035
GSE40279,5,GSM990575,82.89996862411499,15.89996862411499
GSE40279,5,GSM990578,94.56014776229858,7.560147762298584
GSE40279,5,GSM990579,80.02926397323608,3.970736026763916
GSE40279,5,GSM990580,82.39538335800171,0.395383358001709
GSE40279,5,GSM990581,88.93369817733765,4.0663018226623535
GSE40279,5,GSM990583,86.38314580917358,6.383145809173584
GSE40279,5,GSM990584,82.76266241073608,5.237337589263916
GSE40279,5,GSM990585,72.95824956893921,0.958249568939209
GSE40279,5,GSM990587,54.64293432235718,1.3570656776428223
GSE40279,5,GSM990588,92.44788885116577,0.4478888511657715
GSE40279,5,GSM990589,80.84344244003296,2.843442440032959
GSE40279,5,GSM990590,76.20384740829468,5.203847408294678
GSE40279,5,GSM990591,68.04639959335327,20.95360040664673
GSE40279,5,GSM990592,50.1770224571228,3.8229775428771973
GSE40279,5,GSM990593,68.31013250350952,2.3101325035095215
GSE40279,5,GSM990594,82.23135900497437,7.231359004974365
GSE40279,5,GSM990595,83.43578100204468,6.564218997955322
GSE40279,5,GSM990596,65.48575735092163,0.5142426490783691
GSE40279,5,GSM990597,90.43212652206421,13.432126522064209
GSE40279,5,GSM990598,83.69701910018921,1.697019100189209
GSE40279,5,GSM990599,77.81228399276733,12.812283992767334
GSE40279,5,GSM990600,68.35034704208374,10.35034704208374
GSE40279,5,GSM990603,78.40125799179077,4.4012579917907715
GSE40279,5,GSM990604,75.1216025352478,6.121602535247803
GSE40279,5,GSM990605,86.15393590927124,3.1539359092712402
GSE40279,5,GSM990606,88.03277349472046,5.032773494720459
GSE40279,5,GSM990607,91.97309637069702,21.97309637069702
GSE40279,5,GSM990608,81.5583930015564,17.558393001556396
GSE40279,5,GSM990609,77.84179449081421,27.84179449081421
GSE40279,5,GSM990610,101.48238134384155,27.482381343841553
GSE40279,5,GSM990611,71.8384222984314,2.8384222984313965
GSE40279,5,GSM990612,97.51551580429077,11.515515804290771
GSE40279,5,GSM990613,66.88015508651733,0.880155086517334
GSE40279,5,GSM990614,84.13172674179077,14.131726741790771
GSE40279,5,GSM990615,102.27397680282593,13.273976802825928
GSE40279,5,GSM990617,77.92954778671265,8.929547786712646
GSE40279,5,GSM990618,72.49324560165405,8.493245601654053
GSE40279,5,GSM990619,80.07900762557983,1.079007625579834
GSE40279,5,GSM990620,86.92321538925171,5.076784610748291
GSE40279,5,GSM990621,81.82838201522827,11.828382015228271
GSE40279,5,GSM990622,86.00653600692749,9.00653600692749
GSE40279,5,GSM990623,87.14106512069702,9.141065120697021
GSE40279,5,GSM990624,80.87022161483765,9.870221614837646
GSE40279,5,GSM990625,82.12403631210327,14.124036312103271
GSE40279,5,GSM990626,68.3154730796814,7.3154730796813965
GSE40279,5,GSM990627,77.91192388534546,4.911923885345459
GSE40279,6,GSM989827,62.727529525756836,4.272470474243164
GSE40279,6,GSM989828,90.40693473815918,1.4069347381591797
GSE40279,6,GSM989829,71.92492485046387,5.924924850463867
GSE40279,6,GSM989831,66.2861385345459,4.286138534545898
GSE40279,6,GSM989832,72.97318840026855,14.026811599731445
GSE40279,6,GSM989833,65.70696830749512,7.293031692504883
GSE40279,6,GSM989834,76.51899528503418,1.5189952850341797
GSE40279,6,GSM989836,102.85971641540527,19.859716415405273
GSE40279,6,GSM989838,54.6970272064209,6.697027206420898
GSE40279,6,GSM989839,77.4633617401123,0.4633617401123047
GSE40279,6,GSM989840,57.950796127319336,3.950796127319336
GSE40279,6,GSM989843,80.92033195495605,12.920331954956055
GSE40279,6,GSM989846,71.87846946716309,11.878469467163086
GSE40279,6,GSM989847,86.65971946716309,7.659719467163086
GSE40279,6,GSM989848,79.57035636901855,11.570356369018555
GSE40279,6,GSM989850,86.45136833190918,2.4513683319091797
GSE40279,6,GSM989852,73.16591453552246,0.8340854644775391
GSE40279,6,GSM989854,76.66788291931152,20.667882919311523
GSE40279,6,GSM989855,80.01346397399902,8.013463973999023
GSE40279,6,GSM989856,80.15034294128418,5.15034294128418
GSE40279,6,GSM989857,88.42960166931152,9.429601669311523
GSE40279,6,GSM989859,78.76744651794434,3.232553482055664
GSE40279,6,GSM989861,94.00234031677246,15.002340316772461
GSE40279,6,GSM989862,63.47092247009277,9.470922470092773
GSE40279,6,GSM989865,75.66686058044434,8.333139419555664
GSE40279,6,GSM989868,81.59395408630371,7.593954086303711
GSE40279,6,GSM989869,63.35397911071777,13.646020889282227
GSE40279,6,GSM989871,83.55927085876465,3.4407291412353516
GSE40279,6,GSM989873,82.21667289733887,5.783327102661133
GSE40279,6,GSM989874,68.74929618835449,2.749296188354492
GSE40279,6,GSM989875,74.46300315856934,3.536996841430664
GSE40279,6,GSM989876,71.29560661315918,18.29560661315918
GSE40279,6,GSM989877,77.01762199401855,1.0176219940185547
GSE40279,6,GSM989880,66.20415306091309,12.204153060913086
GSE40279,6,GSM989881,76.87875938415527,3.8787593841552734
GSE40279,6,GSM989882,76.08854484558105,19.911455154418945
GSE40279,6,GSM989883,67.46639823913574,10.466398239135742
GSE40279,6,GSM989884,68.55165672302246,7.448343276977539
GSE40279,6,GSM989885,53.75009727478027,6.750097274780273
GSE40279,6,GSM989886,60.278886795043945,6.278886795043945
GSE40279,6,GSM989887,69.19266319274902,3.8073368072509766
GSE40279,6,GSM989888,77.73282432556152,6.267175674438477
GSE40279,6,GSM989889,77.19210624694824,15.192106246948242
GSE40279,6,GSM989890,84.68334007263184,4.316659927368164
GSE40279,6,GSM989891,71.90440940856934,3.904409408569336
GSE40279,6,GSM989892,70.53696250915527,8.536962509155273
GSE40279,6,GSM989893,80.61588096618652,1.6158809661865234
GSE40279,6,GSM989894,70.9598445892334,1.0401554107666016
GSE40279,6,GSM989895,68.1994686126709,0.8005313873291016
GSE40279,6,GSM989896,54.86427879333496,0.13572120666503906
GSE40279,6,GSM989898,79.79112815856934,0.7911281585693359
GSE40279,6,GSM989899,75.64301872253418,3.6430187225341797
GSE40279,6,GSM989900,85.46683311462402,3.5331668853759766
GSE40279,6,GSM989902,73.75198173522949,11.248018264770508
GSE40279,6,GSM989903,75.45735740661621,7.457357406616211
GSE40279,6,GSM989904,95.38826560974121,6.388265609741211
GSE40279,6,GSM989905,83.82039451599121,10.820394515991211
GSE40279,6,GSM989906,67.04588890075684,4.045888900756836
GSE40279,6,GSM989907,73.0323543548584,4.967645645141602
GSE40279,6,GSM989911,91.79289054870605,6.792890548706055
GSE40279,6,GSM989914,77.17078971862793,3.1707897186279297
GSE40279,6,GSM989915,85.5656566619873,1.5656566619873047
GSE40279,6,GSM989917,62.35452842712402,13.354528427124023
GSE40279,6,GSM989918,82.26717185974121,13.267171859741211
GSE40279,6,GSM989919,80.18524742126465,17.18524742126465
GSE40279,6,GSM989920,74.78636741638184,8.786367416381836
GSE40279,6,GSM989921,85.91061210632324,0.9106121063232422
GSE40279,6,GSM989924,67.87389183044434,8.873891830444336
GSE40279,6,GSM989925,72.01342582702637,2.013425827026367
GSE40279,6,GSM989926,75.6910228729248,10.691022872924805
GSE40279,6,GSM989927,78.71218681335449,10.712186813354492
GSE40279,6,GSM989928,87.73331260681152,3.7333126068115234
GSE40279,6,GSM989930,59.55148506164551,8.551485061645508
GSE40279,6,GSM989931,71.14925193786621,8.149251937866211
GSE40279,6,GSM989932,75.20705986022949,6.207059860229492
GSE40279,6,GSM989934,69.32299613952637,8.677003860473633
GSE40279,6,GSM989935,55.486738204956055,3.4867382049560547
GSE40279,6,GSM989936,58.023122787475586,9.023122787475586
GSE40279,6,GSM989937,68.84708213806152,15.847082138061523
GSE40279,6,GSM989938,68.32063865661621,9.320638656616211
GSE40279,6,GSM989939,72.09284019470215,10.092840194702148
GSE40279,6,GSM989941,79.86015892028809,11.860158920288086
GSE40279,6,GSM989942,77.08376121520996,3.083761215209961
GSE40279,6,GSM989943,62.93865776062012,3.938657760620117
GSE40279,6,GSM989944,80.59403038024902,4.594030380249023
GSE40279,6,GSM989945,66.46086692810059,12.460866928100586
GSE40279,6,GSM989946,72.47421073913574,13.474210739135742
GSE40279,6,GSM989947,68.30565452575684,20.305654525756836
GSE40279,6,GSM989948,59.201894760131836,14.201894760131836
GSE40279,6,GSM989950,71.26859855651855,8.268598556518555
GSE40279,6,GSM989951,79.05653190612793,0.9434680938720703
GSE40279,6,GSM989952,67.91654014587402,7.916540145874023
GSE40279,6,GSM989953,81.41159629821777,10.411596298217773
GSE40279,6,GSM989954,74.50584983825684,7.505849838256836
GSE40279,6,GSM989955,67.78706169128418,17.78706169128418
GSE40279,6,GSM989956,82.43305015563965,3.5669498443603516
GSE40279,6,GSM989957,74.61238670349121,4.612386703491211
GSE40279,6,GSM989958,61.79553031921387,7.795530319213867
GSE40279,6,GSM989961,61.23668098449707,3.2366809844970703
GSE40279,6,GSM989962,65.58849143981934,7.588491439819336
GSE40279,6,GSM989963,67.73079490661621,3.730794906616211
GSE40279,6,GSM989964,77.6447811126709,4.644781112670898
GSE40279,6,GSM989965,53.88541221618652,4.885412216186523
GSE40279,6,GSM989966,56.34672737121582,0.3467273712158203
GSE40279,6,GSM989968,54.76550102233887,6.765501022338867
GSE40279,6,GSM989969,78.48138999938965,2.5186100006103516
GSE40279,6,GSM989971,64.79787254333496,3.797872543334961
GSE40279,6,GSM989972,60.82342720031738,10.823427200317383
GSE40279,6,GSM989973,65.27164268493652,3.7283573150634766
GSE40279,6,GSM989975,47.48473930358887,0.4847393035888672
GSE40279,6,GSM989976,61.37264060974121,18.37264060974121
GSE40279,6,GSM989977,61.11205863952637,6.112058639526367
GSE40279,6,GSM989978,62.00652885437012,8.006528854370117
GSE40279,6,GSM989979,66.71798515319824,8.717985153198242
GSE40279,6,GSM989980,50.08468818664551,16.084688186645508
GSE40279,6,GSM989981,69.3946361541748,4.394636154174805
GSE40279,6,GSM989982,61.00349998474121,9.003499984741211
GSE40279,6,GSM989983,46.208017349243164,14.208017349243164
GSE40279,6,GSM989984,58.587018966674805,11.587018966674805
GSE40279,6,GSM989985,71.4924373626709,17.4924373626709
GSE40279,6,GSM989987,48.67325401306152,20.673254013061523
GSE40279,6,GSM989988,71.84366416931152,17.843664169311523
GSE40279,6,GSM989989,71.27349662780762,12.273496627807617
GSE40279,6,GSM989991,59.95096397399902,9.950963973999023
GSE40279,6,GSM989992,37.952741622924805,7.952741622924805
GSE40279,6,GSM989993,62.88897514343262,12.888975143432617
GSE40279,6,GSM989994,63.067331314086914,16.067331314086914
GSE40279,6,GSM989995,64.84975242614746,17.84975242614746
GSE40279,6,GSM989996,46.185869216918945,13.185869216918945
GSE40279,6,GSM989997,48.73178672790527,10.731786727905273
GSE40279,6,GSM989998,47.11591148376465,12.115911483764648
GSE40279,6,GSM990000,74.3145580291748,5.685441970825195
GSE40279,6,GSM990001,87.36709403991699,1.3670940399169922
GSE40279,6,GSM990002,73.79450035095215,2.7945003509521484
GSE40279,6,GSM990003,70.66240501403809,6.337594985961914
GSE40279,6,GSM990004,74.30276298522949,7.302762985229492
GSE40279,6,GSM990005,78.4483470916748,5.551652908325195
GSE40279,6,GSM990006,78.3313045501709,1.6686954498291016
GSE40279,6,GSM990007,71.21621513366699,1.2162151336669922
GSE40279,6,GSM990009,64.31997489929199,1.3199748992919922
GSE40279,6,GSM990010,70.05358695983887,0.05358695983886719
GSE40279,6,GSM990012,74.2797908782959,7.279790878295898
GSE40279,6,GSM990014,58.99623680114746,11.003763198852539
GSE40279,6,GSM990015,81.74556541442871,7.745565414428711
GSE40279,6,GSM990016,77.30885887145996,4.308858871459961
GSE40279,6,GSM990017,71.73921775817871,5.260782241821289
GSE40279,6,GSM990018,91.11163139343262,11.111631393432617
GSE40279,6,GSM990019,78.26376152038574,12.263761520385742
GSE40279,6,GSM990021,84.57268333435059,8.572683334350586
GSE40279,6,GSM990022,73.13718223571777,4.862817764282227
GSE40279,6,GSM990023,83.0274715423584,1.0274715423583984
GSE40279,6,GSM990024,79.71077537536621,3.710775375366211
GSE40279,6,GSM990025,69.83040428161621,1.169595718383789
GSE40279,6,GSM990026,74.80138206481934,7.198617935180664
GSE40279,6,GSM990027,88.55091667175293,5.55091667175293
GSE40279,6,GSM990028,72.35042381286621,6.649576187133789
GSE40279,6,GSM990029,69.93672752380371,5.063272476196289
GSE40279,6,GSM990031,62.03521537780762,1.9647846221923828
GSE40279,6,GSM990033,91.73634147644043,0.2636585235595703
GSE40279,6,GSM990034,80.99336051940918,6.99336051940918
GSE40279,6,GSM990035,72.37576103210449,3.375761032104492
GSE40279,6,GSM990036,80.17961692810059,0.17961692810058594
GSE40279,6,GSM990039,86.0325984954834,5.032598495483398
GSE40279,6,GSM990041,74.38887596130371,5.388875961303711
GSE40279,6,GSM990042,75.12764549255371,2.127645492553711
GSE40279,6,GSM990045,62.97286796569824,5.027132034301758
GSE40279,6,GSM990046,83.03878593444824,14.038785934448242
GSE40279,6,GSM990049,78.65871238708496,2.341287612915039
GSE40279,6,GSM990050,62.81377983093262,8.186220169067383
GSE40279,6,GSM990051,70.15410423278809,0.8458957672119141
GSE40279,6,GSM990052,76.93088340759277,1.9308834075927734
GSE40279,6,GSM990053,55.99859428405762,4.001405715942383
GSE40279,6,GSM990054,73.37370109558105,3.6262989044189453
GSE40279,6,GSM990055,79.19229698181152,5.807703018188477
GSE40279,6,GSM990056,69.68828392028809,0.31171607971191406
GSE40279,6,GSM990057,65.88569450378418,3.8856945037841797
GSE40279,6,GSM990058,70.04814720153809,1.048147201538086
GSE40279,6,GSM990059,69.86801719665527,3.1319828033447266
GSE40279,6,GSM990060,76.97954368591309,3.979543685913086
GSE40279,6,GSM990061,71.59119987487793,2.4088001251220703
GSE40279,6,GSM990062,71.63287162780762,1.3671283721923828
GSE40279,6,GSM990063,80.27762413024902,5.722375869750977
GSE40279,6,GSM990066,79.33449363708496,4.334493637084961
GSE40279,6,GSM990068,57.01037788391113,9.989622116088867
GSE40279,6,GSM990070,52.608999252319336,4.608999252319336
GSE40279,6,GSM990072,63.89718437194824,15.897184371948242
GSE40279,6,GSM990075,57.02560615539551,11.025606155395508
GSE40279,6,GSM990076,57.11075019836426,2.889249801635742
GSE40279,6,GSM990077,53.155805587768555,13.155805587768555
GSE40279,6,GSM990079,51.606000900268555,10.606000900268555
GSE40279,6,GSM990080,51.72272300720215,1.2772769927978516
GSE40279,6,GSM990081,59.00771903991699,11.007719039916992
GSE40279,6,GSM990082,71.4741268157959,0.47412681579589844
GSE40279,6,GSM990083,59.00461006164551,7.004610061645508
GSE40279,6,GSM990084,58.77901268005371,5.220987319946289
GSE40279,6,GSM990085,50.85807991027832,2.8580799102783203
GSE40279,6,GSM990086,52.46152305603027,2.5384769439697266
GSE40279,6,GSM990087,73.62485313415527,5.624853134155273
GSE40279,6,GSM990088,55.21286964416504,9.212869644165039
GSE40279,6,GSM990089,66.59628105163574,2.596281051635742
GSE40279,6,GSM990090,55.353193283081055,1.6468067169189453
GSE40279,6,GSM990091,50.24330711364746,5.243307113647461
GSE40279,6,GSM990094,74.23907279968262,14.239072799682617
GSE40279,6,GSM990095,56.49658012390137,5.496580123901367
GSE40279,6,GSM990096,37.642927169799805,35.357072830200195
GSE40279,6,GSM990097,54.052473068237305,16.052473068237305
GSE40279,6,GSM990099,71.80362510681152,7.803625106811523
GSE40279,6,GSM990100,63.127607345581055,5.127607345581055
GSE40279,6,GSM990101,47.93404579162598,4.934045791625977
GSE40279,6,GSM990102,41.05196952819824,3.051969528198242
GSE40279,6,GSM990103,55.62255668640137,1.6225566864013672
GSE40279,6,GSM990104,72.77770805358887,2.777708053588867
GSE40279,6,GSM990106,66.80290031433105,4.802900314331055
GSE40279,6,GSM990107,50.64999961853027,0.35000038146972656
GSE40279,6,GSM990108,46.8815860748291,5.881586074829102
GSE40279,6,GSM990109,47.307844161987305,5.692155838012695
GSE40279,6,GSM990110,58.92047691345215,6.079523086547852
GSE40279,6,GSM990111,53.282949447631836,3.282949447631836
GSE40279,6,GSM990112,59.03621482849121,4.036214828491211
GSE40279,6,GSM990113,60.73422431945801,1.2657756805419922
GSE40279,6,GSM990114,61.65207481384277,0.6520748138427734
GSE40279,6,GSM990115,47.442731857299805,9.442731857299805
GSE40279,6,GSM990117,70.89851951599121,6.898519515991211
GSE40279,6,GSM990118,47.5935115814209,9.406488418579102
GSE40279,6,GSM990119,58.2606143951416,1.2606143951416016
GSE40279,6,GSM990120,50.40968132019043,1.4096813201904297
GSE40279,6,GSM990121,59.44924736022949,4.550752639770508
GSE40279,6,GSM990122,49.13822364807129,16.86177635192871
GSE40279,6,GSM990268,51.63535499572754,0.36464500427246094
GSE40279,6,GSM990269,56.65914726257324,13.659147262573242
GSE40279,6,GSM990271,54.47614097595215,3.4761409759521484
GSE40279,6,GSM990272,55.30624198913574,2.693758010864258
GSE40279,6,GSM990273,54.82697868347168,8.17302131652832
GSE40279,6,GSM990274,52.5059871673584,2.4940128326416016
GSE40279,6,GSM990275,51.2481746673584,1.2481746673583984
GSE40279,6,GSM990276,70.2353343963623,13.235334396362305
GSE40279,6,GSM990277,30.68998146057129,2.310018539428711
GSE40279,6,GSM990278,55.265058517456055,9.265058517456055
GSE40279,6,GSM990279,48.03378105163574,2.033781051635742
GSE40279,6,GSM990281,55.130598068237305,0.1305980682373047
GSE40279,6,GSM990282,42.93911552429199,21.060884475708008
GSE40279,6,GSM990283,41.012861251831055,4.987138748168945
GSE40279,6,GSM990284,58.38509941101074,7.614900588989258
GSE40279,6,GSM990285,44.38381767272949,2.616182327270508
GSE40279,6,GSM990286,43.28207588195801,14.717924118041992
GSE40279,6,GSM990287,58.50969123840332,2.4903087615966797
GSE40279,6,GSM990288,38.675764083862305,9.324235916137695
GSE40279,6,GSM990289,40.79310417175293,4.20689582824707
GSE40279,6,GSM990290,54.80818748474121,7.191812515258789
GSE40279,6,GSM990291,47.17343330383301,2.826566696166992
GSE40279,6,GSM990292,33.006704330444336,0.9932956695556641
GSE40279,6,GSM990293,55.63897895812988,8.361021041870117
GSE40279,6,GSM990294,46.93689155578613,8.063108444213867
GSE40279,6,GSM990295,51.42877006530762,3.428770065307617
GSE40279,6,GSM990297,57.08244514465332,6.91755485534668
GSE40279,6,GSM990298,54.10567283630371,3.894327163696289
GSE40279,6,GSM990299,35.82021141052246,1.179788589477539
GSE40279,6,GSM990300,56.196271896362305,3.8037281036376953
GSE40279,6,GSM990301,55.6027774810791,7.397222518920898
GSE40279,6,GSM990302,49.99201011657715,9.007989883422852
GSE40279,6,GSM990303,46.964590072631836,7.035409927368164
GSE40279,6,GSM990304,53.23171424865723,6.768285751342773
GSE40279,6,GSM990305,48.78102684020996,2.218973159790039
GSE40279,6,GSM990306,65.26852989196777,2.2685298919677734
GSE40279,6,GSM990307,57.296072006225586,6.703927993774414
GSE40279,6,GSM990309,52.90126991271973,8.901269912719727
GSE40279,6,GSM990311,58.88841438293457,7.11158561706543
GSE40279,6,GSM990313,53.40154838562012,7.598451614379883
GSE40279,6,GSM990314,53.39542579650879,1.395425796508789
GSE40279,6,GSM990315,62.002817153930664,1.002817153930664
GSE40279,6,GSM990318,42.32153129577637,9.678468704223633
GSE40279,6,GSM990319,48.91264533996582,6.08735466003418
GSE40279,6,GSM990320,62.82927131652832,3.8292713165283203
GSE40279,6,GSM990321,52.66950035095215,6.330499649047852
GSE40279,6,GSM990323,47.58511924743652,1.5851192474365234
GSE40279,6,GSM990324,32.939863204956055,1.9398632049560547
GSE40279,6,GSM990325,58.42008018493652,3.4200801849365234
GSE40279,6,GSM990326,43.72120475769043,9.27879524230957
GSE40279,6,GSM990327,46.05197715759277,4.051977157592773
GSE40279,6,GSM990329,47.697431564331055,2.3025684356689453
GSE40279,6,GSM990330,48.1364803314209,3.8635196685791016
GSE40279,6,GSM990331,40.47428321838379,4.525716781616211
GSE40279,6,GSM990332,52.47365760803223,12.526342391967773
GSE40279,6,GSM990333,43.87463188171387,15.125368118286133
GSE40279,6,GSM990334,58.37686347961426,0.3768634796142578
GSE40279,6,GSM990335,61.963117599487305,2.0368824005126953
GSE40279,6,GSM990336,49.45803260803223,11.541967391967773
GSE40279,6,GSM990337,53.79357719421387,13.206422805786133
GSE40279,6,GSM990338,57.96484565734863,1.0351543426513672
GSE40279,6,GSM990339,48.86508750915527,9.134912490844727
GSE40279,6,GSM990340,44.9427547454834,9.057245254516602
GSE40279,6,GSM990341,54.10927772521973,2.8907222747802734
GSE40279,6,GSM990342,55.23258018493652,4.767419815063477
GSE40279,6,GSM990343,44.85761833190918,5.14238166809082
GSE40279,6,GSM990346,43.57863426208496,0.42136573791503906
GSE40279,6,GSM990347,56.84187889099121,5.158121109008789
GSE40279,6,GSM990348,68.48170280456543,7.51829719543457
GSE40279,6,GSM990350,45.68412971496582,0.3158702850341797
GSE40279,6,GSM990352,53.432668685913086,5.567331314086914
GSE40279,6,GSM990353,50.65272331237793,1.3472766876220703
GSE40279,6,GSM990354,37.21967887878418,12.78032112121582
GSE40279,6,GSM990355,38.61600303649902,6.383996963500977
GSE40279,6,GSM990356,46.75969123840332,5.24030876159668
GSE40279,6,GSM990357,46.61041831970215,7.389581680297852
GSE40279,6,GSM990358,63.316816329956055,1.3168163299560547
GSE40279,6,GSM990360,54.08890342712402,8.911096572875977
GSE40279,6,GSM990363,59.53729820251465,5.462701797485352
GSE40279,6,GSM990364,55.27211570739746,8.727884292602539
GSE40279,6,GSM990365,50.43953514099121,6.560464859008789
GSE40279,6,GSM990366,59.23703575134277,3.7629642486572266
GSE40279,6,GSM990369,41.57840919494629,3.578409194946289
GSE40279,6,GSM990371,54.07692909240723,4.923070907592773
GSE40279,6,GSM990372,56.544450759887695,1.4555492401123047
GSE40279,6,GSM990373,40.95367240905762,0.04632759094238281
GSE40279,6,GSM990375,27.974706649780273,1.9747066497802734
GSE40279,6,GSM990376,54.09375190734863,6.906248092651367
GSE40279,6,GSM990377,61.697614669799805,5.697614669799805
GSE40279,6,GSM990378,52.27957725524902,13.720422744750977
GSE40279,6,GSM990379,56.15463829040527,5.845361709594727
GSE40279,6,GSM990381,51.78860282897949,3.211397171020508
GSE40279,6,GSM990382,50.12812614440918,10.87187385559082
GSE40279,6,GSM990383,60.59131050109863,2.591310501098633
GSE40279,6,GSM990385,52.40787696838379,10.592123031616211
GSE40279,6,GSM990386,57.33885383605957,1.6611461639404297
GSE40279,6,GSM990387,56.01772880554199,4.982271194458008
GSE40279,6,GSM990388,59.09105110168457,6.90894889831543
GSE40279,6,GSM990389,56.08606147766113,8.913938522338867
GSE40279,6,GSM990390,54.433340072631836,3.566659927368164
GSE40279,6,GSM990391,43.006662368774414,0.0066623687744140625
GSE40279,6,GSM990392,48.99388313293457,6.00611686706543
GSE40279,6,GSM990394,51.92724800109863,1.9272480010986328
GSE40279,6,GSM990395,41.62374687194824,4.376253128051758
GSE40279,6,GSM990396,54.261953353881836,0.26195335388183594
GSE40279,6,GSM990397,77.85976982116699,2.140230178833008
GSE40279,6,GSM990398,70.60970115661621,12.390298843383789
GSE40279,6,GSM990399,75.06014823913574,1.9398517608642578
GSE40279,6,GSM990400,73.23813438415527,2.7618656158447266
GSE40279,6,GSM990403,63.72244071960449,18.277559280395508
GSE40279,6,GSM990404,42.83113670349121,15.168863296508789
GSE40279,6,GSM990405,63.12066841125488,2.879331588745117
GSE40279,6,GSM990406,59.2530460357666,25.7469539642334
GSE40279,6,GSM990407,66.17141532897949,0.1714153289794922
GSE40279,6,GSM990408,65.02190208435059,3.978097915649414
GSE40279,6,GSM990409,66.92046165466309,17.079538345336914
GSE40279,6,GSM990410,76.28574180603027,2.7142581939697266
GSE40279,6,GSM990411,60.590192794799805,3.4098072052001953
GSE40279,6,GSM990412,64.0600414276123,13.939958572387695
GSE40279,6,GSM990413,52.86992073059082,0.1300792694091797
GSE40279,6,GSM990414,57.48080253601074,1.5191974639892578
GSE40279,6,GSM990416,65.30684471130371,4.306844711303711
GSE40279,6,GSM990418,60.09069633483887,8.909303665161133
GSE40279,6,GSM990419,63.334463119506836,3.334463119506836
GSE40279,6,GSM990420,56.903703689575195,8.096296310424805
GSE40279,6,GSM990421,81.16762351989746,7.832376480102539
GSE40279,6,GSM990422,48.32305717468262,25.676942825317383
GSE40279,6,GSM990423,66.29985618591309,14.700143814086914
GSE40279,6,GSM990424,73.64597129821777,5.645971298217773
GSE40279,6,GSM990425,63.10055351257324,4.899446487426758
GSE40279,6,GSM990426,62.49625205993652,2.5037479400634766
GSE40279,6,GSM990427,79.37542533874512,10.624574661254883
GSE40279,6,GSM990429,75.53336906433105,3.4666309356689453
GSE40279,6,GSM990430,62.71298027038574,5.712980270385742
GSE40279,6,GSM990431,57.87843894958496,18.12156105041504
GSE40279,6,GSM990432,76.78970909118652,2.2102909088134766
GSE40279,6,GSM990433,41.228376388549805,7.771623611450195
GSE40279,6,GSM990434,79.8273983001709,12.172601699829102
GSE40279,6,GSM990435,61.44290733337402,4.557092666625977
GSE40279,6,GSM990436,58.988664627075195,0.011335372924804688
GSE40279,6,GSM990437,59.22882270812988,16.771177291870117
GSE40279,6,GSM990438,59.578901290893555,3.5789012908935547
GSE40279,6,GSM990439,53.39001274108887,1.3900127410888672
GSE40279,6,GSM990440,59.63118553161621,5.368814468383789
GSE40279,6,GSM990441,68.54884147644043,4.45115852355957
GSE40279,6,GSM990442,74.7203197479248,9.720319747924805
GSE40279,6,GSM990443,82.2779598236084,1.7220401763916016
GSE40279,6,GSM990445,76.23813438415527,1.7618656158447266
GSE40279,6,GSM990446,57.7041072845459,4.704107284545898
GSE40279,6,GSM990447,78.37837028503418,10.37837028503418
GSE40279,6,GSM990448,48.49325752258301,3.506742477416992
GSE40279,6,GSM990449,61.30764579772949,10.692354202270508
GSE40279,6,GSM990450,58.2946720123291,10.294672012329102
GSE40279,6,GSM990451,54.56002616882324,5.439973831176758
GSE40279,6,GSM990452,88.30223655700684,27.302236557006836
GSE40279,6,GSM990453,64.08791160583496,4.912088394165039
GSE40279,6,GSM990454,71.31346702575684,9.686532974243164
GSE40279,6,GSM990455,72.17125511169434,16.171255111694336
GSE40279,6,GSM990456,77.6016902923584,1.3983097076416016
GSE40279,6,GSM990457,74.90193748474121,7.098062515258789
GSE40279,6,GSM990458,56.022146224975586,1.977853775024414
GSE40279,6,GSM990459,59.76264762878418,15.23735237121582
GSE40279,6,GSM990462,84.88496971130371,14.884969711303711
GSE40279,6,GSM990463,67.98564720153809,9.014352798461914
GSE40279,6,GSM990464,53.85610008239746,2.143899917602539
GSE40279,6,GSM990465,59.88442039489746,7.115579605102539
GSE40279,6,GSM990466,76.14639854431152,0.14639854431152344
GSE40279,6,GSM990467,83.83394432067871,5.166055679321289
GSE40279,6,GSM990468,51.54421043395996,17.45578956604004
GSE40279,6,GSM990470,69.86031913757324,10.139680862426758
GSE40279,6,GSM990471,77.1377010345459,1.1377010345458984
GSE40279,6,GSM990473,52.879072189331055,8.120927810668945
GSE40279,6,GSM990474,46.31703758239746,5.682962417602539
GSE40279,6,GSM990475,64.65763664245605,4.342363357543945
GSE40279,6,GSM990477,63.32345390319824,5.676546096801758
GSE40279,6,GSM990478,53.160539627075195,11.839460372924805
GSE40279,6,GSM990479,43.137563705444336,1.862436294555664
GSE40279,6,GSM990481,62.59121513366699,13.408784866333008
GSE40279,6,GSM990482,68.50317192077637,7.496828079223633
GSE40279,6,GSM990484,65.0354061126709,5.964593887329102
GSE40279,6,GSM990485,40.544294357299805,11.455705642700195
GSE40279,6,GSM990486,84.34158897399902,0.34158897399902344
GSE40279,6,GSM990487,54.91099739074707,2.0890026092529297
GSE40279,6,GSM990488,65.66824150085449,2.331758499145508
GSE40279,6,GSM990489,69.96013450622559,4.039865493774414
GSE40279,6,GSM990490,35.96898078918457,2.9689807891845703
GSE40279,6,GSM990492,63.56606864929199,9.433931350708008
GSE40279,6,GSM990494,51.04499626159668,20.95500373840332
GSE40279,6,GSM990495,71.83626365661621,6.163736343383789
GSE40279,6,GSM990496,53.71000862121582,14.28999137878418
GSE40279,6,GSM990497,53.19186592102051,1.1918659210205078
GSE40279,6,GSM990498,51.483896255493164,12.516103744506836
GSE40279,6,GSM990499,37.28872871398926,10.288728713989258
GSE40279,6,GSM990500,40.40447425842285,11.404474258422852
GSE40279,6,GSM990501,53.03127098083496,9.031270980834961
GSE40279,6,GSM990502,43.28230094909668,2.2823009490966797
GSE40279,6,GSM990503,49.06325340270996,4.063253402709961
GSE40279,6,GSM990504,30.637256622314453,3.637256622314453
GSE40279,6,GSM990505,55.366750717163086,7.366750717163086
GSE40279,6,GSM990506,57.34482383728027,1.3448238372802734
GSE40279,6,GSM990507,44.49178886413574,10.491788864135742
GSE40279,6,GSM990508,54.0242977142334,14.975702285766602
GSE40279,6,GSM990509,38.97810935974121,17.02189064025879
GSE40279,6,GSM990510,39.17389488220215,7.826105117797852
GSE40279,6,GSM990512,55.52115440368652,4.478845596313477
GSE40279,6,GSM990514,57.46970176696777,2.5302982330322266
GSE40279,6,GSM990516,48.91420555114746,6.085794448852539
GSE40279,6,GSM990517,34.84705924987793,2.8470592498779297
GSE40279,6,GSM990518,23.780593872070312,0.7805938720703125
GSE40279,6,GSM990519,34.8044490814209,8.195550918579102
GSE40279,6,GSM990520,34.85720634460449,12.142793655395508
GSE40279,6,GSM990521,43.50509452819824,0.4949054718017578
GSE40279,6,GSM990522,39.17233085632324,2.172330856323242
GSE40279,6,GSM990523,29.121633529663086,2.121633529663086
GSE40279,6,GSM990525,34.96478080749512,6.964780807495117
GSE40279,6,GSM990526,59.16451072692871,8.164510726928711
GSE40279,6,GSM990528,30.68045997619629,11.680459976196289
GSE40279,6,GSM990529,52.963674545288086,8.963674545288086
GSE40279,6,GSM990530,65.29530143737793,16.29530143737793
GSE40279,6,GSM990532,48.12640190124512,4.126401901245117
GSE40279,6,GSM990533,64.43410301208496,2.434103012084961
GSE40279,6,GSM990534,42.05691337585449,12.056913375854492
GSE40279,6,GSM990536,34.65839195251465,1.3416080474853516
GSE40279,6,GSM990537,33.76206398010254,8.762063980102539
GSE40279,6,GSM990538,45.61806297302246,9.618062973022461
GSE40279,6,GSM990539,29.31854820251465,8.318548202514648
GSE40279,6,GSM990540,51.8795223236084,11.879522323608398
GSE40279,6,GSM990541,36.19647789001465,14.196477890014648
GSE40279,6,GSM990542,41.13650321960449,5.136503219604492
GSE40279,6,GSM990543,66.65720176696777,8.657201766967773
GSE40279,6,GSM990544,82.63299369812012,0.3670063018798828
GSE40279,6,GSM990548,73.04311180114746,7.043111801147461
GSE40279,6,GSM990550,65.30809593200684,16.691904067993164
GSE40279,6,GSM990551,76.19044303894043,3.1904430389404297
GSE40279,6,GSM990552,75.45590782165527,1.5440921783447266
GSE40279,6,GSM990553,81.96358299255371,1.963582992553711
GSE40279,6,GSM990554,64.06206321716309,14.937936782836914
GSE40279,6,GSM990555,72.98114585876465,0.018854141235351562
GSE40279,6,GSM990557,74.21449851989746,10.785501480102539
GSE40279,6,GSM990558,96.05714225769043,5.05714225769043
GSE40279,6,GSM990559,83.44874382019043,1.5512561798095703
GSE40279,6,GSM990560,80.2010555267334,5.798944473266602
GSE40279,6,GSM990561,82.1320629119873,8.132062911987305
GSE40279,6,GSM990563,85.30086326599121,1.699136734008789
GSE40279,6,GSM990564,75.77802085876465,0.22197914123535156
GSE40279,6,GSM990565,72.95613670349121,8.043863296508789
GSE40279,6,GSM990566,62.32320213317871,3.323202133178711
GSE40279,6,GSM990567,73.21025657653809,0.21025657653808594
GSE40279,6,GSM990569,82.72035789489746,2.279642105102539
GSE40279,6,GSM990570,68.12780570983887,0.8721942901611328
GSE40279,6,GSM990571,67.68131065368652,17.318689346313477
GSE40279,6,GSM990572,83.75771141052246,1.242288589477539
GSE40279,6,GSM990573,85.06525230407715,1.0652523040771484
GSE40279,6,GSM990574,73.53215599060059,9.467844009399414
GSE40279,6,GSM990575,79.94062614440918,12.94062614440918
GSE40279,6,GSM990578,91.60080528259277,4.600805282592773
GSE40279,6,GSM990579,77.06992149353027,6.930078506469727
GSE40279,6,GSM990580,79.4360408782959,2.5639591217041016
GSE40279,6,GSM990581,85.97435569763184,7.025644302368164
GSE40279,6,GSM990583,83.42380332946777,3.4238033294677734
GSE40279,6,GSM990584,79.80331993103027,8.196680068969727
GSE40279,6,GSM990585,69.9989070892334,2.0010929107666016
GSE40279,6,GSM990587,51.68359184265137,4.316408157348633
GSE40279,6,GSM990588,89.48854637145996,2.511453628540039
GSE40279,6,GSM990589,77.88409996032715,0.11590003967285156
GSE40279,6,GSM990590,73.24450492858887,2.244504928588867
GSE40279,6,GSM990591,65.08705711364746,23.91294288635254
GSE40279,6,GSM990592,47.21767997741699,6.782320022583008
GSE40279,6,GSM990593,65.35079002380371,0.6492099761962891
GSE40279,6,GSM990594,79.27201652526855,4.272016525268555
GSE40279,6,GSM990595,80.47643852233887,9.523561477661133
GSE40279,6,GSM990596,62.52641487121582,3.4735851287841797
GSE40279,6,GSM990597,87.4727840423584,10.472784042358398
GSE40279,6,GSM990598,80.7376766204834,1.2623233795166016
GSE40279,6,GSM990599,74.85294151306152,9.852941513061523
GSE40279,6,GSM990600,65.39100456237793,7.39100456237793
GSE40279,6,GSM990603,75.44191551208496,1.441915512084961
GSE40279,6,GSM990604,72.16226005554199,3.162260055541992
GSE40279,6,GSM990605,83.19459342956543,0.1945934295654297
GSE40279,6,GSM990606,85.07343101501465,2.0734310150146484
GSE40279,6,GSM990607,89.01375389099121,19.01375389099121
GSE40279,6,GSM990608,78.59905052185059,14.599050521850586
GSE40279,6,GSM990609,74.8824520111084,24.8824520111084
GSE40279,6,GSM990610,98.52303886413574,24.523038864135742
GSE40279,6,GSM990611,68.87907981872559,0.12092018127441406
GSE40279,6,GSM990612,94.55617332458496,8.556173324584961
GSE40279,6,GSM990613,63.92081260681152,2.0791873931884766
GSE40279,6,GSM990614,81.17238426208496,11.172384262084961
GSE40279,6,GSM990615,99.31463432312012,10.314634323120117
GSE40279,6,GSM990617,74.97020530700684,5.970205307006836
GSE40279,6,GSM990618,69.53390312194824,5.533903121948242
GSE40279,6,GSM990619,77.11966514587402,1.8803348541259766
GSE40279,6,GSM990620,83.9638729095459,8.036127090454102
GSE40279,6,GSM990621,78.86903953552246,8.869039535522461
GSE40279,6,GSM990622,83.04719352722168,6.04719352722168
GSE40279,6,GSM990623,84.18172264099121,6.181722640991211
GSE40279,6,GSM990624,77.91087913513184,6.910879135131836
GSE40279,6,GSM990625,79.16469383239746,11.164693832397461
GSE40279,6,GSM990626,65.35613059997559,4.356130599975586
GSE40279,6,GSM990627,74.95258140563965,1.9525814056396484
GSE40279,7,GSM989827,61.49031615257263,5.509683847427368
GSE40279,7,GSM989828,89.16972136497498,0.16972136497497559
GSE40279,7,GSM989829,70.68771147727966,4.687711477279663
GSE40279,7,GSM989831,65.0489251613617,3.0489251613616943
GSE40279,7,GSM989832,71.73597502708435,15.26402497291565
GSE40279,7,GSM989833,64.46975493431091,8.530245065689087
GSE40279,7,GSM989834,75.28178191184998,0.2817819118499756
GSE40279,7,GSM989836,101.62250304222107,18.62250304222107
GSE40279,7,GSM989838,53.459813833236694,5.459813833236694
GSE40279,7,GSM989839,76.2261483669281,0.7738516330718994
GSE40279,7,GSM989840,56.71358275413513,2.713582754135132
GSE40279,7,GSM989843,79.68311858177185,11.68311858177185
GSE40279,7,GSM989846,70.64125609397888,10.641256093978882
GSE40279,7,GSM989847,85.42250609397888,6.422506093978882
GSE40279,7,GSM989848,78.33314299583435,10.33314299583435
GSE40279,7,GSM989850,85.21415495872498,1.2141549587249756
GSE40279,7,GSM989852,71.92870116233826,2.071298837661743
GSE40279,7,GSM989854,75.43066954612732,19.43066954612732
GSE40279,7,GSM989855,78.77625060081482,6.776250600814819
GSE40279,7,GSM989856,78.91312956809998,3.9131295680999756
GSE40279,7,GSM989857,87.19238829612732,8.19238829612732
GSE40279,7,GSM989859,77.53023314476013,4.469766855239868
GSE40279,7,GSM989861,92.76512694358826,13.765126943588257
GSE40279,7,GSM989862,62.23370909690857,8.23370909690857
GSE40279,7,GSM989865,74.42964720726013,9.570352792739868
GSE40279,7,GSM989868,80.3567407131195,6.356740713119507
GSE40279,7,GSM989869,62.11676573753357,14.88323426246643
GSE40279,7,GSM989871,82.32205748558044,4.677942514419556
GSE40279,7,GSM989873,80.97945952415466,7.020540475845337
GSE40279,7,GSM989874,67.51208281517029,1.512082815170288
GSE40279,7,GSM989875,73.22578978538513,4.774210214614868
GSE40279,7,GSM989876,70.05839323997498,17.058393239974976
GSE40279,7,GSM989877,75.78040862083435,0.21959137916564941
GSE40279,7,GSM989880,64.96693968772888,10.966939687728882
GSE40279,7,GSM989881,75.64154601097107,2.6415460109710693
GSE40279,7,GSM989882,74.85133147239685,21.14866852760315
GSE40279,7,GSM989883,66.22918486595154,9.229184865951538
GSE40279,7,GSM989884,67.31444334983826,8.685556650161743
GSE40279,7,GSM989885,52.51288390159607,5.512883901596069
GSE40279,7,GSM989886,59.04167342185974,5.041673421859741
GSE40279,7,GSM989887,67.95544981956482,5.044550180435181
GSE40279,7,GSM989888,76.49561095237732,7.504389047622681
GSE40279,7,GSM989889,75.95489287376404,13.954892873764038
GSE40279,7,GSM989890,83.44612669944763,5.553873300552368
GSE40279,7,GSM989891,70.66719603538513,2.667196035385132
GSE40279,7,GSM989892,69.29974913597107,7.299749135971069
GSE40279,7,GSM989893,79.37866759300232,0.37866759300231934
GSE40279,7,GSM989894,69.7226312160492,2.2773687839508057
GSE40279,7,GSM989895,66.9622552394867,2.0377447605133057
GSE40279,7,GSM989896,53.62706542015076,1.3729345798492432
GSE40279,7,GSM989898,78.55391478538513,0.44608521461486816
GSE40279,7,GSM989899,74.40580534934998,2.4058053493499756
GSE40279,7,GSM989900,84.22961974143982,4.770380258560181
GSE40279,7,GSM989902,72.51476836204529,12.485231637954712
GSE40279,7,GSM989903,74.220144033432,6.220144033432007
GSE40279,7,GSM989904,94.151052236557,5.151052236557007
GSE40279,7,GSM989905,82.583181142807,9.583181142807007
GSE40279,7,GSM989906,65.80867552757263,2.808675527572632
GSE40279,7,GSM989907,71.7951409816742,6.204859018325806
GSE40279,7,GSM989911,90.55567717552185,5.555677175521851
GSE40279,7,GSM989914,75.93357634544373,1.9335763454437256
GSE40279,7,GSM989915,84.3284432888031,0.3284432888031006
GSE40279,7,GSM989917,61.11731505393982,12.11731505393982
GSE40279,7,GSM989918,81.029958486557,12.029958486557007
GSE40279,7,GSM989919,78.94803404808044,15.948034048080444
GSE40279,7,GSM989920,73.54915404319763,7.549154043197632
GSE40279,7,GSM989921,84.67339873313904,0.3266012668609619
GSE40279,7,GSM989924,66.63667845726013,7.636678457260132
GSE40279,7,GSM989925,70.77621245384216,0.7762124538421631
GSE40279,7,GSM989926,74.4538094997406,9.4538094997406
GSE40279,7,GSM989927,77.47497344017029,9.474973440170288
GSE40279,7,GSM989928,86.49609923362732,2.4960992336273193
GSE40279,7,GSM989930,58.314271688461304,7.314271688461304
GSE40279,7,GSM989931,69.912038564682,6.912038564682007
GSE40279,7,GSM989932,73.96984648704529,4.969846487045288
GSE40279,7,GSM989934,68.08578276634216,9.914217233657837
GSE40279,7,GSM989935,54.24952483177185,2.2495248317718506
GSE40279,7,GSM989936,56.78590941429138,7.785909414291382
GSE40279,7,GSM989937,67.60986876487732,14.60986876487732
GSE40279,7,GSM989938,67.083425283432,8.083425283432007
GSE40279,7,GSM989939,70.85562682151794,8.855626821517944
GSE40279,7,GSM989941,78.62294554710388,10.622945547103882
GSE40279,7,GSM989942,75.84654784202576,1.8465478420257568
GSE40279,7,GSM989943,61.70144438743591,2.701444387435913
GSE40279,7,GSM989944,79.35681700706482,3.3568170070648193
GSE40279,7,GSM989945,65.22365355491638,11.223653554916382
GSE40279,7,GSM989946,71.23699736595154,12.236997365951538
GSE40279,7,GSM989947,67.06844115257263,19.068441152572632
GSE40279,7,GSM989948,57.96468138694763,12.964681386947632
GSE40279,7,GSM989950,70.03138518333435,7.031385183334351
GSE40279,7,GSM989951,77.81931853294373,2.1806814670562744
GSE40279,7,GSM989952,66.67932677268982,6.679326772689819
GSE40279,7,GSM989953,80.17438292503357,9.17438292503357
GSE40279,7,GSM989954,73.26863646507263,6.268636465072632
GSE40279,7,GSM989955,66.54984831809998,16.549848318099976
GSE40279,7,GSM989956,81.19583678245544,4.804163217544556
GSE40279,7,GSM989957,73.375173330307,3.375173330307007
GSE40279,7,GSM989958,60.55831694602966,6.558316946029663
GSE40279,7,GSM989961,59.999467611312866,1.9994676113128662
GSE40279,7,GSM989962,64.35127806663513,6.351278066635132
GSE40279,7,GSM989963,66.493581533432,2.493581533432007
GSE40279,7,GSM989964,76.4075677394867,3.4075677394866943
GSE40279,7,GSM989965,52.64819884300232,3.6481988430023193
GSE40279,7,GSM989966,55.109513998031616,0.8904860019683838
GSE40279,7,GSM989968,53.52828764915466,5.528287649154663
GSE40279,7,GSM989969,77.24417662620544,3.7558233737945557
GSE40279,7,GSM989971,63.56065917015076,2.560659170150757
GSE40279,7,GSM989972,59.58621382713318,9.586213827133179
GSE40279,7,GSM989973,64.03442931175232,4.965570688247681
GSE40279,7,GSM989975,46.24752593040466,0.7524740695953369
GSE40279,7,GSM989976,60.13542723655701,17.135427236557007
GSE40279,7,GSM989977,59.87484526634216,4.874845266342163
GSE40279,7,GSM989978,60.76931548118591,6.769315481185913
GSE40279,7,GSM989979,65.48077178001404,7.480771780014038
GSE40279,7,GSM989980,48.847474813461304,14.847474813461304
GSE40279,7,GSM989981,68.1574227809906,3.1574227809906006
GSE40279,7,GSM989982,59.76628661155701,7.766286611557007
GSE40279,7,GSM989983,44.97080397605896,12.97080397605896
GSE40279,7,GSM989984,57.3498055934906,10.3498055934906
GSE40279,7,GSM989985,70.2552239894867,16.255223989486694
GSE40279,7,GSM989987,47.43604063987732,19.43604063987732
GSE40279,7,GSM989988,70.60645079612732,16.60645079612732
GSE40279,7,GSM989989,70.03628325462341,11.036283254623413
GSE40279,7,GSM989991,58.71375060081482,8.71375060081482
GSE40279,7,GSM989992,36.7155282497406,6.715528249740601
GSE40279,7,GSM989993,61.65176177024841,11.651761770248413
GSE40279,7,GSM989994,61.83011794090271,14.83011794090271
GSE40279,7,GSM989995,63.61253905296326,16.612539052963257
GSE40279,7,GSM989996,44.94865584373474,11.948655843734741
GSE40279,7,GSM989997,47.49457335472107,9.49457335472107
GSE40279,7,GSM989998,45.878698110580444,10.878698110580444
GSE40279,7,GSM990000,73.0773446559906,6.922655344009399
GSE40279,7,GSM990001,86.12988066673279,0.12988066673278809
GSE40279,7,GSM990002,72.55728697776794,1.5572869777679443
GSE40279,7,GSM990003,69.42519164085388,7.574808359146118
GSE40279,7,GSM990004,73.06554961204529,6.065549612045288
GSE40279,7,GSM990005,77.2111337184906,6.788866281509399
GSE40279,7,GSM990006,77.0940911769867,2.9059088230133057
GSE40279,7,GSM990007,69.97900176048279,0.020998239517211914
GSE40279,7,GSM990009,63.08276152610779,0.08276152610778809
GSE40279,7,GSM990010,68.81637358665466,1.183626413345337
GSE40279,7,GSM990012,73.0425775051117,6.042577505111694
GSE40279,7,GSM990014,57.75902342796326,12.240976572036743
GSE40279,7,GSM990015,80.5083520412445,6.508352041244507
GSE40279,7,GSM990016,76.07164549827576,3.071645498275757
GSE40279,7,GSM990017,70.5020043849945,6.497995615005493
GSE40279,7,GSM990018,89.87441802024841,9.874418020248413
GSE40279,7,GSM990019,77.02654814720154,11.026548147201538
GSE40279,7,GSM990021,83.33546996116638,7.335469961166382
GSE40279,7,GSM990022,71.89996886253357,6.100031137466431
GSE40279,7,GSM990023,81.7902581691742,0.20974183082580566
GSE40279,7,GSM990024,78.473562002182,2.473562002182007
GSE40279,7,GSM990025,68.593190908432,2.406809091567993
GSE40279,7,GSM990026,73.56416869163513,8.435831308364868
GSE40279,7,GSM990027,87.31370329856873,4.313703298568726
GSE40279,7,GSM990028,71.113210439682,7.886789560317993
GSE40279,7,GSM990029,68.6995141506195,6.300485849380493
GSE40279,7,GSM990031,60.79800200462341,3.201997995376587
GSE40279,7,GSM990033,90.49912810325623,1.5008718967437744
GSE40279,7,GSM990034,79.75614714622498,5.756147146224976
GSE40279,7,GSM990035,71.13854765892029,2.138547658920288
GSE40279,7,GSM990036,78.94240355491638,1.0575964450836182
GSE40279,7,GSM990039,84.7953851222992,3.7953851222991943
GSE40279,7,GSM990041,73.1516625881195,4.151662588119507
GSE40279,7,GSM990042,73.8904321193695,0.8904321193695068
GSE40279,7,GSM990045,61.73565459251404,6.264345407485962
GSE40279,7,GSM990046,81.80157256126404,12.801572561264038
GSE40279,7,GSM990049,77.42149901390076,3.578500986099243
GSE40279,7,GSM990050,61.57656645774841,9.423433542251587
GSE40279,7,GSM990051,68.91689085960388,2.083109140396118
GSE40279,7,GSM990052,75.69367003440857,0.6936700344085693
GSE40279,7,GSM990053,54.76138091087341,5.238619089126587
GSE40279,7,GSM990054,72.13648772239685,4.863512277603149
GSE40279,7,GSM990055,77.95508360862732,7.044916391372681
GSE40279,7,GSM990056,68.45107054710388,1.5489294528961182
GSE40279,7,GSM990057,64.64848113059998,2.6484811305999756
GSE40279,7,GSM990058,68.81093382835388,0.18906617164611816
GSE40279,7,GSM990059,68.63080382347107,4.369196176528931
GSE40279,7,GSM990060,75.74233031272888,2.742330312728882
GSE40279,7,GSM990061,70.35398650169373,3.6460134983062744
GSE40279,7,GSM990062,70.39565825462341,2.604341745376587
GSE40279,7,GSM990063,79.04041075706482,6.959589242935181
GSE40279,7,GSM990066,78.09728026390076,3.097280263900757
GSE40279,7,GSM990068,55.77316451072693,11.226835489273071
GSE40279,7,GSM990070,51.37178587913513,3.371785879135132
GSE40279,7,GSM990072,62.65997099876404,14.659970998764038
GSE40279,7,GSM990075,55.788392782211304,9.788392782211304
GSE40279,7,GSM990076,55.873536825180054,4.126463174819946
GSE40279,7,GSM990077,51.91859221458435,11.91859221458435
GSE40279,7,GSM990079,50.36878752708435,9.36878752708435
GSE40279,7,GSM990080,50.485509634017944,2.5144903659820557
GSE40279,7,GSM990081,57.77050566673279,9.770505666732788
GSE40279,7,GSM990082,70.2369134426117,0.7630865573883057
GSE40279,7,GSM990083,57.767396688461304,5.767396688461304
GSE40279,7,GSM990084,57.54179930686951,6.458200693130493
GSE40279,7,GSM990085,49.620866537094116,1.6208665370941162
GSE40279,7,GSM990086,51.22430968284607,3.7756903171539307
GSE40279,7,GSM990087,72.38763976097107,4.387639760971069
GSE40279,7,GSM990088,53.975656270980835,7.975656270980835
GSE40279,7,GSM990089,65.35906767845154,1.359067678451538
GSE40279,7,GSM990090,54.11597990989685,2.8840200901031494
GSE40279,7,GSM990091,49.00609374046326,4.006093740463257
GSE40279,7,GSM990094,73.00185942649841,13.001859426498413
GSE40279,7,GSM990095,55.25936675071716,4.259366750717163
GSE40279,7,GSM990096,36.4057137966156,36.5942862033844
GSE40279,7,GSM990097,52.8152596950531,14.8152596950531
GSE40279,7,GSM990099,70.56641173362732,6.566411733627319
GSE40279,7,GSM990100,61.89039397239685,3.8903939723968506
GSE40279,7,GSM990101,46.69683241844177,3.6968324184417725
GSE40279,7,GSM990102,39.81475615501404,1.814756155014038
GSE40279,7,GSM990103,54.38534331321716,0.3853433132171631
GSE40279,7,GSM990104,71.54049468040466,1.540494680404663
GSE40279,7,GSM990106,65.56568694114685,3.5656869411468506
GSE40279,7,GSM990107,49.41278624534607,1.5872137546539307
GSE40279,7,GSM990108,45.6443727016449,4.6443727016448975
GSE40279,7,GSM990109,46.0706307888031,6.929369211196899
GSE40279,7,GSM990110,57.683263540267944,7.316736459732056
GSE40279,7,GSM990111,52.04573607444763,2.045736074447632
GSE40279,7,GSM990112,57.79900145530701,2.799001455307007
GSE40279,7,GSM990113,59.497010946273804,2.5029890537261963
GSE40279,7,GSM990114,60.41486144065857,0.5851385593414307
GSE40279,7,GSM990115,46.2055184841156,8.2055184841156
GSE40279,7,GSM990117,69.661306142807,5.661306142807007
GSE40279,7,GSM990118,46.356298208236694,10.643701791763306
GSE40279,7,GSM990119,57.0234010219574,0.02340102195739746
GSE40279,7,GSM990120,49.172467947006226,0.17246794700622559
GSE40279,7,GSM990121,58.21203398704529,5.787966012954712
GSE40279,7,GSM990122,47.901010274887085,18.098989725112915
GSE40279,7,GSM990268,50.398141622543335,1.601858377456665
GSE40279,7,GSM990269,55.42193388938904,12.421933889389038
GSE40279,7,GSM990271,53.238927602767944,2.2389276027679443
GSE40279,7,GSM990272,54.06902861595154,3.930971384048462
GSE40279,7,GSM990273,53.589765310287476,9.410234689712524
GSE40279,7,GSM990274,51.268773794174194,3.7312262058258057
GSE40279,7,GSM990275,50.010961294174194,0.010961294174194336
GSE40279,7,GSM990276,68.9981210231781,11.9981210231781
GSE40279,7,GSM990277,29.452768087387085,3.547231912612915
GSE40279,7,GSM990278,54.02784514427185,8.02784514427185
GSE40279,7,GSM990279,46.79656767845154,0.7965676784515381
GSE40279,7,GSM990281,53.8933846950531,1.1066153049468994
GSE40279,7,GSM990282,41.70190215110779,22.298097848892212
GSE40279,7,GSM990283,39.77564787864685,6.224352121353149
GSE40279,7,GSM990284,57.14788603782654,8.852113962173462
GSE40279,7,GSM990285,43.14660429954529,3.853395700454712
GSE40279,7,GSM990286,42.044862508773804,15.955137491226196
GSE40279,7,GSM990287,57.272477865219116,3.727522134780884
GSE40279,7,GSM990288,37.4385507106781,10.5614492893219
GSE40279,7,GSM990289,39.555890798568726,5.444109201431274
GSE40279,7,GSM990290,53.57097411155701,8.429025888442993
GSE40279,7,GSM990291,45.936219930648804,4.063780069351196
GSE40279,7,GSM990292,31.769490957260132,2.230509042739868
GSE40279,7,GSM990293,54.40176558494568,9.598234415054321
GSE40279,7,GSM990294,45.69967818260193,9.300321817398071
GSE40279,7,GSM990295,50.19155669212341,2.191556692123413
GSE40279,7,GSM990297,55.845231771469116,8.154768228530884
GSE40279,7,GSM990298,52.86845946311951,5.131540536880493
GSE40279,7,GSM990299,34.58299803733826,2.417001962661743
GSE40279,7,GSM990300,54.9590585231781,5.040941476821899
GSE40279,7,GSM990301,54.3655641078949,8.634435892105103
GSE40279,7,GSM990302,48.754796743392944,10.245203256607056
GSE40279,7,GSM990303,45.72737669944763,8.272623300552368
GSE40279,7,GSM990304,51.99450087547302,8.005499124526978
GSE40279,7,GSM990305,47.54381346702576,3.456186532974243
GSE40279,7,GSM990306,64.03131651878357,1.0313165187835693
GSE40279,7,GSM990307,56.05885863304138,7.941141366958618
GSE40279,7,GSM990309,51.66405653953552,7.6640565395355225
GSE40279,7,GSM990311,57.651201009750366,8.348798990249634
GSE40279,7,GSM990313,52.16433501243591,8.835664987564087
GSE40279,7,GSM990314,52.158212423324585,0.15821242332458496
GSE40279,7,GSM990315,60.76560378074646,0.23439621925354004
GSE40279,7,GSM990318,41.08431792259216,10.915682077407837
GSE40279,7,GSM990319,47.675431966781616,7.324568033218384
GSE40279,7,GSM990320,61.592057943344116,2.592057943344116
GSE40279,7,GSM990321,51.432286977767944,7.567713022232056
GSE40279,7,GSM990323,46.34790587425232,0.34790587425231934
GSE40279,7,GSM990324,31.70264983177185,0.7026498317718506
GSE40279,7,GSM990325,57.18286681175232,2.1828668117523193
GSE40279,7,GSM990326,42.483991384506226,10.516008615493774
GSE40279,7,GSM990327,44.81476378440857,2.8147637844085693
GSE40279,7,GSM990329,46.46021819114685,3.5397818088531494
GSE40279,7,GSM990330,46.899266958236694,5.100733041763306
GSE40279,7,GSM990331,39.237069845199585,5.762930154800415
GSE40279,7,GSM990332,51.23644423484802,13.763555765151978
GSE40279,7,GSM990333,42.63741850852966,16.362581491470337
GSE40279,7,GSM990334,57.139650106430054,0.8603498935699463
GSE40279,7,GSM990335,60.7259042263031,3.2740957736968994
GSE40279,7,GSM990336,48.22081923484802,12.779180765151978
GSE40279,7,GSM990337,52.55636382102966,14.443636178970337
GSE40279,7,GSM990338,56.72763228416443,2.2723677158355713
GSE40279,7,GSM990339,47.62787413597107,10.37212586402893
GSE40279,7,GSM990340,43.705541372299194,10.294458627700806
GSE40279,7,GSM990341,52.87206435203552,4.1279356479644775
GSE40279,7,GSM990342,53.99536681175232,6.004633188247681
GSE40279,7,GSM990343,43.620404958724976,6.379595041275024
GSE40279,7,GSM990346,42.34142088890076,1.6585791110992432
GSE40279,7,GSM990347,55.60466551780701,6.395334482192993
GSE40279,7,GSM990348,67.24448943138123,8.755510568618774
GSE40279,7,GSM990350,44.446916341781616,1.5530836582183838
GSE40279,7,GSM990352,52.19545531272888,6.804544687271118
GSE40279,7,GSM990353,49.415509939193726,2.5844900608062744
GSE40279,7,GSM990354,35.982465505599976,14.017534494400024
GSE40279,7,GSM990355,37.37878966331482,7.621210336685181
GSE40279,7,GSM990356,45.522477865219116,6.477522134780884
GSE40279,7,GSM990357,45.373204946517944,8.626795053482056
GSE40279,7,GSM990358,62.07960295677185,0.07960295677185059
GSE40279,7,GSM990360,52.85169005393982,10.14830994606018
GSE40279,7,GSM990363,58.300084829330444,6.699915170669556
GSE40279,7,GSM990364,54.03490233421326,9.965097665786743
GSE40279,7,GSM990365,49.20232176780701,7.797678232192993
GSE40279,7,GSM990366,57.99982237815857,5.000177621841431
GSE40279,7,GSM990369,40.341195821762085,2.341195821762085
GSE40279,7,GSM990371,52.83971571922302,6.1602842807769775
GSE40279,7,GSM990372,55.30723738670349,2.692762613296509
GSE40279,7,GSM990373,39.71645903587341,1.283540964126587
GSE40279,7,GSM990375,26.73749327659607,0.7374932765960693
GSE40279,7,GSM990376,52.85653853416443,8.143461465835571
GSE40279,7,GSM990377,60.4604012966156,4.460401296615601
GSE40279,7,GSM990378,51.04236388206482,14.95763611793518
GSE40279,7,GSM990379,54.91742491722107,7.082575082778931
GSE40279,7,GSM990381,50.55138945579529,4.448610544204712
GSE40279,7,GSM990382,48.890912771224976,12.109087228775024
GSE40279,7,GSM990383,59.35409712791443,1.3540971279144287
GSE40279,7,GSM990385,51.170663595199585,11.829336404800415
GSE40279,7,GSM990386,56.101640462875366,2.898359537124634
GSE40279,7,GSM990387,54.78051543235779,6.219484567642212
GSE40279,7,GSM990388,57.853837728500366,8.146162271499634
GSE40279,7,GSM990389,54.84884810447693,10.151151895523071
GSE40279,7,GSM990390,53.19612669944763,4.803873300552368
GSE40279,7,GSM990391,41.76944899559021,1.23055100440979
GSE40279,7,GSM990392,47.756669759750366,7.243330240249634
GSE40279,7,GSM990394,50.69003462791443,0.6900346279144287
GSE40279,7,GSM990395,40.38653349876404,5.613466501235962
GSE40279,7,GSM990396,53.02473998069763,0.9752600193023682
GSE40279,7,GSM990397,76.62255644798279,3.377443552017212
GSE40279,7,GSM990398,69.372487783432,13.627512216567993
GSE40279,7,GSM990399,73.82293486595154,3.177065134048462
GSE40279,7,GSM990400,72.00092101097107,3.9990789890289307
GSE40279,7,GSM990403,62.48522734642029,19.514772653579712
GSE40279,7,GSM990404,41.59392333030701,16.406076669692993
GSE40279,7,GSM990405,61.88345503807068,4.116544961929321
GSE40279,7,GSM990406,58.0158326625824,26.984167337417603
GSE40279,7,GSM990407,64.93420195579529,1.065798044204712
GSE40279,7,GSM990408,63.78468871116638,5.215311288833618
GSE40279,7,GSM990409,65.68324828147888,18.316751718521118
GSE40279,7,GSM990410,75.04852843284607,3.9514715671539307
GSE40279,7,GSM990411,59.3529794216156,4.647020578384399
GSE40279,7,GSM990412,62.8228280544281,15.1771719455719
GSE40279,7,GSM990413,51.632707357406616,1.3672926425933838
GSE40279,7,GSM990414,56.24358916282654,2.756410837173462
GSE40279,7,GSM990416,64.0696313381195,3.069631338119507
GSE40279,7,GSM990418,58.85348296165466,10.146517038345337
GSE40279,7,GSM990419,62.09724974632263,2.097249746322632
GSE40279,7,GSM990420,55.66649031639099,9.333509683609009
GSE40279,7,GSM990421,79.93041014671326,9.069589853286743
GSE40279,7,GSM990422,47.08584380149841,26.914156198501587
GSE40279,7,GSM990423,65.06264281272888,15.937357187271118
GSE40279,7,GSM990424,72.40875792503357,4.408757925033569
GSE40279,7,GSM990425,61.86334013938904,6.136659860610962
GSE40279,7,GSM990426,61.25903868675232,3.7409613132476807
GSE40279,7,GSM990427,78.13821196556091,11.861788034439087
GSE40279,7,GSM990429,74.29615569114685,4.703844308853149
GSE40279,7,GSM990430,61.47576689720154,4.475766897201538
GSE40279,7,GSM990431,56.64122557640076,19.358774423599243
GSE40279,7,GSM990432,75.55249571800232,3.4475042819976807
GSE40279,7,GSM990433,39.9911630153656,9.0088369846344
GSE40279,7,GSM990434,78.5901849269867,13.409815073013306
GSE40279,7,GSM990435,60.20569396018982,5.794306039810181
GSE40279,7,GSM990436,57.75145125389099,1.2485487461090088
GSE40279,7,GSM990437,57.99160933494568,18.00839066505432
GSE40279,7,GSM990438,58.34168791770935,2.3416879177093506
GSE40279,7,GSM990439,52.15279936790466,0.15279936790466309
GSE40279,7,GSM990440,58.39397215843201,6.606027841567993
GSE40279,7,GSM990441,67.31162810325623,5.688371896743774
GSE40279,7,GSM990442,73.4831063747406,8.4831063747406
GSE40279,7,GSM990443,81.0407464504242,2.9592535495758057
GSE40279,7,GSM990445,75.00092101097107,2.9990789890289307
GSE40279,7,GSM990446,56.466893911361694,3.4668939113616943
GSE40279,7,GSM990447,77.14115691184998,9.141156911849976
GSE40279,7,GSM990448,47.256044149398804,4.743955850601196
GSE40279,7,GSM990449,60.07043242454529,11.929567575454712
GSE40279,7,GSM990450,57.0574586391449,9.057458639144897
GSE40279,7,GSM990451,53.32281279563904,6.677187204360962
GSE40279,7,GSM990452,87.06502318382263,26.065023183822632
GSE40279,7,GSM990453,62.85069823265076,6.149301767349243
GSE40279,7,GSM990454,70.07625365257263,10.923746347427368
GSE40279,7,GSM990455,70.93404173851013,14.934041738510132
GSE40279,7,GSM990456,76.3644769191742,2.6355230808258057
GSE40279,7,GSM990457,73.664724111557,8.335275888442993
GSE40279,7,GSM990458,54.78493285179138,3.215067148208618
GSE40279,7,GSM990459,58.525434255599976,16.474565744400024
GSE40279,7,GSM990462,83.6477563381195,13.647756338119507
GSE40279,7,GSM990463,66.74843382835388,10.251566171646118
GSE40279,7,GSM990464,52.61888670921326,3.381113290786743
GSE40279,7,GSM990465,58.64720702171326,8.352792978286743
GSE40279,7,GSM990466,74.90918517112732,1.0908148288726807
GSE40279,7,GSM990467,82.5967309474945,6.403269052505493
GSE40279,7,GSM990468,50.30699706077576,18.693002939224243
GSE40279,7,GSM990470,68.62310576438904,11.376894235610962
GSE40279,7,GSM990471,75.9004876613617,0.09951233863830566
GSE40279,7,GSM990473,51.64185881614685,9.35814118385315
GSE40279,7,GSM990474,45.07982420921326,6.920175790786743
GSE40279,7,GSM990475,63.42042326927185,5.579576730728149
GSE40279,7,GSM990477,62.08624053001404,6.913759469985962
GSE40279,7,GSM990478,51.92332625389099,13.076673746109009
GSE40279,7,GSM990479,41.90035033226013,3.099649667739868
GSE40279,7,GSM990481,61.35400176048279,14.645998239517212
GSE40279,7,GSM990482,67.26595854759216,8.734041452407837
GSE40279,7,GSM990484,63.798192739486694,7.201807260513306
GSE40279,7,GSM990485,39.3070809841156,12.6929190158844
GSE40279,7,GSM990486,83.10437560081482,0.8956243991851807
GSE40279,7,GSM990487,53.673784017562866,3.326215982437134
GSE40279,7,GSM990488,64.43102812767029,3.568971872329712
GSE40279,7,GSM990489,68.72292113304138,5.277078866958618
GSE40279,7,GSM990490,34.731767416000366,1.7317674160003662
GSE40279,7,GSM990492,62.32885527610779,10.671144723892212
GSE40279,7,GSM990494,49.807782888412476,22.192217111587524
GSE40279,7,GSM990495,70.599050283432,7.400949716567993
GSE40279,7,GSM990496,52.472795248031616,15.527204751968384
GSE40279,7,GSM990497,51.954652547836304,0.04534745216369629
GSE40279,7,GSM990498,50.24668288230896,13.75331711769104
GSE40279,7,GSM990499,36.051515340805054,9.051515340805054
GSE40279,7,GSM990500,39.16726088523865,10.167260885238647
GSE40279,7,GSM990501,51.79405760765076,7.794057607650757
GSE40279,7,GSM990502,42.045087575912476,1.0450875759124756
GSE40279,7,GSM990503,47.82604002952576,2.826040029525757
GSE40279,7,GSM990504,29.40004324913025,2.400043249130249
GSE40279,7,GSM990505,54.12953734397888,6.129537343978882
GSE40279,7,GSM990506,56.10761046409607,0.10761046409606934
GSE40279,7,GSM990507,43.25457549095154,9.254575490951538
GSE40279,7,GSM990508,52.787084341049194,16.212915658950806
GSE40279,7,GSM990509,37.74089598655701,18.259104013442993
GSE40279,7,GSM990510,37.936681509017944,9.063318490982056
GSE40279,7,GSM990512,54.28394103050232,5.716058969497681
GSE40279,7,GSM990514,56.23248839378357,3.7675116062164307
GSE40279,7,GSM990516,47.67699217796326,7.323007822036743
GSE40279,7,GSM990517,33.609845876693726,1.6098458766937256
GSE40279,7,GSM990518,22.54338049888611,0.4566195011138916
GSE40279,7,GSM990519,33.567235708236694,9.432764291763306
GSE40279,7,GSM990520,33.61999297142029,13.380007028579712
GSE40279,7,GSM990521,42.26788115501404,1.732118844985962
GSE40279,7,GSM990522,37.93511748313904,0.9351174831390381
GSE40279,7,GSM990523,27.884420156478882,0.8844201564788818
GSE40279,7,GSM990525,33.72756743431091,5.727567434310913
GSE40279,7,GSM990526,57.92729735374451,6.927297353744507
GSE40279,7,GSM990528,29.443246603012085,10.443246603012085
GSE40279,7,GSM990529,51.72646117210388,7.726461172103882
GSE40279,7,GSM990530,64.05808806419373,15.058088064193726
GSE40279,7,GSM990532,46.88918852806091,2.889188528060913
GSE40279,7,GSM990533,63.19688963890076,1.1968896389007568
GSE40279,7,GSM990534,40.81970000267029,10.819700002670288
GSE40279,7,GSM990536,33.421178579330444,2.5788214206695557
GSE40279,7,GSM990537,32.524850606918335,7.524850606918335
GSE40279,7,GSM990538,44.38084959983826,8.380849599838257
GSE40279,7,GSM990539,28.081334829330444,7.081334829330444
GSE40279,7,GSM990540,50.642308950424194,10.642308950424194
GSE40279,7,GSM990541,34.959264516830444,12.959264516830444
GSE40279,7,GSM990542,39.89928984642029,3.899289846420288
GSE40279,7,GSM990543,65.41998839378357,7.419988393783569
GSE40279,7,GSM990544,81.39578032493591,1.604219675064087
GSE40279,7,GSM990548,71.80589842796326,5.805898427963257
GSE40279,7,GSM990550,64.07088255882263,17.929117441177368
GSE40279,7,GSM990551,74.95322966575623,1.9532296657562256
GSE40279,7,GSM990552,74.21869444847107,2.7813055515289307
GSE40279,7,GSM990553,80.7263696193695,0.7263696193695068
GSE40279,7,GSM990554,62.82484984397888,16.175150156021118
GSE40279,7,GSM990555,71.74393248558044,1.2560675144195557
GSE40279,7,GSM990557,72.97728514671326,12.022714853286743
GSE40279,7,GSM990558,94.81992888450623,3.8199288845062256
GSE40279,7,GSM990559,82.21153044700623,2.7884695529937744
GSE40279,7,GSM990560,78.9638421535492,7.036157846450806
GSE40279,7,GSM990561,80.8948495388031,6.894849538803101
GSE40279,7,GSM990563,84.063649892807,2.936350107192993
GSE40279,7,GSM990564,74.54080748558044,1.4591925144195557
GSE40279,7,GSM990565,71.718923330307,9.281076669692993
GSE40279,7,GSM990566,61.08598875999451,2.085988759994507
GSE40279,7,GSM990567,71.97304320335388,1.0269567966461182
GSE40279,7,GSM990569,81.48314452171326,3.516855478286743
GSE40279,7,GSM990570,66.89059233665466,2.109407663345337
GSE40279,7,GSM990571,66.44409728050232,18.55590271949768
GSE40279,7,GSM990572,82.52049803733826,2.479501962661743
GSE40279,7,GSM990573,83.82803893089294,0.17196106910705566
GSE40279,7,GSM990574,72.29494261741638,10.705057382583618
GSE40279,7,GSM990575,78.70341277122498,11.703412771224976
GSE40279,7,GSM990578,90.36359190940857,3.3635919094085693
GSE40279,7,GSM990579,75.83270812034607,8.16729187965393
GSE40279,7,GSM990580,78.1988275051117,3.8011724948883057
GSE40279,7,GSM990581,84.73714232444763,8.262857675552368
GSE40279,7,GSM990583,82.18658995628357,2.1865899562835693
GSE40279,7,GSM990584,78.56610655784607,9.43389344215393
GSE40279,7,GSM990585,68.7616937160492,3.2383062839508057
GSE40279,7,GSM990587,50.44637846946716,5.553621530532837
GSE40279,7,GSM990588,88.25133299827576,3.748667001724243
GSE40279,7,GSM990589,76.64688658714294,1.3531134128570557
GSE40279,7,GSM990590,72.00729155540466,1.007291555404663
GSE40279,7,GSM990591,63.84984374046326,25.150156259536743
GSE40279,7,GSM990592,45.98046660423279,8.019533395767212
GSE40279,7,GSM990593,64.1135766506195,1.8864233493804932
GSE40279,7,GSM990594,78.03480315208435,3.0348031520843506
GSE40279,7,GSM990595,79.23922514915466,10.760774850845337
GSE40279,7,GSM990596,61.289201498031616,4.710798501968384
GSE40279,7,GSM990597,86.2355706691742,9.235570669174194
GSE40279,7,GSM990598,79.5004632472992,2.4995367527008057
GSE40279,7,GSM990599,73.61572813987732,8.61572813987732
GSE40279,7,GSM990600,64.15379118919373,6.153791189193726
GSE40279,7,GSM990603,74.20470213890076,0.20470213890075684
GSE40279,7,GSM990604,70.92504668235779,1.925046682357788
GSE40279,7,GSM990605,81.95738005638123,1.0426199436187744
GSE40279,7,GSM990606,83.83621764183044,0.8362176418304443
GSE40279,7,GSM990607,87.776540517807,17.776540517807007
GSE40279,7,GSM990608,77.36183714866638,13.361837148666382
GSE40279,7,GSM990609,73.6452386379242,23.645238637924194
GSE40279,7,GSM990610,97.28582549095154,23.285825490951538
GSE40279,7,GSM990611,67.64186644554138,1.3581335544586182
GSE40279,7,GSM990612,93.31895995140076,7.318959951400757
GSE40279,7,GSM990613,62.68359923362732,3.3164007663726807
GSE40279,7,GSM990614,79.93517088890076,9.935170888900757
GSE40279,7,GSM990615,98.07742094993591,9.077420949935913
GSE40279,7,GSM990617,73.73299193382263,4.732991933822632
GSE40279,7,GSM990618,68.29668974876404,4.296689748764038
GSE40279,7,GSM990619,75.88245177268982,3.1175482273101807
GSE40279,7,GSM990620,82.7266595363617,9.273340463638306
GSE40279,7,GSM990621,77.63182616233826,7.631826162338257
GSE40279,7,GSM990622,81.80998015403748,4.809980154037476
GSE40279,7,GSM990623,82.944509267807,4.944509267807007
GSE40279,7,GSM990624,76.67366576194763,5.673665761947632
GSE40279,7,GSM990625,77.92748045921326,9.927480459213257
GSE40279,7,GSM990626,64.11891722679138,3.118917226791382
GSE40279,7,GSM990627,73.71536803245544,0.7153680324554443
GSE40279,8,GSM989827,58.37919330596924,8.620806694030762
GSE40279,8,GSM989828,86.05859851837158,2.941401481628418
GSE40279,8,GSM989829,67.57658863067627,1.5765886306762695
GSE40279,8,GSM989831,61.9378023147583,0.06219768524169922
GSE40279,8,GSM989832,68.62485218048096,18.375147819519043
GSE40279,8,GSM989833,61.35863208770752,11.64136791229248
GSE40279,8,GSM989834,72.17065906524658,2.829340934753418
GSE40279,8,GSM989836,98.51138019561768,15.511380195617676
GSE40279,8,GSM989838,50.3486909866333,2.348690986633301
GSE40279,8,GSM989839,73.1150255203247,3.884974479675293
GSE40279,8,GSM989840,53.60245990753174,0.3975400924682617
GSE40279,8,GSM989843,76.57199573516846,8.571995735168457
GSE40279,8,GSM989846,67.53013324737549,7.530133247375488
GSE40279,8,GSM989847,82.31138324737549,3.3113832473754883
GSE40279,8,GSM989848,75.22202014923096,7.222020149230957
GSE40279,8,GSM989850,82.10303211212158,1.896967887878418
GSE40279,8,GSM989852,68.81757831573486,5.182421684265137
GSE40279,8,GSM989854,72.31954669952393,16.319546699523926
GSE40279,8,GSM989855,75.66512775421143,3.665127754211426
GSE40279,8,GSM989856,75.80200672149658,0.802006721496582
GSE40279,8,GSM989857,84.08126544952393,5.081265449523926
GSE40279,8,GSM989859,74.41911029815674,7.580889701843262
GSE40279,8,GSM989861,89.65400409698486,10.654004096984863
GSE40279,8,GSM989862,59.122586250305176,5.122586250305176
GSE40279,8,GSM989865,71.31852436065674,12.681475639343262
GSE40279,8,GSM989868,77.24561786651611,3.2456178665161133
GSE40279,8,GSM989869,59.005642890930176,17.994357109069824
GSE40279,8,GSM989871,79.21093463897705,7.789065361022949
GSE40279,8,GSM989873,77.86833667755127,10.13166332244873
GSE40279,8,GSM989874,64.4009599685669,1.5990400314331055
GSE40279,8,GSM989875,70.11466693878174,7.885333061218262
GSE40279,8,GSM989876,66.94727039337158,13.947270393371582
GSE40279,8,GSM989877,72.66928577423096,3.330714225769043
GSE40279,8,GSM989880,61.85581684112549,7.855816841125488
GSE40279,8,GSM989881,72.53042316436768,0.4695768356323242
GSE40279,8,GSM989882,71.74020862579346,24.259791374206543
GSE40279,8,GSM989883,63.118062019348145,6.1180620193481445
GSE40279,8,GSM989884,64.20332050323486,11.796679496765137
GSE40279,8,GSM989885,49.401761054992676,2.401761054992676
GSE40279,8,GSM989886,55.93055057525635,1.9305505752563477
GSE40279,8,GSM989887,64.84432697296143,8.155673027038574
GSE40279,8,GSM989888,73.38448810577393,10.615511894226074
GSE40279,8,GSM989889,72.84377002716064,10.843770027160645
GSE40279,8,GSM989890,80.33500385284424,8.664996147155762
GSE40279,8,GSM989891,67.55607318878174,0.4439268112182617
GSE40279,8,GSM989892,66.18862628936768,4.188626289367676
GSE40279,8,GSM989893,76.26754474639893,2.732455253601074
GSE40279,8,GSM989894,66.6115083694458,5.388491630554199
GSE40279,8,GSM989895,63.8511323928833,5.148867607116699
GSE40279,8,GSM989896,50.51594257354736,4.484057426452637
GSE40279,8,GSM989898,75.44279193878174,3.5572080612182617
GSE40279,8,GSM989899,71.29468250274658,0.705317497253418
GSE40279,8,GSM989900,81.11849689483643,7.881503105163574
GSE40279,8,GSM989902,69.4036455154419,15.596354484558105
GSE40279,8,GSM989903,71.10902118682861,3.1090211868286133
GSE40279,8,GSM989904,91.03992938995361,2.0399293899536133
GSE40279,8,GSM989905,79.47205829620361,6.472058296203613
GSE40279,8,GSM989906,62.69755268096924,0.3024473190307617
GSE40279,8,GSM989907,68.6840181350708,9.3159818649292
GSE40279,8,GSM989911,87.44455432891846,2.444554328918457
GSE40279,8,GSM989914,72.82245349884033,1.177546501159668
GSE40279,8,GSM989915,81.2173204421997,2.782679557800293
GSE40279,8,GSM989917,58.006192207336426,9.006192207336426
GSE40279,8,GSM989918,77.91883563995361,8.918835639953613
GSE40279,8,GSM989919,75.83691120147705,12.83691120147705
GSE40279,8,GSM989920,70.43803119659424,4.438031196594238
GSE40279,8,GSM989921,81.56227588653564,3.4377241134643555
GSE40279,8,GSM989924,63.52555561065674,4.525555610656738
GSE40279,8,GSM989925,67.66508960723877,2.3349103927612305
GSE40279,8,GSM989926,71.3426866531372,6.342686653137207
GSE40279,8,GSM989927,74.3638505935669,6.3638505935668945
GSE40279,8,GSM989928,83.38497638702393,0.6150236129760742
GSE40279,8,GSM989930,55.20314884185791,4.20314884185791
GSE40279,8,GSM989931,66.80091571807861,3.8009157180786133
GSE40279,8,GSM989932,70.8587236404419,1.8587236404418945
GSE40279,8,GSM989934,64.97465991973877,13.02534008026123
GSE40279,8,GSM989935,51.13840198516846,0.861598014831543
GSE40279,8,GSM989936,53.67478656768799,4.674786567687988
GSE40279,8,GSM989937,64.49874591827393,11.498745918273926
GSE40279,8,GSM989938,63.97230243682861,4.972302436828613
GSE40279,8,GSM989939,67.74450397491455,5.744503974914551
GSE40279,8,GSM989941,75.51182270050049,7.511822700500488
GSE40279,8,GSM989942,72.73542499542236,1.2645750045776367
GSE40279,8,GSM989943,58.59032154083252,0.40967845916748047
GSE40279,8,GSM989944,76.24569416046143,0.24569416046142578
GSE40279,8,GSM989945,62.11253070831299,8.112530708312988
GSE40279,8,GSM989946,68.12587451934814,9.125874519348145
GSE40279,8,GSM989947,63.95731830596924,15.957318305969238
GSE40279,8,GSM989948,54.85355854034424,9.853558540344238
GSE40279,8,GSM989950,66.92026233673096,3.920262336730957
GSE40279,8,GSM989951,74.70819568634033,5.291804313659668
GSE40279,8,GSM989952,63.568203926086426,3.568203926086426
GSE40279,8,GSM989953,77.06326007843018,6.063260078430176
GSE40279,8,GSM989954,70.15751361846924,3.1575136184692383
GSE40279,8,GSM989955,63.43872547149658,13.438725471496582
GSE40279,8,GSM989956,78.08471393585205,7.915286064147949
GSE40279,8,GSM989957,70.26405048370361,0.2640504837036133
GSE40279,8,GSM989958,57.44719409942627,3.4471940994262695
GSE40279,8,GSM989961,56.88834476470947,1.1116552352905273
GSE40279,8,GSM989962,61.24015522003174,3.2401552200317383
GSE40279,8,GSM989963,63.38245868682861,0.6175413131713867
GSE40279,8,GSM989964,73.2964448928833,0.2964448928833008
GSE40279,8,GSM989965,49.537075996398926,0.5370759963989258
GSE40279,8,GSM989966,51.99839115142822,4.001608848571777
GSE40279,8,GSM989968,50.41716480255127,2.4171648025512695
GSE40279,8,GSM989969,74.13305377960205,6.866946220397949
GSE40279,8,GSM989971,60.44953632354736,0.5504636764526367
GSE40279,8,GSM989972,56.475090980529785,6.475090980529785
GSE40279,8,GSM989973,60.923306465148926,8.076693534851074
GSE40279,8,GSM989975,43.13640308380127,3.8635969161987305
GSE40279,8,GSM989976,57.02430438995361,14.024304389953613
GSE40279,8,GSM989977,56.76372241973877,1.7637224197387695
GSE40279,8,GSM989978,57.65819263458252,3.6581926345825195
GSE40279,8,GSM989979,62.369648933410645,4.3696489334106445
GSE40279,8,GSM989980,45.73635196685791,11.73635196685791
GSE40279,8,GSM989981,65.0462999343872,0.04629993438720703
GSE40279,8,GSM989982,56.65516376495361,4.655163764953613
GSE40279,8,GSM989983,41.859681129455566,9.859681129455566
GSE40279,8,GSM989984,54.23868274688721,7.238682746887207
GSE40279,8,GSM989985,67.1441011428833,13.1441011428833
GSE40279,8,GSM989987,44.324917793273926,16.324917793273926
GSE40279,8,GSM989988,67.49532794952393,13.495327949523926
GSE40279,8,GSM989989,66.92516040802002,7.9251604080200195
GSE40279,8,GSM989991,55.602627754211426,5.602627754211426
GSE40279,8,GSM989992,33.60440540313721,3.604405403137207
GSE40279,8,GSM989993,58.54063892364502,8.54063892364502
GSE40279,8,GSM989994,58.718995094299316,11.718995094299316
GSE40279,8,GSM989995,60.50141620635986,13.501416206359863
GSE40279,8,GSM989996,41.83753299713135,8.837532997131348
GSE40279,8,GSM989997,44.383450508117676,6.383450508117676
GSE40279,8,GSM989998,42.76757526397705,7.767575263977051
GSE40279,8,GSM990000,69.9662218093872,10.033778190612793
GSE40279,8,GSM990001,83.0187578201294,2.9812421798706055
GSE40279,8,GSM990002,69.44616413116455,1.5538358688354492
GSE40279,8,GSM990003,66.31406879425049,10.685931205749512
GSE40279,8,GSM990004,69.9544267654419,2.9544267654418945
GSE40279,8,GSM990005,74.1000108718872,9.899989128112793
GSE40279,8,GSM990006,73.9829683303833,6.017031669616699
GSE40279,8,GSM990007,66.8678789138794,3.1321210861206055
GSE40279,8,GSM990009,59.971638679504395,3.0283613204956055
GSE40279,8,GSM990010,65.70525074005127,4.2947492599487305
GSE40279,8,GSM990012,69.9314546585083,2.931454658508301
GSE40279,8,GSM990014,54.64790058135986,15.352099418640137
GSE40279,8,GSM990015,77.39722919464111,3.3972291946411133
GSE40279,8,GSM990016,72.96052265167236,0.03947734832763672
GSE40279,8,GSM990017,67.39088153839111,9.609118461608887
GSE40279,8,GSM990018,86.76329517364502,6.7632951736450195
GSE40279,8,GSM990019,73.91542530059814,7.9154253005981445
GSE40279,8,GSM990021,80.22434711456299,4.224347114562988
GSE40279,8,GSM990022,68.78884601593018,9.211153984069824
GSE40279,8,GSM990023,78.6791353225708,3.320864677429199
GSE40279,8,GSM990024,75.36243915557861,0.6375608444213867
GSE40279,8,GSM990025,65.48206806182861,5.517931938171387
GSE40279,8,GSM990026,70.45304584503174,11.546954154968262
GSE40279,8,GSM990027,84.20258045196533,1.202580451965332
GSE40279,8,GSM990028,68.00208759307861,10.997912406921387
GSE40279,8,GSM990029,65.58839130401611,9.411608695983887
GSE40279,8,GSM990031,57.68687915802002,6.3131208419799805
GSE40279,8,GSM990033,87.38800525665283,4.611994743347168
GSE40279,8,GSM990034,76.64502429962158,2.645024299621582
GSE40279,8,GSM990035,68.0274248123169,0.9725751876831055
GSE40279,8,GSM990036,75.83128070831299,4.168719291687012
GSE40279,8,GSM990039,81.6842622756958,0.6842622756958008
GSE40279,8,GSM990041,70.04053974151611,1.0405397415161133
GSE40279,8,GSM990042,70.77930927276611,2.2206907272338867
GSE40279,8,GSM990045,58.624531745910645,9.375468254089355
GSE40279,8,GSM990046,78.69044971466064,9.690449714660645
GSE40279,8,GSM990049,74.31037616729736,6.689623832702637
GSE40279,8,GSM990050,58.46544361114502,12.53455638885498
GSE40279,8,GSM990051,65.80576801300049,5.194231986999512
GSE40279,8,GSM990052,72.58254718780518,2.417452812194824
GSE40279,8,GSM990053,51.65025806427002,8.34974193572998
GSE40279,8,GSM990054,69.02536487579346,7.974635124206543
GSE40279,8,GSM990055,74.84396076202393,10.156039237976074
GSE40279,8,GSM990056,65.33994770050049,4.660052299499512
GSE40279,8,GSM990057,61.53735828399658,0.46264171600341797
GSE40279,8,GSM990058,65.69981098175049,3.3001890182495117
GSE40279,8,GSM990059,65.51968097686768,7.480319023132324
GSE40279,8,GSM990060,72.63120746612549,0.3687925338745117
GSE40279,8,GSM990061,67.24286365509033,6.757136344909668
GSE40279,8,GSM990062,67.28453540802002,5.7154645919799805
GSE40279,8,GSM990063,75.92928791046143,10.070712089538574
GSE40279,8,GSM990066,74.98615741729736,0.013842582702636719
GSE40279,8,GSM990068,52.662041664123535,14.337958335876465
GSE40279,8,GSM990070,48.26066303253174,0.2606630325317383
GSE40279,8,GSM990072,59.548848152160645,11.548848152160645
GSE40279,8,GSM990075,52.67726993560791,6.67726993560791
GSE40279,8,GSM990076,52.76241397857666,7.23758602142334
GSE40279,8,GSM990077,48.80746936798096,8.807469367980957
GSE40279,8,GSM990079,47.25766468048096,6.257664680480957
GSE40279,8,GSM990080,47.37438678741455,5.625613212585449
GSE40279,8,GSM990081,54.659382820129395,6.6593828201293945
GSE40279,8,GSM990082,67.1257905960083,3.874209403991699
GSE40279,8,GSM990083,54.65627384185791,2.65627384185791
GSE40279,8,GSM990084,54.43067646026611,9.569323539733887
GSE40279,8,GSM990085,46.50974369049072,1.4902563095092773
GSE40279,8,GSM990086,48.113186836242676,6.886813163757324
GSE40279,8,GSM990087,69.27651691436768,1.2765169143676758
GSE40279,8,GSM990088,50.86453342437744,4.864533424377441
GSE40279,8,GSM990089,62.247944831848145,1.7520551681518555
GSE40279,8,GSM990090,51.00485706329346,5.995142936706543
GSE40279,8,GSM990091,45.89497089385986,0.8949708938598633
GSE40279,8,GSM990094,69.89073657989502,9.89073657989502
GSE40279,8,GSM990095,52.14824390411377,1.1482439041137695
GSE40279,8,GSM990096,33.29459095001221,39.70540904998779
GSE40279,8,GSM990097,49.70413684844971,11.704136848449707
GSE40279,8,GSM990099,67.45528888702393,3.455288887023926
GSE40279,8,GSM990100,58.77927112579346,0.779271125793457
GSE40279,8,GSM990101,43.58570957183838,0.5857095718383789
GSE40279,8,GSM990102,36.703633308410645,1.2963666915893555
GSE40279,8,GSM990103,51.27422046661377,2.7257795333862305
GSE40279,8,GSM990104,68.42937183380127,1.5706281661987305
GSE40279,8,GSM990106,62.45456409454346,0.45456409454345703
GSE40279,8,GSM990107,46.301663398742676,4.698336601257324
GSE40279,8,GSM990108,42.533249855041504,1.533249855041504
GSE40279,8,GSM990109,42.95950794219971,10.040492057800293
GSE40279,8,GSM990110,54.57214069366455,10.42785930633545
GSE40279,8,GSM990111,48.93461322784424,1.0653867721557617
GSE40279,8,GSM990112,54.68787860870361,0.3121213912963867
GSE40279,8,GSM990113,56.38588809967041,5.61411190032959
GSE40279,8,GSM990114,57.303738594055176,3.696261405944824
GSE40279,8,GSM990115,43.09439563751221,5.094395637512207
GSE40279,8,GSM990117,66.55018329620361,2.5501832962036133
GSE40279,8,GSM990118,43.2451753616333,13.7548246383667
GSE40279,8,GSM990119,53.912278175354004,3.087721824645996
GSE40279,8,GSM990120,46.06134510040283,2.938654899597168
GSE40279,8,GSM990121,55.100911140441895,8.899088859558105
GSE40279,8,GSM990122,44.78988742828369,21.21011257171631
GSE40279,8,GSM990268,47.28701877593994,4.712981224060059
GSE40279,8,GSM990269,52.310811042785645,9.310811042785645
GSE40279,8,GSM990271,50.12780475616455,0.8721952438354492
GSE40279,8,GSM990272,50.957905769348145,7.0420942306518555
GSE40279,8,GSM990273,50.47864246368408,12.521357536315918
GSE40279,8,GSM990274,48.1576509475708,6.842349052429199
GSE40279,8,GSM990275,46.8998384475708,3.100161552429199
GSE40279,8,GSM990276,65.8869981765747,8.886998176574707
GSE40279,8,GSM990277,26.34164524078369,6.658354759216309
GSE40279,8,GSM990278,50.91672229766846,4.916722297668457
GSE40279,8,GSM990279,43.685444831848145,2.3145551681518555
GSE40279,8,GSM990281,50.78226184844971,4.217738151550293
GSE40279,8,GSM990282,38.590779304504395,25.409220695495605
GSE40279,8,GSM990283,36.66452503204346,9.335474967956543
GSE40279,8,GSM990284,54.036763191223145,11.963236808776855
GSE40279,8,GSM990285,40.035481452941895,6.9645185470581055
GSE40279,8,GSM990286,38.93373966217041,19.06626033782959
GSE40279,8,GSM990287,54.16135501861572,6.838644981384277
GSE40279,8,GSM990288,34.32742786407471,13.672572135925293
GSE40279,8,GSM990289,36.44476795196533,8.555232048034668
GSE40279,8,GSM990290,50.45985126495361,11.540148735046387
GSE40279,8,GSM990291,42.82509708404541,7.17490291595459
GSE40279,8,GSM990292,28.65836811065674,5.341631889343262
GSE40279,8,GSM990293,51.290642738342285,12.709357261657715
GSE40279,8,GSM990294,42.588555335998535,12.411444664001465
GSE40279,8,GSM990295,47.08043384552002,0.9195661544799805
GSE40279,8,GSM990297,52.73410892486572,11.265891075134277
GSE40279,8,GSM990298,49.75733661651611,8.242663383483887
GSE40279,8,GSM990299,31.471875190734863,5.528124809265137
GSE40279,8,GSM990300,51.84793567657471,8.152064323425293
GSE40279,8,GSM990301,51.254441261291504,11.745558738708496
GSE40279,8,GSM990302,45.64367389678955,13.35632610321045
GSE40279,8,GSM990303,42.61625385284424,11.383746147155762
GSE40279,8,GSM990304,48.88337802886963,11.116621971130371
GSE40279,8,GSM990305,44.43269062042236,6.567309379577637
GSE40279,8,GSM990306,60.920193672180176,2.079806327819824
GSE40279,8,GSM990307,52.94773578643799,11.052264213562012
GSE40279,8,GSM990309,48.55293369293213,4.552933692932129
GSE40279,8,GSM990311,54.54007816314697,11.459921836853027
GSE40279,8,GSM990313,49.05321216583252,11.94678783416748
GSE40279,8,GSM990314,49.04708957672119,2.9529104232788086
GSE40279,8,GSM990315,57.654480934143066,3.3455190658569336
GSE40279,8,GSM990318,37.97319507598877,14.02680492401123
GSE40279,8,GSM990319,44.56430912017822,10.435690879821777
GSE40279,8,GSM990320,58.48093509674072,0.5190649032592773
GSE40279,8,GSM990321,48.32116413116455,10.67883586883545
GSE40279,8,GSM990323,43.236783027648926,2.763216972351074
GSE40279,8,GSM990324,28.591526985168457,2.408473014831543
GSE40279,8,GSM990325,54.071743965148926,0.9282560348510742
GSE40279,8,GSM990326,39.37286853790283,13.627131462097168
GSE40279,8,GSM990327,41.703640937805176,0.2963590621948242
GSE40279,8,GSM990329,43.34909534454346,6.650904655456543
GSE40279,8,GSM990330,43.7881441116333,8.2118558883667
GSE40279,8,GSM990331,36.12594699859619,8.874053001403809
GSE40279,8,GSM990332,48.12532138824463,16.87467861175537
GSE40279,8,GSM990333,39.52629566192627,19.47370433807373
GSE40279,8,GSM990334,54.02852725982666,3.97147274017334
GSE40279,8,GSM990335,57.61478137969971,6.385218620300293
GSE40279,8,GSM990336,45.10969638824463,15.890303611755371
GSE40279,8,GSM990337,49.44524097442627,17.55475902557373
GSE40279,8,GSM990338,53.616509437561035,5.383490562438965
GSE40279,8,GSM990339,44.516751289367676,13.483248710632324
GSE40279,8,GSM990340,40.5944185256958,13.4055814743042
GSE40279,8,GSM990341,49.76094150543213,7.239058494567871
GSE40279,8,GSM990342,50.884243965148926,9.115756034851074
GSE40279,8,GSM990343,40.50928211212158,9.490717887878418
GSE40279,8,GSM990346,39.23029804229736,4.769701957702637
GSE40279,8,GSM990347,52.49354267120361,9.506457328796387
GSE40279,8,GSM990348,64.13336658477783,11.866633415222168
GSE40279,8,GSM990350,41.33579349517822,4.664206504821777
GSE40279,8,GSM990352,49.08433246612549,9.915667533874512
GSE40279,8,GSM990353,46.30438709259033,5.695612907409668
GSE40279,8,GSM990354,32.87134265899658,17.128657341003418
GSE40279,8,GSM990355,34.267666816711426,10.732333183288574
GSE40279,8,GSM990356,42.41135501861572,9.588644981384277
GSE40279,8,GSM990357,42.26208209991455,11.73791790008545
GSE40279,8,GSM990358,58.96848011016846,3.031519889831543
GSE40279,8,GSM990360,49.740567207336426,13.259432792663574
GSE40279,8,GSM990363,55.18896198272705,9.81103801727295
GSE40279,8,GSM990364,50.92377948760986,13.076220512390137
GSE40279,8,GSM990365,46.09119892120361,10.908801078796387
GSE40279,8,GSM990366,54.888699531555176,8.111300468444824
GSE40279,8,GSM990369,37.23007297515869,0.7699270248413086
GSE40279,8,GSM990371,49.72859287261963,9.271407127380371
GSE40279,8,GSM990372,52.1961145401001,5.803885459899902
GSE40279,8,GSM990373,36.60533618927002,4.3946638107299805
GSE40279,8,GSM990375,23.626370429992676,2.373629570007324
GSE40279,8,GSM990376,49.745415687561035,11.254584312438965
GSE40279,8,GSM990377,57.34927845001221,1.349278450012207
GSE40279,8,GSM990378,47.931241035461426,18.068758964538574
GSE40279,8,GSM990379,51.806302070617676,10.193697929382324
GSE40279,8,GSM990381,47.440266609191895,7.5597333908081055
GSE40279,8,GSM990382,45.77978992462158,15.220210075378418
GSE40279,8,GSM990383,56.242974281311035,1.7570257186889648
GSE40279,8,GSM990385,48.05954074859619,14.940459251403809
GSE40279,8,GSM990386,52.99051761627197,6.009482383728027
GSE40279,8,GSM990387,51.669392585754395,9.330607414245605
GSE40279,8,GSM990388,54.74271488189697,11.257285118103027
GSE40279,8,GSM990389,51.737725257873535,13.262274742126465
GSE40279,8,GSM990390,50.08500385284424,7.914996147155762
GSE40279,8,GSM990391,38.658326148986816,4.341673851013184
GSE40279,8,GSM990392,44.64554691314697,10.354453086853027
GSE40279,8,GSM990394,47.578911781311035,2.421088218688965
GSE40279,8,GSM990395,37.275410652160645,8.724589347839355
GSE40279,8,GSM990396,49.91361713409424,4.086382865905762
GSE40279,8,GSM990397,73.5114336013794,6.4885663986206055
GSE40279,8,GSM990398,66.26136493682861,16.738635063171387
GSE40279,8,GSM990399,70.71181201934814,6.2881879806518555
GSE40279,8,GSM990400,68.88979816436768,7.110201835632324
GSE40279,8,GSM990403,59.374104499816895,22.625895500183105
GSE40279,8,GSM990404,38.48280048370361,19.517199516296387
GSE40279,8,GSM990405,58.772332191467285,7.227667808532715
GSE40279,8,GSM990406,54.904709815979004,30.095290184020996
GSE40279,8,GSM990407,61.823079109191895,4.1769208908081055
GSE40279,8,GSM990408,60.67356586456299,8.326434135437012
GSE40279,8,GSM990409,62.57212543487549,21.42787456512451
GSE40279,8,GSM990410,71.93740558624268,7.062594413757324
GSE40279,8,GSM990411,56.24185657501221,7.758143424987793
GSE40279,8,GSM990412,59.71170520782471,18.288294792175293
GSE40279,8,GSM990413,48.52158451080322,4.478415489196777
GSE40279,8,GSM990414,53.132466316223145,5.8675336837768555
GSE40279,8,GSM990416,60.95850849151611,0.04149150848388672
GSE40279,8,GSM990418,55.74236011505127,13.25763988494873
GSE40279,8,GSM990419,58.98612689971924,1.0138731002807617
GSE40279,8,GSM990420,52.5553674697876,12.444632530212402
GSE40279,8,GSM990421,76.81928730010986,12.180712699890137
GSE40279,8,GSM990422,43.97472095489502,30.02527904510498
GSE40279,8,GSM990423,61.95151996612549,19.04848003387451
GSE40279,8,GSM990424,69.29763507843018,1.2976350784301758
GSE40279,8,GSM990425,58.752217292785645,9.247782707214355
GSE40279,8,GSM990426,58.147915840148926,6.852084159851074
GSE40279,8,GSM990427,75.02708911895752,14.97291088104248
GSE40279,8,GSM990429,71.18503284454346,7.814967155456543
GSE40279,8,GSM990430,58.364644050598145,1.3646440505981445
GSE40279,8,GSM990431,53.53010272979736,22.469897270202637
GSE40279,8,GSM990432,72.44137287139893,6.558627128601074
GSE40279,8,GSM990433,36.88004016876221,12.119959831237793
GSE40279,8,GSM990434,75.4790620803833,16.5209379196167
GSE40279,8,GSM990435,57.094571113586426,8.905428886413574
GSE40279,8,GSM990436,54.6403284072876,4.359671592712402
GSE40279,8,GSM990437,54.880486488342285,21.119513511657715
GSE40279,8,GSM990438,55.23056507110596,0.769434928894043
GSE40279,8,GSM990439,49.04167652130127,2.9583234786987305
GSE40279,8,GSM990440,55.28284931182861,9.717150688171387
GSE40279,8,GSM990441,64.20050525665283,8.799494743347168
GSE40279,8,GSM990442,70.3719835281372,5.371983528137207
GSE40279,8,GSM990443,77.9296236038208,6.070376396179199
GSE40279,8,GSM990445,71.88979816436768,6.110201835632324
GSE40279,8,GSM990446,53.3557710647583,0.3557710647583008
GSE40279,8,GSM990447,74.03003406524658,6.030034065246582
GSE40279,8,GSM990448,44.14492130279541,7.85507869720459
GSE40279,8,GSM990449,56.959309577941895,15.040690422058105
GSE40279,8,GSM990450,53.946335792541504,5.946335792541504
GSE40279,8,GSM990451,50.211689949035645,9.788310050964355
GSE40279,8,GSM990452,83.95390033721924,22.95390033721924
GSE40279,8,GSM990453,59.73957538604736,9.260424613952637
GSE40279,8,GSM990454,66.96513080596924,14.034869194030762
GSE40279,8,GSM990455,67.82291889190674,11.822918891906738
GSE40279,8,GSM990456,73.2533540725708,5.746645927429199
GSE40279,8,GSM990457,70.55360126495361,11.446398735046387
GSE40279,8,GSM990458,51.67381000518799,6.326189994812012
GSE40279,8,GSM990459,55.41431140899658,19.585688591003418
GSE40279,8,GSM990462,80.53663349151611,10.536633491516113
GSE40279,8,GSM990463,63.63731098175049,13.362689018249512
GSE40279,8,GSM990464,49.50776386260986,6.492236137390137
GSE40279,8,GSM990465,55.53608417510986,11.463915824890137
GSE40279,8,GSM990466,71.79806232452393,4.201937675476074
GSE40279,8,GSM990467,79.48560810089111,9.514391899108887
GSE40279,8,GSM990468,47.19587421417236,21.804125785827637
GSE40279,8,GSM990470,65.51198291778564,14.488017082214355
GSE40279,8,GSM990471,72.7893648147583,3.210635185241699
GSE40279,8,GSM990473,48.53073596954346,12.469264030456543
GSE40279,8,GSM990474,41.96870136260986,10.031298637390137
GSE40279,8,GSM990475,60.30930042266846,8.690699577331543
GSE40279,8,GSM990477,58.975117683410645,10.024882316589355
GSE40279,8,GSM990478,48.8122034072876,16.187796592712402
GSE40279,8,GSM990479,38.78922748565674,6.210772514343262
GSE40279,8,GSM990481,58.242878913879395,17.757121086120605
GSE40279,8,GSM990482,64.15483570098877,11.84516429901123
GSE40279,8,GSM990484,60.6870698928833,10.3129301071167
GSE40279,8,GSM990485,36.19595813751221,15.804041862487793
GSE40279,8,GSM990486,79.99325275421143,4.006747245788574
GSE40279,8,GSM990487,50.56266117095947,6.437338829040527
GSE40279,8,GSM990488,61.319905281066895,6.6800947189331055
GSE40279,8,GSM990489,65.61179828643799,8.388201713562012
GSE40279,8,GSM990490,31.620644569396973,1.3793554306030273
GSE40279,8,GSM990492,59.217732429504395,13.782267570495605
GSE40279,8,GSM990494,46.69666004180908,25.303339958190918
GSE40279,8,GSM990495,67.48792743682861,10.512072563171387
GSE40279,8,GSM990496,49.36167240142822,18.638327598571777
GSE40279,8,GSM990497,48.84352970123291,3.15647029876709
GSE40279,8,GSM990498,47.135560035705566,16.864439964294434
GSE40279,8,GSM990499,32.94039249420166,5.94039249420166
GSE40279,8,GSM990500,36.056138038635254,7.056138038635254
GSE40279,8,GSM990501,48.68293476104736,4.682934761047363
GSE40279,8,GSM990502,38.93396472930908,2.066035270690918
GSE40279,8,GSM990503,44.71491718292236,0.2850828170776367
GSE40279,8,GSM990504,26.288920402526855,0.7110795974731445
GSE40279,8,GSM990505,51.01841449737549,3.0184144973754883
GSE40279,8,GSM990506,52.996487617492676,3.003512382507324
GSE40279,8,GSM990507,40.143452644348145,6.1434526443481445
GSE40279,8,GSM990508,49.6759614944458,19.3240385055542
GSE40279,8,GSM990509,34.62977313995361,21.370226860046387
GSE40279,8,GSM990510,34.82555866241455,12.17444133758545
GSE40279,8,GSM990512,51.172818183898926,8.827181816101074
GSE40279,8,GSM990514,53.121365547180176,6.878634452819824
GSE40279,8,GSM990516,44.56586933135986,10.434130668640137
GSE40279,8,GSM990517,30.498723030090332,1.501276969909668
GSE40279,8,GSM990518,19.432257652282715,3.567742347717285
GSE40279,8,GSM990519,30.4561128616333,12.5438871383667
GSE40279,8,GSM990520,30.508870124816895,16.491129875183105
GSE40279,8,GSM990521,39.156758308410645,4.8432416915893555
GSE40279,8,GSM990522,34.823994636535645,2.1760053634643555
GSE40279,8,GSM990523,24.77329730987549,2.2267026901245117
GSE40279,8,GSM990525,30.61644458770752,2.6164445877075195
GSE40279,8,GSM990526,54.81617450714111,3.8161745071411133
GSE40279,8,GSM990528,26.33212375640869,7.332123756408691
GSE40279,8,GSM990529,48.61533832550049,4.615338325500488
GSE40279,8,GSM990530,60.94696521759033,11.946965217590332
GSE40279,8,GSM990532,43.77806568145752,0.22193431854248047
GSE40279,8,GSM990533,60.08576679229736,1.9142332077026367
GSE40279,8,GSM990534,37.708577156066895,7.7085771560668945
GSE40279,8,GSM990536,30.31005573272705,5.689944267272949
GSE40279,8,GSM990537,29.41372776031494,4.413727760314941
GSE40279,8,GSM990538,41.26972675323486,5.269726753234863
GSE40279,8,GSM990539,24.97021198272705,3.970211982727051
GSE40279,8,GSM990540,47.5311861038208,7.531186103820801
GSE40279,8,GSM990541,31.84814167022705,9.84814167022705
GSE40279,8,GSM990542,36.788166999816895,0.7881669998168945
GSE40279,8,GSM990543,62.308865547180176,4.308865547180176
GSE40279,8,GSM990544,78.28465747833252,4.7153425216674805
GSE40279,8,GSM990548,68.69477558135986,2.6947755813598633
GSE40279,8,GSM990550,60.95975971221924,21.04024028778076
GSE40279,8,GSM990551,71.84210681915283,1.157893180847168
GSE40279,8,GSM990552,71.10757160186768,5.892428398132324
GSE40279,8,GSM990553,77.61524677276611,2.3847532272338867
GSE40279,8,GSM990554,59.71372699737549,19.28627300262451
GSE40279,8,GSM990555,68.63280963897705,4.367190361022949
GSE40279,8,GSM990557,69.86616230010986,15.133837699890137
GSE40279,8,GSM990558,91.70880603790283,0.708806037902832
GSE40279,8,GSM990559,79.10040760040283,5.899592399597168
GSE40279,8,GSM990560,75.8527193069458,10.1472806930542
GSE40279,8,GSM990561,77.7837266921997,3.783726692199707
GSE40279,8,GSM990563,80.95252704620361,6.047472953796387
GSE40279,8,GSM990564,71.42968463897705,4.570315361022949
GSE40279,8,GSM990565,68.60780048370361,12.392199516296387
GSE40279,8,GSM990566,57.97486591339111,1.0251340866088867
GSE40279,8,GSM990567,68.86192035675049,4.138079643249512
GSE40279,8,GSM990569,78.37202167510986,6.627978324890137
GSE40279,8,GSM990570,63.77946949005127,5.2205305099487305
GSE40279,8,GSM990571,63.332974433898926,21.667025566101074
GSE40279,8,GSM990572,79.40937519073486,5.590624809265137
GSE40279,8,GSM990573,80.71691608428955,3.283083915710449
GSE40279,8,GSM990574,69.18381977081299,13.816180229187012
GSE40279,8,GSM990575,75.59228992462158,8.592289924621582
GSE40279,8,GSM990578,87.25246906280518,0.2524690628051758
GSE40279,8,GSM990579,72.72158527374268,11.278414726257324
GSE40279,8,GSM990580,75.0877046585083,6.912295341491699
GSE40279,8,GSM990581,81.62601947784424,11.373980522155762
GSE40279,8,GSM990583,79.07546710968018,0.9245328903198242
GSE40279,8,GSM990584,75.45498371124268,12.545016288757324
GSE40279,8,GSM990585,65.6505708694458,6.349429130554199
GSE40279,8,GSM990587,47.33525562286377,8.66474437713623
GSE40279,8,GSM990588,85.14021015167236,6.859789848327637
GSE40279,8,GSM990589,73.53576374053955,4.464236259460449
GSE40279,8,GSM990590,68.89616870880127,2.1038312911987305
GSE40279,8,GSM990591,60.73872089385986,28.261279106140137
GSE40279,8,GSM990592,42.869343757629395,11.130656242370605
GSE40279,8,GSM990593,61.00245380401611,4.997546195983887
GSE40279,8,GSM990594,74.92368030548096,0.07631969451904297
GSE40279,8,GSM990595,76.12810230255127,13.87189769744873
GSE40279,8,GSM990596,58.17807865142822,7.821921348571777
GSE40279,8,GSM990597,83.1244478225708,6.124447822570801
GSE40279,8,GSM990598,76.3893404006958,5.610659599304199
GSE40279,8,GSM990599,70.50460529327393,5.504605293273926
GSE40279,8,GSM990600,61.04266834259033,3.042668342590332
GSE40279,8,GSM990603,71.09357929229736,2.9064207077026367
GSE40279,8,GSM990604,67.8139238357544,1.1860761642456055
GSE40279,8,GSM990605,78.84625720977783,4.153742790222168
GSE40279,8,GSM990606,80.72509479522705,2.274905204772949
GSE40279,8,GSM990607,84.66541767120361,14.665417671203613
GSE40279,8,GSM990608,74.25071430206299,10.250714302062988
GSE40279,8,GSM990609,70.5341157913208,20.5341157913208
GSE40279,8,GSM990610,94.17470264434814,20.174702644348145
GSE40279,8,GSM990611,64.53074359893799,4.469256401062012
GSE40279,8,GSM990612,90.20783710479736,4.207837104797363
GSE40279,8,GSM990613,59.572476387023926,6.427523612976074
GSE40279,8,GSM990614,76.82404804229736,6.824048042297363
GSE40279,8,GSM990615,94.96629810333252,5.9662981033325195
GSE40279,8,GSM990617,70.62186908721924,1.6218690872192383
GSE40279,8,GSM990618,65.18556690216064,1.1855669021606445
GSE40279,8,GSM990619,72.77132892608643,6.228671073913574
GSE40279,8,GSM990620,79.6155366897583,12.3844633102417
GSE40279,8,GSM990621,74.52070331573486,4.520703315734863
GSE40279,8,GSM990622,78.69885730743408,1.698857307434082
GSE40279,8,GSM990623,79.83338642120361,1.8333864212036133
GSE40279,8,GSM990624,73.56254291534424,2.5625429153442383
GSE40279,8,GSM990625,74.81635761260986,6.816357612609863
GSE40279,8,GSM990626,61.00779438018799,0.007794380187988281
GSE40279,8,GSM990627,70.60424518585205,2.395754814147949
GSE40279,9,GSM989827,66.39403033256531,0.6059696674346924
GSE40279,9,GSM989828,94.07343554496765,5.073435544967651
GSE40279,9,GSM989829,75.59142565727234,9.591425657272339
GSE40279,9,GSM989831,69.95263934135437,7.95263934135437
GSE40279,9,GSM989832,76.63968920707703,10.360310792922974
GSE40279,9,GSM989833,69.37346911430359,3.626530885696411
GSE40279,9,GSM989834,80.18549609184265,5.185496091842651
GSE40279,9,GSM989836,106.52621722221375,23.526217222213745
GSE40279,9,GSM989838,58.36352801322937,10.36352801322937
GSE40279,9,GSM989839,81.12986254692078,4.129862546920776
GSE40279,9,GSM989840,61.61729693412781,7.617296934127808
GSE40279,9,GSM989843,84.58683276176453,16.586832761764526
GSE40279,9,GSM989846,75.54497027397156,15.544970273971558
GSE40279,9,GSM989847,90.32622027397156,11.326220273971558
GSE40279,9,GSM989848,83.23685717582703,15.236857175827026
GSE40279,9,GSM989850,90.11786913871765,6.117869138717651
GSE40279,9,GSM989852,76.83241534233093,2.8324153423309326
GSE40279,9,GSM989854,80.33438372612,24.334383726119995
GSE40279,9,GSM989855,83.6799647808075,11.679964780807495
GSE40279,9,GSM989856,83.81684374809265,8.816843748092651
GSE40279,9,GSM989857,92.09610247612,13.096102476119995
GSE40279,9,GSM989859,82.43394732475281,0.4339473247528076
GSE40279,9,GSM989861,97.66884112358093,18.668841123580933
GSE40279,9,GSM989862,67.13742327690125,13.137423276901245
GSE40279,9,GSM989865,79.33336138725281,4.666638612747192
GSE40279,9,GSM989868,85.26045489311218,11.260454893112183
GSE40279,9,GSM989869,67.02047991752625,9.979520082473755
GSE40279,9,GSM989871,87.22577166557312,0.22577166557312012
GSE40279,9,GSM989873,85.88317370414734,2.116826295852661
GSE40279,9,GSM989874,72.41579699516296,6.415796995162964
GSE40279,9,GSM989875,78.12950396537781,0.12950396537780762
GSE40279,9,GSM989876,74.96210741996765,21.96210741996765
GSE40279,9,GSM989877,80.68412280082703,4.684122800827026
GSE40279,9,GSM989880,69.87065386772156,15.870653867721558
GSE40279,9,GSM989881,80.54526019096375,7.545260190963745
GSE40279,9,GSM989882,79.75504565238953,16.244954347610474
GSE40279,9,GSM989883,71.13289904594421,14.132899045944214
GSE40279,9,GSM989884,72.21815752983093,3.7818424701690674
GSE40279,9,GSM989885,57.416598081588745,10.416598081588745
GSE40279,9,GSM989886,63.94538760185242,9.945387601852417
GSE40279,9,GSM989887,72.8591639995575,0.14083600044250488
GSE40279,9,GSM989888,81.39932513237,2.600674867630005
GSE40279,9,GSM989889,80.85860705375671,18.858607053756714
GSE40279,9,GSM989890,88.34984087944031,0.6501591205596924
GSE40279,9,GSM989891,75.57091021537781,7.570910215377808
GSE40279,9,GSM989892,74.20346331596375,12.203463315963745
GSE40279,9,GSM989893,84.282381772995,5.282381772994995
GSE40279,9,GSM989894,74.62634539604187,2.62634539604187
GSE40279,9,GSM989895,71.86596941947937,2.86596941947937
GSE40279,9,GSM989896,58.53077960014343,3.5307796001434326
GSE40279,9,GSM989898,83.45762896537781,4.457628965377808
GSE40279,9,GSM989899,79.30951952934265,7.309519529342651
GSE40279,9,GSM989900,89.1333339214325,0.13333392143249512
GSE40279,9,GSM989902,77.41848254203796,7.581517457962036
GSE40279,9,GSM989903,79.12385821342468,11.123858213424683
GSE40279,9,GSM989904,99.05476641654968,10.054766416549683
GSE40279,9,GSM989905,87.48689532279968,14.486895322799683
GSE40279,9,GSM989906,70.71238970756531,7.712389707565308
GSE40279,9,GSM989907,76.69885516166687,1.3011448383331299
GSE40279,9,GSM989911,95.45939135551453,10.459391355514526
GSE40279,9,GSM989914,80.8372905254364,6.837290525436401
GSE40279,9,GSM989915,89.23215746879578,5.232157468795776
GSE40279,9,GSM989917,66.0210292339325,17.021029233932495
GSE40279,9,GSM989918,85.93367266654968,16.933672666549683
GSE40279,9,GSM989919,83.85174822807312,20.85174822807312
GSE40279,9,GSM989920,78.45286822319031,12.452868223190308
GSE40279,9,GSM989921,89.57711291313171,4.577112913131714
GSE40279,9,GSM989924,71.54039263725281,12.540392637252808
GSE40279,9,GSM989925,75.67992663383484,5.679926633834839
GSE40279,9,GSM989926,79.35752367973328,14.357523679733276
GSE40279,9,GSM989927,82.37868762016296,14.378687620162964
GSE40279,9,GSM989928,91.39981341362,7.399813413619995
GSE40279,9,GSM989930,63.21798586845398,12.21798586845398
GSE40279,9,GSM989931,74.81575274467468,11.815752744674683
GSE40279,9,GSM989932,78.87356066703796,9.873560667037964
GSE40279,9,GSM989934,72.98949694633484,5.010503053665161
GSE40279,9,GSM989935,59.153239011764526,7.153239011764526
GSE40279,9,GSM989936,61.68962359428406,12.689623594284058
GSE40279,9,GSM989937,72.51358294487,19.513582944869995
GSE40279,9,GSM989938,71.98713946342468,12.987139463424683
GSE40279,9,GSM989939,75.75934100151062,13.75934100151062
GSE40279,9,GSM989941,83.52665972709656,15.526659727096558
GSE40279,9,GSM989942,80.75026202201843,6.750262022018433
GSE40279,9,GSM989943,66.60515856742859,7.605158567428589
GSE40279,9,GSM989944,84.2605311870575,8.260531187057495
GSE40279,9,GSM989945,70.12736773490906,16.127367734909058
GSE40279,9,GSM989946,76.14071154594421,17.140711545944214
GSE40279,9,GSM989947,71.97215533256531,23.972155332565308
GSE40279,9,GSM989948,62.86839556694031,17.868395566940308
GSE40279,9,GSM989950,74.93509936332703,11.935099363327026
GSE40279,9,GSM989951,82.7230327129364,2.7230327129364014
GSE40279,9,GSM989952,71.5830409526825,11.583040952682495
GSE40279,9,GSM989953,85.07809710502625,14.078097105026245
GSE40279,9,GSM989954,78.17235064506531,11.172350645065308
GSE40279,9,GSM989955,71.45356249809265,21.45356249809265
GSE40279,9,GSM989956,86.09955096244812,0.09955096244812012
GSE40279,9,GSM989957,78.27888751029968,8.278887510299683
GSE40279,9,GSM989958,65.46203112602234,11.462031126022339
GSE40279,9,GSM989961,64.90318179130554,6.903181791305542
GSE40279,9,GSM989962,69.25499224662781,11.254992246627808
GSE40279,9,GSM989963,71.39729571342468,7.397295713424683
GSE40279,9,GSM989964,81.31128191947937,8.31128191947937
GSE40279,9,GSM989965,57.551913022994995,8.551913022994995
GSE40279,9,GSM989966,60.01322817802429,4.013228178024292
GSE40279,9,GSM989968,58.43200182914734,10.432001829147339
GSE40279,9,GSM989969,82.14789080619812,1.1478908061981201
GSE40279,9,GSM989971,68.46437335014343,7.464373350143433
GSE40279,9,GSM989972,64.48992800712585,14.489928007125854
GSE40279,9,GSM989973,68.938143491745,0.06185650825500488
GSE40279,9,GSM989975,51.15124011039734,4.151240110397339
GSE40279,9,GSM989976,65.03914141654968,22.039141416549683
GSE40279,9,GSM989977,64.77855944633484,9.778559446334839
GSE40279,9,GSM989978,65.67302966117859,11.673029661178589
GSE40279,9,GSM989979,70.38448596000671,12.384485960006714
GSE40279,9,GSM989980,53.75118899345398,19.75118899345398
GSE40279,9,GSM989981,73.06113696098328,8.061136960983276
GSE40279,9,GSM989982,64.67000079154968,12.670000791549683
GSE40279,9,GSM989983,49.874518156051636,17.874518156051636
GSE40279,9,GSM989984,62.253519773483276,15.253519773483276
GSE40279,9,GSM989985,75.15893816947937,21.15893816947937
GSE40279,9,GSM989987,52.339754819869995,24.339754819869995
GSE40279,9,GSM989988,75.51016497612,21.510164976119995
GSE40279,9,GSM989989,74.93999743461609,15.939997434616089
GSE40279,9,GSM989991,63.617464780807495,13.617464780807495
GSE40279,9,GSM989992,41.619242429733276,11.619242429733276
GSE40279,9,GSM989993,66.55547595024109,16.55547595024109
GSE40279,9,GSM989994,66.73383212089539,19.733832120895386
GSE40279,9,GSM989995,68.51625323295593,21.516253232955933
GSE40279,9,GSM989996,49.85237002372742,16.852370023727417
GSE40279,9,GSM989997,52.398287534713745,14.398287534713745
GSE40279,9,GSM989998,50.78241229057312,15.78241229057312
GSE40279,9,GSM990000,77.98105883598328,2.0189411640167236
GSE40279,9,GSM990001,91.03359484672546,5.033594846725464
GSE40279,9,GSM990002,77.46100115776062,6.46100115776062
GSE40279,9,GSM990003,74.32890582084656,2.6710941791534424
GSE40279,9,GSM990004,77.96926379203796,10.969263792037964
GSE40279,9,GSM990005,82.11484789848328,1.8851521015167236
GSE40279,9,GSM990006,81.99780535697937,1.9978053569793701
GSE40279,9,GSM990007,74.88271594047546,4.882715940475464
GSE40279,9,GSM990009,67.98647570610046,4.986475706100464
GSE40279,9,GSM990010,73.72008776664734,3.720087766647339
GSE40279,9,GSM990012,77.94629168510437,10.94629168510437
GSE40279,9,GSM990014,62.66273760795593,7.337262392044067
GSE40279,9,GSM990015,85.41206622123718,11.412066221237183
GSE40279,9,GSM990016,80.97535967826843,7.975359678268433
GSE40279,9,GSM990017,75.40571856498718,1.5942814350128174
GSE40279,9,GSM990018,94.77813220024109,14.778132200241089
GSE40279,9,GSM990019,81.93026232719421,15.930262327194214
GSE40279,9,GSM990021,88.23918414115906,12.239184141159058
GSE40279,9,GSM990022,76.80368304252625,1.1963169574737549
GSE40279,9,GSM990023,86.69397234916687,4.69397234916687
GSE40279,9,GSM990024,83.37727618217468,7.377276182174683
GSE40279,9,GSM990025,73.49690508842468,2.4969050884246826
GSE40279,9,GSM990026,78.46788287162781,3.5321171283721924
GSE40279,9,GSM990027,92.2174174785614,9.217417478561401
GSE40279,9,GSM990028,76.01692461967468,2.9830753803253174
GSE40279,9,GSM990029,73.60322833061218,1.3967716693878174
GSE40279,9,GSM990031,65.70171618461609,1.7017161846160889
GSE40279,9,GSM990033,95.4028422832489,3.4028422832489014
GSE40279,9,GSM990034,84.65986132621765,10.659861326217651
GSE40279,9,GSM990035,76.04226183891296,7.042261838912964
GSE40279,9,GSM990036,83.84611773490906,3.8461177349090576
GSE40279,9,GSM990039,89.69909930229187,8.69909930229187
GSE40279,9,GSM990041,78.05537676811218,9.055376768112183
GSE40279,9,GSM990042,78.79414629936218,5.794146299362183
GSE40279,9,GSM990045,66.63936877250671,1.3606312274932861
GSE40279,9,GSM990046,86.70528674125671,17.705286741256714
GSE40279,9,GSM990049,82.32521319389343,1.3252131938934326
GSE40279,9,GSM990050,66.48028063774109,4.519719362258911
GSE40279,9,GSM990051,73.82060503959656,2.8206050395965576
GSE40279,9,GSM990052,80.59738421440125,5.597384214401245
GSE40279,9,GSM990053,59.66509509086609,0.33490490913391113
GSE40279,9,GSM990054,77.04020190238953,0.04020190238952637
GSE40279,9,GSM990055,82.85879778862,2.141202211380005
GSE40279,9,GSM990056,73.35478472709656,3.3547847270965576
GSE40279,9,GSM990057,69.55219531059265,7.552195310592651
GSE40279,9,GSM990058,73.71464800834656,4.714648008346558
GSE40279,9,GSM990059,73.53451800346375,0.5345180034637451
GSE40279,9,GSM990060,80.64604449272156,7.646044492721558
GSE40279,9,GSM990061,75.2577006816864,1.2577006816864014
GSE40279,9,GSM990062,75.29937243461609,2.299372434616089
GSE40279,9,GSM990063,83.9441249370575,2.055875062942505
GSE40279,9,GSM990066,83.00099444389343,8.000994443893433
GSE40279,9,GSM990068,60.676878690719604,6.3231213092803955
GSE40279,9,GSM990070,56.27550005912781,8.275500059127808
GSE40279,9,GSM990072,67.56368517875671,19.563685178756714
GSE40279,9,GSM990075,60.69210696220398,14.69210696220398
GSE40279,9,GSM990076,60.77725100517273,0.7772510051727295
GSE40279,9,GSM990077,56.822306394577026,16.822306394577026
GSE40279,9,GSM990079,55.272501707077026,14.272501707077026
GSE40279,9,GSM990080,55.38922381401062,2.38922381401062
GSE40279,9,GSM990081,62.674219846725464,14.674219846725464
GSE40279,9,GSM990082,75.14062762260437,4.14062762260437
GSE40279,9,GSM990083,62.67111086845398,10.67111086845398
GSE40279,9,GSM990084,62.44551348686218,1.5544865131378174
GSE40279,9,GSM990085,54.52458071708679,6.524580717086792
GSE40279,9,GSM990086,56.128023862838745,1.1280238628387451
GSE40279,9,GSM990087,77.29135394096375,9.291353940963745
GSE40279,9,GSM990088,58.87937045097351,12.87937045097351
GSE40279,9,GSM990089,70.26278185844421,6.262781858444214
GSE40279,9,GSM990090,59.019694089889526,2.0196940898895264
GSE40279,9,GSM990091,53.90980792045593,8.909807920455933
GSE40279,9,GSM990094,77.90557360649109,17.90557360649109
GSE40279,9,GSM990095,60.16308093070984,9.163080930709839
GSE40279,9,GSM990096,41.309427976608276,31.690572023391724
GSE40279,9,GSM990097,57.718973875045776,19.718973875045776
GSE40279,9,GSM990099,75.47012591362,11.470125913619995
GSE40279,9,GSM990100,66.79410815238953,8.794108152389526
GSE40279,9,GSM990101,51.60054659843445,8.600546598434448
GSE40279,9,GSM990102,44.718470335006714,6.718470335006714
GSE40279,9,GSM990103,59.28905749320984,5.289057493209839
GSE40279,9,GSM990104,76.44420886039734,6.444208860397339
GSE40279,9,GSM990106,70.46940112113953,8.469401121139526
GSE40279,9,GSM990107,54.316500425338745,3.316500425338745
GSE40279,9,GSM990108,50.54808688163757,9.548086881637573
GSE40279,9,GSM990109,50.974344968795776,2.0256550312042236
GSE40279,9,GSM990110,62.58697772026062,2.41302227973938
GSE40279,9,GSM990111,56.94945025444031,6.949450254440308
GSE40279,9,GSM990112,62.70271563529968,7.702715635299683
GSE40279,9,GSM990113,64.40072512626648,2.4007251262664795
GSE40279,9,GSM990114,65.31857562065125,4.318575620651245
GSE40279,9,GSM990115,51.109232664108276,13.109232664108276
GSE40279,9,GSM990117,74.56502032279968,10.565020322799683
GSE40279,9,GSM990118,51.26001238822937,5.73998761177063
GSE40279,9,GSM990119,61.92711520195007,4.927115201950073
GSE40279,9,GSM990120,54.0761821269989,5.076182126998901
GSE40279,9,GSM990121,63.115748167037964,0.8842518329620361
GSE40279,9,GSM990122,52.80472445487976,13.19527554512024
GSE40279,9,GSM990268,55.30185580253601,3.3018558025360107
GSE40279,9,GSM990269,60.325648069381714,17.325648069381714
GSE40279,9,GSM990271,58.14264178276062,7.14264178276062
GSE40279,9,GSM990272,58.972742795944214,0.9727427959442139
GSE40279,9,GSM990273,58.49347949028015,4.506520509719849
GSE40279,9,GSM990274,56.17248797416687,1.1724879741668701
GSE40279,9,GSM990275,54.91467547416687,4.91467547416687
GSE40279,9,GSM990276,73.90183520317078,16.901835203170776
GSE40279,9,GSM990277,34.35648226737976,1.3564822673797607
GSE40279,9,GSM990278,58.931559324264526,12.931559324264526
GSE40279,9,GSM990279,51.700281858444214,5.700281858444214
GSE40279,9,GSM990281,58.797098875045776,3.7970988750457764
GSE40279,9,GSM990282,46.605616331100464,17.394383668899536
GSE40279,9,GSM990283,44.679362058639526,1.3206379413604736
GSE40279,9,GSM990284,62.051600217819214,3.948399782180786
GSE40279,9,GSM990285,48.050318479537964,1.0503184795379639
GSE40279,9,GSM990286,46.94857668876648,11.05142331123352
GSE40279,9,GSM990287,62.17619204521179,1.176192045211792
GSE40279,9,GSM990288,42.342264890670776,5.657735109329224
GSE40279,9,GSM990289,44.4596049785614,0.5403950214385986
GSE40279,9,GSM990290,58.47468829154968,3.5253117084503174
GSE40279,9,GSM990291,50.83993411064148,0.8399341106414795
GSE40279,9,GSM990292,36.67320513725281,2.6732051372528076
GSE40279,9,GSM990293,59.305479764938354,4.6945202350616455
GSE40279,9,GSM990294,50.603392362594604,4.3966076374053955
GSE40279,9,GSM990295,55.09527087211609,7.095270872116089
GSE40279,9,GSM990297,60.74894595146179,3.251054048538208
GSE40279,9,GSM990298,57.77217364311218,0.22782635688781738
GSE40279,9,GSM990299,39.48671221733093,2.4867122173309326
GSE40279,9,GSM990300,59.862772703170776,0.13722729682922363
GSE40279,9,GSM990301,59.26927828788757,3.7307217121124268
GSE40279,9,GSM990302,53.65851092338562,5.34148907661438
GSE40279,9,GSM990303,50.63109087944031,3.3689091205596924
GSE40279,9,GSM990304,56.8982150554657,3.1017849445343018
GSE40279,9,GSM990305,52.44752764701843,1.4475276470184326
GSE40279,9,GSM990306,68.93503069877625,5.935030698776245
GSE40279,9,GSM990307,60.96257281303406,3.0374271869659424
GSE40279,9,GSM990309,56.5677707195282,12.567770719528198
GSE40279,9,GSM990311,62.55491518974304,3.445084810256958
GSE40279,9,GSM990313,57.06804919242859,3.931950807571411
GSE40279,9,GSM990314,57.06192660331726,5.061926603317261
GSE40279,9,GSM990315,65.66931796073914,4.669317960739136
GSE40279,9,GSM990318,45.98803210258484,6.011967897415161
GSE40279,9,GSM990319,52.57914614677429,2.420853853225708
GSE40279,9,GSM990320,66.49577212333679,7.495772123336792
GSE40279,9,GSM990321,56.33600115776062,2.66399884223938
GSE40279,9,GSM990323,51.251620054244995,5.251620054244995
GSE40279,9,GSM990324,36.606364011764526,5.606364011764526
GSE40279,9,GSM990325,62.086580991744995,7.086580991744995
GSE40279,9,GSM990326,47.3877055644989,5.612294435501099
GSE40279,9,GSM990327,49.718477964401245,7.718477964401245
GSE40279,9,GSM990329,51.363932371139526,1.3639323711395264
GSE40279,9,GSM990330,51.80298113822937,0.19701886177062988
GSE40279,9,GSM990331,44.14078402519226,0.8592159748077393
GSE40279,9,GSM990332,56.1401584148407,8.859841585159302
GSE40279,9,GSM990333,47.54113268852234,11.458867311477661
GSE40279,9,GSM990334,62.04336428642273,4.0433642864227295
GSE40279,9,GSM990335,65.62961840629578,1.6296184062957764
GSE40279,9,GSM990336,53.1245334148407,7.875466585159302
GSE40279,9,GSM990337,57.46007800102234,9.539921998977661
GSE40279,9,GSM990338,61.631346464157104,2.6313464641571045
GSE40279,9,GSM990339,52.531588315963745,5.468411684036255
GSE40279,9,GSM990340,48.60925555229187,5.39074444770813
GSE40279,9,GSM990341,57.7757785320282,0.7757785320281982
GSE40279,9,GSM990342,58.899080991744995,1.1009190082550049
GSE40279,9,GSM990343,48.52411913871765,1.4758808612823486
GSE40279,9,GSM990346,47.24513506889343,3.2451350688934326
GSE40279,9,GSM990347,60.50837969779968,1.4916203022003174
GSE40279,9,GSM990348,72.1482036113739,3.8517963886260986
GSE40279,9,GSM990350,49.35063052177429,3.350630521774292
GSE40279,9,GSM990352,57.09916949272156,1.9008305072784424
GSE40279,9,GSM990353,54.3192241191864,2.3192241191864014
GSE40279,9,GSM990354,40.88617968559265,9.113820314407349
GSE40279,9,GSM990355,42.282503843307495,2.717496156692505
GSE40279,9,GSM990356,50.42619204521179,1.573807954788208
GSE40279,9,GSM990357,50.27691912651062,3.72308087348938
GSE40279,9,GSM990358,66.98331713676453,4.983317136764526
GSE40279,9,GSM990360,57.755404233932495,5.244595766067505
GSE40279,9,GSM990363,63.20379900932312,1.7962009906768799
GSE40279,9,GSM990364,58.93861651420593,5.061383485794067
GSE40279,9,GSM990365,54.10603594779968,2.8939640522003174
GSE40279,9,GSM990366,62.903536558151245,0.09646344184875488
GSE40279,9,GSM990369,45.24491000175476,7.244910001754761
GSE40279,9,GSM990371,57.7434298992157,1.2565701007843018
GSE40279,9,GSM990372,60.21095156669617,2.210951566696167
GSE40279,9,GSM990373,44.62017321586609,3.620173215866089
GSE40279,9,GSM990375,31.641207456588745,5.641207456588745
GSE40279,9,GSM990376,57.760252714157104,3.2397472858428955
GSE40279,9,GSM990377,65.36411547660828,9.364115476608276
GSE40279,9,GSM990378,55.946078062057495,10.053921937942505
GSE40279,9,GSM990379,59.821139097213745,2.178860902786255
GSE40279,9,GSM990381,55.455103635787964,0.45510363578796387
GSE40279,9,GSM990382,53.79462695121765,7.205373048782349
GSE40279,9,GSM990383,64.2578113079071,6.2578113079071045
GSE40279,9,GSM990385,56.07437777519226,6.925622224807739
GSE40279,9,GSM990386,61.00535464286804,2.005354642868042
GSE40279,9,GSM990387,59.684229612350464,1.3157703876495361
GSE40279,9,GSM990388,62.75755190849304,3.242448091506958
GSE40279,9,GSM990389,59.752562284469604,5.2474377155303955
GSE40279,9,GSM990390,58.09984087944031,0.09984087944030762
GSE40279,9,GSM990391,46.673163175582886,3.6731631755828857
GSE40279,9,GSM990392,52.66038393974304,2.339616060256958
GSE40279,9,GSM990394,55.593748807907104,5.5937488079071045
GSE40279,9,GSM990395,45.290247678756714,0.7097523212432861
GSE40279,9,GSM990396,57.92845416069031,3.9284541606903076
GSE40279,9,GSM990397,81.52627062797546,1.5262706279754639
GSE40279,9,GSM990398,74.27620196342468,8.723798036575317
GSE40279,9,GSM990399,78.72664904594421,1.7266490459442139
GSE40279,9,GSM990400,76.90463519096375,0.9046351909637451
GSE40279,9,GSM990403,67.38894152641296,14.611058473587036
GSE40279,9,GSM990404,46.49763751029968,11.502362489700317
GSE40279,9,GSM990405,66.78716921806335,0.7871692180633545
GSE40279,9,GSM990406,62.91954684257507,22.080453157424927
GSE40279,9,GSM990407,69.83791613578796,3.837916135787964
GSE40279,9,GSM990408,68.68840289115906,0.3115971088409424
GSE40279,9,GSM990409,70.58696246147156,13.413037538528442
GSE40279,9,GSM990410,79.95224261283875,0.9522426128387451
GSE40279,9,GSM990411,64.25669360160828,0.25669360160827637
GSE40279,9,GSM990412,67.72654223442078,10.273457765579224
GSE40279,9,GSM990413,56.53642153739929,3.536421537399292
GSE40279,9,GSM990414,61.147303342819214,2.147303342819214
GSE40279,9,GSM990416,68.97334551811218,7.973345518112183
GSE40279,9,GSM990418,63.75719714164734,5.242802858352661
GSE40279,9,GSM990419,67.00096392631531,7.000963926315308
GSE40279,9,GSM990420,60.57020449638367,4.429795503616333
GSE40279,9,GSM990421,84.83412432670593,4.165875673294067
GSE40279,9,GSM990422,51.98955798149109,22.01044201850891
GSE40279,9,GSM990423,69.96635699272156,11.033643007278442
GSE40279,9,GSM990424,77.31247210502625,9.312472105026245
GSE40279,9,GSM990425,66.76705431938171,1.2329456806182861
GSE40279,9,GSM990426,66.162752866745,1.1627528667449951
GSE40279,9,GSM990427,83.04192614555359,6.958073854446411
GSE40279,9,GSM990429,79.19986987113953,0.19986987113952637
GSE40279,9,GSM990430,66.37948107719421,9.379481077194214
GSE40279,9,GSM990431,61.54493975639343,14.455060243606567
GSE40279,9,GSM990432,80.456209897995,1.4562098979949951
GSE40279,9,GSM990433,44.894877195358276,4.105122804641724
GSE40279,9,GSM990434,83.49389910697937,8.50610089302063
GSE40279,9,GSM990435,65.1094081401825,0.8905918598175049
GSE40279,9,GSM990436,62.65516543388367,3.655165433883667
GSE40279,9,GSM990437,62.895323514938354,13.104676485061646
GSE40279,9,GSM990438,63.245402097702026,7.245402097702026
GSE40279,9,GSM990439,57.05651354789734,5.056513547897339
GSE40279,9,GSM990440,63.29768633842468,1.7023136615753174
GSE40279,9,GSM990441,72.2153422832489,0.7846577167510986
GSE40279,9,GSM990442,78.38682055473328,13.386820554733276
GSE40279,9,GSM990443,85.94446063041687,1.9444606304168701
GSE40279,9,GSM990445,79.90463519096375,1.9046351909637451
GSE40279,9,GSM990446,61.37060809135437,8.37060809135437
GSE40279,9,GSM990447,82.04487109184265,14.044871091842651
GSE40279,9,GSM990448,52.15975832939148,0.1597583293914795
GSE40279,9,GSM990449,64.97414660453796,7.025853395462036
GSE40279,9,GSM990450,61.96117281913757,13.961172819137573
GSE40279,9,GSM990451,58.226526975631714,1.7734730243682861
GSE40279,9,GSM990452,91.96873736381531,30.968737363815308
GSE40279,9,GSM990453,67.75441241264343,1.2455875873565674
GSE40279,9,GSM990454,74.97996783256531,6.020032167434692
GSE40279,9,GSM990455,75.83775591850281,19.837755918502808
GSE40279,9,GSM990456,81.26819109916687,2.26819109916687
GSE40279,9,GSM990457,78.56843829154968,3.4315617084503174
GSE40279,9,GSM990458,59.68864703178406,1.6886470317840576
GSE40279,9,GSM990459,63.42914843559265,11.570851564407349
GSE40279,9,GSM990462,88.55147051811218,18.551470518112183
GSE40279,9,GSM990463,71.65214800834656,5.347851991653442
GSE40279,9,GSM990464,57.52260088920593,1.5226008892059326
GSE40279,9,GSM990465,63.55092120170593,3.4490787982940674
GSE40279,9,GSM990466,79.81289935112,3.812899351119995
GSE40279,9,GSM990467,87.50044512748718,1.4995548725128174
GSE40279,9,GSM990468,55.21071124076843,13.789288759231567
GSE40279,9,GSM990470,73.52681994438171,6.473180055618286
GSE40279,9,GSM990471,80.80420184135437,4.80420184135437
GSE40279,9,GSM990473,56.545572996139526,4.454427003860474
GSE40279,9,GSM990474,49.98353838920593,2.0164616107940674
GSE40279,9,GSM990475,68.32413744926453,0.6758625507354736
GSE40279,9,GSM990477,66.98995471000671,2.010045289993286
GSE40279,9,GSM990478,56.82704043388367,8.172959566116333
GSE40279,9,GSM990479,46.80406451225281,1.8040645122528076
GSE40279,9,GSM990481,66.25771594047546,9.742284059524536
GSE40279,9,GSM990482,72.16967272758484,3.830327272415161
GSE40279,9,GSM990484,68.70190691947937,2.29809308052063
GSE40279,9,GSM990485,44.210795164108276,7.789204835891724
GSE40279,9,GSM990486,88.0080897808075,4.008089780807495
GSE40279,9,GSM990487,58.57749819755554,1.577498197555542
GSE40279,9,GSM990488,69.33474230766296,1.3347423076629639
GSE40279,9,GSM990489,73.62663531303406,0.3733646869659424
GSE40279,9,GSM990490,39.63548159599304,6.635481595993042
GSE40279,9,GSM990492,67.23256945610046,5.767430543899536
GSE40279,9,GSM990494,54.71149706840515,17.28850293159485
GSE40279,9,GSM990495,75.50276446342468,2.4972355365753174
GSE40279,9,GSM990496,57.37650942802429,10.623490571975708
GSE40279,9,GSM990497,56.85836672782898,4.8583667278289795
GSE40279,9,GSM990498,55.150397062301636,8.849602937698364
GSE40279,9,GSM990499,40.95522952079773,13.95522952079773
GSE40279,9,GSM990500,44.07097506523132,15.070975065231323
GSE40279,9,GSM990501,56.69777178764343,12.697771787643433
GSE40279,9,GSM990502,46.94880175590515,5.948801755905151
GSE40279,9,GSM990503,52.72975420951843,7.729754209518433
GSE40279,9,GSM990504,34.303757429122925,7.303757429122925
GSE40279,9,GSM990505,59.03325152397156,11.033251523971558
GSE40279,9,GSM990506,61.011324644088745,5.011324644088745
GSE40279,9,GSM990507,48.158289670944214,14.158289670944214
GSE40279,9,GSM990508,57.69079852104187,11.30920147895813
GSE40279,9,GSM990509,42.64461016654968,13.355389833450317
GSE40279,9,GSM990510,42.84039568901062,4.15960431098938
GSE40279,9,GSM990512,59.187655210494995,0.8123447895050049
GSE40279,9,GSM990514,61.136202573776245,1.1362025737762451
GSE40279,9,GSM990516,52.58070635795593,2.4192936420440674
GSE40279,9,GSM990517,38.5135600566864,6.513560056686401
GSE40279,9,GSM990518,27.447094678878784,4.447094678878784
GSE40279,9,GSM990519,38.47094988822937,4.52905011177063
GSE40279,9,GSM990520,38.523707151412964,8.476292848587036
GSE40279,9,GSM990521,47.171595335006714,3.171595335006714
GSE40279,9,GSM990522,42.838831663131714,5.838831663131714
GSE40279,9,GSM990523,32.78813433647156,5.788134336471558
GSE40279,9,GSM990525,38.63128161430359,10.631281614303589
GSE40279,9,GSM990526,62.83101153373718,11.831011533737183
GSE40279,9,GSM990528,34.34696078300476,15.34696078300476
GSE40279,9,GSM990529,56.63017535209656,12.630175352096558
GSE40279,9,GSM990530,68.9618022441864,19.9618022441864
GSE40279,9,GSM990532,51.79290270805359,7.792902708053589
GSE40279,9,GSM990533,68.10060381889343,6.100603818893433
GSE40279,9,GSM990534,45.723414182662964,15.723414182662964
GSE40279,9,GSM990536,38.32489275932312,2.32489275932312
GSE40279,9,GSM990537,37.42856478691101,12.42856478691101
GSE40279,9,GSM990538,49.28456377983093,13.284563779830933
GSE40279,9,GSM990539,32.98504900932312,11.98504900932312
GSE40279,9,GSM990540,55.54602313041687,15.54602313041687
GSE40279,9,GSM990541,39.86297869682312,17.86297869682312
GSE40279,9,GSM990542,44.803004026412964,8.803004026412964
GSE40279,9,GSM990543,70.32370257377625,12.323702573776245
GSE40279,9,GSM990544,86.29949450492859,3.299494504928589
GSE40279,9,GSM990548,76.70961260795593,10.709612607955933
GSE40279,9,GSM990550,68.97459673881531,13.025403261184692
GSE40279,9,GSM990551,79.8569438457489,6.856943845748901
GSE40279,9,GSM990552,79.12240862846375,2.122408628463745
GSE40279,9,GSM990553,85.63008379936218,5.630083799362183
GSE40279,9,GSM990554,67.72856402397156,11.271435976028442
GSE40279,9,GSM990555,76.64764666557312,3.64764666557312
GSE40279,9,GSM990557,77.88099932670593,7.119000673294067
GSE40279,9,GSM990558,99.7236430644989,8.723643064498901
GSE40279,9,GSM990559,87.1152446269989,2.1152446269989014
GSE40279,9,GSM990560,83.86755633354187,2.13244366645813
GSE40279,9,GSM990561,85.79856371879578,11.798563718795776
GSE40279,9,GSM990563,88.96736407279968,1.9673640727996826
GSE40279,9,GSM990564,79.44452166557312,3.44452166557312
GSE40279,9,GSM990565,76.62263751029968,4.377362489700317
GSE40279,9,GSM990566,65.98970293998718,6.989702939987183
GSE40279,9,GSM990567,76.87675738334656,3.8767573833465576
GSE40279,9,GSM990569,86.38685870170593,1.3868587017059326
GSE40279,9,GSM990570,71.79430651664734,2.794306516647339
GSE40279,9,GSM990571,71.347811460495,13.652188539505005
GSE40279,9,GSM990572,87.42421221733093,2.4242122173309326
GSE40279,9,GSM990573,88.73175311088562,4.73175311088562
GSE40279,9,GSM990574,77.19865679740906,5.801343202590942
GSE40279,9,GSM990575,83.60712695121765,16.60712695121765
GSE40279,9,GSM990578,95.26730608940125,8.267306089401245
GSE40279,9,GSM990579,80.73642230033875,3.263577699661255
GSE40279,9,GSM990580,83.10254168510437,1.1025416851043701
GSE40279,9,GSM990581,89.64085650444031,3.3591434955596924
GSE40279,9,GSM990583,87.09030413627625,7.090304136276245
GSE40279,9,GSM990584,83.46982073783875,4.530179262161255
GSE40279,9,GSM990585,73.66540789604187,1.6654078960418701
GSE40279,9,GSM990587,55.35009264945984,0.6499073505401611
GSE40279,9,GSM990588,93.15504717826843,1.1550471782684326
GSE40279,9,GSM990589,81.55060076713562,3.55060076713562
GSE40279,9,GSM990590,76.91100573539734,5.911005735397339
GSE40279,9,GSM990591,68.75355792045593,20.246442079544067
GSE40279,9,GSM990592,50.884180784225464,3.115819215774536
GSE40279,9,GSM990593,69.01729083061218,3.0172908306121826
GSE40279,9,GSM990594,82.93851733207703,7.938517332077026
GSE40279,9,GSM990595,84.14293932914734,5.857060670852661
GSE40279,9,GSM990596,66.19291567802429,0.192915678024292
GSE40279,9,GSM990597,91.13928484916687,14.13928484916687
GSE40279,9,GSM990598,84.40417742729187,2.40417742729187
GSE40279,9,GSM990599,78.51944231987,13.519442319869995
GSE40279,9,GSM990600,69.0575053691864,11.057505369186401
GSE40279,9,GSM990603,79.10841631889343,5.108416318893433
GSE40279,9,GSM990604,75.82876086235046,6.828760862350464
GSE40279,9,GSM990605,86.8610942363739,3.8610942363739014
GSE40279,9,GSM990606,88.73993182182312,5.73993182182312
GSE40279,9,GSM990607,92.68025469779968,22.680254697799683
GSE40279,9,GSM990608,82.26555132865906,18.265551328659058
GSE40279,9,GSM990609,78.54895281791687,28.54895281791687
GSE40279,9,GSM990610,102.18953967094421,28.189539670944214
GSE40279,9,GSM990611,72.54558062553406,3.5455806255340576
GSE40279,9,GSM990612,98.22267413139343,12.222674131393433
GSE40279,9,GSM990613,67.58731341362,1.5873134136199951
GSE40279,9,GSM990614,84.83888506889343,14.838885068893433
GSE40279,9,GSM990615,102.98113512992859,13.981135129928589
GSE40279,9,GSM990617,78.63670611381531,9.636706113815308
GSE40279,9,GSM990618,73.20040392875671,9.200403928756714
GSE40279,9,GSM990619,80.7861659526825,1.7861659526824951
GSE40279,9,GSM990620,87.63037371635437,4.36962628364563
GSE40279,9,GSM990621,82.53554034233093,12.535540342330933
GSE40279,9,GSM990622,86.71369433403015,9.713694334030151
GSE40279,9,GSM990623,87.84822344779968,9.848223447799683
GSE40279,9,GSM990624,81.57737994194031,10.577379941940308
GSE40279,9,GSM990625,82.83119463920593,14.831194639205933
GSE40279,9,GSM990626,69.02263140678406,8.022631406784058
GSE40279,9,GSM990627,78.61908221244812,5.61908221244812
GSE40279,10,GSM989827,63.13114666938782,3.8688533306121826
GSE40279,10,GSM989828,90.81055188179016,1.8105518817901611
GSE40279,10,GSM989829,72.32854199409485,6.328541994094849
GSE40279,10,GSM989831,66.68975567817688,4.68975567817688
GSE40279,10,GSM989832,73.37680554389954,13.623194456100464
GSE40279,10,GSM989833,66.1105854511261,6.889414548873901
GSE40279,10,GSM989834,76.92261242866516,1.9226124286651611
GSE40279,10,GSM989836,103.26333355903625,20.263333559036255
GSE40279,10,GSM989838,55.10064435005188,7.10064435005188
GSE40279,10,GSM989839,77.86697888374329,0.8669788837432861
GSE40279,10,GSM989840,58.35441327095032,4.354413270950317
GSE40279,10,GSM989843,81.32394909858704,13.323949098587036
GSE40279,10,GSM989846,72.28208661079407,12.282086610794067
GSE40279,10,GSM989847,87.06333661079407,8.063336610794067
GSE40279,10,GSM989848,79.97397351264954,11.973973512649536
GSE40279,10,GSM989850,86.85498547554016,2.854985475540161
GSE40279,10,GSM989852,73.56953167915344,0.4304683208465576
GSE40279,10,GSM989854,77.0715000629425,21.071500062942505
GSE40279,10,GSM989855,80.41708111763,8.417081117630005
GSE40279,10,GSM989856,80.55396008491516,5.553960084915161
GSE40279,10,GSM989857,88.8332188129425,9.833218812942505
GSE40279,10,GSM989859,79.17106366157532,2.8289363384246826
GSE40279,10,GSM989861,94.40595746040344,15.405957460403442
GSE40279,10,GSM989862,63.874539613723755,9.874539613723755
GSE40279,10,GSM989865,76.07047772407532,7.929522275924683
GSE40279,10,GSM989868,81.99757122993469,7.997571229934692
GSE40279,10,GSM989869,63.757596254348755,13.242403745651245
GSE40279,10,GSM989871,83.96288800239563,3.03711199760437
GSE40279,10,GSM989873,82.62029004096985,5.379709959030151
GSE40279,10,GSM989874,69.15291333198547,3.1529133319854736
GSE40279,10,GSM989875,74.86662030220032,3.1333796977996826
GSE40279,10,GSM989876,71.69922375679016,18.69922375679016
GSE40279,10,GSM989877,77.42123913764954,1.4212391376495361
GSE40279,10,GSM989880,66.60777020454407,12.607770204544067
GSE40279,10,GSM989881,77.28237652778625,4.282376527786255
GSE40279,10,GSM989882,76.49216198921204,19.507838010787964
GSE40279,10,GSM989883,67.87001538276672,10.870015382766724
GSE40279,10,GSM989884,68.95527386665344,7.044726133346558
GSE40279,10,GSM989885,54.153714418411255,7.153714418411255
GSE40279,10,GSM989886,60.68250393867493,6.682503938674927
GSE40279,10,GSM989887,69.59628033638,3.403719663619995
GSE40279,10,GSM989888,78.1364414691925,5.863558530807495
GSE40279,10,GSM989889,77.59572339057922,15.595723390579224
GSE40279,10,GSM989890,85.08695721626282,3.9130427837371826
GSE40279,10,GSM989891,72.30802655220032,4.308026552200317
GSE40279,10,GSM989892,70.94057965278625,8.940579652786255
GSE40279,10,GSM989893,81.0194981098175,2.019498109817505
GSE40279,10,GSM989894,71.36346173286438,0.6365382671356201
GSE40279,10,GSM989895,68.60308575630188,0.3969142436981201
GSE40279,10,GSM989896,55.26789593696594,0.2678959369659424
GSE40279,10,GSM989898,80.19474530220032,1.1947453022003174
GSE40279,10,GSM989899,76.04663586616516,4.046635866165161
GSE40279,10,GSM989900,85.870450258255,3.129549741744995
GSE40279,10,GSM989902,74.15559887886047,10.844401121139526
GSE40279,10,GSM989903,75.86097455024719,7.860974550247192
GSE40279,10,GSM989904,95.79188275337219,6.791882753372192
GSE40279,10,GSM989905,84.22401165962219,11.224011659622192
GSE40279,10,GSM989906,67.44950604438782,4.449506044387817
GSE40279,10,GSM989907,73.43597149848938,4.56402850151062
GSE40279,10,GSM989911,92.19650769233704,7.196507692337036
GSE40279,10,GSM989914,77.57440686225891,3.574406862258911
GSE40279,10,GSM989915,85.96927380561829,1.9692738056182861
GSE40279,10,GSM989917,62.758145570755005,13.758145570755005
GSE40279,10,GSM989918,82.67078900337219,13.670789003372192
GSE40279,10,GSM989919,80.58886456489563,17.58886456489563
GSE40279,10,GSM989920,75.18998456001282,9.189984560012817
GSE40279,10,GSM989921,86.31422924995422,1.3142292499542236
GSE40279,10,GSM989924,68.27750897407532,9.277508974075317
GSE40279,10,GSM989925,72.41704297065735,2.4170429706573486
GSE40279,10,GSM989926,76.09464001655579,11.094640016555786
GSE40279,10,GSM989927,79.11580395698547,11.115803956985474
GSE40279,10,GSM989928,88.1369297504425,4.136929750442505
GSE40279,10,GSM989930,59.95510220527649,8.95510220527649
GSE40279,10,GSM989931,71.55286908149719,8.552869081497192
GSE40279,10,GSM989932,75.61067700386047,6.610677003860474
GSE40279,10,GSM989934,69.72661328315735,8.273386716842651
GSE40279,10,GSM989935,55.890355348587036,3.890355348587036
GSE40279,10,GSM989936,58.42673993110657,9.426739931106567
GSE40279,10,GSM989937,69.2506992816925,16.250699281692505
GSE40279,10,GSM989938,68.72425580024719,9.724255800247192
GSE40279,10,GSM989939,72.49645733833313,10.49645733833313
GSE40279,10,GSM989941,80.26377606391907,12.263776063919067
GSE40279,10,GSM989942,77.48737835884094,3.4873783588409424
GSE40279,10,GSM989943,63.3422749042511,4.342274904251099
GSE40279,10,GSM989944,80.99764752388,4.997647523880005
GSE40279,10,GSM989945,66.86448407173157,12.864484071731567
GSE40279,10,GSM989946,72.87782788276672,13.877827882766724
GSE40279,10,GSM989947,68.70927166938782,20.709271669387817
GSE40279,10,GSM989948,59.60551190376282,14.605511903762817
GSE40279,10,GSM989950,71.67221570014954,8.672215700149536
GSE40279,10,GSM989951,79.46014904975891,0.5398509502410889
GSE40279,10,GSM989952,68.320157289505,8.320157289505005
GSE40279,10,GSM989953,81.81521344184875,10.815213441848755
GSE40279,10,GSM989954,74.90946698188782,7.909466981887817
GSE40279,10,GSM989955,68.19067883491516,18.19067883491516
GSE40279,10,GSM989956,82.83666729927063,3.16333270072937
GSE40279,10,GSM989957,75.01600384712219,5.016003847122192
GSE40279,10,GSM989958,62.19914746284485,8.199147462844849
GSE40279,10,GSM989961,61.64029812812805,3.6402981281280518
GSE40279,10,GSM989962,65.99210858345032,7.992108583450317
GSE40279,10,GSM989963,68.13441205024719,4.134412050247192
GSE40279,10,GSM989964,78.04839825630188,5.04839825630188
GSE40279,10,GSM989965,54.289029359817505,5.289029359817505
GSE40279,10,GSM989966,56.7503445148468,0.7503445148468018
GSE40279,10,GSM989968,55.16911816596985,7.169118165969849
GSE40279,10,GSM989969,78.88500714302063,2.11499285697937
GSE40279,10,GSM989971,65.20148968696594,4.201489686965942
GSE40279,10,GSM989972,61.227044343948364,11.227044343948364
GSE40279,10,GSM989973,65.6752598285675,3.324740171432495
GSE40279,10,GSM989975,47.88835644721985,0.8883564472198486
GSE40279,10,GSM989976,61.77625775337219,18.776257753372192
GSE40279,10,GSM989977,61.51567578315735,6.515675783157349
GSE40279,10,GSM989978,62.4101459980011,8.410145998001099
GSE40279,10,GSM989979,67.12160229682922,9.121602296829224
GSE40279,10,GSM989980,50.48830533027649,16.48830533027649
GSE40279,10,GSM989981,69.79825329780579,4.798253297805786
GSE40279,10,GSM989982,61.40711712837219,9.407117128372192
GSE40279,10,GSM989983,46.611634492874146,14.611634492874146
GSE40279,10,GSM989984,58.990636110305786,11.990636110305786
GSE40279,10,GSM989985,71.89605450630188,17.89605450630188
GSE40279,10,GSM989987,49.076871156692505,21.076871156692505
GSE40279,10,GSM989988,72.2472813129425,18.247281312942505
GSE40279,10,GSM989989,71.6771137714386,12.677113771438599
GSE40279,10,GSM989991,60.354581117630005,10.354581117630005
GSE40279,10,GSM989992,38.356358766555786,8.356358766555786
GSE40279,10,GSM989993,63.2925922870636,13.292592287063599
GSE40279,10,GSM989994,63.470948457717896,16.470948457717896
GSE40279,10,GSM989995,65.25336956977844,18.253369569778442
GSE40279,10,GSM989996,46.58948636054993,13.589486360549927
GSE40279,10,GSM989997,49.135403871536255,11.135403871536255
GSE40279,10,GSM989998,47.51952862739563,12.51952862739563
GSE40279,10,GSM990000,74.71817517280579,5.281824827194214
GSE40279,10,GSM990001,87.77071118354797,1.7707111835479736
GSE40279,10,GSM990002,74.19811749458313,3.19811749458313
GSE40279,10,GSM990003,71.06602215766907,5.933977842330933
GSE40279,10,GSM990004,74.70638012886047,7.706380128860474
GSE40279,10,GSM990005,78.85196423530579,5.148035764694214
GSE40279,10,GSM990006,78.73492169380188,1.2650783061981201
GSE40279,10,GSM990007,71.61983227729797,1.6198322772979736
GSE40279,10,GSM990009,64.72359204292297,1.7235920429229736
GSE40279,10,GSM990010,70.45720410346985,0.45720410346984863
GSE40279,10,GSM990012,74.68340802192688,7.68340802192688
GSE40279,10,GSM990014,59.39985394477844,10.600146055221558
GSE40279,10,GSM990015,82.14918255805969,8.149182558059692
GSE40279,10,GSM990016,77.71247601509094,4.712476015090942
GSE40279,10,GSM990017,72.14283490180969,4.857165098190308
GSE40279,10,GSM990018,91.5152485370636,11.515248537063599
GSE40279,10,GSM990019,78.66737866401672,12.667378664016724
GSE40279,10,GSM990021,84.97630047798157,8.976300477981567
GSE40279,10,GSM990022,73.54079937934875,4.459200620651245
GSE40279,10,GSM990023,83.43108868598938,1.4310886859893799
GSE40279,10,GSM990024,80.11439251899719,4.114392518997192
GSE40279,10,GSM990025,70.23402142524719,0.7659785747528076
GSE40279,10,GSM990026,75.20499920845032,6.795000791549683
GSE40279,10,GSM990027,88.95453381538391,5.954533815383911
GSE40279,10,GSM990028,72.75404095649719,6.245959043502808
GSE40279,10,GSM990029,70.34034466743469,4.659655332565308
GSE40279,10,GSM990031,62.4388325214386,1.5611674785614014
GSE40279,10,GSM990033,92.13995862007141,0.13995862007141113
GSE40279,10,GSM990034,81.39697766304016,7.396977663040161
GSE40279,10,GSM990035,72.77937817573547,3.7793781757354736
GSE40279,10,GSM990036,80.58323407173157,0.5832340717315674
GSE40279,10,GSM990039,86.43621563911438,5.43621563911438
GSE40279,10,GSM990041,74.79249310493469,5.792493104934692
GSE40279,10,GSM990042,75.53126263618469,2.5312626361846924
GSE40279,10,GSM990045,63.376485109329224,4.623514890670776
GSE40279,10,GSM990046,83.44240307807922,14.442403078079224
GSE40279,10,GSM990049,79.06232953071594,1.9376704692840576
GSE40279,10,GSM990050,63.2173969745636,7.782603025436401
GSE40279,10,GSM990051,70.55772137641907,0.4422786235809326
GSE40279,10,GSM990052,77.33450055122375,2.334500551223755
GSE40279,10,GSM990053,56.4022114276886,3.5977885723114014
GSE40279,10,GSM990054,73.77731823921204,3.222681760787964
GSE40279,10,GSM990055,79.5959141254425,5.404085874557495
GSE40279,10,GSM990056,70.09190106391907,0.09190106391906738
GSE40279,10,GSM990057,66.28931164741516,4.289311647415161
GSE40279,10,GSM990058,70.45176434516907,1.4517643451690674
GSE40279,10,GSM990059,70.27163434028625,2.728365659713745
GSE40279,10,GSM990060,77.38316082954407,4.383160829544067
GSE40279,10,GSM990061,71.99481701850891,2.005182981491089
GSE40279,10,GSM990062,72.0364887714386,0.9635112285614014
GSE40279,10,GSM990063,80.68124127388,5.318758726119995
GSE40279,10,GSM990066,79.73811078071594,4.738110780715942
GSE40279,10,GSM990068,57.413995027542114,9.586004972457886
GSE40279,10,GSM990070,53.01261639595032,5.012616395950317
GSE40279,10,GSM990072,64.30080151557922,16.300801515579224
GSE40279,10,GSM990075,57.42922329902649,11.42922329902649
GSE40279,10,GSM990076,57.51436734199524,2.4856326580047607
GSE40279,10,GSM990077,53.559422731399536,13.559422731399536
GSE40279,10,GSM990079,52.009618043899536,11.009618043899536
GSE40279,10,GSM990080,52.12634015083313,0.8736598491668701
GSE40279,10,GSM990081,59.411336183547974,11.411336183547974
GSE40279,10,GSM990082,71.87774395942688,0.8777439594268799
GSE40279,10,GSM990083,59.40822720527649,7.408227205276489
GSE40279,10,GSM990084,59.18262982368469,4.817370176315308
GSE40279,10,GSM990085,51.2616970539093,3.2616970539093018
GSE40279,10,GSM990086,52.865140199661255,2.134859800338745
GSE40279,10,GSM990087,74.02847027778625,6.028470277786255
GSE40279,10,GSM990088,55.61648678779602,9.61648678779602
GSE40279,10,GSM990089,66.99989819526672,2.9998981952667236
GSE40279,10,GSM990090,55.756810426712036,1.2431895732879639
GSE40279,10,GSM990091,50.64692425727844,5.646924257278442
GSE40279,10,GSM990094,74.6426899433136,14.642689943313599
GSE40279,10,GSM990095,56.90019726753235,5.900197267532349
GSE40279,10,GSM990096,38.046544313430786,34.953455686569214
GSE40279,10,GSM990097,54.456090211868286,16.456090211868286
GSE40279,10,GSM990099,72.2072422504425,8.207242250442505
GSE40279,10,GSM990100,63.531224489212036,5.531224489212036
GSE40279,10,GSM990101,48.33766293525696,5.337662935256958
GSE40279,10,GSM990102,41.455586671829224,3.4555866718292236
GSE40279,10,GSM990103,56.02617383003235,2.0261738300323486
GSE40279,10,GSM990104,73.18132519721985,3.1813251972198486
GSE40279,10,GSM990106,67.20651745796204,5.206517457962036
GSE40279,10,GSM990107,51.053616762161255,0.05361676216125488
GSE40279,10,GSM990108,47.28520321846008,6.285203218460083
GSE40279,10,GSM990109,47.711461305618286,5.288538694381714
GSE40279,10,GSM990110,59.32409405708313,5.67590594291687
GSE40279,10,GSM990111,53.68656659126282,3.6865665912628174
GSE40279,10,GSM990112,59.43983197212219,4.439831972122192
GSE40279,10,GSM990113,61.13784146308899,0.8621585369110107
GSE40279,10,GSM990114,62.055691957473755,1.0556919574737549
GSE40279,10,GSM990115,47.846349000930786,9.846349000930786
GSE40279,10,GSM990117,71.30213665962219,7.302136659622192
GSE40279,10,GSM990118,47.99712872505188,9.00287127494812
GSE40279,10,GSM990119,58.66423153877258,1.664231538772583
GSE40279,10,GSM990120,50.81329846382141,1.8132984638214111
GSE40279,10,GSM990121,59.852864503860474,4.147135496139526
GSE40279,10,GSM990122,49.54184079170227,16.45815920829773
GSE40279,10,GSM990268,52.03897213935852,0.03897213935852051
GSE40279,10,GSM990269,57.062764406204224,14.062764406204224
GSE40279,10,GSM990271,54.87975811958313,3.87975811958313
GSE40279,10,GSM990272,55.709859132766724,2.2901408672332764
GSE40279,10,GSM990273,55.23059582710266,7.769404172897339
GSE40279,10,GSM990274,52.90960431098938,2.09039568901062
GSE40279,10,GSM990275,51.65179181098938,1.6517918109893799
GSE40279,10,GSM990276,70.63895153999329,13.638951539993286
GSE40279,10,GSM990277,31.09359860420227,1.9064013957977295
GSE40279,10,GSM990278,55.668675661087036,9.668675661087036
GSE40279,10,GSM990279,48.437398195266724,2.4373981952667236
GSE40279,10,GSM990281,55.534215211868286,0.5342152118682861
GSE40279,10,GSM990282,43.342732667922974,20.657267332077026
GSE40279,10,GSM990283,41.416478395462036,4.583521604537964
GSE40279,10,GSM990284,58.788716554641724,7.211283445358276
GSE40279,10,GSM990285,44.787434816360474,2.2125651836395264
GSE40279,10,GSM990286,43.68569302558899,14.31430697441101
GSE40279,10,GSM990287,58.9133083820343,2.0866916179656982
GSE40279,10,GSM990288,39.079381227493286,8.920618772506714
GSE40279,10,GSM990289,41.19672131538391,3.803278684616089
GSE40279,10,GSM990290,55.21180462837219,6.788195371627808
GSE40279,10,GSM990291,47.57705044746399,2.4229495525360107
GSE40279,10,GSM990292,33.41032147407532,0.5896785259246826
GSE40279,10,GSM990293,56.042596101760864,7.957403898239136
GSE40279,10,GSM990294,47.340508699417114,7.659491300582886
GSE40279,10,GSM990295,51.8323872089386,3.8323872089385986
GSE40279,10,GSM990297,57.4860622882843,6.513937711715698
GSE40279,10,GSM990298,54.50928997993469,3.4907100200653076
GSE40279,10,GSM990299,36.22382855415344,0.7761714458465576
GSE40279,10,GSM990300,56.599889039993286,3.400110960006714
GSE40279,10,GSM990301,56.00639462471008,6.993605375289917
GSE40279,10,GSM990302,50.39562726020813,8.60437273979187
GSE40279,10,GSM990303,47.36820721626282,6.631792783737183
GSE40279,10,GSM990304,53.63533139228821,6.364668607711792
GSE40279,10,GSM990305,49.18464398384094,1.8153560161590576
GSE40279,10,GSM990306,65.67214703559875,2.672147035598755
GSE40279,10,GSM990307,57.69968914985657,6.300310850143433
GSE40279,10,GSM990309,53.30488705635071,9.304887056350708
GSE40279,10,GSM990311,59.29203152656555,6.707968473434448
GSE40279,10,GSM990313,53.8051655292511,7.194834470748901
GSE40279,10,GSM990314,53.79904294013977,1.7990429401397705
GSE40279,10,GSM990315,62.406434297561646,1.4064342975616455
GSE40279,10,GSM990318,42.72514843940735,9.274851560592651
GSE40279,10,GSM990319,49.3162624835968,5.683737516403198
GSE40279,10,GSM990320,63.2328884601593,4.232888460159302
GSE40279,10,GSM990321,53.07311749458313,5.92688250541687
GSE40279,10,GSM990323,47.988736391067505,1.9887363910675049
GSE40279,10,GSM990324,33.343480348587036,2.343480348587036
GSE40279,10,GSM990325,58.823697328567505,3.823697328567505
GSE40279,10,GSM990326,44.12482190132141,8.875178098678589
GSE40279,10,GSM990327,46.455594301223755,4.455594301223755
GSE40279,10,GSM990329,48.101048707962036,1.8989512920379639
GSE40279,10,GSM990330,48.54009747505188,3.45990252494812
GSE40279,10,GSM990331,40.87790036201477,4.1220996379852295
GSE40279,10,GSM990332,52.87727475166321,12.122725248336792
GSE40279,10,GSM990333,44.27824902534485,14.721750974655151
GSE40279,10,GSM990334,58.78048062324524,0.7804806232452393
GSE40279,10,GSM990335,62.366734743118286,1.6332652568817139
GSE40279,10,GSM990336,49.86164975166321,11.138350248336792
GSE40279,10,GSM990337,54.19719433784485,12.802805662155151
GSE40279,10,GSM990338,58.368462800979614,0.6315371990203857
GSE40279,10,GSM990339,49.268704652786255,8.731295347213745
GSE40279,10,GSM990340,45.34637188911438,8.65362811088562
GSE40279,10,GSM990341,54.51289486885071,2.487105131149292
GSE40279,10,GSM990342,55.636197328567505,4.363802671432495
GSE40279,10,GSM990343,45.26123547554016,4.738764524459839
GSE40279,10,GSM990346,43.98225140571594,0.017748594284057617
GSE40279,10,GSM990347,57.24549603462219,4.754503965377808
GSE40279,10,GSM990348,68.88531994819641,7.114680051803589
GSE40279,10,GSM990350,46.0877468585968,0.08774685859680176
GSE40279,10,GSM990352,53.83628582954407,5.163714170455933
GSE40279,10,GSM990353,51.05634045600891,0.9436595439910889
GSE40279,10,GSM990354,37.62329602241516,12.376703977584839
GSE40279,10,GSM990355,39.019620180130005,5.980379819869995
GSE40279,10,GSM990356,47.1633083820343,4.836691617965698
GSE40279,10,GSM990357,47.01403546333313,6.98596453666687
GSE40279,10,GSM990358,63.720433473587036,1.7204334735870361
GSE40279,10,GSM990360,54.492520570755005,8.507479429244995
GSE40279,10,GSM990363,59.94091534614563,5.05908465385437
GSE40279,10,GSM990364,55.67573285102844,8.324267148971558
GSE40279,10,GSM990365,50.84315228462219,6.156847715377808
GSE40279,10,GSM990366,59.640652894973755,3.359347105026245
GSE40279,10,GSM990369,41.98202633857727,3.9820263385772705
GSE40279,10,GSM990371,54.48054623603821,4.519453763961792
GSE40279,10,GSM990372,56.94806790351868,1.0519320964813232
GSE40279,10,GSM990373,41.3572895526886,0.35728955268859863
GSE40279,10,GSM990375,28.378323793411255,2.378323793411255
GSE40279,10,GSM990376,54.497369050979614,6.502630949020386
GSE40279,10,GSM990377,62.101231813430786,6.101231813430786
GSE40279,10,GSM990378,52.683194398880005,13.316805601119995
GSE40279,10,GSM990379,56.558255434036255,5.441744565963745
GSE40279,10,GSM990381,52.192219972610474,2.8077800273895264
GSE40279,10,GSM990382,50.53174328804016,10.468256711959839
GSE40279,10,GSM990383,60.994927644729614,2.9949276447296143
GSE40279,10,GSM990385,52.81149411201477,10.18850588798523
GSE40279,10,GSM990386,57.74247097969055,1.2575290203094482
GSE40279,10,GSM990387,56.421345949172974,4.578654050827026
GSE40279,10,GSM990388,59.49466824531555,6.505331754684448
GSE40279,10,GSM990389,56.489678621292114,8.510321378707886
GSE40279,10,GSM990390,54.83695721626282,3.1630427837371826
GSE40279,10,GSM990391,43.410279512405396,0.4102795124053955
GSE40279,10,GSM990392,49.39750027656555,5.602499723434448
GSE40279,10,GSM990394,52.330865144729614,2.3308651447296143
GSE40279,10,GSM990395,42.027364015579224,3.9726359844207764
GSE40279,10,GSM990396,54.66557049751282,0.6655704975128174
GSE40279,10,GSM990397,78.26338696479797,1.7366130352020264
GSE40279,10,GSM990398,71.01331830024719,11.986681699752808
GSE40279,10,GSM990399,75.46376538276672,1.5362346172332764
GSE40279,10,GSM990400,73.64175152778625,2.358248472213745
GSE40279,10,GSM990403,64.12605786323547,17.873942136764526
GSE40279,10,GSM990404,43.23475384712219,14.765246152877808
GSE40279,10,GSM990405,63.524285554885864,2.4757144451141357
GSE40279,10,GSM990406,59.65666317939758,25.343336820602417
GSE40279,10,GSM990407,66.57503247261047,0.5750324726104736
GSE40279,10,GSM990408,65.42551922798157,3.5744807720184326
GSE40279,10,GSM990409,67.32407879829407,16.675921201705933
GSE40279,10,GSM990410,76.68935894966125,2.310641050338745
GSE40279,10,GSM990411,60.993809938430786,3.006190061569214
GSE40279,10,GSM990412,64.46365857124329,13.536341428756714
GSE40279,10,GSM990413,53.2735378742218,0.27353787422180176
GSE40279,10,GSM990414,57.884419679641724,1.1155803203582764
GSE40279,10,GSM990416,65.71046185493469,4.710461854934692
GSE40279,10,GSM990418,60.49431347846985,8.505686521530151
GSE40279,10,GSM990419,63.73808026313782,3.7380802631378174
GSE40279,10,GSM990420,57.30732083320618,7.692679166793823
GSE40279,10,GSM990421,81.57124066352844,7.428759336471558
GSE40279,10,GSM990422,48.7266743183136,25.2733256816864
GSE40279,10,GSM990423,66.70347332954407,14.296526670455933
GSE40279,10,GSM990424,74.04958844184875,6.049588441848755
GSE40279,10,GSM990425,63.504170656204224,4.495829343795776
GSE40279,10,GSM990426,62.899869203567505,2.100130796432495
GSE40279,10,GSM990427,79.7790424823761,10.220957517623901
GSE40279,10,GSM990429,75.93698620796204,3.063013792037964
GSE40279,10,GSM990430,63.116597414016724,6.116597414016724
GSE40279,10,GSM990431,58.28205609321594,17.717943906784058
GSE40279,10,GSM990432,77.1933262348175,1.8066737651824951
GSE40279,10,GSM990433,41.631993532180786,7.368006467819214
GSE40279,10,GSM990434,80.23101544380188,11.76898455619812
GSE40279,10,GSM990435,61.846524477005005,4.153475522994995
GSE40279,10,GSM990436,59.39228177070618,0.39228177070617676
GSE40279,10,GSM990437,59.632439851760864,16.367560148239136
GSE40279,10,GSM990438,59.982518434524536,3.982518434524536
GSE40279,10,GSM990439,53.79362988471985,1.7936298847198486
GSE40279,10,GSM990440,60.03480267524719,4.965197324752808
GSE40279,10,GSM990441,68.95245862007141,4.047541379928589
GSE40279,10,GSM990442,75.12393689155579,10.123936891555786
GSE40279,10,GSM990443,82.68157696723938,1.3184230327606201
GSE40279,10,GSM990445,76.64175152778625,1.3582484722137451
GSE40279,10,GSM990446,58.10772442817688,5.10772442817688
GSE40279,10,GSM990447,78.78198742866516,10.781987428665161
GSE40279,10,GSM990448,48.89687466621399,3.1031253337860107
GSE40279,10,GSM990449,61.711262941360474,10.288737058639526
GSE40279,10,GSM990450,58.69828915596008,10.698289155960083
GSE40279,10,GSM990451,54.963643312454224,5.036356687545776
GSE40279,10,GSM990452,88.70585370063782,27.705853700637817
GSE40279,10,GSM990453,64.49152874946594,4.508471250534058
GSE40279,10,GSM990454,71.71708416938782,9.282915830612183
GSE40279,10,GSM990455,72.57487225532532,16.574872255325317
GSE40279,10,GSM990456,78.00530743598938,0.9946925640106201
GSE40279,10,GSM990457,75.30555462837219,6.694445371627808
GSE40279,10,GSM990458,56.42576336860657,1.5742366313934326
GSE40279,10,GSM990459,60.16626477241516,14.833735227584839
GSE40279,10,GSM990462,85.28858685493469,15.288586854934692
GSE40279,10,GSM990463,68.38926434516907,8.610735654830933
GSE40279,10,GSM990464,54.25971722602844,1.7402827739715576
GSE40279,10,GSM990465,60.28803753852844,6.711962461471558
GSE40279,10,GSM990466,76.5500156879425,0.5500156879425049
GSE40279,10,GSM990467,84.23756146430969,4.762438535690308
GSE40279,10,GSM990468,51.94782757759094,17.052172422409058
GSE40279,10,GSM990470,70.26393628120422,9.736063718795776
GSE40279,10,GSM990471,77.54131817817688,1.5413181781768799
GSE40279,10,GSM990473,53.282689332962036,7.717310667037964
GSE40279,10,GSM990474,46.72065472602844,5.279345273971558
GSE40279,10,GSM990475,65.06125378608704,3.938746213912964
GSE40279,10,GSM990477,63.727071046829224,5.272928953170776
GSE40279,10,GSM990478,53.56415677070618,11.435843229293823
GSE40279,10,GSM990479,43.54118084907532,1.4588191509246826
GSE40279,10,GSM990481,62.994832277297974,13.005167722702026
GSE40279,10,GSM990482,68.90678906440735,7.093210935592651
GSE40279,10,GSM990484,65.43902325630188,5.56097674369812
GSE40279,10,GSM990485,40.947911500930786,11.052088499069214
GSE40279,10,GSM990486,84.74520611763,0.7452061176300049
GSE40279,10,GSM990487,55.31461453437805,1.6853854656219482
GSE40279,10,GSM990488,66.07185864448547,1.9281413555145264
GSE40279,10,GSM990489,70.36375164985657,3.6362483501434326
GSE40279,10,GSM990490,36.37259793281555,3.3725979328155518
GSE40279,10,GSM990492,63.969685792922974,9.030314207077026
GSE40279,10,GSM990494,51.44861340522766,20.55138659477234
GSE40279,10,GSM990495,72.23988080024719,5.760119199752808
GSE40279,10,GSM990496,54.1136257648468,13.886374235153198
GSE40279,10,GSM990497,53.59548306465149,1.5954830646514893
GSE40279,10,GSM990498,51.887513399124146,12.112486600875854
GSE40279,10,GSM990499,37.69234585762024,10.69234585762024
GSE40279,10,GSM990500,40.80809140205383,11.808091402053833
GSE40279,10,GSM990501,53.43488812446594,9.434888124465942
GSE40279,10,GSM990502,43.68591809272766,2.685918092727661
GSE40279,10,GSM990503,49.46687054634094,4.466870546340942
GSE40279,10,GSM990504,31.040873765945435,4.040873765945435
GSE40279,10,GSM990505,55.77036786079407,7.770367860794067
GSE40279,10,GSM990506,57.748440980911255,1.7484409809112549
GSE40279,10,GSM990507,44.895406007766724,10.895406007766724
GSE40279,10,GSM990508,54.42791485786438,14.57208514213562
GSE40279,10,GSM990509,39.38172650337219,16.618273496627808
GSE40279,10,GSM990510,39.57751202583313,7.42248797416687
GSE40279,10,GSM990512,55.924771547317505,4.075228452682495
GSE40279,10,GSM990514,57.873318910598755,2.126681089401245
GSE40279,10,GSM990516,49.31782269477844,5.682177305221558
GSE40279,10,GSM990517,35.25067639350891,3.250676393508911
GSE40279,10,GSM990518,24.184211015701294,1.184211015701294
GSE40279,10,GSM990519,35.20806622505188,7.79193377494812
GSE40279,10,GSM990520,35.260823488235474,11.739176511764526
GSE40279,10,GSM990521,43.908711671829224,0.09128832817077637
GSE40279,10,GSM990522,39.575947999954224,2.5759479999542236
GSE40279,10,GSM990523,29.525250673294067,2.5252506732940674
GSE40279,10,GSM990525,35.3683979511261,7.368397951126099
GSE40279,10,GSM990526,59.56812787055969,8.568127870559692
GSE40279,10,GSM990528,31.08407711982727,12.08407711982727
GSE40279,10,GSM990529,53.36729168891907,9.367291688919067
GSE40279,10,GSM990530,65.69891858100891,16.69891858100891
GSE40279,10,GSM990532,48.5300190448761,4.530019044876099
GSE40279,10,GSM990533,64.83772015571594,2.8377201557159424
GSE40279,10,GSM990534,42.460530519485474,12.460530519485474
GSE40279,10,GSM990536,35.06200909614563,0.9379909038543701
GSE40279,10,GSM990537,34.16568112373352,9.16568112373352
GSE40279,10,GSM990538,46.02168011665344,10.021680116653442
GSE40279,10,GSM990539,29.72216534614563,8.72216534614563
GSE40279,10,GSM990540,52.28313946723938,12.28313946723938
GSE40279,10,GSM990541,36.60009503364563,14.60009503364563
GSE40279,10,GSM990542,41.540120363235474,5.540120363235474
GSE40279,10,GSM990543,67.06081891059875,9.060818910598755
GSE40279,10,GSM990544,83.0366108417511,0.03661084175109863
GSE40279,10,GSM990548,73.44672894477844,7.446728944778442
GSE40279,10,GSM990550,65.71171307563782,16.288286924362183
GSE40279,10,GSM990551,76.59406018257141,3.594060182571411
GSE40279,10,GSM990552,75.85952496528625,1.1404750347137451
GSE40279,10,GSM990553,82.36720013618469,2.3672001361846924
GSE40279,10,GSM990554,64.46568036079407,14.534319639205933
GSE40279,10,GSM990555,73.38476300239563,0.3847630023956299
GSE40279,10,GSM990557,74.61811566352844,10.381884336471558
GSE40279,10,GSM990558,96.46075940132141,5.460759401321411
GSE40279,10,GSM990559,83.85236096382141,1.1476390361785889
GSE40279,10,GSM990560,80.60467267036438,5.39532732963562
GSE40279,10,GSM990561,82.53568005561829,8.535680055618286
GSE40279,10,GSM990563,85.70448040962219,1.2955195903778076
GSE40279,10,GSM990564,76.18163800239563,0.18163800239562988
GSE40279,10,GSM990565,73.35975384712219,7.640246152877808
GSE40279,10,GSM990566,62.72681927680969,3.7268192768096924
GSE40279,10,GSM990567,73.61387372016907,0.6138737201690674
GSE40279,10,GSM990569,83.12397503852844,1.8760249614715576
GSE40279,10,GSM990570,68.53142285346985,0.46857714653015137
GSE40279,10,GSM990571,68.0849277973175,16.915072202682495
GSE40279,10,GSM990572,84.16132855415344,0.8386714458465576
GSE40279,10,GSM990573,85.46886944770813,1.4688694477081299
GSE40279,10,GSM990574,73.93577313423157,9.064226865768433
GSE40279,10,GSM990575,80.34424328804016,13.344243288040161
GSE40279,10,GSM990578,92.00442242622375,5.004422426223755
GSE40279,10,GSM990579,77.47353863716125,6.526461362838745
GSE40279,10,GSM990580,79.83965802192688,2.16034197807312
GSE40279,10,GSM990581,86.37797284126282,6.622027158737183
GSE40279,10,GSM990583,83.82742047309875,3.827420473098755
GSE40279,10,GSM990584,80.20693707466125,7.793062925338745
GSE40279,10,GSM990585,70.40252423286438,1.5974757671356201
GSE40279,10,GSM990587,52.08720898628235,3.9127910137176514
GSE40279,10,GSM990588,89.89216351509094,2.1078364849090576
GSE40279,10,GSM990589,78.28771710395813,0.2877171039581299
GSE40279,10,GSM990590,73.64812207221985,2.6481220722198486
GSE40279,10,GSM990591,65.49067425727844,23.509325742721558
GSE40279,10,GSM990592,47.621297121047974,6.378702878952026
GSE40279,10,GSM990593,65.75440716743469,0.24559283256530762
GSE40279,10,GSM990594,79.67563366889954,4.675633668899536
GSE40279,10,GSM990595,80.88005566596985,9.119944334030151
GSE40279,10,GSM990596,62.9300320148468,3.0699679851531982
GSE40279,10,GSM990597,87.87640118598938,10.87640118598938
GSE40279,10,GSM990598,81.14129376411438,0.8587062358856201
GSE40279,10,GSM990599,75.2565586566925,10.256558656692505
GSE40279,10,GSM990600,65.79462170600891,7.794621706008911
GSE40279,10,GSM990603,75.84553265571594,1.8455326557159424
GSE40279,10,GSM990604,72.56587719917297,3.5658771991729736
GSE40279,10,GSM990605,83.59821057319641,0.5982105731964111
GSE40279,10,GSM990606,85.47704815864563,2.47704815864563
GSE40279,10,GSM990607,89.41737103462219,19.417371034622192
GSE40279,10,GSM990608,79.00266766548157,15.002667665481567
GSE40279,10,GSM990609,75.28606915473938,25.28606915473938
GSE40279,10,GSM990610,98.92665600776672,24.926656007766724
GSE40279,10,GSM990611,69.28269696235657,0.2826969623565674
GSE40279,10,GSM990612,94.95979046821594,8.959790468215942
GSE40279,10,GSM990613,64.3244297504425,1.6755702495574951
GSE40279,10,GSM990614,81.57600140571594,11.576001405715942
GSE40279,10,GSM990615,99.7182514667511,10.718251466751099
GSE40279,10,GSM990617,75.37382245063782,6.373822450637817
GSE40279,10,GSM990618,69.93752026557922,5.937520265579224
GSE40279,10,GSM990619,77.523282289505,1.4767177104949951
GSE40279,10,GSM990620,84.36749005317688,7.63250994682312
GSE40279,10,GSM990621,79.27265667915344,9.272656679153442
GSE40279,10,GSM990622,83.45081067085266,6.450810670852661
GSE40279,10,GSM990623,84.58533978462219,6.585339784622192
GSE40279,10,GSM990624,78.31449627876282,7.314496278762817
GSE40279,10,GSM990625,79.56831097602844,11.568310976028442
GSE40279,10,GSM990626,65.75974774360657,4.759747743606567
GSE40279,10,GSM990627,75.35619854927063,2.35619854927063
GSE40279,11,GSM989827,64.97740578651428,2.0225942134857178
GSE40279,11,GSM989828,92.65681099891663,3.656810998916626
GSE40279,11,GSM989829,74.17480111122131,8.174801111221313
GSE40279,11,GSM989831,68.53601479530334,6.536014795303345
GSE40279,11,GSM989832,75.223064661026,11.776935338973999
GSE40279,11,GSM989833,67.95684456825256,5.0431554317474365
GSE40279,11,GSM989834,78.76887154579163,3.768871545791626
GSE40279,11,GSM989836,105.10959267616272,22.10959267616272
GSE40279,11,GSM989838,56.946903467178345,8.946903467178345
GSE40279,11,GSM989839,79.71323800086975,2.713238000869751
GSE40279,11,GSM989840,60.20067238807678,6.200672388076782
GSE40279,11,GSM989843,83.1702082157135,15.170208215713501
GSE40279,11,GSM989846,74.12834572792053,14.128345727920532
GSE40279,11,GSM989847,88.90959572792053,9.909595727920532
GSE40279,11,GSM989848,81.820232629776,13.820232629776001
GSE40279,11,GSM989850,88.70124459266663,4.701244592666626
GSE40279,11,GSM989852,75.41579079627991,1.4157907962799072
GSE40279,11,GSM989854,78.91775918006897,22.91775918006897
GSE40279,11,GSM989855,82.26334023475647,10.26334023475647
GSE40279,11,GSM989856,82.40021920204163,7.400219202041626
GSE40279,11,GSM989857,90.67947793006897,11.67947793006897
GSE40279,11,GSM989859,81.01732277870178,0.9826772212982178
GSE40279,11,GSM989861,96.25221657752991,17.252216577529907
GSE40279,11,GSM989862,65.72079873085022,11.72079873085022
GSE40279,11,GSM989865,77.91673684120178,6.083263158798218
GSE40279,11,GSM989868,83.84383034706116,9.843830347061157
GSE40279,11,GSM989869,65.60385537147522,11.39614462852478
GSE40279,11,GSM989871,85.8091471195221,1.1908528804779053
GSE40279,11,GSM989873,84.46654915809631,3.5334508419036865
GSE40279,11,GSM989874,70.99917244911194,4.9991724491119385
GSE40279,11,GSM989875,76.71287941932678,1.2871205806732178
GSE40279,11,GSM989876,73.54548287391663,20.545482873916626
GSE40279,11,GSM989877,79.267498254776,3.267498254776001
GSE40279,11,GSM989880,68.45402932167053,14.454029321670532
GSE40279,11,GSM989881,79.12863564491272,6.12863564491272
GSE40279,11,GSM989882,78.3384211063385,17.6615788936615
GSE40279,11,GSM989883,69.71627449989319,12.716274499893188
GSE40279,11,GSM989884,70.80153298377991,5.198467016220093
GSE40279,11,GSM989885,55.99997353553772,8.99997353553772
GSE40279,11,GSM989886,62.52876305580139,8.528763055801392
GSE40279,11,GSM989887,71.44253945350647,1.5574605464935303
GSE40279,11,GSM989888,79.98270058631897,4.01729941368103
GSE40279,11,GSM989889,79.44198250770569,17.44198250770569
GSE40279,11,GSM989890,86.93321633338928,2.0667836666107178
GSE40279,11,GSM989891,74.15428566932678,6.154285669326782
GSE40279,11,GSM989892,72.78683876991272,10.78683876991272
GSE40279,11,GSM989893,82.86575722694397,3.8657572269439697
GSE40279,11,GSM989894,73.20972084999084,1.2097208499908447
GSE40279,11,GSM989895,70.44934487342834,1.4493448734283447
GSE40279,11,GSM989896,57.11415505409241,2.1141550540924072
GSE40279,11,GSM989898,82.04100441932678,3.0410044193267822
GSE40279,11,GSM989899,77.89289498329163,5.892894983291626
GSE40279,11,GSM989900,87.71670937538147,1.2832906246185303
GSE40279,11,GSM989902,76.00185799598694,8.998142004013062
GSE40279,11,GSM989903,77.70723366737366,9.707233667373657
GSE40279,11,GSM989904,97.63814187049866,8.638141870498657
GSE40279,11,GSM989905,86.07027077674866,13.070270776748657
GSE40279,11,GSM989906,69.29576516151428,6.295765161514282
GSE40279,11,GSM989907,75.28223061561584,2.7177693843841553
GSE40279,11,GSM989911,94.0427668094635,9.042766809463501
GSE40279,11,GSM989914,79.42066597938538,5.420665979385376
GSE40279,11,GSM989915,87.81553292274475,3.815532922744751
GSE40279,11,GSM989917,64.60440468788147,15.60440468788147
GSE40279,11,GSM989918,84.51704812049866,15.517048120498657
GSE40279,11,GSM989919,82.4351236820221,19.435123682022095
GSE40279,11,GSM989920,77.03624367713928,11.036243677139282
GSE40279,11,GSM989921,88.16048836708069,3.1604883670806885
GSE40279,11,GSM989924,70.12376809120178,11.123768091201782
GSE40279,11,GSM989925,74.26330208778381,4.2633020877838135
GSE40279,11,GSM989926,77.94089913368225,12.940899133682251
GSE40279,11,GSM989927,80.96206307411194,12.962063074111938
GSE40279,11,GSM989928,89.98318886756897,5.98318886756897
GSE40279,11,GSM989930,61.801361322402954,10.801361322402954
GSE40279,11,GSM989931,73.39912819862366,10.399128198623657
GSE40279,11,GSM989932,77.45693612098694,8.456936120986938
GSE40279,11,GSM989934,71.57287240028381,6.4271275997161865
GSE40279,11,GSM989935,57.7366144657135,5.736614465713501
GSE40279,11,GSM989936,60.27299904823303,11.272999048233032
GSE40279,11,GSM989937,71.09695839881897,18.09695839881897
GSE40279,11,GSM989938,70.57051491737366,11.570514917373657
GSE40279,11,GSM989939,74.3427164554596,12.342716455459595
GSE40279,11,GSM989941,82.11003518104553,14.110035181045532
GSE40279,11,GSM989942,79.33363747596741,5.333637475967407
GSE40279,11,GSM989943,65.18853402137756,6.1885340213775635
GSE40279,11,GSM989944,82.84390664100647,6.84390664100647
GSE40279,11,GSM989945,68.71074318885803,14.710743188858032
GSE40279,11,GSM989946,74.72408699989319,15.724086999893188
GSE40279,11,GSM989947,70.55553078651428,22.555530786514282
GSE40279,11,GSM989948,61.45177102088928,16.451771020889282
GSE40279,11,GSM989950,73.518474817276,10.518474817276001
GSE40279,11,GSM989951,81.30640816688538,1.306408166885376
GSE40279,11,GSM989952,70.16641640663147,10.16641640663147
GSE40279,11,GSM989953,83.66147255897522,12.66147255897522
GSE40279,11,GSM989954,76.75572609901428,9.755726099014282
GSE40279,11,GSM989955,70.03693795204163,20.036937952041626
GSE40279,11,GSM989956,84.6829264163971,1.3170735836029053
GSE40279,11,GSM989957,76.86226296424866,6.862262964248657
GSE40279,11,GSM989958,64.04540657997131,10.045406579971313
GSE40279,11,GSM989961,63.48655724525452,5.486557245254517
GSE40279,11,GSM989962,67.83836770057678,9.838367700576782
GSE40279,11,GSM989963,69.98067116737366,5.980671167373657
GSE40279,11,GSM989964,79.89465737342834,6.894657373428345
GSE40279,11,GSM989965,56.13528847694397,7.13528847694397
GSE40279,11,GSM989966,58.59660363197327,2.5966036319732666
GSE40279,11,GSM989968,57.01537728309631,9.015377283096313
GSE40279,11,GSM989969,80.7312662601471,0.2687337398529053
GSE40279,11,GSM989971,67.04774880409241,6.047748804092407
GSE40279,11,GSM989972,63.07330346107483,13.073303461074829
GSE40279,11,GSM989973,67.52151894569397,1.4784810543060303
GSE40279,11,GSM989975,49.73461556434631,2.7346155643463135
GSE40279,11,GSM989976,63.62251687049866,20.622516870498657
GSE40279,11,GSM989977,63.36193490028381,8.361934900283813
GSE40279,11,GSM989978,64.25640511512756,10.256405115127563
GSE40279,11,GSM989979,68.96786141395569,10.967861413955688
GSE40279,11,GSM989980,52.334564447402954,18.334564447402954
GSE40279,11,GSM989981,71.64451241493225,6.644512414932251
GSE40279,11,GSM989982,63.25337624549866,11.253376245498657
GSE40279,11,GSM989983,48.45789361000061,16.45789361000061
GSE40279,11,GSM989984,60.83689522743225,13.836895227432251
GSE40279,11,GSM989985,73.74231362342834,19.742313623428345
GSE40279,11,GSM989987,50.92313027381897,22.92313027381897
GSE40279,11,GSM989988,74.09354043006897,20.09354043006897
GSE40279,11,GSM989989,73.52337288856506,14.523372888565063
GSE40279,11,GSM989991,62.20084023475647,12.20084023475647
GSE40279,11,GSM989992,40.20261788368225,10.202617883682251
GSE40279,11,GSM989993,65.13885140419006,15.138851404190063
GSE40279,11,GSM989994,65.31720757484436,18.31720757484436
GSE40279,11,GSM989995,67.09962868690491,20.099628686904907
GSE40279,11,GSM989996,48.43574547767639,15.435745477676392
GSE40279,11,GSM989997,50.98166298866272,12.98166298866272
GSE40279,11,GSM989998,49.365787744522095,14.365787744522095
GSE40279,11,GSM990000,76.56443428993225,3.435565710067749
GSE40279,11,GSM990001,89.61697030067444,3.6169703006744385
GSE40279,11,GSM990002,76.0443766117096,5.044376611709595
GSE40279,11,GSM990003,72.91228127479553,4.087718725204468
GSE40279,11,GSM990004,76.55263924598694,9.552639245986938
GSE40279,11,GSM990005,80.69822335243225,3.301776647567749
GSE40279,11,GSM990006,80.58118081092834,0.5811808109283447
GSE40279,11,GSM990007,73.46609139442444,3.4660913944244385
GSE40279,11,GSM990009,66.56985116004944,3.5698511600494385
GSE40279,11,GSM990010,72.30346322059631,2.3034632205963135
GSE40279,11,GSM990012,76.52966713905334,9.529667139053345
GSE40279,11,GSM990014,61.24611306190491,8.753886938095093
GSE40279,11,GSM990015,83.99544167518616,9.995441675186157
GSE40279,11,GSM990016,79.55873513221741,6.558735132217407
GSE40279,11,GSM990017,73.98909401893616,3.0109059810638428
GSE40279,11,GSM990018,93.36150765419006,13.361507654190063
GSE40279,11,GSM990019,80.51363778114319,14.513637781143188
GSE40279,11,GSM990021,86.82255959510803,10.822559595108032
GSE40279,11,GSM990022,75.38705849647522,2.6129415035247803
GSE40279,11,GSM990023,85.27734780311584,3.2773478031158447
GSE40279,11,GSM990024,81.96065163612366,5.960651636123657
GSE40279,11,GSM990025,72.08028054237366,1.0802805423736572
GSE40279,11,GSM990026,77.05125832557678,4.948741674423218
GSE40279,11,GSM990027,90.80079293251038,7.800792932510376
GSE40279,11,GSM990028,74.60030007362366,4.399699926376343
GSE40279,11,GSM990029,72.18660378456116,2.8133962154388428
GSE40279,11,GSM990031,64.28509163856506,0.2850916385650635
GSE40279,11,GSM990033,93.98621773719788,1.986217737197876
GSE40279,11,GSM990034,83.24323678016663,9.243236780166626
GSE40279,11,GSM990035,74.62563729286194,5.6256372928619385
GSE40279,11,GSM990036,82.42949318885803,2.4294931888580322
GSE40279,11,GSM990039,88.28247475624084,7.282474756240845
GSE40279,11,GSM990041,76.63875222206116,7.638752222061157
GSE40279,11,GSM990042,77.37752175331116,4.377521753311157
GSE40279,11,GSM990045,65.22274422645569,2.7772557735443115
GSE40279,11,GSM990046,85.28866219520569,16.28866219520569
GSE40279,11,GSM990049,80.90858864784241,0.09141135215759277
GSE40279,11,GSM990050,65.06365609169006,5.9363439083099365
GSE40279,11,GSM990051,72.40398049354553,1.4039804935455322
GSE40279,11,GSM990052,79.18075966835022,4.18075966835022
GSE40279,11,GSM990053,58.24847054481506,1.7515294551849365
GSE40279,11,GSM990054,75.6235773563385,1.376422643661499
GSE40279,11,GSM990055,81.44217324256897,3.5578267574310303
GSE40279,11,GSM990056,71.93816018104553,1.9381601810455322
GSE40279,11,GSM990057,68.13557076454163,6.135570764541626
GSE40279,11,GSM990058,72.29802346229553,3.2980234622955322
GSE40279,11,GSM990059,72.11789345741272,0.8821065425872803
GSE40279,11,GSM990060,79.22941994667053,6.229419946670532
GSE40279,11,GSM990061,73.84107613563538,0.15892386436462402
GSE40279,11,GSM990062,73.88274788856506,0.8827478885650635
GSE40279,11,GSM990063,82.52750039100647,3.4724996089935303
GSE40279,11,GSM990066,81.58436989784241,6.584369897842407
GSE40279,11,GSM990068,59.26025414466858,7.739745855331421
GSE40279,11,GSM990070,54.85887551307678,6.858875513076782
GSE40279,11,GSM990072,66.14706063270569,18.14706063270569
GSE40279,11,GSM990075,59.275482416152954,13.275482416152954
GSE40279,11,GSM990076,59.360626459121704,0.6393735408782959
GSE40279,11,GSM990077,55.405681848526,15.405681848526001
GSE40279,11,GSM990079,53.855877161026,12.855877161026001
GSE40279,11,GSM990080,53.972599267959595,0.9725992679595947
GSE40279,11,GSM990081,61.25759530067444,13.257595300674438
GSE40279,11,GSM990082,73.72400307655334,2.7240030765533447
GSE40279,11,GSM990083,61.254486322402954,9.254486322402954
GSE40279,11,GSM990084,61.02888894081116,2.9711110591888428
GSE40279,11,GSM990085,53.10795617103577,5.107956171035767
GSE40279,11,GSM990086,54.71139931678772,0.2886006832122803
GSE40279,11,GSM990087,75.87472939491272,7.87472939491272
GSE40279,11,GSM990088,57.462745904922485,11.462745904922485
GSE40279,11,GSM990089,68.84615731239319,4.8461573123931885
GSE40279,11,GSM990090,57.6030695438385,0.603069543838501
GSE40279,11,GSM990091,52.49318337440491,7.493183374404907
GSE40279,11,GSM990094,76.48894906044006,16.488949060440063
GSE40279,11,GSM990095,58.74645638465881,7.7464563846588135
GSE40279,11,GSM990096,39.89280343055725,33.10719656944275
GSE40279,11,GSM990097,56.30234932899475,18.30234932899475
GSE40279,11,GSM990099,74.05350136756897,10.05350136756897
GSE40279,11,GSM990100,65.3774836063385,7.377483606338501
GSE40279,11,GSM990101,50.18392205238342,7.183922052383423
GSE40279,11,GSM990102,43.30184578895569,5.3018457889556885
GSE40279,11,GSM990103,57.87243294715881,3.8724329471588135
GSE40279,11,GSM990104,75.02758431434631,5.0275843143463135
GSE40279,11,GSM990106,69.0527765750885,7.052776575088501
GSE40279,11,GSM990107,52.89987587928772,1.8998758792877197
GSE40279,11,GSM990108,49.13146233558655,8.131462335586548
GSE40279,11,GSM990109,49.55772042274475,3.442279577255249
GSE40279,11,GSM990110,61.170353174209595,3.8296468257904053
GSE40279,11,GSM990111,55.53282570838928,5.532825708389282
GSE40279,11,GSM990112,61.28609108924866,6.286091089248657
GSE40279,11,GSM990113,62.984100580215454,0.9841005802154541
GSE40279,11,GSM990114,63.90195107460022,2.9019510746002197
GSE40279,11,GSM990115,49.69260811805725,11.692608118057251
GSE40279,11,GSM990117,73.14839577674866,9.148395776748657
GSE40279,11,GSM990118,49.843387842178345,7.156612157821655
GSE40279,11,GSM990119,60.51049065589905,3.510490655899048
GSE40279,11,GSM990120,52.659557580947876,3.659557580947876
GSE40279,11,GSM990121,61.69912362098694,2.3008763790130615
GSE40279,11,GSM990122,51.388099908828735,14.611900091171265
GSE40279,11,GSM990268,53.885231256484985,1.8852312564849854
GSE40279,11,GSM990269,58.90902352333069,15.909023523330688
GSE40279,11,GSM990271,56.726017236709595,5.726017236709595
GSE40279,11,GSM990272,57.55611824989319,0.4438817501068115
GSE40279,11,GSM990273,57.076854944229126,5.923145055770874
GSE40279,11,GSM990274,54.755863428115845,0.24413657188415527
GSE40279,11,GSM990275,53.498050928115845,3.4980509281158447
GSE40279,11,GSM990276,72.48521065711975,15.485210657119751
GSE40279,11,GSM990277,32.939857721328735,0.06014227867126465
GSE40279,11,GSM990278,57.5149347782135,11.514934778213501
GSE40279,11,GSM990279,50.28365731239319,4.2836573123931885
GSE40279,11,GSM990281,57.38047432899475,2.380474328994751
GSE40279,11,GSM990282,45.18899178504944,18.81100821495056
GSE40279,11,GSM990283,43.2627375125885,2.737262487411499
GSE40279,11,GSM990284,60.63497567176819,5.3650243282318115
GSE40279,11,GSM990285,46.63369393348694,0.3663060665130615
GSE40279,11,GSM990286,45.531952142715454,12.468047857284546
GSE40279,11,GSM990287,60.75956749916077,0.2404325008392334
GSE40279,11,GSM990288,40.92564034461975,7.074359655380249
GSE40279,11,GSM990289,43.042980432510376,1.957019567489624
GSE40279,11,GSM990290,57.05806374549866,4.941936254501343
GSE40279,11,GSM990291,49.423309564590454,0.5766904354095459
GSE40279,11,GSM990292,35.25658059120178,1.2565805912017822
GSE40279,11,GSM990293,57.88885521888733,6.111144781112671
GSE40279,11,GSM990294,49.18676781654358,5.813232183456421
GSE40279,11,GSM990295,53.67864632606506,5.6786463260650635
GSE40279,11,GSM990297,59.33232140541077,4.667678594589233
GSE40279,11,GSM990298,56.35554909706116,1.6444509029388428
GSE40279,11,GSM990299,38.07008767127991,1.0700876712799072
GSE40279,11,GSM990300,58.44614815711975,1.553851842880249
GSE40279,11,GSM990301,57.85265374183655,5.147346258163452
GSE40279,11,GSM990302,52.241886377334595,6.758113622665405
GSE40279,11,GSM990303,49.21446633338928,4.785533666610718
GSE40279,11,GSM990304,55.48159050941467,4.518409490585327
GSE40279,11,GSM990305,51.03090310096741,0.030903100967407227
GSE40279,11,GSM990306,67.51840615272522,4.51840615272522
GSE40279,11,GSM990307,59.54594826698303,4.454051733016968
GSE40279,11,GSM990309,55.15114617347717,11.151146173477173
GSE40279,11,GSM990311,61.13829064369202,4.861709356307983
GSE40279,11,GSM990313,55.65142464637756,5.3485753536224365
GSE40279,11,GSM990314,55.645302057266235,3.6453020572662354
GSE40279,11,GSM990315,64.25269341468811,3.2526934146881104
GSE40279,11,GSM990318,44.57140755653381,7.4285924434661865
GSE40279,11,GSM990319,51.16252160072327,3.8374783992767334
GSE40279,11,GSM990320,65.07914757728577,6.079147577285767
GSE40279,11,GSM990321,54.919376611709595,4.080623388290405
GSE40279,11,GSM990323,49.83499550819397,3.8349955081939697
GSE40279,11,GSM990324,35.1897394657135,4.189739465713501
GSE40279,11,GSM990325,60.66995644569397,5.66995644569397
GSE40279,11,GSM990326,45.971081018447876,7.028918981552124
GSE40279,11,GSM990327,48.30185341835022,6.30185341835022
GSE40279,11,GSM990329,49.9473078250885,0.05269217491149902
GSE40279,11,GSM990330,50.386356592178345,1.6136434078216553
GSE40279,11,GSM990331,42.724159479141235,2.2758405208587646
GSE40279,11,GSM990332,54.72353386878967,10.276466131210327
GSE40279,11,GSM990333,46.12450814247131,12.875491857528687
GSE40279,11,GSM990334,60.626739740371704,2.626739740371704
GSE40279,11,GSM990335,64.21299386024475,0.21299386024475098
GSE40279,11,GSM990336,51.70790886878967,9.292091131210327
GSE40279,11,GSM990337,56.04345345497131,10.956546545028687
GSE40279,11,GSM990338,60.21472191810608,1.214721918106079
GSE40279,11,GSM990339,51.11496376991272,6.88503623008728
GSE40279,11,GSM990340,47.192631006240845,6.807368993759155
GSE40279,11,GSM990341,56.35915398597717,0.6408460140228271
GSE40279,11,GSM990342,57.48245644569397,2.5175435543060303
GSE40279,11,GSM990343,47.107494592666626,2.892505407333374
GSE40279,11,GSM990346,45.82851052284241,1.8285105228424072
GSE40279,11,GSM990347,59.09175515174866,2.9082448482513428
GSE40279,11,GSM990348,70.73157906532288,5.268420934677124
GSE40279,11,GSM990350,47.93400597572327,1.9340059757232666
GSE40279,11,GSM990352,55.68254494667053,3.3174550533294678
GSE40279,11,GSM990353,52.902599573135376,0.902599573135376
GSE40279,11,GSM990354,39.469555139541626,10.530444860458374
GSE40279,11,GSM990355,40.86587929725647,4.13412070274353
GSE40279,11,GSM990356,49.00956749916077,2.9904325008392334
GSE40279,11,GSM990357,48.860294580459595,5.139705419540405
GSE40279,11,GSM990358,65.5666925907135,3.566692590713501
GSE40279,11,GSM990360,56.33877968788147,6.66122031211853
GSE40279,11,GSM990363,61.787174463272095,3.2128255367279053
GSE40279,11,GSM990364,57.52199196815491,6.478008031845093
GSE40279,11,GSM990365,52.68941140174866,4.310588598251343
GSE40279,11,GSM990366,61.48691201210022,1.5130879878997803
GSE40279,11,GSM990369,43.828285455703735,5.828285455703735
GSE40279,11,GSM990371,56.32680535316467,2.673194646835327
GSE40279,11,GSM990372,58.79432702064514,0.7943270206451416
GSE40279,11,GSM990373,43.20354866981506,2.2035486698150635
GSE40279,11,GSM990375,30.22458291053772,4.22458291053772
GSE40279,11,GSM990376,56.34362816810608,4.656371831893921
GSE40279,11,GSM990377,63.94749093055725,7.947490930557251
GSE40279,11,GSM990378,54.52945351600647,11.47054648399353
GSE40279,11,GSM990379,58.40451455116272,3.5954854488372803
GSE40279,11,GSM990381,54.03847908973694,0.9615209102630615
GSE40279,11,GSM990382,52.378002405166626,8.621997594833374
GSE40279,11,GSM990383,62.84118676185608,4.841186761856079
GSE40279,11,GSM990385,54.657753229141235,8.342246770858765
GSE40279,11,GSM990386,59.58873009681702,0.5887300968170166
GSE40279,11,GSM990387,58.26760506629944,2.7323949337005615
GSE40279,11,GSM990388,61.34092736244202,4.659072637557983
GSE40279,11,GSM990389,58.33593773841858,6.664062261581421
GSE40279,11,GSM990390,56.68321633338928,1.3167836666107178
GSE40279,11,GSM990391,45.25653862953186,2.2565386295318604
GSE40279,11,GSM990392,51.24375939369202,3.7562406063079834
GSE40279,11,GSM990394,54.17712426185608,4.177124261856079
GSE40279,11,GSM990395,43.87362313270569,2.1263768672943115
GSE40279,11,GSM990396,56.51182961463928,2.5118296146392822
GSE40279,11,GSM990397,80.10964608192444,0.10964608192443848
GSE40279,11,GSM990398,72.85957741737366,10.140422582626343
GSE40279,11,GSM990399,77.31002449989319,0.3100244998931885
GSE40279,11,GSM990400,75.48801064491272,0.5119893550872803
GSE40279,11,GSM990403,65.97231698036194,16.02768301963806
GSE40279,11,GSM990404,45.08101296424866,12.918987035751343
GSE40279,11,GSM990405,65.37054467201233,0.6294553279876709
GSE40279,11,GSM990406,61.50292229652405,23.497077703475952
GSE40279,11,GSM990407,68.42129158973694,2.4212915897369385
GSE40279,11,GSM990408,67.27177834510803,1.7282216548919678
GSE40279,11,GSM990409,69.17033791542053,14.829662084579468
GSE40279,11,GSM990410,78.53561806678772,0.4643819332122803
GSE40279,11,GSM990411,62.84006905555725,1.159930944442749
GSE40279,11,GSM990412,66.30991768836975,11.690082311630249
GSE40279,11,GSM990413,55.11979699134827,2.1197969913482666
GSE40279,11,GSM990414,59.73067879676819,0.7306787967681885
GSE40279,11,GSM990416,67.55672097206116,6.556720972061157
GSE40279,11,GSM990418,62.34057259559631,6.6594274044036865
GSE40279,11,GSM990419,65.58433938026428,5.584339380264282
GSE40279,11,GSM990420,59.15357995033264,5.846420049667358
GSE40279,11,GSM990421,83.41749978065491,5.582500219345093
GSE40279,11,GSM990422,50.57293343544006,23.427066564559937
GSE40279,11,GSM990423,68.54973244667053,12.450267553329468
GSE40279,11,GSM990424,75.89584755897522,7.89584755897522
GSE40279,11,GSM990425,65.35042977333069,2.6495702266693115
GSE40279,11,GSM990426,64.74612832069397,0.2538716793060303
GSE40279,11,GSM990427,81.62530159950256,8.374698400497437
GSE40279,11,GSM990429,77.7832453250885,1.216754674911499
GSE40279,11,GSM990430,64.96285653114319,7.9628565311431885
GSE40279,11,GSM990431,60.12831521034241,15.871684789657593
GSE40279,11,GSM990432,79.03958535194397,0.03958535194396973
GSE40279,11,GSM990433,43.47825264930725,5.521747350692749
GSE40279,11,GSM990434,82.07727456092834,9.922725439071655
GSE40279,11,GSM990435,63.69278359413147,2.3072164058685303
GSE40279,11,GSM990436,61.23854088783264,2.2385408878326416
GSE40279,11,GSM990437,61.47869896888733,14.521301031112671
GSE40279,11,GSM990438,61.828777551651,5.828777551651001
GSE40279,11,GSM990439,55.63988900184631,3.6398890018463135
GSE40279,11,GSM990440,61.88106179237366,3.1189382076263428
GSE40279,11,GSM990441,70.79871773719788,2.201282262802124
GSE40279,11,GSM990442,76.97019600868225,11.970196008682251
GSE40279,11,GSM990443,84.52783608436584,0.5278360843658447
GSE40279,11,GSM990445,78.48801064491272,0.4880106449127197
GSE40279,11,GSM990446,59.953983545303345,6.953983545303345
GSE40279,11,GSM990447,80.62824654579163,12.628246545791626
GSE40279,11,GSM990448,50.743133783340454,1.256866216659546
GSE40279,11,GSM990449,63.55752205848694,8.442477941513062
GSE40279,11,GSM990450,60.54454827308655,12.544548273086548
GSE40279,11,GSM990451,56.80990242958069,3.1900975704193115
GSE40279,11,GSM990452,90.55211281776428,29.552112817764282
GSE40279,11,GSM990453,66.33778786659241,2.6622121334075928
GSE40279,11,GSM990454,73.56334328651428,7.436656713485718
GSE40279,11,GSM990455,74.42113137245178,18.421131372451782
GSE40279,11,GSM990456,79.85156655311584,0.8515665531158447
GSE40279,11,GSM990457,77.15181374549866,4.848186254501343
GSE40279,11,GSM990458,58.27202248573303,0.2720224857330322
GSE40279,11,GSM990459,62.012523889541626,12.987476110458374
GSE40279,11,GSM990462,87.13484597206116,17.134845972061157
GSE40279,11,GSM990463,70.23552346229553,6.764476537704468
GSE40279,11,GSM990464,56.10597634315491,0.10597634315490723
GSE40279,11,GSM990465,62.13429665565491,4.865703344345093
GSE40279,11,GSM990466,78.39627480506897,2.3962748050689697
GSE40279,11,GSM990467,86.08382058143616,2.9161794185638428
GSE40279,11,GSM990468,53.79408669471741,15.205913305282593
GSE40279,11,GSM990470,72.11019539833069,7.8898046016693115
GSE40279,11,GSM990471,79.38757729530334,3.3875772953033447
GSE40279,11,GSM990473,55.1289484500885,5.871051549911499
GSE40279,11,GSM990474,48.56691384315491,3.4330861568450928
GSE40279,11,GSM990475,66.9075129032135,2.092487096786499
GSE40279,11,GSM990477,65.57333016395569,3.4266698360443115
GSE40279,11,GSM990478,55.41041588783264,9.589584112167358
GSE40279,11,GSM990479,45.38743996620178,0.3874399662017822
GSE40279,11,GSM990481,64.84109139442444,11.158908605575562
GSE40279,11,GSM990482,70.75304818153381,5.2469518184661865
GSE40279,11,GSM990484,67.28528237342834,3.7147176265716553
GSE40279,11,GSM990485,42.79417061805725,9.205829381942749
GSE40279,11,GSM990486,86.59146523475647,2.5914652347564697
GSE40279,11,GSM990487,57.16087365150452,0.1608736515045166
GSE40279,11,GSM990488,67.91811776161194,0.08188223838806152
GSE40279,11,GSM990489,72.21001076698303,1.7899892330169678
GSE40279,11,GSM990490,38.21885704994202,5.218857049942017
GSE40279,11,GSM990492,65.81594491004944,7.1840550899505615
GSE40279,11,GSM990494,53.294872522354126,18.705127477645874
GSE40279,11,GSM990495,74.08613991737366,3.9138600826263428
GSE40279,11,GSM990496,55.95988488197327,12.040115118026733
GSE40279,11,GSM990497,55.441742181777954,3.441742181777954
GSE40279,11,GSM990498,53.73377251625061,10.26622748374939
GSE40279,11,GSM990499,39.538604974746704,12.538604974746704
GSE40279,11,GSM990500,42.6543505191803,13.654350519180298
GSE40279,11,GSM990501,55.28114724159241,11.281147241592407
GSE40279,11,GSM990502,45.532177209854126,4.532177209854126
GSE40279,11,GSM990503,51.31312966346741,6.313129663467407
GSE40279,11,GSM990504,32.8871328830719,5.887132883071899
GSE40279,11,GSM990505,57.61662697792053,9.616626977920532
GSE40279,11,GSM990506,59.59470009803772,3.5947000980377197
GSE40279,11,GSM990507,46.74166512489319,12.741665124893188
GSE40279,11,GSM990508,56.274173974990845,12.725826025009155
GSE40279,11,GSM990509,41.22798562049866,14.772014379501343
GSE40279,11,GSM990510,41.423771142959595,5.576228857040405
GSE40279,11,GSM990512,57.77103066444397,2.2289693355560303
GSE40279,11,GSM990514,59.71957802772522,0.2804219722747803
GSE40279,11,GSM990516,51.16408181190491,3.8359181880950928
GSE40279,11,GSM990517,37.096935510635376,5.096935510635376
GSE40279,11,GSM990518,26.03047013282776,3.030470132827759
GSE40279,11,GSM990519,37.054325342178345,5.945674657821655
GSE40279,11,GSM990520,37.10708260536194,9.892917394638062
GSE40279,11,GSM990521,45.75497078895569,1.7549707889556885
GSE40279,11,GSM990522,41.42220711708069,4.4222071170806885
GSE40279,11,GSM990523,31.371509790420532,4.371509790420532
GSE40279,11,GSM990525,37.21465706825256,9.214657068252563
GSE40279,11,GSM990526,61.41438698768616,10.414386987686157
GSE40279,11,GSM990528,32.930336236953735,13.930336236953735
GSE40279,11,GSM990529,55.21355080604553,11.213550806045532
GSE40279,11,GSM990530,67.54517769813538,18.545177698135376
GSE40279,11,GSM990532,50.37627816200256,6.3762781620025635
GSE40279,11,GSM990533,66.68397927284241,4.683979272842407
GSE40279,11,GSM990534,44.30678963661194,14.306789636611938
GSE40279,11,GSM990536,36.908268213272095,0.9082682132720947
GSE40279,11,GSM990537,36.011940240859985,11.011940240859985
GSE40279,11,GSM990538,47.86793923377991,11.867939233779907
GSE40279,11,GSM990539,31.568424463272095,10.568424463272095
GSE40279,11,GSM990540,54.129398584365845,14.129398584365845
GSE40279,11,GSM990541,38.446354150772095,16.446354150772095
GSE40279,11,GSM990542,43.38637948036194,7.3863794803619385
GSE40279,11,GSM990543,68.90707802772522,10.90707802772522
GSE40279,11,GSM990544,84.88286995887756,1.8828699588775635
GSE40279,11,GSM990548,75.29298806190491,9.292988061904907
GSE40279,11,GSM990550,67.55797219276428,14.442027807235718
GSE40279,11,GSM990551,78.44031929969788,5.440319299697876
GSE40279,11,GSM990552,77.70578408241272,0.7057840824127197
GSE40279,11,GSM990553,84.21345925331116,4.213459253311157
GSE40279,11,GSM990554,66.31193947792053,12.688060522079468
GSE40279,11,GSM990555,75.2310221195221,2.2310221195220947
GSE40279,11,GSM990557,76.46437478065491,8.535625219345093
GSE40279,11,GSM990558,98.30701851844788,7.307018518447876
GSE40279,11,GSM990559,85.69862008094788,0.698620080947876
GSE40279,11,GSM990560,82.45093178749084,3.5490682125091553
GSE40279,11,GSM990561,84.38193917274475,10.381939172744751
GSE40279,11,GSM990563,87.55073952674866,0.5507395267486572
GSE40279,11,GSM990564,78.0278971195221,2.0278971195220947
GSE40279,11,GSM990565,75.20601296424866,5.793987035751343
GSE40279,11,GSM990566,64.57307839393616,5.573078393936157
GSE40279,11,GSM990567,75.46013283729553,2.4601328372955322
GSE40279,11,GSM990569,84.97023415565491,0.029765844345092773
GSE40279,11,GSM990570,70.37768197059631,1.3776819705963135
GSE40279,11,GSM990571,69.93118691444397,15.06881308555603
GSE40279,11,GSM990572,86.00758767127991,1.0075876712799072
GSE40279,11,GSM990573,87.3151285648346,3.3151285648345947
GSE40279,11,GSM990574,75.78203225135803,7.217967748641968
GSE40279,11,GSM990575,82.19050240516663,15.190502405166626
GSE40279,11,GSM990578,93.85068154335022,6.85068154335022
GSE40279,11,GSM990579,79.31979775428772,4.68020224571228
GSE40279,11,GSM990580,81.68591713905334,0.3140828609466553
GSE40279,11,GSM990581,88.22423195838928,4.775768041610718
GSE40279,11,GSM990583,85.67367959022522,5.67367959022522
GSE40279,11,GSM990584,82.05319619178772,5.94680380821228
GSE40279,11,GSM990585,72.24878334999084,0.24878334999084473
GSE40279,11,GSM990587,53.93346810340881,2.0665318965911865
GSE40279,11,GSM990588,91.73842263221741,0.2615773677825928
GSE40279,11,GSM990589,80.1339762210846,2.1339762210845947
GSE40279,11,GSM990590,75.49438118934631,4.4943811893463135
GSE40279,11,GSM990591,67.33693337440491,21.663066625595093
GSE40279,11,GSM990592,49.46755623817444,4.5324437618255615
GSE40279,11,GSM990593,67.60066628456116,1.6006662845611572
GSE40279,11,GSM990594,81.521892786026,6.521892786026001
GSE40279,11,GSM990595,82.72631478309631,7.2736852169036865
GSE40279,11,GSM990596,64.77629113197327,1.2237088680267334
GSE40279,11,GSM990597,89.72266030311584,12.722660303115845
GSE40279,11,GSM990598,82.98755288124084,0.9875528812408447
GSE40279,11,GSM990599,77.10281777381897,12.10281777381897
GSE40279,11,GSM990600,67.64088082313538,9.640880823135376
GSE40279,11,GSM990603,77.69179177284241,3.6917917728424072
GSE40279,11,GSM990604,74.41213631629944,5.4121363162994385
GSE40279,11,GSM990605,85.44446969032288,2.444469690322876
GSE40279,11,GSM990606,87.3233072757721,4.323307275772095
GSE40279,11,GSM990607,91.26363015174866,21.263630151748657
GSE40279,11,GSM990608,80.84892678260803,16.848926782608032
GSE40279,11,GSM990609,77.13232827186584,27.132328271865845
GSE40279,11,GSM990610,100.77291512489319,26.77291512489319
GSE40279,11,GSM990611,71.12895607948303,2.1289560794830322
GSE40279,11,GSM990612,96.80604958534241,10.806049585342407
GSE40279,11,GSM990613,66.17068886756897,0.17068886756896973
GSE40279,11,GSM990614,83.42226052284241,13.422260522842407
GSE40279,11,GSM990615,101.56451058387756,12.564510583877563
GSE40279,11,GSM990617,77.22008156776428,8.220081567764282
GSE40279,11,GSM990618,71.78377938270569,7.7837793827056885
GSE40279,11,GSM990619,79.36954140663147,0.3695414066314697
GSE40279,11,GSM990620,86.21374917030334,5.786250829696655
GSE40279,11,GSM990621,81.11891579627991,11.118915796279907
GSE40279,11,GSM990622,85.29706978797913,8.297069787979126
GSE40279,11,GSM990623,86.43159890174866,8.431598901748657
GSE40279,11,GSM990624,80.16075539588928,9.160755395889282
GSE40279,11,GSM990625,81.41457009315491,13.414570093154907
GSE40279,11,GSM990626,67.60600686073303,6.606006860733032
GSE40279,11,GSM990627,77.2024576663971,4.202457666397095
GSE40279,12,GSM989827,63.28792905807495,3.712070941925049
GSE40279,12,GSM989828,90.9673342704773,1.967334270477295
GSE40279,12,GSM989829,72.48532438278198,6.485324382781982
GSE40279,12,GSM989831,66.84653806686401,4.846538066864014
GSE40279,12,GSM989832,73.53358793258667,13.46641206741333
GSE40279,12,GSM989833,66.26736783981323,6.732632160186768
GSE40279,12,GSM989834,77.0793948173523,2.079394817352295
GSE40279,12,GSM989836,103.42011594772339,20.42011594772339
GSE40279,12,GSM989838,55.257426738739014,7.257426738739014
GSE40279,12,GSM989839,78.02376127243042,1.02376127243042
GSE40279,12,GSM989840,58.51119565963745,4.511195659637451
GSE40279,12,GSM989843,81.48073148727417,13.48073148727417
GSE40279,12,GSM989846,72.4388689994812,12.438868999481201
GSE40279,12,GSM989847,87.2201189994812,8.220118999481201
GSE40279,12,GSM989848,80.13075590133667,12.13075590133667
GSE40279,12,GSM989850,87.0117678642273,3.011767864227295
GSE40279,12,GSM989852,73.72631406784058,0.27368593215942383
GSE40279,12,GSM989854,77.22828245162964,21.22828245162964
GSE40279,12,GSM989855,80.57386350631714,8.573863506317139
GSE40279,12,GSM989856,80.7107424736023,5.710742473602295
GSE40279,12,GSM989857,88.99000120162964,9.990001201629639
GSE40279,12,GSM989859,79.32784605026245,2.672153949737549
GSE40279,12,GSM989861,94.56273984909058,15.562739849090576
GSE40279,12,GSM989862,64.03132200241089,10.031322002410889
GSE40279,12,GSM989865,76.22726011276245,7.772739887237549
GSE40279,12,GSM989868,82.15435361862183,8.154353618621826
GSE40279,12,GSM989869,63.91437864303589,13.085621356964111
GSE40279,12,GSM989871,84.11967039108276,2.8803296089172363
GSE40279,12,GSM989873,82.77707242965698,5.222927570343018
GSE40279,12,GSM989874,69.30969572067261,3.3096957206726074
GSE40279,12,GSM989875,75.02340269088745,2.976597309112549
GSE40279,12,GSM989876,71.8560061454773,18.856006145477295
GSE40279,12,GSM989877,77.57802152633667,1.57802152633667
GSE40279,12,GSM989880,66.7645525932312,12.764552593231201
GSE40279,12,GSM989881,77.43915891647339,4.439158916473389
GSE40279,12,GSM989882,76.64894437789917,19.35105562210083
GSE40279,12,GSM989883,68.02679777145386,11.026797771453857
GSE40279,12,GSM989884,69.11205625534058,6.887943744659424
GSE40279,12,GSM989885,54.31049680709839,7.310496807098389
GSE40279,12,GSM989886,60.83928632736206,6.8392863273620605
GSE40279,12,GSM989887,69.75306272506714,3.2469372749328613
GSE40279,12,GSM989888,78.29322385787964,5.706776142120361
GSE40279,12,GSM989889,77.75250577926636,15.752505779266357
GSE40279,12,GSM989890,85.24373960494995,3.756260395050049
GSE40279,12,GSM989891,72.46480894088745,4.464808940887451
GSE40279,12,GSM989892,71.09736204147339,9.097362041473389
GSE40279,12,GSM989893,81.17628049850464,2.1762804985046387
GSE40279,12,GSM989894,71.52024412155151,0.47975587844848633
GSE40279,12,GSM989895,68.75986814498901,0.24013185501098633
GSE40279,12,GSM989896,55.424678325653076,0.42467832565307617
GSE40279,12,GSM989898,80.35152769088745,1.3515276908874512
GSE40279,12,GSM989899,76.2034182548523,4.203418254852295
GSE40279,12,GSM989900,86.02723264694214,2.9727673530578613
GSE40279,12,GSM989902,74.31238126754761,10.687618732452393
GSE40279,12,GSM989903,76.01775693893433,8.017756938934326
GSE40279,12,GSM989904,95.94866514205933,6.948665142059326
GSE40279,12,GSM989905,84.38079404830933,11.380794048309326
GSE40279,12,GSM989906,67.60628843307495,4.606288433074951
GSE40279,12,GSM989907,73.59275388717651,4.407246112823486
GSE40279,12,GSM989911,92.35329008102417,7.35329008102417
GSE40279,12,GSM989914,77.73118925094604,3.731189250946045
GSE40279,12,GSM989915,86.12605619430542,2.12605619430542
GSE40279,12,GSM989917,62.91492795944214,13.914927959442139
GSE40279,12,GSM989918,82.82757139205933,13.827571392059326
GSE40279,12,GSM989919,80.74564695358276,17.745646953582764
GSE40279,12,GSM989920,75.34676694869995,9.346766948699951
GSE40279,12,GSM989921,86.47101163864136,1.4710116386413574
GSE40279,12,GSM989924,68.43429136276245,9.434291362762451
GSE40279,12,GSM989925,72.57382535934448,2.5738253593444824
GSE40279,12,GSM989926,76.25142240524292,11.25142240524292
GSE40279,12,GSM989927,79.27258634567261,11.272586345672607
GSE40279,12,GSM989928,88.29371213912964,4.293712139129639
GSE40279,12,GSM989930,60.11188459396362,9.111884593963623
GSE40279,12,GSM989931,71.70965147018433,8.709651470184326
GSE40279,12,GSM989932,75.76745939254761,6.767459392547607
GSE40279,12,GSM989934,69.88339567184448,8.116604328155518
GSE40279,12,GSM989935,56.04713773727417,4.04713773727417
GSE40279,12,GSM989936,58.5835223197937,9.583522319793701
GSE40279,12,GSM989937,69.40748167037964,16.40748167037964
GSE40279,12,GSM989938,68.88103818893433,9.881038188934326
GSE40279,12,GSM989939,72.65323972702026,10.653239727020264
GSE40279,12,GSM989941,80.4205584526062,12.420558452606201
GSE40279,12,GSM989942,77.64416074752808,3.644160747528076
GSE40279,12,GSM989943,63.49905729293823,4.499057292938232
GSE40279,12,GSM989944,81.15442991256714,5.154429912567139
GSE40279,12,GSM989945,67.0212664604187,13.021266460418701
GSE40279,12,GSM989946,73.03461027145386,14.034610271453857
GSE40279,12,GSM989947,68.86605405807495,20.86605405807495
GSE40279,12,GSM989948,59.76229429244995,14.762294292449951
GSE40279,12,GSM989950,71.82899808883667,8.82899808883667
GSE40279,12,GSM989951,79.61693143844604,0.3830685615539551
GSE40279,12,GSM989952,68.47693967819214,8.476939678192139
GSE40279,12,GSM989953,81.97199583053589,10.971995830535889
GSE40279,12,GSM989954,75.06624937057495,8.066249370574951
GSE40279,12,GSM989955,68.3474612236023,18.347461223602295
GSE40279,12,GSM989956,82.99344968795776,3.0065503120422363
GSE40279,12,GSM989957,75.17278623580933,5.172786235809326
GSE40279,12,GSM989958,62.35592985153198,8.355929851531982
GSE40279,12,GSM989961,61.797080516815186,3.7970805168151855
GSE40279,12,GSM989962,66.14889097213745,8.148890972137451
GSE40279,12,GSM989963,68.29119443893433,4.291194438934326
GSE40279,12,GSM989964,78.20518064498901,5.205180644989014
GSE40279,12,GSM989965,54.44581174850464,5.445811748504639
GSE40279,12,GSM989966,56.907126903533936,0.9071269035339355
GSE40279,12,GSM989968,55.32590055465698,7.325900554656982
GSE40279,12,GSM989969,79.04178953170776,1.9582104682922363
GSE40279,12,GSM989971,65.35827207565308,4.358272075653076
GSE40279,12,GSM989972,61.3838267326355,11.383826732635498
GSE40279,12,GSM989973,65.83204221725464,3.1679577827453613
GSE40279,12,GSM989975,48.04513883590698,1.0451388359069824
GSE40279,12,GSM989976,61.933040142059326,18.933040142059326
GSE40279,12,GSM989977,61.67245817184448,6.672458171844482
GSE40279,12,GSM989978,62.56692838668823,8.566928386688232
GSE40279,12,GSM989979,67.27838468551636,9.278384685516357
GSE40279,12,GSM989980,50.64508771896362,16.645087718963623
GSE40279,12,GSM989981,69.95503568649292,4.95503568649292
GSE40279,12,GSM989982,61.563899517059326,9.563899517059326
GSE40279,12,GSM989983,46.76841688156128,14.76841688156128
GSE40279,12,GSM989984,59.14741849899292,12.14741849899292
GSE40279,12,GSM989985,72.05283689498901,18.052836894989014
GSE40279,12,GSM989987,49.23365354537964,21.23365354537964
GSE40279,12,GSM989988,72.40406370162964,18.40406370162964
GSE40279,12,GSM989989,71.83389616012573,12.833896160125732
GSE40279,12,GSM989991,60.51136350631714,10.511363506317139
GSE40279,12,GSM989992,38.51314115524292,8.51314115524292
GSE40279,12,GSM989993,63.44937467575073,13.449374675750732
GSE40279,12,GSM989994,63.62773084640503,16.62773084640503
GSE40279,12,GSM989995,65.41015195846558,18.410151958465576
GSE40279,12,GSM989996,46.74626874923706,13.74626874923706
GSE40279,12,GSM989997,49.29218626022339,11.292186260223389
GSE40279,12,GSM989998,47.676311016082764,12.676311016082764
GSE40279,12,GSM990000,74.87495756149292,5.12504243850708
GSE40279,12,GSM990001,87.92749357223511,1.9274935722351074
GSE40279,12,GSM990002,74.35489988327026,3.3548998832702637
GSE40279,12,GSM990003,71.2228045463562,5.777195453643799
GSE40279,12,GSM990004,74.86316251754761,7.863162517547607
GSE40279,12,GSM990005,79.00874662399292,4.99125337600708
GSE40279,12,GSM990006,78.89170408248901,1.1082959175109863
GSE40279,12,GSM990007,71.77661466598511,1.7766146659851074
GSE40279,12,GSM990009,64.88037443161011,1.8803744316101074
GSE40279,12,GSM990010,70.61398649215698,0.6139864921569824
GSE40279,12,GSM990012,74.84019041061401,7.840190410614014
GSE40279,12,GSM990014,59.556636333465576,10.443363666534424
GSE40279,12,GSM990015,82.30596494674683,8.305964946746826
GSE40279,12,GSM990016,77.86925840377808,4.869258403778076
GSE40279,12,GSM990017,72.29961729049683,4.700382709503174
GSE40279,12,GSM990018,91.67203092575073,11.672030925750732
GSE40279,12,GSM990019,78.82416105270386,12.824161052703857
GSE40279,12,GSM990021,85.1330828666687,9.133082866668701
GSE40279,12,GSM990022,73.69758176803589,4.302418231964111
GSE40279,12,GSM990023,83.58787107467651,1.5878710746765137
GSE40279,12,GSM990024,80.27117490768433,4.271174907684326
GSE40279,12,GSM990025,70.39080381393433,0.6091961860656738
GSE40279,12,GSM990026,75.36178159713745,6.638218402862549
GSE40279,12,GSM990027,89.11131620407104,6.111316204071045
GSE40279,12,GSM990028,72.91082334518433,6.089176654815674
GSE40279,12,GSM990029,70.49712705612183,4.502872943878174
GSE40279,12,GSM990031,62.59561491012573,1.4043850898742676
GSE40279,12,GSM990033,92.29674100875854,0.2967410087585449
GSE40279,12,GSM990034,81.5537600517273,7.553760051727295
GSE40279,12,GSM990035,72.93616056442261,3.9361605644226074
GSE40279,12,GSM990036,80.7400164604187,0.7400164604187012
GSE40279,12,GSM990039,86.59299802780151,5.592998027801514
GSE40279,12,GSM990041,74.94927549362183,5.949275493621826
GSE40279,12,GSM990042,75.68804502487183,2.688045024871826
GSE40279,12,GSM990045,63.53326749801636,4.466732501983643
GSE40279,12,GSM990046,83.59918546676636,14.599185466766357
GSE40279,12,GSM990049,79.21911191940308,1.7808880805969238
GSE40279,12,GSM990050,63.37417936325073,7.625820636749268
GSE40279,12,GSM990051,70.7145037651062,0.28549623489379883
GSE40279,12,GSM990052,77.49128293991089,2.4912829399108887
GSE40279,12,GSM990053,56.55899381637573,3.4410061836242676
GSE40279,12,GSM990054,73.93410062789917,3.06589937210083
GSE40279,12,GSM990055,79.75269651412964,5.247303485870361
GSE40279,12,GSM990056,70.2486834526062,0.24868345260620117
GSE40279,12,GSM990057,66.4460940361023,4.446094036102295
GSE40279,12,GSM990058,70.6085467338562,1.6085467338562012
GSE40279,12,GSM990059,70.42841672897339,2.5715832710266113
GSE40279,12,GSM990060,77.5399432182312,4.539943218231201
GSE40279,12,GSM990061,72.15159940719604,1.848400592803955
GSE40279,12,GSM990062,72.19327116012573,0.8067288398742676
GSE40279,12,GSM990063,80.83802366256714,5.161976337432861
GSE40279,12,GSM990066,79.89489316940308,4.894893169403076
GSE40279,12,GSM990068,57.57077741622925,9.429222583770752
GSE40279,12,GSM990070,53.16939878463745,5.169398784637451
GSE40279,12,GSM990072,64.45758390426636,16.457583904266357
GSE40279,12,GSM990075,57.58600568771362,11.586005687713623
GSE40279,12,GSM990076,57.67114973068237,2.328850269317627
GSE40279,12,GSM990077,53.71620512008667,13.71620512008667
GSE40279,12,GSM990079,52.16640043258667,11.16640043258667
GSE40279,12,GSM990080,52.283122539520264,0.7168774604797363
GSE40279,12,GSM990081,59.56811857223511,11.568118572235107
GSE40279,12,GSM990082,72.03452634811401,1.0345263481140137
GSE40279,12,GSM990083,59.56500959396362,7.565009593963623
GSE40279,12,GSM990084,59.339412212371826,4.660587787628174
GSE40279,12,GSM990085,51.418479442596436,3.4184794425964355
GSE40279,12,GSM990086,53.02192258834839,1.9780774116516113
GSE40279,12,GSM990087,74.18525266647339,6.185252666473389
GSE40279,12,GSM990088,55.773269176483154,9.773269176483154
GSE40279,12,GSM990089,67.15668058395386,3.1566805839538574
GSE40279,12,GSM990090,55.91359281539917,1.08640718460083
GSE40279,12,GSM990091,50.803706645965576,5.803706645965576
GSE40279,12,GSM990094,74.79947233200073,14.799472332000732
GSE40279,12,GSM990095,57.05697965621948,6.056979656219482
GSE40279,12,GSM990096,38.20332670211792,34.79667329788208
GSE40279,12,GSM990097,54.61287260055542,16.61287260055542
GSE40279,12,GSM990099,72.36402463912964,8.364024639129639
GSE40279,12,GSM990100,63.68800687789917,5.68800687789917
GSE40279,12,GSM990101,48.49444532394409,5.494445323944092
GSE40279,12,GSM990102,41.61236906051636,3.6123690605163574
GSE40279,12,GSM990103,56.18295621871948,2.1829562187194824
GSE40279,12,GSM990104,73.33810758590698,3.3381075859069824
GSE40279,12,GSM990106,67.36329984664917,5.36329984664917
GSE40279,12,GSM990107,51.21039915084839,0.21039915084838867
GSE40279,12,GSM990108,47.44198560714722,6.441985607147217
GSE40279,12,GSM990109,47.86824369430542,5.13175630569458
GSE40279,12,GSM990110,59.480876445770264,5.519123554229736
GSE40279,12,GSM990111,53.84334897994995,3.843348979949951
GSE40279,12,GSM990112,59.596614360809326,4.596614360809326
GSE40279,12,GSM990113,61.29462385177612,0.705376148223877
GSE40279,12,GSM990114,62.21247434616089,1.2124743461608887
GSE40279,12,GSM990115,48.00313138961792,10.00313138961792
GSE40279,12,GSM990117,71.45891904830933,7.458919048309326
GSE40279,12,GSM990118,48.153911113739014,8.846088886260986
GSE40279,12,GSM990119,58.82101392745972,1.8210139274597168
GSE40279,12,GSM990120,50.970080852508545,1.970080852508545
GSE40279,12,GSM990121,60.00964689254761,3.9903531074523926
GSE40279,12,GSM990122,49.698623180389404,16.301376819610596
GSE40279,12,GSM990268,52.195754528045654,0.1957545280456543
GSE40279,12,GSM990269,57.21954679489136,14.219546794891357
GSE40279,12,GSM990271,55.036540508270264,4.036540508270264
GSE40279,12,GSM990272,55.86664152145386,2.1333584785461426
GSE40279,12,GSM990273,55.387378215789795,7.612621784210205
GSE40279,12,GSM990274,53.066386699676514,1.9336133003234863
GSE40279,12,GSM990275,51.808574199676514,1.8085741996765137
GSE40279,12,GSM990276,70.79573392868042,13.79573392868042
GSE40279,12,GSM990277,31.250380992889404,1.7496190071105957
GSE40279,12,GSM990278,55.82545804977417,9.82545804977417
GSE40279,12,GSM990279,48.59418058395386,2.5941805839538574
GSE40279,12,GSM990281,55.69099760055542,0.6909976005554199
GSE40279,12,GSM990282,43.49951505661011,20.500484943389893
GSE40279,12,GSM990283,41.57326078414917,4.42673921585083
GSE40279,12,GSM990284,58.94549894332886,7.054501056671143
GSE40279,12,GSM990285,44.94421720504761,2.0557827949523926
GSE40279,12,GSM990286,43.84247541427612,14.157524585723877
GSE40279,12,GSM990287,59.070090770721436,1.9299092292785645
GSE40279,12,GSM990288,39.23616361618042,8.76383638381958
GSE40279,12,GSM990289,41.353503704071045,3.646496295928955
GSE40279,12,GSM990290,55.368587017059326,6.631412982940674
GSE40279,12,GSM990291,47.73383283615112,2.266167163848877
GSE40279,12,GSM990292,33.56710386276245,0.43289613723754883
GSE40279,12,GSM990293,56.199378490448,7.800621509552002
GSE40279,12,GSM990294,47.49729108810425,7.502708911895752
GSE40279,12,GSM990295,51.98916959762573,3.9891695976257324
GSE40279,12,GSM990297,57.642844676971436,6.3571553230285645
GSE40279,12,GSM990298,54.666072368621826,3.333927631378174
GSE40279,12,GSM990299,36.380610942840576,0.6193890571594238
GSE40279,12,GSM990300,56.75667142868042,3.24332857131958
GSE40279,12,GSM990301,56.16317701339722,6.836822986602783
GSE40279,12,GSM990302,50.552409648895264,8.447590351104736
GSE40279,12,GSM990303,47.52498960494995,6.475010395050049
GSE40279,12,GSM990304,53.79211378097534,6.207886219024658
GSE40279,12,GSM990305,49.341426372528076,1.6585736274719238
GSE40279,12,GSM990306,65.82892942428589,2.8289294242858887
GSE40279,12,GSM990307,57.8564715385437,6.143528461456299
GSE40279,12,GSM990309,53.46166944503784,9.461669445037842
GSE40279,12,GSM990311,59.448813915252686,6.5511860847473145
GSE40279,12,GSM990313,53.96194791793823,7.038052082061768
GSE40279,12,GSM990314,53.955825328826904,1.9558253288269043
GSE40279,12,GSM990315,62.56321668624878,1.5632166862487793
GSE40279,12,GSM990318,42.88193082809448,9.118069171905518
GSE40279,12,GSM990319,49.473044872283936,5.5269551277160645
GSE40279,12,GSM990320,63.389670848846436,4.3896708488464355
GSE40279,12,GSM990321,53.229899883270264,5.770100116729736
GSE40279,12,GSM990323,48.14551877975464,2.1455187797546387
GSE40279,12,GSM990324,33.50026273727417,2.50026273727417
GSE40279,12,GSM990325,58.98047971725464,3.9804797172546387
GSE40279,12,GSM990326,44.281604290008545,8.718395709991455
GSE40279,12,GSM990327,46.61237668991089,4.612376689910889
GSE40279,12,GSM990329,48.25783109664917,1.74216890335083
GSE40279,12,GSM990330,48.696879863739014,3.3031201362609863
GSE40279,12,GSM990331,41.034682750701904,3.9653172492980957
GSE40279,12,GSM990332,53.03405714035034,11.965942859649658
GSE40279,12,GSM990333,44.43503141403198,14.564968585968018
GSE40279,12,GSM990334,58.93726301193237,0.937263011932373
GSE40279,12,GSM990335,62.52351713180542,1.47648286819458
GSE40279,12,GSM990336,50.01843214035034,10.981567859649658
GSE40279,12,GSM990337,54.35397672653198,12.646023273468018
GSE40279,12,GSM990338,58.52524518966675,0.47475481033325195
GSE40279,12,GSM990339,49.42548704147339,8.574512958526611
GSE40279,12,GSM990340,45.503154277801514,8.496845722198486
GSE40279,12,GSM990341,54.66967725753784,2.330322742462158
GSE40279,12,GSM990342,55.79297971725464,4.207020282745361
GSE40279,12,GSM990343,45.418017864227295,4.581982135772705
GSE40279,12,GSM990346,44.139033794403076,0.13903379440307617
GSE40279,12,GSM990347,57.402278423309326,4.597721576690674
GSE40279,12,GSM990348,69.04210233688354,6.957897663116455
GSE40279,12,GSM990350,46.244529247283936,0.24452924728393555
GSE40279,12,GSM990352,53.9930682182312,5.006931781768799
GSE40279,12,GSM990353,51.213122844696045,0.7868771553039551
GSE40279,12,GSM990354,37.780078411102295,12.219921588897705
GSE40279,12,GSM990355,39.17640256881714,5.823597431182861
GSE40279,12,GSM990356,47.320090770721436,4.6799092292785645
GSE40279,12,GSM990357,47.170817852020264,6.829182147979736
GSE40279,12,GSM990358,63.87721586227417,1.87721586227417
GSE40279,12,GSM990360,54.64930295944214,8.350697040557861
GSE40279,12,GSM990363,60.097697734832764,4.902302265167236
GSE40279,12,GSM990364,55.832515239715576,8.167484760284424
GSE40279,12,GSM990365,50.999934673309326,6.000065326690674
GSE40279,12,GSM990366,59.79743528366089,3.2025647163391113
GSE40279,12,GSM990369,42.138808727264404,4.138808727264404
GSE40279,12,GSM990371,54.63732862472534,4.362671375274658
GSE40279,12,GSM990372,57.10485029220581,0.8951497077941895
GSE40279,12,GSM990373,41.51407194137573,0.5140719413757324
GSE40279,12,GSM990375,28.53510618209839,2.5351061820983887
GSE40279,12,GSM990376,54.65415143966675,6.345848560333252
GSE40279,12,GSM990377,62.25801420211792,6.25801420211792
GSE40279,12,GSM990378,52.83997678756714,13.160023212432861
GSE40279,12,GSM990379,56.71503782272339,5.284962177276611
GSE40279,12,GSM990381,52.34900236129761,2.6509976387023926
GSE40279,12,GSM990382,50.688525676727295,10.311474323272705
GSE40279,12,GSM990383,61.15171003341675,3.151710033416748
GSE40279,12,GSM990385,52.968276500701904,10.031723499298096
GSE40279,12,GSM990386,57.899253368377686,1.1007466316223145
GSE40279,12,GSM990387,56.57812833786011,4.421871662139893
GSE40279,12,GSM990388,59.651450634002686,6.3485493659973145
GSE40279,12,GSM990389,56.64646100997925,8.353538990020752
GSE40279,12,GSM990390,54.99373960494995,3.006260395050049
GSE40279,12,GSM990391,43.56706190109253,0.5670619010925293
GSE40279,12,GSM990392,49.554282665252686,5.4457173347473145
GSE40279,12,GSM990394,52.48764753341675,2.487647533416748
GSE40279,12,GSM990395,42.18414640426636,3.8158535957336426
GSE40279,12,GSM990396,54.82235288619995,0.8223528861999512
GSE40279,12,GSM990397,78.42016935348511,1.5798306465148926
GSE40279,12,GSM990398,71.17010068893433,11.829899311065674
GSE40279,12,GSM990399,75.62054777145386,1.3794522285461426
GSE40279,12,GSM990400,73.79853391647339,2.2014660835266113
GSE40279,12,GSM990403,64.28284025192261,17.717159748077393
GSE40279,12,GSM990404,43.391536235809326,14.608463764190674
GSE40279,12,GSM990405,63.681067943573,2.318932056427002
GSE40279,12,GSM990406,59.81344556808472,25.186554431915283
GSE40279,12,GSM990407,66.73181486129761,0.7318148612976074
GSE40279,12,GSM990408,65.5823016166687,3.417698383331299
GSE40279,12,GSM990409,67.4808611869812,16.5191388130188
GSE40279,12,GSM990410,76.84614133834839,2.1538586616516113
GSE40279,12,GSM990411,61.15059232711792,2.84940767288208
GSE40279,12,GSM990412,64.62044095993042,13.37955904006958
GSE40279,12,GSM990413,53.430320262908936,0.43032026290893555
GSE40279,12,GSM990414,58.04120206832886,0.9587979316711426
GSE40279,12,GSM990416,65.86724424362183,4.867244243621826
GSE40279,12,GSM990418,60.65109586715698,8.348904132843018
GSE40279,12,GSM990419,63.89486265182495,3.894862651824951
GSE40279,12,GSM990420,57.46410322189331,7.5358967781066895
GSE40279,12,GSM990421,81.72802305221558,7.271976947784424
GSE40279,12,GSM990422,48.88345670700073,25.116543292999268
GSE40279,12,GSM990423,66.8602557182312,14.139744281768799
GSE40279,12,GSM990424,74.20637083053589,6.206370830535889
GSE40279,12,GSM990425,63.66095304489136,4.339046955108643
GSE40279,12,GSM990426,63.05665159225464,1.9433484077453613
GSE40279,12,GSM990427,79.93582487106323,10.064175128936768
GSE40279,12,GSM990429,76.09376859664917,2.90623140335083
GSE40279,12,GSM990430,63.27337980270386,6.273379802703857
GSE40279,12,GSM990431,58.438838481903076,17.561161518096924
GSE40279,12,GSM990432,77.35010862350464,1.6498913764953613
GSE40279,12,GSM990433,41.78877592086792,7.21122407913208
GSE40279,12,GSM990434,80.38779783248901,11.612202167510986
GSE40279,12,GSM990435,62.00330686569214,3.9966931343078613
GSE40279,12,GSM990436,59.54906415939331,0.5490641593933105
GSE40279,12,GSM990437,59.789222240448,16.210777759552002
GSE40279,12,GSM990438,60.13930082321167,4.13930082321167
GSE40279,12,GSM990439,53.95041227340698,1.9504122734069824
GSE40279,12,GSM990440,60.191585063934326,4.808414936065674
GSE40279,12,GSM990441,69.10924100875854,3.890758991241455
GSE40279,12,GSM990442,75.28071928024292,10.28071928024292
GSE40279,12,GSM990443,82.83835935592651,1.1616406440734863
GSE40279,12,GSM990445,76.79853391647339,1.2014660835266113
GSE40279,12,GSM990446,58.264506816864014,5.264506816864014
GSE40279,12,GSM990447,78.9387698173523,10.938769817352295
GSE40279,12,GSM990448,49.05365705490112,2.946342945098877
GSE40279,12,GSM990449,61.86804533004761,10.131954669952393
GSE40279,12,GSM990450,58.85507154464722,10.855071544647217
GSE40279,12,GSM990451,55.12042570114136,4.879574298858643
GSE40279,12,GSM990452,88.86263608932495,27.86263608932495
GSE40279,12,GSM990453,64.64831113815308,4.351688861846924
GSE40279,12,GSM990454,71.87386655807495,9.126133441925049
GSE40279,12,GSM990455,72.73165464401245,16.73165464401245
GSE40279,12,GSM990456,78.16208982467651,0.8379101753234863
GSE40279,12,GSM990457,75.46233701705933,6.537662982940674
GSE40279,12,GSM990458,56.5825457572937,1.4174542427062988
GSE40279,12,GSM990459,60.323047161102295,14.676952838897705
GSE40279,12,GSM990462,85.44536924362183,15.445369243621826
GSE40279,12,GSM990463,68.5460467338562,8.453953266143799
GSE40279,12,GSM990464,54.416499614715576,1.5835003852844238
GSE40279,12,GSM990465,60.444819927215576,6.555180072784424
GSE40279,12,GSM990466,76.70679807662964,0.7067980766296387
GSE40279,12,GSM990467,84.39434385299683,4.605656147003174
GSE40279,12,GSM990468,52.104609966278076,16.895390033721924
GSE40279,12,GSM990470,70.42071866989136,9.579281330108643
GSE40279,12,GSM990471,77.69810056686401,1.6981005668640137
GSE40279,12,GSM990473,53.43947172164917,7.56052827835083
GSE40279,12,GSM990474,46.877437114715576,5.122562885284424
GSE40279,12,GSM990475,65.21803617477417,3.78196382522583
GSE40279,12,GSM990477,63.88385343551636,5.116146564483643
GSE40279,12,GSM990478,53.72093915939331,11.27906084060669
GSE40279,12,GSM990479,43.69796323776245,1.3020367622375488
GSE40279,12,GSM990481,63.15161466598511,12.848385334014893
GSE40279,12,GSM990482,69.06357145309448,6.936428546905518
GSE40279,12,GSM990484,65.59580564498901,5.404194355010986
GSE40279,12,GSM990485,41.10469388961792,10.89530611038208
GSE40279,12,GSM990486,84.90198850631714,0.9019885063171387
GSE40279,12,GSM990487,55.471396923065186,1.5286030769348145
GSE40279,12,GSM990488,66.22864103317261,1.7713589668273926
GSE40279,12,GSM990489,70.5205340385437,3.479465961456299
GSE40279,12,GSM990490,36.529380321502686,3.5293803215026855
GSE40279,12,GSM990492,64.12646818161011,8.873531818389893
GSE40279,12,GSM990494,51.605395793914795,20.394604206085205
GSE40279,12,GSM990495,72.39666318893433,5.603336811065674
GSE40279,12,GSM990496,54.270408153533936,13.729591846466064
GSE40279,12,GSM990497,53.75226545333862,1.752265453338623
GSE40279,12,GSM990498,52.04429578781128,11.95570421218872
GSE40279,12,GSM990499,37.84912824630737,10.849128246307373
GSE40279,12,GSM990500,40.96487379074097,11.964873790740967
GSE40279,12,GSM990501,53.591670513153076,9.591670513153076
GSE40279,12,GSM990502,43.842700481414795,2.842700481414795
GSE40279,12,GSM990503,49.623652935028076,4.623652935028076
GSE40279,12,GSM990504,31.19765615463257,4.197656154632568
GSE40279,12,GSM990505,55.9271502494812,7.927150249481201
GSE40279,12,GSM990506,57.90522336959839,1.9052233695983887
GSE40279,12,GSM990507,45.05218839645386,11.052188396453857
GSE40279,12,GSM990508,54.584697246551514,14.415302753448486
GSE40279,12,GSM990509,39.538508892059326,16.461491107940674
GSE40279,12,GSM990510,39.734294414520264,7.265705585479736
GSE40279,12,GSM990512,56.08155393600464,3.9184460639953613
GSE40279,12,GSM990514,58.03010129928589,1.9698987007141113
GSE40279,12,GSM990516,49.474605083465576,5.525394916534424
GSE40279,12,GSM990517,35.407458782196045,3.407458782196045
GSE40279,12,GSM990518,24.340993404388428,1.3409934043884277
GSE40279,12,GSM990519,35.364848613739014,7.635151386260986
GSE40279,12,GSM990520,35.41760587692261,11.582394123077393
GSE40279,12,GSM990521,44.06549406051636,0.06549406051635742
GSE40279,12,GSM990522,39.73273038864136,2.7327303886413574
GSE40279,12,GSM990523,29.6820330619812,2.682033061981201
GSE40279,12,GSM990525,35.52518033981323,7.525180339813232
GSE40279,12,GSM990526,59.724910259246826,8.724910259246826
GSE40279,12,GSM990528,31.240859508514404,12.240859508514404
GSE40279,12,GSM990529,53.5240740776062,9.524074077606201
GSE40279,12,GSM990530,65.85570096969604,16.855700969696045
GSE40279,12,GSM990532,48.68680143356323,4.686801433563232
GSE40279,12,GSM990533,64.99450254440308,2.994502544403076
GSE40279,12,GSM990534,42.61731290817261,12.617312908172607
GSE40279,12,GSM990536,35.218791484832764,0.7812085151672363
GSE40279,12,GSM990537,34.322463512420654,9.322463512420654
GSE40279,12,GSM990538,46.178462505340576,10.178462505340576
GSE40279,12,GSM990539,29.878947734832764,8.878947734832764
GSE40279,12,GSM990540,52.439921855926514,12.439921855926514
GSE40279,12,GSM990541,36.756877422332764,14.756877422332764
GSE40279,12,GSM990542,41.69690275192261,5.696902751922607
GSE40279,12,GSM990543,67.21760129928589,9.217601299285889
GSE40279,12,GSM990544,83.19339323043823,0.19339323043823242
GSE40279,12,GSM990548,73.60351133346558,7.603511333465576
GSE40279,12,GSM990550,65.86849546432495,16.13150453567505
GSE40279,12,GSM990551,76.75084257125854,3.750842571258545
GSE40279,12,GSM990552,76.01630735397339,0.9836926460266113
GSE40279,12,GSM990553,82.52398252487183,2.523982524871826
GSE40279,12,GSM990554,64.6224627494812,14.377537250518799
GSE40279,12,GSM990555,73.54154539108276,0.5415453910827637
GSE40279,12,GSM990557,74.77489805221558,10.225101947784424
GSE40279,12,GSM990558,96.61754179000854,5.617541790008545
GSE40279,12,GSM990559,84.00914335250854,0.9908566474914551
GSE40279,12,GSM990560,80.76145505905151,5.238544940948486
GSE40279,12,GSM990561,82.69246244430542,8.69246244430542
GSE40279,12,GSM990563,85.86126279830933,1.1387372016906738
GSE40279,12,GSM990564,76.33842039108276,0.33842039108276367
GSE40279,12,GSM990565,73.51653623580933,7.483463764190674
GSE40279,12,GSM990566,62.883601665496826,3.883601665496826
GSE40279,12,GSM990567,73.7706561088562,0.7706561088562012
GSE40279,12,GSM990569,83.28075742721558,1.7192425727844238
GSE40279,12,GSM990570,68.68820524215698,0.3117947578430176
GSE40279,12,GSM990571,68.24171018600464,16.75828981399536
GSE40279,12,GSM990572,84.31811094284058,0.6818890571594238
GSE40279,12,GSM990573,85.62565183639526,1.6256518363952637
GSE40279,12,GSM990574,74.0925555229187,8.907444477081299
GSE40279,12,GSM990575,80.5010256767273,13.501025676727295
GSE40279,12,GSM990578,92.16120481491089,5.161204814910889
GSE40279,12,GSM990579,77.63032102584839,6.369678974151611
GSE40279,12,GSM990580,79.99644041061401,2.0035595893859863
GSE40279,12,GSM990581,86.53475522994995,6.465244770050049
GSE40279,12,GSM990583,83.98420286178589,3.9842028617858887
GSE40279,12,GSM990584,80.36371946334839,7.636280536651611
GSE40279,12,GSM990585,70.55930662155151,1.4406933784484863
GSE40279,12,GSM990587,52.24399137496948,3.7560086250305176
GSE40279,12,GSM990588,90.04894590377808,1.9510540962219238
GSE40279,12,GSM990589,78.44449949264526,0.44449949264526367
GSE40279,12,GSM990590,73.80490446090698,2.8049044609069824
GSE40279,12,GSM990591,65.64745664596558,23.352543354034424
GSE40279,12,GSM990592,47.77807950973511,6.221920490264893
GSE40279,12,GSM990593,65.91118955612183,0.08881044387817383
GSE40279,12,GSM990594,79.83241605758667,4.83241605758667
GSE40279,12,GSM990595,81.03683805465698,8.963161945343018
GSE40279,12,GSM990596,63.086814403533936,2.9131855964660645
GSE40279,12,GSM990597,88.03318357467651,11.033183574676514
GSE40279,12,GSM990598,81.29807615280151,0.7019238471984863
GSE40279,12,GSM990599,75.41334104537964,10.413341045379639
GSE40279,12,GSM990600,65.95140409469604,7.951404094696045
GSE40279,12,GSM990603,76.00231504440308,2.002315044403076
GSE40279,12,GSM990604,72.72265958786011,3.7226595878601074
GSE40279,12,GSM990605,83.75499296188354,0.7549929618835449
GSE40279,12,GSM990606,85.63383054733276,2.6338305473327637
GSE40279,12,GSM990607,89.57415342330933,19.574153423309326
GSE40279,12,GSM990608,79.1594500541687,15.159450054168701
GSE40279,12,GSM990609,75.44285154342651,25.442851543426514
GSE40279,12,GSM990610,99.08343839645386,25.083438396453857
GSE40279,12,GSM990611,69.4394793510437,0.43947935104370117
GSE40279,12,GSM990612,95.11657285690308,9.116572856903076
GSE40279,12,GSM990613,64.48121213912964,1.5187878608703613
GSE40279,12,GSM990614,81.73278379440308,11.732783794403076
GSE40279,12,GSM990615,99.87503385543823,10.875033855438232
GSE40279,12,GSM990617,75.53060483932495,6.530604839324951
GSE40279,12,GSM990618,70.09430265426636,6.094302654266357
GSE40279,12,GSM990619,77.68006467819214,1.3199353218078613
GSE40279,12,GSM990620,84.52427244186401,7.475727558135986
GSE40279,12,GSM990621,79.42943906784058,9.429439067840576
GSE40279,12,GSM990622,83.6075930595398,6.607593059539795
GSE40279,12,GSM990623,84.74212217330933,6.742122173309326
GSE40279,12,GSM990624,78.47127866744995,7.471278667449951
GSE40279,12,GSM990625,79.72509336471558,11.725093364715576
GSE40279,12,GSM990626,65.9165301322937,4.916530132293701
GSE40279,12,GSM990627,75.51298093795776,2.5129809379577637
GSE40279,13,GSM989827,63.5232880115509,3.4767119884490967
GSE40279,13,GSM989828,91.20269322395325,2.202693223953247
GSE40279,13,GSM989829,72.72068333625793,6.720683336257935
GSE40279,13,GSM989831,67.08189702033997,5.081897020339966
GSE40279,13,GSM989832,73.76894688606262,13.231053113937378
GSE40279,13,GSM989833,66.50272679328918,6.497273206710815
GSE40279,13,GSM989834,77.31475377082825,2.314753770828247
GSE40279,13,GSM989836,103.65547490119934,20.65547490119934
GSE40279,13,GSM989838,55.492785692214966,7.492785692214966
GSE40279,13,GSM989839,78.25912022590637,1.259120225906372
GSE40279,13,GSM989840,58.7465546131134,4.746554613113403
GSE40279,13,GSM989843,81.71609044075012,13.716090440750122
GSE40279,13,GSM989846,72.67422795295715,12.674227952957153
GSE40279,13,GSM989847,87.45547795295715,8.455477952957153
GSE40279,13,GSM989848,80.36611485481262,12.366114854812622
GSE40279,13,GSM989850,87.24712681770325,3.247126817703247
GSE40279,13,GSM989852,73.96167302131653,0.03832697868347168
GSE40279,13,GSM989854,77.46364140510559,21.46364140510559
GSE40279,13,GSM989855,80.80922245979309,8.80922245979309
GSE40279,13,GSM989856,80.94610142707825,5.946101427078247
GSE40279,13,GSM989857,89.22536015510559,10.22536015510559
GSE40279,13,GSM989859,79.5632050037384,2.4367949962615967
GSE40279,13,GSM989861,94.79809880256653,15.798098802566528
GSE40279,13,GSM989862,64.26668095588684,10.26668095588684
GSE40279,13,GSM989865,76.4626190662384,7.537380933761597
GSE40279,13,GSM989868,82.38971257209778,8.389712572097778
GSE40279,13,GSM989869,64.14973759651184,12.85026240348816
GSE40279,13,GSM989871,84.35502934455872,2.644970655441284
GSE40279,13,GSM989873,83.01243138313293,4.987568616867065
GSE40279,13,GSM989874,69.54505467414856,3.5450546741485596
GSE40279,13,GSM989875,75.2587616443634,2.7412383556365967
GSE40279,13,GSM989876,72.09136509895325,19.091365098953247
GSE40279,13,GSM989877,77.81338047981262,1.813380479812622
GSE40279,13,GSM989880,66.99991154670715,12.999911546707153
GSE40279,13,GSM989881,77.67451786994934,4.674517869949341
GSE40279,13,GSM989882,76.88430333137512,19.115696668624878
GSE40279,13,GSM989883,68.26215672492981,11.26215672492981
GSE40279,13,GSM989884,69.34741520881653,6.652584791183472
GSE40279,13,GSM989885,54.54585576057434,7.545855760574341
GSE40279,13,GSM989886,61.07464528083801,7.074645280838013
GSE40279,13,GSM989887,69.98842167854309,3.011578321456909
GSE40279,13,GSM989888,78.52858281135559,5.471417188644409
GSE40279,13,GSM989889,77.98786473274231,15.98786473274231
GSE40279,13,GSM989890,85.4790985584259,3.5209014415740967
GSE40279,13,GSM989891,72.7001678943634,4.700167894363403
GSE40279,13,GSM989892,71.33272099494934,9.33272099494934
GSE40279,13,GSM989893,81.41163945198059,2.411639451980591
GSE40279,13,GSM989894,71.75560307502747,0.24439692497253418
GSE40279,13,GSM989895,68.99522709846497,0.00477290153503418
GSE40279,13,GSM989896,55.66003727912903,0.6600372791290283
GSE40279,13,GSM989898,80.5868866443634,1.5868866443634033
GSE40279,13,GSM989899,76.43877720832825,4.438777208328247
GSE40279,13,GSM989900,86.26259160041809,2.737408399581909
GSE40279,13,GSM989902,74.54774022102356,10.45225977897644
GSE40279,13,GSM989903,76.25311589241028,8.253115892410278
GSE40279,13,GSM989904,96.18402409553528,7.184024095535278
GSE40279,13,GSM989905,84.61615300178528,11.616153001785278
GSE40279,13,GSM989906,67.8416473865509,4.841647386550903
GSE40279,13,GSM989907,73.82811284065247,4.171887159347534
GSE40279,13,GSM989911,92.58864903450012,7.588649034500122
GSE40279,13,GSM989914,77.966548204422,3.966548204421997
GSE40279,13,GSM989915,86.36141514778137,2.361415147781372
GSE40279,13,GSM989917,63.15028691291809,14.15028691291809
GSE40279,13,GSM989918,83.06293034553528,14.062930345535278
GSE40279,13,GSM989919,80.98100590705872,17.981005907058716
GSE40279,13,GSM989920,75.5821259021759,9.582125902175903
GSE40279,13,GSM989921,86.70637059211731,1.7063705921173096
GSE40279,13,GSM989924,68.6696503162384,9.669650316238403
GSE40279,13,GSM989925,72.80918431282043,2.8091843128204346
GSE40279,13,GSM989926,76.48678135871887,11.486781358718872
GSE40279,13,GSM989927,79.50794529914856,11.50794529914856
GSE40279,13,GSM989928,88.52907109260559,4.529071092605591
GSE40279,13,GSM989930,60.347243547439575,9.347243547439575
GSE40279,13,GSM989931,71.94501042366028,8.945010423660278
GSE40279,13,GSM989932,76.00281834602356,7.00281834602356
GSE40279,13,GSM989934,70.11875462532043,7.881245374679565
GSE40279,13,GSM989935,56.28249669075012,4.282496690750122
GSE40279,13,GSM989936,58.81888127326965,9.818881273269653
GSE40279,13,GSM989937,69.64284062385559,16.64284062385559
GSE40279,13,GSM989938,69.11639714241028,10.116397142410278
GSE40279,13,GSM989939,72.88859868049622,10.888598680496216
GSE40279,13,GSM989941,80.65591740608215,12.655917406082153
GSE40279,13,GSM989942,77.87951970100403,3.8795197010040283
GSE40279,13,GSM989943,63.734416246414185,4.734416246414185
GSE40279,13,GSM989944,81.38978886604309,5.389788866043091
GSE40279,13,GSM989945,67.25662541389465,13.256625413894653
GSE40279,13,GSM989946,73.26996922492981,14.26996922492981
GSE40279,13,GSM989947,69.1014130115509,21.101413011550903
GSE40279,13,GSM989948,59.9976532459259,14.997653245925903
GSE40279,13,GSM989950,72.06435704231262,9.064357042312622
GSE40279,13,GSM989951,79.852290391922,0.14770960807800293
GSE40279,13,GSM989952,68.71229863166809,8.71229863166809
GSE40279,13,GSM989953,82.20735478401184,11.20735478401184
GSE40279,13,GSM989954,75.3016083240509,8.301608324050903
GSE40279,13,GSM989955,68.58282017707825,18.582820177078247
GSE40279,13,GSM989956,83.22880864143372,2.771191358566284
GSE40279,13,GSM989957,75.40814518928528,5.408145189285278
GSE40279,13,GSM989958,62.591288805007935,8.591288805007935
GSE40279,13,GSM989961,62.03243947029114,4.032439470291138
GSE40279,13,GSM989962,66.3842499256134,8.384249925613403
GSE40279,13,GSM989963,68.52655339241028,4.526553392410278
GSE40279,13,GSM989964,78.44053959846497,5.440539598464966
GSE40279,13,GSM989965,54.68117070198059,5.681170701980591
GSE40279,13,GSM989966,57.14248585700989,1.1424858570098877
GSE40279,13,GSM989968,55.561259508132935,7.561259508132935
GSE40279,13,GSM989969,79.27714848518372,1.7228515148162842
GSE40279,13,GSM989971,65.59363102912903,4.593631029129028
GSE40279,13,GSM989972,61.61918568611145,11.61918568611145
GSE40279,13,GSM989973,66.06740117073059,2.932598829269409
GSE40279,13,GSM989975,48.280497789382935,1.2804977893829346
GSE40279,13,GSM989976,62.16839909553528,19.16839909553528
GSE40279,13,GSM989977,61.907817125320435,6.907817125320435
GSE40279,13,GSM989978,62.802287340164185,8.802287340164185
GSE40279,13,GSM989979,67.51374363899231,9.51374363899231
GSE40279,13,GSM989980,50.880446672439575,16.880446672439575
GSE40279,13,GSM989981,70.19039463996887,5.190394639968872
GSE40279,13,GSM989982,61.79925847053528,9.799258470535278
GSE40279,13,GSM989983,47.00377583503723,15.003775835037231
GSE40279,13,GSM989984,59.38277745246887,12.382777452468872
GSE40279,13,GSM989985,72.28819584846497,18.288195848464966
GSE40279,13,GSM989987,49.46901249885559,21.46901249885559
GSE40279,13,GSM989988,72.63942265510559,18.63942265510559
GSE40279,13,GSM989989,72.06925511360168,13.069255113601685
GSE40279,13,GSM989991,60.74672245979309,10.74672245979309
GSE40279,13,GSM989992,38.74850010871887,8.748500108718872
GSE40279,13,GSM989993,63.684733629226685,13.684733629226685
GSE40279,13,GSM989994,63.86308979988098,16.86308979988098
GSE40279,13,GSM989995,65.64551091194153,18.64551091194153
GSE40279,13,GSM989996,46.98162770271301,13.981627702713013
GSE40279,13,GSM989997,49.52754521369934,11.52754521369934
GSE40279,13,GSM989998,47.911669969558716,12.911669969558716
GSE40279,13,GSM990000,75.11031651496887,4.889683485031128
GSE40279,13,GSM990001,88.16285252571106,2.1628525257110596
GSE40279,13,GSM990002,74.59025883674622,3.590258836746216
GSE40279,13,GSM990003,71.45816349983215,5.541836500167847
GSE40279,13,GSM990004,75.09852147102356,8.09852147102356
GSE40279,13,GSM990005,79.24410557746887,4.755894422531128
GSE40279,13,GSM990006,79.12706303596497,0.8729369640350342
GSE40279,13,GSM990007,72.01197361946106,2.0119736194610596
GSE40279,13,GSM990009,65.11573338508606,2.1157333850860596
GSE40279,13,GSM990010,70.84934544563293,0.8493454456329346
GSE40279,13,GSM990012,75.07554936408997,8.075549364089966
GSE40279,13,GSM990014,59.79199528694153,10.208004713058472
GSE40279,13,GSM990015,82.54132390022278,8.541323900222778
GSE40279,13,GSM990016,78.10461735725403,5.104617357254028
GSE40279,13,GSM990017,72.53497624397278,4.465023756027222
GSE40279,13,GSM990018,91.90738987922668,11.907389879226685
GSE40279,13,GSM990019,79.05952000617981,13.05952000617981
GSE40279,13,GSM990021,85.36844182014465,9.368441820144653
GSE40279,13,GSM990022,73.93294072151184,4.067059278488159
GSE40279,13,GSM990023,83.82323002815247,1.8232300281524658
GSE40279,13,GSM990024,80.50653386116028,4.506533861160278
GSE40279,13,GSM990025,70.62616276741028,0.3738372325897217
GSE40279,13,GSM990026,75.5971405506134,6.402859449386597
GSE40279,13,GSM990027,89.346675157547,6.346675157546997
GSE40279,13,GSM990028,73.14618229866028,5.853817701339722
GSE40279,13,GSM990029,70.73248600959778,4.267513990402222
GSE40279,13,GSM990031,62.830973863601685,1.1690261363983154
GSE40279,13,GSM990033,92.5320999622345,0.5320999622344971
GSE40279,13,GSM990034,81.78911900520325,7.789119005203247
GSE40279,13,GSM990035,73.17151951789856,4.17151951789856
GSE40279,13,GSM990036,80.97537541389465,0.9753754138946533
GSE40279,13,GSM990039,86.82835698127747,5.828356981277466
GSE40279,13,GSM990041,75.18463444709778,6.184634447097778
GSE40279,13,GSM990042,75.92340397834778,2.9234039783477783
GSE40279,13,GSM990045,63.76862645149231,4.23137354850769
GSE40279,13,GSM990046,83.83454442024231,14.83454442024231
GSE40279,13,GSM990049,79.45447087287903,1.5455291271209717
GSE40279,13,GSM990050,63.609538316726685,7.390461683273315
GSE40279,13,GSM990051,70.94986271858215,0.05013728141784668
GSE40279,13,GSM990052,77.72664189338684,2.726641893386841
GSE40279,13,GSM990053,56.794352769851685,3.2056472301483154
GSE40279,13,GSM990054,74.16945958137512,2.830540418624878
GSE40279,13,GSM990055,79.98805546760559,5.011944532394409
GSE40279,13,GSM990056,70.48404240608215,0.4840424060821533
GSE40279,13,GSM990057,66.68145298957825,4.681452989578247
GSE40279,13,GSM990058,70.84390568733215,1.8439056873321533
GSE40279,13,GSM990059,70.66377568244934,2.336224317550659
GSE40279,13,GSM990060,77.77530217170715,4.775302171707153
GSE40279,13,GSM990061,72.386958360672,1.613041639328003
GSE40279,13,GSM990062,72.42863011360168,0.5713698863983154
GSE40279,13,GSM990063,81.07338261604309,4.926617383956909
GSE40279,13,GSM990066,80.13025212287903,5.130252122879028
GSE40279,13,GSM990068,57.8061363697052,9.1938636302948
GSE40279,13,GSM990070,53.4047577381134,5.404757738113403
GSE40279,13,GSM990072,64.69294285774231,16.69294285774231
GSE40279,13,GSM990075,57.821364641189575,11.821364641189575
GSE40279,13,GSM990076,57.906508684158325,2.093491315841675
GSE40279,13,GSM990077,53.95156407356262,13.951564073562622
GSE40279,13,GSM990079,52.40175938606262,11.401759386062622
GSE40279,13,GSM990080,52.518481492996216,0.4815185070037842
GSE40279,13,GSM990081,59.80347752571106,11.80347752571106
GSE40279,13,GSM990082,72.26988530158997,1.2698853015899658
GSE40279,13,GSM990083,59.800368547439575,7.800368547439575
GSE40279,13,GSM990084,59.57477116584778,4.425228834152222
GSE40279,13,GSM990085,51.65383839607239,3.6538383960723877
GSE40279,13,GSM990086,53.25728154182434,1.7427184581756592
GSE40279,13,GSM990087,74.42061161994934,6.420611619949341
GSE40279,13,GSM990088,56.008628129959106,10.008628129959106
GSE40279,13,GSM990089,67.39203953742981,3.3920395374298096
GSE40279,13,GSM990090,56.14895176887512,0.8510482311248779
GSE40279,13,GSM990091,51.03906559944153,6.039065599441528
GSE40279,13,GSM990094,75.03483128547668,15.034831285476685
GSE40279,13,GSM990095,57.292338609695435,6.292338609695435
GSE40279,13,GSM990096,38.43868565559387,34.56131434440613
GSE40279,13,GSM990097,54.84823155403137,16.848231554031372
GSE40279,13,GSM990099,72.59938359260559,8.59938359260559
GSE40279,13,GSM990100,63.92336583137512,5.923365831375122
GSE40279,13,GSM990101,48.729804277420044,5.729804277420044
GSE40279,13,GSM990102,41.84772801399231,3.8477280139923096
GSE40279,13,GSM990103,56.418315172195435,2.4183151721954346
GSE40279,13,GSM990104,73.57346653938293,3.5734665393829346
GSE40279,13,GSM990106,67.59865880012512,5.598658800125122
GSE40279,13,GSM990107,51.44575810432434,0.4457581043243408
GSE40279,13,GSM990108,47.67734456062317,6.677344560623169
GSE40279,13,GSM990109,48.10360264778137,4.896397352218628
GSE40279,13,GSM990110,59.716235399246216,5.283764600753784
GSE40279,13,GSM990111,54.0787079334259,4.078707933425903
GSE40279,13,GSM990112,59.83197331428528,4.831973314285278
GSE40279,13,GSM990113,61.529982805252075,0.4700171947479248
GSE40279,13,GSM990114,62.44783329963684,1.4478332996368408
GSE40279,13,GSM990115,48.23849034309387,10.238490343093872
GSE40279,13,GSM990117,71.69427800178528,7.694278001785278
GSE40279,13,GSM990118,48.389270067214966,8.610729932785034
GSE40279,13,GSM990119,59.05637288093567,2.056372880935669
GSE40279,13,GSM990120,51.2054398059845,2.205439805984497
GSE40279,13,GSM990121,60.24500584602356,3.7549941539764404
GSE40279,13,GSM990122,49.933982133865356,16.066017866134644
GSE40279,13,GSM990268,52.431113481521606,0.43111348152160645
GSE40279,13,GSM990269,57.45490574836731,14.45490574836731
GSE40279,13,GSM990271,55.271899461746216,4.271899461746216
GSE40279,13,GSM990272,56.10200047492981,1.8979995250701904
GSE40279,13,GSM990273,55.62273716926575,7.377262830734253
GSE40279,13,GSM990274,53.301745653152466,1.6982543468475342
GSE40279,13,GSM990275,52.043933153152466,2.043933153152466
GSE40279,13,GSM990276,71.03109288215637,14.031092882156372
GSE40279,13,GSM990277,31.485739946365356,1.5142600536346436
GSE40279,13,GSM990278,56.06081700325012,10.060817003250122
GSE40279,13,GSM990279,48.82953953742981,2.8295395374298096
GSE40279,13,GSM990281,55.92635655403137,0.9263565540313721
GSE40279,13,GSM990282,43.73487401008606,20.26512598991394
GSE40279,13,GSM990283,41.80861973762512,4.191380262374878
GSE40279,13,GSM990284,59.18085789680481,6.81914210319519
GSE40279,13,GSM990285,45.17957615852356,1.8204238414764404
GSE40279,13,GSM990286,44.077834367752075,13.922165632247925
GSE40279,13,GSM990287,59.30544972419739,1.6945502758026123
GSE40279,13,GSM990288,39.47152256965637,8.528477430343628
GSE40279,13,GSM990289,41.588862657547,3.411137342453003
GSE40279,13,GSM990290,55.60394597053528,6.396054029464722
GSE40279,13,GSM990291,47.969191789627075,2.030808210372925
GSE40279,13,GSM990292,33.8024628162384,0.19753718376159668
GSE40279,13,GSM990293,56.43473744392395,7.56526255607605
GSE40279,13,GSM990294,47.7326500415802,7.2673499584198
GSE40279,13,GSM990295,52.224528551101685,4.224528551101685
GSE40279,13,GSM990297,57.87820363044739,6.121796369552612
GSE40279,13,GSM990298,54.90143132209778,3.0985686779022217
GSE40279,13,GSM990299,36.61596989631653,0.3840301036834717
GSE40279,13,GSM990300,56.99203038215637,3.007969617843628
GSE40279,13,GSM990301,56.39853596687317,6.601464033126831
GSE40279,13,GSM990302,50.787768602371216,8.212231397628784
GSE40279,13,GSM990303,47.7603485584259,6.239651441574097
GSE40279,13,GSM990304,54.027472734451294,5.972527265548706
GSE40279,13,GSM990305,49.57678532600403,1.4232146739959717
GSE40279,13,GSM990306,66.06428837776184,3.064288377761841
GSE40279,13,GSM990307,58.09183049201965,5.908169507980347
GSE40279,13,GSM990309,53.697028398513794,9.697028398513794
GSE40279,13,GSM990311,59.68417286872864,6.315827131271362
GSE40279,13,GSM990313,54.197306871414185,6.802693128585815
GSE40279,13,GSM990314,54.191184282302856,2.1911842823028564
GSE40279,13,GSM990315,62.79857563972473,1.7985756397247314
GSE40279,13,GSM990318,43.117289781570435,8.882710218429565
GSE40279,13,GSM990319,49.70840382575989,5.291596174240112
GSE40279,13,GSM990320,63.62502980232239,4.625029802322388
GSE40279,13,GSM990321,53.465258836746216,5.534741163253784
GSE40279,13,GSM990323,48.38087773323059,2.380877733230591
GSE40279,13,GSM990324,33.73562169075012,2.735621690750122
GSE40279,13,GSM990325,59.21583867073059,4.215838670730591
GSE40279,13,GSM990326,44.5169632434845,8.483036756515503
GSE40279,13,GSM990327,46.84773564338684,4.847735643386841
GSE40279,13,GSM990329,48.49319005012512,1.506809949874878
GSE40279,13,GSM990330,48.932238817214966,3.067761182785034
GSE40279,13,GSM990331,41.270041704177856,3.7299582958221436
GSE40279,13,GSM990332,53.269416093826294,11.730583906173706
GSE40279,13,GSM990333,44.670390367507935,14.329609632492065
GSE40279,13,GSM990334,59.172621965408325,1.1726219654083252
GSE40279,13,GSM990335,62.75887608528137,1.241123914718628
GSE40279,13,GSM990336,50.253791093826294,10.746208906173706
GSE40279,13,GSM990337,54.589335680007935,12.410664319992065
GSE40279,13,GSM990338,58.7606041431427,0.2393958568572998
GSE40279,13,GSM990339,49.66084599494934,8.33915400505066
GSE40279,13,GSM990340,45.738513231277466,8.261486768722534
GSE40279,13,GSM990341,54.905036211013794,2.094963788986206
GSE40279,13,GSM990342,56.02833867073059,3.971661329269409
GSE40279,13,GSM990343,45.65337681770325,4.346623182296753
GSE40279,13,GSM990346,44.37439274787903,0.3743927478790283
GSE40279,13,GSM990347,57.63763737678528,4.362362623214722
GSE40279,13,GSM990348,69.2774612903595,6.722538709640503
GSE40279,13,GSM990350,46.47988820075989,0.4798882007598877
GSE40279,13,GSM990352,54.22842717170715,4.771572828292847
GSE40279,13,GSM990353,51.448481798172,0.5515182018280029
GSE40279,13,GSM990354,38.01543736457825,11.984562635421753
GSE40279,13,GSM990355,39.41176152229309,5.588238477706909
GSE40279,13,GSM990356,47.55544972419739,4.444550275802612
GSE40279,13,GSM990357,47.406176805496216,6.593823194503784
GSE40279,13,GSM990358,64.11257481575012,2.112574815750122
GSE40279,13,GSM990360,54.88466191291809,8.11533808708191
GSE40279,13,GSM990363,60.333056688308716,4.666943311691284
GSE40279,13,GSM990364,56.06787419319153,7.932125806808472
GSE40279,13,GSM990365,51.23529362678528,5.764706373214722
GSE40279,13,GSM990366,60.03279423713684,2.967205762863159
GSE40279,13,GSM990369,42.374167680740356,4.3741676807403564
GSE40279,13,GSM990371,54.872687578201294,4.127312421798706
GSE40279,13,GSM990372,57.34020924568176,0.6597907543182373
GSE40279,13,GSM990373,41.749430894851685,0.7494308948516846
GSE40279,13,GSM990375,28.77046513557434,2.770465135574341
GSE40279,13,GSM990376,54.8895103931427,6.1104896068573
GSE40279,13,GSM990377,62.49337315559387,6.493373155593872
GSE40279,13,GSM990378,53.07533574104309,12.92466425895691
GSE40279,13,GSM990379,56.95039677619934,5.049603223800659
GSE40279,13,GSM990381,52.58436131477356,2.4156386852264404
GSE40279,13,GSM990382,50.92388463020325,10.076115369796753
GSE40279,13,GSM990383,61.3870689868927,3.3870689868927
GSE40279,13,GSM990385,53.203635454177856,9.796364545822144
GSE40279,13,GSM990386,58.13461232185364,0.8653876781463623
GSE40279,13,GSM990387,56.81348729133606,4.18651270866394
GSE40279,13,GSM990388,59.88680958747864,6.113190412521362
GSE40279,13,GSM990389,56.8818199634552,8.1181800365448
GSE40279,13,GSM990390,55.2290985584259,2.7709014415740967
GSE40279,13,GSM990391,43.80242085456848,0.8024208545684814
GSE40279,13,GSM990392,49.78964161872864,5.210358381271362
GSE40279,13,GSM990394,52.7230064868927,2.7230064868927
GSE40279,13,GSM990395,42.41950535774231,3.5804946422576904
GSE40279,13,GSM990396,55.0577118396759,1.0577118396759033
GSE40279,13,GSM990397,78.65552830696106,1.3444716930389404
GSE40279,13,GSM990398,71.40545964241028,11.594540357589722
GSE40279,13,GSM990399,75.85590672492981,1.1440932750701904
GSE40279,13,GSM990400,74.03389286994934,1.9661071300506592
GSE40279,13,GSM990403,64.51819920539856,17.48180079460144
GSE40279,13,GSM990404,43.62689518928528,14.373104810714722
GSE40279,13,GSM990405,63.91642689704895,2.08357310295105
GSE40279,13,GSM990406,60.04880452156067,24.95119547843933
GSE40279,13,GSM990407,66.96717381477356,0.9671738147735596
GSE40279,13,GSM990408,65.81766057014465,3.1823394298553467
GSE40279,13,GSM990409,67.71622014045715,16.283779859542847
GSE40279,13,GSM990410,77.08150029182434,1.9184997081756592
GSE40279,13,GSM990411,61.38595128059387,2.614048719406128
GSE40279,13,GSM990412,64.85579991340637,13.144200086593628
GSE40279,13,GSM990413,53.66567921638489,0.6656792163848877
GSE40279,13,GSM990414,58.27656102180481,0.7234389781951904
GSE40279,13,GSM990416,66.10260319709778,5.102603197097778
GSE40279,13,GSM990418,60.886454820632935,8.113545179367065
GSE40279,13,GSM990419,64.1302216053009,4.130221605300903
GSE40279,13,GSM990420,57.69946217536926,7.300537824630737
GSE40279,13,GSM990421,81.96338200569153,7.036617994308472
GSE40279,13,GSM990422,49.118815660476685,24.881184339523315
GSE40279,13,GSM990423,67.09561467170715,13.904385328292847
GSE40279,13,GSM990424,74.44172978401184,6.441729784011841
GSE40279,13,GSM990425,63.89631199836731,4.10368800163269
GSE40279,13,GSM990426,63.29201054573059,1.7079894542694092
GSE40279,13,GSM990427,80.17118382453918,9.828816175460815
GSE40279,13,GSM990429,76.32912755012512,2.670872449874878
GSE40279,13,GSM990430,63.50873875617981,6.50873875617981
GSE40279,13,GSM990431,58.67419743537903,17.32580256462097
GSE40279,13,GSM990432,77.58546757698059,1.4145324230194092
GSE40279,13,GSM990433,42.02413487434387,6.975865125656128
GSE40279,13,GSM990434,80.62315678596497,11.376843214035034
GSE40279,13,GSM990435,62.23866581916809,3.761334180831909
GSE40279,13,GSM990436,59.78442311286926,0.7844231128692627
GSE40279,13,GSM990437,60.02458119392395,15.97541880607605
GSE40279,13,GSM990438,60.37465977668762,4.374659776687622
GSE40279,13,GSM990439,54.185771226882935,2.1857712268829346
GSE40279,13,GSM990440,60.42694401741028,4.573055982589722
GSE40279,13,GSM990441,69.3445999622345,3.655400037765503
GSE40279,13,GSM990442,75.51607823371887,10.516078233718872
GSE40279,13,GSM990443,83.07371830940247,0.9262816905975342
GSE40279,13,GSM990445,77.03389286994934,0.9661071300506592
GSE40279,13,GSM990446,58.499865770339966,5.499865770339966
GSE40279,13,GSM990447,79.17412877082825,11.174128770828247
GSE40279,13,GSM990448,49.289016008377075,2.710983991622925
GSE40279,13,GSM990449,62.10340428352356,9.89659571647644
GSE40279,13,GSM990450,59.09043049812317,11.090430498123169
GSE40279,13,GSM990451,55.35578465461731,4.64421534538269
GSE40279,13,GSM990452,89.0979950428009,28.097995042800903
GSE40279,13,GSM990453,64.88367009162903,4.116329908370972
GSE40279,13,GSM990454,72.1092255115509,8.890774488449097
GSE40279,13,GSM990455,72.9670135974884,16.967013597488403
GSE40279,13,GSM990456,78.39744877815247,0.6025512218475342
GSE40279,13,GSM990457,75.69769597053528,6.302304029464722
GSE40279,13,GSM990458,56.81790471076965,1.1820952892303467
GSE40279,13,GSM990459,60.55840611457825,14.441593885421753
GSE40279,13,GSM990462,85.68072819709778,15.680728197097778
GSE40279,13,GSM990463,68.78140568733215,8.218594312667847
GSE40279,13,GSM990464,54.65185856819153,1.3481414318084717
GSE40279,13,GSM990465,60.68017888069153,6.319821119308472
GSE40279,13,GSM990466,76.94215703010559,0.9421570301055908
GSE40279,13,GSM990467,84.62970280647278,4.370297193527222
GSE40279,13,GSM990468,52.33996891975403,16.66003108024597
GSE40279,13,GSM990470,70.65607762336731,9.34392237663269
GSE40279,13,GSM990471,77.93345952033997,1.9334595203399658
GSE40279,13,GSM990473,53.67483067512512,7.325169324874878
GSE40279,13,GSM990474,47.11279606819153,4.887203931808472
GSE40279,13,GSM990475,65.45339512825012,3.546604871749878
GSE40279,13,GSM990477,64.11921238899231,4.88078761100769
GSE40279,13,GSM990478,53.95629811286926,11.043701887130737
GSE40279,13,GSM990479,43.9333221912384,1.0666778087615967
GSE40279,13,GSM990481,63.38697361946106,12.61302638053894
GSE40279,13,GSM990482,69.29893040657043,6.701069593429565
GSE40279,13,GSM990484,65.83116459846497,5.168835401535034
GSE40279,13,GSM990485,41.34005284309387,10.659947156906128
GSE40279,13,GSM990486,85.13734745979309,1.1373474597930908
GSE40279,13,GSM990487,55.70675587654114,1.2932441234588623
GSE40279,13,GSM990488,66.46399998664856,1.5360000133514404
GSE40279,13,GSM990489,70.75589299201965,3.2441070079803467
GSE40279,13,GSM990490,36.76473927497864,3.7647392749786377
GSE40279,13,GSM990492,64.36182713508606,8.63817286491394
GSE40279,13,GSM990494,51.84075474739075,20.159245252609253
GSE40279,13,GSM990495,72.63202214241028,5.367977857589722
GSE40279,13,GSM990496,54.50576710700989,13.494232892990112
GSE40279,13,GSM990497,53.987624406814575,1.9876244068145752
GSE40279,13,GSM990498,52.27965474128723,11.720345258712769
GSE40279,13,GSM990499,38.084487199783325,11.084487199783325
GSE40279,13,GSM990500,41.20023274421692,12.200232744216919
GSE40279,13,GSM990501,53.82702946662903,9.827029466629028
GSE40279,13,GSM990502,44.07805943489075,3.078059434890747
GSE40279,13,GSM990503,49.85901188850403,4.859011888504028
GSE40279,13,GSM990504,31.43301510810852,4.4330151081085205
GSE40279,13,GSM990505,56.16250920295715,8.162509202957153
GSE40279,13,GSM990506,58.14058232307434,2.140582323074341
GSE40279,13,GSM990507,45.28754734992981,11.28754734992981
GSE40279,13,GSM990508,54.820056200027466,14.179943799972534
GSE40279,13,GSM990509,39.77386784553528,16.22613215446472
GSE40279,13,GSM990510,39.969653367996216,7.030346632003784
GSE40279,13,GSM990512,56.31691288948059,3.683087110519409
GSE40279,13,GSM990514,58.26546025276184,1.7345397472381592
GSE40279,13,GSM990516,49.70996403694153,5.290035963058472
GSE40279,13,GSM990517,35.642817735672,3.642817735671997
GSE40279,13,GSM990518,24.57635235786438,1.5763523578643799
GSE40279,13,GSM990519,35.600207567214966,7.399792432785034
GSE40279,13,GSM990520,35.65296483039856,11.34703516960144
GSE40279,13,GSM990521,44.30085301399231,0.30085301399230957
GSE40279,13,GSM990522,39.96808934211731,2.9680893421173096
GSE40279,13,GSM990523,29.917392015457153,2.9173920154571533
GSE40279,13,GSM990525,35.760539293289185,7.760539293289185
GSE40279,13,GSM990526,59.96026921272278,8.960269212722778
GSE40279,13,GSM990528,31.476218461990356,12.476218461990356
GSE40279,13,GSM990529,53.75943303108215,9.759433031082153
GSE40279,13,GSM990530,66.091059923172,17.091059923171997
GSE40279,13,GSM990532,48.922160387039185,4.922160387039185
GSE40279,13,GSM990533,65.22986149787903,3.2298614978790283
GSE40279,13,GSM990534,42.85267186164856,12.85267186164856
GSE40279,13,GSM990536,35.454150438308716,0.5458495616912842
GSE40279,13,GSM990537,34.557822465896606,9.557822465896606
GSE40279,13,GSM990538,46.41382145881653,10.413821458816528
GSE40279,13,GSM990539,30.114306688308716,9.114306688308716
GSE40279,13,GSM990540,52.675280809402466,12.675280809402466
GSE40279,13,GSM990541,36.992236375808716,14.992236375808716
GSE40279,13,GSM990542,41.93226170539856,5.93226170539856
GSE40279,13,GSM990543,67.45296025276184,9.45296025276184
GSE40279,13,GSM990544,83.42875218391418,0.42875218391418457
GSE40279,13,GSM990548,73.83887028694153,7.838870286941528
GSE40279,13,GSM990550,66.1038544178009,15.896145582199097
GSE40279,13,GSM990551,76.9862015247345,3.986201524734497
GSE40279,13,GSM990552,76.25166630744934,0.7483336925506592
GSE40279,13,GSM990553,82.75934147834778,2.7593414783477783
GSE40279,13,GSM990554,64.85782170295715,14.142178297042847
GSE40279,13,GSM990555,73.77690434455872,0.7769043445587158
GSE40279,13,GSM990557,75.01025700569153,9.989742994308472
GSE40279,13,GSM990558,96.8529007434845,5.852900743484497
GSE40279,13,GSM990559,84.2445023059845,0.7554976940155029
GSE40279,13,GSM990560,80.99681401252747,5.003185987472534
GSE40279,13,GSM990561,82.92782139778137,8.927821397781372
GSE40279,13,GSM990563,86.09662175178528,0.9033782482147217
GSE40279,13,GSM990564,76.57377934455872,0.5737793445587158
GSE40279,13,GSM990565,73.75189518928528,7.248104810714722
GSE40279,13,GSM990566,63.11896061897278,4.118960618972778
GSE40279,13,GSM990567,74.00601506233215,1.0060150623321533
GSE40279,13,GSM990569,83.51611638069153,1.4838836193084717
GSE40279,13,GSM990570,68.92356419563293,0.07643580436706543
GSE40279,13,GSM990571,68.47706913948059,16.52293086051941
GSE40279,13,GSM990572,84.55346989631653,0.4465301036834717
GSE40279,13,GSM990573,85.86101078987122,1.8610107898712158
GSE40279,13,GSM990574,74.32791447639465,8.672085523605347
GSE40279,13,GSM990575,80.73638463020325,13.736384630203247
GSE40279,13,GSM990578,92.39656376838684,5.396563768386841
GSE40279,13,GSM990579,77.86567997932434,6.134320020675659
GSE40279,13,GSM990580,80.23179936408997,1.7682006359100342
GSE40279,13,GSM990581,86.7701141834259,6.229885816574097
GSE40279,13,GSM990583,84.21956181526184,4.219561815261841
GSE40279,13,GSM990584,80.59907841682434,7.400921583175659
GSE40279,13,GSM990585,70.79466557502747,1.2053344249725342
GSE40279,13,GSM990587,52.479350328445435,3.5206496715545654
GSE40279,13,GSM990588,90.28430485725403,1.7156951427459717
GSE40279,13,GSM990589,78.67985844612122,0.6798584461212158
GSE40279,13,GSM990590,74.04026341438293,3.0402634143829346
GSE40279,13,GSM990591,65.88281559944153,23.11718440055847
GSE40279,13,GSM990592,48.01343846321106,5.98656153678894
GSE40279,13,GSM990593,66.14654850959778,0.14654850959777832
GSE40279,13,GSM990594,80.06777501106262,5.067775011062622
GSE40279,13,GSM990595,81.27219700813293,8.727802991867065
GSE40279,13,GSM990596,63.32217335700989,2.6778266429901123
GSE40279,13,GSM990597,88.26854252815247,11.268542528152466
GSE40279,13,GSM990598,81.53343510627747,0.4665648937225342
GSE40279,13,GSM990599,75.64869999885559,10.64869999885559
GSE40279,13,GSM990600,66.186763048172,8.186763048171997
GSE40279,13,GSM990603,76.23767399787903,2.2376739978790283
GSE40279,13,GSM990604,72.95801854133606,3.9580185413360596
GSE40279,13,GSM990605,83.9903519153595,0.9903519153594971
GSE40279,13,GSM990606,85.86918950080872,2.869189500808716
GSE40279,13,GSM990607,89.80951237678528,19.80951237678528
GSE40279,13,GSM990608,79.39480900764465,15.394809007644653
GSE40279,13,GSM990609,75.67821049690247,25.678210496902466
GSE40279,13,GSM990610,99.31879734992981,25.31879734992981
GSE40279,13,GSM990611,69.67483830451965,0.6748383045196533
GSE40279,13,GSM990612,95.35193181037903,9.351931810379028
GSE40279,13,GSM990613,64.71657109260559,1.2834289073944092
GSE40279,13,GSM990614,81.96814274787903,11.968142747879028
GSE40279,13,GSM990615,100.11039280891418,11.110392808914185
GSE40279,13,GSM990617,75.7659637928009,6.765963792800903
GSE40279,13,GSM990618,70.32966160774231,6.32966160774231
GSE40279,13,GSM990619,77.91542363166809,1.0845763683319092
GSE40279,13,GSM990620,84.75963139533997,7.240368604660034
GSE40279,13,GSM990621,79.66479802131653,9.664798021316528
GSE40279,13,GSM990622,83.84295201301575,6.842952013015747
GSE40279,13,GSM990623,84.97748112678528,6.977481126785278
GSE40279,13,GSM990624,78.7066376209259,7.706637620925903
GSE40279,13,GSM990625,79.96045231819153,11.960452318191528
GSE40279,13,GSM990626,66.15188908576965,5.151889085769653
GSE40279,13,GSM990627,75.74833989143372,2.748339891433716
GSE40279,14,GSM989827,65.34046769142151,1.6595323085784912
GSE40279,14,GSM989828,93.01987290382385,4.0198729038238525
GSE40279,14,GSM989829,74.53786301612854,8.53786301612854
GSE40279,14,GSM989831,68.89907670021057,6.899076700210571
GSE40279,14,GSM989832,75.58612656593323,11.413873434066772
GSE40279,14,GSM989833,68.31990647315979,4.68009352684021
GSE40279,14,GSM989834,79.13193345069885,4.1319334506988525
GSE40279,14,GSM989836,105.47265458106995,22.472654581069946
GSE40279,14,GSM989838,57.30996537208557,9.309965372085571
GSE40279,14,GSM989839,80.07629990577698,3.0762999057769775
GSE40279,14,GSM989840,60.56373429298401,6.563734292984009
GSE40279,14,GSM989843,83.53327012062073,15.533270120620728
GSE40279,14,GSM989846,74.49140763282776,14.491407632827759
GSE40279,14,GSM989847,89.27265763282776,10.272657632827759
GSE40279,14,GSM989848,82.18329453468323,14.183294534683228
GSE40279,14,GSM989850,89.06430649757385,5.0643064975738525
GSE40279,14,GSM989852,75.77885270118713,1.7788527011871338
GSE40279,14,GSM989854,79.2808210849762,23.280821084976196
GSE40279,14,GSM989855,82.6264021396637,10.626402139663696
GSE40279,14,GSM989856,82.76328110694885,7.7632811069488525
GSE40279,14,GSM989857,91.0425398349762,12.042539834976196
GSE40279,14,GSM989859,81.38038468360901,0.6196153163909912
GSE40279,14,GSM989861,96.61527848243713,17.615278482437134
GSE40279,14,GSM989862,66.08386063575745,12.083860635757446
GSE40279,14,GSM989865,78.27979874610901,5.720201253890991
GSE40279,14,GSM989868,84.20689225196838,10.206892251968384
GSE40279,14,GSM989869,65.96691727638245,11.033082723617554
GSE40279,14,GSM989871,86.17220902442932,0.8277909755706787
GSE40279,14,GSM989873,84.82961106300354,3.17038893699646
GSE40279,14,GSM989874,71.36223435401917,5.362234354019165
GSE40279,14,GSM989875,77.07594132423401,0.9240586757659912
GSE40279,14,GSM989876,73.90854477882385,20.908544778823853
GSE40279,14,GSM989877,79.63056015968323,3.6305601596832275
GSE40279,14,GSM989880,68.81709122657776,14.817091226577759
GSE40279,14,GSM989881,79.49169754981995,6.491697549819946
GSE40279,14,GSM989882,78.70148301124573,17.298516988754272
GSE40279,14,GSM989883,70.07933640480042,13.079336404800415
GSE40279,14,GSM989884,71.16459488868713,4.835405111312866
GSE40279,14,GSM989885,56.363035440444946,9.363035440444946
GSE40279,14,GSM989886,62.89182496070862,8.891824960708618
GSE40279,14,GSM989887,71.8056013584137,1.1943986415863037
GSE40279,14,GSM989888,80.3457624912262,3.6542375087738037
GSE40279,14,GSM989889,79.80504441261292,17.805044412612915
GSE40279,14,GSM989890,87.29627823829651,1.7037217617034912
GSE40279,14,GSM989891,74.51734757423401,6.517347574234009
GSE40279,14,GSM989892,73.14990067481995,11.149900674819946
GSE40279,14,GSM989893,83.2288191318512,4.228819131851196
GSE40279,14,GSM989894,73.57278275489807,1.5727827548980713
GSE40279,14,GSM989895,70.81240677833557,1.8124067783355713
GSE40279,14,GSM989896,57.477216958999634,2.477216958999634
GSE40279,14,GSM989898,82.40406632423401,3.404066324234009
GSE40279,14,GSM989899,78.25595688819885,6.2559568881988525
GSE40279,14,GSM989900,88.0797712802887,0.9202287197113037
GSE40279,14,GSM989902,76.36491990089417,8.635080099105835
GSE40279,14,GSM989903,78.07029557228088,10.070295572280884
GSE40279,14,GSM989904,98.00120377540588,9.001203775405884
GSE40279,14,GSM989905,86.43333268165588,13.433332681655884
GSE40279,14,GSM989906,69.65882706642151,6.658827066421509
GSE40279,14,GSM989907,75.64529252052307,2.3547074794769287
GSE40279,14,GSM989911,94.40582871437073,9.405828714370728
GSE40279,14,GSM989914,79.7837278842926,5.7837278842926025
GSE40279,14,GSM989915,88.17859482765198,4.1785948276519775
GSE40279,14,GSM989917,64.9674665927887,15.967466592788696
GSE40279,14,GSM989918,84.88011002540588,15.880110025405884
GSE40279,14,GSM989919,82.79818558692932,19.79818558692932
GSE40279,14,GSM989920,77.39930558204651,11.399305582046509
GSE40279,14,GSM989921,88.52355027198792,3.523550271987915
GSE40279,14,GSM989924,70.48682999610901,11.486829996109009
GSE40279,14,GSM989925,74.62636399269104,4.62636399269104
GSE40279,14,GSM989926,78.30396103858948,13.303961038589478
GSE40279,14,GSM989927,81.32512497901917,13.325124979019165
GSE40279,14,GSM989928,90.3462507724762,6.346250772476196
GSE40279,14,GSM989930,62.16442322731018,11.16442322731018
GSE40279,14,GSM989931,73.76219010353088,10.762190103530884
GSE40279,14,GSM989932,77.81999802589417,8.819998025894165
GSE40279,14,GSM989934,71.93593430519104,6.06406569480896
GSE40279,14,GSM989935,58.09967637062073,6.0996763706207275
GSE40279,14,GSM989936,60.63606095314026,11.636060953140259
GSE40279,14,GSM989937,71.4600203037262,18.460020303726196
GSE40279,14,GSM989938,70.93357682228088,11.933576822280884
GSE40279,14,GSM989939,74.70577836036682,12.705778360366821
GSE40279,14,GSM989941,82.47309708595276,14.473097085952759
GSE40279,14,GSM989942,79.69669938087463,5.696699380874634
GSE40279,14,GSM989943,65.55159592628479,6.55159592628479
GSE40279,14,GSM989944,83.2069685459137,7.206968545913696
GSE40279,14,GSM989945,69.07380509376526,15.073805093765259
GSE40279,14,GSM989946,75.08714890480042,16.087148904800415
GSE40279,14,GSM989947,70.91859269142151,22.91859269142151
GSE40279,14,GSM989948,61.81483292579651,16.81483292579651
GSE40279,14,GSM989950,73.88153672218323,10.881536722183228
GSE40279,14,GSM989951,81.6694700717926,1.6694700717926025
GSE40279,14,GSM989952,70.5294783115387,10.529478311538696
GSE40279,14,GSM989953,84.02453446388245,13.024534463882446
GSE40279,14,GSM989954,77.11878800392151,10.118788003921509
GSE40279,14,GSM989955,70.39999985694885,20.399999856948853
GSE40279,14,GSM989956,85.04598832130432,0.9540116786956787
GSE40279,14,GSM989957,77.22532486915588,7.225324869155884
GSE40279,14,GSM989958,64.40846848487854,10.40846848487854
GSE40279,14,GSM989961,63.84961915016174,5.849619150161743
GSE40279,14,GSM989962,68.20142960548401,10.201429605484009
GSE40279,14,GSM989963,70.34373307228088,6.343733072280884
GSE40279,14,GSM989964,80.25771927833557,7.257719278335571
GSE40279,14,GSM989965,56.498350381851196,7.498350381851196
GSE40279,14,GSM989966,58.95966553688049,2.959665536880493
GSE40279,14,GSM989968,57.37843918800354,9.37843918800354
GSE40279,14,GSM989969,81.09432816505432,0.09432816505432129
GSE40279,14,GSM989971,67.41081070899963,6.410810708999634
GSE40279,14,GSM989972,63.436365365982056,13.436365365982056
GSE40279,14,GSM989973,67.8845808506012,1.1154191493988037
GSE40279,14,GSM989975,50.09767746925354,3.09767746925354
GSE40279,14,GSM989976,63.985578775405884,20.985578775405884
GSE40279,14,GSM989977,63.72499680519104,8.72499680519104
GSE40279,14,GSM989978,64.61946702003479,10.61946702003479
GSE40279,14,GSM989979,69.33092331886292,11.330923318862915
GSE40279,14,GSM989980,52.69762635231018,18.69762635231018
GSE40279,14,GSM989981,72.00757431983948,7.0075743198394775
GSE40279,14,GSM989982,63.616438150405884,11.616438150405884
GSE40279,14,GSM989983,48.82095551490784,16.820955514907837
GSE40279,14,GSM989984,61.19995713233948,14.199957132339478
GSE40279,14,GSM989985,74.10537552833557,20.10537552833557
GSE40279,14,GSM989987,51.286192178726196,23.286192178726196
GSE40279,14,GSM989988,74.4566023349762,20.456602334976196
GSE40279,14,GSM989989,73.88643479347229,14.88643479347229
GSE40279,14,GSM989991,62.563902139663696,12.563902139663696
GSE40279,14,GSM989992,40.56567978858948,10.565679788589478
GSE40279,14,GSM989993,65.50191330909729,15.50191330909729
GSE40279,14,GSM989994,65.68026947975159,18.680269479751587
GSE40279,14,GSM989995,67.46269059181213,20.462690591812134
GSE40279,14,GSM989996,48.79880738258362,15.798807382583618
GSE40279,14,GSM989997,51.344724893569946,13.344724893569946
GSE40279,14,GSM989998,49.72884964942932,14.728849649429321
GSE40279,14,GSM990000,76.92749619483948,3.0725038051605225
GSE40279,14,GSM990001,89.98003220558167,3.980032205581665
GSE40279,14,GSM990002,76.40743851661682,5.407438516616821
GSE40279,14,GSM990003,73.27534317970276,3.724656820297241
GSE40279,14,GSM990004,76.91570115089417,9.915701150894165
GSE40279,14,GSM990005,81.06128525733948,2.9387147426605225
GSE40279,14,GSM990006,80.94424271583557,0.9442427158355713
GSE40279,14,GSM990007,73.82915329933167,3.829153299331665
GSE40279,14,GSM990009,66.93291306495667,3.932913064956665
GSE40279,14,GSM990010,72.66652512550354,2.66652512550354
GSE40279,14,GSM990012,76.89272904396057,9.892729043960571
GSE40279,14,GSM990014,61.609174966812134,8.390825033187866
GSE40279,14,GSM990015,84.35850358009338,10.358503580093384
GSE40279,14,GSM990016,79.92179703712463,6.921797037124634
GSE40279,14,GSM990017,74.35215592384338,2.647844076156616
GSE40279,14,GSM990018,93.72456955909729,13.72456955909729
GSE40279,14,GSM990019,80.87669968605042,14.876699686050415
GSE40279,14,GSM990021,87.18562150001526,11.185621500015259
GSE40279,14,GSM990022,75.75012040138245,2.2498795986175537
GSE40279,14,GSM990023,85.64040970802307,3.6404097080230713
GSE40279,14,GSM990024,82.32371354103088,6.323713541030884
GSE40279,14,GSM990025,72.44334244728088,1.4433424472808838
GSE40279,14,GSM990026,77.41432023048401,4.585679769515991
GSE40279,14,GSM990027,91.1638548374176,8.163854837417603
GSE40279,14,GSM990028,74.96336197853088,4.036638021469116
GSE40279,14,GSM990029,72.54966568946838,2.450334310531616
GSE40279,14,GSM990031,64.64815354347229,0.64815354347229
GSE40279,14,GSM990033,94.3492796421051,2.3492796421051025
GSE40279,14,GSM990034,83.60629868507385,9.606298685073853
GSE40279,14,GSM990035,74.98869919776917,5.988699197769165
GSE40279,14,GSM990036,82.79255509376526,2.792555093765259
GSE40279,14,GSM990039,88.64553666114807,7.645536661148071
GSE40279,14,GSM990041,77.00181412696838,8.001814126968384
GSE40279,14,GSM990042,77.74058365821838,4.740583658218384
GSE40279,14,GSM990045,65.58580613136292,2.414193868637085
GSE40279,14,GSM990046,85.65172410011292,16.651724100112915
GSE40279,14,GSM990049,81.27165055274963,0.2716505527496338
GSE40279,14,GSM990050,65.42671799659729,5.57328200340271
GSE40279,14,GSM990051,72.76704239845276,1.7670423984527588
GSE40279,14,GSM990052,79.54382157325745,4.543821573257446
GSE40279,14,GSM990053,58.61153244972229,1.38846755027771
GSE40279,14,GSM990054,75.98663926124573,1.0133607387542725
GSE40279,14,GSM990055,81.8052351474762,3.1947648525238037
GSE40279,14,GSM990056,72.30122208595276,2.301222085952759
GSE40279,14,GSM990057,68.49863266944885,6.4986326694488525
GSE40279,14,GSM990058,72.66108536720276,3.661085367202759
GSE40279,14,GSM990059,72.48095536231995,0.5190446376800537
GSE40279,14,GSM990060,79.59248185157776,6.592481851577759
GSE40279,14,GSM990061,74.2041380405426,0.20413804054260254
GSE40279,14,GSM990062,74.24580979347229,1.24580979347229
GSE40279,14,GSM990063,82.8905622959137,3.1094377040863037
GSE40279,14,GSM990066,81.94743180274963,6.947431802749634
GSE40279,14,GSM990068,59.623316049575806,7.376683950424194
GSE40279,14,GSM990070,55.22193741798401,7.221937417984009
GSE40279,14,GSM990072,66.51012253761292,18.510122537612915
GSE40279,14,GSM990075,59.63854432106018,13.63854432106018
GSE40279,14,GSM990076,59.72368836402893,0.27631163597106934
GSE40279,14,GSM990077,55.76874375343323,15.768743753433228
GSE40279,14,GSM990079,54.21893906593323,13.218939065933228
GSE40279,14,GSM990080,54.33566117286682,1.3356611728668213
GSE40279,14,GSM990081,61.620657205581665,13.620657205581665
GSE40279,14,GSM990082,74.08706498146057,3.0870649814605713
GSE40279,14,GSM990083,61.61754822731018,9.61754822731018
GSE40279,14,GSM990084,61.391950845718384,2.608049154281616
GSE40279,14,GSM990085,53.47101807594299,5.471018075942993
GSE40279,14,GSM990086,55.074461221694946,0.07446122169494629
GSE40279,14,GSM990087,76.23779129981995,8.237791299819946
GSE40279,14,GSM990088,57.82580780982971,11.825807809829712
GSE40279,14,GSM990089,69.20921921730042,5.209219217300415
GSE40279,14,GSM990090,57.96613144874573,0.9661314487457275
GSE40279,14,GSM990091,52.856245279312134,7.856245279312134
GSE40279,14,GSM990094,76.85201096534729,16.85201096534729
GSE40279,14,GSM990095,59.10951828956604,8.10951828956604
GSE40279,14,GSM990096,40.25586533546448,32.74413466453552
GSE40279,14,GSM990097,56.66541123390198,18.665411233901978
GSE40279,14,GSM990099,74.4165632724762,10.416563272476196
GSE40279,14,GSM990100,65.74054551124573,7.7405455112457275
GSE40279,14,GSM990101,50.54698395729065,7.546983957290649
GSE40279,14,GSM990102,43.664907693862915,5.664907693862915
GSE40279,14,GSM990103,58.23549485206604,4.23549485206604
GSE40279,14,GSM990104,75.39064621925354,5.39064621925354
GSE40279,14,GSM990106,69.41583847999573,7.4158384799957275
GSE40279,14,GSM990107,53.262937784194946,2.2629377841949463
GSE40279,14,GSM990108,49.494524240493774,8.494524240493774
GSE40279,14,GSM990109,49.92078232765198,3.0792176723480225
GSE40279,14,GSM990110,61.53341507911682,3.4665849208831787
GSE40279,14,GSM990111,55.89588761329651,5.895887613296509
GSE40279,14,GSM990112,61.649152994155884,6.649152994155884
GSE40279,14,GSM990113,63.34716248512268,1.3471624851226807
GSE40279,14,GSM990114,64.26501297950745,3.2650129795074463
GSE40279,14,GSM990115,50.05567002296448,12.055670022964478
GSE40279,14,GSM990117,73.51145768165588,9.511457681655884
GSE40279,14,GSM990118,50.20644974708557,6.793550252914429
GSE40279,14,GSM990119,60.873552560806274,3.8735525608062744
GSE40279,14,GSM990120,53.0226194858551,4.0226194858551025
GSE40279,14,GSM990121,62.062185525894165,1.937814474105835
GSE40279,14,GSM990122,51.75116181373596,14.248838186264038
GSE40279,14,GSM990268,54.24829316139221,2.248293161392212
GSE40279,14,GSM990269,59.272085428237915,16.272085428237915
GSE40279,14,GSM990271,57.08907914161682,6.089079141616821
GSE40279,14,GSM990272,57.919180154800415,0.08081984519958496
GSE40279,14,GSM990273,57.43991684913635,5.5600831508636475
GSE40279,14,GSM990274,55.11892533302307,0.11892533302307129
GSE40279,14,GSM990275,53.86111283302307,3.8611128330230713
GSE40279,14,GSM990276,72.84827256202698,15.848272562026978
GSE40279,14,GSM990277,33.30291962623596,0.3029196262359619
GSE40279,14,GSM990278,57.87799668312073,11.877996683120728
GSE40279,14,GSM990279,50.646719217300415,4.646719217300415
GSE40279,14,GSM990281,57.74353623390198,2.7435362339019775
GSE40279,14,GSM990282,45.552053689956665,18.447946310043335
GSE40279,14,GSM990283,43.62579941749573,2.3742005825042725
GSE40279,14,GSM990284,60.998037576675415,5.001962423324585
GSE40279,14,GSM990285,46.996755838394165,0.003244161605834961
GSE40279,14,GSM990286,45.89501404762268,12.10498595237732
GSE40279,14,GSM990287,61.12262940406799,0.12262940406799316
GSE40279,14,GSM990288,41.28870224952698,6.7112977504730225
GSE40279,14,GSM990289,43.4060423374176,1.5939576625823975
GSE40279,14,GSM990290,57.421125650405884,4.578874349594116
GSE40279,14,GSM990291,49.78637146949768,0.21362853050231934
GSE40279,14,GSM990292,35.61964249610901,1.6196424961090088
GSE40279,14,GSM990293,58.251917123794556,5.748082876205444
GSE40279,14,GSM990294,49.549829721450806,5.450170278549194
GSE40279,14,GSM990295,54.04170823097229,6.04170823097229
GSE40279,14,GSM990297,59.69538331031799,4.304616689682007
GSE40279,14,GSM990298,56.718611001968384,1.2813889980316162
GSE40279,14,GSM990299,38.433149576187134,1.4331495761871338
GSE40279,14,GSM990300,58.80921006202698,1.1907899379730225
GSE40279,14,GSM990301,58.215715646743774,4.784284353256226
GSE40279,14,GSM990302,52.60494828224182,6.395051717758179
GSE40279,14,GSM990303,49.57752823829651,4.422471761703491
GSE40279,14,GSM990304,55.8446524143219,4.155347585678101
GSE40279,14,GSM990305,51.393965005874634,0.3939650058746338
GSE40279,14,GSM990306,67.88146805763245,4.881468057632446
GSE40279,14,GSM990307,59.90901017189026,4.090989828109741
GSE40279,14,GSM990309,55.5142080783844,11.5142080783844
GSE40279,14,GSM990311,61.50135254859924,4.498647451400757
GSE40279,14,GSM990313,56.01448655128479,4.98551344871521
GSE40279,14,GSM990314,56.00836396217346,4.008363962173462
GSE40279,14,GSM990315,64.61575531959534,3.615755319595337
GSE40279,14,GSM990318,44.93446946144104,7.06553053855896
GSE40279,14,GSM990319,51.52558350563049,3.474416494369507
GSE40279,14,GSM990320,65.442209482193,6.442209482192993
GSE40279,14,GSM990321,55.28243851661682,3.7175614833831787
GSE40279,14,GSM990323,50.198057413101196,4.198057413101196
GSE40279,14,GSM990324,35.55280137062073,4.5528013706207275
GSE40279,14,GSM990325,61.033018350601196,6.033018350601196
GSE40279,14,GSM990326,46.3341429233551,6.6658570766448975
GSE40279,14,GSM990327,48.664915323257446,6.664915323257446
GSE40279,14,GSM990329,50.31036972999573,0.31036972999572754
GSE40279,14,GSM990330,50.74941849708557,1.2505815029144287
GSE40279,14,GSM990331,43.08722138404846,1.912778615951538
GSE40279,14,GSM990332,55.0865957736969,9.9134042263031
GSE40279,14,GSM990333,46.48757004737854,12.51242995262146
GSE40279,14,GSM990334,60.98980164527893,2.9898016452789307
GSE40279,14,GSM990335,64.57605576515198,0.5760557651519775
GSE40279,14,GSM990336,52.0709707736969,8.9290292263031
GSE40279,14,GSM990337,56.40651535987854,10.59348464012146
GSE40279,14,GSM990338,60.577783823013306,1.5777838230133057
GSE40279,14,GSM990339,51.478025674819946,6.521974325180054
GSE40279,14,GSM990340,47.55569291114807,6.444307088851929
GSE40279,14,GSM990341,56.7222158908844,0.2777841091156006
GSE40279,14,GSM990342,57.845518350601196,2.1544816493988037
GSE40279,14,GSM990343,47.47055649757385,2.5294435024261475
GSE40279,14,GSM990346,46.191572427749634,2.191572427749634
GSE40279,14,GSM990347,59.454817056655884,2.545182943344116
GSE40279,14,GSM990348,71.0946409702301,4.9053590297698975
GSE40279,14,GSM990350,48.29706788063049,2.297067880630493
GSE40279,14,GSM990352,56.04560685157776,2.954393148422241
GSE40279,14,GSM990353,53.2656614780426,1.2656614780426025
GSE40279,14,GSM990354,39.83261704444885,10.167382955551147
GSE40279,14,GSM990355,41.228941202163696,3.7710587978363037
GSE40279,14,GSM990356,49.37262940406799,2.627370595932007
GSE40279,14,GSM990357,49.22335648536682,4.776643514633179
GSE40279,14,GSM990358,65.92975449562073,3.9297544956207275
GSE40279,14,GSM990360,56.701841592788696,6.298158407211304
GSE40279,14,GSM990363,62.15023636817932,2.8497636318206787
GSE40279,14,GSM990364,57.885053873062134,6.114946126937866
GSE40279,14,GSM990365,53.052473306655884,3.947526693344116
GSE40279,14,GSM990366,61.849973917007446,1.1500260829925537
GSE40279,14,GSM990369,44.19134736061096,6.191347360610962
GSE40279,14,GSM990371,56.6898672580719,2.3101327419281006
GSE40279,14,GSM990372,59.15738892555237,1.1573889255523682
GSE40279,14,GSM990373,43.56661057472229,2.56661057472229
GSE40279,14,GSM990375,30.587644815444946,4.587644815444946
GSE40279,14,GSM990376,56.706690073013306,4.293309926986694
GSE40279,14,GSM990377,64.31055283546448,8.310552835464478
GSE40279,14,GSM990378,54.892515420913696,11.107484579086304
GSE40279,14,GSM990379,58.767576456069946,3.2324235439300537
GSE40279,14,GSM990381,54.401540994644165,0.598459005355835
GSE40279,14,GSM990382,52.74106431007385,8.258935689926147
GSE40279,14,GSM990383,63.204248666763306,5.204248666763306
GSE40279,14,GSM990385,55.02081513404846,7.979184865951538
GSE40279,14,GSM990386,59.95179200172424,0.9517920017242432
GSE40279,14,GSM990387,58.630666971206665,2.369333028793335
GSE40279,14,GSM990388,61.70398926734924,4.296010732650757
GSE40279,14,GSM990389,58.698999643325806,6.301000356674194
GSE40279,14,GSM990390,57.04627823829651,0.9537217617034912
GSE40279,14,GSM990391,45.61960053443909,2.619600534439087
GSE40279,14,GSM990392,51.60682129859924,3.393178701400757
GSE40279,14,GSM990394,54.540186166763306,4.540186166763306
GSE40279,14,GSM990395,44.236685037612915,1.763314962387085
GSE40279,14,GSM990396,56.87489151954651,2.874891519546509
GSE40279,14,GSM990397,80.47270798683167,0.47270798683166504
GSE40279,14,GSM990398,73.22263932228088,9.777360677719116
GSE40279,14,GSM990399,77.67308640480042,0.673086404800415
GSE40279,14,GSM990400,75.85107254981995,0.1489274501800537
GSE40279,14,GSM990403,66.33537888526917,15.664621114730835
GSE40279,14,GSM990404,45.444074869155884,12.555925130844116
GSE40279,14,GSM990405,65.73360657691956,0.26639342308044434
GSE40279,14,GSM990406,61.865984201431274,23.134015798568726
GSE40279,14,GSM990407,68.78435349464417,2.784353494644165
GSE40279,14,GSM990408,67.63484025001526,1.3651597499847412
GSE40279,14,GSM990409,69.53339982032776,14.466600179672241
GSE40279,14,GSM990410,78.89867997169495,0.10132002830505371
GSE40279,14,GSM990411,63.20313096046448,0.7968690395355225
GSE40279,14,GSM990412,66.67297959327698,11.327020406723022
GSE40279,14,GSM990413,55.48285889625549,2.482858896255493
GSE40279,14,GSM990414,60.093740701675415,1.093740701675415
GSE40279,14,GSM990416,67.91978287696838,6.919782876968384
GSE40279,14,GSM990418,62.70363450050354,6.29636549949646
GSE40279,14,GSM990419,65.94740128517151,5.947401285171509
GSE40279,14,GSM990420,59.51664185523987,5.483358144760132
GSE40279,14,GSM990421,83.78056168556213,5.219438314437866
GSE40279,14,GSM990422,50.93599534034729,23.06400465965271
GSE40279,14,GSM990423,68.91279435157776,12.087205648422241
GSE40279,14,GSM990424,76.25890946388245,8.258909463882446
GSE40279,14,GSM990425,65.71349167823792,2.286508321762085
GSE40279,14,GSM990426,65.1091902256012,0.10919022560119629
GSE40279,14,GSM990427,81.98836350440979,8.01163649559021
GSE40279,14,GSM990429,78.14630722999573,0.8536927700042725
GSE40279,14,GSM990430,65.32591843605042,8.325918436050415
GSE40279,14,GSM990431,60.491377115249634,15.508622884750366
GSE40279,14,GSM990432,79.4026472568512,0.4026472568511963
GSE40279,14,GSM990433,43.84131455421448,5.1586854457855225
GSE40279,14,GSM990434,82.44033646583557,9.559663534164429
GSE40279,14,GSM990435,64.0558454990387,1.9441545009613037
GSE40279,14,GSM990436,61.60160279273987,2.601602792739868
GSE40279,14,GSM990437,61.841760873794556,14.158239126205444
GSE40279,14,GSM990438,62.19183945655823,6.1918394565582275
GSE40279,14,GSM990439,56.00295090675354,4.00295090675354
GSE40279,14,GSM990440,62.244123697280884,2.755876302719116
GSE40279,14,GSM990441,71.1617796421051,1.8382203578948975
GSE40279,14,GSM990442,77.33325791358948,12.333257913589478
GSE40279,14,GSM990443,84.89089798927307,0.8908979892730713
GSE40279,14,GSM990445,78.85107254981995,0.8510725498199463
GSE40279,14,GSM990446,60.31704545021057,7.317045450210571
GSE40279,14,GSM990447,80.99130845069885,12.991308450698853
GSE40279,14,GSM990448,51.10619568824768,0.8938043117523193
GSE40279,14,GSM990449,63.920583963394165,8.079416036605835
GSE40279,14,GSM990450,60.907610177993774,12.907610177993774
GSE40279,14,GSM990451,57.172964334487915,2.827035665512085
GSE40279,14,GSM990452,90.91517472267151,29.91517472267151
GSE40279,14,GSM990453,66.70084977149963,2.299150228500366
GSE40279,14,GSM990454,73.92640519142151,7.073594808578491
GSE40279,14,GSM990455,74.78419327735901,18.78419327735901
GSE40279,14,GSM990456,80.21462845802307,1.2146284580230713
GSE40279,14,GSM990457,77.51487565040588,4.485124349594116
GSE40279,14,GSM990458,58.63508439064026,0.6350843906402588
GSE40279,14,GSM990459,62.37558579444885,12.624414205551147
GSE40279,14,GSM990462,87.49790787696838,17.497907876968384
GSE40279,14,GSM990463,70.59858536720276,6.401414632797241
GSE40279,14,GSM990464,56.469038248062134,0.4690382480621338
GSE40279,14,GSM990465,62.497358560562134,4.502641439437866
GSE40279,14,GSM990466,78.7593367099762,2.7593367099761963
GSE40279,14,GSM990467,86.44688248634338,2.553117513656616
GSE40279,14,GSM990468,54.157148599624634,14.842851400375366
GSE40279,14,GSM990470,72.47325730323792,7.526742696762085
GSE40279,14,GSM990471,79.75063920021057,3.7506392002105713
GSE40279,14,GSM990473,55.49201035499573,5.5079896450042725
GSE40279,14,GSM990474,48.929975748062134,3.070024251937866
GSE40279,14,GSM990475,67.27057480812073,1.7294251918792725
GSE40279,14,GSM990477,65.93639206886292,3.063607931137085
GSE40279,14,GSM990478,55.77347779273987,9.226522207260132
GSE40279,14,GSM990479,45.75050187110901,0.7505018711090088
GSE40279,14,GSM990481,65.20415329933167,10.795846700668335
GSE40279,14,GSM990482,71.11611008644104,4.88388991355896
GSE40279,14,GSM990484,67.64834427833557,3.3516557216644287
GSE40279,14,GSM990485,43.15723252296448,8.842767477035522
GSE40279,14,GSM990486,86.9545271396637,2.9545271396636963
GSE40279,14,GSM990487,57.52393555641174,0.5239355564117432
GSE40279,14,GSM990488,68.28117966651917,0.28117966651916504
GSE40279,14,GSM990489,72.57307267189026,1.4269273281097412
GSE40279,14,GSM990490,38.58191895484924,5.581918954849243
GSE40279,14,GSM990492,66.17900681495667,6.820993185043335
GSE40279,14,GSM990494,53.65793442726135,18.342065572738647
GSE40279,14,GSM990495,74.44920182228088,3.550798177719116
GSE40279,14,GSM990496,56.32294678688049,11.677053213119507
GSE40279,14,GSM990497,55.80480408668518,3.8048040866851807
GSE40279,14,GSM990498,54.09683442115784,9.903165578842163
GSE40279,14,GSM990499,39.90166687965393,12.90166687965393
GSE40279,14,GSM990500,43.017412424087524,14.017412424087524
GSE40279,14,GSM990501,55.644209146499634,11.644209146499634
GSE40279,14,GSM990502,45.89523911476135,4.8952391147613525
GSE40279,14,GSM990503,51.676191568374634,6.676191568374634
GSE40279,14,GSM990504,33.250194787979126,6.250194787979126
GSE40279,14,GSM990505,57.97968888282776,9.979688882827759
GSE40279,14,GSM990506,59.957762002944946,3.9577620029449463
GSE40279,14,GSM990507,47.104727029800415,13.104727029800415
GSE40279,14,GSM990508,56.63723587989807,12.362764120101929
GSE40279,14,GSM990509,41.591047525405884,14.408952474594116
GSE40279,14,GSM990510,41.78683304786682,5.213166952133179
GSE40279,14,GSM990512,58.134092569351196,1.8659074306488037
GSE40279,14,GSM990514,60.082639932632446,0.08263993263244629
GSE40279,14,GSM990516,51.527143716812134,3.472856283187866
GSE40279,14,GSM990517,37.4599974155426,5.4599974155426025
GSE40279,14,GSM990518,26.393532037734985,3.3935320377349854
GSE40279,14,GSM990519,37.41738724708557,5.582612752914429
GSE40279,14,GSM990520,37.470144510269165,9.529855489730835
GSE40279,14,GSM990521,46.118032693862915,2.118032693862915
GSE40279,14,GSM990522,41.785269021987915,4.785269021987915
GSE40279,14,GSM990523,31.73457169532776,4.734571695327759
GSE40279,14,GSM990525,37.57771897315979,9.57771897315979
GSE40279,14,GSM990526,61.777448892593384,10.777448892593384
GSE40279,14,GSM990528,33.29339814186096,14.293398141860962
GSE40279,14,GSM990529,55.57661271095276,11.576612710952759
GSE40279,14,GSM990530,67.9082396030426,18.908239603042603
GSE40279,14,GSM990532,50.73934006690979,6.73934006690979
GSE40279,14,GSM990533,67.04704117774963,5.047041177749634
GSE40279,14,GSM990534,44.669851541519165,14.669851541519165
GSE40279,14,GSM990536,37.27133011817932,1.2713301181793213
GSE40279,14,GSM990537,36.37500214576721,11.375002145767212
GSE40279,14,GSM990538,48.231001138687134,12.231001138687134
GSE40279,14,GSM990539,31.93148636817932,10.931486368179321
GSE40279,14,GSM990540,54.49246048927307,14.492460489273071
GSE40279,14,GSM990541,38.80941605567932,16.80941605567932
GSE40279,14,GSM990542,43.749441385269165,7.749441385269165
GSE40279,14,GSM990543,69.27013993263245,11.270139932632446
GSE40279,14,GSM990544,85.24593186378479,2.24593186378479
GSE40279,14,GSM990548,75.65604996681213,9.656049966812134
GSE40279,14,GSM990550,67.92103409767151,14.078965902328491
GSE40279,14,GSM990551,78.8033812046051,5.8033812046051025
GSE40279,14,GSM990552,78.06884598731995,1.0688459873199463
GSE40279,14,GSM990553,84.57652115821838,4.576521158218384
GSE40279,14,GSM990554,66.67500138282776,12.324998617172241
GSE40279,14,GSM990555,75.59408402442932,2.5940840244293213
GSE40279,14,GSM990557,76.82743668556213,8.172563314437866
GSE40279,14,GSM990558,98.6700804233551,7.6700804233551025
GSE40279,14,GSM990559,86.0616819858551,1.0616819858551025
GSE40279,14,GSM990560,82.81399369239807,3.1860063076019287
GSE40279,14,GSM990561,84.74500107765198,10.745001077651978
GSE40279,14,GSM990563,87.91380143165588,0.9138014316558838
GSE40279,14,GSM990564,78.39095902442932,2.3909590244293213
GSE40279,14,GSM990565,75.56907486915588,5.430925130844116
GSE40279,14,GSM990566,64.93614029884338,5.936140298843384
GSE40279,14,GSM990567,75.82319474220276,2.823194742202759
GSE40279,14,GSM990569,85.33329606056213,0.3332960605621338
GSE40279,14,GSM990570,70.74074387550354,1.74074387550354
GSE40279,14,GSM990571,70.2942488193512,14.705751180648804
GSE40279,14,GSM990572,86.37064957618713,1.3706495761871338
GSE40279,14,GSM990573,87.67819046974182,3.6781904697418213
GSE40279,14,GSM990574,76.14509415626526,6.854905843734741
GSE40279,14,GSM990575,82.55356431007385,15.553564310073853
GSE40279,14,GSM990578,94.21374344825745,7.213743448257446
GSE40279,14,GSM990579,79.68285965919495,4.317140340805054
GSE40279,14,GSM990580,82.04897904396057,0.04897904396057129
GSE40279,14,GSM990581,88.58729386329651,4.412706136703491
GSE40279,14,GSM990583,86.03674149513245,6.036741495132446
GSE40279,14,GSM990584,82.41625809669495,5.583741903305054
GSE40279,14,GSM990585,72.61184525489807,0.6118452548980713
GSE40279,14,GSM990587,54.29653000831604,1.70346999168396
GSE40279,14,GSM990588,92.10148453712463,0.10148453712463379
GSE40279,14,GSM990589,80.49703812599182,2.4970381259918213
GSE40279,14,GSM990590,75.85744309425354,4.85744309425354
GSE40279,14,GSM990591,67.69999527931213,21.300004720687866
GSE40279,14,GSM990592,49.830618143081665,4.169381856918335
GSE40279,14,GSM990593,67.96372818946838,1.9637281894683838
GSE40279,14,GSM990594,81.88495469093323,6.8849546909332275
GSE40279,14,GSM990595,83.08937668800354,6.91062331199646
GSE40279,14,GSM990596,65.1393530368805,0.8606469631195068
GSE40279,14,GSM990597,90.08572220802307,13.085722208023071
GSE40279,14,GSM990598,83.35061478614807,1.3506147861480713
GSE40279,14,GSM990599,77.4658796787262,12.465879678726196
GSE40279,14,GSM990600,68.0039427280426,10.003942728042603
GSE40279,14,GSM990603,78.05485367774963,4.054853677749634
GSE40279,14,GSM990604,74.77519822120667,5.775198221206665
GSE40279,14,GSM990605,85.8075315952301,2.8075315952301025
GSE40279,14,GSM990606,87.68636918067932,4.686369180679321
GSE40279,14,GSM990607,91.62669205665588,21.626692056655884
GSE40279,14,GSM990608,81.21198868751526,17.21198868751526
GSE40279,14,GSM990609,77.49539017677307,27.49539017677307
GSE40279,14,GSM990610,101.13597702980042,27.135977029800415
GSE40279,14,GSM990611,71.49201798439026,2.492017984390259
GSE40279,14,GSM990612,97.16911149024963,11.169111490249634
GSE40279,14,GSM990613,66.5337507724762,0.5337507724761963
GSE40279,14,GSM990614,83.78532242774963,13.785322427749634
GSE40279,14,GSM990615,101.92757248878479,12.92757248878479
GSE40279,14,GSM990617,77.58314347267151,8.583143472671509
GSE40279,14,GSM990618,72.14684128761292,8.146841287612915
GSE40279,14,GSM990619,79.7326033115387,0.7326033115386963
GSE40279,14,GSM990620,86.57681107521057,5.423188924789429
GSE40279,14,GSM990621,81.48197770118713,11.481977701187134
GSE40279,14,GSM990622,85.66013169288635,8.660131692886353
GSE40279,14,GSM990623,86.79466080665588,8.794660806655884
GSE40279,14,GSM990624,80.52381730079651,9.523817300796509
GSE40279,14,GSM990625,81.77763199806213,13.777631998062134
GSE40279,14,GSM990626,67.96906876564026,6.969068765640259
GSE40279,14,GSM990627,77.56551957130432,4.565519571304321
GSE40279,15,GSM989827,61.19008445739746,5.809915542602539
GSE40279,15,GSM989828,88.8694896697998,0.1305103302001953
GSE40279,15,GSM989829,70.38747978210449,4.387479782104492
GSE40279,15,GSM989831,64.74869346618652,2.7486934661865234
GSE40279,15,GSM989832,71.43574333190918,15.56425666809082
GSE40279,15,GSM989833,64.16952323913574,8.830476760864258
GSE40279,15,GSM989834,74.9815502166748,0.018449783325195312
GSE40279,15,GSM989836,101.3222713470459,18.3222713470459
GSE40279,15,GSM989838,53.15958213806152,5.159582138061523
GSE40279,15,GSM989839,75.92591667175293,1.0740833282470703
GSE40279,15,GSM989840,56.41335105895996,2.413351058959961
GSE40279,15,GSM989843,79.38288688659668,11.38288688659668
GSE40279,15,GSM989846,70.34102439880371,10.341024398803711
GSE40279,15,GSM989847,85.12227439880371,6.122274398803711
GSE40279,15,GSM989848,78.03291130065918,10.03291130065918
GSE40279,15,GSM989850,84.9139232635498,0.9139232635498047
GSE40279,15,GSM989852,71.62846946716309,2.371530532836914
GSE40279,15,GSM989854,75.13043785095215,19.13043785095215
GSE40279,15,GSM989855,78.47601890563965,6.476018905639648
GSE40279,15,GSM989856,78.6128978729248,3.6128978729248047
GSE40279,15,GSM989857,86.89215660095215,7.892156600952148
GSE40279,15,GSM989859,77.23000144958496,4.769998550415039
GSE40279,15,GSM989861,92.46489524841309,13.464895248413086
GSE40279,15,GSM989862,61.9334774017334,7.933477401733398
GSE40279,15,GSM989865,74.12941551208496,9.870584487915039
GSE40279,15,GSM989868,80.05650901794434,6.056509017944336
GSE40279,15,GSM989869,61.8165340423584,15.183465957641602
GSE40279,15,GSM989871,82.02182579040527,4.978174209594727
GSE40279,15,GSM989873,80.67922782897949,7.320772171020508
GSE40279,15,GSM989874,67.21185111999512,1.2118511199951172
GSE40279,15,GSM989875,72.92555809020996,5.074441909790039
GSE40279,15,GSM989876,69.7581615447998,16.758161544799805
GSE40279,15,GSM989877,75.48017692565918,0.5198230743408203
GSE40279,15,GSM989880,64.66670799255371,10.666707992553711
GSE40279,15,GSM989881,75.3413143157959,2.3413143157958984
GSE40279,15,GSM989882,74.55109977722168,21.44890022277832
GSE40279,15,GSM989883,65.92895317077637,8.928953170776367
GSE40279,15,GSM989884,67.01421165466309,8.985788345336914
GSE40279,15,GSM989885,52.2126522064209,5.212652206420898
GSE40279,15,GSM989886,58.74144172668457,4.74144172668457
GSE40279,15,GSM989887,67.65521812438965,5.344781875610352
GSE40279,15,GSM989888,76.19537925720215,7.804620742797852
GSE40279,15,GSM989889,75.65466117858887,13.654661178588867
GSE40279,15,GSM989890,83.14589500427246,5.854104995727539
GSE40279,15,GSM989891,70.36696434020996,2.366964340209961
GSE40279,15,GSM989892,68.9995174407959,6.999517440795898
GSE40279,15,GSM989893,79.07843589782715,0.07843589782714844
GSE40279,15,GSM989894,69.42239952087402,2.5776004791259766
GSE40279,15,GSM989895,66.66202354431152,2.3379764556884766
GSE40279,15,GSM989896,53.326833724975586,1.673166275024414
GSE40279,15,GSM989898,78.25368309020996,0.7463169097900391
GSE40279,15,GSM989899,74.1055736541748,2.1055736541748047
GSE40279,15,GSM989900,83.92938804626465,5.070611953735352
GSE40279,15,GSM989902,72.21453666687012,12.785463333129883
GSE40279,15,GSM989903,73.91991233825684,5.919912338256836
GSE40279,15,GSM989904,93.85082054138184,4.850820541381836
GSE40279,15,GSM989905,82.28294944763184,9.282949447631836
GSE40279,15,GSM989906,65.50844383239746,2.508443832397461
GSE40279,15,GSM989907,71.49490928649902,6.505090713500977
GSE40279,15,GSM989911,90.25544548034668,5.25544548034668
GSE40279,15,GSM989914,75.63334465026855,1.6333446502685547
GSE40279,15,GSM989915,84.02821159362793,0.028211593627929688
GSE40279,15,GSM989917,60.81708335876465,11.817083358764648
GSE40279,15,GSM989918,80.72972679138184,11.729726791381836
GSE40279,15,GSM989919,78.64780235290527,15.647802352905273
GSE40279,15,GSM989920,73.24892234802246,7.248922348022461
GSE40279,15,GSM989921,84.37316703796387,0.6268329620361328
GSE40279,15,GSM989924,66.33644676208496,7.336446762084961
GSE40279,15,GSM989925,70.47598075866699,0.4759807586669922
GSE40279,15,GSM989926,74.15357780456543,9.15357780456543
GSE40279,15,GSM989927,77.17474174499512,9.174741744995117
GSE40279,15,GSM989928,86.19586753845215,2.1958675384521484
GSE40279,15,GSM989930,58.01403999328613,7.014039993286133
GSE40279,15,GSM989931,69.61180686950684,6.611806869506836
GSE40279,15,GSM989932,73.66961479187012,4.669614791870117
GSE40279,15,GSM989934,67.78555107116699,10.214448928833008
GSE40279,15,GSM989935,53.94929313659668,1.9492931365966797
GSE40279,15,GSM989936,56.48567771911621,7.485677719116211
GSE40279,15,GSM989937,67.30963706970215,14.309637069702148
GSE40279,15,GSM989938,66.78319358825684,7.783193588256836
GSE40279,15,GSM989939,70.55539512634277,8.555395126342773
GSE40279,15,GSM989941,78.32271385192871,10.322713851928711
GSE40279,15,GSM989942,75.54631614685059,1.546316146850586
GSE40279,15,GSM989943,61.40121269226074,2.401212692260742
GSE40279,15,GSM989944,79.05658531188965,3.0565853118896484
GSE40279,15,GSM989945,64.92342185974121,10.923421859741211
GSE40279,15,GSM989946,70.93676567077637,11.936765670776367
GSE40279,15,GSM989947,66.76820945739746,18.76820945739746
GSE40279,15,GSM989948,57.66444969177246,12.664449691772461
GSE40279,15,GSM989950,69.73115348815918,6.73115348815918
GSE40279,15,GSM989951,77.51908683776855,2.4809131622314453
GSE40279,15,GSM989952,66.37909507751465,6.379095077514648
GSE40279,15,GSM989953,79.8741512298584,8.874151229858398
GSE40279,15,GSM989954,72.96840476989746,5.968404769897461
GSE40279,15,GSM989955,66.2496166229248,16.249616622924805
GSE40279,15,GSM989956,80.89560508728027,5.104394912719727
GSE40279,15,GSM989957,73.07494163513184,3.074941635131836
GSE40279,15,GSM989958,60.25808525085449,6.258085250854492
GSE40279,15,GSM989961,59.699235916137695,1.6992359161376953
GSE40279,15,GSM989962,64.05104637145996,6.051046371459961
GSE40279,15,GSM989963,66.19334983825684,2.193349838256836
GSE40279,15,GSM989964,76.10733604431152,3.1073360443115234
GSE40279,15,GSM989965,52.34796714782715,3.3479671478271484
GSE40279,15,GSM989966,54.809282302856445,1.1907176971435547
GSE40279,15,GSM989968,53.22805595397949,5.228055953979492
GSE40279,15,GSM989969,76.94394493103027,4.056055068969727
GSE40279,15,GSM989971,63.260427474975586,2.260427474975586
GSE40279,15,GSM989972,59.28598213195801,9.285982131958008
GSE40279,15,GSM989973,63.73419761657715,5.265802383422852
GSE40279,15,GSM989975,45.94729423522949,1.0527057647705078
GSE40279,15,GSM989976,59.835195541381836,16.835195541381836
GSE40279,15,GSM989977,59.57461357116699,4.574613571166992
GSE40279,15,GSM989978,60.46908378601074,6.469083786010742
GSE40279,15,GSM989979,65.18054008483887,7.180540084838867
GSE40279,15,GSM989980,48.54724311828613,14.547243118286133
GSE40279,15,GSM989981,67.85719108581543,2.8571910858154297
GSE40279,15,GSM989982,59.466054916381836,7.466054916381836
GSE40279,15,GSM989983,44.67057228088379,12.670572280883789
GSE40279,15,GSM989984,57.04957389831543,10.04957389831543
GSE40279,15,GSM989985,69.95499229431152,15.954992294311523
GSE40279,15,GSM989987,47.13580894470215,19.13580894470215
GSE40279,15,GSM989988,70.30621910095215,16.30621910095215
GSE40279,15,GSM989989,69.73605155944824,10.736051559448242
GSE40279,15,GSM989991,58.41351890563965,8.413518905639648
GSE40279,15,GSM989992,36.41529655456543,6.41529655456543
GSE40279,15,GSM989993,61.35153007507324,11.351530075073242
GSE40279,15,GSM989994,61.52988624572754,14.529886245727539
GSE40279,15,GSM989995,63.312307357788086,16.312307357788086
GSE40279,15,GSM989996,44.64842414855957,11.64842414855957
GSE40279,15,GSM989997,47.1943416595459,9.194341659545898
GSE40279,15,GSM989998,45.57846641540527,10.578466415405273
GSE40279,15,GSM990000,72.77711296081543,7.22288703918457
GSE40279,15,GSM990001,85.82964897155762,0.1703510284423828
GSE40279,15,GSM990002,72.25705528259277,1.2570552825927734
GSE40279,15,GSM990003,69.12495994567871,7.875040054321289
GSE40279,15,GSM990004,72.76531791687012,5.765317916870117
GSE40279,15,GSM990005,76.91090202331543,7.08909797668457
GSE40279,15,GSM990006,76.79385948181152,3.2061405181884766
GSE40279,15,GSM990007,69.67877006530762,0.3212299346923828
GSE40279,15,GSM990009,62.78252983093262,0.2174701690673828
GSE40279,15,GSM990010,68.51614189147949,1.4838581085205078
GSE40279,15,GSM990012,72.74234580993652,5.742345809936523
GSE40279,15,GSM990014,57.458791732788086,12.541208267211914
GSE40279,15,GSM990015,80.20812034606934,6.208120346069336
GSE40279,15,GSM990016,75.77141380310059,2.771413803100586
GSE40279,15,GSM990017,70.20177268981934,6.798227310180664
GSE40279,15,GSM990018,89.57418632507324,9.574186325073242
GSE40279,15,GSM990019,76.72631645202637,10.726316452026367
GSE40279,15,GSM990021,83.03523826599121,7.035238265991211
GSE40279,15,GSM990022,71.5997371673584,6.400262832641602
GSE40279,15,GSM990023,81.49002647399902,0.5099735260009766
GSE40279,15,GSM990024,78.17333030700684,2.173330307006836
GSE40279,15,GSM990025,68.29295921325684,2.707040786743164
GSE40279,15,GSM990026,73.26393699645996,8.736063003540039
GSE40279,15,GSM990027,87.01347160339355,4.013471603393555
GSE40279,15,GSM990028,70.81297874450684,8.187021255493164
GSE40279,15,GSM990029,68.39928245544434,6.600717544555664
GSE40279,15,GSM990031,60.49777030944824,3.502229690551758
GSE40279,15,GSM990033,90.19889640808105,1.8011035919189453
GSE40279,15,GSM990034,79.4559154510498,5.455915451049805
GSE40279,15,GSM990035,70.83831596374512,1.8383159637451172
GSE40279,15,GSM990036,78.64217185974121,1.357828140258789
GSE40279,15,GSM990039,84.49515342712402,3.4951534271240234
GSE40279,15,GSM990041,72.85143089294434,3.851430892944336
GSE40279,15,GSM990042,73.59020042419434,0.5902004241943359
GSE40279,15,GSM990045,61.43542289733887,6.564577102661133
GSE40279,15,GSM990046,81.50134086608887,12.501340866088867
GSE40279,15,GSM990049,77.12126731872559,3.878732681274414
GSE40279,15,GSM990050,61.27633476257324,9.723665237426758
GSE40279,15,GSM990051,68.61665916442871,2.383340835571289
GSE40279,15,GSM990052,75.3934383392334,0.39343833923339844
GSE40279,15,GSM990053,54.46114921569824,5.538850784301758
GSE40279,15,GSM990054,71.83625602722168,5.16374397277832
GSE40279,15,GSM990055,77.65485191345215,7.345148086547852
GSE40279,15,GSM990056,68.15083885192871,1.849161148071289
GSE40279,15,GSM990057,64.3482494354248,2.3482494354248047
GSE40279,15,GSM990058,68.51070213317871,0.48929786682128906
GSE40279,15,GSM990059,68.3305721282959,4.669427871704102
GSE40279,15,GSM990060,75.44209861755371,2.442098617553711
GSE40279,15,GSM990061,70.05375480651855,3.9462451934814453
GSE40279,15,GSM990062,70.09542655944824,2.904573440551758
GSE40279,15,GSM990063,78.74017906188965,7.259820938110352
GSE40279,15,GSM990066,77.79704856872559,2.797048568725586
GSE40279,15,GSM990068,55.47293281555176,11.527067184448242
GSE40279,15,GSM990070,51.07155418395996,3.071554183959961
GSE40279,15,GSM990072,62.35973930358887,14.359739303588867
GSE40279,15,GSM990075,55.48816108703613,9.488161087036133
GSE40279,15,GSM990076,55.57330513000488,4.426694869995117
GSE40279,15,GSM990077,51.61836051940918,11.61836051940918
GSE40279,15,GSM990079,50.06855583190918,9.06855583190918
GSE40279,15,GSM990080,50.18527793884277,2.8147220611572266
GSE40279,15,GSM990081,57.47027397155762,9.470273971557617
GSE40279,15,GSM990082,69.93668174743652,1.0633182525634766
GSE40279,15,GSM990083,57.46716499328613,5.467164993286133
GSE40279,15,GSM990084,57.241567611694336,6.758432388305664
GSE40279,15,GSM990085,49.320634841918945,1.3206348419189453
GSE40279,15,GSM990086,50.9240779876709,4.075922012329102
GSE40279,15,GSM990087,72.0874080657959,4.087408065795898
GSE40279,15,GSM990088,53.675424575805664,7.675424575805664
GSE40279,15,GSM990089,65.05883598327637,1.0588359832763672
GSE40279,15,GSM990090,53.81574821472168,3.1842517852783203
GSE40279,15,GSM990091,48.705862045288086,3.705862045288086
GSE40279,15,GSM990094,72.70162773132324,12.701627731323242
GSE40279,15,GSM990095,54.95913505554199,3.959135055541992
GSE40279,15,GSM990096,36.10548210144043,36.89451789855957
GSE40279,15,GSM990097,52.51502799987793,14.51502799987793
GSE40279,15,GSM990099,70.26618003845215,6.266180038452148
GSE40279,15,GSM990100,61.59016227722168,3.5901622772216797
GSE40279,15,GSM990101,46.3966007232666,3.3966007232666016
GSE40279,15,GSM990102,39.51452445983887,1.5145244598388672
GSE40279,15,GSM990103,54.08511161804199,0.08511161804199219
GSE40279,15,GSM990104,71.24026298522949,1.2402629852294922
GSE40279,15,GSM990106,65.26545524597168,3.2654552459716797
GSE40279,15,GSM990107,49.1125545501709,1.8874454498291016
GSE40279,15,GSM990108,45.34414100646973,4.344141006469727
GSE40279,15,GSM990109,45.77039909362793,7.22960090637207
GSE40279,15,GSM990110,57.38303184509277,7.616968154907227
GSE40279,15,GSM990111,51.74550437927246,1.745504379272461
GSE40279,15,GSM990112,57.498769760131836,2.498769760131836
GSE40279,15,GSM990113,59.19677925109863,2.803220748901367
GSE40279,15,GSM990114,60.1146297454834,0.8853702545166016
GSE40279,15,GSM990115,45.90528678894043,7.90528678894043
GSE40279,15,GSM990117,69.36107444763184,5.361074447631836
GSE40279,15,GSM990118,46.05606651306152,10.943933486938477
GSE40279,15,GSM990119,56.72316932678223,0.27683067321777344
GSE40279,15,GSM990120,48.872236251831055,0.1277637481689453
GSE40279,15,GSM990121,57.91180229187012,6.088197708129883
GSE40279,15,GSM990122,47.600778579711914,18.399221420288086
GSE40279,15,GSM990268,50.097909927368164,1.902090072631836
GSE40279,15,GSM990269,55.12170219421387,12.121702194213867
GSE40279,15,GSM990271,52.93869590759277,1.9386959075927734
GSE40279,15,GSM990272,53.76879692077637,4.231203079223633
GSE40279,15,GSM990273,53.289533615112305,9.710466384887695
GSE40279,15,GSM990274,50.96854209899902,4.031457901000977
GSE40279,15,GSM990275,49.71072959899902,0.28927040100097656
GSE40279,15,GSM990276,68.69788932800293,11.69788932800293
GSE40279,15,GSM990277,29.152536392211914,3.847463607788086
GSE40279,15,GSM990278,53.72761344909668,7.72761344909668
GSE40279,15,GSM990279,46.49633598327637,0.4963359832763672
GSE40279,15,GSM990281,53.59315299987793,1.4068470001220703
GSE40279,15,GSM990282,41.40167045593262,22.598329544067383
GSE40279,15,GSM990283,39.47541618347168,6.52458381652832
GSE40279,15,GSM990284,56.84765434265137,9.152345657348633
GSE40279,15,GSM990285,42.84637260437012,4.153627395629883
GSE40279,15,GSM990286,41.74463081359863,16.255369186401367
GSE40279,15,GSM990287,56.972246170043945,4.027753829956055
GSE40279,15,GSM990288,37.13831901550293,10.86168098449707
GSE40279,15,GSM990289,39.255659103393555,5.744340896606445
GSE40279,15,GSM990290,53.270742416381836,8.729257583618164
GSE40279,15,GSM990291,45.63598823547363,4.364011764526367
GSE40279,15,GSM990292,31.46925926208496,2.530740737915039
GSE40279,15,GSM990293,54.10153388977051,9.898466110229492
GSE40279,15,GSM990294,45.39944648742676,9.600553512573242
GSE40279,15,GSM990295,49.89132499694824,1.8913249969482422
GSE40279,15,GSM990297,55.545000076293945,8.454999923706055
GSE40279,15,GSM990298,52.568227767944336,5.431772232055664
GSE40279,15,GSM990299,34.282766342163086,2.717233657836914
GSE40279,15,GSM990300,54.65882682800293,5.34117317199707
GSE40279,15,GSM990301,54.06533241271973,8.934667587280273
GSE40279,15,GSM990302,48.45456504821777,10.545434951782227
GSE40279,15,GSM990303,45.42714500427246,8.572854995727539
GSE40279,15,GSM990304,51.69426918029785,8.305730819702148
GSE40279,15,GSM990305,47.243581771850586,3.756418228149414
GSE40279,15,GSM990306,63.7310848236084,0.7310848236083984
GSE40279,15,GSM990307,55.75862693786621,8.241373062133789
GSE40279,15,GSM990309,51.36382484436035,7.363824844360352
GSE40279,15,GSM990311,57.350969314575195,8.649030685424805
GSE40279,15,GSM990313,51.86410331726074,9.135896682739258
GSE40279,15,GSM990314,51.857980728149414,0.14201927185058594
GSE40279,15,GSM990315,60.46537208557129,0.5346279144287109
GSE40279,15,GSM990318,40.78408622741699,11.215913772583008
GSE40279,15,GSM990319,47.375200271606445,7.624799728393555
GSE40279,15,GSM990320,61.291826248168945,2.2918262481689453
GSE40279,15,GSM990321,51.13205528259277,7.867944717407227
GSE40279,15,GSM990323,46.04767417907715,0.04767417907714844
GSE40279,15,GSM990324,31.40241813659668,0.4024181365966797
GSE40279,15,GSM990325,56.88263511657715,1.8826351165771484
GSE40279,15,GSM990326,42.183759689331055,10.816240310668945
GSE40279,15,GSM990327,44.5145320892334,2.5145320892333984
GSE40279,15,GSM990329,46.15998649597168,3.8400135040283203
GSE40279,15,GSM990330,46.59903526306152,5.400964736938477
GSE40279,15,GSM990331,38.936838150024414,6.063161849975586
GSE40279,15,GSM990332,50.93621253967285,14.063787460327148
GSE40279,15,GSM990333,42.33718681335449,16.662813186645508
GSE40279,15,GSM990334,56.83941841125488,1.1605815887451172
GSE40279,15,GSM990335,60.42567253112793,3.5743274688720703
GSE40279,15,GSM990336,47.92058753967285,13.079412460327148
GSE40279,15,GSM990337,52.25613212585449,14.743867874145508
GSE40279,15,GSM990338,56.42740058898926,2.572599411010742
GSE40279,15,GSM990339,47.3276424407959,10.672357559204102
GSE40279,15,GSM990340,43.40530967712402,10.594690322875977
GSE40279,15,GSM990341,52.57183265686035,4.428167343139648
GSE40279,15,GSM990342,53.69513511657715,6.304864883422852
GSE40279,15,GSM990343,43.320173263549805,6.679826736450195
GSE40279,15,GSM990346,42.041189193725586,1.958810806274414
GSE40279,15,GSM990347,55.304433822631836,6.695566177368164
GSE40279,15,GSM990348,66.94425773620605,9.055742263793945
GSE40279,15,GSM990350,44.146684646606445,1.8533153533935547
GSE40279,15,GSM990352,51.89522361755371,7.104776382446289
GSE40279,15,GSM990353,49.115278244018555,2.8847217559814453
GSE40279,15,GSM990354,35.682233810424805,14.317766189575195
GSE40279,15,GSM990355,37.07855796813965,7.921442031860352
GSE40279,15,GSM990356,45.222246170043945,6.777753829956055
GSE40279,15,GSM990357,45.07297325134277,8.927026748657227
GSE40279,15,GSM990358,61.77937126159668,0.2206287384033203
GSE40279,15,GSM990360,52.55145835876465,10.448541641235352
GSE40279,15,GSM990363,57.99985313415527,7.000146865844727
GSE40279,15,GSM990364,53.734670639038086,10.265329360961914
GSE40279,15,GSM990365,48.902090072631836,8.097909927368164
GSE40279,15,GSM990366,57.6995906829834,5.300409317016602
GSE40279,15,GSM990369,40.040964126586914,2.040964126586914
GSE40279,15,GSM990371,52.53948402404785,6.460515975952148
GSE40279,15,GSM990372,55.00700569152832,2.9929943084716797
GSE40279,15,GSM990373,39.41622734069824,1.5837726593017578
GSE40279,15,GSM990375,26.4372615814209,0.43726158142089844
GSE40279,15,GSM990376,52.55630683898926,8.443693161010742
GSE40279,15,GSM990377,60.16016960144043,4.16016960144043
GSE40279,15,GSM990378,50.74213218688965,15.257867813110352
GSE40279,15,GSM990379,54.6171932220459,7.382806777954102
GSE40279,15,GSM990381,50.25115776062012,4.748842239379883
GSE40279,15,GSM990382,48.590681076049805,12.409318923950195
GSE40279,15,GSM990383,59.05386543273926,1.0538654327392578
GSE40279,15,GSM990385,50.870431900024414,12.129568099975586
GSE40279,15,GSM990386,55.801408767700195,3.1985912322998047
GSE40279,15,GSM990387,54.48028373718262,6.519716262817383
GSE40279,15,GSM990388,57.553606033325195,8.446393966674805
GSE40279,15,GSM990389,54.54861640930176,10.451383590698242
GSE40279,15,GSM990390,52.89589500427246,5.104104995727539
GSE40279,15,GSM990391,41.46921730041504,1.530782699584961
GSE40279,15,GSM990392,47.456438064575195,7.543561935424805
GSE40279,15,GSM990394,50.38980293273926,0.3898029327392578
GSE40279,15,GSM990395,40.08630180358887,5.913698196411133
GSE40279,15,GSM990396,52.72450828552246,1.275491714477539
GSE40279,15,GSM990397,76.32232475280762,3.677675247192383
GSE40279,15,GSM990398,69.07225608825684,13.927743911743164
GSE40279,15,GSM990399,73.52270317077637,3.477296829223633
GSE40279,15,GSM990400,71.7006893157959,4.299310684204102
GSE40279,15,GSM990403,62.18499565124512,19.815004348754883
GSE40279,15,GSM990404,41.293691635131836,16.706308364868164
GSE40279,15,GSM990405,61.58322334289551,4.416776657104492
GSE40279,15,GSM990406,57.71560096740723,27.284399032592773
GSE40279,15,GSM990407,64.63397026062012,1.3660297393798828
GSE40279,15,GSM990408,63.48445701599121,5.515542984008789
GSE40279,15,GSM990409,65.38301658630371,18.61698341369629
GSE40279,15,GSM990410,74.7482967376709,4.251703262329102
GSE40279,15,GSM990411,59.05274772644043,4.94725227355957
GSE40279,15,GSM990412,62.52259635925293,15.47740364074707
GSE40279,15,GSM990413,51.332475662231445,1.6675243377685547
GSE40279,15,GSM990414,55.94335746765137,3.056642532348633
GSE40279,15,GSM990416,63.769399642944336,2.769399642944336
GSE40279,15,GSM990418,58.55325126647949,10.446748733520508
GSE40279,15,GSM990419,61.79701805114746,1.797018051147461
GSE40279,15,GSM990420,55.36625862121582,9.63374137878418
GSE40279,15,GSM990421,79.63017845153809,9.369821548461914
GSE40279,15,GSM990422,46.78561210632324,27.214387893676758
GSE40279,15,GSM990423,64.76241111755371,16.23758888244629
GSE40279,15,GSM990424,72.1085262298584,4.108526229858398
GSE40279,15,GSM990425,61.56310844421387,6.436891555786133
GSE40279,15,GSM990426,60.95880699157715,4.041193008422852
GSE40279,15,GSM990427,77.83798027038574,12.162019729614258
GSE40279,15,GSM990429,73.99592399597168,5.00407600402832
GSE40279,15,GSM990430,61.17553520202637,4.175535202026367
GSE40279,15,GSM990431,56.340993881225586,19.659006118774414
GSE40279,15,GSM990432,75.25226402282715,3.7477359771728516
GSE40279,15,GSM990433,39.69093132019043,9.30906867980957
GSE40279,15,GSM990434,78.28995323181152,13.710046768188477
GSE40279,15,GSM990435,59.90546226501465,6.094537734985352
GSE40279,15,GSM990436,57.45121955871582,1.5487804412841797
GSE40279,15,GSM990437,57.69137763977051,18.308622360229492
GSE40279,15,GSM990438,58.04145622253418,2.0414562225341797
GSE40279,15,GSM990439,51.85256767272949,0.1474323272705078
GSE40279,15,GSM990440,58.093740463256836,6.906259536743164
GSE40279,15,GSM990441,67.01139640808105,5.988603591918945
GSE40279,15,GSM990442,73.18287467956543,8.18287467956543
GSE40279,15,GSM990443,80.74051475524902,3.2594852447509766
GSE40279,15,GSM990445,74.7006893157959,3.2993106842041016
GSE40279,15,GSM990446,56.16666221618652,3.1666622161865234
GSE40279,15,GSM990447,76.8409252166748,8.840925216674805
GSE40279,15,GSM990448,46.95581245422363,5.044187545776367
GSE40279,15,GSM990449,59.77020072937012,12.229799270629883
GSE40279,15,GSM990450,56.75722694396973,8.757226943969727
GSE40279,15,GSM990451,53.02258110046387,6.977418899536133
GSE40279,15,GSM990452,86.76479148864746,25.76479148864746
GSE40279,15,GSM990453,62.550466537475586,6.449533462524414
GSE40279,15,GSM990454,69.77602195739746,11.223978042602539
GSE40279,15,GSM990455,70.63381004333496,14.633810043334961
GSE40279,15,GSM990456,76.06424522399902,2.9357547760009766
GSE40279,15,GSM990457,73.36449241638184,8.635507583618164
GSE40279,15,GSM990458,54.48470115661621,3.515298843383789
GSE40279,15,GSM990459,58.225202560424805,16.774797439575195
GSE40279,15,GSM990462,83.34752464294434,13.347524642944336
GSE40279,15,GSM990463,66.44820213317871,10.551797866821289
GSE40279,15,GSM990464,52.318655014038086,3.681344985961914
GSE40279,15,GSM990465,58.346975326538086,8.653024673461914
GSE40279,15,GSM990466,74.60895347595215,1.3910465240478516
GSE40279,15,GSM990467,82.29649925231934,6.703500747680664
GSE40279,15,GSM990468,50.006765365600586,18.993234634399414
GSE40279,15,GSM990470,68.32287406921387,11.677125930786133
GSE40279,15,GSM990471,75.60025596618652,0.39974403381347656
GSE40279,15,GSM990473,51.34162712097168,9.65837287902832
GSE40279,15,GSM990474,44.779592514038086,7.220407485961914
GSE40279,15,GSM990475,63.12019157409668,5.87980842590332
GSE40279,15,GSM990477,61.78600883483887,7.213991165161133
GSE40279,15,GSM990478,51.62309455871582,13.37690544128418
GSE40279,15,GSM990479,41.60011863708496,3.399881362915039
GSE40279,15,GSM990481,61.05377006530762,14.946229934692383
GSE40279,15,GSM990482,66.96572685241699,9.034273147583008
GSE40279,15,GSM990484,63.49796104431152,7.502038955688477
GSE40279,15,GSM990485,39.00684928894043,12.99315071105957
GSE40279,15,GSM990486,82.80414390563965,1.1958560943603516
GSE40279,15,GSM990487,53.373552322387695,3.6264476776123047
GSE40279,15,GSM990488,64.13079643249512,3.869203567504883
GSE40279,15,GSM990489,68.42268943786621,5.577310562133789
GSE40279,15,GSM990490,34.431535720825195,1.4315357208251953
GSE40279,15,GSM990492,62.02862358093262,10.971376419067383
GSE40279,15,GSM990494,49.507551193237305,22.492448806762695
GSE40279,15,GSM990495,70.29881858825684,7.701181411743164
GSE40279,15,GSM990496,52.172563552856445,15.827436447143555
GSE40279,15,GSM990497,51.65442085266113,0.3455791473388672
GSE40279,15,GSM990498,49.94645118713379,14.053548812866211
GSE40279,15,GSM990499,35.75128364562988,8.751283645629883
GSE40279,15,GSM990500,38.86702919006348,9.867029190063477
GSE40279,15,GSM990501,51.493825912475586,7.493825912475586
GSE40279,15,GSM990502,41.744855880737305,0.7448558807373047
GSE40279,15,GSM990503,47.525808334350586,2.525808334350586
GSE40279,15,GSM990504,29.099811553955078,2.099811553955078
GSE40279,15,GSM990505,53.82930564880371,5.829305648803711
GSE40279,15,GSM990506,55.8073787689209,0.19262123107910156
GSE40279,15,GSM990507,42.95434379577637,8.954343795776367
GSE40279,15,GSM990508,52.48685264587402,16.513147354125977
GSE40279,15,GSM990509,37.440664291381836,18.559335708618164
GSE40279,15,GSM990510,37.63644981384277,9.363550186157227
GSE40279,15,GSM990512,53.98370933532715,6.016290664672852
GSE40279,15,GSM990514,55.9322566986084,4.067743301391602
GSE40279,15,GSM990516,47.376760482788086,7.623239517211914
GSE40279,15,GSM990517,33.309614181518555,1.3096141815185547
GSE40279,15,GSM990518,22.243148803710938,0.7568511962890625
GSE40279,15,GSM990519,33.26700401306152,9.732995986938477
GSE40279,15,GSM990520,33.31976127624512,13.680238723754883
GSE40279,15,GSM990521,41.96764945983887,2.032350540161133
GSE40279,15,GSM990522,37.63488578796387,0.6348857879638672
GSE40279,15,GSM990523,27.58418846130371,0.5841884613037109
GSE40279,15,GSM990525,33.42733573913574,5.427335739135742
GSE40279,15,GSM990526,57.627065658569336,6.627065658569336
GSE40279,15,GSM990528,29.143014907836914,10.143014907836914
GSE40279,15,GSM990529,51.42622947692871,7.426229476928711
GSE40279,15,GSM990530,63.757856369018555,14.757856369018555
GSE40279,15,GSM990532,46.58895683288574,2.588956832885742
GSE40279,15,GSM990533,62.896657943725586,0.8966579437255859
GSE40279,15,GSM990534,40.51946830749512,10.519468307495117
GSE40279,15,GSM990536,33.12094688415527,2.8790531158447266
GSE40279,15,GSM990537,32.224618911743164,7.224618911743164
GSE40279,15,GSM990538,44.080617904663086,8.080617904663086
GSE40279,15,GSM990539,27.781103134155273,6.781103134155273
GSE40279,15,GSM990540,50.34207725524902,10.342077255249023
GSE40279,15,GSM990541,34.65903282165527,12.659032821655273
GSE40279,15,GSM990542,39.59905815124512,3.599058151245117
GSE40279,15,GSM990543,65.1197566986084,7.119756698608398
GSE40279,15,GSM990544,81.09554862976074,1.9044513702392578
GSE40279,15,GSM990548,71.50566673278809,5.505666732788086
GSE40279,15,GSM990550,63.77065086364746,18.22934913635254
GSE40279,15,GSM990551,74.65299797058105,1.6529979705810547
GSE40279,15,GSM990552,73.9184627532959,3.0815372467041016
GSE40279,15,GSM990553,80.42613792419434,0.42613792419433594
GSE40279,15,GSM990554,62.52461814880371,16.47538185119629
GSE40279,15,GSM990555,71.44370079040527,1.5562992095947266
GSE40279,15,GSM990557,72.67705345153809,12.322946548461914
GSE40279,15,GSM990558,94.51969718933105,3.5196971893310547
GSE40279,15,GSM990559,81.91129875183105,3.0887012481689453
GSE40279,15,GSM990560,78.66361045837402,7.336389541625977
GSE40279,15,GSM990561,80.59461784362793,6.59461784362793
GSE40279,15,GSM990563,83.76341819763184,3.236581802368164
GSE40279,15,GSM990564,74.24057579040527,1.7594242095947266
GSE40279,15,GSM990565,71.41869163513184,9.581308364868164
GSE40279,15,GSM990566,60.785757064819336,1.785757064819336
GSE40279,15,GSM990567,71.67281150817871,1.327188491821289
GSE40279,15,GSM990569,81.18291282653809,3.817087173461914
GSE40279,15,GSM990570,66.59036064147949,2.409639358520508
GSE40279,15,GSM990571,66.14386558532715,18.85613441467285
GSE40279,15,GSM990572,82.22026634216309,2.779733657836914
GSE40279,15,GSM990573,83.52780723571777,0.47219276428222656
GSE40279,15,GSM990574,71.99471092224121,11.005289077758789
GSE40279,15,GSM990575,78.4031810760498,11.403181076049805
GSE40279,15,GSM990578,90.0633602142334,3.0633602142333984
GSE40279,15,GSM990579,75.5324764251709,8.467523574829102
GSE40279,15,GSM990580,77.89859580993652,4.101404190063477
GSE40279,15,GSM990581,84.43691062927246,8.563089370727539
GSE40279,15,GSM990583,81.8863582611084,1.8863582611083984
GSE40279,15,GSM990584,78.2658748626709,9.734125137329102
GSE40279,15,GSM990585,68.46146202087402,3.5385379791259766
GSE40279,15,GSM990587,50.14614677429199,5.853853225708008
GSE40279,15,GSM990588,87.95110130310059,4.048898696899414
GSE40279,15,GSM990589,76.34665489196777,1.6533451080322266
GSE40279,15,GSM990590,71.70705986022949,0.7070598602294922
GSE40279,15,GSM990591,63.549612045288086,25.450387954711914
GSE40279,15,GSM990592,45.68023490905762,8.319765090942383
GSE40279,15,GSM990593,63.813344955444336,2.186655044555664
GSE40279,15,GSM990594,77.73457145690918,2.7345714569091797
GSE40279,15,GSM990595,78.93899345397949,11.061006546020508
GSE40279,15,GSM990596,60.988969802856445,5.011030197143555
GSE40279,15,GSM990597,85.93533897399902,8.935338973999023
GSE40279,15,GSM990598,79.20023155212402,2.7997684478759766
GSE40279,15,GSM990599,73.31549644470215,8.315496444702148
GSE40279,15,GSM990600,63.853559494018555,5.853559494018555
GSE40279,15,GSM990603,73.90447044372559,0.09552955627441406
GSE40279,15,GSM990604,70.62481498718262,1.6248149871826172
GSE40279,15,GSM990605,81.65714836120605,1.3428516387939453
GSE40279,15,GSM990606,83.53598594665527,0.5359859466552734
GSE40279,15,GSM990607,87.47630882263184,17.476308822631836
GSE40279,15,GSM990608,77.06160545349121,13.061605453491211
GSE40279,15,GSM990609,73.34500694274902,23.345006942749023
GSE40279,15,GSM990610,96.98559379577637,22.985593795776367
GSE40279,15,GSM990611,67.34163475036621,1.658365249633789
GSE40279,15,GSM990612,93.01872825622559,7.018728256225586
GSE40279,15,GSM990613,62.38336753845215,3.6166324615478516
GSE40279,15,GSM990614,79.63493919372559,9.634939193725586
GSE40279,15,GSM990615,97.77718925476074,8.777189254760742
GSE40279,15,GSM990617,73.43276023864746,4.432760238647461
GSE40279,15,GSM990618,67.99645805358887,3.996458053588867
GSE40279,15,GSM990619,75.58222007751465,3.4177799224853516
GSE40279,15,GSM990620,82.42642784118652,9.573572158813477
GSE40279,15,GSM990621,77.33159446716309,7.331594467163086
GSE40279,15,GSM990622,81.5097484588623,4.509748458862305
GSE40279,15,GSM990623,82.64427757263184,4.644277572631836
GSE40279,15,GSM990624,76.37343406677246,5.373434066772461
GSE40279,15,GSM990625,77.62724876403809,9.627248764038086
GSE40279,15,GSM990626,63.81868553161621,2.818685531616211
GSE40279,15,GSM990627,73.41513633728027,0.41513633728027344
GSE40279,16,GSM989827,63.05086660385132,3.9491333961486816
GSE40279,16,GSM989828,90.73027181625366,1.730271816253662
GSE40279,16,GSM989829,72.24826192855835,6.24826192855835
GSE40279,16,GSM989831,66.60947561264038,4.609475612640381
GSE40279,16,GSM989832,73.29652547836304,13.703474521636963
GSE40279,16,GSM989833,66.0303053855896,6.9696946144104
GSE40279,16,GSM989834,76.84233236312866,1.842332363128662
GSE40279,16,GSM989836,103.18305349349976,20.183053493499756
GSE40279,16,GSM989838,55.02036428451538,7.020364284515381
GSE40279,16,GSM989839,77.78669881820679,0.7866988182067871
GSE40279,16,GSM989840,58.27413320541382,4.274133205413818
GSE40279,16,GSM989843,81.24366903305054,13.243669033050537
GSE40279,16,GSM989846,72.20180654525757,12.201806545257568
GSE40279,16,GSM989847,86.98305654525757,7.983056545257568
GSE40279,16,GSM989848,79.89369344711304,11.893693447113037
GSE40279,16,GSM989850,86.77470541000366,2.774705410003662
GSE40279,16,GSM989852,73.48925161361694,0.5107483863830566
GSE40279,16,GSM989854,76.991219997406,20.991219997406006
GSE40279,16,GSM989855,80.3368010520935,8.336801052093506
GSE40279,16,GSM989856,80.47368001937866,5.473680019378662
GSE40279,16,GSM989857,88.752938747406,9.752938747406006
GSE40279,16,GSM989859,79.09078359603882,2.9092164039611816
GSE40279,16,GSM989861,94.32567739486694,15.325677394866943
GSE40279,16,GSM989862,63.794259548187256,9.794259548187256
GSE40279,16,GSM989865,75.99019765853882,8.009802341461182
GSE40279,16,GSM989868,81.9172911643982,7.917291164398193
GSE40279,16,GSM989869,63.677316188812256,13.322683811187744
GSE40279,16,GSM989871,83.88260793685913,3.117392063140869
GSE40279,16,GSM989873,82.54000997543335,5.45999002456665
GSE40279,16,GSM989874,69.07263326644897,3.0726332664489746
GSE40279,16,GSM989875,74.78634023666382,3.2136597633361816
GSE40279,16,GSM989876,71.61894369125366,18.618943691253662
GSE40279,16,GSM989877,77.34095907211304,1.340959072113037
GSE40279,16,GSM989880,66.52749013900757,12.527490139007568
GSE40279,16,GSM989881,77.20209646224976,4.202096462249756
GSE40279,16,GSM989882,76.41188192367554,19.588118076324463
GSE40279,16,GSM989883,67.78973531723022,10.789735317230225
GSE40279,16,GSM989884,68.87499380111694,7.125006198883057
GSE40279,16,GSM989885,54.073434352874756,7.073434352874756
GSE40279,16,GSM989886,60.60222387313843,6.602223873138428
GSE40279,16,GSM989887,69.5160002708435,3.483999729156494
GSE40279,16,GSM989888,78.056161403656,5.943838596343994
GSE40279,16,GSM989889,77.51544332504272,15.515443325042725
GSE40279,16,GSM989890,85.00667715072632,3.9933228492736816
GSE40279,16,GSM989891,72.22774648666382,4.227746486663818
GSE40279,16,GSM989892,70.86029958724976,8.860299587249756
GSE40279,16,GSM989893,80.939218044281,1.9392180442810059
GSE40279,16,GSM989894,71.28318166732788,0.7168183326721191
GSE40279,16,GSM989895,68.52280569076538,0.47719430923461914
GSE40279,16,GSM989896,55.18761587142944,0.18761587142944336
GSE40279,16,GSM989898,80.11446523666382,1.1144652366638184
GSE40279,16,GSM989899,75.96635580062866,3.966355800628662
GSE40279,16,GSM989900,85.7901701927185,3.209829807281494
GSE40279,16,GSM989902,74.07531881332397,10.924681186676025
GSE40279,16,GSM989903,75.7806944847107,7.780694484710693
GSE40279,16,GSM989904,95.7116026878357,6.711602687835693
GSE40279,16,GSM989905,84.1437315940857,11.143731594085693
GSE40279,16,GSM989906,67.36922597885132,4.369225978851318
GSE40279,16,GSM989907,73.35569143295288,4.644308567047119
GSE40279,16,GSM989911,92.11622762680054,7.116227626800537
GSE40279,16,GSM989914,77.49412679672241,3.494126796722412
GSE40279,16,GSM989915,85.88899374008179,1.888993740081787
GSE40279,16,GSM989917,62.677865505218506,13.677865505218506
GSE40279,16,GSM989918,82.5905089378357,13.590508937835693
GSE40279,16,GSM989919,80.50858449935913,17.50858449935913
GSE40279,16,GSM989920,75.10970449447632,9.109704494476318
GSE40279,16,GSM989921,86.23394918441772,1.2339491844177246
GSE40279,16,GSM989924,68.19722890853882,9.197228908538818
GSE40279,16,GSM989925,72.33676290512085,2.3367629051208496
GSE40279,16,GSM989926,76.01435995101929,11.014359951019287
GSE40279,16,GSM989927,79.03552389144897,11.035523891448975
GSE40279,16,GSM989928,88.056649684906,4.056649684906006
GSE40279,16,GSM989930,59.87482213973999,8.87482213973999
GSE40279,16,GSM989931,71.4725890159607,8.472589015960693
GSE40279,16,GSM989932,75.53039693832397,6.530396938323975
GSE40279,16,GSM989934,69.64633321762085,8.35366678237915
GSE40279,16,GSM989935,55.81007528305054,3.810075283050537
GSE40279,16,GSM989936,58.34645986557007,9.346459865570068
GSE40279,16,GSM989937,69.170419216156,16.170419216156006
GSE40279,16,GSM989938,68.6439757347107,9.643975734710693
GSE40279,16,GSM989939,72.41617727279663,10.41617727279663
GSE40279,16,GSM989941,80.18349599838257,12.183495998382568
GSE40279,16,GSM989942,77.40709829330444,3.4070982933044434
GSE40279,16,GSM989943,63.2619948387146,4.2619948387146
GSE40279,16,GSM989944,80.9173674583435,4.917367458343506
GSE40279,16,GSM989945,66.78420400619507,12.784204006195068
GSE40279,16,GSM989946,72.79754781723022,13.797547817230225
GSE40279,16,GSM989947,68.62899160385132,20.62899160385132
GSE40279,16,GSM989948,59.52523183822632,14.525231838226318
GSE40279,16,GSM989950,71.59193563461304,8.591935634613037
GSE40279,16,GSM989951,79.37986898422241,0.6201310157775879
GSE40279,16,GSM989952,68.2398772239685,8.239877223968506
GSE40279,16,GSM989953,81.73493337631226,10.734933376312256
GSE40279,16,GSM989954,74.82918691635132,7.829186916351318
GSE40279,16,GSM989955,68.11039876937866,18.110398769378662
GSE40279,16,GSM989956,82.75638723373413,3.243612766265869
GSE40279,16,GSM989957,74.9357237815857,4.935723781585693
GSE40279,16,GSM989958,62.11886739730835,8.11886739730835
GSE40279,16,GSM989961,61.56001806259155,3.5600180625915527
GSE40279,16,GSM989962,65.91182851791382,7.911828517913818
GSE40279,16,GSM989963,68.0541319847107,4.054131984710693
GSE40279,16,GSM989964,77.96811819076538,4.968118190765381
GSE40279,16,GSM989965,54.208749294281006,5.208749294281006
GSE40279,16,GSM989966,56.6700644493103,0.6700644493103027
GSE40279,16,GSM989968,55.08883810043335,7.08883810043335
GSE40279,16,GSM989969,78.80472707748413,2.195272922515869
GSE40279,16,GSM989971,65.12120962142944,4.121209621429443
GSE40279,16,GSM989972,61.146764278411865,11.146764278411865
GSE40279,16,GSM989973,65.594979763031,3.405020236968994
GSE40279,16,GSM989975,47.80807638168335,0.8080763816833496
GSE40279,16,GSM989976,61.69597768783569,18.695977687835693
GSE40279,16,GSM989977,61.43539571762085,6.43539571762085
GSE40279,16,GSM989978,62.3298659324646,8.3298659324646
GSE40279,16,GSM989979,67.04132223129272,9.041322231292725
GSE40279,16,GSM989980,50.40802526473999,16.40802526473999
GSE40279,16,GSM989981,69.71797323226929,4.717973232269287
GSE40279,16,GSM989982,61.32683706283569,9.326837062835693
GSE40279,16,GSM989983,46.53135442733765,14.531354427337646
GSE40279,16,GSM989984,58.91035604476929,11.910356044769287
GSE40279,16,GSM989985,71.81577444076538,17.81577444076538
GSE40279,16,GSM989987,48.996591091156006,20.996591091156006
GSE40279,16,GSM989988,72.167001247406,18.167001247406006
GSE40279,16,GSM989989,71.5968337059021,12.5968337059021
GSE40279,16,GSM989991,60.274301052093506,10.274301052093506
GSE40279,16,GSM989992,38.27607870101929,8.276078701019287
GSE40279,16,GSM989993,63.2123122215271,13.2123122215271
GSE40279,16,GSM989994,63.3906683921814,16.390668392181396
GSE40279,16,GSM989995,65.17308950424194,18.173089504241943
GSE40279,16,GSM989996,46.50920629501343,13.509206295013428
GSE40279,16,GSM989997,49.055123805999756,11.055123805999756
GSE40279,16,GSM989998,47.43924856185913,12.43924856185913
GSE40279,16,GSM990000,74.63789510726929,5.362104892730713
GSE40279,16,GSM990001,87.69043111801147,1.6904311180114746
GSE40279,16,GSM990002,74.11783742904663,3.117837429046631
GSE40279,16,GSM990003,70.98574209213257,6.014257907867432
GSE40279,16,GSM990004,74.62610006332397,7.626100063323975
GSE40279,16,GSM990005,78.77168416976929,5.228315830230713
GSE40279,16,GSM990006,78.65464162826538,1.3453583717346191
GSE40279,16,GSM990007,71.53955221176147,1.5395522117614746
GSE40279,16,GSM990009,64.64331197738647,1.6433119773864746
GSE40279,16,GSM990010,70.37692403793335,0.3769240379333496
GSE40279,16,GSM990012,74.60312795639038,7.603127956390381
GSE40279,16,GSM990014,59.31957387924194,10.680426120758057
GSE40279,16,GSM990015,82.0689024925232,8.068902492523193
GSE40279,16,GSM990016,77.63219594955444,4.632195949554443
GSE40279,16,GSM990017,72.0625548362732,4.937445163726807
GSE40279,16,GSM990018,91.4349684715271,11.4349684715271
GSE40279,16,GSM990019,78.58709859848022,12.587098598480225
GSE40279,16,GSM990021,84.89602041244507,8.896020412445068
GSE40279,16,GSM990022,73.46051931381226,4.539480686187744
GSE40279,16,GSM990023,83.35080862045288,1.3508086204528809
GSE40279,16,GSM990024,80.0341124534607,4.034112453460693
GSE40279,16,GSM990025,70.1537413597107,0.8462586402893066
GSE40279,16,GSM990026,75.12471914291382,6.875280857086182
GSE40279,16,GSM990027,88.87425374984741,5.874253749847412
GSE40279,16,GSM990028,72.6737608909607,6.326239109039307
GSE40279,16,GSM990029,70.2600646018982,4.739935398101807
GSE40279,16,GSM990031,62.3585524559021,1.6414475440979004
GSE40279,16,GSM990033,92.05967855453491,0.05967855453491211
GSE40279,16,GSM990034,81.31669759750366,7.316697597503662
GSE40279,16,GSM990035,72.69909811019897,3.6990981101989746
GSE40279,16,GSM990036,80.50295400619507,0.5029540061950684
GSE40279,16,GSM990039,86.35593557357788,5.355935573577881
GSE40279,16,GSM990041,74.7122130393982,5.712213039398193
GSE40279,16,GSM990042,75.4509825706482,2.4509825706481934
GSE40279,16,GSM990045,63.296205043792725,4.703794956207275
GSE40279,16,GSM990046,83.36212301254272,14.362123012542725
GSE40279,16,GSM990049,78.98204946517944,2.0179505348205566
GSE40279,16,GSM990050,63.1371169090271,7.8628830909729
GSE40279,16,GSM990051,70.47744131088257,0.5225586891174316
GSE40279,16,GSM990052,77.25422048568726,2.254220485687256
GSE40279,16,GSM990053,56.3219313621521,3.6780686378479004
GSE40279,16,GSM990054,73.69703817367554,3.302961826324463
GSE40279,16,GSM990055,79.515634059906,5.484365940093994
GSE40279,16,GSM990056,70.01162099838257,0.01162099838256836
GSE40279,16,GSM990057,66.20903158187866,4.209031581878662
GSE40279,16,GSM990058,70.37148427963257,1.3714842796325684
GSE40279,16,GSM990059,70.19135427474976,2.808645725250244
GSE40279,16,GSM990060,77.30288076400757,4.302880764007568
GSE40279,16,GSM990061,71.91453695297241,2.085463047027588
GSE40279,16,GSM990062,71.9562087059021,1.0437912940979004
GSE40279,16,GSM990063,80.6009612083435,5.399038791656494
GSE40279,16,GSM990066,79.65783071517944,4.657830715179443
GSE40279,16,GSM990068,57.333714962005615,9.666285037994385
GSE40279,16,GSM990070,52.93233633041382,4.932336330413818
GSE40279,16,GSM990072,64.22052145004272,16.220521450042725
GSE40279,16,GSM990075,57.34894323348999,11.34894323348999
GSE40279,16,GSM990076,57.43408727645874,2.5659127235412598
GSE40279,16,GSM990077,53.47914266586304,13.479142665863037
GSE40279,16,GSM990079,51.92933797836304,10.929337978363037
GSE40279,16,GSM990080,52.04606008529663,0.9539399147033691
GSE40279,16,GSM990081,59.331056118011475,11.331056118011475
GSE40279,16,GSM990082,71.79746389389038,0.7974638938903809
GSE40279,16,GSM990083,59.32794713973999,7.32794713973999
GSE40279,16,GSM990084,59.10234975814819,4.897650241851807
GSE40279,16,GSM990085,51.1814169883728,3.1814169883728027
GSE40279,16,GSM990086,52.784860134124756,2.215139865875244
GSE40279,16,GSM990087,73.94819021224976,5.948190212249756
GSE40279,16,GSM990088,55.53620672225952,9.536206722259521
GSE40279,16,GSM990089,66.91961812973022,2.9196181297302246
GSE40279,16,GSM990090,55.67653036117554,1.323469638824463
GSE40279,16,GSM990091,50.56664419174194,5.566644191741943
GSE40279,16,GSM990094,74.5624098777771,14.5624098777771
GSE40279,16,GSM990095,56.81991720199585,5.81991720199585
GSE40279,16,GSM990096,37.96626424789429,35.03373575210571
GSE40279,16,GSM990097,54.37581014633179,16.375810146331787
GSE40279,16,GSM990099,72.126962184906,8.126962184906006
GSE40279,16,GSM990100,63.45094442367554,5.450944423675537
GSE40279,16,GSM990101,48.25738286972046,5.257382869720459
GSE40279,16,GSM990102,41.375306606292725,3.3753066062927246
GSE40279,16,GSM990103,55.94589376449585,1.9458937644958496
GSE40279,16,GSM990104,73.10104513168335,3.1010451316833496
GSE40279,16,GSM990106,67.12623739242554,5.126237392425537
GSE40279,16,GSM990107,50.973336696624756,0.02666330337524414
GSE40279,16,GSM990108,47.204923152923584,6.204923152923584
GSE40279,16,GSM990109,47.63118124008179,5.368818759918213
GSE40279,16,GSM990110,59.24381399154663,5.756186008453369
GSE40279,16,GSM990111,53.60628652572632,3.6062865257263184
GSE40279,16,GSM990112,59.35955190658569,4.359551906585693
GSE40279,16,GSM990113,61.05756139755249,0.9424386024475098
GSE40279,16,GSM990114,61.975411891937256,0.9754118919372559
GSE40279,16,GSM990115,47.76606893539429,9.766068935394287
GSE40279,16,GSM990117,71.2218565940857,7.221856594085693
GSE40279,16,GSM990118,47.91684865951538,9.08315134048462
GSE40279,16,GSM990119,58.583951473236084,1.583951473236084
GSE40279,16,GSM990120,50.73301839828491,1.733018398284912
GSE40279,16,GSM990121,59.772584438323975,4.227415561676025
GSE40279,16,GSM990122,49.46156072616577,16.53843927383423
GSE40279,16,GSM990268,51.95869207382202,0.041307926177978516
GSE40279,16,GSM990269,56.982484340667725,13.982484340667725
GSE40279,16,GSM990271,54.79947805404663,3.799478054046631
GSE40279,16,GSM990272,55.629579067230225,2.3704209327697754
GSE40279,16,GSM990273,55.15031576156616,7.849684238433838
GSE40279,16,GSM990274,52.82932424545288,2.170675754547119
GSE40279,16,GSM990275,51.57151174545288,1.5715117454528809
GSE40279,16,GSM990276,70.55867147445679,13.558671474456787
GSE40279,16,GSM990277,31.01331853866577,1.9866814613342285
GSE40279,16,GSM990278,55.58839559555054,9.588395595550537
GSE40279,16,GSM990279,48.357118129730225,2.3571181297302246
GSE40279,16,GSM990281,55.45393514633179,0.4539351463317871
GSE40279,16,GSM990282,43.262452602386475,20.737547397613525
GSE40279,16,GSM990283,41.33619832992554,4.663801670074463
GSE40279,16,GSM990284,58.708436489105225,7.291563510894775
GSE40279,16,GSM990285,44.707154750823975,2.2928452491760254
GSE40279,16,GSM990286,43.60541296005249,14.39458703994751
GSE40279,16,GSM990287,58.8330283164978,2.1669716835021973
GSE40279,16,GSM990288,38.99910116195679,9.000898838043213
GSE40279,16,GSM990289,41.11644124984741,3.883558750152588
GSE40279,16,GSM990290,55.13152456283569,6.868475437164307
GSE40279,16,GSM990291,47.49677038192749,2.5032296180725098
GSE40279,16,GSM990292,33.33004140853882,0.6699585914611816
GSE40279,16,GSM990293,55.962316036224365,8.037683963775635
GSE40279,16,GSM990294,47.260228633880615,7.739771366119385
GSE40279,16,GSM990295,51.7521071434021,3.7521071434020996
GSE40279,16,GSM990297,57.4057822227478,6.594217777252197
GSE40279,16,GSM990298,54.42900991439819,3.5709900856018066
GSE40279,16,GSM990299,36.14354848861694,0.8564515113830566
GSE40279,16,GSM990300,56.51960897445679,3.480391025543213
GSE40279,16,GSM990301,55.926114559173584,7.073885440826416
GSE40279,16,GSM990302,50.31534719467163,8.68465280532837
GSE40279,16,GSM990303,47.28792715072632,6.712072849273682
GSE40279,16,GSM990304,53.55505132675171,6.444948673248291
GSE40279,16,GSM990305,49.10436391830444,1.8956360816955566
GSE40279,16,GSM990306,65.59186697006226,2.591866970062256
GSE40279,16,GSM990307,57.61940908432007,6.380590915679932
GSE40279,16,GSM990309,53.22460699081421,9.224606990814209
GSE40279,16,GSM990311,59.21175146102905,6.788248538970947
GSE40279,16,GSM990313,53.7248854637146,7.2751145362854
GSE40279,16,GSM990314,53.71876287460327,1.7187628746032715
GSE40279,16,GSM990315,62.32615423202515,1.3261542320251465
GSE40279,16,GSM990318,42.64486837387085,9.35513162612915
GSE40279,16,GSM990319,49.2359824180603,5.764017581939697
GSE40279,16,GSM990320,63.1526083946228,4.152608394622803
GSE40279,16,GSM990321,52.99283742904663,6.007162570953369
GSE40279,16,GSM990323,47.908456325531006,1.9084563255310059
GSE40279,16,GSM990324,33.26320028305054,2.263200283050537
GSE40279,16,GSM990325,58.743417263031006,3.743417263031006
GSE40279,16,GSM990326,44.04454183578491,8.955458164215088
GSE40279,16,GSM990327,46.375314235687256,4.375314235687256
GSE40279,16,GSM990329,48.02076864242554,1.979231357574463
GSE40279,16,GSM990330,48.45981740951538,3.540182590484619
GSE40279,16,GSM990331,40.79762029647827,4.2023797035217285
GSE40279,16,GSM990332,52.79699468612671,12.203005313873291
GSE40279,16,GSM990333,44.19796895980835,14.80203104019165
GSE40279,16,GSM990334,58.70020055770874,0.7002005577087402
GSE40279,16,GSM990335,62.28645467758179,1.713545322418213
GSE40279,16,GSM990336,49.78136968612671,11.218630313873291
GSE40279,16,GSM990337,54.11691427230835,12.88308572769165
GSE40279,16,GSM990338,58.288182735443115,0.7118172645568848
GSE40279,16,GSM990339,49.188424587249756,8.811575412750244
GSE40279,16,GSM990340,45.26609182357788,8.73390817642212
GSE40279,16,GSM990341,54.43261480331421,2.567385196685791
GSE40279,16,GSM990342,55.555917263031006,4.444082736968994
GSE40279,16,GSM990343,45.18095541000366,4.819044589996338
GSE40279,16,GSM990346,43.90197134017944,0.09802865982055664
GSE40279,16,GSM990347,57.16521596908569,4.834784030914307
GSE40279,16,GSM990348,68.80503988265991,7.194960117340088
GSE40279,16,GSM990350,46.0074667930603,0.007466793060302734
GSE40279,16,GSM990352,53.75600576400757,5.243994235992432
GSE40279,16,GSM990353,50.97606039047241,1.023939609527588
GSE40279,16,GSM990354,37.54301595687866,12.456984043121338
GSE40279,16,GSM990355,38.939340114593506,6.060659885406494
GSE40279,16,GSM990356,47.0830283164978,4.916971683502197
GSE40279,16,GSM990357,46.93375539779663,7.066244602203369
GSE40279,16,GSM990358,63.64015340805054,1.640153408050537
GSE40279,16,GSM990360,54.412240505218506,8.587759494781494
GSE40279,16,GSM990363,59.86063528060913,5.139364719390869
GSE40279,16,GSM990364,55.59545278549194,8.404547214508057
GSE40279,16,GSM990365,50.76287221908569,6.237127780914307
GSE40279,16,GSM990366,59.560372829437256,3.439627170562744
GSE40279,16,GSM990369,41.90174627304077,3.9017462730407715
GSE40279,16,GSM990371,54.40026617050171,4.599733829498291
GSE40279,16,GSM990372,56.86778783798218,1.1322121620178223
GSE40279,16,GSM990373,41.2770094871521,0.2770094871520996
GSE40279,16,GSM990375,28.298043727874756,2.298043727874756
GSE40279,16,GSM990376,54.417088985443115,6.582911014556885
GSE40279,16,GSM990377,62.02095174789429,6.020951747894287
GSE40279,16,GSM990378,52.602914333343506,13.397085666656494
GSE40279,16,GSM990379,56.477975368499756,5.522024631500244
GSE40279,16,GSM990381,52.111939907073975,2.8880600929260254
GSE40279,16,GSM990382,50.45146322250366,10.548536777496338
GSE40279,16,GSM990383,60.914647579193115,2.9146475791931152
GSE40279,16,GSM990385,52.73121404647827,10.268785953521729
GSE40279,16,GSM990386,57.66219091415405,1.3378090858459473
GSE40279,16,GSM990387,56.341065883636475,4.658934116363525
GSE40279,16,GSM990388,59.41438817977905,6.585611820220947
GSE40279,16,GSM990389,56.409398555755615,8.590601444244385
GSE40279,16,GSM990390,54.75667715072632,3.2433228492736816
GSE40279,16,GSM990391,43.3299994468689,0.3299994468688965
GSE40279,16,GSM990392,49.31722021102905,5.682779788970947
GSE40279,16,GSM990394,52.250585079193115,2.2505850791931152
GSE40279,16,GSM990395,41.947083950042725,4.052916049957275
GSE40279,16,GSM990396,54.58529043197632,0.5852904319763184
GSE40279,16,GSM990397,78.18310689926147,1.8168931007385254
GSE40279,16,GSM990398,70.9330382347107,12.066961765289307
GSE40279,16,GSM990399,75.38348531723022,1.6165146827697754
GSE40279,16,GSM990400,73.56147146224976,2.438528537750244
GSE40279,16,GSM990403,64.04577779769897,17.954222202301025
GSE40279,16,GSM990404,43.15447378158569,14.845526218414307
GSE40279,16,GSM990405,63.444005489349365,2.5559945106506348
GSE40279,16,GSM990406,59.576383113861084,25.423616886138916
GSE40279,16,GSM990407,66.49475240707397,0.4947524070739746
GSE40279,16,GSM990408,65.34523916244507,3.6547608375549316
GSE40279,16,GSM990409,67.24379873275757,16.75620126724243
GSE40279,16,GSM990410,76.60907888412476,2.390921115875244
GSE40279,16,GSM990411,60.91352987289429,3.086470127105713
GSE40279,16,GSM990412,64.38337850570679,13.616621494293213
GSE40279,16,GSM990413,53.1932578086853,0.19325780868530273
GSE40279,16,GSM990414,57.804139614105225,1.1958603858947754
GSE40279,16,GSM990416,65.6301817893982,4.630181789398193
GSE40279,16,GSM990418,60.41403341293335,8.58596658706665
GSE40279,16,GSM990419,63.65780019760132,3.6578001976013184
GSE40279,16,GSM990420,57.22704076766968,7.772959232330322
GSE40279,16,GSM990421,81.49096059799194,7.509039402008057
GSE40279,16,GSM990422,48.6463942527771,25.3536057472229
GSE40279,16,GSM990423,66.62319326400757,14.376806735992432
GSE40279,16,GSM990424,73.96930837631226,5.969308376312256
GSE40279,16,GSM990425,63.423890590667725,4.576109409332275
GSE40279,16,GSM990426,62.819589138031006,2.180410861968994
GSE40279,16,GSM990427,79.6987624168396,10.3012375831604
GSE40279,16,GSM990429,75.85670614242554,3.143293857574463
GSE40279,16,GSM990430,63.036317348480225,6.036317348480225
GSE40279,16,GSM990431,58.20177602767944,17.798223972320557
GSE40279,16,GSM990432,77.113046169281,1.8869538307189941
GSE40279,16,GSM990433,41.55171346664429,7.448286533355713
GSE40279,16,GSM990434,80.15073537826538,11.84926462173462
GSE40279,16,GSM990435,61.766244411468506,4.233755588531494
GSE40279,16,GSM990436,59.31200170516968,0.31200170516967773
GSE40279,16,GSM990437,59.552159786224365,16.447840213775635
GSE40279,16,GSM990438,59.90223836898804,3.902238368988037
GSE40279,16,GSM990439,53.71334981918335,1.7133498191833496
GSE40279,16,GSM990440,59.95452260971069,5.045477390289307
GSE40279,16,GSM990441,68.87217855453491,4.127821445465088
GSE40279,16,GSM990442,75.04365682601929,10.043656826019287
GSE40279,16,GSM990443,82.60129690170288,1.3987030982971191
GSE40279,16,GSM990445,76.56147146224976,1.4385285377502441
GSE40279,16,GSM990446,58.02744436264038,5.027444362640381
GSE40279,16,GSM990447,78.70170736312866,10.701707363128662
GSE40279,16,GSM990448,48.81659460067749,3.1834053993225098
GSE40279,16,GSM990449,61.630982875823975,10.369017124176025
GSE40279,16,GSM990450,58.618009090423584,10.618009090423584
GSE40279,16,GSM990451,54.883363246917725,5.116636753082275
GSE40279,16,GSM990452,88.62557363510132,27.62557363510132
GSE40279,16,GSM990453,64.41124868392944,4.588751316070557
GSE40279,16,GSM990454,71.63680410385132,9.363195896148682
GSE40279,16,GSM990455,72.49459218978882,16.49459218978882
GSE40279,16,GSM990456,77.92502737045288,1.0749726295471191
GSE40279,16,GSM990457,75.2252745628357,6.774725437164307
GSE40279,16,GSM990458,56.34548330307007,1.6545166969299316
GSE40279,16,GSM990459,60.08598470687866,14.914015293121338
GSE40279,16,GSM990462,85.2083067893982,15.208306789398193
GSE40279,16,GSM990463,68.30898427963257,8.691015720367432
GSE40279,16,GSM990464,54.17943716049194,1.8205628395080566
GSE40279,16,GSM990465,60.20775747299194,6.792242527008057
GSE40279,16,GSM990466,76.469735622406,0.46973562240600586
GSE40279,16,GSM990467,84.1572813987732,4.842718601226807
GSE40279,16,GSM990468,51.86754751205444,17.132452487945557
GSE40279,16,GSM990470,70.18365621566772,9.816343784332275
GSE40279,16,GSM990471,77.46103811264038,1.4610381126403809
GSE40279,16,GSM990473,53.20240926742554,7.797590732574463
GSE40279,16,GSM990474,46.64037466049194,5.359625339508057
GSE40279,16,GSM990475,64.98097372055054,4.019026279449463
GSE40279,16,GSM990477,63.646790981292725,5.353209018707275
GSE40279,16,GSM990478,53.48387670516968,11.516123294830322
GSE40279,16,GSM990479,43.46090078353882,1.5390992164611816
GSE40279,16,GSM990481,62.914552211761475,13.085447788238525
GSE40279,16,GSM990482,68.82650899887085,7.17349100112915
GSE40279,16,GSM990484,65.35874319076538,5.641256809234619
GSE40279,16,GSM990485,40.86763143539429,11.132368564605713
GSE40279,16,GSM990486,84.6649260520935,0.6649260520935059
GSE40279,16,GSM990487,55.23433446884155,1.7656655311584473
GSE40279,16,GSM990488,65.99157857894897,2.0084214210510254
GSE40279,16,GSM990489,70.28347158432007,3.7165284156799316
GSE40279,16,GSM990490,36.29231786727905,3.2923178672790527
GSE40279,16,GSM990492,63.889405727386475,9.110594272613525
GSE40279,16,GSM990494,51.36833333969116,20.631666660308838
GSE40279,16,GSM990495,72.1596007347107,5.840399265289307
GSE40279,16,GSM990496,54.0333456993103,13.966654300689697
GSE40279,16,GSM990497,53.51520299911499,1.5152029991149902
GSE40279,16,GSM990498,51.80723333358765,12.192766666412354
GSE40279,16,GSM990499,37.61206579208374,10.61206579208374
GSE40279,16,GSM990500,40.727811336517334,11.727811336517334
GSE40279,16,GSM990501,53.35460805892944,9.354608058929443
GSE40279,16,GSM990502,43.60563802719116,2.605638027191162
GSE40279,16,GSM990503,49.38659048080444,4.386590480804443
GSE40279,16,GSM990504,30.960593700408936,3.9605937004089355
GSE40279,16,GSM990505,55.69008779525757,7.690087795257568
GSE40279,16,GSM990506,57.668160915374756,1.6681609153747559
GSE40279,16,GSM990507,44.815125942230225,10.815125942230225
GSE40279,16,GSM990508,54.34763479232788,14.65236520767212
GSE40279,16,GSM990509,39.30144643783569,16.698553562164307
GSE40279,16,GSM990510,39.49723196029663,7.502768039703369
GSE40279,16,GSM990512,55.844491481781006,4.155508518218994
GSE40279,16,GSM990514,57.793038845062256,2.206961154937744
GSE40279,16,GSM990516,49.23754262924194,5.762457370758057
GSE40279,16,GSM990517,35.17039632797241,3.170396327972412
GSE40279,16,GSM990518,24.103930950164795,1.103930950164795
GSE40279,16,GSM990519,35.12778615951538,7.872213840484619
GSE40279,16,GSM990520,35.180543422698975,11.819456577301025
GSE40279,16,GSM990521,43.828431606292725,0.1715683937072754
GSE40279,16,GSM990522,39.495667934417725,2.4956679344177246
GSE40279,16,GSM990523,29.44497060775757,2.4449706077575684
GSE40279,16,GSM990525,35.2881178855896,7.2881178855896
GSE40279,16,GSM990526,59.48784780502319,8.487847805023193
GSE40279,16,GSM990528,31.00379705429077,12.003797054290771
GSE40279,16,GSM990529,53.28701162338257,9.287011623382568
GSE40279,16,GSM990530,65.61863851547241,16.618638515472412
GSE40279,16,GSM990532,48.4497389793396,4.4497389793396
GSE40279,16,GSM990533,64.75744009017944,2.7574400901794434
GSE40279,16,GSM990534,42.380250453948975,12.380250453948975
GSE40279,16,GSM990536,34.98172903060913,1.0182709693908691
GSE40279,16,GSM990537,34.08540105819702,9.085401058197021
GSE40279,16,GSM990538,45.94140005111694,9.941400051116943
GSE40279,16,GSM990539,29.64188528060913,8.64188528060913
GSE40279,16,GSM990540,52.20285940170288,12.20285940170288
GSE40279,16,GSM990541,36.51981496810913,14.51981496810913
GSE40279,16,GSM990542,41.459840297698975,5.459840297698975
GSE40279,16,GSM990543,66.98053884506226,8.980538845062256
GSE40279,16,GSM990544,82.9563307762146,0.04366922378540039
GSE40279,16,GSM990548,73.36644887924194,7.366448879241943
GSE40279,16,GSM990550,65.63143301010132,16.36856698989868
GSE40279,16,GSM990551,76.51378011703491,3.513780117034912
GSE40279,16,GSM990552,75.77924489974976,1.2207551002502441
GSE40279,16,GSM990553,82.2869200706482,2.2869200706481934
GSE40279,16,GSM990554,64.38540029525757,14.614599704742432
GSE40279,16,GSM990555,73.30448293685913,0.30448293685913086
GSE40279,16,GSM990557,74.53783559799194,10.462164402008057
GSE40279,16,GSM990558,96.38047933578491,5.380479335784912
GSE40279,16,GSM990559,83.77208089828491,1.227919101715088
GSE40279,16,GSM990560,80.52439260482788,5.475607395172119
GSE40279,16,GSM990561,82.45539999008179,8.455399990081787
GSE40279,16,GSM990563,85.6242003440857,1.3757996559143066
GSE40279,16,GSM990564,76.10135793685913,0.10135793685913086
GSE40279,16,GSM990565,73.2794737815857,7.720526218414307
GSE40279,16,GSM990566,62.64653921127319,3.6465392112731934
GSE40279,16,GSM990567,73.53359365463257,0.5335936546325684
GSE40279,16,GSM990569,83.04369497299194,1.9563050270080566
GSE40279,16,GSM990570,68.45114278793335,0.5488572120666504
GSE40279,16,GSM990571,68.004647731781,16.995352268218994
GSE40279,16,GSM990572,84.08104848861694,0.9189515113830566
GSE40279,16,GSM990573,85.38858938217163,1.3885893821716309
GSE40279,16,GSM990574,73.85549306869507,9.144506931304932
GSE40279,16,GSM990575,80.26396322250366,13.263963222503662
GSE40279,16,GSM990578,91.92414236068726,4.924142360687256
GSE40279,16,GSM990579,77.39325857162476,6.606741428375244
GSE40279,16,GSM990580,79.75937795639038,2.240622043609619
GSE40279,16,GSM990581,86.29769277572632,6.702307224273682
GSE40279,16,GSM990583,83.74714040756226,3.747140407562256
GSE40279,16,GSM990584,80.12665700912476,7.873342990875244
GSE40279,16,GSM990585,70.32224416732788,1.6777558326721191
GSE40279,16,GSM990587,52.00692892074585,3.9930710792541504
GSE40279,16,GSM990588,89.81188344955444,2.1881165504455566
GSE40279,16,GSM990589,78.20743703842163,0.20743703842163086
GSE40279,16,GSM990590,73.56784200668335,2.5678420066833496
GSE40279,16,GSM990591,65.41039419174194,23.589605808258057
GSE40279,16,GSM990592,47.541017055511475,6.458982944488525
GSE40279,16,GSM990593,65.6741271018982,0.32587289810180664
GSE40279,16,GSM990594,79.59535360336304,4.595353603363037
GSE40279,16,GSM990595,80.79977560043335,9.20022439956665
GSE40279,16,GSM990596,62.8497519493103,3.1502480506896973
GSE40279,16,GSM990597,87.79612112045288,10.79612112045288
GSE40279,16,GSM990598,81.06101369857788,0.9389863014221191
GSE40279,16,GSM990599,75.176278591156,10.176278591156006
GSE40279,16,GSM990600,65.71434164047241,7.714341640472412
GSE40279,16,GSM990603,75.76525259017944,1.7652525901794434
GSE40279,16,GSM990604,72.48559713363647,3.4855971336364746
GSE40279,16,GSM990605,83.51793050765991,0.5179305076599121
GSE40279,16,GSM990606,85.39676809310913,2.396768093109131
GSE40279,16,GSM990607,89.3370909690857,19.337090969085693
GSE40279,16,GSM990608,78.92238759994507,14.922387599945068
GSE40279,16,GSM990609,75.20578908920288,25.20578908920288
GSE40279,16,GSM990610,98.84637594223022,24.846375942230225
GSE40279,16,GSM990611,69.20241689682007,0.20241689682006836
GSE40279,16,GSM990612,94.87951040267944,8.879510402679443
GSE40279,16,GSM990613,64.244149684906,1.7558503150939941
GSE40279,16,GSM990614,81.49572134017944,11.495721340179443
GSE40279,16,GSM990615,99.6379714012146,10.6379714012146
GSE40279,16,GSM990617,75.29354238510132,6.293542385101318
GSE40279,16,GSM990618,69.85724020004272,5.857240200042725
GSE40279,16,GSM990619,77.4430022239685,1.5569977760314941
GSE40279,16,GSM990620,84.28720998764038,7.712790012359619
GSE40279,16,GSM990621,79.19237661361694,9.192376613616943
GSE40279,16,GSM990622,83.37053060531616,6.370530605316162
GSE40279,16,GSM990623,84.5050597190857,6.505059719085693
GSE40279,16,GSM990624,78.23421621322632,7.234216213226318
GSE40279,16,GSM990625,79.48803091049194,11.488030910491943
GSE40279,16,GSM990626,65.67946767807007,4.679467678070068
GSE40279,16,GSM990627,75.27591848373413,2.275918483734131
GSE40279,17,GSM989827,66.50884962081909,0.4911503791809082
GSE40279,17,GSM989828,94.18825483322144,5.1882548332214355
GSE40279,17,GSM989829,75.70624494552612,9.706244945526123
GSE40279,17,GSM989831,70.06745862960815,8.067458629608154
GSE40279,17,GSM989832,76.75450849533081,10.24549150466919
GSE40279,17,GSM989833,69.48828840255737,3.511711597442627
GSE40279,17,GSM989834,80.30031538009644,5.3003153800964355
GSE40279,17,GSM989836,106.64103651046753,23.64103651046753
GSE40279,17,GSM989838,58.478347301483154,10.478347301483154
GSE40279,17,GSM989839,81.24468183517456,4.2446818351745605
GSE40279,17,GSM989840,61.73211622238159,7.732116222381592
GSE40279,17,GSM989843,84.70165205001831,16.70165205001831
GSE40279,17,GSM989846,75.65978956222534,15.659789562225342
GSE40279,17,GSM989847,90.44103956222534,11.441039562225342
GSE40279,17,GSM989848,83.35167646408081,15.35167646408081
GSE40279,17,GSM989850,90.23268842697144,6.2326884269714355
GSE40279,17,GSM989852,76.94723463058472,2.947234630584717
GSE40279,17,GSM989854,80.44920301437378,24.44920301437378
GSE40279,17,GSM989855,83.79478406906128,11.79478406906128
GSE40279,17,GSM989856,83.93166303634644,8.931663036346436
GSE40279,17,GSM989857,92.21092176437378,13.21092176437378
GSE40279,17,GSM989859,82.54876661300659,0.5487666130065918
GSE40279,17,GSM989861,97.78366041183472,18.783660411834717
GSE40279,17,GSM989862,67.25224256515503,13.25224256515503
GSE40279,17,GSM989865,79.44818067550659,4.551819324493408
GSE40279,17,GSM989868,85.37527418136597,11.375274181365967
GSE40279,17,GSM989869,67.13529920578003,9.86470079421997
GSE40279,17,GSM989871,87.3405909538269,0.3405909538269043
GSE40279,17,GSM989873,85.99799299240112,2.002007007598877
GSE40279,17,GSM989874,72.53061628341675,6.530616283416748
GSE40279,17,GSM989875,78.24432325363159,0.2443232536315918
GSE40279,17,GSM989876,75.07692670822144,22.076926708221436
GSE40279,17,GSM989877,80.79894208908081,4.7989420890808105
GSE40279,17,GSM989880,69.98547315597534,15.985473155975342
GSE40279,17,GSM989881,80.66007947921753,7.660079479217529
GSE40279,17,GSM989882,79.86986494064331,16.13013505935669
GSE40279,17,GSM989883,71.247718334198,14.247718334197998
GSE40279,17,GSM989884,72.33297681808472,3.667023181915283
GSE40279,17,GSM989885,57.53141736984253,10.53141736984253
GSE40279,17,GSM989886,64.0602068901062,10.060206890106201
GSE40279,17,GSM989887,72.97398328781128,0.026016712188720703
GSE40279,17,GSM989888,81.51414442062378,2.4858555793762207
GSE40279,17,GSM989889,80.9734263420105,18.973426342010498
GSE40279,17,GSM989890,88.46466016769409,0.5353398323059082
GSE40279,17,GSM989891,75.68572950363159,7.685729503631592
GSE40279,17,GSM989892,74.31828260421753,12.31828260421753
GSE40279,17,GSM989893,84.39720106124878,5.397201061248779
GSE40279,17,GSM989894,74.74116468429565,2.7411646842956543
GSE40279,17,GSM989895,71.98078870773315,2.9807887077331543
GSE40279,17,GSM989896,58.64559888839722,3.645598888397217
GSE40279,17,GSM989898,83.57244825363159,4.572448253631592
GSE40279,17,GSM989899,79.42433881759644,7.4243388175964355
GSE40279,17,GSM989900,89.24815320968628,0.2481532096862793
GSE40279,17,GSM989902,77.53330183029175,7.466698169708252
GSE40279,17,GSM989903,79.23867750167847,11.238677501678467
GSE40279,17,GSM989904,99.16958570480347,10.169585704803467
GSE40279,17,GSM989905,87.60171461105347,14.601714611053467
GSE40279,17,GSM989906,70.82720899581909,7.827208995819092
GSE40279,17,GSM989907,76.81367444992065,1.1863255500793457
GSE40279,17,GSM989911,95.57421064376831,10.57421064376831
GSE40279,17,GSM989914,80.95210981369019,6.9521098136901855
GSE40279,17,GSM989915,89.34697675704956,5.3469767570495605
GSE40279,17,GSM989917,66.13584852218628,17.13584852218628
GSE40279,17,GSM989918,86.04849195480347,17.048491954803467
GSE40279,17,GSM989919,83.9665675163269,20.966567516326904
GSE40279,17,GSM989920,78.56768751144409,12.567687511444092
GSE40279,17,GSM989921,89.6919322013855,4.691932201385498
GSE40279,17,GSM989924,71.65521192550659,12.655211925506592
GSE40279,17,GSM989925,75.79474592208862,5.794745922088623
GSE40279,17,GSM989926,79.47234296798706,14.47234296798706
GSE40279,17,GSM989927,82.49350690841675,14.493506908416748
GSE40279,17,GSM989928,91.51463270187378,7.514632701873779
GSE40279,17,GSM989930,63.332805156707764,12.332805156707764
GSE40279,17,GSM989931,74.93057203292847,11.930572032928467
GSE40279,17,GSM989932,78.98837995529175,9.988379955291748
GSE40279,17,GSM989934,73.10431623458862,4.895683765411377
GSE40279,17,GSM989935,59.26805830001831,7.2680583000183105
GSE40279,17,GSM989936,61.80444288253784,12.804442882537842
GSE40279,17,GSM989937,72.62840223312378,19.62840223312378
GSE40279,17,GSM989938,72.10195875167847,13.101958751678467
GSE40279,17,GSM989939,75.8741602897644,13.874160289764404
GSE40279,17,GSM989941,83.64147901535034,15.641479015350342
GSE40279,17,GSM989942,80.86508131027222,6.865081310272217
GSE40279,17,GSM989943,66.71997785568237,7.719977855682373
GSE40279,17,GSM989944,84.37535047531128,8.37535047531128
GSE40279,17,GSM989945,70.24218702316284,16.242187023162842
GSE40279,17,GSM989946,76.255530834198,17.255530834197998
GSE40279,17,GSM989947,72.08697462081909,24.086974620819092
GSE40279,17,GSM989948,62.98321485519409,17.983214855194092
GSE40279,17,GSM989950,75.04991865158081,12.04991865158081
GSE40279,17,GSM989951,82.83785200119019,2.8378520011901855
GSE40279,17,GSM989952,71.69786024093628,11.69786024093628
GSE40279,17,GSM989953,85.19291639328003,14.19291639328003
GSE40279,17,GSM989954,78.28716993331909,11.287169933319092
GSE40279,17,GSM989955,71.56838178634644,21.568381786346436
GSE40279,17,GSM989956,86.2143702507019,0.2143702507019043
GSE40279,17,GSM989957,78.39370679855347,8.393706798553467
GSE40279,17,GSM989958,65.57685041427612,11.576850414276123
GSE40279,17,GSM989961,65.01800107955933,7.018001079559326
GSE40279,17,GSM989962,69.36981153488159,11.369811534881592
GSE40279,17,GSM989963,71.51211500167847,7.512115001678467
GSE40279,17,GSM989964,81.42610120773315,8.426101207733154
GSE40279,17,GSM989965,57.66673231124878,8.66673231124878
GSE40279,17,GSM989966,60.128047466278076,4.128047466278076
GSE40279,17,GSM989968,58.54682111740112,10.546821117401123
GSE40279,17,GSM989969,82.2627100944519,1.2627100944519043
GSE40279,17,GSM989971,68.57919263839722,7.579192638397217
GSE40279,17,GSM989972,64.60474729537964,14.604747295379639
GSE40279,17,GSM989973,69.05296277999878,0.0529627799987793
GSE40279,17,GSM989975,51.26605939865112,4.266059398651123
GSE40279,17,GSM989976,65.15396070480347,22.153960704803467
GSE40279,17,GSM989977,64.89337873458862,9.893378734588623
GSE40279,17,GSM989978,65.78784894943237,11.787848949432373
GSE40279,17,GSM989979,70.4993052482605,12.499305248260498
GSE40279,17,GSM989980,53.866008281707764,19.866008281707764
GSE40279,17,GSM989981,73.17595624923706,8.17595624923706
GSE40279,17,GSM989982,64.78482007980347,12.784820079803467
GSE40279,17,GSM989983,49.98933744430542,17.98933744430542
GSE40279,17,GSM989984,62.36833906173706,15.36833906173706
GSE40279,17,GSM989985,75.27375745773315,21.273757457733154
GSE40279,17,GSM989987,52.45457410812378,24.45457410812378
GSE40279,17,GSM989988,75.62498426437378,21.62498426437378
GSE40279,17,GSM989989,75.05481672286987,16.054816722869873
GSE40279,17,GSM989991,63.73228406906128,13.73228406906128
GSE40279,17,GSM989992,41.73406171798706,11.73406171798706
GSE40279,17,GSM989993,66.67029523849487,16.670295238494873
GSE40279,17,GSM989994,66.84865140914917,19.84865140914917
GSE40279,17,GSM989995,68.63107252120972,21.631072521209717
GSE40279,17,GSM989996,49.9671893119812,16.9671893119812
GSE40279,17,GSM989997,52.51310682296753,14.51310682296753
GSE40279,17,GSM989998,50.897231578826904,15.897231578826904
GSE40279,17,GSM990000,78.09587812423706,1.9041218757629395
GSE40279,17,GSM990001,91.14841413497925,5.148414134979248
GSE40279,17,GSM990002,77.5758204460144,6.575820446014404
GSE40279,17,GSM990003,74.44372510910034,2.556274890899658
GSE40279,17,GSM990004,78.08408308029175,11.084083080291748
GSE40279,17,GSM990005,82.22966718673706,1.7703328132629395
GSE40279,17,GSM990006,82.11262464523315,2.1126246452331543
GSE40279,17,GSM990007,74.99753522872925,4.997535228729248
GSE40279,17,GSM990009,68.10129499435425,5.101294994354248
GSE40279,17,GSM990010,73.83490705490112,3.834907054901123
GSE40279,17,GSM990012,78.06111097335815,11.061110973358154
GSE40279,17,GSM990014,62.77755689620972,7.222443103790283
GSE40279,17,GSM990015,85.52688550949097,11.526885509490967
GSE40279,17,GSM990016,81.09017896652222,8.090178966522217
GSE40279,17,GSM990017,75.52053785324097,1.4794621467590332
GSE40279,17,GSM990018,94.89295148849487,14.892951488494873
GSE40279,17,GSM990019,82.045081615448,16.045081615447998
GSE40279,17,GSM990021,88.35400342941284,12.354003429412842
GSE40279,17,GSM990022,76.91850233078003,1.0814976692199707
GSE40279,17,GSM990023,86.80879163742065,4.808791637420654
GSE40279,17,GSM990024,83.49209547042847,7.492095470428467
GSE40279,17,GSM990025,73.61172437667847,2.611724376678467
GSE40279,17,GSM990026,78.58270215988159,3.417297840118408
GSE40279,17,GSM990027,92.33223676681519,9.332236766815186
GSE40279,17,GSM990028,76.13174390792847,2.868256092071533
GSE40279,17,GSM990029,73.71804761886597,1.2819523811340332
GSE40279,17,GSM990031,65.81653547286987,1.816535472869873
GSE40279,17,GSM990033,95.51766157150269,3.5176615715026855
GSE40279,17,GSM990034,84.77468061447144,10.774680614471436
GSE40279,17,GSM990035,76.15708112716675,7.157081127166748
GSE40279,17,GSM990036,83.96093702316284,3.960937023162842
GSE40279,17,GSM990039,89.81391859054565,8.813918590545654
GSE40279,17,GSM990041,78.17019605636597,9.170196056365967
GSE40279,17,GSM990042,78.90896558761597,5.908965587615967
GSE40279,17,GSM990045,66.7541880607605,1.245811939239502
GSE40279,17,GSM990046,86.8201060295105,17.820106029510498
GSE40279,17,GSM990049,82.44003248214722,1.4400324821472168
GSE40279,17,GSM990050,66.59509992599487,4.404900074005127
GSE40279,17,GSM990051,73.93542432785034,2.935424327850342
GSE40279,17,GSM990052,80.71220350265503,5.712203502655029
GSE40279,17,GSM990053,59.77991437911987,0.22008562088012695
GSE40279,17,GSM990054,77.15502119064331,0.15502119064331055
GSE40279,17,GSM990055,82.97361707687378,2.0263829231262207
GSE40279,17,GSM990056,73.46960401535034,3.469604015350342
GSE40279,17,GSM990057,69.66701459884644,7.6670145988464355
GSE40279,17,GSM990058,73.82946729660034,4.829467296600342
GSE40279,17,GSM990059,73.64933729171753,0.6493372917175293
GSE40279,17,GSM990060,80.76086378097534,7.760863780975342
GSE40279,17,GSM990061,75.37251996994019,1.3725199699401855
GSE40279,17,GSM990062,75.41419172286987,2.414191722869873
GSE40279,17,GSM990063,84.05894422531128,1.9410557746887207
GSE40279,17,GSM990066,83.11581373214722,8.115813732147217
GSE40279,17,GSM990068,60.79169797897339,6.208302021026611
GSE40279,17,GSM990070,56.39031934738159,8.390319347381592
GSE40279,17,GSM990072,67.6785044670105,19.678504467010498
GSE40279,17,GSM990075,60.806926250457764,14.806926250457764
GSE40279,17,GSM990076,60.892070293426514,0.8920702934265137
GSE40279,17,GSM990077,56.93712568283081,16.93712568283081
GSE40279,17,GSM990079,55.38732099533081,14.38732099533081
GSE40279,17,GSM990080,55.504043102264404,2.5040431022644043
GSE40279,17,GSM990081,62.78903913497925,14.789039134979248
GSE40279,17,GSM990082,75.25544691085815,4.255446910858154
GSE40279,17,GSM990083,62.785930156707764,10.785930156707764
GSE40279,17,GSM990084,62.56033277511597,1.4396672248840332
GSE40279,17,GSM990085,54.639400005340576,6.639400005340576
GSE40279,17,GSM990086,56.24284315109253,1.2428431510925293
GSE40279,17,GSM990087,77.40617322921753,9.40617322921753
GSE40279,17,GSM990088,58.994189739227295,12.994189739227295
GSE40279,17,GSM990089,70.377601146698,6.377601146697998
GSE40279,17,GSM990090,59.13451337814331,2.1345133781433105
GSE40279,17,GSM990091,54.02462720870972,9.024627208709717
GSE40279,17,GSM990094,78.02039289474487,18.020392894744873
GSE40279,17,GSM990095,60.27790021896362,9.277900218963623
GSE40279,17,GSM990096,41.42424726486206,31.57575273513794
GSE40279,17,GSM990097,57.83379316329956,19.83379316329956
GSE40279,17,GSM990099,75.58494520187378,11.58494520187378
GSE40279,17,GSM990100,66.90892744064331,8.90892744064331
GSE40279,17,GSM990101,51.71536588668823,8.715365886688232
GSE40279,17,GSM990102,44.8332896232605,6.833289623260498
GSE40279,17,GSM990103,59.40387678146362,5.403876781463623
GSE40279,17,GSM990104,76.55902814865112,6.559028148651123
GSE40279,17,GSM990106,70.58422040939331,8.58422040939331
GSE40279,17,GSM990107,54.43131971359253,3.4313197135925293
GSE40279,17,GSM990108,50.66290616989136,9.662906169891357
GSE40279,17,GSM990109,51.08916425704956,1.9108357429504395
GSE40279,17,GSM990110,62.701797008514404,2.2982029914855957
GSE40279,17,GSM990111,57.06426954269409,7.064269542694092
GSE40279,17,GSM990112,62.81753492355347,7.817534923553467
GSE40279,17,GSM990113,64.51554441452026,2.5155444145202637
GSE40279,17,GSM990114,65.43339490890503,4.433394908905029
GSE40279,17,GSM990115,51.22405195236206,13.22405195236206
GSE40279,17,GSM990117,74.67983961105347,10.679839611053467
GSE40279,17,GSM990118,51.374831676483154,5.625168323516846
GSE40279,17,GSM990119,62.04193449020386,5.041934490203857
GSE40279,17,GSM990120,54.191001415252686,5.1910014152526855
GSE40279,17,GSM990121,63.23056745529175,0.769432544708252
GSE40279,17,GSM990122,52.919543743133545,13.080456256866455
GSE40279,17,GSM990268,55.416675090789795,3.416675090789795
GSE40279,17,GSM990269,60.4404673576355,17.440467357635498
GSE40279,17,GSM990271,58.257461071014404,7.257461071014404
GSE40279,17,GSM990272,59.087562084198,1.087562084197998
GSE40279,17,GSM990273,58.608298778533936,4.3917012214660645
GSE40279,17,GSM990274,56.287307262420654,1.2873072624206543
GSE40279,17,GSM990275,55.029494762420654,5.029494762420654
GSE40279,17,GSM990276,74.01665449142456,17.01665449142456
GSE40279,17,GSM990277,34.471301555633545,1.471301555633545
GSE40279,17,GSM990278,59.04637861251831,13.04637861251831
GSE40279,17,GSM990279,51.815101146698,5.815101146697998
GSE40279,17,GSM990281,58.91191816329956,3.9119181632995605
GSE40279,17,GSM990282,46.72043561935425,17.279564380645752
GSE40279,17,GSM990283,44.79418134689331,1.2058186531066895
GSE40279,17,GSM990284,62.166419506073,3.833580493927002
GSE40279,17,GSM990285,48.16513776779175,1.165137767791748
GSE40279,17,GSM990286,47.063395977020264,10.936604022979736
GSE40279,17,GSM990287,62.291011333465576,1.2910113334655762
GSE40279,17,GSM990288,42.45708417892456,5.5429158210754395
GSE40279,17,GSM990289,44.574424266815186,0.42557573318481445
GSE40279,17,GSM990290,58.58950757980347,3.410492420196533
GSE40279,17,GSM990291,50.954753398895264,0.9547533988952637
GSE40279,17,GSM990292,36.78802442550659,2.788024425506592
GSE40279,17,GSM990293,59.42029905319214,4.579700946807861
GSE40279,17,GSM990294,50.71821165084839,4.281788349151611
GSE40279,17,GSM990295,55.21009016036987,7.210090160369873
GSE40279,17,GSM990297,60.863765239715576,3.136234760284424
GSE40279,17,GSM990298,57.88699293136597,0.1130070686340332
GSE40279,17,GSM990299,39.60153150558472,2.601531505584717
GSE40279,17,GSM990300,59.97759199142456,0.022408008575439453
GSE40279,17,GSM990301,59.38409757614136,3.6159024238586426
GSE40279,17,GSM990302,53.773330211639404,5.226669788360596
GSE40279,17,GSM990303,50.74591016769409,3.254089832305908
GSE40279,17,GSM990304,57.01303434371948,2.9869656562805176
GSE40279,17,GSM990305,52.56234693527222,1.5623469352722168
GSE40279,17,GSM990306,69.04984998703003,6.049849987030029
GSE40279,17,GSM990307,61.07739210128784,2.922607898712158
GSE40279,17,GSM990309,56.68259000778198,12.682590007781982
GSE40279,17,GSM990311,62.669734477996826,3.330265522003174
GSE40279,17,GSM990313,57.18286848068237,3.817131519317627
GSE40279,17,GSM990314,57.176745891571045,5.176745891571045
GSE40279,17,GSM990315,65.78413724899292,4.78413724899292
GSE40279,17,GSM990318,46.10285139083862,5.897148609161377
GSE40279,17,GSM990319,52.693965435028076,2.306034564971924
GSE40279,17,GSM990320,66.61059141159058,7.610591411590576
GSE40279,17,GSM990321,56.450820446014404,2.5491795539855957
GSE40279,17,GSM990323,51.36643934249878,5.366439342498779
GSE40279,17,GSM990324,36.72118330001831,5.7211833000183105
GSE40279,17,GSM990325,62.20140027999878,7.201400279998779
GSE40279,17,GSM990326,47.502524852752686,5.4974751472473145
GSE40279,17,GSM990327,49.83329725265503,7.833297252655029
GSE40279,17,GSM990329,51.47875165939331,1.4787516593933105
GSE40279,17,GSM990330,51.917800426483154,0.0821995735168457
GSE40279,17,GSM990331,44.255603313446045,0.7443966865539551
GSE40279,17,GSM990332,56.25497770309448,8.745022296905518
GSE40279,17,GSM990333,47.65595197677612,11.344048023223877
GSE40279,17,GSM990334,62.158183574676514,4.158183574676514
GSE40279,17,GSM990335,65.74443769454956,1.7444376945495605
GSE40279,17,GSM990336,53.23935270309448,7.760647296905518
GSE40279,17,GSM990337,57.57489728927612,9.425102710723877
GSE40279,17,GSM990338,61.74616575241089,2.7461657524108887
GSE40279,17,GSM990339,52.64640760421753,5.353592395782471
GSE40279,17,GSM990340,48.724074840545654,5.275925159454346
GSE40279,17,GSM990341,57.89059782028198,0.8905978202819824
GSE40279,17,GSM990342,59.01390027999878,0.9860997200012207
GSE40279,17,GSM990343,48.638938426971436,1.3610615730285645
GSE40279,17,GSM990346,47.35995435714722,3.359954357147217
GSE40279,17,GSM990347,60.62319898605347,1.3768010139465332
GSE40279,17,GSM990348,72.26302289962769,3.7369771003723145
GSE40279,17,GSM990350,49.465449810028076,3.465449810028076
GSE40279,17,GSM990352,57.21398878097534,1.7860112190246582
GSE40279,17,GSM990353,54.434043407440186,2.4340434074401855
GSE40279,17,GSM990354,41.000998973846436,8.999001026153564
GSE40279,17,GSM990355,42.39732313156128,2.6026768684387207
GSE40279,17,GSM990356,50.541011333465576,1.4589886665344238
GSE40279,17,GSM990357,50.391738414764404,3.6082615852355957
GSE40279,17,GSM990358,67.09813642501831,5.0981364250183105
GSE40279,17,GSM990360,57.87022352218628,5.129776477813721
GSE40279,17,GSM990363,63.318618297576904,1.6813817024230957
GSE40279,17,GSM990364,59.05343580245972,4.946564197540283
GSE40279,17,GSM990365,54.22085523605347,2.779144763946533
GSE40279,17,GSM990366,63.01835584640503,0.018355846405029297
GSE40279,17,GSM990369,45.359729290008545,7.359729290008545
GSE40279,17,GSM990371,57.85824918746948,1.1417508125305176
GSE40279,17,GSM990372,60.32577085494995,2.325770854949951
GSE40279,17,GSM990373,44.73499250411987,3.734992504119873
GSE40279,17,GSM990375,31.75602674484253,5.756026744842529
GSE40279,17,GSM990376,57.87507200241089,3.1249279975891113
GSE40279,17,GSM990377,65.47893476486206,9.47893476486206
GSE40279,17,GSM990378,56.06089735031128,9.93910264968872
GSE40279,17,GSM990379,59.93595838546753,2.0640416145324707
GSE40279,17,GSM990381,55.56992292404175,0.569922924041748
GSE40279,17,GSM990382,53.909446239471436,7.0905537605285645
GSE40279,17,GSM990383,64.37263059616089,6.372630596160889
GSE40279,17,GSM990385,56.189197063446045,6.810802936553955
GSE40279,17,GSM990386,61.120173931121826,2.120173931121826
GSE40279,17,GSM990387,59.79904890060425,1.200951099395752
GSE40279,17,GSM990388,62.872371196746826,3.127628803253174
GSE40279,17,GSM990389,59.86738157272339,5.132618427276611
GSE40279,17,GSM990390,58.21466016769409,0.2146601676940918
GSE40279,17,GSM990391,46.78798246383667,3.78798246383667
GSE40279,17,GSM990392,52.775203227996826,2.224796772003174
GSE40279,17,GSM990394,55.70856809616089,5.708568096160889
GSE40279,17,GSM990395,45.4050669670105,0.594933032989502
GSE40279,17,GSM990396,58.04327344894409,4.043273448944092
GSE40279,17,GSM990397,81.64108991622925,1.641089916229248
GSE40279,17,GSM990398,74.39102125167847,8.608978748321533
GSE40279,17,GSM990399,78.841468334198,1.841468334197998
GSE40279,17,GSM990400,77.01945447921753,1.0194544792175293
GSE40279,17,GSM990403,67.50376081466675,14.496239185333252
GSE40279,17,GSM990404,46.61245679855347,11.387543201446533
GSE40279,17,GSM990405,66.90198850631714,0.9019885063171387
GSE40279,17,GSM990406,63.03436613082886,21.965633869171143
GSE40279,17,GSM990407,69.95273542404175,3.952735424041748
GSE40279,17,GSM990408,68.80322217941284,0.1967778205871582
GSE40279,17,GSM990409,70.70178174972534,13.298218250274658
GSE40279,17,GSM990410,80.06706190109253,1.0670619010925293
GSE40279,17,GSM990411,64.37151288986206,0.37151288986206055
GSE40279,17,GSM990412,67.84136152267456,10.15863847732544
GSE40279,17,GSM990413,56.651240825653076,3.651240825653076
GSE40279,17,GSM990414,61.262122631073,2.262122631072998
GSE40279,17,GSM990416,69.08816480636597,8.088164806365967
GSE40279,17,GSM990418,63.87201642990112,5.127983570098877
GSE40279,17,GSM990419,67.11578321456909,7.115783214569092
GSE40279,17,GSM990420,60.68502378463745,4.314976215362549
GSE40279,17,GSM990421,84.94894361495972,4.051056385040283
GSE40279,17,GSM990422,52.10437726974487,21.895622730255127
GSE40279,17,GSM990423,70.08117628097534,10.918823719024658
GSE40279,17,GSM990424,77.42729139328003,9.42729139328003
GSE40279,17,GSM990425,66.8818736076355,1.118126392364502
GSE40279,17,GSM990426,66.27757215499878,1.2775721549987793
GSE40279,17,GSM990427,83.15674543380737,6.843254566192627
GSE40279,17,GSM990429,79.31468915939331,0.31468915939331055
GSE40279,17,GSM990430,66.494300365448,9.494300365447998
GSE40279,17,GSM990431,61.65975904464722,14.340240955352783
GSE40279,17,GSM990432,80.57102918624878,1.5710291862487793
GSE40279,17,GSM990433,45.00969648361206,3.9903035163879395
GSE40279,17,GSM990434,83.60871839523315,8.391281604766846
GSE40279,17,GSM990435,65.22422742843628,0.7757725715637207
GSE40279,17,GSM990436,62.76998472213745,3.769984722137451
GSE40279,17,GSM990437,63.01014280319214,12.989857196807861
GSE40279,17,GSM990438,63.36022138595581,7.3602213859558105
GSE40279,17,GSM990439,57.17133283615112,5.171332836151123
GSE40279,17,GSM990440,63.41250562667847,1.5874943733215332
GSE40279,17,GSM990441,72.33016157150269,0.6698384284973145
GSE40279,17,GSM990442,78.50163984298706,13.50163984298706
GSE40279,17,GSM990443,86.05927991867065,2.0592799186706543
GSE40279,17,GSM990445,80.01945447921753,2.0194544792175293
GSE40279,17,GSM990446,61.485427379608154,8.485427379608154
GSE40279,17,GSM990447,82.15969038009644,14.159690380096436
GSE40279,17,GSM990448,52.274577617645264,0.27457761764526367
GSE40279,17,GSM990449,65.08896589279175,6.911034107208252
GSE40279,17,GSM990450,62.07599210739136,14.075992107391357
GSE40279,17,GSM990451,58.3413462638855,1.658653736114502
GSE40279,17,GSM990452,92.08355665206909,31.083556652069092
GSE40279,17,GSM990453,67.86923170089722,1.1307682991027832
GSE40279,17,GSM990454,75.09478712081909,5.905212879180908
GSE40279,17,GSM990455,75.95257520675659,19.952575206756592
GSE40279,17,GSM990456,81.38301038742065,2.3830103874206543
GSE40279,17,GSM990457,78.68325757980347,3.316742420196533
GSE40279,17,GSM990458,59.80346632003784,1.8034663200378418
GSE40279,17,GSM990459,63.543967723846436,11.456032276153564
GSE40279,17,GSM990462,88.66628980636597,18.666289806365967
GSE40279,17,GSM990463,71.76696729660034,5.233032703399658
GSE40279,17,GSM990464,57.63742017745972,1.6374201774597168
GSE40279,17,GSM990465,63.66574048995972,3.334259510040283
GSE40279,17,GSM990466,79.92771863937378,3.9277186393737793
GSE40279,17,GSM990467,87.61526441574097,1.3847355842590332
GSE40279,17,GSM990468,55.32553052902222,13.674469470977783
GSE40279,17,GSM990470,73.6416392326355,6.358360767364502
GSE40279,17,GSM990471,80.91902112960815,4.919021129608154
GSE40279,17,GSM990473,56.66039228439331,4.3396077156066895
GSE40279,17,GSM990474,50.09835767745972,1.9016423225402832
GSE40279,17,GSM990475,68.43895673751831,0.5610432624816895
GSE40279,17,GSM990477,67.1047739982605,1.895226001739502
GSE40279,17,GSM990478,56.94185972213745,8.058140277862549
GSE40279,17,GSM990479,46.91888380050659,1.9188838005065918
GSE40279,17,GSM990481,66.37253522872925,9.627464771270752
GSE40279,17,GSM990482,72.28449201583862,3.715507984161377
GSE40279,17,GSM990484,68.81672620773315,2.1832737922668457
GSE40279,17,GSM990485,44.32561445236206,7.6743855476379395
GSE40279,17,GSM990486,88.12290906906128,4.122909069061279
GSE40279,17,GSM990487,58.692317485809326,1.6923174858093262
GSE40279,17,GSM990488,69.44956159591675,1.449561595916748
GSE40279,17,GSM990489,73.74145460128784,0.2585453987121582
GSE40279,17,GSM990490,39.750300884246826,6.750300884246826
GSE40279,17,GSM990492,67.34738874435425,5.652611255645752
GSE40279,17,GSM990494,54.826316356658936,17.173683643341064
GSE40279,17,GSM990495,75.61758375167847,2.382416248321533
GSE40279,17,GSM990496,57.491328716278076,10.508671283721924
GSE40279,17,GSM990497,56.973186016082764,4.973186016082764
GSE40279,17,GSM990498,55.26521635055542,8.73478364944458
GSE40279,17,GSM990499,41.070048809051514,14.070048809051514
GSE40279,17,GSM990500,44.18579435348511,15.185794353485107
GSE40279,17,GSM990501,56.81259107589722,12.812591075897217
GSE40279,17,GSM990502,47.063621044158936,6.0636210441589355
GSE40279,17,GSM990503,52.84457349777222,7.844573497772217
GSE40279,17,GSM990504,34.41857671737671,7.418576717376709
GSE40279,17,GSM990505,59.14807081222534,11.148070812225342
GSE40279,17,GSM990506,61.12614393234253,5.126143932342529
GSE40279,17,GSM990507,48.273108959198,14.273108959197998
GSE40279,17,GSM990508,57.805617809295654,11.194382190704346
GSE40279,17,GSM990509,42.75942945480347,13.240570545196533
GSE40279,17,GSM990510,42.955214977264404,4.044785022735596
GSE40279,17,GSM990512,59.30247449874878,0.6975255012512207
GSE40279,17,GSM990514,61.25102186203003,1.2510218620300293
GSE40279,17,GSM990516,52.69552564620972,2.304474353790283
GSE40279,17,GSM990517,38.628379344940186,6.6283793449401855
GSE40279,17,GSM990518,27.56191396713257,4.561913967132568
GSE40279,17,GSM990519,38.585769176483154,4.414230823516846
GSE40279,17,GSM990520,38.63852643966675,8.361473560333252
GSE40279,17,GSM990521,47.2864146232605,3.286414623260498
GSE40279,17,GSM990522,42.9536509513855,5.953650951385498
GSE40279,17,GSM990523,32.90295362472534,5.902953624725342
GSE40279,17,GSM990525,38.74610090255737,10.746100902557373
GSE40279,17,GSM990526,62.94583082199097,11.945830821990967
GSE40279,17,GSM990528,34.461780071258545,15.461780071258545
GSE40279,17,GSM990529,56.74499464035034,12.744994640350342
GSE40279,17,GSM990530,69.07662153244019,20.076621532440186
GSE40279,17,GSM990532,51.90772199630737,7.907721996307373
GSE40279,17,GSM990533,68.21542310714722,6.215423107147217
GSE40279,17,GSM990534,45.83823347091675,15.838233470916748
GSE40279,17,GSM990536,38.439712047576904,2.4397120475769043
GSE40279,17,GSM990537,37.543384075164795,12.543384075164795
GSE40279,17,GSM990538,49.39938306808472,13.399383068084717
GSE40279,17,GSM990539,33.099868297576904,12.099868297576904
GSE40279,17,GSM990540,55.660842418670654,15.660842418670654
GSE40279,17,GSM990541,39.977797985076904,17.977797985076904
GSE40279,17,GSM990542,44.91782331466675,8.917823314666748
GSE40279,17,GSM990543,70.43852186203003,12.43852186203003
GSE40279,17,GSM990544,86.41431379318237,3.414313793182373
GSE40279,17,GSM990548,76.82443189620972,10.824431896209717
GSE40279,17,GSM990550,69.08941602706909,12.910583972930908
GSE40279,17,GSM990551,79.97176313400269,6.9717631340026855
GSE40279,17,GSM990552,79.23722791671753,2.2372279167175293
GSE40279,17,GSM990553,85.74490308761597,5.744903087615967
GSE40279,17,GSM990554,67.84338331222534,11.156616687774658
GSE40279,17,GSM990555,76.7624659538269,3.7624659538269043
GSE40279,17,GSM990557,77.99581861495972,7.004181385040283
GSE40279,17,GSM990558,99.83846235275269,8.838462352752686
GSE40279,17,GSM990559,87.23006391525269,2.2300639152526855
GSE40279,17,GSM990560,83.98237562179565,2.0176243782043457
GSE40279,17,GSM990561,85.91338300704956,11.91338300704956
GSE40279,17,GSM990563,89.08218336105347,2.082183361053467
GSE40279,17,GSM990564,79.5593409538269,3.5593409538269043
GSE40279,17,GSM990565,76.73745679855347,4.262543201446533
GSE40279,17,GSM990566,66.10452222824097,7.104522228240967
GSE40279,17,GSM990567,76.99157667160034,3.991576671600342
GSE40279,17,GSM990569,86.50167798995972,1.5016779899597168
GSE40279,17,GSM990570,71.90912580490112,2.909125804901123
GSE40279,17,GSM990571,71.46263074874878,13.53736925125122
GSE40279,17,GSM990572,87.53903150558472,2.539031505584717
GSE40279,17,GSM990573,88.8465723991394,4.846572399139404
GSE40279,17,GSM990574,77.31347608566284,5.686523914337158
GSE40279,17,GSM990575,83.72194623947144,16.721946239471436
GSE40279,17,GSM990578,95.38212537765503,8.38212537765503
GSE40279,17,GSM990579,80.85124158859253,3.1487584114074707
GSE40279,17,GSM990580,83.21736097335815,1.2173609733581543
GSE40279,17,GSM990581,89.75567579269409,3.244324207305908
GSE40279,17,GSM990583,87.20512342453003,7.205123424530029
GSE40279,17,GSM990584,83.58464002609253,4.415359973907471
GSE40279,17,GSM990585,73.78022718429565,1.7802271842956543
GSE40279,17,GSM990587,55.46491193771362,0.535088062286377
GSE40279,17,GSM990588,93.26986646652222,1.2698664665222168
GSE40279,17,GSM990589,81.6654200553894,3.6654200553894043
GSE40279,17,GSM990590,77.02582502365112,6.025825023651123
GSE40279,17,GSM990591,68.86837720870972,20.131622791290283
GSE40279,17,GSM990592,50.99900007247925,3.000999927520752
GSE40279,17,GSM990593,69.13211011886597,3.132110118865967
GSE40279,17,GSM990594,83.05333662033081,8.05333662033081
GSE40279,17,GSM990595,84.25775861740112,5.742241382598877
GSE40279,17,GSM990596,66.30773496627808,0.30773496627807617
GSE40279,17,GSM990597,91.25410413742065,14.254104137420654
GSE40279,17,GSM990598,84.51899671554565,2.5189967155456543
GSE40279,17,GSM990599,78.63426160812378,13.63426160812378
GSE40279,17,GSM990600,69.17232465744019,11.172324657440186
GSE40279,17,GSM990603,79.22323560714722,5.223235607147217
GSE40279,17,GSM990604,75.94358015060425,6.943580150604248
GSE40279,17,GSM990605,86.97591352462769,3.9759135246276855
GSE40279,17,GSM990606,88.8547511100769,5.854751110076904
GSE40279,17,GSM990607,92.79507398605347,22.795073986053467
GSE40279,17,GSM990608,82.38037061691284,18.380370616912842
GSE40279,17,GSM990609,78.66377210617065,28.663772106170654
GSE40279,17,GSM990610,102.304358959198,28.304358959197998
GSE40279,17,GSM990611,72.66039991378784,3.660399913787842
GSE40279,17,GSM990612,98.33749341964722,12.337493419647217
GSE40279,17,GSM990613,67.70213270187378,1.7021327018737793
GSE40279,17,GSM990614,84.95370435714722,14.953704357147217
GSE40279,17,GSM990615,103.09595441818237,14.095954418182373
GSE40279,17,GSM990617,78.75152540206909,9.751525402069092
GSE40279,17,GSM990618,73.3152232170105,9.315223217010498
GSE40279,17,GSM990619,80.90098524093628,1.9009852409362793
GSE40279,17,GSM990620,87.74519300460815,4.254806995391846
GSE40279,17,GSM990621,82.65035963058472,12.650359630584717
GSE40279,17,GSM990622,86.82851362228394,9.828513622283936
GSE40279,17,GSM990623,87.96304273605347,9.963042736053467
GSE40279,17,GSM990624,81.69219923019409,10.692199230194092
GSE40279,17,GSM990625,82.94601392745972,14.946013927459717
GSE40279,17,GSM990626,69.13745069503784,8.137450695037842
GSE40279,17,GSM990627,78.7339015007019,5.733901500701904
GSE40279,18,GSM989827,65.49460458755493,1.5053954124450684
GSE40279,18,GSM989828,93.17400979995728,4.174009799957275
GSE40279,18,GSM989829,74.69199991226196,8.691999912261963
GSE40279,18,GSM989831,69.053213596344,7.053213596343994
GSE40279,18,GSM989832,75.74026346206665,11.25973653793335
GSE40279,18,GSM989833,68.47404336929321,4.525956630706787
GSE40279,18,GSM989834,79.28607034683228,4.286070346832275
GSE40279,18,GSM989836,105.62679147720337,22.62679147720337
GSE40279,18,GSM989838,57.464102268218994,9.464102268218994
GSE40279,18,GSM989839,80.2304368019104,3.2304368019104004
GSE40279,18,GSM989840,60.71787118911743,6.717871189117432
GSE40279,18,GSM989843,83.68740701675415,15.68740701675415
GSE40279,18,GSM989846,74.64554452896118,14.645544528961182
GSE40279,18,GSM989847,89.42679452896118,10.426794528961182
GSE40279,18,GSM989848,82.33743143081665,14.33743143081665
GSE40279,18,GSM989850,89.21844339370728,5.218443393707275
GSE40279,18,GSM989852,75.93298959732056,1.9329895973205566
GSE40279,18,GSM989854,79.43495798110962,23.43495798110962
GSE40279,18,GSM989855,82.78053903579712,10.78053903579712
GSE40279,18,GSM989856,82.91741800308228,7.917418003082275
GSE40279,18,GSM989857,91.19667673110962,12.19667673110962
GSE40279,18,GSM989859,81.53452157974243,0.46547842025756836
GSE40279,18,GSM989861,96.76941537857056,17.769415378570557
GSE40279,18,GSM989862,66.23799753189087,12.23799753189087
GSE40279,18,GSM989865,78.43393564224243,5.566064357757568
GSE40279,18,GSM989868,84.3610291481018,10.361029148101807
GSE40279,18,GSM989869,66.12105417251587,10.87894582748413
GSE40279,18,GSM989871,86.32634592056274,0.6736540794372559
GSE40279,18,GSM989873,84.98374795913696,3.016252040863037
GSE40279,18,GSM989874,71.51637125015259,5.516371250152588
GSE40279,18,GSM989875,77.23007822036743,0.7699217796325684
GSE40279,18,GSM989876,74.06268167495728,21.062681674957275
GSE40279,18,GSM989877,79.78469705581665,3.7846970558166504
GSE40279,18,GSM989880,68.97122812271118,14.971228122711182
GSE40279,18,GSM989881,79.64583444595337,6.645834445953369
GSE40279,18,GSM989882,78.85561990737915,17.14438009262085
GSE40279,18,GSM989883,70.23347330093384,13.233473300933838
GSE40279,18,GSM989884,71.31873178482056,4.681268215179443
GSE40279,18,GSM989885,56.51717233657837,9.51717233657837
GSE40279,18,GSM989886,63.04596185684204,9.045961856842041
GSE40279,18,GSM989887,71.95973825454712,1.0402617454528809
GSE40279,18,GSM989888,80.49989938735962,3.500100612640381
GSE40279,18,GSM989889,79.95918130874634,17.959181308746338
GSE40279,18,GSM989890,87.45041513442993,1.5495848655700684
GSE40279,18,GSM989891,74.67148447036743,6.671484470367432
GSE40279,18,GSM989892,73.30403757095337,11.30403757095337
GSE40279,18,GSM989893,83.38295602798462,4.382956027984619
GSE40279,18,GSM989894,73.7269196510315,1.7269196510314941
GSE40279,18,GSM989895,70.966543674469,1.9665436744689941
GSE40279,18,GSM989896,57.63135385513306,2.6313538551330566
GSE40279,18,GSM989898,82.55820322036743,3.5582032203674316
GSE40279,18,GSM989899,78.41009378433228,6.410093784332275
GSE40279,18,GSM989900,88.23390817642212,0.7660918235778809
GSE40279,18,GSM989902,76.51905679702759,8.480943202972412
GSE40279,18,GSM989903,78.2244324684143,10.224432468414307
GSE40279,18,GSM989904,98.1553406715393,9.155340671539307
GSE40279,18,GSM989905,86.5874695777893,13.587469577789307
GSE40279,18,GSM989906,69.81296396255493,6.812963962554932
GSE40279,18,GSM989907,75.7994294166565,2.200570583343506
GSE40279,18,GSM989911,94.55996561050415,9.55996561050415
GSE40279,18,GSM989914,79.93786478042603,5.937864780426025
GSE40279,18,GSM989915,88.3327317237854,4.3327317237854
GSE40279,18,GSM989917,65.12160348892212,16.12160348892212
GSE40279,18,GSM989918,85.0342469215393,16.034246921539307
GSE40279,18,GSM989919,82.95232248306274,19.952322483062744
GSE40279,18,GSM989920,77.55344247817993,11.553442478179932
GSE40279,18,GSM989921,88.67768716812134,3.677687168121338
GSE40279,18,GSM989924,70.64096689224243,11.640966892242432
GSE40279,18,GSM989925,74.78050088882446,4.780500888824463
GSE40279,18,GSM989926,78.4580979347229,13.4580979347229
GSE40279,18,GSM989927,81.47926187515259,13.479261875152588
GSE40279,18,GSM989928,90.50038766860962,6.500387668609619
GSE40279,18,GSM989930,62.3185601234436,11.318560123443604
GSE40279,18,GSM989931,73.9163269996643,10.916326999664307
GSE40279,18,GSM989932,77.97413492202759,8.974134922027588
GSE40279,18,GSM989934,72.09007120132446,5.909928798675537
GSE40279,18,GSM989935,58.25381326675415,6.25381326675415
GSE40279,18,GSM989936,60.79019784927368,11.790197849273682
GSE40279,18,GSM989937,71.61415719985962,18.61415719985962
GSE40279,18,GSM989938,71.0877137184143,12.087713718414307
GSE40279,18,GSM989939,74.85991525650024,12.859915256500244
GSE40279,18,GSM989941,82.62723398208618,14.627233982086182
GSE40279,18,GSM989942,79.85083627700806,5.850836277008057
GSE40279,18,GSM989943,65.70573282241821,6.705732822418213
GSE40279,18,GSM989944,83.36110544204712,7.361105442047119
GSE40279,18,GSM989945,69.22794198989868,15.227941989898682
GSE40279,18,GSM989946,75.24128580093384,16.241285800933838
GSE40279,18,GSM989947,71.07272958755493,23.07272958755493
GSE40279,18,GSM989948,61.96896982192993,16.96896982192993
GSE40279,18,GSM989950,74.03567361831665,11.03567361831665
GSE40279,18,GSM989951,81.82360696792603,1.8236069679260254
GSE40279,18,GSM989952,70.68361520767212,10.68361520767212
GSE40279,18,GSM989953,84.17867136001587,13.17867136001587
GSE40279,18,GSM989954,77.27292490005493,10.272924900054932
GSE40279,18,GSM989955,70.55413675308228,20.554136753082275
GSE40279,18,GSM989956,85.20012521743774,0.7998747825622559
GSE40279,18,GSM989957,77.3794617652893,7.379461765289307
GSE40279,18,GSM989958,64.56260538101196,10.562605381011963
GSE40279,18,GSM989961,64.00375604629517,6.003756046295166
GSE40279,18,GSM989962,68.35556650161743,10.355566501617432
GSE40279,18,GSM989963,70.4978699684143,6.497869968414307
GSE40279,18,GSM989964,80.411856174469,7.411856174468994
GSE40279,18,GSM989965,56.65248727798462,7.652487277984619
GSE40279,18,GSM989966,59.113802433013916,3.113802433013916
GSE40279,18,GSM989968,57.53257608413696,9.532576084136963
GSE40279,18,GSM989969,81.24846506118774,0.24846506118774414
GSE40279,18,GSM989971,67.56494760513306,6.564947605133057
GSE40279,18,GSM989972,63.59050226211548,13.590502262115479
GSE40279,18,GSM989973,68.03871774673462,0.9612822532653809
GSE40279,18,GSM989975,50.25181436538696,3.251814365386963
GSE40279,18,GSM989976,64.1397156715393,21.139715671539307
GSE40279,18,GSM989977,63.87913370132446,8.879133701324463
GSE40279,18,GSM989978,64.77360391616821,10.773603916168213
GSE40279,18,GSM989979,69.48506021499634,11.485060214996338
GSE40279,18,GSM989980,52.8517632484436,18.851763248443604
GSE40279,18,GSM989981,72.1617112159729,7.1617112159729
GSE40279,18,GSM989982,63.77057504653931,11.770575046539307
GSE40279,18,GSM989983,48.97509241104126,16.97509241104126
GSE40279,18,GSM989984,61.3540940284729,14.3540940284729
GSE40279,18,GSM989985,74.259512424469,20.259512424468994
GSE40279,18,GSM989987,51.44032907485962,23.44032907485962
GSE40279,18,GSM989988,74.61073923110962,20.61073923110962
GSE40279,18,GSM989989,74.04057168960571,15.040571689605713
GSE40279,18,GSM989991,62.71803903579712,12.71803903579712
GSE40279,18,GSM989992,40.7198166847229,10.7198166847229
GSE40279,18,GSM989993,65.65605020523071,15.656050205230713
GSE40279,18,GSM989994,65.83440637588501,18.83440637588501
GSE40279,18,GSM989995,67.61682748794556,20.616827487945557
GSE40279,18,GSM989996,48.95294427871704,15.952944278717041
GSE40279,18,GSM989997,51.49886178970337,13.49886178970337
GSE40279,18,GSM989998,49.882986545562744,14.882986545562744
GSE40279,18,GSM990000,77.0816330909729,2.9183669090270996
GSE40279,18,GSM990001,90.13416910171509,4.134169101715088
GSE40279,18,GSM990002,76.56157541275024,5.561575412750244
GSE40279,18,GSM990003,73.42948007583618,3.5705199241638184
GSE40279,18,GSM990004,77.06983804702759,10.069838047027588
GSE40279,18,GSM990005,81.2154221534729,2.7845778465270996
GSE40279,18,GSM990006,81.098379611969,1.0983796119689941
GSE40279,18,GSM990007,73.98329019546509,3.983290195465088
GSE40279,18,GSM990009,67.08704996109009,4.087049961090088
GSE40279,18,GSM990010,72.82066202163696,2.820662021636963
GSE40279,18,GSM990012,77.046865940094,10.046865940093994
GSE40279,18,GSM990014,61.76331186294556,8.236688137054443
GSE40279,18,GSM990015,84.5126404762268,10.512640476226807
GSE40279,18,GSM990016,80.07593393325806,7.075933933258057
GSE40279,18,GSM990017,74.5062928199768,2.4937071800231934
GSE40279,18,GSM990018,93.87870645523071,13.878706455230713
GSE40279,18,GSM990019,81.03083658218384,15.030836582183838
GSE40279,18,GSM990021,87.33975839614868,11.339758396148682
GSE40279,18,GSM990022,75.90425729751587,2.095742702484131
GSE40279,18,GSM990023,85.7945466041565,3.794546604156494
GSE40279,18,GSM990024,82.4778504371643,6.477850437164307
GSE40279,18,GSM990025,72.5974793434143,1.5974793434143066
GSE40279,18,GSM990026,77.56845712661743,4.431542873382568
GSE40279,18,GSM990027,91.31799173355103,8.317991733551025
GSE40279,18,GSM990028,75.1174988746643,3.8825011253356934
GSE40279,18,GSM990029,72.7038025856018,2.2961974143981934
GSE40279,18,GSM990031,64.80229043960571,0.8022904396057129
GSE40279,18,GSM990033,94.50341653823853,2.5034165382385254
GSE40279,18,GSM990034,83.76043558120728,9.760435581207275
GSE40279,18,GSM990035,75.14283609390259,6.142836093902588
GSE40279,18,GSM990036,82.94669198989868,2.9466919898986816
GSE40279,18,GSM990039,88.7996735572815,7.799673557281494
GSE40279,18,GSM990041,77.1559510231018,8.155951023101807
GSE40279,18,GSM990042,77.8947205543518,4.894720554351807
GSE40279,18,GSM990045,65.73994302749634,2.260056972503662
GSE40279,18,GSM990046,85.80586099624634,16.805860996246338
GSE40279,18,GSM990049,81.42578744888306,0.42578744888305664
GSE40279,18,GSM990050,65.58085489273071,5.419145107269287
GSE40279,18,GSM990051,72.92117929458618,1.9211792945861816
GSE40279,18,GSM990052,79.69795846939087,4.697958469390869
GSE40279,18,GSM990053,58.76566934585571,1.234330654144287
GSE40279,18,GSM990054,76.14077615737915,0.8592238426208496
GSE40279,18,GSM990055,81.95937204360962,3.040627956390381
GSE40279,18,GSM990056,72.45535898208618,2.4553589820861816
GSE40279,18,GSM990057,68.65276956558228,6.652769565582275
GSE40279,18,GSM990058,72.81522226333618,3.8152222633361816
GSE40279,18,GSM990059,72.63509225845337,0.36490774154663086
GSE40279,18,GSM990060,79.74661874771118,6.746618747711182
GSE40279,18,GSM990061,74.35827493667603,0.3582749366760254
GSE40279,18,GSM990062,74.39994668960571,1.399946689605713
GSE40279,18,GSM990063,83.04469919204712,2.955300807952881
GSE40279,18,GSM990066,82.10156869888306,7.101568698883057
GSE40279,18,GSM990068,59.77745294570923,7.2225470542907715
GSE40279,18,GSM990070,55.37607431411743,7.376074314117432
GSE40279,18,GSM990072,66.66425943374634,18.664259433746338
GSE40279,18,GSM990075,59.7926812171936,13.792681217193604
GSE40279,18,GSM990076,59.87782526016235,0.12217473983764648
GSE40279,18,GSM990077,55.92288064956665,15.92288064956665
GSE40279,18,GSM990079,54.37307596206665,13.37307596206665
GSE40279,18,GSM990080,54.489798069000244,1.4897980690002441
GSE40279,18,GSM990081,61.77479410171509,13.774794101715088
GSE40279,18,GSM990082,74.241201877594,3.241201877593994
GSE40279,18,GSM990083,61.7716851234436,9.771685123443604
GSE40279,18,GSM990084,61.54608774185181,2.4539122581481934
GSE40279,18,GSM990085,53.625154972076416,5.625154972076416
GSE40279,18,GSM990086,55.22859811782837,0.22859811782836914
GSE40279,18,GSM990087,76.39192819595337,8.39192819595337
GSE40279,18,GSM990088,57.979944705963135,11.979944705963135
GSE40279,18,GSM990089,69.36335611343384,5.363356113433838
GSE40279,18,GSM990090,58.12026834487915,1.1202683448791504
GSE40279,18,GSM990091,53.01038217544556,8.010382175445557
GSE40279,18,GSM990094,77.00614786148071,17.006147861480713
GSE40279,18,GSM990095,59.26365518569946,8.263655185699463
GSE40279,18,GSM990096,40.4100022315979,32.5899977684021
GSE40279,18,GSM990097,56.8195481300354,18.8195481300354
GSE40279,18,GSM990099,74.57070016860962,10.57070016860962
GSE40279,18,GSM990100,65.89468240737915,7.89468240737915
GSE40279,18,GSM990101,50.70112085342407,7.701120853424072
GSE40279,18,GSM990102,43.81904458999634,5.819044589996338
GSE40279,18,GSM990103,58.38963174819946,4.389631748199463
GSE40279,18,GSM990104,75.54478311538696,5.544783115386963
GSE40279,18,GSM990106,69.56997537612915,7.56997537612915
GSE40279,18,GSM990107,53.41707468032837,2.417074680328369
GSE40279,18,GSM990108,49.6486611366272,8.648661136627197
GSE40279,18,GSM990109,50.0749192237854,2.9250807762145996
GSE40279,18,GSM990110,61.687551975250244,3.312448024749756
GSE40279,18,GSM990111,56.05002450942993,6.050024509429932
GSE40279,18,GSM990112,61.80328989028931,6.803289890289307
GSE40279,18,GSM990113,63.5012993812561,1.5012993812561035
GSE40279,18,GSM990114,64.41914987564087,3.419149875640869
GSE40279,18,GSM990115,50.2098069190979,12.2098069190979
GSE40279,18,GSM990117,73.6655945777893,9.665594577789307
GSE40279,18,GSM990118,50.360586643218994,6.639413356781006
GSE40279,18,GSM990119,61.0276894569397,4.027689456939697
GSE40279,18,GSM990120,53.176756381988525,4.176756381988525
GSE40279,18,GSM990121,62.21632242202759,1.783677577972412
GSE40279,18,GSM990122,51.905298709869385,14.094701290130615
GSE40279,18,GSM990268,54.402430057525635,2.4024300575256348
GSE40279,18,GSM990269,59.42622232437134,16.426222324371338
GSE40279,18,GSM990271,57.243216037750244,6.243216037750244
GSE40279,18,GSM990272,58.07331705093384,0.07331705093383789
GSE40279,18,GSM990273,57.594053745269775,5.405946254730225
GSE40279,18,GSM990274,55.273062229156494,0.27306222915649414
GSE40279,18,GSM990275,54.015249729156494,4.015249729156494
GSE40279,18,GSM990276,73.0024094581604,16.0024094581604
GSE40279,18,GSM990277,33.457056522369385,0.45705652236938477
GSE40279,18,GSM990278,58.03213357925415,12.03213357925415
GSE40279,18,GSM990279,50.80085611343384,4.800856113433838
GSE40279,18,GSM990281,57.8976731300354,2.8976731300354004
GSE40279,18,GSM990282,45.70619058609009,18.293809413909912
GSE40279,18,GSM990283,43.77993631362915,2.2200636863708496
GSE40279,18,GSM990284,61.15217447280884,4.847825527191162
GSE40279,18,GSM990285,47.15089273452759,0.1508927345275879
GSE40279,18,GSM990286,46.0491509437561,11.950849056243896
GSE40279,18,GSM990287,61.276766300201416,0.276766300201416
GSE40279,18,GSM990288,41.4428391456604,6.5571608543396
GSE40279,18,GSM990289,43.560179233551025,1.4398207664489746
GSE40279,18,GSM990290,57.57526254653931,4.424737453460693
GSE40279,18,GSM990291,49.9405083656311,0.059491634368896484
GSE40279,18,GSM990292,35.77377939224243,1.7737793922424316
GSE40279,18,GSM990293,58.40605401992798,5.5939459800720215
GSE40279,18,GSM990294,49.70396661758423,5.2960333824157715
GSE40279,18,GSM990295,54.19584512710571,6.195845127105713
GSE40279,18,GSM990297,59.849520206451416,4.150479793548584
GSE40279,18,GSM990298,56.87274789810181,1.1272521018981934
GSE40279,18,GSM990299,38.58728647232056,1.5872864723205566
GSE40279,18,GSM990300,58.9633469581604,1.0366530418395996
GSE40279,18,GSM990301,58.3698525428772,4.630147457122803
GSE40279,18,GSM990302,52.759085178375244,6.240914821624756
GSE40279,18,GSM990303,49.73166513442993,4.268334865570068
GSE40279,18,GSM990304,55.99878931045532,4.001210689544678
GSE40279,18,GSM990305,51.54810190200806,0.5481019020080566
GSE40279,18,GSM990306,68.03560495376587,5.035604953765869
GSE40279,18,GSM990307,60.06314706802368,3.9368529319763184
GSE40279,18,GSM990309,55.66834497451782,11.668344974517822
GSE40279,18,GSM990311,61.655489444732666,4.344510555267334
GSE40279,18,GSM990313,56.16862344741821,4.831376552581787
GSE40279,18,GSM990314,56.162500858306885,4.162500858306885
GSE40279,18,GSM990315,64.76989221572876,3.7698922157287598
GSE40279,18,GSM990318,45.08860635757446,6.911393642425537
GSE40279,18,GSM990319,51.679720401763916,3.320279598236084
GSE40279,18,GSM990320,65.59634637832642,6.596346378326416
GSE40279,18,GSM990321,55.436575412750244,3.563424587249756
GSE40279,18,GSM990323,50.35219430923462,4.352194309234619
GSE40279,18,GSM990324,35.70693826675415,4.70693826675415
GSE40279,18,GSM990325,61.18715524673462,6.187155246734619
GSE40279,18,GSM990326,46.488279819488525,6.511720180511475
GSE40279,18,GSM990327,48.81905221939087,6.819052219390869
GSE40279,18,GSM990329,50.46450662612915,0.4645066261291504
GSE40279,18,GSM990330,50.903555393218994,1.0964446067810059
GSE40279,18,GSM990331,43.241358280181885,1.7586417198181152
GSE40279,18,GSM990332,55.24073266983032,9.759267330169678
GSE40279,18,GSM990333,46.64170694351196,12.358293056488037
GSE40279,18,GSM990334,61.14393854141235,3.1439385414123535
GSE40279,18,GSM990335,64.7301926612854,0.7301926612854004
GSE40279,18,GSM990336,52.22510766983032,8.774892330169678
GSE40279,18,GSM990337,56.56065225601196,10.439347743988037
GSE40279,18,GSM990338,60.73192071914673,1.7319207191467285
GSE40279,18,GSM990339,51.63216257095337,6.367837429046631
GSE40279,18,GSM990340,47.709829807281494,6.290170192718506
GSE40279,18,GSM990341,56.87635278701782,0.12364721298217773
GSE40279,18,GSM990342,57.99965524673462,2.000344753265381
GSE40279,18,GSM990343,47.624693393707275,2.3753066062927246
GSE40279,18,GSM990346,46.34570932388306,2.3457093238830566
GSE40279,18,GSM990347,59.60895395278931,2.3910460472106934
GSE40279,18,GSM990348,71.24877786636353,4.751222133636475
GSE40279,18,GSM990350,48.451204776763916,2.451204776763916
GSE40279,18,GSM990352,56.19974374771118,2.8002562522888184
GSE40279,18,GSM990353,53.419798374176025,1.4197983741760254
GSE40279,18,GSM990354,39.986753940582275,10.013246059417725
GSE40279,18,GSM990355,41.38307809829712,3.616921901702881
GSE40279,18,GSM990356,49.526766300201416,2.473233699798584
GSE40279,18,GSM990357,49.377493381500244,4.622506618499756
GSE40279,18,GSM990358,66.08389139175415,4.08389139175415
GSE40279,18,GSM990360,56.85597848892212,6.144021511077881
GSE40279,18,GSM990363,62.304373264312744,2.695626735687256
GSE40279,18,GSM990364,58.03919076919556,5.960809230804443
GSE40279,18,GSM990365,53.20661020278931,3.7933897972106934
GSE40279,18,GSM990366,62.00411081314087,0.9958891868591309
GSE40279,18,GSM990369,44.345484256744385,6.345484256744385
GSE40279,18,GSM990371,56.84400415420532,2.1559958457946777
GSE40279,18,GSM990372,59.31152582168579,1.311525821685791
GSE40279,18,GSM990373,43.72074747085571,2.720747470855713
GSE40279,18,GSM990375,30.74178171157837,4.741781711578369
GSE40279,18,GSM990376,56.86082696914673,4.1391730308532715
GSE40279,18,GSM990377,64.4646897315979,8.4646897315979
GSE40279,18,GSM990378,55.04665231704712,10.95334768295288
GSE40279,18,GSM990379,58.92171335220337,3.078286647796631
GSE40279,18,GSM990381,54.55567789077759,0.4443221092224121
GSE40279,18,GSM990382,52.895201206207275,8.104798793792725
GSE40279,18,GSM990383,63.35838556289673,5.3583855628967285
GSE40279,18,GSM990385,55.174952030181885,7.825047969818115
GSE40279,18,GSM990386,60.105928897857666,1.105928897857666
GSE40279,18,GSM990387,58.78480386734009,2.215196132659912
GSE40279,18,GSM990388,61.858126163482666,4.141873836517334
GSE40279,18,GSM990389,58.85313653945923,6.1468634605407715
GSE40279,18,GSM990390,57.20041513442993,0.7995848655700684
GSE40279,18,GSM990391,45.77373743057251,2.7737374305725098
GSE40279,18,GSM990392,51.760958194732666,3.239041805267334
GSE40279,18,GSM990394,54.69432306289673,4.6943230628967285
GSE40279,18,GSM990395,44.39082193374634,1.609178066253662
GSE40279,18,GSM990396,57.02902841567993,3.0290284156799316
GSE40279,18,GSM990397,80.62684488296509,0.6268448829650879
GSE40279,18,GSM990398,73.3767762184143,9.623223781585693
GSE40279,18,GSM990399,77.82722330093384,0.8272233009338379
GSE40279,18,GSM990400,76.00520944595337,0.005209445953369141
GSE40279,18,GSM990403,66.48951578140259,15.510484218597412
GSE40279,18,GSM990404,45.59821176528931,12.401788234710693
GSE40279,18,GSM990405,65.88774347305298,0.11225652694702148
GSE40279,18,GSM990406,62.0201210975647,22.979878902435303
GSE40279,18,GSM990407,68.93849039077759,2.938490390777588
GSE40279,18,GSM990408,67.78897714614868,1.2110228538513184
GSE40279,18,GSM990409,69.68753671646118,14.312463283538818
GSE40279,18,GSM990410,79.05281686782837,0.05281686782836914
GSE40279,18,GSM990411,63.3572678565979,0.6427321434020996
GSE40279,18,GSM990412,66.8271164894104,11.1728835105896
GSE40279,18,GSM990413,55.636995792388916,2.636995792388916
GSE40279,18,GSM990414,60.24787759780884,1.247877597808838
GSE40279,18,GSM990416,68.0739197731018,7.073919773101807
GSE40279,18,GSM990418,62.85777139663696,6.142228603363037
GSE40279,18,GSM990419,66.10153818130493,6.101538181304932
GSE40279,18,GSM990420,59.67077875137329,5.329221248626709
GSE40279,18,GSM990421,83.93469858169556,5.065301418304443
GSE40279,18,GSM990422,51.09013223648071,22.909867763519287
GSE40279,18,GSM990423,69.06693124771118,11.933068752288818
GSE40279,18,GSM990424,76.41304636001587,8.41304636001587
GSE40279,18,GSM990425,65.86762857437134,2.132371425628662
GSE40279,18,GSM990426,65.26332712173462,0.26332712173461914
GSE40279,18,GSM990427,82.14250040054321,7.857499599456787
GSE40279,18,GSM990429,78.30044412612915,0.6995558738708496
GSE40279,18,GSM990430,65.48005533218384,8.480055332183838
GSE40279,18,GSM990431,60.64551401138306,15.354485988616943
GSE40279,18,GSM990432,79.55678415298462,0.5567841529846191
GSE40279,18,GSM990433,43.9954514503479,5.0045485496521
GSE40279,18,GSM990434,82.594473361969,9.405526638031006
GSE40279,18,GSM990435,64.20998239517212,1.7900176048278809
GSE40279,18,GSM990436,61.75573968887329,2.755739688873291
GSE40279,18,GSM990437,61.99589776992798,14.004102230072021
GSE40279,18,GSM990438,62.34597635269165,6.34597635269165
GSE40279,18,GSM990439,56.15708780288696,4.157087802886963
GSE40279,18,GSM990440,62.39826059341431,2.6017394065856934
GSE40279,18,GSM990441,71.31591653823853,1.6840834617614746
GSE40279,18,GSM990442,77.4873948097229,12.4873948097229
GSE40279,18,GSM990443,85.0450348854065,1.0450348854064941
GSE40279,18,GSM990445,79.00520944595337,1.0052094459533691
GSE40279,18,GSM990446,60.471182346343994,7.471182346343994
GSE40279,18,GSM990447,81.14544534683228,13.145445346832275
GSE40279,18,GSM990448,51.2603325843811,0.7396674156188965
GSE40279,18,GSM990449,64.07472085952759,7.925279140472412
GSE40279,18,GSM990450,61.0617470741272,13.061747074127197
GSE40279,18,GSM990451,57.32710123062134,2.672898769378662
GSE40279,18,GSM990452,91.06931161880493,30.06931161880493
GSE40279,18,GSM990453,66.85498666763306,2.1450133323669434
GSE40279,18,GSM990454,74.08054208755493,6.919457912445068
GSE40279,18,GSM990455,74.93833017349243,18.93833017349243
GSE40279,18,GSM990456,80.3687653541565,1.3687653541564941
GSE40279,18,GSM990457,77.6690125465393,4.330987453460693
GSE40279,18,GSM990458,58.78922128677368,0.7892212867736816
GSE40279,18,GSM990459,62.529722690582275,12.470277309417725
GSE40279,18,GSM990462,87.6520447731018,17.652044773101807
GSE40279,18,GSM990463,70.75272226333618,6.247277736663818
GSE40279,18,GSM990464,56.62317514419556,0.6231751441955566
GSE40279,18,GSM990465,62.65149545669556,4.348504543304443
GSE40279,18,GSM990466,78.91347360610962,2.913473606109619
GSE40279,18,GSM990467,86.6010193824768,2.3989806175231934
GSE40279,18,GSM990468,54.31128549575806,14.688714504241943
GSE40279,18,GSM990470,72.62739419937134,7.372605800628662
GSE40279,18,GSM990471,79.904776096344,3.904776096343994
GSE40279,18,GSM990473,55.64614725112915,5.35385274887085
GSE40279,18,GSM990474,49.08411264419556,2.9158873558044434
GSE40279,18,GSM990475,67.42471170425415,1.5752882957458496
GSE40279,18,GSM990477,66.09052896499634,2.909471035003662
GSE40279,18,GSM990478,55.92761468887329,9.072385311126709
GSE40279,18,GSM990479,45.90463876724243,0.9046387672424316
GSE40279,18,GSM990481,65.35829019546509,10.641709804534912
GSE40279,18,GSM990482,71.27024698257446,4.729753017425537
GSE40279,18,GSM990484,67.802481174469,3.197518825531006
GSE40279,18,GSM990485,43.3113694190979,8.6886305809021
GSE40279,18,GSM990486,87.10866403579712,3.108664035797119
GSE40279,18,GSM990487,57.678072452545166,0.678072452545166
GSE40279,18,GSM990488,68.43531656265259,0.4353165626525879
GSE40279,18,GSM990489,72.72720956802368,1.2727904319763184
GSE40279,18,GSM990490,38.736055850982666,5.736055850982666
GSE40279,18,GSM990492,66.33314371109009,6.666856288909912
GSE40279,18,GSM990494,53.812071323394775,18.187928676605225
GSE40279,18,GSM990495,74.6033387184143,3.3966612815856934
GSE40279,18,GSM990496,56.477083683013916,11.522916316986084
GSE40279,18,GSM990497,55.9589409828186,3.9589409828186035
GSE40279,18,GSM990498,54.25097131729126,9.74902868270874
GSE40279,18,GSM990499,40.05580377578735,13.055803775787354
GSE40279,18,GSM990500,43.17154932022095,14.171549320220947
GSE40279,18,GSM990501,55.79834604263306,11.798346042633057
GSE40279,18,GSM990502,46.049376010894775,5.049376010894775
GSE40279,18,GSM990503,51.83032846450806,6.830328464508057
GSE40279,18,GSM990504,33.40433168411255,6.404331684112549
GSE40279,18,GSM990505,58.13382577896118,10.133825778961182
GSE40279,18,GSM990506,60.11189889907837,4.111898899078369
GSE40279,18,GSM990507,47.25886392593384,13.258863925933838
GSE40279,18,GSM990508,56.791372776031494,12.208627223968506
GSE40279,18,GSM990509,41.74518442153931,14.254815578460693
GSE40279,18,GSM990510,41.940969944000244,5.059030055999756
GSE40279,18,GSM990512,58.28822946548462,1.7117705345153809
GSE40279,18,GSM990514,60.23677682876587,0.23677682876586914
GSE40279,18,GSM990516,51.68128061294556,3.3187193870544434
GSE40279,18,GSM990517,37.614134311676025,5.614134311676025
GSE40279,18,GSM990518,26.547668933868408,3.547668933868408
GSE40279,18,GSM990519,37.571524143218994,5.428475856781006
GSE40279,18,GSM990520,37.62428140640259,9.375718593597412
GSE40279,18,GSM990521,46.27216958999634,2.272169589996338
GSE40279,18,GSM990522,41.93940591812134,4.939405918121338
GSE40279,18,GSM990523,31.88870859146118,4.888708591461182
GSE40279,18,GSM990525,37.73185586929321,9.731855869293213
GSE40279,18,GSM990526,61.93158578872681,10.931585788726807
GSE40279,18,GSM990528,33.447535037994385,14.447535037994385
GSE40279,18,GSM990529,55.73074960708618,11.730749607086182
GSE40279,18,GSM990530,68.06237649917603,19.062376499176025
GSE40279,18,GSM990532,50.89347696304321,6.893476963043213
GSE40279,18,GSM990533,67.20117807388306,5.201178073883057
GSE40279,18,GSM990534,44.82398843765259,14.823988437652588
GSE40279,18,GSM990536,37.425467014312744,1.4254670143127441
GSE40279,18,GSM990537,36.529139041900635,11.529139041900635
GSE40279,18,GSM990538,48.38513803482056,12.385138034820557
GSE40279,18,GSM990539,32.085623264312744,11.085623264312744
GSE40279,18,GSM990540,54.646597385406494,14.646597385406494
GSE40279,18,GSM990541,38.963552951812744,16.963552951812744
GSE40279,18,GSM990542,43.90357828140259,7.903578281402588
GSE40279,18,GSM990543,69.42427682876587,11.42427682876587
GSE40279,18,GSM990544,85.40006875991821,2.400068759918213
GSE40279,18,GSM990548,75.81018686294556,9.810186862945557
GSE40279,18,GSM990550,68.07517099380493,13.924829006195068
GSE40279,18,GSM990551,78.95751810073853,5.957518100738525
GSE40279,18,GSM990552,78.22298288345337,1.2229828834533691
GSE40279,18,GSM990553,84.7306580543518,4.730658054351807
GSE40279,18,GSM990554,66.82913827896118,12.170861721038818
GSE40279,18,GSM990555,75.74822092056274,2.748220920562744
GSE40279,18,GSM990557,76.98157358169556,8.018426418304443
GSE40279,18,GSM990558,98.82421731948853,7.824217319488525
GSE40279,18,GSM990559,86.21581888198853,1.2158188819885254
GSE40279,18,GSM990560,82.9681305885315,3.031869411468506
GSE40279,18,GSM990561,84.8991379737854,10.8991379737854
GSE40279,18,GSM990563,88.0679383277893,1.0679383277893066
GSE40279,18,GSM990564,78.54509592056274,2.545095920562744
GSE40279,18,GSM990565,75.7232117652893,5.276788234710693
GSE40279,18,GSM990566,65.0902771949768,6.090277194976807
GSE40279,18,GSM990567,75.97733163833618,2.9773316383361816
GSE40279,18,GSM990569,85.48743295669556,0.48743295669555664
GSE40279,18,GSM990570,70.89488077163696,1.894880771636963
GSE40279,18,GSM990571,70.44838571548462,14.55161428451538
GSE40279,18,GSM990572,86.52478647232056,1.5247864723205566
GSE40279,18,GSM990573,87.83232736587524,3.832327365875244
GSE40279,18,GSM990574,76.29923105239868,6.700768947601318
GSE40279,18,GSM990575,82.70770120620728,15.707701206207275
GSE40279,18,GSM990578,94.36788034439087,7.367880344390869
GSE40279,18,GSM990579,79.83699655532837,4.163003444671631
GSE40279,18,GSM990580,82.203115940094,0.20311594009399414
GSE40279,18,GSM990581,88.74143075942993,4.258569240570068
GSE40279,18,GSM990583,86.19087839126587,6.190878391265869
GSE40279,18,GSM990584,82.57039499282837,5.429605007171631
GSE40279,18,GSM990585,72.7659821510315,0.7659821510314941
GSE40279,18,GSM990587,54.45066690444946,1.549333095550537
GSE40279,18,GSM990588,92.25562143325806,0.25562143325805664
GSE40279,18,GSM990589,80.65117502212524,2.651175022125244
GSE40279,18,GSM990590,76.01157999038696,5.011579990386963
GSE40279,18,GSM990591,67.85413217544556,21.145867824554443
GSE40279,18,GSM990592,49.98475503921509,4.015244960784912
GSE40279,18,GSM990593,68.1178650856018,2.1178650856018066
GSE40279,18,GSM990594,82.03909158706665,7.03909158706665
GSE40279,18,GSM990595,83.24351358413696,6.756486415863037
GSE40279,18,GSM990596,65.29348993301392,0.706510066986084
GSE40279,18,GSM990597,90.2398591041565,13.239859104156494
GSE40279,18,GSM990598,83.5047516822815,1.5047516822814941
GSE40279,18,GSM990599,77.62001657485962,12.62001657485962
GSE40279,18,GSM990600,68.15807962417603,10.158079624176025
GSE40279,18,GSM990603,78.20899057388306,4.208990573883057
GSE40279,18,GSM990604,74.92933511734009,5.929335117340088
GSE40279,18,GSM990605,85.96166849136353,2.9616684913635254
GSE40279,18,GSM990606,87.84050607681274,4.840506076812744
GSE40279,18,GSM990607,91.7808289527893,21.780828952789307
GSE40279,18,GSM990608,81.36612558364868,17.36612558364868
GSE40279,18,GSM990609,77.6495270729065,27.649527072906494
GSE40279,18,GSM990610,101.29011392593384,27.290113925933838
GSE40279,18,GSM990611,71.64615488052368,2.6461548805236816
GSE40279,18,GSM990612,97.32324838638306,11.323248386383057
GSE40279,18,GSM990613,66.68788766860962,0.6878876686096191
GSE40279,18,GSM990614,83.93945932388306,13.939459323883057
GSE40279,18,GSM990615,102.08170938491821,13.081709384918213
GSE40279,18,GSM990617,77.73728036880493,8.737280368804932
GSE40279,18,GSM990618,72.30097818374634,8.300978183746338
GSE40279,18,GSM990619,79.88674020767212,0.8867402076721191
GSE40279,18,GSM990620,86.730947971344,5.269052028656006
GSE40279,18,GSM990621,81.63611459732056,11.636114597320557
GSE40279,18,GSM990622,85.81426858901978,8.814268589019775
GSE40279,18,GSM990623,86.9487977027893,8.948797702789307
GSE40279,18,GSM990624,80.67795419692993,9.677954196929932
GSE40279,18,GSM990625,81.93176889419556,13.931768894195557
GSE40279,18,GSM990626,68.12320566177368,7.123205661773682
GSE40279,18,GSM990627,77.71965646743774,4.719656467437744
GSE40279,19,GSM989827,65.96727800369263,1.032721996307373
GSE40279,19,GSM989828,93.64668321609497,4.646683216094971
GSE40279,19,GSM989829,75.16467332839966,9.164673328399658
GSE40279,19,GSM989831,69.52588701248169,7.5258870124816895
GSE40279,19,GSM989832,76.21293687820435,10.787063121795654
GSE40279,19,GSM989833,68.94671678543091,4.053283214569092
GSE40279,19,GSM989834,79.75874376296997,4.758743762969971
GSE40279,19,GSM989836,106.09946489334106,23.099464893341064
GSE40279,19,GSM989838,57.93677568435669,9.93677568435669
GSE40279,19,GSM989839,80.7031102180481,3.7031102180480957
GSE40279,19,GSM989840,61.19054460525513,7.190544605255127
GSE40279,19,GSM989843,84.16008043289185,16.160080432891846
GSE40279,19,GSM989846,75.11821794509888,15.118217945098877
GSE40279,19,GSM989847,89.89946794509888,10.899467945098877
GSE40279,19,GSM989848,82.81010484695435,14.810104846954346
GSE40279,19,GSM989850,89.69111680984497,5.691116809844971
GSE40279,19,GSM989852,76.40566301345825,2.405663013458252
GSE40279,19,GSM989854,79.90763139724731,23.907631397247314
GSE40279,19,GSM989855,83.25321245193481,11.253212451934814
GSE40279,19,GSM989856,83.39009141921997,8.39009141921997
GSE40279,19,GSM989857,91.66935014724731,12.669350147247314
GSE40279,19,GSM989859,82.00719499588013,0.007194995880126953
GSE40279,19,GSM989861,97.24208879470825,18.242088794708252
GSE40279,19,GSM989862,66.71067094802856,12.710670948028564
GSE40279,19,GSM989865,78.90660905838013,5.093390941619873
GSE40279,19,GSM989868,84.8337025642395,10.833702564239502
GSE40279,19,GSM989869,66.59372758865356,10.406272411346436
GSE40279,19,GSM989871,86.79901933670044,0.20098066329956055
GSE40279,19,GSM989873,85.45642137527466,2.543578624725342
GSE40279,19,GSM989874,71.98904466629028,5.989044666290283
GSE40279,19,GSM989875,77.70275163650513,0.29724836349487305
GSE40279,19,GSM989876,74.53535509109497,21.53535509109497
GSE40279,19,GSM989877,80.25737047195435,4.257370471954346
GSE40279,19,GSM989880,69.44390153884888,15.443901538848877
GSE40279,19,GSM989881,80.11850786209106,7.1185078620910645
GSE40279,19,GSM989882,79.32829332351685,16.671706676483154
GSE40279,19,GSM989883,70.70614671707153,13.706146717071533
GSE40279,19,GSM989884,71.79140520095825,4.208594799041748
GSE40279,19,GSM989885,56.989845752716064,9.989845752716064
GSE40279,19,GSM989886,63.518635272979736,9.518635272979736
GSE40279,19,GSM989887,72.43241167068481,0.5675883293151855
GSE40279,19,GSM989888,80.97257280349731,3.0274271965026855
GSE40279,19,GSM989889,80.43185472488403,18.431854724884033
GSE40279,19,GSM989890,87.92308855056763,1.076911449432373
GSE40279,19,GSM989891,75.14415788650513,7.144157886505127
GSE40279,19,GSM989892,73.77671098709106,11.776710987091064
GSE40279,19,GSM989893,83.85562944412231,4.8556294441223145
GSE40279,19,GSM989894,74.19959306716919,2.1995930671691895
GSE40279,19,GSM989895,71.43921709060669,2.4392170906066895
GSE40279,19,GSM989896,58.10402727127075,3.104027271270752
GSE40279,19,GSM989898,83.03087663650513,4.030876636505127
GSE40279,19,GSM989899,78.88276720046997,6.882767200469971
GSE40279,19,GSM989900,88.70658159255981,0.29341840744018555
GSE40279,19,GSM989902,76.99173021316528,8.008269786834717
GSE40279,19,GSM989903,78.697105884552,10.697105884552002
GSE40279,19,GSM989904,98.628014087677,9.628014087677002
GSE40279,19,GSM989905,87.060142993927,14.060142993927002
GSE40279,19,GSM989906,70.28563737869263,7.285637378692627
GSE40279,19,GSM989907,76.27210283279419,1.7278971672058105
GSE40279,19,GSM989911,95.03263902664185,10.032639026641846
GSE40279,19,GSM989914,80.41053819656372,6.410538196563721
GSE40279,19,GSM989915,88.8054051399231,4.805405139923096
GSE40279,19,GSM989917,65.59427690505981,16.594276905059814
GSE40279,19,GSM989918,85.506920337677,16.506920337677002
GSE40279,19,GSM989919,83.42499589920044,20.42499589920044
GSE40279,19,GSM989920,78.02611589431763,12.026115894317627
GSE40279,19,GSM989921,89.15036058425903,4.150360584259033
GSE40279,19,GSM989924,71.11364030838013,12.113640308380127
GSE40279,19,GSM989925,75.25317430496216,5.253174304962158
GSE40279,19,GSM989926,78.9307713508606,13.930771350860596
GSE40279,19,GSM989927,81.95193529129028,13.951935291290283
GSE40279,19,GSM989928,90.97306108474731,6.9730610847473145
GSE40279,19,GSM989930,62.7912335395813,11.791233539581299
GSE40279,19,GSM989931,74.389000415802,11.389000415802002
GSE40279,19,GSM989932,78.44680833816528,9.446808338165283
GSE40279,19,GSM989934,72.56274461746216,5.437255382537842
GSE40279,19,GSM989935,58.726486682891846,6.726486682891846
GSE40279,19,GSM989936,61.26287126541138,12.262871265411377
GSE40279,19,GSM989937,72.08683061599731,19.086830615997314
GSE40279,19,GSM989938,71.560387134552,12.560387134552002
GSE40279,19,GSM989939,75.33258867263794,13.33258867263794
GSE40279,19,GSM989941,83.09990739822388,15.099907398223877
GSE40279,19,GSM989942,80.32350969314575,6.323509693145752
GSE40279,19,GSM989943,66.17840623855591,7.178406238555908
GSE40279,19,GSM989944,83.83377885818481,7.8337788581848145
GSE40279,19,GSM989945,69.70061540603638,15.700615406036377
GSE40279,19,GSM989946,75.71395921707153,16.713959217071533
GSE40279,19,GSM989947,71.54540300369263,23.545403003692627
GSE40279,19,GSM989948,62.44164323806763,17.441643238067627
GSE40279,19,GSM989950,74.50834703445435,11.508347034454346
GSE40279,19,GSM989951,82.29628038406372,2.2962803840637207
GSE40279,19,GSM989952,71.15628862380981,11.156288623809814
GSE40279,19,GSM989953,84.65134477615356,13.651344776153564
GSE40279,19,GSM989954,77.74559831619263,10.745598316192627
GSE40279,19,GSM989955,71.02681016921997,21.02681016921997
GSE40279,19,GSM989956,85.67279863357544,0.32720136642456055
GSE40279,19,GSM989957,77.852135181427,7.852135181427002
GSE40279,19,GSM989958,65.03527879714966,11.035278797149658
GSE40279,19,GSM989961,64.47642946243286,6.476429462432861
GSE40279,19,GSM989962,68.82823991775513,10.828239917755127
GSE40279,19,GSM989963,70.970543384552,6.970543384552002
GSE40279,19,GSM989964,80.88452959060669,7.8845295906066895
GSE40279,19,GSM989965,57.125160694122314,8.125160694122314
GSE40279,19,GSM989966,59.58647584915161,3.5864758491516113
GSE40279,19,GSM989968,58.00524950027466,10.005249500274658
GSE40279,19,GSM989969,81.72113847732544,0.7211384773254395
GSE40279,19,GSM989971,68.03762102127075,7.037621021270752
GSE40279,19,GSM989972,64.06317567825317,14.063175678253174
GSE40279,19,GSM989973,68.51139116287231,0.48860883712768555
GSE40279,19,GSM989975,50.72448778152466,3.724487781524658
GSE40279,19,GSM989976,64.612389087677,21.612389087677002
GSE40279,19,GSM989977,64.35180711746216,9.351807117462158
GSE40279,19,GSM989978,65.24627733230591,11.246277332305908
GSE40279,19,GSM989979,69.95773363113403,11.957733631134033
GSE40279,19,GSM989980,53.3244366645813,19.3244366645813
GSE40279,19,GSM989981,72.6343846321106,7.634384632110596
GSE40279,19,GSM989982,64.243248462677,12.243248462677002
GSE40279,19,GSM989983,49.447765827178955,17.447765827178955
GSE40279,19,GSM989984,61.826767444610596,14.826767444610596
GSE40279,19,GSM989985,74.73218584060669,20.73218584060669
GSE40279,19,GSM989987,51.913002490997314,23.913002490997314
GSE40279,19,GSM989988,75.08341264724731,21.083412647247314
GSE40279,19,GSM989989,74.51324510574341,15.513245105743408
GSE40279,19,GSM989991,63.190712451934814,13.190712451934814
GSE40279,19,GSM989992,41.192490100860596,11.192490100860596
GSE40279,19,GSM989993,66.12872362136841,16.128723621368408
GSE40279,19,GSM989994,66.3070797920227,19.307079792022705
GSE40279,19,GSM989995,68.08950090408325,21.089500904083252
GSE40279,19,GSM989996,49.425617694854736,16.425617694854736
GSE40279,19,GSM989997,51.971535205841064,13.971535205841064
GSE40279,19,GSM989998,50.35565996170044,15.35565996170044
GSE40279,19,GSM990000,77.5543065071106,2.4456934928894043
GSE40279,19,GSM990001,90.60684251785278,4.606842517852783
GSE40279,19,GSM990002,77.03424882888794,6.0342488288879395
GSE40279,19,GSM990003,73.90215349197388,3.097846508026123
GSE40279,19,GSM990004,77.54251146316528,10.542511463165283
GSE40279,19,GSM990005,81.6880955696106,2.3119044303894043
GSE40279,19,GSM990006,81.57105302810669,1.5710530281066895
GSE40279,19,GSM990007,74.45596361160278,4.455963611602783
GSE40279,19,GSM990009,67.55972337722778,4.559723377227783
GSE40279,19,GSM990010,73.29333543777466,3.293335437774658
GSE40279,19,GSM990012,77.51953935623169,10.51953935623169
GSE40279,19,GSM990014,62.23598527908325,7.764014720916748
GSE40279,19,GSM990015,84.9853138923645,10.985313892364502
GSE40279,19,GSM990016,80.54860734939575,7.548607349395752
GSE40279,19,GSM990017,74.9789662361145,2.021033763885498
GSE40279,19,GSM990018,94.35137987136841,14.351379871368408
GSE40279,19,GSM990019,81.50350999832153,15.503509998321533
GSE40279,19,GSM990021,87.81243181228638,11.812431812286377
GSE40279,19,GSM990022,76.37693071365356,1.6230692863464355
GSE40279,19,GSM990023,86.26722002029419,4.2672200202941895
GSE40279,19,GSM990024,82.950523853302,6.950523853302002
GSE40279,19,GSM990025,73.070152759552,2.070152759552002
GSE40279,19,GSM990026,78.04113054275513,3.958869457244873
GSE40279,19,GSM990027,91.79066514968872,8.79066514968872
GSE40279,19,GSM990028,75.590172290802,3.409827709197998
GSE40279,19,GSM990029,73.1764760017395,1.823523998260498
GSE40279,19,GSM990031,65.27496385574341,1.2749638557434082
GSE40279,19,GSM990033,94.97608995437622,2.9760899543762207
GSE40279,19,GSM990034,84.23310899734497,10.23310899734497
GSE40279,19,GSM990035,75.61550951004028,6.615509510040283
GSE40279,19,GSM990036,83.41936540603638,3.419365406036377
GSE40279,19,GSM990039,89.27234697341919,8.27234697341919
GSE40279,19,GSM990041,77.6286244392395,8.628624439239502
GSE40279,19,GSM990042,78.3673939704895,5.367393970489502
GSE40279,19,GSM990045,66.21261644363403,1.7873835563659668
GSE40279,19,GSM990046,86.27853441238403,17.278534412384033
GSE40279,19,GSM990049,81.89846086502075,0.898460865020752
GSE40279,19,GSM990050,66.05352830886841,4.946471691131592
GSE40279,19,GSM990051,73.39385271072388,2.393852710723877
GSE40279,19,GSM990052,80.17063188552856,5.1706318855285645
GSE40279,19,GSM990053,59.23834276199341,0.7616572380065918
GSE40279,19,GSM990054,76.61344957351685,0.3865504264831543
GSE40279,19,GSM990055,82.43204545974731,2.5679545402526855
GSE40279,19,GSM990056,72.92803239822388,2.928032398223877
GSE40279,19,GSM990057,69.12544298171997,7.125442981719971
GSE40279,19,GSM990058,73.28789567947388,4.287895679473877
GSE40279,19,GSM990059,73.10776567459106,0.10776567459106445
GSE40279,19,GSM990060,80.21929216384888,7.219292163848877
GSE40279,19,GSM990061,74.83094835281372,0.8309483528137207
GSE40279,19,GSM990062,74.87262010574341,1.8726201057434082
GSE40279,19,GSM990063,83.51737260818481,2.4826273918151855
GSE40279,19,GSM990066,82.57424211502075,7.574242115020752
GSE40279,19,GSM990068,60.250126361846924,6.749873638153076
GSE40279,19,GSM990070,55.84874773025513,7.848747730255127
GSE40279,19,GSM990072,67.13693284988403,19.136932849884033
GSE40279,19,GSM990075,60.2653546333313,14.265354633331299
GSE40279,19,GSM990076,60.35049867630005,0.35049867630004883
GSE40279,19,GSM990077,56.395554065704346,16.395554065704346
GSE40279,19,GSM990079,54.845749378204346,13.845749378204346
GSE40279,19,GSM990080,54.96247148513794,1.9624714851379395
GSE40279,19,GSM990081,62.24746751785278,14.247467517852783
GSE40279,19,GSM990082,74.71387529373169,3.7138752937316895
GSE40279,19,GSM990083,62.2443585395813,10.244358539581299
GSE40279,19,GSM990084,62.0187611579895,1.981238842010498
GSE40279,19,GSM990085,54.09782838821411,6.097828388214111
GSE40279,19,GSM990086,55.701271533966064,0.7012715339660645
GSE40279,19,GSM990087,76.86460161209106,8.864601612091064
GSE40279,19,GSM990088,58.45261812210083,12.45261812210083
GSE40279,19,GSM990089,69.83602952957153,5.836029529571533
GSE40279,19,GSM990090,58.592941761016846,1.5929417610168457
GSE40279,19,GSM990091,53.48305559158325,8.483055591583252
GSE40279,19,GSM990094,77.47882127761841,17.478821277618408
GSE40279,19,GSM990095,59.73632860183716,8.736328601837158
GSE40279,19,GSM990096,40.882675647735596,32.117324352264404
GSE40279,19,GSM990097,57.292221546173096,19.292221546173096
GSE40279,19,GSM990099,75.04337358474731,11.043373584747314
GSE40279,19,GSM990100,66.36735582351685,8.367355823516846
GSE40279,19,GSM990101,51.17379426956177,8.173794269561768
GSE40279,19,GSM990102,44.29171800613403,6.291718006134033
GSE40279,19,GSM990103,58.86230516433716,4.862305164337158
GSE40279,19,GSM990104,76.01745653152466,6.017456531524658
GSE40279,19,GSM990106,70.04264879226685,8.042648792266846
GSE40279,19,GSM990107,53.889748096466064,2.8897480964660645
GSE40279,19,GSM990108,50.12133455276489,9.121334552764893
GSE40279,19,GSM990109,50.547592639923096,2.4524073600769043
GSE40279,19,GSM990110,62.16022539138794,2.8397746086120605
GSE40279,19,GSM990111,56.52269792556763,6.522697925567627
GSE40279,19,GSM990112,62.275963306427,7.275963306427002
GSE40279,19,GSM990113,63.9739727973938,1.9739727973937988
GSE40279,19,GSM990114,64.89182329177856,3.8918232917785645
GSE40279,19,GSM990115,50.682480335235596,12.682480335235596
GSE40279,19,GSM990117,74.138267993927,10.138267993927002
GSE40279,19,GSM990118,50.83326005935669,6.1667399406433105
GSE40279,19,GSM990119,61.50036287307739,4.500362873077393
GSE40279,19,GSM990120,53.64942979812622,4.649429798126221
GSE40279,19,GSM990121,62.68899583816528,1.3110041618347168
GSE40279,19,GSM990122,52.37797212600708,13.62202787399292
GSE40279,19,GSM990268,54.87510347366333,2.87510347366333
GSE40279,19,GSM990269,59.89889574050903,16.898895740509033
GSE40279,19,GSM990271,57.71588945388794,6.7158894538879395
GSE40279,19,GSM990272,58.54599046707153,0.5459904670715332
GSE40279,19,GSM990273,58.06672716140747,4.933272838592529
GSE40279,19,GSM990274,55.74573564529419,0.7457356452941895
GSE40279,19,GSM990275,54.48792314529419,4.4879231452941895
GSE40279,19,GSM990276,73.4750828742981,16.475082874298096
GSE40279,19,GSM990277,33.92972993850708,0.9297299385070801
GSE40279,19,GSM990278,58.504806995391846,12.504806995391846
GSE40279,19,GSM990279,51.27352952957153,5.273529529571533
GSE40279,19,GSM990281,58.370346546173096,3.3703465461730957
GSE40279,19,GSM990282,46.17886400222778,17.821135997772217
GSE40279,19,GSM990283,44.252609729766846,1.7473902702331543
GSE40279,19,GSM990284,61.62484788894653,4.375152111053467
GSE40279,19,GSM990285,47.62356615066528,0.6235661506652832
GSE40279,19,GSM990286,46.5218243598938,11.478175640106201
GSE40279,19,GSM990287,61.74943971633911,0.7494397163391113
GSE40279,19,GSM990288,41.915512561798096,6.084487438201904
GSE40279,19,GSM990289,44.03285264968872,0.9671473503112793
GSE40279,19,GSM990290,58.047935962677,3.952064037322998
GSE40279,19,GSM990291,50.4131817817688,0.41318178176879883
GSE40279,19,GSM990292,36.24645280838013,2.246452808380127
GSE40279,19,GSM990293,58.878727436065674,5.121272563934326
GSE40279,19,GSM990294,50.176640033721924,4.823359966278076
GSE40279,19,GSM990295,54.66851854324341,6.668518543243408
GSE40279,19,GSM990297,60.32219362258911,3.6778063774108887
GSE40279,19,GSM990298,57.3454213142395,0.654578685760498
GSE40279,19,GSM990299,39.05995988845825,2.059959888458252
GSE40279,19,GSM990300,59.436020374298096,0.5639796257019043
GSE40279,19,GSM990301,58.84252595901489,4.157474040985107
GSE40279,19,GSM990302,53.23175859451294,5.7682414054870605
GSE40279,19,GSM990303,50.20433855056763,3.795661449432373
GSE40279,19,GSM990304,56.47146272659302,3.5285372734069824
GSE40279,19,GSM990305,52.02077531814575,1.020775318145752
GSE40279,19,GSM990306,68.50827836990356,5.5082783699035645
GSE40279,19,GSM990307,60.53582048416138,3.464179515838623
GSE40279,19,GSM990309,56.14101839065552,12.141018390655518
GSE40279,19,GSM990311,62.12816286087036,3.8718371391296387
GSE40279,19,GSM990313,56.64129686355591,4.358703136444092
GSE40279,19,GSM990314,56.63517427444458,4.63517427444458
GSE40279,19,GSM990315,65.24256563186646,4.242565631866455
GSE40279,19,GSM990318,45.56127977371216,6.438720226287842
GSE40279,19,GSM990319,52.15239381790161,2.8476061820983887
GSE40279,19,GSM990320,66.06901979446411,7.069019794464111
GSE40279,19,GSM990321,55.90924882888794,3.0907511711120605
GSE40279,19,GSM990323,50.824867725372314,4.8248677253723145
GSE40279,19,GSM990324,36.179611682891846,5.179611682891846
GSE40279,19,GSM990325,61.659828662872314,6.6598286628723145
GSE40279,19,GSM990326,46.96095323562622,6.039046764373779
GSE40279,19,GSM990327,49.291725635528564,7.2917256355285645
GSE40279,19,GSM990329,50.937180042266846,0.9371800422668457
GSE40279,19,GSM990330,51.37622880935669,0.6237711906433105
GSE40279,19,GSM990331,43.71403169631958,1.28596830368042
GSE40279,19,GSM990332,55.71340608596802,9.286593914031982
GSE40279,19,GSM990333,47.11438035964966,11.885619640350342
GSE40279,19,GSM990334,61.61661195755005,3.616611957550049
GSE40279,19,GSM990335,65.2028660774231,1.2028660774230957
GSE40279,19,GSM990336,52.69778108596802,8.302218914031982
GSE40279,19,GSM990337,57.03332567214966,9.966674327850342
GSE40279,19,GSM990338,61.204594135284424,2.204594135284424
GSE40279,19,GSM990339,52.104835987091064,5.8951640129089355
GSE40279,19,GSM990340,48.18250322341919,5.8174967765808105
GSE40279,19,GSM990341,57.34902620315552,0.3490262031555176
GSE40279,19,GSM990342,58.472328662872314,1.5276713371276855
GSE40279,19,GSM990343,48.09736680984497,1.9026331901550293
GSE40279,19,GSM990346,46.81838274002075,2.818382740020752
GSE40279,19,GSM990347,60.081627368927,1.918372631072998
GSE40279,19,GSM990348,71.72145128250122,4.278548717498779
GSE40279,19,GSM990350,48.92387819290161,2.9238781929016113
GSE40279,19,GSM990352,56.67241716384888,2.327582836151123
GSE40279,19,GSM990353,53.89247179031372,1.8924717903137207
GSE40279,19,GSM990354,40.45942735671997,9.54057264328003
GSE40279,19,GSM990355,41.855751514434814,3.1442484855651855
GSE40279,19,GSM990356,49.99943971633911,2.0005602836608887
GSE40279,19,GSM990357,49.85016679763794,4.1498332023620605
GSE40279,19,GSM990358,66.55656480789185,4.556564807891846
GSE40279,19,GSM990360,57.328651905059814,5.6713480949401855
GSE40279,19,GSM990363,62.77704668045044,2.2229533195495605
GSE40279,19,GSM990364,58.51186418533325,5.488135814666748
GSE40279,19,GSM990365,53.679283618927,3.320716381072998
GSE40279,19,GSM990366,62.476784229278564,0.5232157707214355
GSE40279,19,GSM990369,44.81815767288208,6.81815767288208
GSE40279,19,GSM990371,57.31667757034302,1.6833224296569824
GSE40279,19,GSM990372,59.784199237823486,1.7841992378234863
GSE40279,19,GSM990373,44.19342088699341,3.193420886993408
GSE40279,19,GSM990375,31.214455127716064,5.2144551277160645
GSE40279,19,GSM990376,57.333500385284424,3.666499614715576
GSE40279,19,GSM990377,64.9373631477356,8.937363147735596
GSE40279,19,GSM990378,55.519325733184814,10.480674266815186
GSE40279,19,GSM990379,59.394386768341064,2.6056132316589355
GSE40279,19,GSM990381,55.02835130691528,0.028351306915283203
GSE40279,19,GSM990382,53.36787462234497,7.632125377655029
GSE40279,19,GSM990383,63.831058979034424,5.831058979034424
GSE40279,19,GSM990385,55.64762544631958,7.35237455368042
GSE40279,19,GSM990386,60.57860231399536,1.5786023139953613
GSE40279,19,GSM990387,59.25747728347778,1.7425227165222168
GSE40279,19,GSM990388,62.33079957962036,3.6692004203796387
GSE40279,19,GSM990389,59.325809955596924,5.674190044403076
GSE40279,19,GSM990390,57.67308855056763,0.32691144943237305
GSE40279,19,GSM990391,46.246410846710205,3.246410846710205
GSE40279,19,GSM990392,52.23363161087036,2.7663683891296387
GSE40279,19,GSM990394,55.166996479034424,5.166996479034424
GSE40279,19,GSM990395,44.86349534988403,1.1365046501159668
GSE40279,19,GSM990396,57.50170183181763,3.501701831817627
GSE40279,19,GSM990397,81.09951829910278,1.0995182991027832
GSE40279,19,GSM990398,73.849449634552,9.150550365447998
GSE40279,19,GSM990399,78.29989671707153,1.2998967170715332
GSE40279,19,GSM990400,76.47788286209106,0.47788286209106445
GSE40279,19,GSM990403,66.96218919754028,15.037810802459717
GSE40279,19,GSM990404,46.070885181427,11.929114818572998
GSE40279,19,GSM990405,66.36041688919067,0.36041688919067383
GSE40279,19,GSM990406,62.49279451370239,22.507205486297607
GSE40279,19,GSM990407,69.41116380691528,3.411163806915283
GSE40279,19,GSM990408,68.26165056228638,0.738349437713623
GSE40279,19,GSM990409,70.16021013259888,13.839789867401123
GSE40279,19,GSM990410,79.52549028396606,0.5254902839660645
GSE40279,19,GSM990411,63.829941272735596,0.1700587272644043
GSE40279,19,GSM990412,67.2997899055481,10.700210094451904
GSE40279,19,GSM990413,56.10966920852661,3.1096692085266113
GSE40279,19,GSM990414,60.72055101394653,1.7205510139465332
GSE40279,19,GSM990416,68.5465931892395,7.546593189239502
GSE40279,19,GSM990418,63.33044481277466,5.669555187225342
GSE40279,19,GSM990419,66.57421159744263,6.574211597442627
GSE40279,19,GSM990420,60.143452167510986,4.856547832489014
GSE40279,19,GSM990421,84.40737199783325,4.592628002166748
GSE40279,19,GSM990422,51.56280565261841,22.437194347381592
GSE40279,19,GSM990423,69.53960466384888,11.460395336151123
GSE40279,19,GSM990424,76.88571977615356,8.885719776153564
GSE40279,19,GSM990425,66.34030199050903,1.6596980094909668
GSE40279,19,GSM990426,65.73600053787231,0.7360005378723145
GSE40279,19,GSM990427,82.61517381668091,7.384826183319092
GSE40279,19,GSM990429,78.77311754226685,0.2268824577331543
GSE40279,19,GSM990430,65.95272874832153,8.952728748321533
GSE40279,19,GSM990431,61.11818742752075,14.881812572479248
GSE40279,19,GSM990432,80.02945756912231,1.0294575691223145
GSE40279,19,GSM990433,44.468124866485596,4.531875133514404
GSE40279,19,GSM990434,83.06714677810669,8.93285322189331
GSE40279,19,GSM990435,64.68265581130981,1.3173441886901855
GSE40279,19,GSM990436,62.228413105010986,3.2284131050109863
GSE40279,19,GSM990437,62.468571186065674,13.531428813934326
GSE40279,19,GSM990438,62.818649768829346,6.818649768829346
GSE40279,19,GSM990439,56.62976121902466,4.629761219024658
GSE40279,19,GSM990440,62.870934009552,2.129065990447998
GSE40279,19,GSM990441,71.78858995437622,1.2114100456237793
GSE40279,19,GSM990442,77.9600682258606,12.960068225860596
GSE40279,19,GSM990443,85.51770830154419,1.5177083015441895
GSE40279,19,GSM990445,79.47788286209106,1.4778828620910645
GSE40279,19,GSM990446,60.94385576248169,7.9438557624816895
GSE40279,19,GSM990447,81.61811876296997,13.61811876296997
GSE40279,19,GSM990448,51.7330060005188,0.26699399948120117
GSE40279,19,GSM990449,64.54739427566528,7.452605724334717
GSE40279,19,GSM990450,61.53442049026489,13.534420490264893
GSE40279,19,GSM990451,57.79977464675903,2.200225353240967
GSE40279,19,GSM990452,91.54198503494263,30.541985034942627
GSE40279,19,GSM990453,67.32766008377075,1.672339916229248
GSE40279,19,GSM990454,74.55321550369263,6.446784496307373
GSE40279,19,GSM990455,75.41100358963013,19.411003589630127
GSE40279,19,GSM990456,80.84143877029419,1.8414387702941895
GSE40279,19,GSM990457,78.141685962677,3.858314037322998
GSE40279,19,GSM990458,59.26189470291138,1.261894702911377
GSE40279,19,GSM990459,63.00239610671997,11.99760389328003
GSE40279,19,GSM990462,88.1247181892395,18.124718189239502
GSE40279,19,GSM990463,71.22539567947388,5.774604320526123
GSE40279,19,GSM990464,57.09584856033325,1.095848560333252
GSE40279,19,GSM990465,63.12416887283325,3.875831127166748
GSE40279,19,GSM990466,79.38614702224731,3.3861470222473145
GSE40279,19,GSM990467,87.0736927986145,1.926307201385498
GSE40279,19,GSM990468,54.78395891189575,14.216041088104248
GSE40279,19,GSM990470,73.10006761550903,6.899932384490967
GSE40279,19,GSM990471,80.37744951248169,4.3774495124816895
GSE40279,19,GSM990473,56.118820667266846,4.881179332733154
GSE40279,19,GSM990474,49.55678606033325,2.443213939666748
GSE40279,19,GSM990475,67.89738512039185,1.1026148796081543
GSE40279,19,GSM990477,66.56320238113403,2.436797618865967
GSE40279,19,GSM990478,56.400288105010986,8.599711894989014
GSE40279,19,GSM990479,46.37731218338013,1.377312183380127
GSE40279,19,GSM990481,65.83096361160278,10.169036388397217
GSE40279,19,GSM990482,71.74292039871216,4.257079601287842
GSE40279,19,GSM990484,68.27515459060669,2.7248454093933105
GSE40279,19,GSM990485,43.784042835235596,8.215957164764404
GSE40279,19,GSM990486,87.58133745193481,3.5813374519348145
GSE40279,19,GSM990487,58.15074586868286,1.1507458686828613
GSE40279,19,GSM990488,68.90798997879028,0.9079899787902832
GSE40279,19,GSM990489,73.19988298416138,0.800117015838623
GSE40279,19,GSM990490,39.20872926712036,6.208729267120361
GSE40279,19,GSM990492,66.80581712722778,6.194182872772217
GSE40279,19,GSM990494,54.28474473953247,17.71525526046753
GSE40279,19,GSM990495,75.076012134552,2.923987865447998
GSE40279,19,GSM990496,56.94975709915161,11.050242900848389
GSE40279,19,GSM990497,56.4316143989563,4.431614398956299
GSE40279,19,GSM990498,54.723644733428955,9.276355266571045
GSE40279,19,GSM990499,40.52847719192505,13.528477191925049
GSE40279,19,GSM990500,43.64422273635864,14.644222736358643
GSE40279,19,GSM990501,56.27101945877075,12.271019458770752
GSE40279,19,GSM990502,46.52204942703247,5.522049427032471
GSE40279,19,GSM990503,52.30300188064575,7.303001880645752
GSE40279,19,GSM990504,33.877005100250244,6.877005100250244
GSE40279,19,GSM990505,58.60649919509888,10.606499195098877
GSE40279,19,GSM990506,60.584572315216064,4.5845723152160645
GSE40279,19,GSM990507,47.73153734207153,13.731537342071533
GSE40279,19,GSM990508,57.26404619216919,11.73595380783081
GSE40279,19,GSM990509,42.217857837677,13.782142162322998
GSE40279,19,GSM990510,42.41364336013794,4.5863566398620605
GSE40279,19,GSM990512,58.760902881622314,1.2390971183776855
GSE40279,19,GSM990514,60.709450244903564,0.7094502449035645
GSE40279,19,GSM990516,52.15395402908325,2.846045970916748
GSE40279,19,GSM990517,38.08680772781372,6.086807727813721
GSE40279,19,GSM990518,27.020342350006104,4.0203423500061035
GSE40279,19,GSM990519,38.04419755935669,4.9558024406433105
GSE40279,19,GSM990520,38.09695482254028,8.903045177459717
GSE40279,19,GSM990521,46.74484300613403,2.744843006134033
GSE40279,19,GSM990522,42.41207933425903,5.412079334259033
GSE40279,19,GSM990523,32.36138200759888,5.361382007598877
GSE40279,19,GSM990525,38.20452928543091,10.204529285430908
GSE40279,19,GSM990526,62.4042592048645,11.404259204864502
GSE40279,19,GSM990528,33.92020845413208,14.92020845413208
GSE40279,19,GSM990529,56.20342302322388,12.203423023223877
GSE40279,19,GSM990530,68.53504991531372,19.53504991531372
GSE40279,19,GSM990532,51.36615037918091,7.366150379180908
GSE40279,19,GSM990533,67.67385149002075,5.673851490020752
GSE40279,19,GSM990534,45.29666185379028,15.296661853790283
GSE40279,19,GSM990536,37.89814043045044,1.8981404304504395
GSE40279,19,GSM990537,37.00181245803833,12.00181245803833
GSE40279,19,GSM990538,48.85781145095825,12.857811450958252
GSE40279,19,GSM990539,32.55829668045044,11.55829668045044
GSE40279,19,GSM990540,55.11927080154419,15.11927080154419
GSE40279,19,GSM990541,39.43622636795044,17.43622636795044
GSE40279,19,GSM990542,44.37625169754028,8.376251697540283
GSE40279,19,GSM990543,69.89695024490356,11.896950244903564
GSE40279,19,GSM990544,85.87274217605591,2.872742176055908
GSE40279,19,GSM990548,76.28286027908325,10.282860279083252
GSE40279,19,GSM990550,68.54784440994263,13.452155590057373
GSE40279,19,GSM990551,79.43019151687622,6.430191516876221
GSE40279,19,GSM990552,78.69565629959106,1.6956562995910645
GSE40279,19,GSM990553,85.2033314704895,5.203331470489502
GSE40279,19,GSM990554,67.30181169509888,11.698188304901123
GSE40279,19,GSM990555,76.22089433670044,3.2208943367004395
GSE40279,19,GSM990557,77.45424699783325,7.545753002166748
GSE40279,19,GSM990558,99.29689073562622,8.29689073562622
GSE40279,19,GSM990559,86.68849229812622,1.6884922981262207
GSE40279,19,GSM990560,83.44080400466919,2.5591959953308105
GSE40279,19,GSM990561,85.3718113899231,11.371811389923096
GSE40279,19,GSM990563,88.540611743927,1.540611743927002
GSE40279,19,GSM990564,79.01776933670044,3.0177693367004395
GSE40279,19,GSM990565,76.195885181427,4.804114818572998
GSE40279,19,GSM990566,65.5629506111145,6.562950611114502
GSE40279,19,GSM990567,76.45000505447388,3.450005054473877
GSE40279,19,GSM990569,85.96010637283325,0.960106372833252
GSE40279,19,GSM990570,71.36755418777466,2.367554187774658
GSE40279,19,GSM990571,70.92105913162231,14.078940868377686
GSE40279,19,GSM990572,86.99745988845825,1.997459888458252
GSE40279,19,GSM990573,88.30500078201294,4.3050007820129395
GSE40279,19,GSM990574,76.77190446853638,6.228095531463623
GSE40279,19,GSM990575,83.18037462234497,16.18037462234497
GSE40279,19,GSM990578,94.84055376052856,7.8405537605285645
GSE40279,19,GSM990579,80.30966997146606,3.6903300285339355
GSE40279,19,GSM990580,82.67578935623169,0.6757893562316895
GSE40279,19,GSM990581,89.21410417556763,3.785895824432373
GSE40279,19,GSM990583,86.66355180740356,6.6635518074035645
GSE40279,19,GSM990584,83.04306840896606,4.9569315910339355
GSE40279,19,GSM990585,73.23865556716919,1.2386555671691895
GSE40279,19,GSM990587,54.92334032058716,1.0766596794128418
GSE40279,19,GSM990588,92.72829484939575,0.728294849395752
GSE40279,19,GSM990589,81.12384843826294,3.1238484382629395
GSE40279,19,GSM990590,76.48425340652466,5.484253406524658
GSE40279,19,GSM990591,68.32680559158325,20.673194408416748
GSE40279,19,GSM990592,50.45742845535278,3.542571544647217
GSE40279,19,GSM990593,68.5905385017395,2.590538501739502
GSE40279,19,GSM990594,82.51176500320435,7.511765003204346
GSE40279,19,GSM990595,83.71618700027466,6.283812999725342
GSE40279,19,GSM990596,65.76616334915161,0.23383665084838867
GSE40279,19,GSM990597,90.71253252029419,13.71253252029419
GSE40279,19,GSM990598,83.97742509841919,1.9774250984191895
GSE40279,19,GSM990599,78.09268999099731,13.092689990997314
GSE40279,19,GSM990600,68.63075304031372,10.63075304031372
GSE40279,19,GSM990603,78.68166399002075,4.681663990020752
GSE40279,19,GSM990604,75.40200853347778,6.402008533477783
GSE40279,19,GSM990605,86.43434190750122,3.4343419075012207
GSE40279,19,GSM990606,88.31317949295044,5.3131794929504395
GSE40279,19,GSM990607,92.253502368927,22.253502368927002
GSE40279,19,GSM990608,81.83879899978638,17.838798999786377
GSE40279,19,GSM990609,78.12220048904419,28.12220048904419
GSE40279,19,GSM990610,101.76278734207153,27.762787342071533
GSE40279,19,GSM990611,72.11882829666138,3.118828296661377
GSE40279,19,GSM990612,97.79592180252075,11.795921802520752
GSE40279,19,GSM990613,67.16056108474731,1.1605610847473145
GSE40279,19,GSM990614,84.41213274002075,14.412132740020752
GSE40279,19,GSM990615,102.55438280105591,13.554382801055908
GSE40279,19,GSM990617,78.20995378494263,9.209953784942627
GSE40279,19,GSM990618,72.77365159988403,8.773651599884033
GSE40279,19,GSM990619,80.35941362380981,1.3594136238098145
GSE40279,19,GSM990620,87.20362138748169,4.7963786125183105
GSE40279,19,GSM990621,82.10878801345825,12.108788013458252
GSE40279,19,GSM990622,86.28694200515747,9.28694200515747
GSE40279,19,GSM990623,87.421471118927,9.421471118927002
GSE40279,19,GSM990624,81.15062761306763,10.150627613067627
GSE40279,19,GSM990625,82.40444231033325,14.404442310333252
GSE40279,19,GSM990626,68.59587907791138,7.595879077911377
GSE40279,19,GSM990627,78.19232988357544,5.1923298835754395
GSE37008,0,EL703,33.9495632648468,0.9495632648468018
GSE37008,0,EL704,37.548856019973755,0.4511439800262451
GSE37008,0,EL705,43.87213635444641,6.872136354446411
GSE37008,0,EL707,39.811864137649536,1.8118641376495361
GSE37008,0,EL708,34.636380434036255,2.363619565963745
GSE37008,0,EL709,37.7534077167511,6.753407716751099
GSE37008,0,EL711,38.48832440376282,0.5116755962371826
GSE37008,0,EL713,28.785794496536255,1.7857944965362549
GSE37008,0,EL714,28.709302186965942,3.7093021869659424
GSE37008,0,EL715,37.25087094306946,6.250870943069458
GSE37008,0,EL717,38.0467426776886,1.0467426776885986
GSE37008,0,EL718,34.6636860370636,1.3363139629364014
GSE37008,0,EL719,39.37298321723938,1.3729832172393799
GSE37008,0,EL723,30.895093202590942,1.1049067974090576
GSE37008,0,EL725,34.64292645454407,6.642926454544067
GSE37008,0,EL726,35.079671144485474,3.0796711444854736
GSE37008,0,EL728,39.63924527168274,13.63924527168274
GSE37008,0,EL729,28.690938234329224,3.6909382343292236
GSE37008,0,EL731,26.117364168167114,8.882635831832886
GSE37008,0,EL732,37.908074617385864,3.9080746173858643
GSE37008,0,EL734,38.78238797187805,1.2176120281219482
GSE37008,0,EL735,27.19750714302063,1.8024928569793701
GSE37008,0,EL736,25.40040898323059,1.4004089832305908
GSE37008,0,EL737,35.311341524124146,4.3113415241241455
GSE37008,0,EL744,34.90381360054016,2.096186399459839
GSE37008,0,EL747,35.39359402656555,6.393594026565552
GSE37008,0,EL751,33.81681561470032,0.8168156147003174
GSE37008,0,EL752,36.003628969192505,3.003628969192505
GSE37008,0,EL754,33.15162014961243,3.8483798503875732
GSE37008,0,EL755,32.000996828079224,2.9990031719207764
GSE37008,0,EL758,44.91203427314758,7.912034273147583
GSE37008,0,EL759,39.265931367874146,9.265931367874146
GSE37008,0,EL760,34.979275941848755,9.979275941848755
GSE37008,0,EL762,33.93732571601868,1.0626742839813232
GSE37008,0,EL763,35.682652711868286,2.682652711868286
GSE37008,0,EL767,40.59459042549133,7.594590425491333
GSE37008,0,EL770,31.73867154121399,3.2613284587860107
GSE37008,0,EL771,33.5391628742218,4.539162874221802
GSE37008,0,EL773,32.308873414993286,4.308873414993286
GSE37008,0,EL774,45.577698945999146,5.5776989459991455
GSE37008,0,EL775,38.608433961868286,7.608433961868286
GSE37008,0,EL776,38.43073773384094,11.430737733840942
GSE37008,0,EL777,31.08691906929016,4.913080930709839
GSE37008,0,EL778,27.07709240913391,2.077092409133911
GSE37008,0,EL781,32.379700899124146,5.3797008991241455
GSE37008,0,EL782,36.1253445148468,10.125344514846802
GSE37008,0,EL784,35.80058026313782,2.8005802631378174
GSE37008,0,EL785,33.0199978351593,3.0199978351593018
GSE37008,0,EL787,27.0617573261261,3.9382426738739014
GSE37008,0,EL788,31.822606325149536,2.177393674850464
GSE37008,0,EL789,33.27759289741516,2.277592897415161
GSE37008,0,EL790,35.60868954658508,5.608689546585083
GSE37008,0,EL791,37.86474347114563,3.13525652885437
GSE37008,0,EL792,42.295037508010864,10.295037508010864
GSE37008,0,EL796,47.32255673408508,6.322556734085083
GSE37008,0,EL800,35.93177533149719,0.9317753314971924
GSE37008,0,EL801,29.075955629348755,7.924044370651245
GSE37008,0,EL803,36.15845990180969,2.8415400981903076
GSE37008,0,EL804,40.934754610061646,1.0652453899383545
GSE37008,0,EL805,20.86218762397766,5.137812376022339
GSE37008,1,EL703,30.675344228744507,2.324655771255493
GSE37008,1,EL704,34.27463698387146,3.72536301612854
GSE37008,1,EL705,40.597917318344116,3.597917318344116
GSE37008,1,EL707,36.53764510154724,1.4623548984527588
GSE37008,1,EL708,31.36216139793396,5.63783860206604
GSE37008,1,EL709,34.479188680648804,3.4791886806488037
GSE37008,1,EL711,35.21410536766052,3.7858946323394775
GSE37008,1,EL713,25.51157546043396,1.48842453956604
GSE37008,1,EL714,25.435083150863647,0.43508315086364746
GSE37008,1,EL715,33.97665190696716,2.976651906967163
GSE37008,1,EL717,34.772523641586304,2.2274763584136963
GSE37008,1,EL718,31.389467000961304,4.610532999038696
GSE37008,1,EL719,36.098764181137085,1.901235818862915
GSE37008,1,EL723,27.620874166488647,4.3791258335113525
GSE37008,1,EL725,31.368707418441772,3.3687074184417725
GSE37008,1,EL726,31.80545210838318,0.1945478916168213
GSE37008,1,EL728,36.365026235580444,10.365026235580444
GSE37008,1,EL729,25.41671919822693,0.4167191982269287
GSE37008,1,EL731,22.84314513206482,12.15685486793518
GSE37008,1,EL732,34.63385558128357,0.6338555812835693
GSE37008,1,EL734,35.50816893577576,4.491831064224243
GSE37008,1,EL735,23.923288106918335,5.076711893081665
GSE37008,1,EL736,22.126189947128296,1.873810052871704
GSE37008,1,EL737,32.03712248802185,1.0371224880218506
GSE37008,1,EL744,31.629594564437866,5.370405435562134
GSE37008,1,EL747,32.11937499046326,3.119374990463257
GSE37008,1,EL751,30.542596578598022,2.4574034214019775
GSE37008,1,EL752,32.72940993309021,0.27059006690979004
GSE37008,1,EL754,29.877401113510132,7.122598886489868
GSE37008,1,EL755,28.72677779197693,6.273222208023071
GSE37008,1,EL758,41.63781523704529,4.637815237045288
GSE37008,1,EL759,35.99171233177185,5.991712331771851
GSE37008,1,EL760,31.70505690574646,6.70505690574646
GSE37008,1,EL762,30.663106679916382,4.336893320083618
GSE37008,1,EL763,32.40843367576599,0.5915663242340088
GSE37008,1,EL767,37.32037138938904,4.320371389389038
GSE37008,1,EL770,28.464452505111694,6.535547494888306
GSE37008,1,EL771,30.264943838119507,1.2649438381195068
GSE37008,1,EL773,29.03465437889099,1.0346543788909912
GSE37008,1,EL774,42.30347990989685,2.3034799098968506
GSE37008,1,EL775,35.33421492576599,4.334214925765991
GSE37008,1,EL776,35.15651869773865,8.156518697738647
GSE37008,1,EL777,27.812700033187866,8.187299966812134
GSE37008,1,EL778,23.802873373031616,1.1971266269683838
GSE37008,1,EL781,29.10548186302185,2.1054818630218506
GSE37008,1,EL782,32.85112547874451,6.851125478744507
GSE37008,1,EL784,32.52636122703552,0.47363877296447754
GSE37008,1,EL785,29.745778799057007,0.25422120094299316
GSE37008,1,EL787,23.787538290023804,7.212461709976196
GSE37008,1,EL788,28.54838728904724,5.451612710952759
GSE37008,1,EL789,30.003373861312866,0.9966261386871338
GSE37008,1,EL790,32.33447051048279,2.334470510482788
GSE37008,1,EL791,34.590524435043335,6.409475564956665
GSE37008,1,EL792,39.02081847190857,7.020818471908569
GSE37008,1,EL796,44.04833769798279,3.048337697982788
GSE37008,1,EL800,32.6575562953949,2.3424437046051025
GSE37008,1,EL801,25.80173659324646,11.19826340675354
GSE37008,1,EL803,32.8842408657074,6.1157591342926025
GSE37008,1,EL804,37.66053557395935,4.339464426040649
GSE37008,1,EL805,17.587968587875366,8.412031412124634
GSE37008,2,EL703,32.53558945655823,0.46441054344177246
GSE37008,2,EL704,36.13488221168518,1.8651177883148193
GSE37008,2,EL705,42.45816254615784,5.458162546157837
GSE37008,2,EL707,38.39789032936096,0.3978903293609619
GSE37008,2,EL708,33.22240662574768,3.7775933742523193
GSE37008,2,EL709,36.339433908462524,5.339433908462524
GSE37008,2,EL711,37.07435059547424,1.9256494045257568
GSE37008,2,EL713,27.37182068824768,0.37182068824768066
GSE37008,2,EL714,27.295328378677368,2.295328378677368
GSE37008,2,EL715,35.836897134780884,4.836897134780884
GSE37008,2,EL717,36.632768869400024,0.3672311305999756
GSE37008,2,EL718,33.249712228775024,2.7502877712249756
GSE37008,2,EL719,37.959009408950806,0.040990591049194336
GSE37008,2,EL723,29.481119394302368,2.518880605697632
GSE37008,2,EL725,33.22895264625549,5.228952646255493
GSE37008,2,EL726,33.6656973361969,1.6656973361968994
GSE37008,2,EL728,38.225271463394165,12.225271463394165
GSE37008,2,EL729,27.27696442604065,2.2769644260406494
GSE37008,2,EL731,24.70339035987854,10.29660964012146
GSE37008,2,EL732,36.49410080909729,2.49410080909729
GSE37008,2,EL734,37.36841416358948,2.6315858364105225
GSE37008,2,EL735,25.783533334732056,3.2164666652679443
GSE37008,2,EL736,23.986435174942017,0.013564825057983398
GSE37008,2,EL737,33.89736771583557,2.8973677158355713
GSE37008,2,EL744,33.48983979225159,3.510160207748413
GSE37008,2,EL747,33.97962021827698,4.9796202182769775
GSE37008,2,EL751,32.40284180641174,0.5971581935882568
GSE37008,2,EL752,34.58965516090393,1.5896551609039307
GSE37008,2,EL754,31.737646341323853,5.2623536586761475
GSE37008,2,EL755,30.58702301979065,4.412976980209351
GSE37008,2,EL758,43.49806046485901,6.498060464859009
GSE37008,2,EL759,37.85195755958557,7.851957559585571
GSE37008,2,EL760,33.56530213356018,8.56530213356018
GSE37008,2,EL762,32.5233519077301,2.4766480922698975
GSE37008,2,EL763,34.26867890357971,1.268678903579712
GSE37008,2,EL767,39.18061661720276,6.180616617202759
GSE37008,2,EL770,30.324697732925415,4.675302267074585
GSE37008,2,EL771,32.12518906593323,3.1251890659332275
GSE37008,2,EL773,30.894899606704712,2.894899606704712
GSE37008,2,EL774,44.16372513771057,4.163725137710571
GSE37008,2,EL775,37.19446015357971,6.194460153579712
GSE37008,2,EL776,37.01676392555237,10.016763925552368
GSE37008,2,EL777,29.672945261001587,6.327054738998413
GSE37008,2,EL778,25.663118600845337,0.6631186008453369
GSE37008,2,EL781,30.96572709083557,3.9657270908355713
GSE37008,2,EL782,34.71137070655823,8.711370706558228
GSE37008,2,EL784,34.38660645484924,1.3866064548492432
GSE37008,2,EL785,31.606024026870728,1.6060240268707275
GSE37008,2,EL787,25.647783517837524,5.352216482162476
GSE37008,2,EL788,30.408632516860962,3.591367483139038
GSE37008,2,EL789,31.863619089126587,0.8636190891265869
GSE37008,2,EL790,34.19471573829651,4.194715738296509
GSE37008,2,EL791,36.450769662857056,4.549230337142944
GSE37008,2,EL792,40.88106369972229,8.88106369972229
GSE37008,2,EL796,45.90858292579651,4.908582925796509
GSE37008,2,EL800,34.51780152320862,0.48219847679138184
GSE37008,2,EL801,27.66198182106018,9.33801817893982
GSE37008,2,EL803,34.74448609352112,4.255513906478882
GSE37008,2,EL804,39.52078080177307,2.4792191982269287
GSE37008,2,EL805,19.448213815689087,6.551786184310913
GSE37008,3,EL703,32.300045013427734,0.6999549865722656
GSE37008,3,EL704,35.89933776855469,2.1006622314453125
GSE37008,3,EL705,42.222618103027344,5.222618103027344
GSE37008,3,EL707,38.16234588623047,0.16234588623046875
GSE37008,3,EL708,32.98686218261719,4.0131378173828125
GSE37008,3,EL709,36.10388946533203,5.103889465332031
GSE37008,3,EL711,36.83880615234375,2.16119384765625
GSE37008,3,EL713,27.136276245117188,0.1362762451171875
GSE37008,3,EL714,27.059783935546875,2.059783935546875
GSE37008,3,EL715,35.60135269165039,4.601352691650391
GSE37008,3,EL717,36.39722442626953,0.6027755737304688
GSE37008,3,EL718,33.01416778564453,2.9858322143554688
GSE37008,3,EL719,37.72346496582031,0.2765350341796875
GSE37008,3,EL723,29.245574951171875,2.754425048828125
GSE37008,3,EL725,32.993408203125,4.993408203125
GSE37008,3,EL726,33.430152893066406,1.4301528930664062
GSE37008,3,EL728,37.98972702026367,11.989727020263672
GSE37008,3,EL729,27.041419982910156,2.0414199829101562
GSE37008,3,EL731,24.467845916748047,10.532154083251953
GSE37008,3,EL732,36.2585563659668,2.258556365966797
GSE37008,3,EL734,37.132869720458984,2.8671302795410156
GSE37008,3,EL735,25.547988891601562,3.4520111083984375
GSE37008,3,EL736,23.750890731811523,0.24910926818847656
GSE37008,3,EL737,33.66182327270508,2.661823272705078
GSE37008,3,EL744,33.254295349121094,3.7457046508789062
GSE37008,3,EL747,33.744075775146484,4.744075775146484
GSE37008,3,EL751,32.16729736328125,0.83270263671875
GSE37008,3,EL752,34.35411071777344,1.3541107177734375
GSE37008,3,EL754,31.50210189819336,5.497898101806641
GSE37008,3,EL755,30.351478576660156,4.648521423339844
GSE37008,3,EL758,43.262516021728516,6.262516021728516
GSE37008,3,EL759,37.61641311645508,7.616413116455078
GSE37008,3,EL760,33.32975769042969,8.329757690429688
GSE37008,3,EL762,32.28780746459961,2.7121925354003906
GSE37008,3,EL763,34.03313446044922,1.0331344604492188
GSE37008,3,EL767,38.945072174072266,5.945072174072266
GSE37008,3,EL770,30.089153289794922,4.910846710205078
GSE37008,3,EL771,31.889644622802734,2.8896446228027344
GSE37008,3,EL773,30.65935516357422,2.6593551635742188
GSE37008,3,EL774,43.92818069458008,3.928180694580078
GSE37008,3,EL775,36.95891571044922,5.958915710449219
GSE37008,3,EL776,36.781219482421875,9.781219482421875
GSE37008,3,EL777,29.437400817871094,6.562599182128906
GSE37008,3,EL778,25.427574157714844,0.42757415771484375
GSE37008,3,EL781,30.730182647705078,3.730182647705078
GSE37008,3,EL782,34.475826263427734,8.475826263427734
GSE37008,3,EL784,34.15106201171875,1.15106201171875
GSE37008,3,EL785,31.370479583740234,1.3704795837402344
GSE37008,3,EL787,25.41223907470703,5.587760925292969
GSE37008,3,EL788,30.17308807373047,3.8269119262695312
GSE37008,3,EL789,31.628074645996094,0.6280746459960938
GSE37008,3,EL790,33.959171295166016,3.9591712951660156
GSE37008,3,EL791,36.21522521972656,4.7847747802734375
GSE37008,3,EL792,40.6455192565918,8.645519256591797
GSE37008,3,EL796,45.673038482666016,4.673038482666016
GSE37008,3,EL800,34.282257080078125,0.717742919921875
GSE37008,3,EL801,27.426437377929688,9.573562622070312
GSE37008,3,EL803,34.508941650390625,4.491058349609375
GSE37008,3,EL804,39.28523635864258,2.714763641357422
GSE37008,3,EL805,19.212669372558594,6.787330627441406
GSE37008,4,EL703,34.15248203277588,1.152482032775879
GSE37008,4,EL704,37.75177478790283,0.24822521209716797
GSE37008,4,EL705,44.07505512237549,7.075055122375488
GSE37008,4,EL707,40.01478290557861,2.0147829055786133
GSE37008,4,EL708,34.83929920196533,2.160700798034668
GSE37008,4,EL709,37.956326484680176,6.956326484680176
GSE37008,4,EL711,38.691243171691895,0.30875682830810547
GSE37008,4,EL713,28.988713264465332,1.988713264465332
GSE37008,4,EL714,28.91222095489502,3.9122209548950195
GSE37008,4,EL715,37.453789710998535,6.453789710998535
GSE37008,4,EL717,38.249661445617676,1.2496614456176758
GSE37008,4,EL718,34.866604804992676,1.1333951950073242
GSE37008,4,EL719,39.57590198516846,1.575901985168457
GSE37008,4,EL723,31.09801197052002,0.9019880294799805
GSE37008,4,EL725,34.845845222473145,6.8458452224731445
GSE37008,4,EL726,35.28258991241455,3.282589912414551
GSE37008,4,EL728,39.842164039611816,13.842164039611816
GSE37008,4,EL729,28.8938570022583,3.893857002258301
GSE37008,4,EL731,26.32028293609619,8.679717063903809
GSE37008,4,EL732,38.11099338531494,4.110993385314941
GSE37008,4,EL734,38.98530673980713,1.014693260192871
GSE37008,4,EL735,27.400425910949707,1.599574089050293
GSE37008,4,EL736,25.603327751159668,1.603327751159668
GSE37008,4,EL737,35.51426029205322,4.514260292053223
GSE37008,4,EL744,35.10673236846924,1.8932676315307617
GSE37008,4,EL747,35.59651279449463,6.596512794494629
GSE37008,4,EL751,34.019734382629395,1.0197343826293945
GSE37008,4,EL752,36.20654773712158,3.206547737121582
GSE37008,4,EL754,33.354538917541504,3.645461082458496
GSE37008,4,EL755,32.2039155960083,2.796084403991699
GSE37008,4,EL758,45.11495304107666,8.11495304107666
GSE37008,4,EL759,39.46885013580322,9.468850135803223
GSE37008,4,EL760,35.18219470977783,10.182194709777832
GSE37008,4,EL762,34.140244483947754,0.8597555160522461
GSE37008,4,EL763,35.88557147979736,2.8855714797973633
GSE37008,4,EL767,40.79750919342041,7.79750919342041
GSE37008,4,EL770,31.941590309143066,3.0584096908569336
GSE37008,4,EL771,33.74208164215088,4.742081642150879
GSE37008,4,EL773,32.51179218292236,4.511792182922363
GSE37008,4,EL774,45.78061771392822,5.780617713928223
GSE37008,4,EL775,38.81135272979736,7.811352729797363
GSE37008,4,EL776,38.63365650177002,11.63365650177002
GSE37008,4,EL777,31.28983783721924,4.710162162780762
GSE37008,4,EL778,27.28001117706299,2.2800111770629883
GSE37008,4,EL781,32.58261966705322,5.582619667053223
GSE37008,4,EL782,36.32826328277588,10.328263282775879
GSE37008,4,EL784,36.003499031066895,3.0034990310668945
GSE37008,4,EL785,33.22291660308838,3.222916603088379
GSE37008,4,EL787,27.264676094055176,3.735323905944824
GSE37008,4,EL788,32.02552509307861,1.9744749069213867
GSE37008,4,EL789,33.48051166534424,2.4805116653442383
GSE37008,4,EL790,35.81160831451416,5.81160831451416
GSE37008,4,EL791,38.06766223907471,2.932337760925293
GSE37008,4,EL792,42.49795627593994,10.497956275939941
GSE37008,4,EL796,47.52547550201416,6.52547550201416
GSE37008,4,EL800,36.13469409942627,1.1346940994262695
GSE37008,4,EL801,29.278874397277832,7.721125602722168
GSE37008,4,EL803,36.36137866973877,2.6386213302612305
GSE37008,4,EL804,41.13767337799072,0.8623266220092773
GSE37008,4,EL805,21.06510639190674,4.934893608093262
GSE37008,5,EL703,32.713213205337524,0.2867867946624756
GSE37008,5,EL704,36.31250596046448,1.6874940395355225
GSE37008,5,EL705,42.635786294937134,5.635786294937134
GSE37008,5,EL707,38.57551407814026,0.5755140781402588
GSE37008,5,EL708,33.40003037452698,3.5999696254730225
GSE37008,5,EL709,36.51705765724182,5.517057657241821
GSE37008,5,EL711,37.25197434425354,1.74802565574646
GSE37008,5,EL713,27.549444437026978,0.5494444370269775
GSE37008,5,EL714,27.472952127456665,2.472952127456665
GSE37008,5,EL715,36.01452088356018,5.014520883560181
GSE37008,5,EL717,36.81039261817932,0.1896073818206787
GSE37008,5,EL718,33.42733597755432,2.5726640224456787
GSE37008,5,EL719,38.1366331577301,0.13663315773010254
GSE37008,5,EL723,29.658743143081665,2.341256856918335
GSE37008,5,EL725,33.40657639503479,5.40657639503479
GSE37008,5,EL726,33.843321084976196,1.8433210849761963
GSE37008,5,EL728,38.40289521217346,12.402895212173462
GSE37008,5,EL729,27.454588174819946,2.4545881748199463
GSE37008,5,EL731,24.881014108657837,10.118985891342163
GSE37008,5,EL732,36.67172455787659,2.671724557876587
GSE37008,5,EL734,37.546037912368774,2.4539620876312256
GSE37008,5,EL735,25.961157083511353,3.0388429164886475
GSE37008,5,EL736,24.164058923721313,0.16405892372131348
GSE37008,5,EL737,34.07499146461487,3.074991464614868
GSE37008,5,EL744,33.667463541030884,3.332536458969116
GSE37008,5,EL747,34.157243967056274,5.157243967056274
GSE37008,5,EL751,32.58046555519104,0.41953444480895996
GSE37008,5,EL752,34.76727890968323,1.7672789096832275
GSE37008,5,EL754,31.91527009010315,5.084729909896851
GSE37008,5,EL755,30.764646768569946,4.235353231430054
GSE37008,5,EL758,43.675684213638306,6.675684213638306
GSE37008,5,EL759,38.02958130836487,8.029581308364868
GSE37008,5,EL760,33.74292588233948,8.742925882339478
GSE37008,5,EL762,32.7009756565094,2.2990243434906006
GSE37008,5,EL763,34.44630265235901,1.4463026523590088
GSE37008,5,EL767,39.358240365982056,6.358240365982056
GSE37008,5,EL770,30.502321481704712,4.497678518295288
GSE37008,5,EL771,32.302812814712524,3.3028128147125244
GSE37008,5,EL773,31.07252335548401,3.072523355484009
GSE37008,5,EL774,44.34134888648987,4.341348886489868
GSE37008,5,EL775,37.37208390235901,6.372083902359009
GSE37008,5,EL776,37.194387674331665,10.194387674331665
GSE37008,5,EL777,29.850569009780884,6.149430990219116
GSE37008,5,EL778,25.840742349624634,0.8407423496246338
GSE37008,5,EL781,31.143350839614868,4.143350839614868
GSE37008,5,EL782,34.888994455337524,8.888994455337524
GSE37008,5,EL784,34.56423020362854,1.56423020362854
GSE37008,5,EL785,31.783647775650024,1.7836477756500244
GSE37008,5,EL787,25.82540726661682,5.174592733383179
GSE37008,5,EL788,30.58625626564026,3.413743734359741
GSE37008,5,EL789,32.041242837905884,1.0412428379058838
GSE37008,5,EL790,34.372339487075806,4.372339487075806
GSE37008,5,EL791,36.62839341163635,4.3716065883636475
GSE37008,5,EL792,41.05868744850159,9.058687448501587
GSE37008,5,EL796,46.086206674575806,5.086206674575806
GSE37008,5,EL800,34.695425271987915,0.30457472801208496
GSE37008,5,EL801,27.839605569839478,9.160394430160522
GSE37008,5,EL803,34.922109842300415,4.077890157699585
GSE37008,5,EL804,39.69840455055237,2.301595449447632
GSE37008,5,EL805,19.625837564468384,6.374162435531616
GSE37008,6,EL703,30.563669443130493,2.436330556869507
GSE37008,6,EL704,34.162962198257446,3.8370378017425537
GSE37008,6,EL705,40.4862425327301,3.4862425327301025
GSE37008,6,EL707,36.42597031593323,1.5740296840667725
GSE37008,6,EL708,31.250486612319946,5.749513387680054
GSE37008,6,EL709,34.36751389503479,3.36751389503479
GSE37008,6,EL711,35.10243058204651,3.897569417953491
GSE37008,6,EL713,25.399900674819946,1.6000993251800537
GSE37008,6,EL714,25.323408365249634,0.3234083652496338
GSE37008,6,EL715,33.86497712135315,2.8649771213531494
GSE37008,6,EL717,34.66084885597229,2.33915114402771
GSE37008,6,EL718,31.27779221534729,4.72220778465271
GSE37008,6,EL719,35.98708939552307,2.0129106044769287
GSE37008,6,EL723,27.509199380874634,4.490800619125366
GSE37008,6,EL725,31.25703263282776,3.257032632827759
GSE37008,6,EL726,31.693777322769165,0.30622267723083496
GSE37008,6,EL728,36.25335144996643,10.25335144996643
GSE37008,6,EL729,25.305044412612915,0.30504441261291504
GSE37008,6,EL731,22.731470346450806,12.268529653549194
GSE37008,6,EL732,34.522180795669556,0.5221807956695557
GSE37008,6,EL734,35.39649415016174,4.603505849838257
GSE37008,6,EL735,23.81161332130432,5.188386678695679
GSE37008,6,EL736,22.014515161514282,1.9854848384857178
GSE37008,6,EL737,31.925447702407837,0.9254477024078369
GSE37008,6,EL744,31.517919778823853,5.4820802211761475
GSE37008,6,EL747,32.00770020484924,3.007700204849243
GSE37008,6,EL751,30.43092179298401,2.569078207015991
GSE37008,6,EL752,32.617735147476196,0.3822648525238037
GSE37008,6,EL754,29.765726327896118,7.234273672103882
GSE37008,6,EL755,28.615103006362915,6.384896993637085
GSE37008,6,EL758,41.526140451431274,4.526140451431274
GSE37008,6,EL759,35.88003754615784,5.880037546157837
GSE37008,6,EL760,31.593382120132446,6.593382120132446
GSE37008,6,EL762,30.551431894302368,4.448568105697632
GSE37008,6,EL763,32.29675889015198,0.7032411098480225
GSE37008,6,EL767,37.208696603775024,4.208696603775024
GSE37008,6,EL770,28.35277771949768,6.647222280502319
GSE37008,6,EL771,30.153269052505493,1.1532690525054932
GSE37008,6,EL773,28.922979593276978,0.9229795932769775
GSE37008,6,EL774,42.19180512428284,2.191805124282837
GSE37008,6,EL775,35.22254014015198,4.2225401401519775
GSE37008,6,EL776,35.044843912124634,8.044843912124634
GSE37008,6,EL777,27.701025247573853,8.298974752426147
GSE37008,6,EL778,23.691198587417603,1.3088014125823975
GSE37008,6,EL781,28.993807077407837,1.993807077407837
GSE37008,6,EL782,32.73945069313049,6.739450693130493
GSE37008,6,EL784,32.41468644142151,0.5853135585784912
GSE37008,6,EL785,29.634104013442993,0.36589598655700684
GSE37008,6,EL787,23.67586350440979,7.32413649559021
GSE37008,6,EL788,28.436712503433228,5.5632874965667725
GSE37008,6,EL789,29.891699075698853,1.1083009243011475
GSE37008,6,EL790,32.222795724868774,2.2227957248687744
GSE37008,6,EL791,34.47884964942932,6.521150350570679
GSE37008,6,EL792,38.909143686294556,6.909143686294556
GSE37008,6,EL796,43.936662912368774,2.9366629123687744
GSE37008,6,EL800,32.545881509780884,2.454118490219116
GSE37008,6,EL801,25.690061807632446,11.309938192367554
GSE37008,6,EL803,32.772566080093384,6.227433919906616
GSE37008,6,EL804,37.54886078834534,4.451139211654663
GSE37008,6,EL805,17.476293802261353,8.523706197738647
GSE37008,7,EL703,31.4790780544281,1.5209219455718994
GSE37008,7,EL704,35.078370809555054,2.9216291904449463
GSE37008,7,EL705,41.40165114402771,4.40165114402771
GSE37008,7,EL707,37.341378927230835,0.658621072769165
GSE37008,7,EL708,32.165895223617554,4.834104776382446
GSE37008,7,EL709,35.2829225063324,4.2829225063323975
GSE37008,7,EL711,36.017839193344116,2.982160806655884
GSE37008,7,EL713,26.315309286117554,0.6846907138824463
GSE37008,7,EL714,26.23881697654724,1.2388169765472412
GSE37008,7,EL715,34.78038573265076,3.780385732650757
GSE37008,7,EL717,35.5762574672699,1.4237425327301025
GSE37008,7,EL718,32.1932008266449,3.8067991733551025
GSE37008,7,EL719,36.90249800682068,1.0975019931793213
GSE37008,7,EL723,28.42460799217224,3.575392007827759
GSE37008,7,EL725,32.172441244125366,4.172441244125366
GSE37008,7,EL726,32.60918593406677,0.6091859340667725
GSE37008,7,EL728,37.16876006126404,11.168760061264038
GSE37008,7,EL729,26.220453023910522,1.2204530239105225
GSE37008,7,EL731,23.646878957748413,11.353121042251587
GSE37008,7,EL732,35.43758940696716,1.437589406967163
GSE37008,7,EL734,36.31190276145935,3.6880972385406494
GSE37008,7,EL735,24.72702193260193,4.272978067398071
GSE37008,7,EL736,22.92992377281189,1.0700762271881104
GSE37008,7,EL737,32.840856313705444,1.8408563137054443
GSE37008,7,EL744,32.43332839012146,4.56667160987854
GSE37008,7,EL747,32.92310881614685,3.9231088161468506
GSE37008,7,EL751,31.346330404281616,1.6536695957183838
GSE37008,7,EL752,33.533143758773804,0.5331437587738037
GSE37008,7,EL754,30.681134939193726,6.318865060806274
GSE37008,7,EL755,29.530511617660522,5.4694883823394775
GSE37008,7,EL758,42.44154906272888,5.441549062728882
GSE37008,7,EL759,36.795446157455444,6.795446157455444
GSE37008,7,EL760,32.508790731430054,7.508790731430054
GSE37008,7,EL762,31.466840505599976,3.5331594944000244
GSE37008,7,EL763,33.212167501449585,0.21216750144958496
GSE37008,7,EL767,38.12410521507263,5.124105215072632
GSE37008,7,EL770,29.268186330795288,5.731813669204712
GSE37008,7,EL771,31.0686776638031,2.0686776638031006
GSE37008,7,EL773,29.838388204574585,1.838388204574585
GSE37008,7,EL774,43.107213735580444,3.1072137355804443
GSE37008,7,EL775,36.137948751449585,5.137948751449585
GSE37008,7,EL776,35.96025252342224,8.960252523422241
GSE37008,7,EL777,28.61643385887146,7.38356614112854
GSE37008,7,EL778,24.60660719871521,0.39339280128479004
GSE37008,7,EL781,29.909215688705444,2.9092156887054443
GSE37008,7,EL782,33.6548593044281,7.654859304428101
GSE37008,7,EL784,33.330095052719116,0.3300950527191162
GSE37008,7,EL785,30.5495126247406,0.5495126247406006
GSE37008,7,EL787,24.591272115707397,6.4087278842926025
GSE37008,7,EL788,29.352121114730835,4.647878885269165
GSE37008,7,EL789,30.80710768699646,0.19289231300354004
GSE37008,7,EL790,33.13820433616638,3.138204336166382
GSE37008,7,EL791,35.39425826072693,5.605741739273071
GSE37008,7,EL792,39.82455229759216,7.824552297592163
GSE37008,7,EL796,44.85207152366638,3.852071523666382
GSE37008,7,EL800,33.46129012107849,1.5387098789215088
GSE37008,7,EL801,26.605470418930054,10.394529581069946
GSE37008,7,EL803,33.68797469139099,5.312025308609009
GSE37008,7,EL804,38.464269399642944,3.5357306003570557
GSE37008,7,EL805,18.39170241355896,7.60829758644104
GSE37008,8,EL703,31.313625812530518,1.6863741874694824
GSE37008,8,EL704,34.91291856765747,3.0870814323425293
GSE37008,8,EL705,41.23619890213013,4.236198902130127
GSE37008,8,EL707,37.17592668533325,0.824073314666748
GSE37008,8,EL708,32.00044298171997,4.999557018280029
GSE37008,8,EL709,35.117470264434814,4.1174702644348145
GSE37008,8,EL711,35.85238695144653,3.147613048553467
GSE37008,8,EL713,26.14985704421997,0.8501429557800293
GSE37008,8,EL714,26.073364734649658,1.0733647346496582
GSE37008,8,EL715,34.614933490753174,3.614933490753174
GSE37008,8,EL717,35.410805225372314,1.5891947746276855
GSE37008,8,EL718,32.027748584747314,3.9722514152526855
GSE37008,8,EL719,36.737045764923096,1.2629542350769043
GSE37008,8,EL723,28.259155750274658,3.740844249725342
GSE37008,8,EL725,32.00698900222778,4.006989002227783
GSE37008,8,EL726,32.44373369216919,0.44373369216918945
GSE37008,8,EL728,37.003307819366455,11.003307819366455
GSE37008,8,EL729,26.05500078201294,1.0550007820129395
GSE37008,8,EL731,23.48142671585083,11.51857328414917
GSE37008,8,EL732,35.27213716506958,1.27213716506958
GSE37008,8,EL734,36.14645051956177,3.8535494804382324
GSE37008,8,EL735,24.561569690704346,4.438430309295654
GSE37008,8,EL736,22.764471530914307,1.2355284690856934
GSE37008,8,EL737,32.67540407180786,1.6754040718078613
GSE37008,8,EL744,32.26787614822388,4.732123851776123
GSE37008,8,EL747,32.75765657424927,3.7576565742492676
GSE37008,8,EL751,31.180878162384033,1.8191218376159668
GSE37008,8,EL752,33.36769151687622,0.3676915168762207
GSE37008,8,EL754,30.515682697296143,6.484317302703857
GSE37008,8,EL755,29.36505937576294,5.6349406242370605
GSE37008,8,EL758,42.2760968208313,5.276096820831299
GSE37008,8,EL759,36.62999391555786,6.629993915557861
GSE37008,8,EL760,32.34333848953247,7.343338489532471
GSE37008,8,EL762,31.301388263702393,3.6986117362976074
GSE37008,8,EL763,33.046715259552,0.04671525955200195
GSE37008,8,EL767,37.95865297317505,4.958652973175049
GSE37008,8,EL770,29.102734088897705,5.897265911102295
GSE37008,8,EL771,30.903225421905518,1.9032254219055176
GSE37008,8,EL773,29.672935962677002,1.672935962677002
GSE37008,8,EL774,42.94176149368286,2.9417614936828613
GSE37008,8,EL775,35.972496509552,4.972496509552002
GSE37008,8,EL776,35.79480028152466,8.794800281524658
GSE37008,8,EL777,28.450981616973877,7.549018383026123
GSE37008,8,EL778,24.441154956817627,0.558845043182373
GSE37008,8,EL781,29.74376344680786,2.7437634468078613
GSE37008,8,EL782,33.48940706253052,7.489407062530518
GSE37008,8,EL784,33.16464281082153,0.1646428108215332
GSE37008,8,EL785,30.384060382843018,0.3840603828430176
GSE37008,8,EL787,24.425819873809814,6.5741801261901855
GSE37008,8,EL788,29.186668872833252,4.813331127166748
GSE37008,8,EL789,30.641655445098877,0.35834455490112305
GSE37008,8,EL790,32.9727520942688,2.972752094268799
GSE37008,8,EL791,35.228806018829346,5.771193981170654
GSE37008,8,EL792,39.65910005569458,7.65910005569458
GSE37008,8,EL796,44.6866192817688,3.686619281768799
GSE37008,8,EL800,33.29583787918091,1.7041621208190918
GSE37008,8,EL801,26.44001817703247,10.55998182296753
GSE37008,8,EL803,33.52252244949341,5.477477550506592
GSE37008,8,EL804,38.29881715774536,3.7011828422546387
GSE37008,8,EL805,18.226250171661377,7.773749828338623
GSE37008,9,EL703,32.059922218322754,0.9400777816772461
GSE37008,9,EL704,35.65921497344971,2.340785026550293
GSE37008,9,EL705,41.98249530792236,4.982495307922363
GSE37008,9,EL707,37.92222309112549,0.07777690887451172
GSE37008,9,EL708,32.74673938751221,4.253260612487793
GSE37008,9,EL709,35.86376667022705,4.863766670227051
GSE37008,9,EL711,36.59868335723877,2.4013166427612305
GSE37008,9,EL713,26.896153450012207,0.10384654998779297
GSE37008,9,EL714,26.819661140441895,1.8196611404418945
GSE37008,9,EL715,35.36122989654541,4.36122989654541
GSE37008,9,EL717,36.15710163116455,0.8428983688354492
GSE37008,9,EL718,32.77404499053955,3.225955009460449
GSE37008,9,EL719,37.48334217071533,0.516657829284668
GSE37008,9,EL723,29.005452156066895,2.9945478439331055
GSE37008,9,EL725,32.75328540802002,4.7532854080200195
GSE37008,9,EL726,33.190030097961426,1.1900300979614258
GSE37008,9,EL728,37.74960422515869,11.749604225158691
GSE37008,9,EL729,26.801297187805176,1.8012971878051758
GSE37008,9,EL731,24.227723121643066,10.772276878356934
GSE37008,9,EL732,36.018433570861816,2.0184335708618164
GSE37008,9,EL734,36.892746925354004,3.107253074645996
GSE37008,9,EL735,25.307866096496582,3.692133903503418
GSE37008,9,EL736,23.510767936706543,0.48923206329345703
GSE37008,9,EL737,33.4217004776001,2.4217004776000977
GSE37008,9,EL744,33.01417255401611,3.9858274459838867
GSE37008,9,EL747,33.503952980041504,4.503952980041504
GSE37008,9,EL751,31.92717456817627,1.0728254318237305
GSE37008,9,EL752,34.11398792266846,1.113987922668457
GSE37008,9,EL754,31.26197910308838,5.738020896911621
GSE37008,9,EL755,30.111355781555176,4.888644218444824
GSE37008,9,EL758,43.022393226623535,6.022393226623535
GSE37008,9,EL759,37.3762903213501,7.376290321350098
GSE37008,9,EL760,33.08963489532471,8.089634895324707
GSE37008,9,EL762,32.04768466949463,2.952315330505371
GSE37008,9,EL763,33.79301166534424,0.7930116653442383
GSE37008,9,EL767,38.704949378967285,5.704949378967285
GSE37008,9,EL770,29.84903049468994,5.150969505310059
GSE37008,9,EL771,31.649521827697754,2.649521827697754
GSE37008,9,EL773,30.41923236846924,2.4192323684692383
GSE37008,9,EL774,43.6880578994751,3.6880578994750977
GSE37008,9,EL775,36.71879291534424,5.718792915344238
GSE37008,9,EL776,36.541096687316895,9.541096687316895
GSE37008,9,EL777,29.197278022766113,6.802721977233887
GSE37008,9,EL778,25.187451362609863,0.18745136260986328
GSE37008,9,EL781,30.490059852600098,3.4900598526000977
GSE37008,9,EL782,34.235703468322754,8.235703468322754
GSE37008,9,EL784,33.91093921661377,0.9109392166137695
GSE37008,9,EL785,31.130356788635254,1.130356788635254
GSE37008,9,EL787,25.17211627960205,5.827883720397949
GSE37008,9,EL788,29.93296527862549,4.067034721374512
GSE37008,9,EL789,31.387951850891113,0.3879518508911133
GSE37008,9,EL790,33.719048500061035,3.719048500061035
GSE37008,9,EL791,35.97510242462158,5.024897575378418
GSE37008,9,EL792,40.405396461486816,8.405396461486816
GSE37008,9,EL796,45.432915687561035,4.432915687561035
GSE37008,9,EL800,34.042134284973145,0.9578657150268555
GSE37008,9,EL801,27.186314582824707,9.813685417175293
GSE37008,9,EL803,34.268818855285645,4.7311811447143555
GSE37008,9,EL804,39.0451135635376,2.9548864364624023
GSE37008,9,EL805,18.972546577453613,7.027453422546387
GSE37008,10,EL703,32.704426765441895,0.29557323455810547
GSE37008,10,EL704,36.30371952056885,1.6962804794311523
GSE37008,10,EL705,42.626999855041504,5.626999855041504
GSE37008,10,EL707,38.56672763824463,0.5667276382446289
GSE37008,10,EL708,33.39124393463135,3.6087560653686523
GSE37008,10,EL709,36.50827121734619,5.508271217346191
GSE37008,10,EL711,37.24318790435791,1.7568120956420898
GSE37008,10,EL713,27.540657997131348,0.5406579971313477
GSE37008,10,EL714,27.464165687561035,2.464165687561035
GSE37008,10,EL715,36.00573444366455,5.005734443664551
GSE37008,10,EL717,36.80160617828369,0.1983938217163086
GSE37008,10,EL718,33.41854953765869,2.5814504623413086
GSE37008,10,EL719,38.12784671783447,0.12784671783447266
GSE37008,10,EL723,29.649956703186035,2.350043296813965
GSE37008,10,EL725,33.39778995513916,5.39778995513916
GSE37008,10,EL726,33.834534645080566,1.8345346450805664
GSE37008,10,EL728,38.39410877227783,12.394108772277832
GSE37008,10,EL729,27.445801734924316,2.4458017349243164
GSE37008,10,EL731,24.872227668762207,10.127772331237793
GSE37008,10,EL732,36.66293811798096,2.662938117980957
GSE37008,10,EL734,37.537251472473145,2.4627485275268555
GSE37008,10,EL735,25.952370643615723,3.0476293563842773
GSE37008,10,EL736,24.155272483825684,0.1552724838256836
GSE37008,10,EL737,34.06620502471924,3.0662050247192383
GSE37008,10,EL744,33.658677101135254,3.341322898864746
GSE37008,10,EL747,34.148457527160645,5.1484575271606445
GSE37008,10,EL751,32.57167911529541,0.42832088470458984
GSE37008,10,EL752,34.7584924697876,1.7584924697875977
GSE37008,10,EL754,31.90648365020752,5.0935163497924805
GSE37008,10,EL755,30.755860328674316,4.244139671325684
GSE37008,10,EL758,43.666897773742676,6.666897773742676
GSE37008,10,EL759,38.02079486846924,8.020794868469238
GSE37008,10,EL760,33.73413944244385,8.734139442443848
GSE37008,10,EL762,32.69218921661377,2.3078107833862305
GSE37008,10,EL763,34.43751621246338,1.437516212463379
GSE37008,10,EL767,39.349453926086426,6.349453926086426
GSE37008,10,EL770,30.493535041809082,4.506464958190918
GSE37008,10,EL771,32.294026374816895,3.2940263748168945
GSE37008,10,EL773,31.06373691558838,3.063736915588379
GSE37008,10,EL774,44.33256244659424,4.332562446594238
GSE37008,10,EL775,37.36329746246338,6.363297462463379
GSE37008,10,EL776,37.185601234436035,10.185601234436035
GSE37008,10,EL777,29.841782569885254,6.158217430114746
GSE37008,10,EL778,25.831955909729004,0.8319559097290039
GSE37008,10,EL781,31.13456439971924,4.134564399719238
GSE37008,10,EL782,34.880208015441895,8.880208015441895
GSE37008,10,EL784,34.55544376373291,1.5554437637329102
GSE37008,10,EL785,31.774861335754395,1.7748613357543945
GSE37008,10,EL787,25.81662082672119,5.183379173278809
GSE37008,10,EL788,30.57746982574463,3.422530174255371
GSE37008,10,EL789,32.032456398010254,1.032456398010254
GSE37008,10,EL790,34.363553047180176,4.363553047180176
GSE37008,10,EL791,36.61960697174072,4.380393028259277
GSE37008,10,EL792,41.04990100860596,9.049901008605957
GSE37008,10,EL796,46.077420234680176,5.077420234680176
GSE37008,10,EL800,34.686638832092285,0.31336116790771484
GSE37008,10,EL801,27.830819129943848,9.169180870056152
GSE37008,10,EL803,34.913323402404785,4.086676597595215
GSE37008,10,EL804,39.68961811065674,2.3103818893432617
GSE37008,10,EL805,19.617051124572754,6.382948875427246
GSE37008,11,EL703,33.16776728630066,0.16776728630065918
GSE37008,11,EL704,36.76706004142761,1.2329399585723877
GSE37008,11,EL705,43.09034037590027,6.0903403759002686
GSE37008,11,EL707,39.030068159103394,1.0300681591033936
GSE37008,11,EL708,33.85458445549011,3.1454155445098877
GSE37008,11,EL709,36.971611738204956,5.971611738204956
GSE37008,11,EL711,37.706528425216675,1.2934715747833252
GSE37008,11,EL713,28.003998517990112,1.0039985179901123
GSE37008,11,EL714,27.9275062084198,2.9275062084198
GSE37008,11,EL715,36.469074964523315,5.469074964523315
GSE37008,11,EL717,37.264946699142456,0.26494669914245605
GSE37008,11,EL718,33.881890058517456,2.118109941482544
GSE37008,11,EL719,38.59118723869324,0.5911872386932373
GSE37008,11,EL723,30.1132972240448,1.8867027759552002
GSE37008,11,EL725,33.861130475997925,5.861130475997925
GSE37008,11,EL726,34.29787516593933,2.297875165939331
GSE37008,11,EL728,38.8574492931366,12.857449293136597
GSE37008,11,EL729,27.90914225578308,2.909142255783081
GSE37008,11,EL731,25.33556818962097,9.664431810379028
GSE37008,11,EL732,37.12627863883972,3.1262786388397217
GSE37008,11,EL734,38.00059199333191,1.9994080066680908
GSE37008,11,EL735,26.415711164474487,2.5842888355255127
GSE37008,11,EL736,24.61861300468445,0.6186130046844482
GSE37008,11,EL737,34.529545545578,3.529545545578003
GSE37008,11,EL744,34.12201762199402,2.8779823780059814
GSE37008,11,EL747,34.61179804801941,5.611798048019409
GSE37008,11,EL751,33.035019636154175,0.035019636154174805
GSE37008,11,EL752,35.22183299064636,2.2218329906463623
GSE37008,11,EL754,32.369824171066284,4.630175828933716
GSE37008,11,EL755,31.21920084953308,3.780799150466919
GSE37008,11,EL758,44.13023829460144,7.13023829460144
GSE37008,11,EL759,38.484135389328,8.484135389328003
GSE37008,11,EL760,34.19747996330261,9.197479963302612
GSE37008,11,EL762,33.155529737472534,1.8444702625274658
GSE37008,11,EL763,34.900856733322144,1.9008567333221436
GSE37008,11,EL767,39.81279444694519,6.81279444694519
GSE37008,11,EL770,30.956875562667847,4.043124437332153
GSE37008,11,EL771,32.75736689567566,3.757366895675659
GSE37008,11,EL773,31.527077436447144,3.5270774364471436
GSE37008,11,EL774,44.795902967453,4.795902967453003
GSE37008,11,EL775,37.826637983322144,6.8266379833221436
GSE37008,11,EL776,37.6489417552948,10.6489417552948
GSE37008,11,EL777,30.30512309074402,5.6948769092559814
GSE37008,11,EL778,26.29529643058777,1.2952964305877686
GSE37008,11,EL781,31.597904920578003,4.597904920578003
GSE37008,11,EL782,35.34354853630066,9.34354853630066
GSE37008,11,EL784,35.018784284591675,2.018784284591675
GSE37008,11,EL785,32.23820185661316,2.238201856613159
GSE37008,11,EL787,26.279961347579956,4.720038652420044
GSE37008,11,EL788,31.040810346603394,2.9591896533966064
GSE37008,11,EL789,32.49579691886902,1.4957969188690186
GSE37008,11,EL790,34.82689356803894,4.82689356803894
GSE37008,11,EL791,37.08294749259949,3.9170525074005127
GSE37008,11,EL792,41.51324152946472,9.513241529464722
GSE37008,11,EL796,46.54076075553894,5.54076075553894
GSE37008,11,EL800,35.14997935295105,0.1499793529510498
GSE37008,11,EL801,28.294159650802612,8.705840349197388
GSE37008,11,EL803,35.37666392326355,3.62333607673645
GSE37008,11,EL804,40.1529586315155,1.847041368484497
GSE37008,11,EL805,20.08039164543152,5.9196083545684814
GSE37008,12,EL703,30.69694685935974,2.303053140640259
GSE37008,12,EL704,34.296239614486694,3.7037603855133057
GSE37008,12,EL705,40.61951994895935,3.6195199489593506
GSE37008,12,EL707,36.559247732162476,1.4407522678375244
GSE37008,12,EL708,31.383764028549194,5.616235971450806
GSE37008,12,EL709,34.50079131126404,3.500791311264038
GSE37008,12,EL711,35.23570799827576,3.764292001724243
GSE37008,12,EL713,25.533178091049194,1.4668219089508057
GSE37008,12,EL714,25.456685781478882,0.45668578147888184
GSE37008,12,EL715,33.9982545375824,2.9982545375823975
GSE37008,12,EL717,34.79412627220154,2.205873727798462
GSE37008,12,EL718,31.411069631576538,4.588930368423462
GSE37008,12,EL719,36.12036681175232,1.8796331882476807
GSE37008,12,EL723,27.642476797103882,4.357523202896118
GSE37008,12,EL725,31.390310049057007,3.390310049057007
GSE37008,12,EL726,31.827054738998413,0.17294526100158691
GSE37008,12,EL728,36.38662886619568,10.386628866195679
GSE37008,12,EL729,25.438321828842163,0.4383218288421631
GSE37008,12,EL731,22.864747762680054,12.135252237319946
GSE37008,12,EL732,34.655458211898804,0.6554582118988037
GSE37008,12,EL734,35.52977156639099,4.470228433609009
GSE37008,12,EL735,23.94489073753357,5.055109262466431
GSE37008,12,EL736,22.14779257774353,1.8522074222564697
GSE37008,12,EL737,32.058725118637085,1.058725118637085
GSE37008,12,EL744,31.6511971950531,5.348802804946899
GSE37008,12,EL747,32.14097762107849,3.140977621078491
GSE37008,12,EL751,30.564199209213257,2.435800790786743
GSE37008,12,EL752,32.751012563705444,0.24898743629455566
GSE37008,12,EL754,29.899003744125366,7.100996255874634
GSE37008,12,EL755,28.748380422592163,6.251619577407837
GSE37008,12,EL758,41.65941786766052,4.6594178676605225
GSE37008,12,EL759,36.013314962387085,6.013314962387085
GSE37008,12,EL760,31.726659536361694,6.726659536361694
GSE37008,12,EL762,30.684709310531616,4.315290689468384
GSE37008,12,EL763,32.430036306381226,0.5699636936187744
GSE37008,12,EL767,37.34197402000427,4.3419740200042725
GSE37008,12,EL770,28.48605513572693,6.513944864273071
GSE37008,12,EL771,30.28654646873474,1.2865464687347412
GSE37008,12,EL773,29.056257009506226,1.0562570095062256
GSE37008,12,EL774,42.325082540512085,2.325082540512085
GSE37008,12,EL775,35.355817556381226,4.355817556381226
GSE37008,12,EL776,35.17812132835388,8.178121328353882
GSE37008,12,EL777,27.8343026638031,8.1656973361969
GSE37008,12,EL778,23.82447600364685,1.1755239963531494
GSE37008,12,EL781,29.127084493637085,2.127084493637085
GSE37008,12,EL782,32.87272810935974,6.872728109359741
GSE37008,12,EL784,32.54796385765076,0.45203614234924316
GSE37008,12,EL785,29.76738142967224,0.2326185703277588
GSE37008,12,EL787,23.809140920639038,7.190859079360962
GSE37008,12,EL788,28.569989919662476,5.430010080337524
GSE37008,12,EL789,30.0249764919281,0.9750235080718994
GSE37008,12,EL790,32.35607314109802,2.3560731410980225
GSE37008,12,EL791,34.61212706565857,6.387872934341431
GSE37008,12,EL792,39.042421102523804,7.042421102523804
GSE37008,12,EL796,44.06994032859802,3.0699403285980225
GSE37008,12,EL800,32.67915892601013,2.320841073989868
GSE37008,12,EL801,25.823339223861694,11.176660776138306
GSE37008,12,EL803,32.90584349632263,6.094156503677368
GSE37008,12,EL804,37.682138204574585,4.317861795425415
GSE37008,12,EL805,17.6095712184906,8.3904287815094
GSE37008,13,EL703,30.956825256347656,2.0431747436523438
GSE37008,13,EL704,34.55611801147461,3.4438819885253906
GSE37008,13,EL705,40.879398345947266,3.8793983459472656
GSE37008,13,EL707,36.81912612915039,1.1808738708496094
GSE37008,13,EL708,31.64364242553711,5.356357574462891
GSE37008,13,EL709,34.76066970825195,3.760669708251953
GSE37008,13,EL711,35.49558639526367,3.504413604736328
GSE37008,13,EL713,25.79305648803711,1.2069435119628906
GSE37008,13,EL714,25.716564178466797,0.7165641784667969
GSE37008,13,EL715,34.25813293457031,3.2581329345703125
GSE37008,13,EL717,35.05400466918945,1.9459953308105469
GSE37008,13,EL718,31.670948028564453,4.329051971435547
GSE37008,13,EL719,36.380245208740234,1.6197547912597656
GSE37008,13,EL723,27.902355194091797,4.097644805908203
GSE37008,13,EL725,31.650188446044922,3.650188446044922
GSE37008,13,EL726,32.08693313598633,0.08693313598632812
GSE37008,13,EL728,36.646507263183594,10.646507263183594
GSE37008,13,EL729,25.698200225830078,0.6982002258300781
GSE37008,13,EL731,23.12462615966797,11.875373840332031
GSE37008,13,EL732,34.91533660888672,0.9153366088867188
GSE37008,13,EL734,35.789649963378906,4.210350036621094
GSE37008,13,EL735,24.204769134521484,4.795230865478516
GSE37008,13,EL736,22.407670974731445,1.5923290252685547
GSE37008,13,EL737,32.318603515625,1.318603515625
GSE37008,13,EL744,31.911075592041016,5.088924407958984
GSE37008,13,EL747,32.400856018066406,3.4008560180664062
GSE37008,13,EL751,30.824077606201172,2.175922393798828
GSE37008,13,EL752,33.01089096069336,0.010890960693359375
GSE37008,13,EL754,30.15888214111328,6.841117858886719
GSE37008,13,EL755,29.008258819580078,5.991741180419922
GSE37008,13,EL758,41.91929626464844,4.9192962646484375
GSE37008,13,EL759,36.273193359375,6.273193359375
GSE37008,13,EL760,31.98653793334961,6.986537933349609
GSE37008,13,EL762,30.94458770751953,4.055412292480469
GSE37008,13,EL763,32.68991470336914,0.3100852966308594
GSE37008,13,EL767,37.60185241699219,4.6018524169921875
GSE37008,13,EL770,28.745933532714844,6.254066467285156
GSE37008,13,EL771,30.546424865722656,1.5464248657226562
GSE37008,13,EL773,29.31613540649414,1.3161354064941406
GSE37008,13,EL774,42.5849609375,2.5849609375
GSE37008,13,EL775,35.61569595336914,4.615695953369141
GSE37008,13,EL776,35.4379997253418,8.437999725341797
GSE37008,13,EL777,28.094181060791016,7.905818939208984
GSE37008,13,EL778,24.084354400634766,0.9156455993652344
GSE37008,13,EL781,29.386962890625,2.386962890625
GSE37008,13,EL782,33.132606506347656,7.132606506347656
GSE37008,13,EL784,32.80784225463867,0.19215774536132812
GSE37008,13,EL785,30.027259826660156,0.02725982666015625
GSE37008,13,EL787,24.069019317626953,6.930980682373047
GSE37008,13,EL788,28.82986831665039,5.170131683349609
GSE37008,13,EL789,30.284854888916016,0.7151451110839844
GSE37008,13,EL790,32.61595153808594,2.6159515380859375
GSE37008,13,EL791,34.872005462646484,6.127994537353516
GSE37008,13,EL792,39.30229949951172,7.302299499511719
GSE37008,13,EL796,44.32981872558594,3.3298187255859375
GSE37008,13,EL800,32.93903732299805,2.060962677001953
GSE37008,13,EL801,26.08321762084961,10.91678237915039
GSE37008,13,EL803,33.16572189331055,5.834278106689453
GSE37008,13,EL804,37.9420166015625,4.0579833984375
GSE37008,13,EL805,17.869449615478516,8.130550384521484
GSE37008,14,EL703,30.190399169921875,2.809600830078125
GSE37008,14,EL704,33.78969192504883,4.210308074951172
GSE37008,14,EL705,40.112972259521484,3.1129722595214844
GSE37008,14,EL707,36.05270004272461,1.9472999572753906
GSE37008,14,EL708,30.877216339111328,6.122783660888672
GSE37008,14,EL709,33.99424362182617,2.994243621826172
GSE37008,14,EL711,34.72916030883789,4.270839691162109
GSE37008,14,EL713,25.026630401611328,1.9733695983886719
GSE37008,14,EL714,24.950138092041016,0.049861907958984375
GSE37008,14,EL715,33.49170684814453,2.4917068481445312
GSE37008,14,EL717,34.28757858276367,2.712421417236328
GSE37008,14,EL718,30.904521942138672,5.095478057861328
GSE37008,14,EL719,35.61381912231445,2.386180877685547
GSE37008,14,EL723,27.135929107666016,4.864070892333984
GSE37008,14,EL725,30.88376235961914,2.8837623596191406
GSE37008,14,EL726,31.320507049560547,0.6794929504394531
GSE37008,14,EL728,35.88008117675781,9.880081176757812
GSE37008,14,EL729,24.931774139404297,0.06822586059570312
GSE37008,14,EL731,22.358200073242188,12.641799926757812
GSE37008,14,EL732,34.14891052246094,0.1489105224609375
GSE37008,14,EL734,35.023223876953125,4.976776123046875
GSE37008,14,EL735,23.438343048095703,5.561656951904297
GSE37008,14,EL736,21.641244888305664,2.358755111694336
GSE37008,14,EL737,31.55217742919922,0.5521774291992188
GSE37008,14,EL744,31.144649505615234,5.855350494384766
GSE37008,14,EL747,31.634429931640625,2.634429931640625
GSE37008,14,EL751,30.05765151977539,2.9423484802246094
GSE37008,14,EL752,32.24446487426758,0.7555351257324219
GSE37008,14,EL754,29.3924560546875,7.6075439453125
GSE37008,14,EL755,28.241832733154297,6.758167266845703
GSE37008,14,EL758,41.152870178222656,4.152870178222656
GSE37008,14,EL759,35.50676727294922,5.506767272949219
GSE37008,14,EL760,31.220111846923828,6.220111846923828
GSE37008,14,EL762,30.17816162109375,4.82183837890625
GSE37008,14,EL763,31.92348861694336,1.0765113830566406
GSE37008,14,EL767,36.835426330566406,3.8354263305664062
GSE37008,14,EL770,27.979507446289062,7.0204925537109375
GSE37008,14,EL771,29.779998779296875,0.779998779296875
GSE37008,14,EL773,28.54970932006836,0.5497093200683594
GSE37008,14,EL774,41.81853485107422,1.8185348510742188
GSE37008,14,EL775,34.84926986694336,3.8492698669433594
GSE37008,14,EL776,34.671573638916016,7.671573638916016
GSE37008,14,EL777,27.327754974365234,8.672245025634766
GSE37008,14,EL778,23.317928314208984,1.6820716857910156
GSE37008,14,EL781,28.62053680419922,1.6205368041992188
GSE37008,14,EL782,32.366180419921875,6.366180419921875
GSE37008,14,EL784,32.04141616821289,0.9585838317871094
GSE37008,14,EL785,29.260833740234375,0.739166259765625
GSE37008,14,EL787,23.302593231201172,7.697406768798828
GSE37008,14,EL788,28.06344223022461,5.936557769775391
GSE37008,14,EL789,29.518428802490234,1.4815711975097656
GSE37008,14,EL790,31.849525451660156,1.8495254516601562
GSE37008,14,EL791,34.1055793762207,6.894420623779297
GSE37008,14,EL792,38.53587341308594,6.5358734130859375
GSE37008,14,EL796,43.563392639160156,2.5633926391601562
GSE37008,14,EL800,32.172611236572266,2.8273887634277344
GSE37008,14,EL801,25.316791534423828,11.683208465576172
GSE37008,14,EL803,32.399295806884766,6.600704193115234
GSE37008,14,EL804,37.17559051513672,4.824409484863281
GSE37008,14,EL805,17.103023529052734,8.896976470947266
GSE37008,15,EL703,33.000956773757935,0.0009567737579345703
GSE37008,15,EL704,36.60024952888489,1.3997504711151123
GSE37008,15,EL705,42.923529863357544,5.923529863357544
GSE37008,15,EL707,38.86325764656067,0.863257646560669
GSE37008,15,EL708,33.68777394294739,3.3122260570526123
GSE37008,15,EL709,36.80480122566223,5.8048012256622314
GSE37008,15,EL711,37.53971791267395,1.4602820873260498
GSE37008,15,EL713,27.837188005447388,0.8371880054473877
GSE37008,15,EL714,27.760695695877075,2.760695695877075
GSE37008,15,EL715,36.30226445198059,5.302264451980591
GSE37008,15,EL717,37.09813618659973,0.09813618659973145
GSE37008,15,EL718,33.71507954597473,2.2849204540252686
GSE37008,15,EL719,38.42437672615051,0.4243767261505127
GSE37008,15,EL723,29.946486711502075,2.053513288497925
GSE37008,15,EL725,33.6943199634552,5.6943199634552
GSE37008,15,EL726,34.131064653396606,2.1310646533966064
GSE37008,15,EL728,38.69063878059387,12.690638780593872
GSE37008,15,EL729,27.742331743240356,2.7423317432403564
GSE37008,15,EL731,25.168757677078247,9.831242322921753
GSE37008,15,EL732,36.959468126297,2.959468126296997
GSE37008,15,EL734,37.833781480789185,2.1662185192108154
GSE37008,15,EL735,26.248900651931763,2.7510993480682373
GSE37008,15,EL736,24.451802492141724,0.45180249214172363
GSE37008,15,EL737,34.36273503303528,3.3627350330352783
GSE37008,15,EL744,33.955207109451294,3.044792890548706
GSE37008,15,EL747,34.444987535476685,5.444987535476685
GSE37008,15,EL751,32.86820912361145,0.1317908763885498
GSE37008,15,EL752,35.05502247810364,2.0550224781036377
GSE37008,15,EL754,32.20301365852356,4.79698634147644
GSE37008,15,EL755,31.052390336990356,3.9476096630096436
GSE37008,15,EL758,43.963427782058716,6.963427782058716
GSE37008,15,EL759,38.31732487678528,8.317324876785278
GSE37008,15,EL760,34.03066945075989,9.030669450759888
GSE37008,15,EL762,32.98871922492981,2.0112807750701904
GSE37008,15,EL763,34.73404622077942,1.734046220779419
GSE37008,15,EL767,39.645983934402466,6.645983934402466
GSE37008,15,EL770,30.790065050125122,4.209934949874878
GSE37008,15,EL771,32.590556383132935,3.5905563831329346
GSE37008,15,EL773,31.36026692390442,3.360266923904419
GSE37008,15,EL774,44.62909245491028,4.629092454910278
GSE37008,15,EL775,37.65982747077942,6.659827470779419
GSE37008,15,EL776,37.482131242752075,10.482131242752075
GSE37008,15,EL777,30.138312578201294,5.861687421798706
GSE37008,15,EL778,26.128485918045044,1.128485918045044
GSE37008,15,EL781,31.43109440803528,4.431094408035278
GSE37008,15,EL782,35.176738023757935,9.176738023757935
GSE37008,15,EL784,34.85197377204895,1.8519737720489502
GSE37008,15,EL785,32.071391344070435,2.0713913440704346
GSE37008,15,EL787,26.11315083503723,4.8868491649627686
GSE37008,15,EL788,30.87399983406067,3.126000165939331
GSE37008,15,EL789,32.328986406326294,1.328986406326294
GSE37008,15,EL790,34.660083055496216,4.660083055496216
GSE37008,15,EL791,36.91613698005676,4.083863019943237
GSE37008,15,EL792,41.346431016922,9.346431016921997
GSE37008,15,EL796,46.373950242996216,5.373950242996216
GSE37008,15,EL800,34.983168840408325,0.016831159591674805
GSE37008,15,EL801,28.127349138259888,8.872650861740112
GSE37008,15,EL803,35.209853410720825,3.790146589279175
GSE37008,15,EL804,39.98614811897278,2.0138518810272217
GSE37008,15,EL805,19.913581132888794,6.086418867111206
GSE37008,16,EL703,32.70497226715088,0.2950277328491211
GSE37008,16,EL704,36.30426502227783,1.695734977722168
GSE37008,16,EL705,42.62754535675049,5.627545356750488
GSE37008,16,EL707,38.56727313995361,0.5672731399536133
GSE37008,16,EL708,33.39178943634033,3.608210563659668
GSE37008,16,EL709,36.508816719055176,5.508816719055176
GSE37008,16,EL711,37.243733406066895,1.7562665939331055
GSE37008,16,EL713,27.541203498840332,0.541203498840332
GSE37008,16,EL714,27.46471118927002,2.4647111892700195
GSE37008,16,EL715,36.006279945373535,5.006279945373535
GSE37008,16,EL717,36.802151679992676,0.19784832000732422
GSE37008,16,EL718,33.419095039367676,2.580904960632324
GSE37008,16,EL719,38.12839221954346,0.12839221954345703
GSE37008,16,EL723,29.65050220489502,2.3494977951049805
GSE37008,16,EL725,33.398335456848145,5.3983354568481445
GSE37008,16,EL726,33.83508014678955,1.8350801467895508
GSE37008,16,EL728,38.394654273986816,12.394654273986816
GSE37008,16,EL729,27.4463472366333,2.446347236633301
GSE37008,16,EL731,24.87277317047119,10.127226829528809
GSE37008,16,EL732,36.66348361968994,2.6634836196899414
GSE37008,16,EL734,37.53779697418213,2.462203025817871
GSE37008,16,EL735,25.952916145324707,3.047083854675293
GSE37008,16,EL736,24.155817985534668,0.15581798553466797
GSE37008,16,EL737,34.06675052642822,3.0667505264282227
GSE37008,16,EL744,33.65922260284424,3.3407773971557617
GSE37008,16,EL747,34.14900302886963,5.149003028869629
GSE37008,16,EL751,32.572224617004395,0.42777538299560547
GSE37008,16,EL752,34.75903797149658,1.759037971496582
GSE37008,16,EL754,31.907029151916504,5.092970848083496
GSE37008,16,EL755,30.7564058303833,4.243594169616699
GSE37008,16,EL758,43.66744327545166,6.66744327545166
GSE37008,16,EL759,38.02134037017822,8.021340370178223
GSE37008,16,EL760,33.73468494415283,8.734684944152832
GSE37008,16,EL762,32.692734718322754,2.307265281677246
GSE37008,16,EL763,34.43806171417236,1.4380617141723633
GSE37008,16,EL767,39.34999942779541,6.34999942779541
GSE37008,16,EL770,30.494080543518066,4.505919456481934
GSE37008,16,EL771,32.29457187652588,3.294571876525879
GSE37008,16,EL773,31.064282417297363,3.0642824172973633
GSE37008,16,EL774,44.33310794830322,4.333107948303223
GSE37008,16,EL775,37.36384296417236,6.363842964172363
GSE37008,16,EL776,37.18614673614502,10.18614673614502
GSE37008,16,EL777,29.84232807159424,6.157671928405762
GSE37008,16,EL778,25.83250141143799,0.8325014114379883
GSE37008,16,EL781,31.135109901428223,4.135109901428223
GSE37008,16,EL782,34.88075351715088,8.880753517150879
GSE37008,16,EL784,34.555989265441895,1.5559892654418945
GSE37008,16,EL785,31.77540683746338,1.775406837463379
GSE37008,16,EL787,25.817166328430176,5.182833671569824
GSE37008,16,EL788,30.578015327453613,3.4219846725463867
GSE37008,16,EL789,32.03300189971924,1.0330018997192383
GSE37008,16,EL790,34.36409854888916,4.36409854888916
GSE37008,16,EL791,36.62015247344971,4.379847526550293
GSE37008,16,EL792,41.05044651031494,9.050446510314941
GSE37008,16,EL796,46.07796573638916,5.07796573638916
GSE37008,16,EL800,34.68718433380127,0.31281566619873047
GSE37008,16,EL801,27.831364631652832,9.168635368347168
GSE37008,16,EL803,34.91386890411377,4.0861310958862305
GSE37008,16,EL804,39.69016361236572,2.3098363876342773
GSE37008,16,EL805,19.61759662628174,6.382403373718262
GSE37008,17,EL703,31.579442024230957,1.420557975769043
GSE37008,17,EL704,35.17873477935791,2.82126522064209
GSE37008,17,EL705,41.502015113830566,4.502015113830566
GSE37008,17,EL707,37.44174289703369,0.5582571029663086
GSE37008,17,EL708,32.26625919342041,4.73374080657959
GSE37008,17,EL709,35.383286476135254,4.383286476135254
GSE37008,17,EL711,36.11820316314697,2.8817968368530273
GSE37008,17,EL713,26.41567325592041,0.5843267440795898
GSE37008,17,EL714,26.339180946350098,1.3391809463500977
GSE37008,17,EL715,34.88074970245361,3.8807497024536133
GSE37008,17,EL717,35.676621437072754,1.323378562927246
GSE37008,17,EL718,32.293564796447754,3.706435203552246
GSE37008,17,EL719,37.002861976623535,0.9971380233764648
GSE37008,17,EL723,28.524971961975098,3.4750280380249023
GSE37008,17,EL725,32.27280521392822,4.272805213928223
GSE37008,17,EL726,32.70954990386963,0.7095499038696289
GSE37008,17,EL728,37.269124031066895,11.269124031066895
GSE37008,17,EL729,26.32081699371338,1.320816993713379
GSE37008,17,EL731,23.74724292755127,11.25275707244873
GSE37008,17,EL732,35.53795337677002,1.5379533767700195
GSE37008,17,EL734,36.41226673126221,3.587733268737793
GSE37008,17,EL735,24.827385902404785,4.172614097595215
GSE37008,17,EL736,23.030287742614746,0.9697122573852539
GSE37008,17,EL737,32.9412202835083,1.9412202835083008
GSE37008,17,EL744,32.533692359924316,4.466307640075684
GSE37008,17,EL747,33.02347278594971,4.023472785949707
GSE37008,17,EL751,31.446694374084473,1.5533056259155273
GSE37008,17,EL752,33.63350772857666,0.6335077285766602
GSE37008,17,EL754,30.781498908996582,6.218501091003418
GSE37008,17,EL755,29.63087558746338,5.369124412536621
GSE37008,17,EL758,42.54191303253174,5.541913032531738
GSE37008,17,EL759,36.8958101272583,6.895810127258301
GSE37008,17,EL760,32.60915470123291,7.60915470123291
GSE37008,17,EL762,31.567204475402832,3.432795524597168
GSE37008,17,EL763,33.31253147125244,0.3125314712524414
GSE37008,17,EL767,38.22446918487549,5.224469184875488
GSE37008,17,EL770,29.368550300598145,5.6314496994018555
GSE37008,17,EL771,31.169041633605957,2.169041633605957
GSE37008,17,EL773,29.93875217437744,1.9387521743774414
GSE37008,17,EL774,43.2075777053833,3.207577705383301
GSE37008,17,EL775,36.23831272125244,5.238312721252441
GSE37008,17,EL776,36.0606164932251,9.060616493225098
GSE37008,17,EL777,28.716797828674316,7.283202171325684
GSE37008,17,EL778,24.706971168518066,0.2930288314819336
GSE37008,17,EL781,30.0095796585083,3.009579658508301
GSE37008,17,EL782,33.75522327423096,7.755223274230957
GSE37008,17,EL784,33.43045902252197,0.43045902252197266
GSE37008,17,EL785,30.649876594543457,0.649876594543457
GSE37008,17,EL787,24.691636085510254,6.308363914489746
GSE37008,17,EL788,29.45248508453369,4.547514915466309
GSE37008,17,EL789,30.907471656799316,0.0925283432006836
GSE37008,17,EL790,33.23856830596924,3.2385683059692383
GSE37008,17,EL791,35.494622230529785,5.505377769470215
GSE37008,17,EL792,39.92491626739502,7.9249162673950195
GSE37008,17,EL796,44.95243549346924,3.9524354934692383
GSE37008,17,EL800,33.56165409088135,1.4383459091186523
GSE37008,17,EL801,26.70583438873291,10.29416561126709
GSE37008,17,EL803,33.78833866119385,5.211661338806152
GSE37008,17,EL804,38.5646333694458,3.435366630554199
GSE37008,17,EL805,18.492066383361816,7.507933616638184
GSE37008,18,EL703,30.738555908203125,2.261444091796875
GSE37008,18,EL704,34.33784866333008,3.662151336669922
GSE37008,18,EL705,40.661128997802734,3.6611289978027344
GSE37008,18,EL707,36.60085678100586,1.3991432189941406
GSE37008,18,EL708,31.425373077392578,5.574626922607422
GSE37008,18,EL709,34.54240036010742,3.542400360107422
GSE37008,18,EL711,35.27731704711914,3.7226829528808594
GSE37008,18,EL713,25.574787139892578,1.4252128601074219
GSE37008,18,EL714,25.498294830322266,0.4982948303222656
GSE37008,18,EL715,34.03986358642578,3.0398635864257812
GSE37008,18,EL717,34.83573532104492,2.164264678955078
GSE37008,18,EL718,31.452678680419922,4.547321319580078
GSE37008,18,EL719,36.1619758605957,1.8380241394042969
GSE37008,18,EL723,27.684085845947266,4.315914154052734
GSE37008,18,EL725,31.43191909790039,3.4319190979003906
GSE37008,18,EL726,31.868663787841797,0.13133621215820312
GSE37008,18,EL728,36.42823791503906,10.428237915039062
GSE37008,18,EL729,25.479930877685547,0.4799308776855469
GSE37008,18,EL731,22.906356811523438,12.093643188476562
GSE37008,18,EL732,34.69706726074219,0.6970672607421875
GSE37008,18,EL734,35.571380615234375,4.428619384765625
GSE37008,18,EL735,23.986499786376953,5.013500213623047
GSE37008,18,EL736,22.189401626586914,1.810598373413086
GSE37008,18,EL737,32.10033416748047,1.1003341674804688
GSE37008,18,EL744,31.692806243896484,5.307193756103516
GSE37008,18,EL747,32.182586669921875,3.182586669921875
GSE37008,18,EL751,30.60580825805664,2.3941917419433594
GSE37008,18,EL752,32.79262161254883,0.20737838745117188
GSE37008,18,EL754,29.94061279296875,7.05938720703125
GSE37008,18,EL755,28.789989471435547,6.210010528564453
GSE37008,18,EL758,41.701026916503906,4.701026916503906
GSE37008,18,EL759,36.05492401123047,6.054924011230469
GSE37008,18,EL760,31.768268585205078,6.768268585205078
GSE37008,18,EL762,30.726318359375,4.273681640625
GSE37008,18,EL763,32.47164535522461,0.5283546447753906
GSE37008,18,EL767,37.383583068847656,4.383583068847656
GSE37008,18,EL770,28.527664184570312,6.4723358154296875
GSE37008,18,EL771,30.328155517578125,1.328155517578125
GSE37008,18,EL773,29.09786605834961,1.0978660583496094
GSE37008,18,EL774,42.36669158935547,2.3666915893554688
GSE37008,18,EL775,35.39742660522461,4.397426605224609
GSE37008,18,EL776,35.219730377197266,8.219730377197266
GSE37008,18,EL777,27.875911712646484,8.124088287353516
GSE37008,18,EL778,23.866085052490234,1.1339149475097656
GSE37008,18,EL781,29.16869354248047,2.1686935424804688
GSE37008,18,EL782,32.914337158203125,6.914337158203125
GSE37008,18,EL784,32.58957290649414,0.4104270935058594
GSE37008,18,EL785,29.808990478515625,0.191009521484375
GSE37008,18,EL787,23.850749969482422,7.149250030517578
GSE37008,18,EL788,28.61159896850586,5.388401031494141
GSE37008,18,EL789,30.066585540771484,0.9334144592285156
GSE37008,18,EL790,32.397682189941406,2.3976821899414062
GSE37008,18,EL791,34.65373611450195,6.346263885498047
GSE37008,18,EL792,39.08403015136719,7.0840301513671875
GSE37008,18,EL796,44.111549377441406,3.1115493774414062
GSE37008,18,EL800,32.720767974853516,2.2792320251464844
GSE37008,18,EL801,25.864948272705078,11.135051727294922
GSE37008,18,EL803,32.947452545166016,6.052547454833984
GSE37008,18,EL804,37.72374725341797,4.276252746582031
GSE37008,18,EL805,17.651180267333984,8.348819732666016
GSE37008,19,EL703,31.92058229446411,1.0794177055358887
GSE37008,19,EL704,35.519875049591064,2.4801249504089355
GSE37008,19,EL705,41.84315538406372,4.843155384063721
GSE37008,19,EL707,37.782883167266846,0.2171168327331543
GSE37008,19,EL708,32.607399463653564,4.3926005363464355
GSE37008,19,EL709,35.72442674636841,4.724426746368408
GSE37008,19,EL711,36.45934343338013,2.540656566619873
GSE37008,19,EL713,26.756813526153564,0.24318647384643555
GSE37008,19,EL714,26.680321216583252,1.680321216583252
GSE37008,19,EL715,35.22188997268677,4.221889972686768
GSE37008,19,EL717,36.01776170730591,0.9822382926940918
GSE37008,19,EL718,32.63470506668091,3.365294933319092
GSE37008,19,EL719,37.34400224685669,0.6559977531433105
GSE37008,19,EL723,28.866112232208252,3.133887767791748
GSE37008,19,EL725,32.61394548416138,4.613945484161377
GSE37008,19,EL726,33.05069017410278,1.0506901741027832
GSE37008,19,EL728,37.61026430130005,11.610264301300049
GSE37008,19,EL729,26.661957263946533,1.6619572639465332
GSE37008,19,EL731,24.088383197784424,10.911616802215576
GSE37008,19,EL732,35.879093647003174,1.8790936470031738
GSE37008,19,EL734,36.75340700149536,3.2465929985046387
GSE37008,19,EL735,25.16852617263794,3.8314738273620605
GSE37008,19,EL736,23.3714280128479,0.6285719871520996
GSE37008,19,EL737,33.282360553741455,2.282360553741455
GSE37008,19,EL744,32.87483263015747,4.125167369842529
GSE37008,19,EL747,33.36461305618286,4.364613056182861
GSE37008,19,EL751,31.787834644317627,1.212165355682373
GSE37008,19,EL752,33.974647998809814,0.9746479988098145
GSE37008,19,EL754,31.122639179229736,5.877360820770264
GSE37008,19,EL755,29.972015857696533,5.027984142303467
GSE37008,19,EL758,42.88305330276489,5.883053302764893
GSE37008,19,EL759,37.236950397491455,7.236950397491455
GSE37008,19,EL760,32.950294971466064,7.9502949714660645
GSE37008,19,EL762,31.908344745635986,3.0916552543640137
GSE37008,19,EL763,33.653671741485596,0.6536717414855957
GSE37008,19,EL767,38.56560945510864,5.565609455108643
GSE37008,19,EL770,29.7096905708313,5.290309429168701
GSE37008,19,EL771,31.51018190383911,2.5101819038391113
GSE37008,19,EL773,30.279892444610596,2.2798924446105957
GSE37008,19,EL774,43.548717975616455,3.548717975616455
GSE37008,19,EL775,36.579452991485596,5.579452991485596
GSE37008,19,EL776,36.40175676345825,9.401756763458252
GSE37008,19,EL777,29.05793809890747,6.942061901092529
GSE37008,19,EL778,25.04811143875122,0.0481114387512207
GSE37008,19,EL781,30.350719928741455,3.350719928741455
GSE37008,19,EL782,34.09636354446411,8.096363544464111
GSE37008,19,EL784,33.77159929275513,0.771599292755127
GSE37008,19,EL785,30.99101686477661,0.9910168647766113
GSE37008,19,EL787,25.032776355743408,5.967223644256592
GSE37008,19,EL788,29.793625354766846,4.206374645233154
GSE37008,19,EL789,31.24861192703247,0.2486119270324707
GSE37008,19,EL790,33.57970857620239,3.5797085762023926
GSE37008,19,EL791,35.83576250076294,5.1642374992370605
GSE37008,19,EL792,40.266056537628174,8.266056537628174
GSE37008,19,EL796,45.29357576370239,4.293575763702393
GSE37008,19,EL800,33.9027943611145,1.097205638885498
GSE37008,19,EL801,27.046974658966064,9.953025341033936
GSE37008,19,EL803,34.129478931427,4.870521068572998
GSE37008,19,EL804,38.905773639678955,3.094226360321045
GSE37008,19,EL805,18.83320665359497,7.166793346405029
