cohort,shots,participant,affine,median,meta_augmented,meta_no_augmentation,residual_linear,residual_rbf,selected_baseline,source,target_ridge
GSE37008,8,EL703,1.4291780063930593,1.775,1.4197015435911255,1.357955096229525,2.345235488202699,2.096528772437382,2.2458220929068835,6.723308563232422,2.1360142337532393
GSE37008,8,EL704,4.432099711851858,4.975,3.3877045745455456,3.4733070242886592,2.6691077519807784,2.65416472050195,4.24000780196983,5.322601318359375,5.169658175098605
GSE37008,8,EL705,3.977471994464582,4.075,2.948461642861503,3.049436363592121,4.520114807687572,3.9359494093439293,5.084388709047669,12.645881652832031,4.67221423498477
GSE37008,8,EL707,3.8728359186173646,4.975,2.2922966639596107,2.367898062302633,1.6578978243766496,1.5393610311078576,3.4630938208059945,7.585609436035156,4.937865012999362
GSE37008,8,EL708,4.436561199864569,4.075,4.309882834126209,4.130439346480064,4.499759739848718,4.04452425816495,4.532227010453882,3.410125732421875,4.296167500005176
GSE37008,8,EL709,2.910334725349505,2.425,3.7446397032403516,3.7768039392527823,5.021137869532902,5.113141433628619,3.9171715383586863,12.52715301513672,2.881172040409191
GSE37008,8,EL711,5.108108332787337,5.975,4.001870395602184,4.502346572195674,3.7292323242299354,3.593089761141113,5.632101860151839,5.2620697021484375,6.887813293550361
GSE37008,8,EL713,4.5955204931108105,6.025,2.2206243599986224,2.0148679347231395,1.9467152895133748,1.96081530694966,3.5414504342632123,7.559539794921875,5.279405798173996
GSE37008,8,EL714,6.092244245843974,8.025,3.995416293729965,3.993115791440002,3.0631030969199555,2.1658187760233916,5.940168818844848,9.483047485351562,9.09849927417071
GSE37008,8,EL715,2.732369333444111,2.425,3.429430627699915,3.4649297013767795,5.103635937883475,4.961364136344872,4.4101164359055876,12.024616241455078,3.623234860695292
GSE37008,8,EL717,3.2819738048999847,4.075,2.2177026637976596,2.244619506403801,1.9795508537691746,1.8748753305443213,2.896788296165231,6.820487976074219,3.6777490070514838
GSE37008,8,EL718,3.4271633708394993,3.225,3.523478799753588,3.377601640889968,3.9486746849619316,3.940155746286288,2.981154253088631,4.437431335449219,2.5430839738222715
GSE37008,8,EL719,3.9160909964354955,4.975,2.2578258926481016,2.4156987745621663,1.9830102295556256,1.927196940522424,3.80912144364014,7.146728515625,5.158403352222613
GSE37008,8,EL723,1.972198095451401,1.825,2.1854866824260264,2.2205889675629353,2.703244767095625,2.678486387491442,2.090606940462844,4.6688385009765625,1.8137476546051148
GSE37008,8,EL725,4.565687773410664,5.025,4.663847758908451,4.650924498677864,5.292553343788636,5.320216604179622,5.228883131830331,12.416671752929688,5.487075252308016
GSE37008,8,EL726,1.3873763686098888,1.825,1.2203192119585338,1.0763543219297025,3.097986518006877,2.5513433736600484,2.6423580482530027,8.853416442871094,2.5918372844925885
GSE37008,8,EL728,8.288771560630723,7.025,9.956946373695235,10.022983532550164,11.34179994915446,11.115460222261243,9.769683664416664,19.41299057006836,7.799352017473839
GSE37008,8,EL729,6.09135239633113,8.025,3.846645552450922,3.824837402986926,2.7804151794189687,2.6911222837934123,5.208713446674755,9.464683532714844,8.035606694963159
GSE37008,8,EL731,5.374651078757893,2.525,8.497105137549363,8.71059061249836,13.191286556824323,12.998120159334814,8.221599609876689,3.1088905334472656,3.65036393334574
GSE37008,8,EL732,1.5121497486123374,2.075,1.5933890038886476,1.5856814338161214,2.091428120551961,2.1740748703068014,2.0905747505465175,9.681819915771484,1.460430753354537
GSE37008,8,EL734,6.006729721045202,6.975,4.549578335422212,4.523748791687157,3.0545694210980487,2.9600726846343153,5.026981299691086,4.556133270263672,6.39113567801039
GSE37008,8,EL735,3.660652915448386,4.025,2.515552418277404,2.427711656666203,3.362114721664112,3.2404440618423656,3.509201731688905,3.97125244140625,4.281065097164008
GSE37008,8,EL736,6.915026904942776,9.025,3.4181909824399055,3.1672586477719538,1.8494203168280847,1.8171877762866653,5.145228413765415,7.174154281616211,8.255408896131303
GSE37008,8,EL737,2.0850583863174186,2.425,2.2392625213857014,2.101620953971565,3.3451227539951622,3.277010465091138,2.560301510755727,10.085086822509766,2.5563741848963617
GSE37008,8,EL744,4.3443640754086115,4.075,4.316511334926848,4.2902576542424,5.512535736977472,5.501226402569261,4.42054336493126,3.6775588989257804,4.04996542783516
GSE37008,8,EL747,3.824550743357547,4.025,4.099568248219024,4.195217075437751,4.203033369487929,3.8997610578060034,4.728595140073303,12.167339324951172,4.805526421810494
GSE37008,8,EL751,1.4615045303984908,1.775,1.4402085962512723,1.324938841827054,1.887040847152985,1.685595745255545,1.7139460461737364,6.5905609130859375,1.6845972478052762
GSE37008,8,EL752,1.2178377060705978,1.775,1.2488104063886873,1.2065103933639145,1.7412127880396562,1.6783708766268013,1.75695235391349,8.777374267578125,1.8333663447725972
GSE37008,8,EL754,4.94864545813876,4.075,5.2883657681479725,5.186247620951799,5.672906845367677,5.199241833009516,5.7662428629157585,1.9253654479980469,4.737200656989765
GSE37008,8,EL755,3.3454744089206705,2.525,4.402664137179786,4.5070266853914775,6.999440464506167,6.84232001133668,4.702633340908002,2.774742126464844,3.028684304458403
GSE37008,8,EL758,4.237061537254465,4.075,3.5020974667917377,3.5600829966255345,6.157714196856746,6.083963160724347,5.405510389790587,13.685779571533203,3.921662912757636
GSE37008,8,EL759,4.245852154338396,3.125,5.723273880418429,5.583755849524321,6.583933824767646,6.584504163575642,4.989111001174592,15.039676666259766,3.135644108201462
GSE37008,8,EL760,7.681668383037194,8.025,7.573562024912759,7.568429837730164,7.256270822871102,7.2275611852890975,7.6831813700805585,15.753021240234379,7.9854364712198755
GSE37008,8,EL762,2.6776850503929746,2.525,2.993600438010579,3.0155244114581286,3.927481821303214,4.007340360070777,3.094027545674142,4.711071014404297,2.474033893595601
GSE37008,8,EL763,1.1995565069067355,1.775,1.1349168496357294,1.14180526240369,1.842123517364433,1.7613294959336216,1.4211579510176413,8.456398010253906,1.4311164989739935
GSE37008,8,EL767,2.562631744771329,1.775,3.830247286987961,3.992942903278957,6.0275194886633034,5.545711487446633,4.6194087140519695,13.36833572387695,2.307097589078719
GSE37008,8,EL770,3.4359568871620967,2.525,4.445011617168541,4.3637714728641805,5.144405737008301,5.244316656231285,3.7079536711317234,2.51241683959961,2.3286979814286455
GSE37008,8,EL771,3.2946332040379254,4.025,2.8916110660888275,2.9621876149755417,2.288364762925783,2.358412034009751,3.157293844874917,10.312908172607422,4.098956406512263
GSE37008,8,EL773,3.9578245460733945,5.025,3.0097767112545513,2.934029496973455,2.482297612295195,2.392651160704216,3.458090683197254,10.082618713378906,4.861766635579198
GSE37008,8,EL774,5.849566765287267,6.975,3.4350984857253635,3.3723657484861826,2.870258865623578,2.9276048850248566,5.549822153507615,11.351444244384766,6.7481885085053435
GSE37008,8,EL775,3.213061527085455,2.425,4.236500883566935,4.188745278400816,5.037414862213085,4.71823506008179,4.0280209193308085,13.382179260253906,2.3550119144368207
GSE37008,8,EL776,6.8720151531172435,6.025,8.051281905071383,7.907357948956784,8.053752471742158,8.050685330357576,7.247308458195964,17.204483032226562,5.867549799496418
GSE37008,8,EL777,4.6607646863908005,3.225,5.955985383552905,5.9955306553658865,7.139265500600407,7.233420536868453,5.4881887064141175,0.8606643676757812,3.520743911747379
GSE37008,8,EL778,6.106339835047744,8.025,3.1130380766075807,2.9664927617096364,1.879604929332513,1.797017729173703,4.575116900877248,7.850837707519531,7.389771219395937
GSE37008,8,EL781,4.871513461714364,6.025,4.022422794897134,4.002606751474187,4.113891948292457,3.9902040156705083,4.913744646254836,11.153446197509766,6.222571158877976
GSE37008,8,EL782,7.07691659827586,7.025,7.451459272608886,7.43083102870777,7.942659272031565,7.875320074189186,7.184325746146833,15.899089813232422,6.8960970763938745
GSE37008,8,EL784,1.206288833554293,1.775,1.299305338172394,1.2817852995344161,2.205652240518159,1.963313442220708,2.306422901853431,8.574325561523438,2.556974100510985
GSE37008,8,EL785,2.3274945817356465,3.125,1.7896543347230711,1.8563561200694338,2.1702259624600253,1.9768992924456352,2.544912648801412,8.793743133544922,3.7183373693769433
GSE37008,8,EL787,3.027413346438875,2.425,3.7120155340767966,3.6476398067782214,5.079993840438801,4.972026909358583,3.8767498003328646,1.8355026245117188,3.6385858006208047
GSE37008,8,EL788,2.6279787032181487,2.075,3.277559706364501,3.2452202542010746,4.142602266630252,4.140758565575377,3.0132970310254406,3.5963516235351554,1.9074067934992491
GSE37008,8,EL789,1.7811513989762173,2.425,1.2006967914046296,1.126540908135871,1.7758982655555102,1.6980133032733462,1.963851896894559,8.051338195800781,2.370187268142482
GSE37008,8,EL790,2.950893085976009,3.125,3.144079855276656,3.0305301217739036,3.0213400773239267,3.027467650336644,2.974461295790422,11.382434844970703,2.9907388946681004
GSE37008,8,EL791,7.3231804093918,7.975,6.342999929257557,6.490491684112824,6.866475783182393,6.841424372330749,7.869491740294279,2.63848876953125,8.825466965369282
GSE37008,8,EL792,3.7628904096183122,1.825,5.6604075036226735,5.547829737956737,7.781924605683517,7.753558398800595,5.083654955532504,16.068782806396484,2.0032961631198254
GSE37008,8,EL796,6.7302587007719215,7.975,4.09010238589185,3.9562285335942518,4.2201367612535865,4.056979152962389,6.493371082501224,12.096302032470703,7.41091738494138
GSE37008,8,EL800,1.994855027508431,2.525,1.689341104025702,1.692978437464874,1.8688586617002172,1.7884380693172677,2.0712764203688936,6.7055206298828125,2.17645695392696
GSE37008,8,EL801,6.354297732309034,4.075,8.07749487111465,7.93797376286405,8.653139509691126,8.850429726077067,6.571587593466911,2.150299072265625,4.258968754545513
GSE37008,8,EL803,5.911696615928537,5.975,5.321456754220192,5.2477059950774185,4.366056774653282,4.242240678766474,5.231491246875258,2.9322052001953125,5.534358126655025
GSE37008,8,EL804,7.2643928454648705,8.975,5.214180497249374,5.231345369729642,4.147427529137233,4.1074498619256925,7.014470538224761,4.708499908447266,9.451030637111623
GSE37008,8,EL805,6.542853166700498,7.025,4.199855090036374,4.120370498233361,6.33046682732187,6.343022220716785,6.625425635269536,0.6359329223632812,7.7034218425053025
GSE37008,16,EL703,0.760403818119368,0.675,0.8656864326090016,0.8395214072536092,0.9946340123874418,1.1589628738040099,1.4911284810083043,6.723308563232422,1.745047567406521
GSE37008,16,EL704,3.93853322390279,4.825,3.022035563522512,3.3147055640010685,1.9481145093171492,2.192571271802923,3.3569850070467036,5.322601318359375,4.808280156577706
GSE37008,16,EL705,2.863435032533768,3.825,2.610403245636417,2.681050839598917,4.443465702591529,4.058672030255439,3.907134946273442,12.645881652832031,3.635002469273237
GSE37008,16,EL707,3.343554761472229,4.825,2.194677445344862,2.461415609773577,1.1991046658297855,0.8755610172475343,2.745711483737047,7.585609436035156,4.726142625104217
GSE37008,16,EL708,3.7043022479520866,3.825,3.4843995900694464,3.2581813838985623,2.9618963171391366,3.1889161073293413,3.2199143368948264,3.410125732421875,3.4951815698454025
GSE37008,16,EL709,3.1738040018959777,2.175,4.147341438315388,4.129468831253291,5.3394067672091845,5.592936150265632,4.156564819653637,12.52715301513672,3.2102318855282777
GSE37008,16,EL711,4.691616211086076,5.825,4.090444989392518,5.083986392033664,2.780793164624421,3.109757943841353,4.4717627086922835,5.2620697021484375,6.554893769516792
GSE37008,16,EL713,4.757581373326942,6.175,2.704995838545611,2.3602731822639123,1.3316029792310766,1.3422570017217006,3.405095906301122,7.559539794921875,5.3688777132882
GSE37008,16,EL714,6.737452861694129,8.175,5.15302168268674,5.127455661151365,2.6765759418724753,2.1279374713592696,6.179008838226887,9.483047485351562,9.994533875420817
GSE37008,16,EL715,3.041382906388429,2.175,3.8166836700098505,3.7607420515962118,5.186463550345932,5.336145697449578,4.480994621797997,12.024616241455078,3.7781279193452333
GSE37008,16,EL717,2.8077601763956808,3.825,1.8331597683004346,1.950778181096537,1.332618502849704,1.2647465614101603,2.0647409357907955,6.820487976074219,2.91976961016191
GSE37008,16,EL718,2.6971471373685034,2.825,3.046538575997763,2.7704909673409213,4.238982582875269,4.02692538836437,2.994396289320675,4.437431335449219,2.569160075940663
GSE37008,16,EL719,3.4589365065909177,4.825,2.0740674631949982,2.35971816184584,1.144530075234422,1.223632075681954,2.9565514835569155,7.146728515625,5.059583041408198
GSE37008,16,EL723,1.047464217329915,1.275,1.0717203462214193,1.2287607992808707,2.1123239935141873,2.2479133258138666,1.6242964727475093,4.6688385009765625,1.5661566007527812
GSE37008,16,EL725,5.297496035849257,5.175,5.380799858683426,5.291333081491696,5.576633200847128,5.682794599122068,5.619296117895482,12.416671752929688,5.61049520032792
GSE37008,16,EL726,1.5692132866535942,1.275,1.263735712761762,0.9417542520969546,1.603670573404976,1.7739073185827583,1.369729078629399,8.853416442871094,1.7044646867475333
GSE37008,16,EL728,8.610913794162604,7.175,10.028420612007944,10.042779057583228,11.28847140882954,11.443266630553513,9.91413688449484,19.41299057006836,8.219771631481809
GSE37008,16,EL729,6.732642204412725,8.175,4.901789873074514,4.8625913656292115,2.767800955195362,2.559311085826792,5.340657754265203,9.464683532714844,7.999524933862037
GSE37008,16,EL731,3.9439822012929446,1.825,7.074245923465429,7.446577542979243,12.036762151894257,12.324242462511549,7.750724950834069,3.1088905334472656,3.3645260957251595
GSE37008,16,EL732,1.2834267968465976,1.025,1.6076904469116564,1.579627863057251,2.058865901147534,2.145066324286127,1.864916876666393,9.681819915771484,1.056122156240264
GSE37008,16,EL734,5.614276404074467,6.825,4.336053324496529,4.378423619783881,2.228574122968893,2.3364600442359262,4.082530176650804,4.556133270263672,5.679454514501499
GSE37008,16,EL735,2.726461133971758,4.175,1.482914423242644,1.3642080710186064,2.575816779153837,2.72674581394076,2.881810158736857,3.97125244140625,4.151045712804244
GSE37008,16,EL736,6.867553889133143,9.175,3.7695982581464262,3.452477117232818,1.0604471852553978,1.1123442043656597,4.891369150595164,7.174154281616211,8.505598041495242
GSE37008,16,EL737,2.530237440841117,2.175,2.722142395028917,2.3169837822670116,3.646591723517035,3.447694856223527,2.9357436188703687,10.085086822509766,2.3546460302740275
GSE37008,16,EL744,3.6340047530731594,3.825,3.723058133251338,3.726836026096172,5.63963148180366,5.376581271589565,4.417474778561161,3.6775588989257804,3.9773634414848287
GSE37008,16,EL747,4.494799269453674,4.175,4.755628843568834,4.866061315327743,4.479457644925526,4.226593373111566,4.50460707082975,12.167339324951172,4.964154283176724
GSE37008,16,EL751,0.7544165667210763,0.675,0.9162976530964372,0.8222081715466691,1.0927962589789078,1.1223430941537245,0.9163331564977393,6.5905609130859375,1.537651173672298
GSE37008,16,EL752,1.127215133554689,0.675,1.1797815307665922,1.1868325320648212,1.3103976071538386,1.3534894602169056,1.3038757058096246,8.777374267578125,1.2553445330753568
GSE37008,16,EL754,4.09467402296137,3.825,4.23805685610799,4.077622637090189,3.722803738427131,4.444947187399129,3.4433119435572315,1.9253654479980469,3.709066603215183
GSE37008,16,EL755,2.3971373562758482,1.825,3.5999521317383296,3.7435240650560075,6.484981635127167,6.395315550717089,4.4065123264205965,2.774742126464844,2.4943005025721883
GSE37008,16,EL758,2.992876505438045,3.825,2.851897262715011,2.881451441869056,6.65524498983612,6.516645437971112,4.771097009925143,13.685779571533203,3.2502560507133866
GSE37008,16,EL759,4.512861609469636,3.175,5.78518344220705,5.435617429885516,6.588608855362885,6.749593571975977,5.266745181039518,15.039676666259766,3.3243695454906605
GSE37008,16,EL760,8.385929176154223,8.175,7.841101411133603,7.906196913523109,7.279292298197328,7.333791302726334,7.89599134777761,15.753021240234379,8.1988847141693
GSE37008,16,EL762,1.8915492817804478,1.825,2.3020834162875325,2.3544212490119163,3.653558691013784,3.66644564323958,2.9956962343571183,4.711071014404297,2.3539723893710525
GSE37008,16,EL763,1.0672346432744617,0.675,1.0354763735756989,1.0409545785989642,1.5586275223105506,1.3130000622916733,1.1280263294508484,8.456398010253906,0.9882801695111558
GSE37008,16,EL767,2.178429208042018,0.675,3.8231158931052818,3.9733620330870436,5.674908666699374,5.702764067598603,3.8019045940116376,13.36833572387695,2.415088085202385
GSE37008,16,EL770,2.4661070079419316,1.825,3.529164825053509,3.342793284139448,5.164237730905292,5.194478975700042,3.203442453356802,2.51241683959961,1.964449408982435
GSE37008,16,EL771,4.007308146114978,4.175,3.557242388065974,3.7012975789648044,2.2382074994685346,2.3213470324319982,3.4630393285562606,10.312908172607422,4.262863855740064
GSE37008,16,EL773,4.6838206014095025,5.175,3.6207029619709417,3.452806124885268,2.028780659839201,1.9667254230624984,3.7583966587064324,10.082618713378906,4.911736330664529
GSE37008,16,EL774,4.492309572167069,6.825,3.097429977207628,3.079302891826944,2.711997817761259,2.7184955185571225,4.561029479174225,11.351444244384766,6.287028891866989
GSE37008,16,EL775,3.3989779980507775,2.175,4.385370621277881,4.205861474307047,5.219609892949372,4.9121941676966205,3.821538119606076,13.382179260253906,2.3163812605438125
GSE37008,16,EL776,7.293232534529932,6.175,8.16601010821493,7.878141429650109,7.820826076107641,8.239309209451552,7.252860366648879,17.204483032226562,5.928036836117903
GSE37008,16,EL777,3.637464458228151,2.825,5.199449853405758,5.285476421760994,6.843593963055999,7.020727674280673,4.96961449485284,0.8606643676757812,3.181826134587367
GSE37008,16,EL778,6.308386039028879,8.175,3.6569765219733315,3.5190005642270608,1.051350436561029,1.1500742025320128,4.311189607382419,7.850837707519531,7.757556193158116
GSE37008,16,EL781,5.702471677094327,6.175,4.78911576014845,4.761615694452077,4.141065952466845,4.081105425930728,5.152039125674652,11.153446197509766,6.267998830914725
GSE37008,16,EL782,7.687215377068173,7.175,7.642226210690444,7.626440069976665,8.066697926755953,7.95333517668126,7.7516987493474385,15.899089813232422,7.3398757144688265
GSE37008,16,EL784,1.0893532886541222,0.675,1.2004706958892502,1.1932960631676655,1.804917945227249,1.6268671595654838,1.90828884036739,8.574325561523438,1.9671037233020663
GSE37008,16,EL785,2.8707747507002424,3.175,2.29325221281135,2.5421532809012746,2.3145116614917116,2.073760651476585,2.7627962185249846,8.793743133544922,4.029427138778871
GSE37008,16,EL787,1.7448825537807433,2.175,1.9614035082590633,1.8842121217341259,4.190778867800022,4.109229766058349,3.031756088962863,1.8355026245117188,3.8911150292652676
GSE37008,16,EL788,1.5901773276635451,1.025,2.310088969850591,2.2611119818986443,3.7585932848362598,3.7760909857990272,2.411324406060709,3.5963516235351554,1.1450845115869375
GSE37008,16,EL789,1.9943979861319991,2.175,1.0939838779176105,1.0326718670404613,0.8820031451759773,0.9762688919260304,1.28734101880573,8.051338195800781,2.024658859967242
GSE37008,16,EL790,3.5514028965167967,3.175,3.4835456965266465,3.203028382022832,3.307724067958678,3.2538468025684657,3.360845972894728,11.382434844970703,3.065840569492127
GSE37008,16,EL791,6.855528374192983,7.825,5.992371398103982,6.283904792288926,5.6789318915776335,6.086809413314066,7.214840422302807,2.63848876953125,8.652296752329391
GSE37008,16,EL792,3.4704042634239896,1.275,5.129962985910231,4.965211821709769,7.897266559953425,8.030839733692027,5.214064786066091,16.068782806396484,2.182350223566595
GSE37008,16,EL796,5.141160666257231,7.825,3.689142333169696,3.530527360678805,4.0728671177665365,4.080566309811923,5.745380156837566,12.096302032470703,6.9028052159116395
GSE37008,16,EL800,1.3735229855107034,1.825,1.3145619503865524,1.4536854276126374,0.9576881547033327,0.8286667364147167,1.4169775251009582,6.7055206298828125,1.6461355526014696
GSE37008,16,EL801,5.166128459463958,3.825,6.600327077095582,6.383304735476375,7.943028243306477,8.38988498479171,5.861812962065454,2.150299072265625,3.6098125635039198
GSE37008,16,EL803,5.3041327963956135,5.825,4.811429195640821,4.698437427199523,3.738159017849612,3.787625701300461,4.3647554705334075,2.9322052001953125,5.195153760680519
GSE37008,16,EL804,7.048416332641776,8.825,5.393207508207804,5.497876063084078,3.6800925534094437,3.766471070331203,5.985752837506795,4.708499908447266,8.945458082586399
GSE37008,16,EL805,4.654268022925672,7.175,2.525045767763974,2.560203619889113,6.157723606166781,6.156955393813509,5.819769501684848,0.6359329223632812,8.147975438241456
GSE37008,32,EL703,0.16204587062108433,0.0,0.12104532903553031,0.10366737919043376,0.8327246093798812,0.7232086853606614,1.0397678813092324,6.723308563232422,1.761121922413515
GSE37008,32,EL704,4.007514480133661,5.0,3.2209178740584647,3.7659755064082363,2.1026451428214656,2.3916038149011323,2.9742701496400654,5.322601318359375,5.041950121214022
GSE37008,32,EL705,1.5330358554467096,4.0,0.7901198949957408,0.5935947939538089,3.6451076092184493,3.576966869440824,3.0298570259747746,12.645881652832031,2.7669425975200435
GSE37008,32,EL707,3.4798191348926735,5.0,2.586522490710899,3.128123430581046,0.9203561836133627,0.741707828724422,2.225841299154421,7.585609436035156,4.6336858410742705
GSE37008,32,EL708,3.6866564261328776,4.0,3.150774793922717,2.8031308873990164,1.7924703347271547,2.2905242759393514,1.7925461136024061,3.410125732421875,0.6271082122262787
GSE37008,32,EL709,3.0401871558136206,2.0,4.145087086452297,3.9829148538924803,5.387787163652346,5.6047674984103395,4.710922917064012,12.52715301513672,2.897032887904989
GSE37008,32,EL711,4.788448843418067,6.0,4.944036427178942,6.420559324183181,3.5736112971201757,3.6442100378512245,4.608136440341481,5.2620697021484375,7.1391319196565375
GSE37008,32,EL713,4.949070969527305,6.0,3.230915162311524,2.571275948046469,1.8752066054266752,1.854801517808097,3.047560935462627,7.559539794921875,5.044482577184614
GSE37008,32,EL714,6.931229510294957,8.0,6.1451212747181145,6.050730615410055,2.7309365497067395,1.3938934648928356,4.9465482030408285,9.483047485351562,10.357477549345521
GSE37008,32,EL715,2.9230047301552515,2.0,3.6666813780813556,3.6006591655353395,5.915919442795242,5.7839387697889295,5.324822815946875,12.024616241455078,4.254564877320677
GSE37008,32,EL717,2.8914281054830093,4.0,1.9538722014789065,2.1040221845862526,0.6598894325369542,0.60625337845042,1.2120726103688226,6.820487976074219,1.9967326692494765
GSE37008,32,EL718,2.6803149716151804,3.0,3.2574733141757974,2.6602325354440914,4.389640332429814,4.210345434796049,3.7603564841725627,4.437431335449219,1.9393471803523792
GSE37008,32,EL719,3.582159978910652,5.0,2.304921738932722,2.9202108293401907,1.566224113260376,1.5799970123033489,2.6729710968185016,7.146728515625,5.053859982490583
GSE37008,32,EL723,0.46687932008097716,1.0,0.3447544936347773,0.8222372697760167,2.059274729599268,2.112993548702532,1.5579448866607104,4.6688385009765625,1.155380154245783
GSE37008,32,EL725,5.314861434403746,5.0,5.636898043378766,5.376558048285832,5.89378118667301,5.848916475962535,5.9934871953780675,12.416671752929688,5.6957650897892265
GSE37008,32,EL726,1.4166939282415334,1.0,0.8628309247157422,0.271392094453082,2.2800341053190354,2.0079889183410735,1.9695288437961629,8.853416442871094,0.8665976292204458
GSE37008,32,EL728,8.479913353150069,7.0,9.320274964200689,9.412689815511339,11.826593221516228,11.375625766900317,10.719264871598694,19.41299057006836,8.268557148282767
GSE37008,32,EL729,6.9269473784584665,8.0,5.681913180295242,5.478742134394329,2.7924594828901212,2.558604061971903,4.576493013544258,9.464683532714844,7.974715133042079
GSE37008,32,EL731,3.6731586832805356,2.0,6.45682178787241,7.099790857161485,13.600314994548162,13.359100101228469,10.380911721427898,3.1088905334472656,3.9464102836435258
GSE37008,32,EL732,0.1745633510878196,1.0,0.6155316259203477,0.6395746954497643,1.3272998696102136,1.6218801176844793,1.0470855585334173,9.681819915771484,0.7167955703557318
GSE37008,32,EL734,5.7198877031395385,7.0,4.54362758970539,4.673891210405481,1.9049835375680035,1.7666710614220105,3.072058097965944,4.556133270263672,5.677011692448053
GSE37008,32,EL735,2.578723722509982,4.0,1.0513579020922525,0.979427240497099,2.2880151680668774,2.3157927596846313,2.6644375065076322,3.97125244140625,4.343768290932391
GSE37008,32,EL736,7.159660676606618,9.0,4.48491671331153,3.9261482608471012,1.1685576740259593,1.3070162219787673,3.42418781259983,7.174154281616211,8.01786408514532
GSE37008,32,EL737,2.4707090944312906,2.0,2.915774031373833,2.141284649584883,3.9119230958722704,3.627774735437481,3.608924626783421,10.085086822509766,2.478011197402177
GSE37008,32,EL744,3.6243057277244475,4.0,3.8103217599105355,3.83908475550518,6.218764871447341,5.836878546259089,5.643047701176695,3.6775588989257804,4.127557751445022
GSE37008,32,EL747,4.489919190682339,4.0,4.776693837446625,4.901303939126498,4.073470795500185,4.100186854173419,4.253242382184551,12.167339324951172,4.897039110147017
GSE37008,32,EL751,0.14922708952816524,0.0,0.6612011654243662,0.07524021487786352,0.48684048689371473,0.43094315557414936,0.40039109934549266,6.5905609130859375,0.4599152539653275
GSE37008,32,EL752,0.6321438286800977,0.0,0.5334299654164049,0.5317521209629422,0.2913959135035366,0.21217179749722986,0.33330561476159204,8.777374267578125,0.26964832338837713
GSE37008,32,EL754,4.032877110801591,4.0,3.5310490187241284,3.4104147493678347,1.979149887634415,3.5016922526193865,1.9015567035033432,1.9253654479980469,0.5166451954115306
GSE37008,32,EL755,2.301186156770146,2.0,3.5301001391988125,3.7196032441438227,7.7382927071487675,7.139372494481068,6.245177246522928,2.774742126464844,3.1650593366917703
GSE37008,32,EL758,1.2905429755755968,4.0,1.40799483596541,0.7805057620393235,7.1398922356585235,6.7047552784153925,5.483007767454032,13.685779571533203,2.4109302249569646
GSE37008,32,EL759,4.392875147690343,3.0,5.2555092987242515,4.7269914021748205,6.306738220970358,6.416813987160173,5.256442102677309,15.039676666259766,2.977924794334503
GSE37008,32,EL760,8.39329711686061,8.0,7.3863434689607015,7.657621637703255,6.619919771991883,6.943401736483672,6.9765560308685535,15.753021240234379,7.862128663254036
GSE37008,32,EL762,1.8496608790220659,2.0,2.243377057137873,2.404003155726071,4.404117778293679,4.076931393090925,3.816956624119787,4.711071014404297,2.6937655276739663
GSE37008,32,EL763,0.5573111785342586,0.0,0.47737390389519485,0.22786130449098815,1.343078369238431,1.1903482381691335,1.1106228265580937,8.456398010253906,0.2758487535698083
GSE37008,32,EL767,1.7026863667716146,0.0,3.141623657311528,3.513437077872529,6.246910823493453,5.811175123163688,4.699860468229469,13.36833572387695,1.6391480068244408
GSE37008,32,EL770,2.36236873451401,2.0,3.2423415269338833,2.8604913769269924,4.848727462989499,4.990261156769504,3.4789059343289908,2.51241683959961,0.2085898731942951
GSE37008,32,EL771,4.057492013614825,4.0,3.610511823841771,3.8306339594297727,1.8337932343661756,1.9579872021320905,2.5981854464848064,10.312908172607422,4.181829242421378
GSE37008,32,EL773,4.77059536101064,5.0,3.5487819882378426,3.4166634628103503,1.385138571360541,1.535648874634667,2.4854272902646946,10.082618713378906,4.762926754147078
GSE37008,32,EL774,4.135322583171828,7.0,1.961041512701484,2.126887554182641,2.1566105777395967,1.9695570553216952,3.324665492821917,11.351444244384766,6.341440276067674
GSE37008,32,EL775,3.2395520898435395,2.0,3.725984065738033,3.4817616852137263,3.739200562684182,4.112605224377876,3.055286274845811,13.382179260253906,1.7449688387732096
GSE37008,32,EL776,7.198125406488236,6.0,7.455748395318722,7.051766273347982,7.529900030424372,7.845349196586184,6.928970629163078,17.204483032226562,5.549449363635627
GSE37008,32,EL777,3.5143535012948846,3.0,5.070428339807023,5.149008801455035,7.292872916004496,7.242009812059156,6.0354169337238455,0.8606643676757812,3.663276383628715
GSE37008,32,EL778,6.5506287833925,8.0,4.166461308162206,4.044674148801346,0.9456267714438779,0.8596617202579795,3.05279153443909,7.850837707519531,7.217332443636096
GSE37008,32,EL781,5.787134426160229,6.0,4.94673295348059,4.929127631241352,4.207785139719891,4.20462105511298,4.927144763911009,11.153446197509766,6.115875172102209
GSE37008,32,EL782,7.660551396425021,7.0,7.231635646641426,7.342688842116573,7.539702874989191,7.7169854362792645,7.322455861788983,15.899089813232422,6.728208687767764
GSE37008,32,EL784,0.5848346197983976,0.0,0.9403547671612926,1.0104926675024526,1.8136421250891908,1.3588725357612612,1.6367734523420308,8.574325561523438,1.3193445352890236
GSE37008,32,EL785,2.9364254735723634,3.0,2.4007754376759527,2.820694072864328,0.35970205175730036,0.3426877381665159,1.4262139577095678,8.793743133544922,3.782966533224811
GSE37008,32,EL787,0.6964547212427492,2.0,0.78606979089461,0.5825821691246059,3.4240613519126724,3.268517205410307,3.0485738268805305,1.8355026245117188,4.1783768510024455
GSE37008,32,EL788,1.3428028946674064,1.0,1.8843564987096055,1.8080950544870131,3.6201224137841814,3.7228228190813923,2.5672090778299457,3.5963516235351554,0.6284299488886823
GSE37008,32,EL789,1.9964885591438553,2.0,0.6285454090852747,0.42903600278569165,0.8291914974865838,0.7124114352235458,1.0184771960139014,8.051338195800781,0.971127377481382
GSE37008,32,EL790,3.5400842780014017,3.0,3.1878193979695113,2.85760607399656,2.833039930729611,2.872799383234537,2.844224582573391,11.382434844970703,2.6501204588623795
GSE37008,32,EL791,6.933859392330168,8.0,6.19244407534787,6.796659238026304,6.581065797682749,6.787517266446923,7.185046250172872,2.63848876953125,8.703892499502278
GSE37008,32,EL792,3.0992109345653036,1.0,4.116719915780156,4.001246754224008,7.735040727197725,7.840836818825177,5.8444479386620785,16.068782806396484,1.8685165608092333
GSE37008,32,EL796,4.728441924680018,8.0,2.904738139552841,2.6469437881129014,3.661286246987595,3.683542229743547,4.569217180949202,12.096302032470703,7.396592652297565
GSE37008,32,EL800,1.3845901714912068,2.0,1.5977704759772986,1.7490478932574653,0.8394651986813244,0.48925599869185704,1.1708484353659365,6.7055206298828125,1.9845636472084778
GSE37008,32,EL801,4.983266109506301,4.0,5.603247357674367,5.354921937156949,6.511433050997054,7.653303155725185,4.653891345527438,2.150299072265625,0.13397021220741429
GSE37008,32,EL803,5.331736178050657,6.0,4.826178572732222,4.7144426008938725,3.5420527104891923,3.5776717648082355,3.9466647993596737,2.9322052001953125,4.8623128611644635
GSE37008,32,EL804,7.217986174081264,9.0,6.169791774763128,6.284854406976192,4.228395717350148,4.250275218849795,5.780202467321956,4.708499908447266,9.165336301590267
GSE37008,32,EL805,4.101388244097734,7.0,1.002140337044509,1.4482962660666812,5.872512306149686,5.873290985528664,5.978032274399921,0.6359329223632812,7.842357295538676
GSE40279,8,GSM989827,3.3926952053746335,4.025,3.7754633584923676,3.9508111428857235,5.7029242412480246,5.747068984989157,5.145303132028655,3.4274444580078125,7.287504703086992
GSE40279,8,GSM989828,8.673159559547319,21.075,5.426417834247528,5.559474673937353,3.6653430970595835,3.6389702765860776,6.535825250450744,2.2519607543945312,14.153044120445548
GSE40279,8,GSM989829,5.682903739017229,4.075,5.439277264099388,5.4879597840659935,5.364162994960479,5.258630814797607,5.99084543798991,6.769950866699219,6.727734269716092
GSE40279,8,GSM989831,5.4393228718775575,6.575,4.8502696188996115,4.83315810009712,4.016860407640551,4.0193347374872115,5.639614839572225,5.13116455078125,8.388937383226603
GSE40279,8,GSM989832,15.954575099718042,19.075,15.025069139819939,14.635749799236162,12.846808270201175,13.209491714083565,15.142359239856436,13.181785583496094,19.0267414070678
GSE40279,8,GSM989833,6.471086703383753,5.525,6.715448776614873,6.705703796116973,7.856757223603006,7.846480737973086,5.549388752737249,6.448005676269531,4.826479883414452
GSE40279,8,GSM989834,4.16965853649687,7.175,2.9861290539389125,3.170210141586182,3.3436673883506116,3.364787632839428,2.9445632261431087,2.3640213012695312,5.717358464777137
GSE40279,8,GSM989836,14.015560853666003,15.075,12.769390145943857,12.991999327014156,19.08463137834627,19.551460775773783,17.30407290546163,20.704742431640625,12.04217000693743
GSE40279,8,GSM989838,11.685556921800657,19.925,9.726772770211458,9.784939453590944,6.630330270140483,6.66667236206421,12.333774469267064,7.54205322265625,22.680769050721715
GSE40279,8,GSM989839,4.6601491746325365,9.075,3.2739929048357945,3.089830933857917,3.881021367430256,3.3126822483378584,4.518898828403295,1.3083877563476562,7.730747908245358
GSE40279,8,GSM989840,7.7080094915769255,13.925,6.292015997943574,6.272281672670699,3.590412331425064,3.626422371695889,7.442862593480936,4.7958221435546875,15.117761069165008
GSE40279,8,GSM989843,9.57695450240716,4.025,10.380363659458359,10.413461023486928,12.745371733342509,12.689216669704326,10.629526243299825,13.765357971191406,5.795323128384018
GSE40279,8,GSM989846,10.661738282016438,8.175,11.038936641774903,11.050183935707748,10.864978655641394,10.797921855750532,12.034418011623718,12.723495483398438,12.404678354127451
GSE40279,8,GSM989847,7.292501731753743,11.075,5.280401280150152,5.390399125664375,9.39311005000626,8.473217783700079,8.529997643302446,8.504745483398438,10.619882704477428
GSE40279,8,GSM989848,8.75253680900357,4.025,9.361235976232297,9.239049947327784,10.349336825377069,10.377625528147824,9.489075340881243,12.415382385253906,6.8749557135784745
GSE40279,8,GSM989850,6.771134579842531,16.075,4.346809296018207,4.4309796908099806,3.8158100347213675,3.4439764004799605,4.9861741566904545,3.2963943481445312,9.849953872684234
GSE40279,8,GSM989852,3.8240982148137563,6.325,2.9375498843034764,2.7656591236226835,4.13776475085761,3.2462165410884714,3.600019531950566,0.0109405517578125,5.427635621300113
GSE40279,8,GSM989854,17.341879487284565,11.925,19.066568002835545,19.078313081940973,20.306376600389985,20.34485595406629,19.494695431132833,21.512908935546875,15.82404911441822
GSE40279,8,GSM989855,6.322514507338263,4.925,6.246308552948899,6.189281152915368,7.137129267242898,7.132442728336239,6.651282515967695,8.858489990234375,5.3248019308173085
GSE40279,8,GSM989856,5.309217373082172,7.175,4.061495819253726,4.087795680281878,5.090958649780715,4.956399825120028,4.927838096723007,5.995368957519531,4.955262591717326
GSE40279,8,GSM989857,8.158199382702282,11.075,6.348841191674503,6.477566975238671,9.128408065355856,9.304744169321708,8.460956551681823,10.274627685546877,6.697220426665939
GSE40279,8,GSM989859,7.4173265343913615,14.075,5.7492870626230035,5.597451689387844,3.7267217913701636,3.6079031917265203,5.697397086026917,2.3875274658203125,10.793887326363759
GSE40279,8,GSM989861,10.883552492542316,11.075,10.17126540225632,10.144562548516628,13.984884117946326,14.385256712924837,12.827295445950668,15.847366333007812,8.658712667465313
GSE40279,8,GSM989862,11.139256057046184,13.925,10.57201175244758,10.535114454150285,9.048002413580843,8.988408434543913,12.862878555429935,10.315948486328123,18.521135230338764
GSE40279,8,GSM989865,11.28016690635348,16.075,9.743306851153337,9.606380388256117,6.751498576526184,6.808474993301415,8.210656954401745,7.488113403320311,12.412011662524638
GSE40279,8,GSM989868,6.331527289935555,6.325,5.699348783367032,5.732570591666066,7.270137432030405,7.25017224296745,6.29134995100011,8.438980102539062,5.133028282760506
GSE40279,8,GSM989869,11.933463073182697,9.075,12.374427144718513,12.489798132253782,13.467121078126908,13.522419132044785,10.042114887338688,12.800994873046879,6.697868833766424
GSE40279,8,GSM989871,9.512747626246888,19.075,7.03793465657643,6.903172965467357,2.6939371346108993,2.628092473781119,5.852122477375292,2.595703125,14.07191035426473
GSE40279,8,GSM989873,11.209277940503535,20.075,8.543945064760248,8.358405804182487,4.829266505689413,4.636261404234546,8.155957654180801,4.938301086425781,15.352096799377318
GSE40279,8,GSM989874,3.8255234718148285,4.075,3.441383063167744,3.462973336586695,3.25439736914283,3.380608805810096,4.208639192066083,3.5943222045898446,6.695841269117857
GSE40279,8,GSM989875,6.061345409384137,10.075,4.72661191955157,4.606217213183449,3.3978917897289,3.1106634699041336,4.280922158896582,2.6919708251953125,7.030209049950068
GSE40279,8,GSM989876,17.002816398213927,14.925,17.75479063465143,18.119896931174654,20.36977782112577,19.849507510409765,19.066666416368765,19.14063262939453,16.56771095593699
GSE40279,8,GSM989877,4.400871983187919,8.075,3.1022025808559297,3.373975241923614,3.344836657118276,3.3092796202641432,2.9916394192398412,1.8626480102539067,5.826605303633002
GSE40279,8,GSM989880,12.83797625365504,13.925,12.736665291525707,12.857988035888505,12.159915095096549,12.16066997793523,14.530155227324443,13.049179077148438,17.760375360650652
GSE40279,8,GSM989881,4.3606609121362725,5.525,3.5181885571046805,3.5770475435801585,4.322122048092205,4.2748906921920735,3.8909904590156357,4.723785400390625,3.539352162689179
GSE40279,8,GSM989882,23.018232313818714,28.075,21.35705453576972,21.045017288976176,17.575790366070887,18.595804657057148,20.46147260107631,19.066429138183594,25.73226680441554
GSE40279,8,GSM989883,10.641770776595829,10.925,10.873702670314083,10.708978537944725,10.26214788446583,10.344793346549135,12.135153911961698,11.311424255371094,14.215690211236264
GSE40279,8,GSM989884,7.7028245236598805,8.075,7.155887963523684,7.230943608131649,6.536175761638567,6.529769752511238,5.229205621460976,6.6033172607421875,4.998710949036455
GSE40279,8,GSM989885,12.097063455251183,20.925,10.01391851815593,9.94107736831081,6.6108476217929475,6.510587387450805,12.923791691654761,7.595123291015625,24.804913141732072
GSE40279,8,GSM989886,9.15503703084662,13.925,8.111497396265339,8.138810694301059,6.270076369175122,6.247417835632065,10.152595236164306,7.123912811279297,16.58133798560365
GSE40279,8,GSM989887,4.473276004996151,5.525,3.921185227605357,3.73611815968629,3.2634019242592247,3.221928833412162,2.984069445269647,2.962310791015625,4.231773233458755
GSE40279,8,GSM989888,9.996150278222977,16.075,7.991715489337375,7.884341959269838,4.6626283367844525,4.696094254238389,6.521073059047029,5.422149658203125,11.86205927176904
GSE40279,8,GSM989889,12.137640640151389,6.575,13.200145813289666,13.242674554264749,16.055803691088787,15.529931017059457,16.566811560762087,16.037132263183594,13.363453120472908
GSE40279,8,GSM989890,10.713066627496744,21.075,7.535662275381659,8.067755107421359,5.330130174731069,5.026762638352029,7.115251889165753,3.4716339111328125,14.041687560886633
GSE40279,8,GSM989891,4.091627161666773,4.025,3.970952846281603,4.003168220188771,4.4643698929841396,4.410069935849735,4.788562255953905,4.7494354248046875,6.3082693814965864
GSE40279,8,GSM989892,8.03548038847973,6.575,8.073100788091608,8.364844616955525,10.055178261979462,9.881037729538484,9.559977080998342,9.381988525390623,8.45793456826738
GSE40279,8,GSM989893,5.241249125800168,11.075,3.364467032166158,3.3618351737167167,2.742420810163332,2.861831330582011,3.533634834170531,2.460906982421875,7.0879373582610015
GSE40279,8,GSM989894,3.2605285896985685,4.925,2.609369629672295,2.7196706821972025,3.4287148550217834,3.4770942138689747,2.3147252701608863,0.19512939453125,5.454187818060115
GSE40279,8,GSM989895,2.8584027558275262,4.125,2.6552499032279178,2.8241858419266137,3.5856147172031685,3.530695681604807,2.7463966977022087,0.04449462890625,6.865036354317887
GSE40279,8,GSM989896,5.491358132017042,12.925,3.8258947534015504,3.9749764315421965,4.059652556420774,2.871695530447372,8.12313961394343,0.7093048095703125,16.936846247189933
GSE40279,8,GSM989898,5.2575658824176426,11.075,3.5081284752077737,3.5619367774234076,2.774842844827956,2.7146032121469608,3.6112830207732416,1.6361541748046875,7.131151580594976
GSE40279,8,GSM989899,4.140317793488376,4.925,3.4467853384328206,3.537689345674709,3.8593902743924082,3.95580037480426,3.8439668690935975,4.488044738769531,5.599037512307318
GSE40279,8,GSM989900,10.36166108385484,21.075,7.541186278374928,7.451747764671137,4.527336006323054,4.58420330644135,7.4827240087321965,2.688140869140625,16.136665543094203
GSE40279,8,GSM989902,13.47034412575631,17.075,12.412739446013422,12.261694200540692,11.303792250851938,11.331340441871594,10.585987862679008,10.402992248535156,11.32634194137427
GSE40279,8,GSM989903,6.240383631414504,4.025,6.237195943646166,6.270369595735981,7.203824420969245,7.19939754682313,7.639131966001736,8.302383422851562,7.395990540161826
GSE40279,8,GSM989904,8.584565364117003,21.075,5.597550200610897,5.613706459111849,6.261706948250683,6.219169168879788,9.38732871349199,7.233291625976564,14.874338955307758
GSE40279,8,GSM989905,7.905919086095311,5.525,7.973592890473382,8.054743428194964,11.081608867019307,11.148299266771668,8.529944631586643,11.665420532226562,3.8033689313397034
GSE40279,8,GSM989906,5.103356578310481,5.775,4.548326424767246,4.566582700820907,4.045769688206965,4.041752931329256,5.460356552900139,4.8909149169921875,8.076814503017832
GSE40279,8,GSM989907,6.917699001713112,10.075,5.7887873839848165,5.649578455614967,4.594753986590141,4.533728697638059,4.3072679461726215,4.12261962890625,6.440442227448128
GSE40279,8,GSM989911,8.00323973348481,17.075,5.4358828466434135,5.4304695514645385,7.737197759537918,7.743792692181449,9.472793861450105,7.637916564941406,12.682961684287013
GSE40279,8,GSM989914,4.285081527446222,6.325,3.309866954493072,3.199494836324972,4.584053861274757,4.494891694359699,3.855376996397566,4.015815734863281,4.130305252162323
GSE40279,8,GSM989915,6.89306987760952,16.075,4.393675038090171,4.675721488942073,3.5882308386921116,3.4932812872218952,5.2671578089721,2.410682678222656,10.721204404581261
GSE40279,8,GSM989917,15.445260216363234,18.925,14.680354234578164,14.859766590984233,13.74904141700189,13.902912644659901,16.000227493210442,14.199554443359379,19.66174187187739
GSE40279,8,GSM989918,9.599394720933356,4.125,10.458118539002303,10.576627536288576,14.008794212239618,14.0832341988579,10.795333355707061,14.112197875976562,3.993395571966103
GSE40279,8,GSM989919,13.128097260728055,5.775,14.801713629891504,14.540136034167654,15.53388595000997,15.610183991307107,14.488444347314962,18.0302734375,8.79785786798837
GSE40279,8,GSM989920,7.430730052212615,4.075,7.505520494078736,7.655845377592589,9.573143312510961,9.651302248325182,8.44115415358826,9.631393432617188,5.192681340723557
GSE40279,8,GSM989921,7.34159863774548,17.075,4.6153451128445475,4.564796411461832,3.000406749528596,2.931824951876088,6.202910548964627,1.7556381225585938,14.127300890756525
GSE40279,8,GSM989924,9.092923355169942,9.075,9.14307702451246,8.997377947978336,8.689444337622692,8.572915658973974,10.70244122646455,9.718917846679688,12.49421955620039
GSE40279,8,GSM989925,3.3259157842458094,4.275,2.9289150303876674,3.040764335388153,3.237277211785596,3.127843534419605,3.1411819412285085,2.8584518432617188,4.566211654403387
GSE40279,8,GSM989926,8.783290869184947,4.425,9.245286228294473,9.163425711159125,10.518801466413297,10.514789473743175,10.11185585900394,11.536048889160156,6.870128673358531
GSE40279,8,GSM989927,8.228514061827108,4.025,8.811641683504403,8.907386959644544,11.532108181611637,11.659589359234065,9.362254687299181,11.557212829589844,4.560501461968682
GSE40279,8,GSM989928,6.800216285973067,16.075,4.404118957662881,4.65612229416852,4.773495336800748,4.452797554830087,6.709345235306135,4.578338623046875,10.149618011194848
GSE40279,8,GSM989930,11.702999254569084,16.925,10.736995071188854,10.395699089540162,8.379401624238309,8.253348728610357,13.133917498523397,9.39651107788086,20.34081238727336
GSE40279,8,GSM989931,7.6091804829609115,5.775,7.814014896736518,7.7224805041490185,9.355952042102619,9.38132757473736,9.598830520192953,8.994277954101562,7.755593714118777
GSE40279,8,GSM989932,5.328835619162037,4.125,5.36381241925749,5.4071579129728295,7.032155513669364,7.051629999718516,6.055127007815531,7.052085876464844,4.515084260528365
GSE40279,8,GSM989934,9.223132780002024,10.075,8.609942798463745,8.897576854795918,9.308815394994044,9.388049780068744,7.669743052802199,7.831977844238281,7.485399754753192
GSE40279,8,GSM989935,8.176400819317427,15.925,6.493831413633066,6.273930326323834,4.607503711620483,4.309747120176489,9.048041039085788,4.331764221191406,18.417931138271516
GSE40279,8,GSM989936,12.7529456532928,18.925,11.453199774273092,11.530347777178411,9.917937573057937,10.018838692536146,13.552328176442325,9.868148803710938,19.907869604286862
GSE40279,8,GSM989937,15.480726738889206,14.925,16.041991091804185,16.156138118068164,17.299643436252275,17.18484243532802,17.69603228620676,16.692108154296875,17.13222535204438
GSE40279,8,GSM989938,9.368513979128066,9.075,9.612350750765243,9.36307772421741,9.259177939838759,9.156628978651124,11.290935102695903,10.165664672851562,13.167911650158857
GSE40279,8,GSM989939,8.993900871646954,6.575,9.401126769989745,9.481810805993259,10.681572976275625,10.7197574632705,10.386024941228907,10.9378662109375,8.461313756022752
GSE40279,8,GSM989941,8.92939048097592,4.025,9.492818384443023,9.619796015838094,11.937205368016645,11.944623280337776,9.658766808978282,12.705184936523438,4.593212333993141
GSE40279,8,GSM989942,4.257657043567197,6.325,3.1777670057765603,3.1358934283859803,4.117884498214459,4.180780841102467,3.7274612966151337,3.9287872314453134,3.954211704168993
GSE40279,8,GSM989943,6.050301456874183,9.075,5.447639831507976,5.199867481596955,5.335137133458121,5.063375179379394,7.815881991441512,4.783683776855469,10.983804684055432
GSE40279,8,GSM989944,5.231412394710919,8.075,3.784602796484515,3.808547019499323,5.144996088079887,5.194830016948946,5.033795744227179,5.439056396484375,5.144975317141892
GSE40279,8,GSM989945,12.997590623252455,13.925,12.870615210271046,12.902073556174262,12.174530205753442,12.203649383777643,13.75021778935157,13.305892944335938,15.689784720643454
GSE40279,8,GSM989946,11.928961238859264,9.075,12.623404018039043,12.615771965475904,13.362571471972222,13.313502996352398,13.672963749736322,14.319236755371094,11.948671187672518
GSE40279,8,GSM989947,20.144262816381875,19.925,20.33132748808013,20.46484415789306,20.705042943142665,20.77633153031442,21.616053785256824,21.150680541992188,21.529065452757322
GSE40279,8,GSM989948,17.485678068416323,22.925,16.31716017157121,15.980513716611208,13.081089400491063,13.145570441048642,17.766985881181267,15.046920776367188,25.06865919478127
GSE40279,8,GSM989950,7.682146065035869,5.775,7.880450687010611,7.796283378088873,8.374694575781891,8.402341293257006,8.55431670028673,9.113624572753906,7.956635526275164
GSE40279,8,GSM989951,5.904303250859468,12.075,3.939583005871871,3.9942088567350824,3.131928944926096,3.0963394358260827,3.610976684565466,0.0984420776367187,8.631133618892887
GSE40279,8,GSM989952,8.219438474425644,8.175,8.201341790871506,8.131770545746411,7.889817925717738,7.799616916372817,9.653688185271116,8.761566162109375,10.903033662133979
GSE40279,8,GSM989953,7.620656538353498,4.525,8.071030734031776,8.145865179010713,11.253111865766893,11.27761093628664,8.777238796866312,11.256622314453123,3.5096684982015858
GSE40279,8,GSM989954,6.459340977286336,4.025,6.502157327166957,6.347307321603815,7.188352566052683,7.107212346570283,7.709206606968832,8.350875854492188,6.921717934310226
GSE40279,8,GSM989955,17.821955953797968,17.925,17.828380185144233,17.839880404606056,16.54440991288305,16.51142718962688,18.842472816338173,18.63208770751953,21.019228341219296
GSE40279,8,GSM989956,9.155939556183693,18.075,6.827185547735795,6.66044013427845,3.8131879073663413,3.1126053721567386,7.389039963560452,2.721923828125,15.612490859470768
GSE40279,8,GSM989957,4.447125191817428,4.275,4.274993971024724,4.212650157239845,4.581468222857369,4.42823192156808,4.477372868036345,5.4574127197265625,5.530480775034674
GSE40279,8,GSM989958,10.097668415400097,13.925,9.452626051347922,9.214998998256759,7.267093277673212,7.158623911405485,11.266027024676086,8.640556335449219,17.5101338566054
GSE40279,8,GSM989961,5.901150173123106,9.975,5.157115286819403,4.868959233924347,4.403559258036513,4.148602817736033,7.762678929807895,4.081707000732422,14.406478658905062
GSE40279,8,GSM989962,8.583974177404462,9.975,8.293937252689377,8.181134892298639,7.07158200651517,7.04632127103289,9.566375896134677,8.433517456054688,12.578113465123518
GSE40279,8,GSM989963,4.721441801175336,5.025,4.265528537809895,4.3119576673593185,3.901864601586964,3.942503978274189,4.636199488353343,4.5758209228515625,5.184737833318951
GSE40279,8,GSM989964,4.70945204653332,5.525,4.114180750791277,4.028768146394022,4.725459557449416,4.584602350121147,4.7215354568825,5.48980712890625,5.235040284778153
GSE40279,8,GSM989965,10.181111766731993,18.925,8.179683228887956,8.157647582437889,4.9651370150662215,5.032589778727553,10.176632007433783,5.730438232421875,19.755149740329898
GSE40279,8,GSM989966,5.249304000288334,11.925,4.032495793639003,3.871689694022043,3.856114341782532,3.512272024846042,6.642959500731008,1.191753387451172,13.24662580036896
GSE40279,8,GSM989968,11.728130233281973,19.925,9.913693350987355,9.888473561138152,6.432945555835535,6.457842507607521,11.750326355424832,7.610527038574219,21.49082920716524
GSE40279,8,GSM989969,6.7117369210167555,13.075,4.793761909464535,4.85177648367195,3.612081810101125,3.563495079406296,4.623214475201376,1.673583984375,9.448362105019985
GSE40279,8,GSM989971,5.396689924241684,7.375,5.089378270690997,4.845414441334878,5.5364017537152765,4.928611652015424,7.749379005247121,4.6428985595703125,11.049792632717436
GSE40279,8,GSM989972,13.493505651888686,17.925,12.430489395103047,12.547972123215082,11.054737699061784,11.111752440795428,14.495315432856705,11.668453216552734,20.27880981491044
GSE40279,8,GSM989973,3.4443173149295525,4.125,3.5436850989891333,3.4985589536131427,4.387511207701122,4.420060414706682,3.627016081062989,2.883331298828125,4.660263461164693
GSE40279,8,GSM989975,8.828012550645132,20.925,6.041740768933688,5.854709498760695,3.869574343004488,3.5719416461326885,9.394100906422025,1.3297653198242188,22.400853936737395
GSE40279,8,GSM989976,20.8349354697218,24.925,19.940061208588872,19.834675690827986,17.99034398361986,17.956499006881536,21.957744969551214,19.21766662597656,28.087639093818588
GSE40279,8,GSM989977,8.672856790181564,12.925,7.696331794470157,7.784975969739799,5.830965237369432,5.929216296291907,8.810646002255716,6.957084655761719,13.648917270201963
GSE40279,8,GSM989978,10.228993435007844,13.925,9.500618756159692,9.504050002194656,8.22092784039188,8.31477761580528,11.067697418242913,8.851554870605469,15.117327934550683
GSE40279,8,GSM989979,9.280162317524049,9.975,9.166723705024573,8.994219555153013,8.128219531527183,8.067512180516774,10.358513896000622,9.563011169433594,12.82490005890225
GSE40279,8,GSM989980,22.81836331998132,33.925,20.098711563419318,19.85006214981768,15.655214290584638,15.73287494383219,23.27415931521498,16.92971420288086,36.30925560580708
GSE40279,8,GSM989981,4.937732003979515,4.425,4.530976018624287,4.495555585172017,4.755022030363614,4.589572105011787,5.658250017327594,5.239662170410156,8.126091889239722
GSE40279,8,GSM989982,11.605331800946411,15.925,10.797136883445823,10.64146347391119,8.59654080042365,8.543593099239143,12.818398577828287,9.848526000976562,19.23226708482992
GSE40279,8,GSM989983,22.408916851263445,35.925,19.224914965134197,19.110549748812986,14.703861495268374,14.78065786847471,22.257161059223368,15.053043365478516,36.71085857263865
GSE40279,8,GSM989984,15.103372017650415,20.925,14.080480331056236,14.086261214202244,12.283762969490663,12.332607392758376,15.983142320478368,12.432044982910156,22.458827760376995
GSE40279,8,GSM989985,16.125137030292095,13.925,16.994145544685214,17.037142801782874,17.91323144250046,18.042313333189497,17.49780444401032,18.33746337890625,15.181282503999032
GSE40279,8,GSM989987,27.94138741990585,39.925,25.02951883376935,24.882352808966253,19.598346673988363,19.58713808715683,26.83931705226417,21.518280029296875,40.63979502378837
GSE40279,8,GSM989988,16.343450790459038,13.925,17.389337972129226,17.336260147908444,18.114136698573855,18.11551478715675,18.119244745849972,18.688690185546875,17.84798839572413
GSE40279,8,GSM989989,11.18872702570311,9.075,11.588614516561075,11.534442240550954,11.207527974946421,11.21781069127995,11.411467644449854,13.118522644042969,10.77512299073389
GSE40279,8,GSM989991,12.951256119220607,17.925,11.83092156723571,11.823389693858159,9.720669897567944,9.830434916950727,13.648076167487105,10.795989990234377,20.060330403960336
GSE40279,8,GSM989992,19.304451736010673,37.925,14.720017473091733,14.641729940104948,8.26551859463696,8.394771415498427,17.101102141505727,8.797767639160156,35.48519769344575
GSE40279,8,GSM989993,14.777461556678167,17.925,14.144544478106326,13.847936496386698,12.193191605402827,12.234351095377042,15.324818368239587,13.734001159667969,19.58170996339583
GSE40279,8,GSM989994,17.888307004513504,20.925,17.203272135349074,17.035106821602305,15.683949401822966,15.842441131426256,18.403958652811397,16.912357330322266,21.377703753078784
GSE40279,8,GSM989995,18.996113885913758,20.925,18.546745954592787,18.67584207507823,17.66252901716161,17.767889946936812,20.084754980655834,18.694778442382812,22.900617610245813
GSE40279,8,GSM989996,21.395318488271986,34.925,17.88495822552523,17.71765168669887,11.738940558586451,11.788071530708446,20.136665920878983,14.030895233154297,36.023693574014324
GSE40279,8,GSM989997,17.97780597585367,29.925,15.19411616060234,15.04478004749007,10.276292667218408,10.29821929958092,17.679831976427014,11.576812744140623,31.80846926335475
GSE40279,8,GSM989998,19.973368342728833,32.925,16.82714585065839,16.71584891340256,11.663833548747991,11.742549138431535,18.749896740813547,12.9609375,32.55408211398575
GSE40279,8,GSM990000,8.120884685057336,12.075,6.606019110304712,6.611353421758634,5.2570367181699895,5.2478336217190975,5.805630578564182,4.840415954589844,8.76744256720401
GSE40279,8,GSM990001,7.6236453013554435,18.075,4.425925897043131,4.42720614492363,3.6853941672621318,3.63272487055409,7.227840366177112,2.212120056152344,16.792411661513377
GSE40279,8,GSM990002,3.6618936143076537,4.525,3.1553169372069862,3.194250268995016,3.2028867403663432,3.2275653844578445,3.1509702453951443,3.6395263671875,3.3395383156520686
GSE40279,8,GSM990003,7.390940486270634,9.075,6.808415338708812,6.786746185585225,7.10680712413979,7.046392727351227,7.356243428295073,5.4925689697265625,8.879744285872835
GSE40279,8,GSM990004,6.335117606937045,4.025,6.332700274531392,6.50514072652401,8.164994277298792,8.161009417067135,6.484590218422857,8.147789001464844,3.4483047879241093
GSE40279,8,GSM990005,9.55124434235337,16.075,7.626992439624222,7.491563752470682,5.00152918589913,4.98810469959272,8.295756693388997,4.706626892089844,15.098117069945854
GSE40279,8,GSM990006,6.082833633116046,12.075,4.395058901685966,4.309555963500793,2.383871794439263,2.402536721210308,4.752298166452324,0.82366943359375,12.052743390532765
GSE40279,8,GSM990007,3.1474680575753635,4.275,2.718293542995904,2.6993900455713478,2.8592617178389004,2.8683775598647734,2.590393939958672,2.061241149902344,3.246045100305385
GSE40279,8,GSM990009,3.6233655756277288,5.775,3.0651441279038174,3.127876824964447,2.938985690549866,2.9302605436772624,3.2066213897914944,2.165000915527344,5.025898692190333
GSE40279,8,GSM990010,2.966615950782785,4.275,2.479699983342078,2.3929579622622033,3.040240097565293,2.9579952386535098,2.23629799516815,0.8986129760742188,3.3918609932647406
GSE40279,8,GSM990012,6.3213174312599865,4.025,6.465876749444149,6.416192790512403,7.641483862507222,7.722206567025569,6.484541171073469,8.12481689453125,4.090972251787963
GSE40279,8,GSM990014,7.642277918224434,4.275,8.73293877645919,8.5819389427743,8.846470056604119,9.66168042875992,8.67473969372389,10.158737182617188,5.797432774454246
GSE40279,8,GSM990015,6.4088520521770365,6.325,5.823970541058928,5.9397508133224735,9.013600614342165,8.781801947120977,7.396097895163466,8.590591430664062,5.875876270945659
GSE40279,8,GSM990016,4.541443312549995,5.525,3.719947175834848,3.7543809133153294,5.906390575578165,5.655907568296312,5.079967519830971,5.1538848876953125,6.309869076316003
GSE40279,8,GSM990017,6.7215145805447305,9.075,5.692303506138828,5.648176034092353,4.769657124807852,4.784491680890905,4.934048514263283,4.4157562255859375,6.509011815480088
GSE40279,8,GSM990018,9.170100043812482,12.075,7.5899764141153865,7.514527146886081,11.465466612503388,11.457267321227292,10.891490110229636,11.956657409667969,8.0399435234353
GSE40279,8,GSM990019,9.554400999586477,4.075,10.347251301428575,10.01620375810504,11.942402125122339,11.9867031923153,10.72096211577309,13.108787536621094,6.392388463900238
GSE40279,8,GSM990021,7.171871956933471,8.075,6.131377773687898,6.222502849755954,8.984168363840467,9.060537935630526,8.30382252134724,9.417709350585938,7.097340370744783
GSE40279,8,GSM990022,6.852623743355227,10.075,5.830143780611204,5.623130512211962,3.700589827622032,3.7838713130348105,5.3317358802915695,4.017791748046875,9.65202665110513
GSE40279,8,GSM990023,6.272579014083196,14.075,3.9036903629376867,3.7583806952590444,2.6710765242202354,2.6754984198903053,5.345656158906982,1.87249755859375,11.981728859676675
GSE40279,8,GSM990024,4.884463816325571,8.075,3.417706917613368,3.3950938336539673,4.344349893726834,4.424770028829915,5.371408319431788,4.5558013916015625,7.174948163027002
GSE40279,8,GSM990025,3.0866377923511474,4.525,2.6170373723519385,2.7135036214120416,3.1386283970987847,3.1062548800562104,1.8636251255881446,0.3245697021484375,3.984907910826678
GSE40279,8,GSM990026,9.817970280738008,14.075,8.278433542756764,8.261956916516889,6.179825529331298,6.201497942673287,7.9327124608095305,6.3535919189453125,12.1281751889153
GSE40279,8,GSM990027,7.017652266454029,15.075,4.732020683182886,4.588107368229411,6.651222993593424,6.623800847893216,8.347332649331928,6.395942687988281,11.98897706061663
GSE40279,8,GSM990028,8.341636630946903,11.075,7.016679433878323,7.376008541632409,6.280506041753182,6.244179797581794,6.202820359757637,5.8045501708984375,7.986159604908815
GSE40279,8,GSM990029,5.841918050151798,7.175,5.204997663631223,5.342628277855175,5.227163313970744,5.16351205881421,5.23232840632344,4.2182464599609375,6.449359994619201
GSE40279,8,GSM990031,2.993857884063551,5.025,2.927520808580149,3.162192121855787,4.072739318932323,3.93596281517679,3.73524861506836,1.1197586059570312,6.4096718137917295
GSE40279,8,GSM990033,10.293023600219144,24.075,6.294909982647997,6.288436509771534,3.4756115377038315,2.6811154858001025,8.6344298726725,0.5813674926757812,22.093329696707862
GSE40279,8,GSM990034,6.023724375170164,6.325,5.487350548210152,5.4174993452558855,7.962707601839623,7.891445304808215,7.027111886886779,7.838386535644531,5.160839533218389
GSE40279,8,GSM990035,3.8346136719969417,4.125,3.613865152271417,3.5850249441579813,4.426536548411813,4.52657848914386,3.733210075861836,4.220787048339844,2.6929647853175958
GSE40279,8,GSM990036,5.698550557975286,12.075,3.516867199921252,3.3571054653853887,3.2900024002383987,3.025452710916306,4.450711598735585,1.0246429443359375,9.923213131285104
GSE40279,8,GSM990039,6.397076260706182,13.075,4.219508780549189,4.13757257204866,6.062412136461395,5.714907363129215,7.3230409616144545,5.87762451171875,12.18680812320439
GSE40279,8,GSM990041,4.868430193832279,4.125,4.908118656262199,4.793156684972839,5.576459921553963,5.476005490390562,5.706795164891112,6.2339019775390625,5.092495727191654
GSE40279,8,GSM990042,3.7621844889814158,5.525,2.9151819131775034,2.964217766967329,3.2567165690139754,3.2202758208851163,3.471247681140498,2.9726715087890625,4.927566352213227
GSE40279,8,GSM990045,3.8000884744274765,4.025,4.1042930418768595,3.9187656773039437,4.564752509411683,4.006673736225607,4.991671604318351,4.182106018066406,5.13094690435513
GSE40279,8,GSM990046,10.070702298530687,4.125,10.99925273351479,10.894191450740285,13.607570824081028,13.593476069305385,11.166444807980188,14.883811950683594,5.138200134907278
GSE40279,8,GSM990049,6.641994904681743,13.075,4.446935513350975,4.57464258267466,3.081100378046827,3.1543176970473246,4.266642944632919,1.4962615966796875,9.48884423189655
GSE40279,8,GSM990050,6.2694673300534935,4.525,6.818864969835836,6.645880668327247,6.842622520093769,6.865931749031534,5.612369902281467,7.341194152832031,3.1088036278107714
GSE40279,8,GSM990051,3.0426229578992254,4.525,2.6112500499066673,2.6793329398350223,3.706205619505352,3.6623197839000268,2.4032713410174997,0.0008697509765625,5.879276727511321
GSE40279,8,GSM990052,4.195568808292011,7.175,2.857177791932787,2.9238283399250284,2.6511847760848433,2.7530027768390015,3.5167156246650677,2.775909423828125,5.825190253336598
GSE40279,8,GSM990053,3.769374436527644,8.175,3.3451083231815018,3.341746793205489,4.332296747592606,4.332491832448146,5.506868329897353,3.1563796997070312,8.611013097094013
GSE40279,8,GSM990054,5.729040373598406,9.075,4.575694456954436,4.670539687503439,3.6075937580484045,3.6253069497189996,4.056694018752173,2.7812728881835938,7.03742663565526
GSE40279,8,GSM990055,10.089083941930493,17.075,7.939338238113166,7.825386512016019,5.020618051972607,5.1208965144345795,7.964638509668065,4.962677001953125,15.03516785958455
GSE40279,8,GSM990056,2.932297358570235,4.275,2.4347186458961554,2.4836507189348884,2.3853112559125456,2.433394350299415,1.6024785794112097,0.5333099365234375,3.4997576480065704
GSE40279,8,GSM990057,5.1946027717330665,6.575,4.687002014284465,4.524299901867706,4.030554376585718,3.878884436305576,5.495955651981833,4.730720520019531,7.901909774476988
GSE40279,8,GSM990058,3.0499404928604847,4.125,2.7356347049148004,2.7828110249913847,2.8460129084075385,2.9011794189530304,2.7043180654244248,1.8931732177734375,4.653745651946253
GSE40279,8,GSM990059,4.220781367018886,5.525,3.7038737109388626,3.5939650840475132,2.923035447856905,2.922812487001783,2.606225865402763,2.286956787109375,4.357618963398072
GSE40279,8,GSM990060,4.403030153689634,5.525,3.710393923956294,3.66718249309159,4.769552579569025,4.530602967097787,4.879390044813066,4.8245697021484375,5.25646516582966
GSE40279,8,GSM990061,4.276384959629978,6.325,3.6727395658046604,3.810744746021965,3.0441606778418446,3.035949637006626,2.816823740786265,1.5637741088867188,4.9375817275946865
GSE40279,8,GSM990062,3.6300912799180454,5.525,2.7098675705643136,2.7147734804641726,2.539741189152244,2.582926723045734,2.475538748443257,0.5221023559570312,4.9226080627920785
GSE40279,8,GSM990063,10.4142884362307,18.075,8.034469427521381,7.977666505323339,4.768347070319938,4.880766016456704,8.264312911490535,4.877349853515625,16.06669125165432
GSE40279,8,GSM990066,4.9298202422877715,7.175,3.8556869100486133,3.8491604615387813,4.66405690275247,4.53458444684741,4.73964920380363,5.1795196533203125,5.607764348889364
GSE40279,8,GSM990068,6.265360062810474,4.025,7.316568391744122,7.273952528679016,8.94185888288134,8.90777377659115,7.317261027419758,9.144596099853516,3.3080075396118134
GSE40279,8,GSM990070,10.387520542748941,19.925,8.263188682694315,8.073392844629012,5.4304193064244926,5.395678652425694,9.759893774889665,5.4540252685546875,17.3613042640371
GSE40279,8,GSM990072,17.404004689160935,19.925,16.609694517339648,16.791775542825764,15.168706518626237,15.393846455502725,15.35050974076061,16.742210388183594,14.65853089174343
GSE40279,8,GSM990075,15.132754023902908,21.925,13.44816186678411,13.312622973781824,10.54298470243413,10.684209944285799,13.820078125661741,11.87063217163086,18.96884221142265
GSE40279,8,GSM990076,3.7296095261242357,8.175,3.1737476459689478,3.2624577692461543,4.013232576996044,3.945432361850969,4.056863663365054,2.04422378540039,5.305210321792791
GSE40279,8,GSM990077,18.727655304017226,27.925,16.48838861868548,16.357599881961036,12.41261666716646,12.512111102739437,16.45015320097432,14.000831604003906,23.003958534501628
GSE40279,8,GSM990079,16.76426658145943,26.925,14.25729890191106,14.295363748662188,10.665959033065262,10.615036521565823,13.968768814181653,11.451026916503906,20.199117093689566
GSE40279,8,GSM990080,5.960116892812108,14.925,3.866077021245828,3.8355054200830807,3.5802698618980613,3.484256347768524,5.019333168419985,0.4322509765625,10.585034177578933
GSE40279,8,GSM990081,14.365101840234292,19.925,13.163385442693173,13.195736764061152,11.34573453009542,11.405957029986919,13.515886646312447,11.852745056152344,16.84238473850542
GSE40279,8,GSM990082,3.138386897229564,4.525,2.565825047594844,2.5274126835904935,3.7624345494901696,3.3123094397644097,4.239798531193499,1.31915283203125,7.599716600122231
GSE40279,8,GSM990083,10.36308388067268,15.925,8.995377462101432,8.913247503509918,6.439219000090668,6.353269154951745,9.003507114361138,7.849636077880859,12.956149808753121
GSE40279,8,GSM990084,3.6154053458032456,5.025,4.065379723441023,3.9340534191331047,5.280789319183494,5.1350151706322205,4.9813026306213715,4.3759613037109375,3.6229689753988965
GSE40279,8,GSM990085,9.47917285543701,19.925,6.678666591858745,6.547443901942503,3.871911593982736,3.869509958638038,7.274817396431393,3.703105926513672,15.056536233911396
GSE40279,8,GSM990086,5.146248526613127,12.925,3.4713831117613827,3.5456652661883323,4.134095726764495,3.96839529746257,5.092298487252671,1.693450927734375,8.816102464305278
GSE40279,8,GSM990087,5.121266905190296,4.025,5.018926184214793,5.145944853751929,6.826252477795864,6.517398772367382,6.330995556441247,6.469879150390625,5.948846810295761
GSE40279,8,GSM990088,14.006168277248301,21.925,12.074975099449805,12.255771052953325,9.919870953422448,9.722917256093991,11.861781240789972,10.05789566040039,15.692989241231583
GSE40279,8,GSM990089,4.106585462379857,5.025,3.6252849372536318,3.5900486039632717,3.55589214066145,3.7306679671074576,3.6026158429098745,3.4413070678710938,3.8847052075536395
GSE40279,8,GSM990090,4.558207612018259,10.925,3.256481611861511,3.2024938426025065,3.3938720194921133,3.3993568807848056,3.854658840874079,0.8017807006835938,7.134876174362472
GSE40279,8,GSM990091,11.917271885803554,22.925,9.098797304378692,8.866385248280912,5.110915985117368,5.006727398838489,9.894031751151289,6.0883331298828125,18.579926423337227
GSE40279,8,GSM990094,12.116936747184926,8.175,12.827156364189808,12.895087734084436,12.67844145745597,12.90203931609183,11.160279554717667,15.084098815917969,6.147313833243122
GSE40279,8,GSM990095,9.804095197064541,16.925,8.163431665069236,8.24177497993822,6.59738560521514,6.304723007098845,8.102182139851243,6.341606140136719,11.090287425994168
GSE40279,8,GSM990096,23.914795037579346,5.525,28.988557969658615,28.9111071690551,36.42345792232695,35.520551195903565,28.105028922912574,34.512046813964844,10.819314126433985
GSE40279,8,GSM990097,21.28483385762625,29.925,19.118184320293512,19.17975931155611,16.28285994052142,16.30772871300902,18.98547362197125,16.897499084472656,23.795203169339185
GSE40279,8,GSM990099,7.208869895603141,5.025,7.168035577174355,7.21426159023274,8.221213630690098,8.149999287587338,7.176622812457677,8.648651123046875,3.6649786250604253
GSE40279,8,GSM990100,7.0667383227732214,9.975,6.3563322597701415,6.29567326590432,5.565798153451956,5.718023886533452,6.358320209480595,5.972633361816406,6.491206839825219
GSE40279,8,GSM990101,12.534739240486605,24.925,9.474516368700513,9.432175123851998,5.612945387611021,5.597815413043007,10.073009472561319,5.779071807861328,18.444099649379844
GSE40279,8,GSM990102,13.63569776556677,29.925,9.605403140699767,9.397113004125659,4.288895223049051,4.173638969501857,10.654428415838655,3.8969955444335938,24.12165241246158
GSE40279,8,GSM990103,6.5078610282295815,13.925,4.423780851053442,4.417254496014387,3.8346030659791763,3.5727156256575228,5.705223009525808,2.4675827026367188,9.270288701862757
GSE40279,8,GSM990104,3.607665668854929,4.275,3.240668488117116,3.2440351310269846,4.553671672842497,4.378982131399694,4.67003169319707,3.6227340698242196,7.116789781748727
GSE40279,8,GSM990106,5.754793206673844,6.575,5.355264880616781,5.490460604396886,6.202635310088973,6.018703138373209,5.408360035432213,5.647926330566406,3.6101366208340275
GSE40279,8,GSM990107,6.98913628613478,16.925,4.583777938801362,4.526850932429005,3.5420496155345673,3.3584062378278987,5.875262927562832,0.495025634765625,13.077830183474797
GSE40279,8,GSM990108,13.827720554800209,26.925,10.575264087512686,10.409957978501078,6.29699054183998,6.275612424715328,11.8637703804191,6.726612091064453,22.008470054726125
GSE40279,8,GSM990109,5.9173131945288375,14.925,4.053555860160832,3.992482453425165,5.4047491690439005,5.201460446570897,7.082057013038636,4.847129821777344,9.505106100825596
GSE40279,8,GSM990110,3.9640746113110255,4.425,4.381823259870072,4.372749065204085,5.143960284945967,5.188070956963606,4.756714269514157,5.2344970703125,3.581047158397604
GSE40279,8,GSM990111,8.876790596356946,17.925,6.7741361523227,6.799900253013666,4.117569559634906,4.14795005354003,7.592313103362491,4.1279754638671875,13.73564278717753
GSE40279,8,GSM990112,7.382595096805469,12.925,6.221132066396423,6.16096136687564,5.344369417069787,5.381547296900806,8.118634211461254,4.8812408447265625,11.700395994274718
GSE40279,8,GSM990113,3.3332375451176395,6.575,2.8894094215034967,2.800489952395707,3.2278136595780125,3.081213539712562,2.9196288546877205,0.4207496643066406,4.8305033173903285
GSE40279,8,GSM990114,3.8487608131277824,7.375,3.1459811681349352,3.276152187752139,3.5980908695964864,3.415983682147379,3.9712412834166444,1.497100830078125,6.004873251218802
GSE40279,8,GSM990115,17.17649201417058,29.925,13.949598808887083,13.834985094570602,9.768064279818631,9.894520602194884,14.952866941342824,10.287757873535156,23.916354801511666
GSE40279,8,GSM990117,6.656028887488759,5.025,6.564119808587665,6.652293092771958,8.025657272704247,7.815266339196252,6.866656701968266,7.743545532226564,4.2367364495523825
GSE40279,8,GSM990118,5.624412617942113,10.925,6.006247534065442,6.272568504784399,9.3320096639971,8.834896491425294,8.637694497715337,8.56146240234375,7.659495795803764
GSE40279,8,GSM990119,5.236948366383282,10.925,3.8544214659076252,3.864042144382708,4.286948769853209,3.4360743291687044,4.165531762317313,2.105640411376953,5.457425096778286
GSE40279,8,GSM990120,8.406636231044493,18.925,5.79266623193451,5.657504467190802,3.9510342099142894,3.7643952569219636,6.461958861784844,2.2547073364257812,12.174014268304221
GSE40279,8,GSM990121,3.4057315905459156,5.025,3.702548406908767,3.715565509502433,4.162405141124247,4.093153680440261,3.9668344872354995,3.7057266235351554,3.698599793876496
GSE40279,8,GSM990122,10.10932151750136,4.075,12.907548394624055,12.855875279496962,17.046789361442027,16.967689661132553,13.242858868643609,16.01675033569336,5.704264566211088
GSE40279,8,GSM990268,6.593650693211339,15.925,4.24233063123905,4.181731904323089,3.4414718477958375,3.391699466800354,4.786649638685118,0.4803810119628906,10.038672871850096
GSE40279,8,GSM990269,17.904932516054394,24.925,16.0642636369068,16.209757833105854,14.021731077791262,13.867383957149531,14.826628016166476,14.504173278808594,16.425581271251396
GSE40279,8,GSM990271,8.566260549304879,16.925,6.591472696114065,6.58620835050684,4.681316198703317,4.61400178660922,6.769102989530502,4.3211669921875,10.200662622207588
GSE40279,8,GSM990272,4.256473999357702,9.975,3.2268238369364064,3.2138118570207874,3.0612099043678462,2.9022559027888684,3.894652670778725,1.8487319946289067,4.932782878665916
GSE40279,8,GSM990273,4.727402612277163,5.775,5.778421168265465,5.743909024552658,7.822174984206109,7.786947927188409,6.476643746690103,7.327995300292969,3.937384677772237
GSE40279,8,GSM990274,5.148305336302479,12.925,3.496911423512441,3.4510266190660785,3.1914601660009607,3.0269258943828925,4.631406471217118,1.64898681640625,6.831448029586335
GSE40279,8,GSM990275,7.944897064727885,17.925,5.480530118784366,5.4956086024606545,3.624162869321144,3.576591780738524,6.024687096675788,2.09320068359375,11.485732907963374
GSE40279,8,GSM990276,12.348812067244763,10.925,12.835554705944517,12.898687002172597,13.707048355202934,13.72213466545802,11.526557773694531,14.080360412597656,6.152780766676557
GSE40279,8,GSM990277,13.438332784106095,34.925,8.050753522140173,7.9183282392548735,3.6846308219883808,3.3093866734728294,10.512971093189703,1.4649925231933594,25.380620066128778
GSE40279,8,GSM990278,14.038420755847843,21.925,11.998888157958778,12.133859594607818,9.681220936617809,9.688173031014085,12.197775587424093,10.110084533691406,15.730621471905394
GSE40279,8,GSM990279,9.884027362983318,21.925,7.003419055267796,6.84716875705048,3.622783438235222,3.5259776098000417,8.313389356651973,2.8788070678710938,17.678031360104832
GSE40279,8,GSM990281,5.573751679488024,12.925,3.9085400991508363,3.8314689334328405,3.4890288911721514,3.415744754508052,4.620452042936721,0.9756240844726562,7.762178914676104
GSE40279,8,GSM990282,12.171818529145897,5.025,15.470910375897768,15.676145352757882,20.46003228394775,20.315659667464324,15.093845853688851,20.215858459472656,4.339844133289253
GSE40279,8,GSM990283,8.344853419454857,21.925,5.1014486882934005,5.074884749709146,5.960643607715655,5.599309306235926,9.140981428093411,4.142112731933594,17.415544764207404
GSE40279,8,GSM990284,4.729434034212342,4.075,5.532891917837556,5.560184848310797,7.359975247453798,7.200878456933786,5.825108601633909,6.769874572753906,3.7797710548880845
GSE40279,8,GSM990285,7.996842048511192,20.925,4.880350745275896,4.803667879792845,3.0043355700459746,2.9413253669518786,7.456917499256043,1.7711563110351562,15.881381878291014
GSE40279,8,GSM990286,8.03425453753199,9.975,9.81002762002262,9.860070097472128,14.511383638494499,14.411145051283373,11.568173618388407,13.87289810180664,4.6640178931163705
GSE40279,8,GSM990287,3.4861362594182475,7.375,3.042912201256396,2.949935976559931,3.396825186215034,3.167742260906439,3.0897554515080747,1.6452827453613277,4.282584010721307
GSE40279,8,GSM990288,8.169183767200993,19.925,5.705600588436139,5.757504880605156,9.129238016159695,9.03493527686398,11.487014662431989,8.479209899902344,14.550650548232744
GSE40279,8,GSM990289,8.656869638469605,22.925,5.159653108973534,5.081192840905336,3.9234186044207915,3.632814710558484,8.295601685700266,3.3618698120117188,15.876366306972807
GSE40279,8,GSM990290,4.2610902839049265,6.575,5.030993921158517,4.99201163671624,6.769248946055219,6.683652735895476,6.051265153913196,6.3467864990234375,3.937776367612822
GSE40279,8,GSM990291,6.9052535369944135,17.925,4.277153765999566,4.226339551836603,3.657077610896061,3.5242405803935264,6.495516365241704,1.981540679931641,13.063136596206803
GSE40279,8,GSM990292,13.436997819771804,33.925,8.473089065320723,8.15872997990226,3.352745671252291,3.0832989401168516,10.374270779137362,0.1482696533203125,27.232168718858286
GSE40279,8,GSM990293,4.917033102802337,5.025,5.782965867214292,5.7428956066582995,7.428049439951576,7.066708496326588,5.993651430614004,7.515995025634766,3.920526108696923
GSE40279,8,GSM990294,5.752032604990594,12.925,5.069844760754249,5.124765277870261,7.714038022287724,7.596704915832852,8.162783105017176,7.218082427978516,8.653573023979996
GSE40279,8,GSM990295,9.760979526726903,19.925,7.41685551727018,7.390809496905769,4.541142818902562,4.586317100895336,8.314463932024506,4.273796081542969,14.765255396148643
GSE40279,8,GSM990297,4.23122472455768,5.025,4.954700262883188,4.947836424558031,6.269931576884306,6.198488774891223,5.635494326563128,6.072528839111328,4.07754678320877
GSE40279,8,GSM990298,4.224015840003233,9.975,3.553083258994005,3.678919266119287,4.55211663320439,4.217338005254779,5.332223200804812,3.0493011474609375,7.613025363572612
GSE40279,8,GSM990299,12.206180692403812,30.925,7.621171131102464,7.472282594919614,3.09089525612177,2.918638528198867,9.692991718653005,0.3347625732421875,24.719632469348465
GSE40279,8,GSM990300,3.7445979297441356,8.175,3.2216110288181135,2.99026839590442,3.3736739818220762,3.19112026436402,4.132845721387467,2.958702087402344,4.362940505852835
GSE40279,8,GSM990301,4.3681246046670745,5.775,5.160669849244937,5.171138039694562,6.812942077610819,6.679007474980262,5.531958126171879,6.552196502685547,3.5300489866980245
GSE40279,8,GSM990302,5.163983617714402,9.075,5.810085234315979,5.805671077925003,8.035751017968126,8.066051334885007,7.751064723600086,8.1629638671875,4.864322633923206
GSE40279,8,GSM990303,5.846321251141016,13.925,4.697673664264011,4.591880872824791,6.454321277491512,6.358272367421808,7.587919391850714,6.1903839111328125,8.052427685325762
GSE40279,8,GSM990304,4.33499763270889,8.175,4.61009943145225,4.558683329987934,5.829774217873816,5.798174811297898,5.9505434821062435,5.923259735107422,4.207165185532625
GSE40279,8,GSM990305,6.578605203856893,16.925,4.131685004954713,4.070495333638299,3.172486769545805,2.895749630211214,6.820370980617424,1.3739471435546875,13.138411883932994
GSE40279,8,GSM990306,4.116303748575222,5.775,3.559582356386037,3.5454038210204972,3.5579284697191627,3.6962131634814996,3.4080839827144915,3.113555908203125,2.994910623881073
GSE40279,8,GSM990307,4.153604451315611,5.025,4.7710047826217,4.715503120771053,5.896560521520238,5.807967218579064,5.50338475758493,5.8589019775390625,4.476576964420802
GSE40279,8,GSM990309,14.569383835658968,23.925,12.226135429377866,12.201336836030228,9.15636763725838,9.229882348869696,12.98156972570269,9.746295928955078,19.217613886668754
GSE40279,8,GSM990311,4.475096087773785,4.075,5.244324359721643,5.155064874370426,6.497319591382476,6.520807954055835,5.7843552323852725,6.266559600830078,4.13213351228789
GSE40279,8,GSM990313,4.424950900510305,7.375,5.26856887240214,5.214632428875928,6.646733145762153,6.718007917349304,6.030962060424358,6.753425598144531,3.971319804774916
GSE40279,8,GSM990314,7.210258662498317,15.925,5.102210643911124,5.180118093974857,3.295498415660218,3.3004577276405223,6.181843216996762,2.2404518127441406,12.081265906987678
GSE40279,8,GSM990315,3.944315130398389,7.375,3.1901594734376504,3.147187629802549,3.225062962198412,3.320978444318726,3.052731658593543,1.8478431701660156,3.76274447001135
GSE40279,8,GSM990318,7.010974339421656,15.925,5.814591591732176,5.826424580170587,8.297152040519899,8.470436416659611,10.044277368362188,8.833442687988281,10.296614699577574
GSE40279,8,GSM990319,5.341162886480587,12.925,4.198941102092426,3.9479668342045904,5.185241353246249,5.105418554094206,6.462227955393256,5.242328643798828,6.554022903900472
GSE40279,8,GSM990320,5.982936312953226,9.075,5.196783002807872,5.267368421129017,4.424044061504565,4.57122191916852,5.140743504072734,4.674297332763672,5.796327453895808
GSE40279,8,GSM990321,4.454468616230548,9.075,4.306754648759678,4.331293391888961,5.7351791745522185,5.703527895934675,5.969354817920513,5.4854736328125,5.924309418045263
GSE40279,8,GSM990323,9.6686101262204,21.925,6.711418553157996,6.809581401867561,3.9723772425339723,3.648534178092403,7.185050323664041,2.430145263671875,14.517639362803468
GSE40279,8,GSM990324,15.928325319275444,36.925,10.623450435350238,10.429009336095936,3.633389123135882,3.6595607002905153,11.769941701953297,2.7848892211914062,29.78656848063607
GSE40279,8,GSM990325,6.999795070167002,12.925,5.415680610511563,5.436890963410659,4.1869287138333515,4.248062394158633,5.63086539435068,4.265106201171875,7.6074424452349545
GSE40279,8,GSM990326,6.620340782889795,14.925,5.681847438468225,5.719530260308391,8.852484040259572,8.899113599873582,9.71750050760348,8.433769226074219,9.916977379850248
GSE40279,8,GSM990327,12.50517103602985,25.925,8.978886938218409,8.794461005947621,4.439884162873059,4.314540413304989,10.40295994915557,4.897003173828125,22.036300779234274
GSE40279,8,GSM990329,6.929169684870312,17.925,4.283474015642369,4.235124708579824,3.1333776887874736,3.084115518445784,6.5284878992799715,1.4575424194335938,14.078987712203107
GSE40279,8,GSM990330,6.155250564425436,15.925,3.916549872691288,3.802807974527712,3.5322644651983834,3.4392741654766064,6.146606116960763,3.01849365234375,10.209898006215198
GSE40279,8,GSM990331,8.674178234311777,22.925,5.164638795864592,5.12939859734335,4.408480282754835,4.310782898692159,8.71654483889006,3.6806907653808594,16.022778508893108
GSE40279,8,GSM990332,7.38437708490566,4.425,8.997843829905104,9.002546912791576,12.206478723550719,12.207990777676821,9.59390552565793,11.681316375732422,4.035813695103211
GSE40279,8,GSM990333,8.279265219486202,9.075,10.065654839268491,10.090530938194096,14.507333846532513,14.605769146825205,12.216784925689842,14.280342102050778,4.484159219395055
GSE40279,8,GSM990334,4.642068398538436,9.975,3.47636898597034,3.4450104148809175,3.826865507815806,3.182831338045392,3.863143247400751,1.2218894958496094,5.592714685071539
GSE40279,8,GSM990335,2.9967130632924803,5.025,2.8433881669104624,2.95651566243076,3.1283520299865506,3.1531615867154246,2.617225645875894,1.1918563842773438,3.6488193613511397
GSE40279,8,GSM990336,6.319983273993319,7.375,7.60839987211236,7.661960887453667,10.725654687671542,10.771250230234788,8.745284334021028,10.696941375732422,3.724128857256363
GSE40279,8,GSM990337,8.16317623814298,4.025,9.890211767496021,9.90437346143764,12.758080404414741,12.73332792433096,9.668589684546657,12.36139678955078,3.801873294861141
GSE40279,8,GSM990338,4.085471882845849,9.075,3.0952864465809258,3.1484568583346464,3.005051139784291,3.000058315559689,3.5929186618829987,0.1901283264160156,5.963015244384231
GSE40279,8,GSM990339,5.368311177671282,9.975,5.857242955986875,5.820838878459548,8.272346796850254,8.283609441311736,7.853423038888293,8.289886474609375,5.29448465124824
GSE40279,8,GSM990340,6.26643383229648,13.925,5.612871026937201,5.732689204758128,9.040810948611504,8.989672630676846,9.468128397284541,8.21221923828125,9.420334739613704
GSE40279,8,GSM990341,4.508129368263591,10.925,3.276632979506742,3.1935347496059143,3.1642847009729165,3.083583335386017,4.345690310819341,2.045696258544922,6.276266540978196
GSE40279,8,GSM990342,3.908871108208859,8.175,3.928224044440539,4.207549563119765,5.409323898203033,5.045904465338481,5.285108070165561,3.922393798828125,6.237248285237112
GSE40279,8,GSM990343,6.934386469084207,17.925,4.270395450494661,4.1367300874865816,4.68834133630769,4.59269330933123,7.659671124904224,4.297355651855469,12.831428003093237
GSE40279,8,GSM990346,9.703993579863564,23.925,6.243528995770641,6.1277379581972085,3.051995453604273,3.0414673285349254,7.458349601030901,0.4236602783203125,18.694820533503776
GSE40279,8,GSM990347,3.646016224034907,6.575,3.928674625497571,3.9567022800818763,5.481045145940132,5.429653662531214,4.929675118102799,4.3130950927734375,4.717277934563639
GSE40279,8,GSM990348,7.7463243142761256,8.075,7.922981861438901,7.517608019067401,6.99873686482462,6.986453615053233,9.122108265436207,6.673271179199219,15.098920430620575
GSE40279,8,GSM990350,8.954600812067637,21.925,5.620054578906412,5.537433692770344,3.6375327619472757,3.49584929958609,6.750783972720325,0.5291557312011719,15.403315701834165
GSE40279,8,GSM990352,4.29202969487006,9.075,4.189112608466135,4.447267544388248,6.005339191207048,5.806946005944544,5.355829646114065,4.7223052978515625,5.79826848273078
GSE40279,8,GSM990353,6.31859352152553,15.925,3.959338794646,3.925221502258603,3.582537167056028,3.3099625612336894,4.957080285416017,0.5022506713867188,9.175069604357269
GSE40279,8,GSM990354,8.473203486036208,17.925,7.675997933822461,7.644533773154656,11.445038268056948,12.022194068997482,11.906417113467821,11.935295104980469,8.767092244038254
GSE40279,8,GSM990355,8.775878072820849,22.925,5.128941044769467,5.072129564436867,6.414197859482182,6.152499044006731,9.36566051604673,5.538970947265625,13.189114588666872
GSE40279,8,GSM990356,6.230514128807889,15.925,4.035532023801106,4.009561132542509,5.377432974556032,5.194041674706279,6.8577323370417655,4.395282745361328,9.199171184815967
GSE40279,8,GSM990357,5.91988867542876,13.925,4.762361810216271,4.578360643740348,6.842491296366584,6.797688549958418,7.7807269785609705,6.5445556640625,6.656204902368335
GSE40279,8,GSM990358,3.8016598776646076,6.575,3.1594673974588616,3.1616334965620867,4.626689435444306,3.4578938948526585,4.5077100939385835,2.1618423461914062,6.685733966991577
GSE40279,8,GSM990360,5.100470944469261,5.775,6.29591686823309,6.111262791789138,8.693725572975936,8.661360814252628,8.698627362295687,8.066070556640625,8.321656631474497
GSE40279,8,GSM990363,3.7403177992677756,4.425,4.464194037845655,4.344189645848155,5.702986946248292,5.586307664720709,5.6183524449701325,4.61767578125,5.530646882242291
GSE40279,8,GSM990364,5.102417645482828,5.025,6.315870305977625,6.1043605062295505,8.25670763830234,8.196331782897762,8.49562949106283,7.8828582763671875,7.5704681417099975
GSE40279,8,GSM990365,4.929368342010974,10.925,4.697180132229529,4.451239510367084,5.957370106182773,5.794704656633729,6.431714791929322,5.7154388427734375,5.058312236427216
GSE40279,8,GSM990366,3.2285899558358993,5.775,3.240743890076325,3.1466414947616084,3.704756441926173,3.385687802910959,4.114692781548266,2.917938232421875,4.792137696594361
GSE40279,8,GSM990369,13.895460764650432,29.925,9.908460972272428,9.78446434827424,4.846187740581038,4.828383675717306,10.990015669330933,4.423435211181641,22.888729176527228
GSE40279,8,GSM990371,4.155007119068513,9.075,3.877254405875005,4.065090520323908,5.197995215498037,4.995622291339794,5.137403328126058,4.078044891357422,5.592025609772923
GSE40279,8,GSM990372,4.306503005521251,9.975,3.1833901777282607,3.1964333954204003,3.5903800062312925,3.298804111773446,3.448408548968608,0.6105232238769531,5.0980286948348965
GSE40279,8,GSM990373,10.995591257676974,26.925,7.115797000621463,6.982937478297866,3.24472583860652,3.0449008233929176,8.95746457810851,0.7986984252929688,21.664800456295318
GSE40279,8,GSM990375,17.97607467296087,41.925,12.03789179151668,11.66856050386843,3.806768603947718,3.6286799376377017,14.106655136476519,2.819732666015625,36.19014019586996
GSE40279,8,GSM990376,4.201163565768711,7.375,4.814482095800104,4.764998382856701,6.263574080343919,6.208437435099702,5.339462023887477,6.061222076416016,3.6893159557305624
GSE40279,8,GSM990377,8.036917457171516,11.925,6.977486842385521,6.923077771842832,6.260217951364281,6.387305489716057,7.260645314830931,6.542640686035156,7.9254652673565005
GSE40279,8,GSM990378,8.25624523615372,4.075,10.253838816639433,10.372779483438956,13.32922619073974,13.255012395969093,10.84830390315334,12.875396728515621,5.878058530256892
GSE40279,8,GSM990379,3.8252949484255674,6.575,4.307815357536489,4.374996162020926,5.7673020618664665,5.4749905967722,4.859273403144908,5.000335693359375,4.146475179522801
GSE40279,8,GSM990381,5.115432327299173,12.925,3.4708204384021273,3.4792425252513426,4.019766173355687,3.7728112847182573,5.256477915873256,2.366371154785156,7.707215504888984
GSE40279,8,GSM990382,5.934311681396421,7.375,7.184513946116583,7.258965696987896,10.315316778131713,10.229664222664917,8.157210679188164,10.026847839355469,3.661235459433145
GSE40279,8,GSM990383,5.527006371515858,9.975,4.470714607152425,4.422528731459401,4.157065367621476,4.093559629746773,4.352392565286633,3.4363365173339844,5.41093179712584
GSE40279,8,GSM990385,6.0222937391063684,5.775,7.29067895012642,7.195462720072749,9.300154973357436,9.29714938697865,7.8673988269405655,9.74709701538086,3.0030024558773287
GSE40279,8,GSM990386,4.038890575777764,9.075,3.1358350654369698,3.225297676424136,3.3733066982183204,3.2518800559872587,3.3961756466956032,0.8161201477050781,5.674686947144876
GSE40279,8,GSM990387,3.741645241952169,7.375,3.8211783755165216,3.9387481760122554,5.007818271023271,4.977092165730708,4.7271007057801935,4.137245178222656,4.351135181478901
GSE40279,8,GSM990388,4.37270358453154,4.075,5.132353051774631,4.980095123684134,6.283542276807052,6.135653777231667,6.701739754884677,6.063922882080078,6.701652330087391
GSE40279,8,GSM990389,5.30522353689662,4.425,6.409084208387495,6.463372983005142,8.5490020034617,8.424712879305025,7.061103871972243,8.068912506103516,4.413374568907116
GSE40279,8,GSM990390,4.221194743029814,9.975,3.244833868379164,3.0963697036070092,3.9112663481780254,3.2423580684216717,4.76407823195246,2.7216339111328125,5.7786852745670405
GSE40279,8,GSM990391,10.227245758747987,24.925,6.692080350984741,6.427134166794393,3.719079011719182,3.341170461789102,8.928175137336442,0.8516883850097656,21.617712847989136
GSE40279,8,GSM990392,5.324430991794431,12.925,4.315073008605256,4.380704787195848,5.769564265598398,5.644105927393238,6.603179016781951,5.161090850830078,7.848680350605465
GSE40279,8,GSM990394,8.21839232187492,17.925,5.8681152294029015,5.7545377200917835,3.575006403718336,3.616424865123647,6.5031291882332285,2.7722740173339844,12.660584717993247
GSE40279,8,GSM990395,8.311336215994393,21.925,4.965616766174296,4.8824346178754245,4.485914724893879,4.367624335387578,8.257103043398113,3.5312271118164062,15.144242888019932
GSE40279,8,GSM990396,6.005210979831693,13.925,4.043144209535096,4.01425804918531,3.685815907978584,3.5665224638018223,4.6026824563016815,1.1069793701171875,7.632226510750753
GSE40279,8,GSM990397,6.198937569870111,12.075,4.695666648949626,4.544839124008579,3.3261686651753655,3.1184207347294213,6.101775222925609,1.2952041625976562,14.989950147465104
GSE40279,8,GSM990398,13.42340720526929,15.075,12.600299862192955,12.525725134521963,11.29972288171481,11.540363997629019,13.465486828317728,11.545272827148438,18.016298520819923
GSE40279,8,GSM990399,5.088512038557218,9.075,3.753234673056531,3.722895552871006,3.273690658962656,3.177884709256454,5.2497177237760795,1.0948257446289062,12.096944797842934
GSE40279,8,GSM990400,5.060791694992072,8.075,4.309011106542355,4.290896057562981,4.229661044417063,3.9579197623623714,6.263397778776175,1.916839599609375,13.028069886662147
GSE40279,8,GSM990403,16.70461619044312,14.075,17.146301543163155,16.963737343338046,16.93104922718947,17.408069676990102,17.961037029644487,17.432533264160156,19.184716307030573
GSE40279,8,GSM990404,8.2761931160853,9.975,9.890123254165635,10.409563707256794,16.033310432751954,15.449289367255659,13.347587316037794,14.323837280273438,8.403422539335555
GSE40279,8,GSM990405,3.020880321307369,4.075,2.885762606224873,2.8679374655495655,3.661433053370474,3.442882361402327,3.2442581124519436,2.0343055725097656,3.8891964304030586
GSE40279,8,GSM990406,22.482573769979457,17.075,23.619752275165958,23.54725420998133,25.16846186637329,25.114894396715844,23.28766830960074,24.901927947998047,20.712207562536282
GSE40279,8,GSM990407,2.8592142018022875,4.075,2.626517907942718,2.529873257711845,3.346456273235441,3.0137250953633563,2.872058027655666,1.0164413452148438,4.385961295299575
GSE40279,8,GSM990408,3.5270946361611735,4.125,3.663369121759872,3.9639243251996747,4.838044066231355,4.494564972438673,4.0239975288046566,3.1330718994140625,4.917397002356192
GSE40279,8,GSM990409,16.7167654961118,16.075,16.680500857883274,16.46645777576195,15.22844941059833,15.642797416475556,16.876572340098605,16.234512329101562,20.824685111920218
GSE40279,8,GSM990410,6.021217437555651,11.075,4.592213247882112,4.688178327301087,4.107815477239803,3.823503347465896,6.018671745628025,1.869232177734375,12.731347481901917
GSE40279,8,GSM990411,3.1121175475952496,5.025,3.2406301494224095,3.343225898842088,3.771417846615841,3.5512157128799564,3.50834332327727,2.564781188964844,3.91271041029375
GSE40279,8,GSM990412,12.494775453768128,10.075,12.99787986207275,12.959854007978794,14.058242210963769,13.907699869396714,13.308218605629119,13.094932556152344,13.419337711068035
GSE40279,8,GSM990413,6.275068776663334,14.925,4.242879523463907,4.185349698736462,3.384000155965402,3.3307975863461747,5.169571911010081,0.7149467468261719,10.109933496508319
GSE40279,8,GSM990414,4.044499670409818,9.075,3.1288283010258073,3.179215302969297,3.8947125661274042,3.4786614894881636,3.5146993607042774,0.6741714477539062,5.431323217039835
GSE40279,8,GSM990416,5.71037432905759,7.375,5.2433602307831055,5.06757024714924,5.076315603683376,4.8411066172511426,5.838176159343676,5.1518707275390625,6.462203841206022
GSE40279,8,GSM990418,6.04824811534972,4.125,6.995244955195787,7.271667779258874,8.863958876639929,8.380363493939827,6.909294279468422,8.064277648925781,5.460868948539031
GSE40279,8,GSM990419,5.394470155952009,8.175,4.49955504030274,4.360699142777595,4.536799087721891,4.301247380559163,5.48000643365592,4.1794891357421875,6.457627326682666
GSE40279,8,GSM990420,4.8778719433014075,4.425,5.7385014315921365,6.0143784981979005,8.91272324355615,8.574121277323375,6.897802605077875,7.251270294189453,5.381417602399117
GSE40279,8,GSM990421,12.861388700407312,21.075,10.721478032541073,10.553878030329187,7.143088512950063,7.198984987884505,12.427550675246742,6.9873504638671875,24.494895318872906
GSE40279,8,GSM990422,18.27643530845436,6.325,20.982827894135873,20.81923501985831,23.168734614852603,24.883072750001027,17.93680647035141,24.83191680908203,8.335973130713933
GSE40279,8,GSM990423,14.102432324434792,13.075,14.471841827875437,13.854759560582309,11.918537952857445,14.525177761367654,14.75317495317066,13.855117797851562,23.478639931395385
GSE40279,8,GSM990424,5.134086897978395,4.025,5.10196892438782,5.150213092752241,6.442587967443664,6.420535667359646,6.106984685673016,6.490997314453125,5.791215903297633
GSE40279,8,GSM990425,3.7520178782220577,4.025,3.9975767287110413,4.0809228694695925,5.372566817327113,4.894081012977583,4.626065754213911,4.054420471191406,4.969343508046562
GSE40279,8,GSM990426,2.974929127511639,4.425,2.9227481132595656,2.804743032900032,3.6758512070219878,3.3789550163364526,3.1559537950729126,1.658721923828125,3.63147719799786
GSE40279,8,GSM990427,14.975183006105315,22.075,12.815909220414653,12.54113223715533,8.921949548506097,9.448770400198763,14.022316921509178,9.779548645019531,25.40313657961499
GSE40279,8,GSM990429,6.403037425273273,11.075,5.064779927958908,4.899718420580704,3.441472951336679,3.2419182070333625,6.254008064960955,2.6216049194335938,15.092644498826953
GSE40279,8,GSM990430,7.711123629148607,10.925,6.7528135462196275,6.615880257389998,5.91124649948374,5.838207557195572,6.9387438019008645,6.558006286621094,7.149125069384283
GSE40279,8,GSM990431,14.33693196260736,8.075,15.682289061896483,15.505879182679923,16.624746346251356,17.157765464662898,15.909816549902285,17.276535034179688,14.01512569647872
GSE40279,8,GSM990432,5.862430158062836,11.075,4.573421386596769,4.402249982862814,4.018468475439035,3.014201795143112,6.818290136596863,1.365264892578125,16.42910334771856
GSE40279,8,GSM990433,7.538631917433231,18.925,5.147062413790767,5.342464622285091,8.572561566917312,7.869476256188156,9.736154106937324,6.926597595214844,13.488892962299653
GSE40279,8,GSM990434,16.69419028064178,24.075,14.435314203079349,14.322554299640377,11.428847162989728,11.599941302579616,16.501089330295816,11.32757568359375,27.155142013289872
GSE40279,8,GSM990435,3.4486278726356288,4.075,4.022731509369129,4.370968091297992,6.460430583108602,5.742377984205033,5.355164894411428,3.712066650390625,6.181387167679953
GSE40279,8,GSM990436,4.261258040658537,9.075,3.2145302103927365,3.3261362330109088,3.590590923291802,3.435130076194112,3.6836420604753597,0.8336906433105469,5.481216981440477
GSE40279,8,GSM990437,13.497667672148754,8.075,14.83059716516515,15.002813499281746,18.226800298467566,17.53787317079658,15.726838682109346,15.926151275634766,12.875144014287832
GSE40279,8,GSM990438,6.719772552447459,11.925,5.218898229741736,5.289716474287826,4.98931403029114,4.663620262853465,5.634432448437694,4.423927307128906,6.707887682450121
GSE40279,8,GSM990439,7.208130139430594,15.925,5.609470644527798,5.343147489619072,3.7736936798816103,3.532069098835153,6.7308417431329985,2.2350387573242188,13.444174665675712
GSE40279,8,GSM990440,3.706177909901757,4.425,4.170978373048824,4.0911515213813505,5.030195963626829,4.904072094763199,4.745578163569493,4.5237884521484375,4.3008467300897815
GSE40279,8,GSM990441,4.774233250024057,5.525,4.846859499660952,4.697595701751992,6.096182258164452,5.574927605958774,7.208820122341459,3.6061325073242196,10.880087839726363
GSE40279,8,GSM990442,8.190111532394978,4.425,8.346302457854474,8.29777993467813,9.183138492365119,9.314093252727663,8.177783975830412,10.565345764160156,4.938536017757958
GSE40279,8,GSM990443,7.617083664328999,16.075,5.366805912774122,5.355696605482467,3.803201196228097,3.585609035060272,7.370122201228509,0.87701416015625,18.579403821976307
GSE40279,8,GSM990445,5.39832379052409,10.075,4.0326026791775,3.9548312414645794,3.1635434588246225,3.1413020684870836,5.236069791922482,0.916839599609375,13.000203507488113
GSE40279,8,GSM990446,8.554695483164867,14.925,7.135647839437726,6.834528355277557,5.334330591854957,5.12780312227302,7.777309436743515,5.54913330078125,11.695250801605482
GSE40279,8,GSM990447,8.024428868121756,4.025,8.382462693481957,8.641209258099444,11.7178768954608,10.735743319029208,9.915561622194204,11.223396301269531,7.536511022723465
GSE40279,8,GSM990448,6.16553355656133,15.925,3.943414972273846,3.8769164052249585,4.244472444266435,3.78529989800491,6.706631798260178,2.6617164611816406,10.953004725208938
GSE40279,8,GSM990449,8.205685323814627,4.925,9.128829958793883,9.119194762439074,10.294810786886448,10.065676175402547,8.838094415103342,9.847328186035156,8.909707496202412
GSE40279,8,GSM990450,13.921657524813574,19.925,12.334328729245833,12.23400053272301,10.380537016487839,10.668096438246867,12.724435694261695,11.139698028564451,14.497395443226761
GSE40279,8,GSM990451,4.052071637654087,8.175,4.051100019574277,4.045974616787808,5.5419855966377245,5.3022103312279985,4.91800061268026,4.594947814941406,4.107296455996179
GSE40279,8,GSM990452,19.88701032466701,7.375,22.838363688055125,22.970948719770135,28.75898309165825,27.907380423534857,21.236413107458795,28.147262573242188,6.18766084236464
GSE40279,8,GSM990453,3.9022082379376415,4.125,4.243411536648699,4.1504675312648045,5.895772634235284,5.312940343324996,6.096099244616143,4.0670623779296875,7.448669574797327
GSE40279,8,GSM990454,10.986324249560598,13.075,10.008138972344067,10.214171735237123,9.039348781104128,8.784412327376787,9.875097133393021,8.841506958007812,14.664884731562557
GSE40279,8,GSM990455,14.5471429256751,11.925,14.45159960868059,14.556792915747755,14.451787939694873,15.138143551011813,13.592685689957975,17.016281127929688,8.945020916706772
GSE40279,8,GSM990456,5.662551694368302,11.075,4.536987289310724,4.5608533653500745,4.791368013301065,3.9993938430093046,7.336559052142121,0.55328369140625,17.504306083330825
GSE40279,8,GSM990457,9.755948578434205,14.075,8.637107762807739,8.540877401330464,7.367447682941195,7.254472166957166,10.367117704785228,6.2530364990234375,18.172916625862687
GSE40279,8,GSM990458,4.28549616506174,9.975,3.1782595333258783,3.135876748416478,3.637534235972815,3.2447339519070035,3.411242066539591,1.1328277587890625,4.6861771456463375
GSE40279,8,GSM990459,12.16568501870325,7.175,13.227396392495558,13.15467281566479,13.685694209720285,13.950115922322933,12.957152651925615,14.392326354980469,12.21245133403573
GSE40279,8,GSM990462,10.398216068711148,4.275,11.48705395166226,11.267034456018505,15.011282326529201,15.19086796090669,12.464985023503289,15.729995727539062,5.433526939459898
GSE40279,8,GSM990463,9.054647164611756,9.075,8.799254001921502,8.580536497967342,7.108412549620783,7.389425562034871,8.819164793474437,8.169326782226562,13.712816261758254
GSE40279,8,GSM990464,4.809758417204171,11.925,3.4144558592271976,3.5477752396491504,3.5982897665495543,3.3301367383708538,4.805938357477155,1.2988739013671875,8.60718411339323
GSE40279,8,GSM990465,4.62286712383123,4.025,5.37987368640156,5.369461579940699,6.765962244729674,6.615380114794545,5.12351394398557,6.2705535888671875,3.7196609744157585
GSE40279,8,GSM990466,4.367622270218502,8.075,3.0650946491726905,3.149837208839476,3.2232818622022066,3.164426368525322,4.6178447470028186,0.991424560546875,10.742821684765108
GSE40279,8,GSM990467,11.203883719938432,21.075,8.401529761827643,8.482932366983079,5.587340234650826,5.339643671011287,10.434741562764804,4.3210296630859375,23.559573391079248
GSE40279,8,GSM990468,11.2741550232213,4.125,13.442103458392802,13.576968105511952,16.416617593866874,16.459651164007933,12.80967265441248,16.610763549804688,5.391290848822713
GSE40279,8,GSM990470,10.889387891916686,12.075,10.283037038495237,10.316546611199316,9.13969842861616,8.720971230170171,9.729503291631357,9.294654846191406,13.622177466957925
GSE40279,8,GSM990471,4.408228672158119,8.075,3.056745748806467,3.1051941629896147,4.3916551732428974,3.5966296110492086,5.1160520096810185,1.98272705078125,8.439129698857483
GSE40279,8,GSM990473,4.59790990111561,7.375,5.3843535792242125,5.470913133829154,7.557861861327728,6.96126897063956,6.611421970675684,7.275901794433594,4.949865158881399
GSE40279,8,GSM990474,6.254811419072181,15.925,4.213590174228565,4.3388158841789775,5.664319931468403,5.170082042315898,7.802376763943229,4.8379364013671875,11.204583039946304
GSE40279,8,GSM990475,3.6645064531913816,4.125,3.773890771092547,3.926830465042208,4.998104492398086,4.473291081471979,4.276478505404135,3.4973373413085938,5.217339456246406
GSE40279,8,GSM990477,4.240536920080387,4.125,4.55606403345296,4.441207454104419,4.837496423038639,4.6889442675876705,4.494146915443446,4.831520080566406,5.073618114991918
GSE40279,8,GSM990478,6.98893303315694,4.425,8.321037635846235,8.436247323035435,11.030749895081648,10.774226879624377,8.270532859851675,10.994434356689451,3.2361361760171845
GSE40279,8,GSM990479,8.880760006802083,22.925,5.454272704142673,5.36695348037964,3.1433009487800354,3.1102475057965715,7.558680660673405,1.0174102783203125,16.827181677173172
GSE40279,8,GSM990481,11.407625490713759,8.075,12.207867478270819,12.012225965296896,11.889227590616528,12.26841228704022,12.172401951674862,12.563758850097656,13.096004575082423
GSE40279,8,GSM990482,7.732842472709263,8.075,7.838172455526527,7.743577687961502,8.395098756507016,8.0193726377091,8.510796376446608,6.651802062988281,11.230262057479743
GSE40279,8,GSM990484,4.902978843305279,4.525,4.945545282943683,5.032781637969113,6.0963864274693425,5.743327866723675,5.140338116969357,5.11956787109375,5.601068978118795
GSE40279,8,GSM990485,7.49742129998602,15.925,6.923856841312071,7.040325146069925,11.149655762873888,11.000631002517249,11.52086617496553,10.610679626464844,11.072434496700016
GSE40279,8,GSM990486,7.076110937854814,16.075,4.46243893345588,4.407089520726559,3.2521287314293454,3.0739903519476997,6.94139011509201,1.186614990234375,17.96669969130404
GSE40279,8,GSM990487,4.54044997761324,10.925,3.3581852355307604,3.495663147043048,4.094456753451608,3.6488300712864072,4.7026937432831355,1.243976593017578,7.879363023191734
GSE40279,8,GSM990488,2.9944145827342847,4.025,2.774576826931103,2.7443001859381626,3.291108755324301,3.2324030073838714,2.8650286283406823,1.4867324829101562,3.574121644666763
GSE40279,8,GSM990489,4.90513735239958,6.325,4.2807282665148225,4.627134782729331,4.930677288996574,4.513947582979734,4.724950371171854,3.1948394775390625,7.432768314429778
GSE40279,8,GSM990490,15.624540382755816,34.925,10.650225545958707,10.40627093260768,4.05069488938786,4.083602379272526,12.343247173356252,3.814006805419922,28.761366755115386
GSE40279,8,GSM990492,7.80169682964098,5.525,8.083894675803135,8.236952148428285,8.87665919575697,8.256952931690874,7.176762499694993,8.588905334472656,6.279714783661733
GSE40279,8,GSM990494,14.584477626018387,4.925,16.793575888542602,17.038763377290756,20.38854546886373,20.462428771729513,15.730536456045822,20.10997772216797,6.368178828772676
GSE40279,8,GSM990495,7.661311292996636,10.075,6.788426676788696,6.733981655391868,5.828132719092382,5.705356524103919,7.654347551931413,5.3187103271484375,13.080043733629969
GSE40279,8,GSM990496,9.034328930488678,4.025,10.902129554708601,11.041282886019115,13.447136936101563,13.391085168990841,10.40189391069921,13.444965362548828,4.44260100047444
GSE40279,8,GSM990497,7.128275931788795,15.925,5.201835857155352,5.019325565730756,3.6007962141498595,3.683745599271975,6.972601945265038,2.0368919372558594,13.221382166042975
GSE40279,8,GSM990498,7.253930833774854,5.025,8.805679697919661,8.776995543232367,11.666156948931945,11.580736421261332,9.009477419822469,11.671077728271484,3.2452396723395074
GSE40279,8,GSM990499,21.864850185411832,40.925,17.217608865860946,17.115521475770095,11.00785637072959,10.96587557006524,18.44417627460929,11.13375473022461,33.60363455225866
GSE40279,8,GSM990500,21.801766784525114,38.925,17.28671971225117,17.136895559695933,10.431439972491049,10.681375542530622,18.667691612172092,12.249500274658203,33.880078265431536
GSE40279,8,GSM990501,14.650096900400325,23.925,12.364725471376008,12.512958158300924,9.635538855928113,9.669291625516639,12.391043170958097,9.876296997070312,17.25485179860673
GSE40279,8,GSM990502,12.037236246169329,26.925,8.331116658072283,8.071283218790144,4.110347714665264,3.9886445028107884,9.761818416540683,3.1273269653320312,21.113459204260714
GSE40279,8,GSM990503,11.292527519889235,22.925,8.46137610317119,8.463123106471526,5.011135786445172,5.181426539637435,9.554833219791352,4.9082794189453125,17.920570213149222
GSE40279,8,GSM990504,18.391096553124576,40.925,12.654206143332537,12.399729183512418,4.705212279245757,4.7816153041560945,14.825269454942921,4.482282638549805,35.160653306695195
GSE40279,8,GSM990505,12.101688966240257,19.925,10.335072186714253,10.221412564462025,8.300532379980892,8.498931980602517,11.61405438214137,8.211776733398438,16.44952066441334
GSE40279,8,GSM990506,5.601989572427714,11.925,4.0696422264854295,4.037340088919052,3.879578277236754,3.5893177706753,5.163069788449507,2.189849853515625,8.755033630202785
GSE40279,8,GSM990507,19.342250453107614,33.925,15.746022598803659,15.514093948336827,9.881003863245107,10.143222003785286,16.389864475401364,11.336814880371094,28.321253675314278
GSE40279,8,GSM990508,9.7416834748752,4.125,11.7991889524877,11.820467437220845,14.592414273362383,14.671311127333135,12.299176552463717,14.13067626953125,7.417218500539041
GSE40279,8,GSM990509,9.342051458707143,11.925,10.67587915057268,11.062681895374956,17.117424933478542,16.85975022911109,14.643982144771854,16.176864624023438,10.357369329122896
GSE40279,8,GSM990510,8.170121855988757,20.925,5.3037643094963345,5.387103278318748,7.6804094772788645,7.621177405396206,10.455563603462148,6.9810791015625,15.20273680446744
GSE40279,8,GSM990512,3.8473168730740577,8.175,3.5083088429504783,3.3239692323542114,4.197136551593919,3.8795479433171414,4.810443499041084,3.633819580078125,4.799175415083289
GSE40279,8,GSM990514,3.7439908370272676,8.175,3.251433980010122,3.3194227512695833,4.493750870419312,3.802631501666302,5.471879830755255,1.685272216796875,8.248592037292152
GSE40279,8,GSM990516,5.3409813206813945,12.925,4.228065840851227,4.0703025666764905,4.973367492712086,4.782966206168277,6.570385260455528,5.2407684326171875,7.2130332939727335
GSE40279,8,GSM990517,15.970669325089295,35.925,10.85770449279213,10.549511452108007,4.564688015876923,4.491065232940687,12.914684749932366,3.692085266113282,29.32799650094153
GSE40279,8,GSM990518,18.60417069031012,44.925,11.538703470620188,11.207629753651002,4.133845722477359,3.501479111363596,14.125882899452582,1.625619888305664,37.286489193943936
GSE40279,8,GSM990519,9.584489764620676,24.925,5.781341751978671,5.713668274325785,7.518627671285529,7.608542780330407,11.508306038167216,7.35052490234375,18.412463880608886
GSE40279,8,GSM990520,9.062789263145179,20.925,6.856975993694624,6.927292968923264,10.626477621229917,10.894088182563689,13.271629097183482,11.297767639160156,15.807903993471484
GSE40279,8,GSM990521,9.68135791161841,23.925,6.1118129164893205,6.138337922487683,2.7736210244209527,2.681840775810825,7.4210766157597305,0.3501205444335937,18.590684293588076
GSE40279,8,GSM990522,13.606919896045742,30.925,9.352562133204875,9.277292448272215,4.2537914735073254,4.04094371026629,11.247207005662426,3.0173568725585938,25.65334309270981
GSE40279,8,GSM990523,17.642336618699193,40.925,11.802640573078586,11.72895127454527,4.75039815009967,4.492402490429617,15.210773855019283,2.9666595458984375,36.079774722789324
GSE40279,8,GSM990525,19.628715117868342,39.925,14.696957806204669,14.526605567186744,7.960235560710475,8.146806452694957,17.499671743474718,7.809806823730469,35.888884343966765
GSE40279,8,GSM990526,11.462480022123634,16.925,9.705518481832826,9.855608238137568,8.022348984954808,7.90819684935652,9.573715133604425,9.009536743164062,11.055053469611142
GSE40279,8,GSM990528,25.757400581445893,48.925,19.511095160420293,19.381767456502,10.094989422595194,10.230701916284024,20.968026108828496,12.52548599243164,42.326130489480676
GSE40279,8,GSM990529,14.608103714576226,23.925,11.813828890718163,11.848091415435025,8.242611139705893,8.307154153927051,12.605831129366582,9.808700561523438,19.242052158252218
GSE40279,8,GSM990530,17.273066361459282,18.925,16.52071430847434,16.69708952505369,15.425670694984708,15.487583981443825,16.09884228718914,17.14032745361328,14.646537288823149
GSE40279,8,GSM990532,11.7298145626973,23.925,8.57193951831985,8.423921715605381,4.558553592508199,4.42181911687817,9.707427020219253,4.971427917480469,20.179092171703033
GSE40279,8,GSM990533,4.382334163704495,6.575,3.583358642804697,3.61859508828647,4.2582497176883525,3.975757114024605,4.05685264173241,3.2791290283203125,5.491362151505224
GSE40279,8,GSM990534,21.82888079788652,37.925,17.603324799176924,17.400389328149792,10.618939651295488,10.818491381480534,18.63726866272854,12.901939392089844,34.149810745046786
GSE40279,8,GSM990536,12.547482080827233,31.925,7.801086124204349,7.628914824208761,4.022195524450195,3.5191326282525197,10.950641150283788,0.49658203125,28.239004816227737
GSE40279,8,GSM990537,21.734464904684497,42.925,16.236008436005157,16.07318255573837,7.552438969019363,7.635538503205777,18.04005387165183,9.60708999633789,39.08785250457936
GSE40279,8,GSM990538,18.042174051129294,31.925,14.40849534919975,14.42656413926465,9.140957552162131,9.160964387566514,15.371315498633157,10.463088989257812,27.343334434792865
GSE40279,8,GSM990539,23.13957370536324,46.925,16.897370791129998,16.604699493947287,7.573006183231859,7.473851872098891,19.15990169623273,9.16357421875,43.148861065920606
GSE40279,8,GSM990540,17.934211326930086,27.925,15.258803354506899,15.07339378949471,10.226136451685907,10.38545811045888,15.771398696068706,12.72454833984375,25.580576948864653
GSE40279,8,GSM990541,26.18608796898896,45.925,20.84016904997763,20.651672223712033,12.27289581476362,12.663346454201564,22.223265520006848,15.04150390625,41.5407327437923
GSE40279,8,GSM990542,15.477073745507402,31.925,11.38978547952855,11.230995300155175,5.5596549489541776,5.252757624944141,13.487019330086804,5.981529235839844,29.585827454310227
GSE40279,8,GSM990543,9.24280794601923,9.975,8.802288898824719,8.625652159380348,7.6529125279592165,7.605512626568779,9.238693784386996,9.502227783203123,10.31908202302488
GSE40279,8,GSM990544,6.831589291375279,15.075,4.563642229467275,4.620659110312566,3.198910913736974,3.1896300402591855,5.842983267773063,0.47801971435546864,15.095665853356007
GSE40279,8,GSM990548,6.366041212942412,4.075,6.127064403321534,6.2804478219898785,6.75952655346114,6.69312159131438,6.061047379955327,7.8881378173828125,3.8471031156567443
GSE40279,8,GSM990550,15.718896533897425,14.075,15.908338866007986,15.890842868705272,16.0339409305664,16.103843679572982,15.927298428854144,15.846878051757812,16.10135826120124
GSE40279,8,GSM990551,4.07807237951733,5.525,3.16500629419483,3.199435839428188,4.061774723550081,4.115487312768853,5.1178498476039636,4.035469055175781,7.883023886559725
GSE40279,8,GSM990552,4.9911251242582875,9.075,3.8577698323327696,3.775101372029268,3.2739213564963072,3.2497620688888795,4.085954738290255,0.699066162109375,9.284696580914034
GSE40279,8,GSM990553,5.533368193626108,12.075,3.678292452598862,3.5606019631643675,3.4612656213743422,3.6132357589402453,6.274504802346561,2.8086090087890625,12.954261493193581
GSE40279,8,GSM990554,13.493467288647704,11.075,14.048552347777331,13.910843667720922,14.756201618051033,14.769118404360919,14.088919274213296,14.092910766601562,13.451684554523746
GSE40279,8,GSM990555,3.548028699666274,5.525,2.853738050636069,2.913058580104697,3.4756854676521995,3.4121954085846937,3.9039351321968803,0.826171875,8.00888099707224
GSE40279,8,GSM990557,13.183149962680522,17.075,11.91645442652225,11.979358947642528,10.673337533531694,10.63207834703095,12.168115150566402,9.940475463867188,16.231707057083792
GSE40279,8,GSM990558,9.071804645137979,23.075,5.3228220282941106,5.489653488739131,5.761059610110368,5.534799242197437,10.840214447078871,5.902168273925781,21.5782166517912
GSE40279,8,GSM990559,7.956237467024136,17.075,5.957492169003361,5.709882654852686,3.985255573213103,3.4670175279507958,7.528412438479646,0.7062301635742188,18.027949105404936
GSE40279,8,GSM990560,10.461808798262506,18.075,8.308575382483692,8.095782253262376,5.567789903692602,5.335569608943009,9.797461246021344,4.95391845703125,19.284039295115683
GSE40279,8,GSM990561,6.60700941602159,6.325,5.929680483051706,6.046937520173072,7.990655408844759,7.920487492015122,8.174977981227688,8.977088928222656,7.434970490309439
GSE40279,8,GSM990563,8.827228719542891,19.075,6.576965799775837,6.378519350200849,3.659919768686673,3.5197184416434872,7.682482638147844,0.8541107177734375,20.103265337276085
GSE40279,8,GSM990564,4.396079528965883,8.075,3.2377113843035352,3.0994971301902714,3.755042662629072,3.0378510346154686,4.602093723356688,0.623046875,10.222538519628632
GSE40279,8,GSM990565,9.965146275875304,13.075,9.920076761177393,9.57587739974716,9.901570230106447,8.685936418331536,12.447882352036832,7.1988372802734375,19.41710174355401
GSE40279,8,GSM990566,5.67093405360928,9.075,4.60514365786271,4.670229501259563,4.173500714360296,4.2087128012988195,5.1376345376272745,4.1682281494140625,6.720800479113002
GSE40279,8,GSM990567,3.5623210960869036,5.525,2.8267245636849405,2.7835967991602897,3.403856095430797,3.2929843367684923,4.62400548891465,1.0552825927734375,10.18489599723526
GSE40279,8,GSM990569,8.242989180870191,17.075,6.208580579391211,5.948888903713659,3.027316194223001,2.8569779597155227,6.349280715033279,1.4346160888671875,16.702955274899118
GSE40279,8,GSM990570,2.8608249553611413,4.125,2.722257654505762,2.928807312348153,3.268291628412352,3.2915037195997585,2.1844727413784764,0.0271682739257812,4.027837398748504
GSE40279,8,GSM990571,17.24376063836913,17.075,17.232478022750744,17.229146206542755,17.909285422838323,17.918574714556133,17.42941429969657,16.473663330078125,17.964192033651138
GSE40279,8,GSM990572,7.83464192083729,17.075,5.556724329587804,5.334718706502048,3.2177873808633257,2.94994468276158,7.214412717108675,0.3972625732421875,19.06064521299558
GSE40279,8,GSM990573,6.967799771618108,16.075,4.530861566221127,4.270484524651247,4.440875909258388,3.2664406015050544,8.534602284426931,1.9102783203125,18.86884324205774
GSE40279,8,GSM990574,11.606934372225764,15.075,11.339825383639639,10.965270301645807,11.112406712583262,10.383769198115875,14.353448680787398,8.622817993164062,22.52218981955574
GSE40279,8,GSM990575,9.778708041328395,4.025,10.131481743665525,10.201125959381406,11.315935650526153,11.560283333359562,10.202235332308234,13.785652160644531,5.891197216975688
GSE40279,8,GSM990578,7.769707824592911,19.075,4.800487701829176,5.07878633700601,5.401279931776843,5.116003604524277,9.286543469636777,5.445831298828125,16.736785117844637
GSE40279,8,GSM990579,10.40806449578385,16.075,8.493187884183806,8.62831174755608,7.176122939778241,6.884972026088585,8.904253967165417,6.085052490234375,15.131984080891176
GSE40279,8,GSM990580,7.136168396654019,14.075,5.406184634749709,5.186184241702042,4.705708844285077,2.758120312402751,7.5454400965498865,1.71893310546875,17.220306400361196
GSE40279,8,GSM990581,13.873202586055672,25.075,11.180645126783379,11.011526189684075,7.8377215782177645,7.598735887118164,13.293094231319657,6.1806182861328125,26.895186516838873
GSE40279,8,GSM990583,5.698251511199029,12.075,3.759331712056136,3.7782622832367467,5.307922291785685,4.8678595225597405,8.35761508409561,4.268829345703125,15.870295527670189
GSE40279,8,GSM990584,12.709110928095537,20.075,10.765386072049433,10.825980132205748,8.655392829131086,8.503204072583818,11.694916543687523,7.351654052734375,20.495878382571412
GSE40279,8,GSM990585,3.5344681815869357,4.925,2.90600915557448,2.916884292668382,3.908321923511648,3.34528101662483,3.262738862935997,1.15606689453125,6.304414086044558
GSE40279,8,GSM990587,4.761117754623024,11.925,3.679507900104769,3.647883670306476,4.936583257734567,4.879280112186184,5.970284877838337,3.4713821411132812,7.992889030507541
GSE40279,8,GSM990588,11.178040859008869,24.075,8.084367816532842,7.8417696047118906,3.465187287122535,3.27493979658123,9.557721689983845,1.6664276123046875,25.41470419920548
GSE40279,8,GSM990589,5.04167924020089,10.075,3.5176637602527334,3.536814917537375,3.160286881120226,3.100980787780786,4.571805668215431,0.7291259765625,10.15241177141926
GSE40279,8,GSM990590,3.474373302860023,4.525,2.9403974058562548,3.0237863245522396,3.9647447972315404,3.820189962926243,5.047278021824373,3.0895309448242188,7.753366306754906
GSE40279,8,GSM990591,22.856238156544265,21.075,23.459560423769602,23.43909303791475,24.564737770130126,24.296186093221785,23.794725420076805,23.067916870117188,24.08924722562258
GSE40279,8,GSM990592,5.793622130877311,13.925,4.721877581706228,4.712776927283885,7.706995496000021,7.601210277865891,8.546304983849002,5.937294006347656,10.905153661275921
GSE40279,8,GSM990593,2.813492881568408,4.075,2.7052491097763625,2.8198148003498806,3.5704360057431885,3.4855921518776953,2.531958180992457,0.1958160400390625,4.138471818162053
GSE40279,8,GSM990594,4.905087090636885,7.175,3.5825681305936294,3.669342667022865,6.491650347616586,5.446666391107377,7.427627855522462,5.117042541503906,11.810607025980774
GSE40279,8,GSM990595,14.29082014946447,22.075,12.432966715286899,11.730019079752752,8.56646102001372,9.326837897342608,13.194188897139298,8.678535461425781,29.407115006660526
GSE40279,8,GSM990596,3.136376242766217,4.075,3.385404345955633,3.4829467147999855,4.707827832739279,4.508829719383533,4.18852396284417,2.628559112548828,4.658333487260075
GSE40279,8,GSM990597,8.290298220711197,9.075,7.108439302919921,7.255593220436995,10.583295742256375,10.473039212211653,10.479455260398595,11.31781005859375,10.12093902074706
GSE40279,8,GSM990598,6.69023911738808,14.075,4.960699551149134,4.6720523439108055,3.2135680999579472,2.9998403813797885,6.542527937445622,0.41729736328125,17.527059528695506
GSE40279,8,GSM990599,8.271297298246072,4.425,8.406046591654906,8.6227248857667,10.95286180434138,10.534090101425734,9.14897221004411,10.697967529296877,4.642547835786557
GSE40279,8,GSM990600,8.462094382993282,9.975,7.704632247523773,7.841742399547568,7.649344380907914,7.629080212613007,7.56543799683231,8.236030578613281,6.578376726459245
GSE40279,8,GSM990603,3.9022111459155853,6.325,2.817720457342075,2.7809677318686084,3.5434890688779284,3.605008909409359,4.640231876608096,2.2869415283203125,8.832895115538756
GSE40279,8,GSM990604,3.742930349272599,4.125,3.3644206700239154,3.4980908027581803,4.411321404133741,4.2704608288417605,4.366872968027407,4.007286071777344,5.486046540435909
GSE40279,8,GSM990605,6.747568632146096,15.075,4.7112027830700605,4.57894617693376,4.01526316968917,3.0893730258545515,7.377876084009465,1.0396194458007812,18.076362993531983
GSE40279,8,GSM990606,6.469181779421544,15.075,4.283057761084528,4.474807241763935,4.383157784611596,4.0227460628657115,8.021180912865326,2.91845703125,17.20153728210031
GSE40279,8,GSM990607,12.919828412721134,4.275,14.065392721753067,14.21065200179695,18.308516600854794,18.21143935877418,16.217028774571528,19.85877990722656,8.825829296440443
GSE40279,8,GSM990608,11.359265043706486,5.025,11.99500963105859,12.183270169776927,13.575876835846092,13.524585687864592,11.599770063498664,15.444076538085938,5.246549596232569
GSE40279,8,GSM990609,22.232134909806852,17.925,23.015035538298452,23.2985580998067,23.972528680595445,24.122767414935417,20.851143260538002,25.72747802734375,12.714596229254019
GSE40279,8,GSM990610,15.823768603223893,6.325,17.337150216275628,17.9484531209685,24.64170112545929,24.47493731294782,20.60930046689206,25.368064880371097,12.861114916766109
GSE40279,8,GSM990611,2.8559593194521598,4.125,2.6545922547280774,2.6278945065644193,3.795355555221164,3.3857047474246578,4.410233591158331,0.7241058349609375,9.218480685129517
GSE40279,8,GSM990612,9.054339813474275,18.075,6.140670417756167,6.376654444555729,8.35397043174182,8.065157183922373,12.910654403126122,9.401199340820312,20.408652551143973
GSE40279,8,GSM990613,2.9100195264500774,4.075,2.851626543504486,2.914401980155056,3.9356998231159785,3.699952746807668,3.3811749888173734,1.234161376953125,4.652782649786864
GSE40279,8,GSM990614,8.176022334333158,4.275,8.406209881539286,8.509958280687012,10.370193537445983,10.406919875408388,9.628036645834364,12.017410278320312,6.076963416992938
GSE40279,8,GSM990615,10.48177398138275,21.075,7.151035435397287,7.460977608544799,9.620777835087683,9.654399467945058,14.831907946297315,11.159660339355469,24.14506202121538
GSE40279,8,GSM990617,5.195600628560711,4.125,5.1662880554554915,5.300586362101031,7.681383043552773,7.29940569459135,7.151331992518455,6.8152313232421875,6.281709086275494
GSE40279,8,GSM990618,5.822573475076463,5.025,5.212634100054333,5.429554827222944,6.361908867646545,6.129257964890074,6.953688980603609,6.378929138183594,5.788148434302382
GSE40279,8,GSM990619,5.781281393747419,11.075,4.811775019852215,4.689236967180034,4.62533551993383,4.116234937979972,7.092642106257371,1.035308837890625,15.842548055203853
GSE40279,8,GSM990620,14.123207796917134,24.075,11.872061664488264,11.772551589175212,9.789599257330657,9.31271504771109,14.682882395585182,7.19110107421875,27.256794875385047
GSE40279,8,GSM990621,6.802456160194102,4.275,6.919310524932904,7.028313552343079,8.68121203864846,8.688807048662847,8.063454746012003,9.714065551757812,4.888666228482376
GSE40279,8,GSM990622,6.125659110043759,9.075,4.429869606031378,4.50450793196877,6.44570302226725,6.342524269489194,8.0441683067049,6.892219543457031,10.567629695083678
GSE40279,8,GSM990623,6.380724275543554,10.075,4.545858045690544,4.778072096701257,6.663855731882519,6.570591438966517,9.133335846113344,7.0267486572265625,13.050179969394643
GSE40279,8,GSM990624,5.664815953225505,4.525,5.316818211649693,5.516369183661994,6.9973620711064894,6.833132328140911,7.901682646994969,7.7559051513671875,7.666146467360946
GSE40279,8,GSM990625,8.504687063876574,4.025,8.859559644036851,8.89627832734215,10.483163903111736,10.46803003767335,9.020464578976895,12.009719848632812,4.902072182635073
GSE40279,8,GSM990626,5.740771431632213,7.375,5.051724143837833,5.107284162431971,5.097366503126409,5.054198743931552,5.146857183990301,5.2011566162109375,5.080441529230943
GSE40279,8,GSM990627,3.722304976907381,5.525,2.845524759934793,2.8978852904831998,4.446811539648124,3.8699109040306774,5.392485778608849,2.797607421875,10.085878809362805
GSE40279,16,GSM989827,2.3332559953161605,3.2,2.882022811994776,3.0023660055114347,5.215309554406335,5.692193838474237,5.710041499078445,3.4274444580078125,5.7914869734974355
GSE40279,16,GSM989828,5.09679189337705,19.9,4.065955084553941,4.112957660030789,3.904609826945277,3.7638353132610307,4.867059395485518,2.2519607543945312,10.09544825679528
GSE40279,16,GSM989829,5.752844700905266,3.55,5.833434900228189,5.874591138249118,5.389022353897997,4.899046172065946,5.59765108700182,6.769950866699219,7.208398003902597
GSE40279,16,GSM989831,5.780454527212689,7.1,5.315524700327304,5.283218704192747,4.343649500857549,3.76518191308307,5.055460398626563,5.13116455078125,8.945241586227834
GSE40279,16,GSM989832,14.508423848694113,17.9,14.131929491131165,13.487348864230233,13.460762685744404,13.169479399706372,13.401581399689439,13.181785583496094,14.291958627961733
GSE40279,16,GSM989833,5.627977164546577,4.3,5.924647686790144,5.8297904551538045,7.791642290564821,8.276919193618063,7.04133941874292,6.448005676269531,4.14207804237756
GSE40279,16,GSM989834,1.9467100320437027,6.0,1.8957357411043219,2.015483993383582,2.9363251135162067,2.6599867209102244,2.6843830390583023,2.3640213012695312,4.609383345287987
GSE40279,16,GSM989836,11.43665177944133,13.9,12.973923422600382,13.45832561955267,18.194022434666387,19.116388803427988,15.876004963611754,20.704742431640625,6.0218315163191445
GSE40279,16,GSM989838,11.614662935518009,21.1,10.561928906884942,10.74135388628472,7.332939197496065,7.273870946447144,10.128327845423282,7.54205322265625,21.858567939615117
GSE40279,16,GSM989839,2.313933922514471,7.9,1.9527872321275908,1.709324424294612,2.915916363538082,2.643988476893014,3.240793287266274,1.3083877563476562,3.8396917860538706
GSE40279,16,GSM989840,7.907471983911639,15.1,7.135074808510177,7.047789217551714,3.9374234629789995,3.561151718566124,6.099370892249058,4.7958221435546875,13.495520335230259
GSE40279,16,GSM989843,10.09063109825038,3.0,11.325430093335358,11.381845318699309,12.968965066072467,12.586584252534795,11.463880947006082,13.765357971191406,6.167296589868766
GSE40279,16,GSM989846,11.720092043714764,9.1,11.792201053807897,11.839713510542591,10.911650678520976,10.46577294970055,10.924826728536862,12.723495483398438,11.878222446342699
GSE40279,16,GSM989847,4.049022889252915,9.9,4.485132869706052,5.211558221332266,8.468200148752416,8.581920809960144,7.7442982301636505,8.504745483398438,6.836645479628603
GSE40279,16,GSM989848,9.139754476382372,3.0,10.245365044380875,10.005487077733239,10.578081853396789,10.117287818278594,9.309121178658566,12.415382385253906,6.268790303251131
GSE40279,16,GSM989850,3.5720578156177054,14.9,2.8012991657922384,2.9614545694934287,3.5126463426388206,3.0512501535133696,3.899163903902597,3.2963943481445312,6.502888274477206
GSE40279,16,GSM989852,1.984370784353363,5.1,1.7634295952032908,1.528440889693043,3.665290674659868,2.87818619720424,3.4190899626787123,0.0109405517578125,3.8475846833667537
GSE40279,16,GSM989854,19.094773923472367,13.1,20.00699249520567,19.9429512979341,20.81582696441206,20.768145597242007,19.955089178637984,21.512908935546875,16.243984270622555
GSE40279,16,GSM989855,5.629627134291278,3.75,6.35545702878113,6.092429735932534,7.568772337734364,7.25580487516816,6.021739563821061,8.858489990234375,3.4373429096510377
GSE40279,16,GSM989856,3.1621585826613474,6.0,3.4235459557019823,3.6256621439271313,4.788292782217883,4.507077654859712,4.625377796492514,5.995368957519531,4.987564226447117
GSE40279,16,GSM989857,5.115572715059551,9.9,5.782460164481824,6.260472049831076,8.665995303555498,8.988029526376044,7.5470425189666575,10.274627685546877,3.812715255874069
GSE40279,16,GSM989859,5.426311824840898,12.9,4.789135758161132,4.459079497319285,3.5953028780716116,3.4914981284320965,4.172882816045307,2.3875274658203125,7.680340880119798
GSE40279,16,GSM989861,8.946697705777357,9.9,10.545344882614916,10.38905990109378,14.495053905909685,14.802688559505302,12.574289939848285,15.847366333007812,6.782646328476005
GSE40279,16,GSM989862,11.796727110199523,15.1,11.349021727872637,11.359731001163974,9.6925943756414,9.193955637173168,11.076475291531704,10.315948486328123,18.30468496342447
GSE40279,16,GSM989865,9.6104037910132,14.9,8.771158075821647,8.486741416479578,6.124163802876069,6.29132062633026,6.5439188917849105,7.488113403320311,7.656210984078624
GSE40279,16,GSM989868,4.91634494310176,5.1,5.778206694254402,5.783749264639094,7.475672709748634,7.053477079157273,6.424331364065438,8.438980102539062,4.867208110052736
GSE40279,16,GSM989869,11.285850675316876,7.9,11.490010765446314,11.58372936408721,12.192464346702716,12.483642993539414,10.925026429969702,12.800994873046879,5.174761830996298
GSE40279,16,GSM989871,7.049932206853777,17.9,5.818837385905617,5.468865421895904,2.526220005886587,2.4954324369520804,3.8239268589987274,2.595703125,8.836345276875202
GSE40279,16,GSM989873,8.996230388930579,18.9,7.462277167635799,7.062458094016096,3.8629352701210173,4.133927435383279,4.718935960681875,4.938301086425781,7.937190286001387
GSE40279,16,GSM989874,3.603020154076598,3.55,3.577970373678616,3.5508320994496145,3.5198930978939655,3.098673378329847,4.050564798324524,3.5943222045898446,7.410521863065206
GSE40279,16,GSM989875,4.458798063374992,8.9,3.6355020737067343,3.3447555866660226,2.5044438120368353,2.7538382047625034,3.331794363850681,2.6919708251953125,3.9678312763369625
GSE40279,16,GSM989876,18.309783968280883,16.1,18.690385423472172,19.307032345966636,20.487509790986515,20.258063693595314,20.857329208003275,19.14063262939453,20.554606526528875
GSE40279,16,GSM989877,2.0963545359322673,6.9,1.9942559993560323,2.1727653720804874,2.7752167495375333,2.4662599420371607,2.525391338563484,1.8626480102539067,4.206946139782649
GSE40279,16,GSM989880,13.722302618340255,15.1,13.600781437066377,13.810293824699428,12.828254822080279,12.333225816475395,13.688672518352845,13.049179077148438,19.554101650370477
GSE40279,16,GSM989881,2.794690981455537,4.3,3.0125785786447863,3.190985606858823,4.738558659768147,4.4606224106120544,4.173003150223099,4.723785400390625,2.9721963975826946
GSE40279,16,GSM989882,21.313317676616997,26.9,20.29496190085412,19.796180171563485,17.41163434931919,18.122234236106628,17.866490919828514,19.066429138183594,19.62108245830725
GSE40279,16,GSM989883,11.611870212103394,12.1,11.80078760324535,11.567171894872134,11.23069524227879,11.022437744901836,11.921768032443978,11.311424255371094,15.732758073434912
GSE40279,16,GSM989884,6.6239127751566,6.9,6.073346914403927,6.126594310171147,5.527515204825925,5.795561947751072,4.921998123110499,6.6033172607421875,3.406973751407243
GSE40279,16,GSM989885,11.947723543017487,22.1,10.801558156862617,10.701402661417628,7.580810276234088,7.279562079559353,10.046835836024101,7.595123291015625,21.813106439364162
GSE40279,16,GSM989886,9.547801790941165,15.1,8.944035198021135,8.913979922931942,7.036781308667786,6.6584987830826545,8.30135455307306,7.123912811279297,14.77318904344811
GSE40279,16,GSM989887,3.2572274257551834,4.3,2.8367187215672467,2.6431330379417055,3.097750971732031,2.881726878175028,3.614723431850647,2.962310791015625,5.118664645642697
GSE40279,16,GSM989888,8.154610639456314,14.9,6.917839791968882,6.788614160746396,3.9112277826649255,4.121977051281943,4.945369029475847,5.422149658203125,8.87743024418877
GSE40279,16,GSM989889,13.464007026185701,7.1,14.130102616717855,14.052942265967172,16.283552005779114,16.277200112520113,16.493668860663686,16.037132263183594,12.005473608633785
GSE40279,16,GSM989890,8.257857808273602,19.9,6.581924713915394,7.483961787006962,3.6416614806648626,3.767988016059353,6.082976712203425,3.4716339111328125,10.740557242592661
GSE40279,16,GSM989891,3.759550891586211,3.0,4.212285976735039,4.36297872333258,4.772606927279274,4.404867575615346,5.202144213644887,4.7494354248046875,8.141329851165668
GSE40279,16,GSM989892,8.775045358303919,7.1,8.910784196204528,9.472887496343883,10.259449126683165,10.297605546466627,10.709579232292628,9.381988525390623,10.714584240003811
GSE40279,16,GSM989893,2.6083004239162784,9.9,2.0422362996454546,1.9846678008617993,2.6359313949126695,2.376648323452335,2.678612514497798,2.460906982421875,5.133333726177907
GSE40279,16,GSM989894,1.7818324035232707,3.75,1.6190501784725917,1.6121411810734265,2.2295664357992306,2.1788779556441495,2.2612954661489453,0.19512939453125,4.637050156943613
GSE40279,16,GSM989895,1.6053907460647998,3.0,1.72642226125313,1.7479321046420346,2.5642870158102946,2.2953820726203507,2.6174487690101427,0.04449462890625,6.1459568877306845
GSE40279,16,GSM989896,5.375826474278438,14.1,4.5542342676086465,4.834375667881145,4.297763403792601,3.284389340151148,6.771128804206606,0.7093048095703125,15.205473938876983
GSE40279,16,GSM989898,2.7122077636912985,9.9,2.1467328941092134,2.1656792095854747,2.5780084113711736,2.5009767177140105,2.5086118656747436,1.6361541748046875,3.976799426984445
GSE40279,16,GSM989899,2.8273892096752937,3.75,2.9103496472966093,2.988951602078356,3.768817974197694,3.188691207851529,3.035137327347788,4.488044738769531,4.578280426131912
GSE40279,16,GSM989900,7.71932325442428,19.9,6.416529790523543,6.133327061785797,3.650944911435515,4.170976162254025,6.016934079883699,2.688140869140625,12.126875551394331
GSE40279,16,GSM989902,11.95936419556694,15.9,11.577818293841926,11.287936400006851,10.489882785005317,11.108823763219993,10.33959434066664,10.402992248535156,7.972297893529292
GSE40279,16,GSM989903,6.241749437243714,3.0,6.6919605167484,6.732057087583518,8.349971831758356,7.832569503170722,7.719966703920244,8.302383422851562,7.728104714188072
GSE40279,16,GSM989904,4.2904062096193325,19.9,3.6979372690153136,3.7780427250029143,7.060836534240536,6.61914099481213,7.25711275243264,7.233291625976564,9.894588451159676
GSE40279,16,GSM989905,7.346337757412073,4.3,8.388385909396765,8.501518609760028,11.391672160744676,11.287060405343832,9.99847992124512,11.665420532226562,4.303294949409952
GSE40279,16,GSM989906,5.315309916266968,6.1,5.007844354938392,5.0368318237153265,4.192730754394896,3.7296561111315256,4.346175343683794,4.8909149169921875,7.625467547974526
GSE40279,16,GSM989907,5.46673980534781,8.9,4.778774468372665,4.555709891089513,3.7336395154198314,4.110604907701846,3.903949879760991,4.12261962890625,4.391515141496771
GSE40279,16,GSM989911,3.8097183494760047,15.9,3.87281032641866,3.86604819096339,9.158140691389653,8.91440949192658,9.51260131607311,7.637916564941406,10.419514270953702
GSE40279,16,GSM989914,2.3217439471818286,5.1,2.9443832572849025,3.087600602456452,5.166960587287976,4.841671262849573,4.614989041285813,4.015815734863281,4.268727727743775
GSE40279,16,GSM989915,3.7195016016312437,14.9,3.0979482824453735,3.391222281192564,2.879893187840102,2.4108165880475405,3.782305668857404,2.410682678222656,7.894651588280675
GSE40279,16,GSM989917,16.00992956559014,20.1,15.53271284887155,15.817911569821447,14.175526453355204,14.332600050877932,15.384428950608642,14.199554443359379,18.938353077593234
GSE40279,16,GSM989918,10.039435665306865,3.0,11.40678834983988,11.642761971725033,14.39028422958673,14.499589666755904,12.705200046725903,14.112197875976562,4.725307871891425
GSE40279,16,GSM989919,14.573046128450102,6.1,15.725785555822592,15.279216782588426,15.862875895600041,15.767618294804098,13.891477353897708,18.0302734375,8.26164604203974
GSE40279,16,GSM989920,7.768971444409947,3.55,7.96957711588194,8.481464446928227,10.753283404612928,10.784695684620505,9.645223789708325,9.631393432617188,5.075725099580976
GSE40279,16,GSM989921,4.180160764575354,15.9,3.0244058161582457,2.8757870515633925,3.2636862099348667,3.165250629140595,4.55621516505805,1.7556381225585938,10.776053116421682
GSE40279,16,GSM989924,9.898703565872042,10.1,10.037577598997808,9.836397035283596,9.785203764274934,9.652621818945942,9.751244196410047,9.718917846679688,11.572040232268156
GSE40279,16,GSM989925,2.2670615579214752,3.1,2.197691003095154,2.2160085753517755,2.9734854946582487,3.1837748911907253,2.59658326330986,2.8584518432617188,3.1775731326412666
GSE40279,16,GSM989926,9.406460712466565,4.2,10.123469659667503,10.016619079464293,11.342965789356374,11.363337584719462,9.812555628657964,11.536048889160156,5.8003207610704965
GSE40279,16,GSM989927,8.535192066124258,3.0,9.793596871266933,9.964822969988647,12.544594474859164,12.675076154028583,10.985258974090122,11.557212829589844,5.248235462421195
GSE40279,16,GSM989928,3.4553157384014,14.9,2.925603176174755,3.243733702343038,5.1469080123261435,4.541049429058064,4.6976520221903595,4.578338623046875,5.689174732653655
GSE40279,16,GSM989930,12.035106504024759,18.1,11.61870699768012,11.085873293581608,9.79031938976178,9.526520116974286,10.834796983144816,9.39651107788086,17.379407472521407
GSE40279,16,GSM989931,8.206174508092909,6.1,8.848727429777586,8.635679119372512,10.722197210603278,10.651437313914103,10.115478077398683,8.994277954101562,8.682677890523394
GSE40279,16,GSM989932,5.065643963895296,3.0,5.7832300182585,5.847654621707656,7.816991001502704,7.49742604632588,7.446952501041008,7.052085876464844,5.579041704347243
GSE40279,16,GSM989934,8.08005373315099,8.9,7.669553406234877,8.072121394629388,8.61871916515859,8.883845204869573,8.523231540986213,7.831977844238281,7.011684513581092
GSE40279,16,GSM989935,8.27465688036472,17.1,7.419903286834119,7.015593051734048,4.255893509063927,4.349010177618998,6.331352321254789,4.331764221191406,15.691606134679585
GSE40279,16,GSM989936,12.958413180676411,20.1,12.377092572454817,12.508651303405,10.866038929809699,11.114537444332157,12.602303823474355,9.868148803710938,19.589416309705932
GSE40279,16,GSM989937,16.584474537496813,16.1,17.184538844178572,17.28528905523273,18.100163987696558,18.15878542255999,18.334073202284536,16.692108154296875,18.36397921349175
GSE40279,16,GSM989938,10.213714539782796,10.1,10.545454912401057,10.146387189183518,10.17608115298058,9.812426792023532,10.296379305393973,10.165664672851562,12.268186941389505
GSE40279,16,GSM989939,9.871426499562215,7.1,10.328537984928126,10.521407293333874,11.385864576472885,11.235009771613493,10.939755117920457,10.9378662109375,9.740232911416369
GSE40279,16,GSM989941,9.343948315580954,3.0,10.316917863812266,10.570712225458157,12.177023211212132,11.955057711419482,10.473149161370468,12.705184936523438,4.7360557852271254
GSE40279,16,GSM989942,2.2827392152020494,5.1,2.6252903360149973,2.75523780401916,4.427085142136815,4.343039984294273,3.8163985147514423,3.9287872314453134,3.2143304481958843
GSE40279,16,GSM989943,6.421529866832128,10.1,6.451178950715965,6.012047389156608,6.035769395240978,6.205999562692197,6.30284019671934,4.783683776855469,8.630602968906114
GSE40279,16,GSM989944,2.755137871709742,6.9,3.0479606508675188,3.2443397598458055,5.248595648885297,5.139126722668896,4.551498641170597,5.439056396484375,2.945165671531181
GSE40279,16,GSM989945,13.903188370736121,15.1,13.688323852419625,13.791048494591376,12.347486897851223,12.1172724315766,12.9885183120527,13.305892944335938,15.837341482872748
GSE40279,16,GSM989946,13.140071401323254,10.1,13.463314415284021,13.455763908978835,13.896478843633147,13.813648681465754,13.231810823757206,14.319236755371094,10.984603023419039
GSE40279,16,GSM989947,21.20304117783806,21.1,21.183063745342654,21.400461867581193,21.299928456917744,21.442513032875627,21.262873350649084,21.150680541992188,20.673774289896297
GSE40279,16,GSM989948,17.78884685227459,24.1,17.096051783176723,16.49934604684361,13.772337764778957,13.922837685138784,15.003094342230233,15.046920776367188,21.756354298624213
GSE40279,16,GSM989950,8.290377778826254,6.1,8.849617270321946,8.709519470095623,9.069220543991095,9.016841568551342,9.13934694087764,9.113624572753906,8.925245917178307
GSE40279,16,GSM989951,3.4975929746582652,10.9,2.503419903003336,2.5808672779459956,2.1387538423728762,2.130518327801851,2.8968623131422193,0.0984420776367187,6.8596825935728605
GSE40279,16,GSM989952,8.928948510753985,9.1,9.172028166356892,9.085335252541942,8.972353915410334,8.73330131049211,8.817492810520596,8.761566162109375,10.97780728931571
GSE40279,16,GSM989953,7.490734193864917,3.3,8.93989912506398,8.974080483676204,11.908313513710866,11.893598767197892,10.097868379415553,11.256622314453123,4.416874219640388
GSE40279,16,GSM989954,6.571555289804155,3.2,7.082867753457653,6.561943190403769,7.684077375014721,7.704019000923561,6.51914440722466,8.350875854492188,5.290719417520851
GSE40279,16,GSM989955,18.83749656657848,19.1,18.546533959084908,18.562508908503414,17.177544259782728,16.828208548839232,17.259823854023463,18.63208770751953,19.29904807577264
GSE40279,16,GSM989956,6.843044553186573,16.9,5.648177282286223,5.247945722036079,3.153065929625915,3.1518799305080556,4.516713352301773,2.721923828125,10.182471502450444
GSE40279,16,GSM989957,3.715987769588297,3.1,4.229255067042343,3.8371157446234347,4.7443349968020225,4.466684158205818,4.036699512877172,5.4574127197265625,4.4506150568784735
GSE40279,16,GSM989958,10.616079216102836,15.1,10.366816578590791,10.018885854783445,7.998727611336778,7.856670800958473,9.129811712129587,8.640556335449219,15.926909950991222
GSE40279,16,GSM989961,6.2226110560490975,11.1,6.160559285074721,5.70566900818376,4.890617148395883,4.380463012001587,6.206415749166862,4.081707000732422,13.755444755334295
GSE40279,16,GSM989962,9.288411232408189,11.1,9.17474175229507,8.91583878933116,7.891962752086846,7.779850373029468,8.240271751970987,8.433517456054688,11.881822068976184
GSE40279,16,GSM989963,4.797951170303246,5.1,4.763791674198947,4.90538195025481,4.361779893220072,4.406304540874005,4.26439399565492,4.5758209228515625,4.599308496647409
GSE40279,16,GSM989964,3.2088246974166372,4.3,3.9130037003592393,3.633431140048549,4.9190136600336505,4.82455837723069,4.1285349101908695,5.48980712890625,3.547911156017303
GSE40279,16,GSM989965,10.050380568091821,20.1,9.056227219067488,8.998927076716182,5.87118347140185,6.221588078715323,7.9956535960712305,5.730438232421875,17.138061721650093
GSE40279,16,GSM989966,5.306363434651537,13.1,4.812109544812897,4.491005335857126,3.250544608226199,3.4663164759283958,4.179203033948292,1.191753387451172,9.877385157127733
GSE40279,16,GSM989968,11.663537191092797,21.1,10.842474444172646,10.782422741747466,7.547070463575288,7.468674304970524,9.56829053149516,7.610527038574219,19.70112765705566
GSE40279,16,GSM989969,4.627404753926198,11.9,3.62221114593535,3.5680070627899,2.5517348271817206,2.618425713065619,3.6365957379587797,1.673583984375,7.446283375438599
GSE40279,16,GSM989971,5.731787636174943,8.1,6.151150715346321,5.79602154544233,6.742505414116273,6.230180788706734,6.656784663944009,4.6428985595703125,9.792138752039033
GSE40279,16,GSM989972,13.93110331040659,19.1,13.22339078755669,13.469839167045711,11.784616622877278,11.704684626486499,13.300705292497764,11.668453216552734,19.70325302811709
GSE40279,16,GSM989973,2.346210904524795,3.0,2.505265585028339,2.4480238721730916,3.474625282529293,3.7285679271451477,3.6891890785306374,2.883331298828125,3.7312726212517204
GSE40279,16,GSM989975,8.155516633194555,22.1,6.684684313777245,6.373521998181722,2.8218230630398766,3.36258189117198,5.695979751799087,1.3297653198242188,18.121636440269693
GSE40279,16,GSM989976,21.318325220014295,26.1,20.714036268657395,20.574250009112784,18.624560651917154,18.48511524793731,20.16315845508464,19.21766662597656,27.098114875650918
GSE40279,16,GSM989977,9.134288352130017,14.1,8.506819525393047,8.611263417383338,5.954553777443549,6.162854753633871,7.181137157454911,6.957084655761719,11.305485752342012
GSE40279,16,GSM989978,10.764755203401092,15.1,10.392265213864857,10.416415754843895,9.201638355431733,9.330225238429785,9.93254576461905,8.851554870605469,14.012135721017875
GSE40279,16,GSM989979,10.084095442071824,11.1,10.011370916006616,9.73997948046826,8.834504126597713,8.803646539977109,9.173403775663859,9.563011169433594,12.216345665426342
GSE40279,16,GSM989980,22.36483801920893,35.1,20.821048452891446,20.391828888087257,17.0239946193275,17.283456969695937,19.52500274365731,16.92971420288086,30.974062258244402
GSE40279,16,GSM989981,4.9702057226221035,4.2,4.792021451470257,4.488039081438274,4.718927381145639,4.4459432997809305,4.346356459385351,5.239662170410156,5.946832066735579
GSE40279,16,GSM989982,12.057957869006973,17.1,11.695805950313387,11.473658662321801,9.510021772764912,9.339268258160072,10.772970745825576,9.848526000976562,17.363984090413155
GSE40279,16,GSM989983,21.633903988974154,37.1,20.125099786807905,19.874614022840177,15.676013049494859,16.050480417686853,19.15293053270319,15.053043365478516,32.87275849238877
GSE40279,16,GSM989984,15.355391531569031,22.1,15.163315289033141,15.079250950372458,13.38723899859524,13.482374370400999,14.760082682591996,12.432044982910156,21.007277172350665
GSE40279,16,GSM989985,17.44821237301098,15.1,17.951740156084544,18.040593054240542,18.331279931883063,18.34761153818976,18.028889354571316,18.33746337890625,16.990297459101605
GSE40279,16,GSM989987,27.370420137223242,41.1,25.785785977874518,25.48745906608601,20.599330965047596,20.53187947990973,23.51305050044209,21.518280029296875,37.02955439319557
GSE40279,16,GSM989988,17.695527034729917,15.1,18.46744851357084,18.40391020725452,19.023252121763345,18.687460358734647,19.369467880943468,18.688690185546875,21.904172278086612
GSE40279,16,GSM989989,12.29384909925011,10.1,12.31677133231959,12.290505272996736,11.88730178484097,11.608458087908954,11.584878308335842,13.118522644042969,12.266037663361526
GSE40279,16,GSM989991,13.316629423146125,19.1,12.675038538383651,12.661462587142964,10.289785090558974,10.497115937112483,12.134141586163716,10.795989990234377,18.95969620677344
GSE40279,16,GSM989992,17.953097012438754,39.1,15.498857702127765,15.342823899279574,8.754563512626547,9.094408339285419,13.360166926863831,8.797767639160156,30.962580903826613
GSE40279,16,GSM989993,15.386177750287777,19.1,14.900701479017723,14.44166172137398,12.940525179065492,12.963336654681024,13.544510463422275,13.734001159667969,17.35287805018882
GSE40279,16,GSM989994,18.511979679732665,22.1,17.91314653656483,17.686360666971,16.615566756150407,16.979098857941292,16.825799567783058,16.912357330322266,19.128139406403008
GSE40279,16,GSM989995,19.767960950799477,22.1,19.30550984623607,19.52843812057794,18.461095804201832,18.570605487472744,18.884774335369634,18.694778442382812,21.020475042356193
GSE40279,16,GSM989996,20.618333942792308,36.1,18.471788969151408,18.219229797252332,12.43656598464747,12.497068783098703,15.942340082306902,14.030895233154297,31.57497024089405
GSE40279,16,GSM989997,17.411893220315815,31.1,16.071511977722675,15.833411092226712,11.391803665594143,11.489121571501904,14.665955707301237,11.576812744140623,28.87943308115529
GSE40279,16,GSM989998,19.273253579064914,34.1,17.619893791121967,17.411599731684625,11.982839968324557,12.189063527061908,15.321146497419685,12.9609375,28.599526195701692
GSE40279,16,GSM990000,6.5632131810086465,10.9,5.508370076426734,5.528477446771392,3.9897418952452015,4.096310242299419,4.727985200519225,4.840415954589844,5.418150344828672
GSE40279,16,GSM990001,4.287429267597189,16.9,2.6679051386119914,2.6634128174437555,4.569864786696341,4.1535926506381395,6.167988749007723,2.212120056152344,12.77731328789491
GSE40279,16,GSM990002,2.528590550277692,3.3,2.605018542107532,2.5975177642612133,3.4410084381622164,3.3372417076673613,2.941357346090495,3.6395263671875,3.059630182191589
GSE40279,16,GSM990003,6.136591754711958,7.9,5.935913297237356,5.937521545121458,7.0846038327583996,7.170102795302387,7.5768657041088945,5.4925689697265625,8.42552388065208
GSE40279,16,GSM990004,6.428089756145418,3.2,6.858357010009532,7.250797318310424,8.278383804929886,8.153084642421264,7.379043306927045,8.147789001464844,3.734808365662188
GSE40279,16,GSM990005,7.650698968078442,14.9,6.687268880800683,6.518108261034942,4.906265798027213,5.030434203271124,6.28109264775622,4.706626892089844,11.984423319733239
GSE40279,16,GSM990006,3.7696878144940045,10.9,2.993294941593671,2.842106306242713,1.9222990367247064,1.7962284580376995,2.989664190643913,0.82366943359375,8.753313811397604
GSE40279,16,GSM990007,1.9460100762085417,3.1,1.8668756050518815,1.9518343614747713,2.596945575454837,2.385579753511775,2.4592015181831512,2.061241149902344,2.8780185484802727
GSE40279,16,GSM990009,3.6357185850607294,6.1,3.079262266095042,3.1594289931974684,2.62182369477284,2.883328365165088,2.689098222767432,2.165000915527344,3.883752713240915
GSE40279,16,GSM990010,1.618081529969782,3.1,1.5964282566002566,1.6189950723876314,2.6346822895462543,2.343037069903714,2.9080401439304766,0.8986129760742188,3.5476549005965325
GSE40279,16,GSM990012,6.412180367124475,3.2,7.213110873071827,7.127943418589334,8.17390218557243,8.148955687595564,7.116779515378236,8.12481689453125,4.036395549031246
GSE40279,16,GSM990014,7.356414985356987,3.1,7.71494879233561,7.446997476648245,8.351601665853611,9.240789916468604,8.27635520395677,10.158737182617188,4.559745917029683
GSE40279,16,GSM990015,5.019905403208988,5.1,5.909253648222001,6.213453224054151,9.36663758854259,8.942083098250027,8.037817006530503,8.590591430664062,3.6126467706603385
GSE40279,16,GSM990016,3.0271020886425815,4.3,3.3243167921390144,3.6738203014456468,5.935655517584057,5.609537751378626,5.217384440485953,5.1538848876953125,4.423542816115405
GSE40279,16,GSM990017,5.378179001733624,7.9,4.654269655878606,4.574975876424796,3.5845910081432537,3.7242786617781376,3.939066723578422,4.4157562255859375,4.574073744686902
GSE40279,16,GSM990018,6.059312090243225,10.9,7.518323496680985,7.174874493836761,12.022748702570622,11.720858280249914,10.584849511723524,11.956657409667969,4.919418657750905
GSE40279,16,GSM990019,10.219092559036238,3.55,11.22829901445138,10.67707446571396,12.591735604806264,12.631921906491005,11.094486386678515,13.108787536621094,5.667291188136274
GSE40279,16,GSM990021,5.163916788280676,6.9,6.175183883037405,6.347166748185925,9.451962290449668,9.235779898442921,8.102953934638705,9.417709350585938,3.980220388678581
GSE40279,16,GSM990022,5.392903296879892,8.9,4.937956562236876,4.6725046464517686,3.3504819729015756,3.3088028369251012,4.539101315251915,4.017791748046875,9.28675745010369
GSE40279,16,GSM990023,3.3752791151553296,12.9,2.3600758083585256,2.163631574297991,2.731532412173056,2.493985237431299,3.8732541001897687,1.87249755859375,8.297292920204427
GSE40279,16,GSM990024,2.4241389919050524,6.9,2.6898642713307113,2.7475426105513456,4.730239417857421,4.851822710394468,4.5544657922272505,4.5558013916015625,5.895495714801894
GSE40279,16,GSM990025,1.7354293900650184,3.3,1.6477813697502057,1.6486392623685198,2.0301543729697356,2.0424859461193057,1.7017842275181032,0.3245697021484375,3.1053629361252435
GSE40279,16,GSM990026,8.220298508414501,12.9,7.207567255763356,7.201870744813055,5.819542245922802,6.169204092983108,6.635272772823936,6.3535919189453125,9.14398884912032
GSE40279,16,GSM990027,3.363092126599993,13.9,3.4875362998417407,3.3966329563008344,7.359765104544161,7.138560266994544,7.306606575529474,6.395942687988281,7.868125180991603
GSE40279,16,GSM990028,6.947277114139065,9.9,5.849507892306308,6.3467062101606455,5.243991956826278,5.322576107972333,5.699007758556779,5.8045501708984375,5.903328840887224
GSE40279,16,GSM990029,4.647993159773336,6.0,4.257740089587008,4.489322091044117,4.434226902115349,4.430543918518653,4.825984429700399,4.2182464599609375,4.778157966962631
GSE40279,16,GSM990031,2.196914524992718,5.1,1.9163473073730688,1.9443211595701377,2.7481112452744694,3.0817211471055814,2.795428754148575,1.1197586059570312,3.8967457296027006
GSE40279,16,GSM990033,6.800094600339446,22.9,4.737951903993578,4.651900999322278,2.4827404531076374,2.1812873017114662,5.0338498999413535,0.5813674926757812,14.708904254988454
GSE40279,16,GSM990034,4.503012195570739,5.1,5.64978466078727,5.448275625443936,9.087083387793523,8.913341952681082,7.2311023480385375,7.838386535644531,3.061842281235621
GSE40279,16,GSM990035,3.1622904273398476,3.0,3.683643611902076,3.6380361312092675,5.0718864436574105,5.039641673907124,4.352846385047021,4.220787048339844,2.1873240268989393
GSE40279,16,GSM990036,3.117553366301577,10.9,2.001232453300099,1.7669435646896545,4.2081705504039455,3.406916303799784,4.44359757697562,1.0246429443359375,7.807248140812621
GSE40279,16,GSM990039,3.0610494393108825,11.9,2.909060329542643,3.026885315350581,5.811355325641533,5.557731137369134,5.673038987273179,5.87762451171875,7.11792381254709
GSE40279,16,GSM990041,4.488972572091715,3.0,5.307492879471571,4.95501893128715,6.307644772477979,6.366135523075166,5.144535270280032,6.2339019775390625,3.102206355109974
GSE40279,16,GSM990042,2.0330080096353216,4.3,2.302697101383243,2.0746433402821842,3.5209439836182215,3.5135994535141735,3.570005121574811,2.9726715087890625,3.76130383044422
GSE40279,16,GSM990045,2.8916468321001014,3.0,2.9986097091476154,2.8092711029802455,3.6049601707935226,3.8825669994728265,4.200124124808919,4.182106018066406,3.4434168132548515
GSE40279,16,GSM990046,10.583234174417075,3.0,11.903907639946983,11.67286163278483,14.261722592626692,14.133242249164592,11.83082965186,14.883811950683594,3.428022446578106
GSE40279,16,GSM990049,4.502474267896745,11.9,3.0815934059153394,3.187730659053223,2.3523947027739505,2.115081720011043,3.4643731720321886,1.4962615966796875,7.8735780080985736
GSE40279,16,GSM990050,5.666579897493766,3.3,5.848935586401448,5.569741354898371,6.285905613738956,6.386313987867559,5.9644098475011775,7.341194152832031,3.3741477181142123
GSE40279,16,GSM990051,1.6625930594127731,3.3,1.6519024087415275,1.6139803556919148,2.5522488079413206,2.5105129292903205,2.6714630257725682,0.0008697509765625,4.777508749091373
GSE40279,16,GSM990052,1.9997962575445107,6.0,1.9413357340104505,1.9903494425260349,2.8564040902246264,2.799325910084023,2.919995339414515,2.775909423828125,4.560662624130985
GSE40279,16,GSM990053,2.7280789503207385,9.1,2.426839142160584,2.481400366890776,3.1610609054566163,3.30296522846598,4.59373881706748,3.1563796997070312,7.274015229064984
GSE40279,16,GSM990054,4.226319693415839,7.9,3.56087078767444,3.708031393024406,2.916440680180929,2.951189655919093,3.763052519412055,2.7812728881835938,5.308372990949104
GSE40279,16,GSM990055,8.126792350072682,15.9,6.9494377449387645,6.799357079895323,4.741547496694966,4.64659591128557,6.5688045707552645,4.962677001953125,12.638100496663569
GSE40279,16,GSM990056,1.5938230417087127,3.1,1.5154839998251404,1.4356234183546994,2.252298835483409,1.9015453106961313,2.0861202092519573,0.5333099365234375,3.2898739937674337
GSE40279,16,GSM990057,5.497700160093895,7.1,5.282572362979365,4.961118128955414,5.255023811091018,5.039644881509251,5.012879918605035,4.730720520019531,6.794475947639773
GSE40279,16,GSM990058,1.9653631846655144,3.0,2.051858485367725,1.928691054935222,3.1509016433395964,2.87338868426476,2.4687407861702644,1.8931732177734375,4.028102333402641
GSE40279,16,GSM990059,2.8382021569430558,4.3,2.5151783259146376,2.397266095326112,2.286589540286019,2.0848565449510112,2.3834847918584416,2.286956787109375,3.476904775543916
GSE40279,16,GSM990060,2.8494153622561256,4.3,3.406146414071128,3.124907164600266,5.688028214304205,5.435634900938814,4.621261397143423,4.8245697021484375,4.1318734692039225
GSE40279,16,GSM990061,2.6863224716417617,5.1,2.630621202188555,2.7896031320685504,1.9234774626897575,1.9702749599148113,2.3223751519018565,1.5637741088867188,4.081064045972187
GSE40279,16,GSM990062,1.976592880375182,4.3,1.602166379828251,1.5630641213826642,1.6996008971176124,1.603422205416996,1.743278576873125,0.5221023559570312,2.9122155031389
GSE40279,16,GSM990063,8.361953554567375,16.9,6.971483031914872,6.807011786492454,3.4002526848863814,4.3071763448272105,5.106920939476643,4.877349853515625,10.719795364038678
GSE40279,16,GSM990066,2.7512100984721473,6.0,3.286584218182371,3.19978186518576,5.808872336802967,5.355399291476629,5.077248455796097,5.1795196533203125,4.137524868839722
GSE40279,16,GSM990068,5.821650716166046,3.2,6.361885647380748,6.227226274190969,7.373136103076139,7.72381592029417,6.931761050813327,9.144596099853516,2.9689753906279504
GSE40279,16,GSM990070,10.21320778092628,21.1,9.184126648995328,8.843308824847162,7.060208993526379,7.483172588277034,7.69844148513887,5.4540252685546875,14.254848435968459
GSE40279,16,GSM990072,18.096728617544283,21.1,17.22899062678032,17.538059007702017,14.95802056369487,15.300730146114509,14.409333853800533,16.742210388183594,12.708475921014065
GSE40279,16,GSM990075,15.255247111786804,23.1,14.183983729193761,14.04421285006637,11.82400669481952,12.230181160990394,12.224274801162391,11.87063217163086,16.723385666157753
GSE40279,16,GSM990076,2.7871969158497487,9.1,2.2791739638619672,2.307514887188156,2.565424172167485,2.7138936080185374,2.922822107604255,2.04422378540039,3.950601755508443
GSE40279,16,GSM990077,18.529226542888047,29.1,17.235512128559844,17.017852119170108,14.023460069231566,14.31650779055225,14.295287872209311,14.000831604003906,18.322914058229074
GSE40279,16,GSM990079,16.437140574267847,28.1,15.031709025229114,15.093661947150995,11.807594880623832,11.573898482690458,12.526113711246904,11.451026916503906,17.241740076670787
GSE40279,16,GSM990080,5.42783388010685,16.1,4.021496111778417,3.8944771305936987,2.2652241132712847,2.55268943828881,3.3844615157391997,0.4322509765625,7.3145674934616
GSE40279,16,GSM990081,14.652242520402492,21.1,14.030925031597624,14.12924700307299,13.225007083839788,13.227499129394534,12.832493156341787,11.852745056152344,15.096613882624121
GSE40279,16,GSM990082,1.6491510659378108,3.3,1.5617399987810494,1.583200598586847,2.4565078075183053,2.3993948631937743,3.040344689361242,1.31915283203125,5.73798516590798
GSE40279,16,GSM990083,10.649652250181832,17.1,9.749034555878065,9.67132483120926,7.502786479150416,7.743787664585471,7.754423387079815,7.849636077880859,11.268729537954815
GSE40279,16,GSM990084,2.6891399370834974,5.1,2.7260768922585275,2.607651445833059,4.012556995363197,4.382743108774926,4.788571769509972,4.3759613037109375,3.1547917795385323
GSE40279,16,GSM990085,9.202514537749888,21.1,7.319801398913926,7.162910596718001,4.580813075703628,4.75772089477683,5.8248417160498365,3.703105926513672,12.08639474645318
GSE40279,16,GSM990086,4.191986704751904,14.1,3.105984384464415,3.148482487333463,2.618049206887304,2.6574641809411665,3.7028322604531545,1.693450927734375,6.46510044699505
GSE40279,16,GSM990087,4.950791337657036,3.0,5.2333316508193555,5.663113977918346,6.5112212666739655,6.142879020296461,6.056875444941969,6.469879150390625,5.119566141423289
GSE40279,16,GSM990088,13.978297346009844,23.1,12.888152153049575,13.17960973246041,10.799761259618418,10.195942653987982,10.997775564521756,10.05789566040039,14.57852455695012
GSE40279,16,GSM990089,4.068082987645732,5.1,4.003184204699323,3.9615291757203153,4.045259637308374,3.9172047849675438,3.5282955459883594,3.4413070678710938,3.6455090632457705
GSE40279,16,GSM990090,4.0168990776105575,12.1,3.1242510715809946,3.110942193373918,2.048994737370938,2.3157235162630396,2.8789480809696686,0.8017807006835938,4.817161609297164
GSE40279,16,GSM990091,11.547681969996754,24.1,9.794835297804541,9.449990953763944,5.910786553978104,6.526549222131335,7.513091332478841,6.0883331298828125,15.187674326583315
GSE40279,16,GSM990094,13.383398990815868,9.1,13.567118990357107,13.691705151985365,12.994235335314144,13.270340446635505,11.018593847685008,15.084098815917969,6.06864787775459
GSE40279,16,GSM990095,9.882743772705947,18.1,9.01337476634147,9.193747331030162,6.040895660093845,5.434530234697005,6.521796896579081,6.341606140136719,10.95105363604612
GSE40279,16,GSM990096,25.4009715860392,4.3,28.52555475276541,27.998691740795937,35.8539625538084,34.827989901500366,31.311773205328173,34.512046813964844,12.697052286532175
GSE40279,16,GSM990097,21.160665748233363,31.1,19.833558246623365,19.968201902357478,17.360595188468512,17.360157121067882,17.525473274292008,16.897499084472656,19.832555768001082
GSE40279,16,GSM990099,7.667469863348922,5.1,7.741558494115161,7.967939031643733,9.142842069746282,8.750518734261275,7.341558151934299,8.648651123046875,2.800420862905074
GSE40279,16,GSM990100,7.554646183692876,11.1,7.222289819325013,7.095181312601369,7.027083093969246,7.234109973281811,6.106123889591506,5.972633361816406,4.368590669866082
GSE40279,16,GSM990101,12.014654934201662,26.1,10.270493178471186,10.222262680955266,6.108049028768147,5.946642752834742,7.695271708309377,5.779071807861328,15.789339017842298
GSE40279,16,GSM990102,12.541993909139487,31.1,10.450851507559266,10.070555599702603,4.6239536888011505,5.198172117038445,7.406376482378772,3.8969955444335938,19.717112720408352
GSE40279,16,GSM990103,6.553011734248827,15.1,4.909360447902538,5.1287627896887145,4.02227612308171,4.693903796657041,3.975143463408515,2.4675827026367188,5.456826215992242
GSE40279,16,GSM990104,2.679243901136439,3.1,2.93603014633754,3.18285004206488,5.18847879046139,4.4873159493405,5.321716343462445,3.6227340698242196,6.6777853955131405
GSE40279,16,GSM990106,6.144056316056025,7.1,6.0302288196131,6.40325276285116,7.692178023976558,6.8015058469209375,6.331710014369656,5.647926330566406,2.8288203639894136
GSE40279,16,GSM990107,6.499157335728616,18.1,5.0913970781396785,5.0989043710188,3.1602852061206335,3.4999279957965257,4.055415347293966,0.495025634765625,9.969859455790418
GSE40279,16,GSM990108,13.207192066430627,28.1,11.334160964546921,11.120271411463467,7.94846764322002,8.5969503061206,9.517402396676948,6.726612091064453,18.835212257750626
GSE40279,16,GSM990109,3.8255568468027192,16.1,3.337552490818503,3.3746910881881567,3.864210777178189,3.7798303608017436,4.955732223054952,4.847129821777344,7.436321709844179
GSE40279,16,GSM990110,3.094152759052606,4.2,3.035980468665184,3.071303594555382,3.7784085563572716,4.131695237596564,4.172338714260716,5.2344970703125,2.388285964288803
GSE40279,16,GSM990111,8.80223032585658,19.1,7.739466798187847,7.789346195565718,5.492922685327491,5.19663581967375,6.205256131628326,4.1279754638671875,12.971922133898707
GSE40279,16,GSM990112,7.672077939399282,14.1,7.109738512866633,7.104827742793283,6.594053538576221,7.25698835011989,6.80491953108519,4.8812408447265625,9.227304586793505
GSE40279,16,GSM990113,2.7431575388229206,7.1,2.2715442570114166,2.4057315580567367,2.516130092649352,1.915414072320781,2.6688456146972657,0.4207496643066406,3.4467139922494523
GSE40279,16,GSM990114,3.920854661504124,8.1,3.514981245428791,3.447761239759938,3.3691927517658953,3.91235526478449,2.977522021609654,1.497100830078125,3.4160197391016665
GSE40279,16,GSM990115,16.503744647879415,31.1,14.635619780463497,14.55017926499109,11.557898602233635,11.893209957610022,12.862579834155273,10.287757873535156,21.017325472873626
GSE40279,16,GSM990117,7.029548528456969,5.1,7.218271728465632,7.425685147799443,8.817865448708329,8.157409702109145,6.846670090488937,7.743545532226564,1.9369195864651156
GSE40279,16,GSM990118,4.442036740834207,12.1,4.661733041775397,5.114794826365211,7.22149380069304,6.928864758771925,6.676041435796958,8.56146240234375,3.345544008854182
GSE40279,16,GSM990119,5.44967129803931,12.1,4.392843230098638,4.520193869869431,3.8019419853408856,2.956577569661597,3.1043228194048385,2.105640411376953,3.4811273923626502
GSE40279,16,GSM990120,8.043435680222128,20.1,6.511387179189005,6.358156708310647,3.8137881248397782,4.338075663793774,4.381038402666448,2.2547073364257812,8.723395861116247
GSE40279,16,GSM990121,2.468053663481066,5.1,2.4573595626530818,2.409446389159302,2.6456105133393875,2.8268511076341762,3.241150718693311,3.7057266235351554,2.5914101714366935
GSE40279,16,GSM990122,10.301793699831832,3.55,12.327526576416052,12.10192671280717,15.097264280886588,15.087137437423499,14.056260873891073,16.01675033569336,6.611612616211848
GSE40279,16,GSM990268,6.184690696783968,17.1,4.6442913392974985,4.677486787472175,2.383421185303062,2.666122456679351,3.430139460729509,0.4803810119628906,8.675228460078445
GSE40279,16,GSM990269,17.996986838899968,26.1,16.742383449897424,17.047027206447343,14.934077304663493,14.246633202861243,14.497282128409783,14.504173278808594,14.989600921260976
GSE40279,16,GSM990271,8.591183822818394,18.1,7.489022672966381,7.473995913284345,6.1169038473950375,5.813304600899693,6.0982370623236735,4.3211669921875,8.019876948129044
GSE40279,16,GSM990272,3.275313132962391,11.1,2.6706588518399106,2.676446033051377,2.416311961823331,2.2540979890884936,2.612122879222736,1.8487319946289067,2.684845920403501
GSE40279,16,GSM990273,4.057539478916839,6.1,4.65687966063065,4.558527124746297,5.827107238309628,5.722009928047925,5.726902685358391,7.327995300292969,2.5795243696013266
GSE40279,16,GSM990274,4.213666479282392,14.1,3.214546307688515,3.196128088959962,2.0450801676449326,2.0504005273930503,2.4542884370954146,1.64898681640625,4.050977566186846
GSE40279,16,GSM990275,7.627944931152737,19.1,6.237039109079508,6.305859636269334,4.0437030723546,3.7717953876335657,4.811217058617343,2.09320068359375,10.523426779792079
GSE40279,16,GSM990276,13.56243377556638,12.1,13.651501272210913,13.760953241657754,15.458894515824099,15.205696643708768,12.838560204286946,14.080360412597656,5.399387567895648
GSE40279,16,GSM990277,11.063583420850096,36.1,8.137709641245724,8.02372319773007,2.583568025458085,2.2179954196121088,6.859443622869813,1.4649925231933594,22.986487568020042
GSE40279,16,GSM990278,14.014849153005311,23.1,12.686633380651894,12.917816243456196,11.455876494895303,11.283573601679342,11.05303687669236,10.110084533691406,13.063476463987376
GSE40279,16,GSM990279,9.372306314985348,23.1,7.779415759151073,7.540325078284044,4.602535138761345,5.407001393776961,6.1067382621058455,2.8788070678710938,14.287594998419882
GSE40279,16,GSM990281,5.507321562761855,14.1,4.479364732253926,4.350260688386589,3.5525664292690267,4.14667997584809,3.4548030387303,0.9756240844726562,4.788406073745323
GSE40279,16,GSM990282,12.669630023596069,5.1,14.714136611518672,14.95634657947802,17.848701877749143,17.533174689113103,15.603146614418145,20.215858459472656,3.2826136682272242
GSE40279,16,GSM990283,5.806797187344296,23.1,4.241118398254541,4.109457318857144,4.435227867643369,4.354587101185865,6.3299042216971655,4.142112731933594,13.129377104935163
GSE40279,16,GSM990284,4.089570713236059,3.55,4.549228066605121,4.591667586028924,5.547338418641821,5.177055148744874,5.650279979404429,6.769874572753906,3.5507133217984057
GSE40279,16,GSM990285,6.611244331847283,22.1,5.009601546380472,5.013968664766064,2.7067064042580307,3.1771149309850584,4.906361097602959,1.7711563110351562,12.665052732709214
GSE40279,16,GSM990286,7.486615239608858,11.1,8.662451415473523,8.701026973517127,12.49003447455305,12.274229138702328,11.139513827656932,13.87289810180664,2.6690425451516746
GSE40279,16,GSM990287,2.6579438211387556,8.1,2.211604878399787,2.309466480114625,2.563144740126753,2.2767066009142995,2.700742256502349,1.6452827453613277,2.668948465294108
GSE40279,16,GSM990288,4.921449019434895,21.1,4.429475082074438,4.545762163443152,7.071410975368224,6.6803634112811325,8.564316437787625,8.479209899902344,10.33952892362989
GSE40279,16,GSM990289,6.442237554968635,24.1,4.7839801749838795,4.847480171913462,2.651011471892227,2.7093311289463133,5.3039992200285795,3.3618698120117188,13.818508650462718
GSE40279,16,GSM990290,3.5112973552591322,7.1,3.7436961633075696,3.6841938853321707,4.981043561476133,5.292931203259506,5.278439796963316,6.3467864990234375,2.4022990890547207
GSE40279,16,GSM990291,5.586110731322184,19.1,4.150762002191295,4.026181767510947,2.4524385361314835,2.8223096533886887,4.188865673708496,1.981540679931641,11.134986001198545
GSE40279,16,GSM990292,11.497716586522234,35.1,8.897519248266212,8.43187351009689,3.0708887204850304,3.75741230229747,6.659423304872125,0.1482696533203125,22.740670161115496
GSE40279,16,GSM990293,4.285400853632078,5.1,4.633516566209883,4.543497770155474,5.266700941916918,5.150000298348703,5.072109960351932,7.515995025634766,2.0459085171947504
GSE40279,16,GSM990294,4.070052093968089,14.1,3.723357277708145,3.8699354731269664,5.57220563495231,5.297199138576891,5.988690274474768,7.218082427978516,5.46105896476617
GSE40279,16,GSM990295,9.531762101806592,21.1,8.369991068737107,8.299921369863993,6.699512485926396,6.798457953428034,7.33438235346289,4.273796081542969,12.28264744058286
GSE40279,16,GSM990297,3.455722362618846,5.1,3.7288747682368326,3.704770444111168,4.4821130967299245,4.704716738824301,4.711548597986031,6.072528839111328,2.4508936015446534
GSE40279,16,GSM990298,3.0297003363494026,11.1,2.5530493956580314,2.539431468556538,3.086752646793795,3.258180617500829,3.482140594086188,3.0493011474609375,4.999842719038553
GSE40279,16,GSM990299,10.421889152781354,32.1,8.026327935266027,7.768893526148932,3.4214182517950236,3.586879089376655,6.298166730144454,0.3347625732421875,20.478701275796066
GSE40279,16,GSM990300,2.7226653137391232,9.1,2.3837988844172115,2.476101294500524,2.837471133131452,2.5345997781369882,2.923183323759594,2.958702087402344,2.431668273675865
GSE40279,16,GSM990301,3.6368187592827907,6.1,3.8840978293612323,3.9365496311099974,4.811849510684494,4.542393102682519,4.760903967707797,6.552196502685547,1.707908179408231
GSE40279,16,GSM990302,4.278553680905504,10.1,4.334797797372313,4.422541095569686,6.0975946017519425,6.35276681829533,6.259089048889608,8.1629638671875,3.1240678461118874
GSE40279,16,GSM990303,3.782733522744869,15.1,3.4686133950897426,3.4669269397128404,4.550065607787767,4.614606694741388,5.2825863694188335,6.1903839111328125,5.431356809685356
GSE40279,16,GSM990304,3.3817639226007508,9.1,3.2049048547016072,3.1650770546573446,4.00434136054572,4.5258822646097325,4.575893361336459,5.923259735107422,2.9896642926263293
GSE40279,16,GSM990305,5.578213741466714,18.1,4.329407825711195,4.266947632071108,3.3109208000411927,3.669402521387849,4.609167328386151,1.3739471435546875,10.283702094479493
GSE40279,16,GSM990306,4.144981740227111,6.1,4.032514132472362,4.030898041570731,4.5126269928002785,4.674042257756547,3.727289401248619,3.113555908203125,2.705775263601552
GSE40279,16,GSM990307,3.3438303176743673,5.1,3.4593670540520947,3.4066774948567633,4.297889808472578,4.863553208086872,4.9507640900912735,5.8589019775390625,3.9174900199204172
GSE40279,16,GSM990309,14.349852153416279,25.1,12.95625934520984,13.031860027499917,11.025421570926952,11.107848841564618,11.578450092288456,9.746295928955078,16.75068061989524
GSE40279,16,GSM990311,3.7970771876482985,3.55,4.28542105387911,4.03073504753614,4.847250821418584,4.856421874481266,4.737205137722464,6.266559600830078,3.4493511818972933
GSE40279,16,GSM990313,3.6732880882364602,8.1,3.9906030224116735,3.97790268417073,4.93505007537164,5.42679612469828,5.336793693651318,6.753425598144531,2.547085134804295
GSE40279,16,GSM990314,7.067216463709481,17.1,5.8772959692444475,5.999248122629089,3.398735892474073,3.500832168732291,4.511279498595198,2.2404518127441406,9.936264700644681
GSE40279,16,GSM990315,4.093672331361661,8.1,3.6583145830174066,3.922951532847074,3.4031592569347398,2.987721972533794,2.812539591495083,1.8478431701660156,3.0612369342592265
GSE40279,16,GSM990318,4.774721229094217,17.1,4.469912936407745,4.487875138586207,7.187452472047106,7.644490040760182,7.985795354920621,8.833442687988281,8.420801616266026
GSE40279,16,GSM990319,3.5220963769314877,14.1,3.1750044495925995,3.299082802320219,3.687599498145599,4.076150456197461,4.347685219650236,5.242328643798828,3.6377167140117757
GSE40279,16,GSM990320,6.3444010745561,10.1,6.050793176946516,6.250085114181925,5.8436414458826516,5.857706943738888,5.042017583703212,4.674297332763672,4.245897685641816
GSE40279,16,GSM990321,3.2770978914669344,10.1,3.0064963637100846,3.0940125631698043,4.333352518888537,4.2886272311292055,5.035486792006359,5.4854736328125,4.247907843909047
GSE40279,16,GSM990323,9.11318221341738,23.1,7.454798084271121,7.550161779443428,3.8542730089142396,3.2355813729231016,5.142776725986172,2.430145263671875,11.938872684407318
GSE40279,16,GSM990324,14.159118072692456,38.1,11.37361427880325,11.068654643874389,4.3208140161591295,4.35315293193453,8.163816724443887,2.7848892211914062,25.164592569509033
GSE40279,16,GSM990325,7.267866370487336,14.1,6.064443309377066,6.181273018631131,4.859378997815594,4.717310375619706,4.798654074224303,4.265106201171875,5.8666448057469065
GSE40279,16,GSM990326,4.588483659114205,16.1,4.349621315813919,4.409507954400538,7.159423744299774,7.263236217944718,8.187640660179644,8.433769226074219,7.681915141779369
GSE40279,16,GSM990327,11.828152600041,27.1,9.604513213251206,9.35944233462573,5.499859984120761,6.319284254440209,7.296705011216234,4.897003173828125,17.069176976707755
GSE40279,16,GSM990329,5.844304818868648,19.1,4.326359969870706,4.191419925666603,2.0185013780345265,2.659055588894636,4.28502477664834,1.4575424194335938,11.551101268979389
GSE40279,16,GSM990330,4.5141385647462915,17.1,3.5472297596976077,3.6223773197349347,2.6569152532125067,2.7039960595524546,3.9185542209348574,3.01849365234375,7.261122059644076
GSE40279,16,GSM990331,6.2881682695895345,24.1,4.622089491266602,4.677618346946821,3.309000928238884,3.358657623270125,5.995448314041587,3.6806907653808594,13.2667778665601
GSE40279,16,GSM990332,7.104528528761361,4.2,8.110719681175443,8.150799463302098,10.846086962341161,10.92159341191868,10.002179760131122,11.681316375732422,3.855417982916026
GSE40279,16,GSM990333,7.900999247739873,10.1,8.89574229649986,8.904367219780543,13.080154813901776,13.59495007327476,11.900439368268737,14.280342102050778,2.267905128956147
GSE40279,16,GSM990334,4.706879636322087,11.1,3.8881500915114713,4.106393957184201,3.8442520501834023,2.5663010759215017,3.270904980778589,1.2218894958496094,3.3775615333012845
GSE40279,16,GSM990335,2.193000073106231,5.1,1.8757224473276086,1.8744294698018877,2.1081770273353806,2.0737621058367557,2.1013980538712986,1.1918563842773438,2.7948605998626253
GSE40279,16,GSM990336,5.867454308982685,8.1,6.24197424000003,6.305319198832815,8.887198664448118,8.950672982228545,8.294667410449742,10.696941375732422,3.0498034926228064
GSE40279,16,GSM990337,8.022136182388964,3.2,9.018903789975004,9.08599059307979,10.960141732339242,11.095716456928077,10.412115971354968,12.36139678955078,4.954105135226486
GSE40279,16,GSM990338,3.703757537675829,10.1,2.9571578451135414,2.924988563073184,2.464714819690315,2.586903489377429,2.345391110676415,0.1901283264160156,4.028691093280007
GSE40279,16,GSM990339,4.313460699683622,11.1,4.40200609256994,4.411164668979174,6.448135706264695,6.357539551016187,6.692741858365688,8.289886474609375,2.897023248673807
GSE40279,16,GSM990340,4.463663190370616,15.1,4.276273441867427,4.430639268812215,7.393593721804559,7.397695260343015,7.593543082598373,8.21221923828125,6.637783675950075
GSE40279,16,GSM990341,3.4812375967586022,12.1,2.8526568023037067,2.8722306306832026,2.2258665437490093,2.277152153928657,2.8441608808363776,2.045696258544922,4.482311154239072
GSE40279,16,GSM990342,2.7928738342052117,9.1,2.648221601548836,2.8455656673373455,3.4768104310929857,3.5445818614726137,3.569014342706704,3.922393798828125,3.2154432764943133
GSE40279,16,GSM990343,4.634803832435976,19.1,3.7843877829840586,3.9118613161007083,3.4436257856848456,3.5269669807047803,5.421677698568456,4.297355651855469,10.851402336906192
GSE40279,16,GSM990346,8.614495280542496,25.1,6.7840221381371135,6.578556352615425,2.3706314748108612,2.510094337860395,4.815726245276657,0.4236602783203125,15.558503634983595
GSE40279,16,GSM990347,2.7588828247548722,7.1,2.646044692353095,2.6498519490764836,4.003913044579088,3.8034837147472813,3.9576931528933175,4.3130950927734375,3.1701996484902377
GSE40279,16,GSM990348,6.673257268073087,6.9,7.397900090208959,6.626568855474423,5.644599502756041,6.487598126425963,7.762681538060946,6.673271179199219,13.13711631844232
GSE40279,16,GSM990350,8.052042758942687,23.1,6.050957170877798,6.010627803182011,2.482357838587364,2.949449154771688,4.637087492286502,0.5291557312011719,12.943454223905842
GSE40279,16,GSM990352,3.0624709053716175,10.1,2.884532404454589,3.0856537785995894,4.386313269042672,4.220920580148732,4.411431801383499,4.7223052978515625,3.6909168614580894
GSE40279,16,GSM990353,5.700793397098662,17.1,4.0774375560941944,4.251030595716839,2.9045497809169922,2.3784103033648845,4.047743650108467,0.5022506713867188,8.2724438831947
GSE40279,16,GSM990354,5.948579694709183,19.1,6.0512741341646805,6.092571476216802,9.989890518426764,11.504395442813378,10.521785562203025,11.935295104980469,6.8122732963941415
GSE40279,16,GSM990355,5.57898257389046,24.1,4.396394434783605,4.457053304945473,4.264782818170106,4.884693960589882,6.550624950562013,5.538970947265625,9.328995619191007
GSE40279,16,GSM990356,4.072055028246885,17.1,3.37501793986452,3.4162255494785057,3.6666406479477494,3.8268935731506097,5.005515490074102,4.395282745361328,7.918878533355826
GSE40279,16,GSM990357,3.8834071127790692,15.1,3.5285424543768413,3.5322457194617476,4.8402694755567826,6.527538399303251,6.283168567595595,6.5445556640625,4.932821354493059
GSE40279,16,GSM990358,3.9413512277570555,7.1,3.1085078096815253,3.4681792464649726,4.21873726296224,2.7822019259957207,3.2749861920760424,2.1618423461914062,3.62244269938295
GSE40279,16,GSM990360,4.486303456835394,6.1,5.1817316988881945,4.802413744293593,7.048291546367426,8.253716513590884,7.968397200786816,8.066070556640625,7.196157983746707
GSE40279,16,GSM990363,2.7844975915307284,4.2,3.4837402599533105,3.2474924783654444,4.53937734841726,4.536886300497683,5.017122985329923,4.61767578125,5.1377605181310075
GSE40279,16,GSM990364,4.498759618719548,5.1,5.415717473727908,4.911223182967855,6.081035683176003,7.490599814364359,7.016851146406981,7.8828582763671875,5.422322228796412
GSE40279,16,GSM990365,3.45557684393521,12.1,3.398288588443351,3.1160379644890432,3.8133388611723227,5.0712244135635185,4.86199353276821,5.7154388427734375,3.8006451142795052
GSE40279,16,GSM990366,2.366563350590303,6.1,2.174452588705263,2.1465571558720713,2.5155061215968306,2.5074587556908856,3.3169577464425415,2.917938232421875,3.5406348464399513
GSE40279,16,GSM990369,12.845915778339265,31.1,10.754119139212026,10.56576819071478,5.764782921952984,5.9310668106223945,8.485794550625755,4.423435211181641,19.646529070799737
GSE40279,16,GSM990371,2.913904071859879,10.1,2.671685358744929,2.704043060094995,3.490870915900343,3.593568842434055,3.9639974056594545,4.078044891357422,3.252211083857522
GSE40279,16,GSM990372,3.803976086357335,11.1,2.9285878746667438,3.013503054893035,2.495768165768195,1.9196956719642224,2.773740685889503,0.6105232238769531,4.1433327807140765
GSE40279,16,GSM990373,9.785216878743062,28.1,7.661131210750962,7.45010821576208,3.381304618552117,4.256917055161599,5.896358189951939,0.7986984252929688,17.052162498376937
GSE40279,16,GSM990375,15.79286289721639,43.1,12.861357662763083,12.22413761673742,4.648029912062054,5.654274179595747,9.379023498185687,2.819732666015625,30.257721702632843
GSE40279,16,GSM990376,3.382416499853457,8.1,3.461345475417418,3.4524111106385122,4.809273123579677,4.9146023046336085,4.751147952201906,6.061222076416016,2.4515792091514155
GSE40279,16,GSM990377,8.547107619535792,13.1,7.641735000547444,7.678873254077947,7.2090182238409515,7.249015996081613,6.822412918379889,6.542640686035156,7.381828068394523
GSE40279,16,GSM990378,8.088515429447405,3.55,9.5222069785199,9.635890855863599,11.575805235207335,11.669286610897474,10.85613597631292,12.875396728515621,5.373045440525287
GSE40279,16,GSM990379,2.965452398561467,7.1,3.0594042623462916,3.09271801791575,3.901622681055533,4.035204515936855,4.089012303942175,5.000335693359375,2.5491242079431053
GSE40279,16,GSM990381,3.9168281678987937,14.1,3.128863286763233,3.144835648751541,2.423241571793666,2.841210589448095,3.2821978882942604,2.366371154785156,4.881426294182825
GSE40279,16,GSM990382,5.430962094725709,8.1,5.790625335941577,5.935623455629887,8.39575160078125,8.135545358336675,7.747604702629294,10.026847839355469,2.3713039830461486
GSE40279,16,GSM990383,5.821104145559518,11.1,5.169481061856954,5.196190414888411,4.405403570739222,4.703036940106115,4.064454444112308,3.4363365173339844,4.186289984487972
GSE40279,16,GSM990385,5.547502523178411,6.1,6.136184603018312,5.874431698374502,7.792355724568845,7.997063848319476,7.379916431392533,9.74709701538086,2.2355175972003267
GSE40279,16,GSM990386,3.3977349351974615,10.1,2.7131802987959155,2.679839098435412,1.9524167069542102,2.5595793499109956,2.2794847572031953,0.8161201477050781,2.609444098535838
GSE40279,16,GSM990387,2.7775136546848076,8.1,2.59846539322198,2.6412765762500756,3.6695511696997274,3.5913590534864097,3.81050830687429,4.137245178222656,2.574677428965358
GSE40279,16,GSM990388,3.679269531936606,3.55,4.11264879974725,3.8398412459637425,4.673615539871216,5.4949571787432845,5.651806987195117,6.063922882080078,5.368983482162778
GSE40279,16,GSM990389,4.753160188926325,4.2,5.469669860743672,5.516716151750698,6.756026860694661,6.736877477957918,6.554483117704668,8.068912506103516,3.4392314018786636
GSE40279,16,GSM990390,3.0692876261079296,11.1,2.6327948587031442,2.7434268586542077,2.6978856947181633,2.299699712837771,3.8877330254017695,2.7216339111328125,5.076974441646545
GSE40279,16,GSM990391,9.170301122427357,26.1,7.207238629852353,6.819293048430287,3.254820756550404,4.1556009080409115,5.377667702596495,0.8516883850097656,16.0878373213795
GSE40279,16,GSM990392,3.51791659958766,14.1,3.1184914917924536,3.1357741814436197,4.1634750264147025,4.194643317058286,4.7414405420577825,5.161090850830078,4.862731638858376
GSE40279,16,GSM990394,8.019973850862959,19.1,6.608292247628809,6.47785657527133,3.798996065803743,4.3089971881737466,4.917847653471681,2.7722740173339844,10.746096934256022
GSE40279,16,GSM990395,6.055248554503645,23.1,4.429750573970065,4.4129257187886655,3.1406352842975935,3.346916184044408,5.533584212618142,3.5312271118164062,11.774756762631768
GSE40279,16,GSM990396,5.879199494082785,15.1,4.395882190076568,4.424555570709814,3.385372127932869,3.8549742296246143,3.425561736905761,1.1069793701171875,4.328196901947651
GSE40279,16,GSM990397,4.0655322906252085,10.9,3.458411290038652,3.1732422036350223,1.8192181157639573,1.996775173993521,4.2328162842616885,1.2952041625976562,12.61893884073741
GSE40279,16,GSM990398,12.173264887235316,13.9,11.549060692414798,11.510433179137708,10.1992235263595,10.825358937170773,11.57652157874559,11.545272827148438,13.844453341438836
GSE40279,16,GSM990399,3.1710463609782393,7.9,2.485826431466066,2.4106306638815775,1.7269539483211767,1.9595725085454425,3.637293492935747,1.0948257446289062,9.322151806985351
GSE40279,16,GSM990400,3.3890534979477316,6.9,3.3959567892610645,3.198516224441291,2.9375764148461423,2.7841925237869583,5.0680079328631065,1.916839599609375,12.285933244494782
GSE40279,16,GSM990403,16.02618662136244,12.9,16.225669121355168,16.00139517867633,16.14925725015486,17.083766388140692,16.831790460563386,17.432533264160156,17.236579072118587
GSE40279,16,GSM990404,7.7800516551239935,11.1,9.019024187897008,9.955215740135461,14.41485860948579,13.810213021838027,12.8058551944997,14.323837280273438,6.0565572950041275
GSE40279,16,GSM990405,1.983917561480364,3.55,1.7516730500998587,1.7955084495058404,2.2276289661168462,2.197481643005152,3.0489124117762874,2.0343055725097656,3.452600827928451
GSE40279,16,GSM990406,22.175242317596226,15.9,22.693478638175243,22.56156871166888,23.460270767355844,23.733275610602824,23.512875519141044,24.901927947998047,19.68219390119273
GSE40279,16,GSM990407,2.2615548716144267,3.55,2.1363602150489243,2.276336828420532,3.3463061135422065,2.811232916704093,3.2983279329072297,1.0164413452148438,4.230579911547524
GSE40279,16,GSM990408,2.474773863428877,3.0,2.752497649598765,3.134960857720441,2.7439083736268466,3.231249575131568,3.77427571006053,3.1330718994140625,4.367201027197045
GSE40279,16,GSM990409,15.773084092996985,14.9,15.782315384323237,15.428457346773513,13.833542629042057,14.815878861984407,15.189297846087985,16.234512329101562,18.744505497669184
GSE40279,16,GSM990410,4.174413507835444,9.9,3.5322488196013055,3.65584551195938,2.2951143999383503,2.6657584871091258,4.7176246731795555,1.869232177734375,11.849963698106654
GSE40279,16,GSM990411,2.2332071755962017,5.1,2.1615976663250835,2.153761310240428,2.1894055004866755,2.5684747914404222,2.7241463976060682,2.564781188964844,1.9757742367210127
GSE40279,16,GSM990412,11.788449316910759,8.9,12.159746344843867,12.050967977122648,12.266096482740156,12.436368615023792,13.001476248246941,13.094932556152344,12.613206791943089
GSE40279,16,GSM990413,5.993032293968682,16.1,4.914811374622804,4.789619093741162,2.6916250436639473,2.9661471972190894,3.662662321827901,0.7149467468261719,8.487652754058118
GSE40279,16,GSM990414,3.4653980135892426,10.1,2.729107527827273,2.7620771230470327,2.928260012425242,2.644870870123664,3.16155704774329,0.6741714477539062,4.8066553482844965
GSE40279,16,GSM990416,6.090209752110924,8.1,5.935779215254742,5.631422896200908,5.549671004944106,5.6202889579433375,4.841228173481809,5.1518707275390625,4.287877858681749
GSE40279,16,GSM990418,5.58496236325782,3.0,6.153743251377631,6.510852254343417,6.901170242513561,6.39412742459553,7.042300125587741,8.064277648925781,4.968858510614308
GSE40279,16,GSM990419,5.70036076495856,9.1,5.055766461337819,4.826662589046816,4.708659015306811,4.987721181599636,4.184959016055535,4.1794891357421875,4.013120599849113
GSE40279,16,GSM990420,4.250487349796187,4.2,4.820094421613283,5.1466499713788405,7.12430393493,6.533196996059944,7.032141028664507,7.251270294189453,3.7500892874043656
GSE40279,16,GSM990421,10.735133235471935,19.9,9.930765982391348,9.58747248446772,6.383576161608232,6.796305814947277,9.3058294400948,6.9873504638671875,19.6789461021635
GSE40279,16,GSM990422,18.87636871752771,5.1,19.732642552350907,19.31586696533123,21.87815258744569,23.64300327115624,19.62882078875417,24.83191680908203,13.0106128455203
GSE40279,16,GSM990423,13.209980920618218,11.9,13.703299589352673,12.635034772162559,13.631802605707836,13.74960831600246,15.3459551433261,13.855117797851562,22.222888214602722
GSE40279,16,GSM990424,4.965375862567417,3.0,5.463318217653769,5.646765905405587,6.759455251496149,6.664336626051747,6.4187320405692345,6.490997314453125,5.283219776973996
GSE40279,16,GSM990425,2.815078969050588,3.0,2.9192824824031662,3.227591066104543,3.434555162542671,3.687910064316469,4.269657638943674,4.054420471191406,5.766851084174928
GSE40279,16,GSM990426,2.0454401389093175,4.2,1.9462920084057675,1.7963115157919851,2.172003630147526,2.293354291343405,2.895251202811943,1.658721923828125,3.704490104084104
GSE40279,16,GSM990427,12.997971032126879,20.9,11.730229578982657,11.346766548131509,7.824979438138198,8.961923658281716,11.062819638032645,9.779548645019531,20.595174747245583
GSE40279,16,GSM990429,4.704821052748506,9.9,4.077625624865066,3.830114773422313,2.0168415627877314,2.0729460713128463,4.74742453220872,2.6216049194335938,13.244596044729505
GSE40279,16,GSM990430,8.26251193418555,12.1,7.359845539807138,7.189867020854291,6.362976328901015,6.8415518576939345,5.591703851223249,6.558006286621094,4.8641568286583485
GSE40279,16,GSM990431,14.143514755873728,6.9,14.705391396908386,14.411866768789366,15.480371082920698,16.685406621711742,15.547254250985365,17.276535034179688,11.849992031650348
GSE40279,16,GSM990432,3.834030386636308,9.9,3.359002961327424,2.9445764095620084,3.3135207159589903,2.4518706750597743,4.978028516265875,1.365264892578125,12.406546770380825
GSE40279,16,GSM990433,4.559423846879424,20.1,3.8980849305855707,4.009778751516231,6.42015108034847,6.257972794532668,6.92552246518036,6.926597595214844,8.697149118427317
GSE40279,16,GSM990434,14.679448556974942,22.9,13.348276193605031,13.194379092958934,10.125799636148795,10.873776767191126,13.577897551819428,11.32757568359375,22.393835294594957
GSE40279,16,GSM990435,2.4256286519834633,3.55,3.185633393308094,3.646922310119352,5.220239089229979,4.620287906031394,5.7762906812972385,3.712066650390625,5.597998056438469
GSE40279,16,GSM990436,4.208164513717657,10.1,3.257046675632888,3.272141296105938,2.7887677963358315,3.147497903731848,2.9316006806544572,0.8336906433105469,3.573799319575522
GSE40279,16,GSM990437,13.192270278510653,6.9,14.102715126703549,14.316290801199656,16.901092508668235,15.674929683532838,17.102670321214266,15.926151275634766,13.959736280143634
GSE40279,16,GSM990438,7.054199980888268,13.1,5.716844648935171,5.95267110198138,5.440847223933918,5.130175983929567,5.105772392187827,4.423927307128906,5.146857506296757
GSE40279,16,GSM990439,7.064136102626152,17.1,6.590856115922544,6.064602520766154,3.927595466170712,4.6983308177045595,4.680132468725669,2.2350387573242188,11.14540355233221
GSE40279,16,GSM990440,2.7447348077262816,4.2,2.880411607567713,2.7622926597757442,3.2753788451526136,3.4453987238777204,3.6361845107315793,4.5237884521484375,2.855488113188304
GSE40279,16,GSM990441,3.666270154690931,4.3,4.253000291418023,3.9106403092125346,5.593729372797201,5.391217097755562,7.127622036846662,3.6061325073242196,10.945859469495469
GSE40279,16,GSM990442,8.722321493069837,4.2,8.985349385100388,8.850746965634448,9.830111402008773,10.60655112076588,8.585675590559381,10.565345764160156,3.28729859679668
GSE40279,16,GSM990443,5.059822237776904,14.9,4.0273842862055,4.0239242643772455,2.4469769149860148,2.3344530840408524,5.467956548270532,0.87701416015625,15.557776270791473
GSE40279,16,GSM990445,3.320562196841378,8.9,2.7648286331697727,2.5665224697488958,1.8422596038841064,1.8370013577432167,4.087278477038353,0.916839599609375,10.88123137596386
GSE40279,16,GSM990446,8.733484911244812,16.1,7.965467145333432,7.448033089638054,5.69809204286995,6.641593560103115,5.777330135012507,5.54913330078125,9.319992714791383
GSE40279,16,GSM990447,8.299571537562821,3.0,9.055394282205247,9.627185641128628,11.440571515087987,10.790951067725072,9.98585939010189,11.223396301269531,4.60078179416913
GSE40279,16,GSM990448,4.647419235369591,17.1,3.5987442531572,3.5828233809281516,2.891341904256662,3.3962868898210714,4.197953522900652,2.6617164611816406,8.575387070692825
GSE40279,16,GSM990449,7.7277214952871205,3.75,8.319042512728718,8.293955513896659,8.188575048062775,7.676706058195997,9.170611357058593,9.847328186035156,9.494413417396846
GSE40279,16,GSM990450,14.149697197886496,21.1,12.979262217702933,12.908319229984011,12.315047861109543,12.641443928947112,11.884903209915901,11.139698028564451,12.806997208180391
GSE40279,16,GSM990451,2.9634352286829273,9.1,2.805221747840923,2.7876603729356324,3.999396786541176,4.0147314899661835,4.090088859439165,4.594947814941406,2.7579323171507713
GSE40279,16,GSM990452,22.2917272085402,8.1,23.628337687746626,23.950368518896628,31.054375719985966,28.75360290700932,25.75651835544079,28.147262573242188,11.699323463511302
GSE40279,16,GSM990453,3.024613017634647,3.0,3.2995753838433366,3.088395283324851,4.71110558870283,4.969330069849824,5.8894028674266306,4.0670623779296875,7.12938974907722
GSE40279,16,GSM990454,9.677924991212967,11.9,8.979016182684884,9.180364910115964,7.048093865452157,6.52288574930761,8.950375850165441,8.841506958007812,13.723980293887376
GSE40279,16,GSM990455,15.926567067526381,13.1,14.480715605207356,14.77684161363688,14.720919083039608,15.35752194812532,13.007155911434557,17.016281127929688,7.143565408325401
GSE40279,16,GSM990456,3.3893285678376373,9.9,3.6230765298489906,3.5628821285704433,4.171687436277653,3.2968562809292536,6.8447051563105274,0.55328369140625,16.88419874334729
GSE40279,16,GSM990457,8.149671877232159,12.9,7.857547398442475,7.654549064210984,6.297409144008089,6.594295276658559,8.781113507611103,6.2530364990234375,14.377251638018313
GSE40279,16,GSM990458,3.5504813573658582,11.1,2.7894616169421522,2.8421487532174936,1.8867518590608445,2.0111399773416494,2.5689943559163595,1.1328277587890625,3.4551968453113835
GSE40279,16,GSM990459,11.816012183520321,6.0,12.304046827982676,12.15928147204669,12.388705374153304,13.19819251049121,12.596856709017818,14.392326354980469,10.759496396956092
GSE40279,16,GSM990462,10.883947275526426,3.1,12.306624672594202,11.978400455442495,17.14729998258013,17.368974670691568,14.099227607445197,15.729995727539062,3.5825923650895
GSE40279,16,GSM990463,8.022374091586418,7.9,7.834467399419279,7.445889041981021,5.705657442712569,6.699084189686178,7.449281681968246,8.169326782226562,10.926524784046213
GSE40279,16,GSM990464,4.079166071002737,13.1,3.111923618610949,3.060859483874782,2.2324399724698973,2.8527426867625296,2.754592743244046,1.2988739013671875,6.248105629939233
GSE40279,16,GSM990465,3.9391857328606563,3.2,4.508596724476805,4.4531464618176155,5.290470060206621,5.0798600269477365,5.071641453249873,6.2705535888671875,2.766817262484437
GSE40279,16,GSM990466,2.160106445379113,6.9,1.7716904063381889,1.811092866490707,2.3259091936252956,2.3228217987582847,4.116997173826046,0.991424560546875,8.689392035213299
GSE40279,16,GSM990467,8.856465801723314,19.9,7.515108119076265,7.588407792136236,3.7825061546185745,3.5332636034155507,8.099537842987019,4.3210296630859375,21.555322135589996
GSE40279,16,GSM990468,11.606422457956786,3.0,12.407899474078011,12.68419820358471,14.499020776012298,14.611395509546375,12.915065614320952,16.610763549804688,3.9809098488623986
GSE40279,16,GSM990470,9.701648010814518,10.9,9.306625648676315,9.262877489850776,6.680268287180101,6.273255677318627,8.423289052970384,9.294654846191406,12.571636742137315
GSE40279,16,GSM990471,2.0934673435275166,6.9,1.8790768403923181,1.8652725378018638,4.7012897219635645,4.503861915137671,5.341991912633194,1.98272705078125,7.504288767734136
GSE40279,16,GSM990473,3.919414673912402,8.1,4.0043763083588875,4.148339388306166,5.530174961659985,5.381469957977348,5.259583462643652,7.275901794433594,3.2695233458012583
GSE40279,16,GSM990474,4.013395540124176,17.1,3.4059624791729837,3.3529750440224944,3.9956312033904937,4.106640128144212,4.855908862893877,4.8379364013671875,8.400401076683446
GSE40279,16,GSM990475,2.684003137178379,3.0,2.7764431891784804,2.974502843721127,3.008660193761226,3.172061134010136,3.8441208711461576,3.4973373413085938,4.067583954335854
GSE40279,16,GSM990477,3.4818379027450006,3.0,3.55310619442258,3.3352995276208617,3.4780130137885252,3.0408600643014165,4.203318519556559,4.831520080566406,3.652186707706393
GSE40279,16,GSM990478,6.6574154455035455,4.2,7.324220201218873,7.446451974585872,9.028156789328802,8.678933293658881,8.03667507724012,10.994434356689451,1.6742329458785907
GSE40279,16,GSM990479,7.597256000980709,24.1,5.716077886065004,5.725118787742449,2.539316947286527,2.5909042277504275,5.138914502127447,1.0174102783203125,14.104812961948912
GSE40279,16,GSM990481,10.823177978460706,6.9,11.44086537116427,11.050378030927446,11.0020184782752,11.759643585763698,11.75073431990333,12.563758850097656,12.469087585249424
GSE40279,16,GSM990482,6.657667211698272,6.9,7.265396344395279,6.9635874843062595,7.044088059599626,6.3478484673280215,8.431108173890413,6.651802062988281,12.32623394039108
GSE40279,16,GSM990484,4.101216876751698,3.3,3.9393619417313643,4.0790582982090084,4.286159019893275,3.9545609504757473,4.852368733728116,5.11956787109375,5.560899943114444
GSE40279,16,GSM990485,5.392698034684856,17.1,5.367755967389085,5.570534284469643,9.225252040527943,8.703642584510913,9.642094578426427,10.610679626464844,7.051270133269182
GSE40279,16,GSM990486,4.11048688486501,14.9,2.8975174846173366,2.840743368660217,3.117721585957421,2.989123927092514,5.729014222918012,1.186614990234375,15.823035321293574
GSE40279,16,GSM990487,3.7989048672064087,12.1,2.975034255646467,2.886812869957211,2.2314726401942435,2.9924804228624216,2.6217075524640867,1.243976593017578,4.345552389083435
GSE40279,16,GSM990488,1.8020587211633299,3.0,1.669014325468245,1.6753557483316825,1.8657502910790782,2.2065738003074364,2.4574495682610364,1.4867324829101562,3.346303899894192
GSE40279,16,GSM990489,3.6702173737102926,5.1,3.3209247978244827,3.8916665381030966,2.975971798721109,3.2769192677291437,4.698262163439217,3.1948394775390625,8.145327468856223
GSE40279,16,GSM990490,14.107563923578294,36.1,11.36127948755897,11.012707359452957,4.973715400178995,5.781798938872294,8.523252352011834,3.814006805419922,23.385448669107205
GSE40279,16,GSM990492,7.136339432320204,4.3,7.001245824841112,7.334224846856072,7.148217852162024,6.77868543660918,7.332885686804526,8.588905334472656,7.920654784126128
GSE40279,16,GSM990494,14.95840219970025,3.75,15.75740271374199,16.16110377691174,18.469332977414116,18.89929546720716,16.80640331223482,20.10997772216797,6.143722071571179
GSE40279,16,GSM990495,6.309758617734838,8.9,5.842483716738445,5.808337437952778,4.730857321482157,4.6377289269271875,6.512883471927123,5.3187103271484375,12.096242172055234
GSE40279,16,GSM990496,9.080928320856511,3.0,9.951660722357563,10.142725692525712,11.345864289193727,11.307801205252654,10.314729744535192,13.444965362548828,3.295331468271189
GSE40279,16,GSM990497,6.951746278745395,17.1,6.022666238089994,5.768487416265474,4.385163888927911,5.039927632942613,5.5826028813273085,2.0368919372558594,12.163364174078986
GSE40279,16,GSM990498,6.94854369942785,5.1,7.848530885215462,7.718348839393956,9.409500993319302,9.260235916107263,8.552744197015622,11.671077728271484,2.217036772305045
GSE40279,16,GSM990499,20.34932604558138,42.1,18.046650640856353,17.903715266312055,12.434736274293211,12.297176196332133,15.336694276274974,11.13375473022461,28.123782694650448
GSE40279,16,GSM990500,20.54469974481676,40.1,17.823414189465513,17.6547374962018,12.136478993274835,13.324419471392464,14.746292161158673,12.249500274658203,27.970736211144107
GSE40279,16,GSM990501,14.441007202920735,25.1,13.14750508117072,13.444983518280313,10.667028193867237,10.379347648420024,11.229802163597865,9.876296997070312,14.834664518228001
GSE40279,16,GSM990502,11.129688776028583,28.1,9.109377421554269,8.668781419513362,4.750040922576627,5.685326378008616,7.074729037506524,3.1273269653320312,17.162723833421587
GSE40279,16,GSM990503,10.866524889844209,24.1,9.325835346911834,9.348432166396126,6.613455517950639,6.804382045289953,8.091921996546109,4.9082794189453125,15.31536367811849
GSE40279,16,GSM990504,16.429882173038525,42.1,13.378987507683936,13.020928423221182,6.218213376073267,7.218071770090484,10.64570429667268,4.482282638549805,29.27761332641174
GSE40279,16,GSM990505,12.086288595195835,21.1,11.204663180098333,11.033863021672019,9.905655374765116,10.391221783937121,10.576708443250862,8.211776733398438,14.095115846665644
GSE40279,16,GSM990506,5.798232318316469,13.1,4.761231757706163,4.734022547365633,3.537309024586085,4.449644822309656,3.6168758727579644,2.189849853515625,5.3058583351492885
GSE40279,16,GSM990507,18.424505289187902,35.1,16.516576297003834,16.13526491345637,11.320771234834373,12.259435620281971,13.295744133409176,11.336814880371094,22.888936619739166
GSE40279,16,GSM990508,9.859012193977438,3.0,10.977724464575005,10.97751902844824,13.162307929321395,13.652381193823013,12.313386126534033,14.13067626953125,6.4008776583617975
GSE40279,16,GSM990509,8.687587563401275,13.1,9.302460954320516,10.111674930100936,14.443056751409262,14.90211118281375,13.85553738620126,16.176864624023438,8.08435175841161
GSE40279,16,GSM990510,4.9262583098345205,22.1,4.099418078032197,4.151489860947029,5.59757761999005,5.441091320834628,8.173451150178426,6.9810791015625,12.291317621598177
GSE40279,16,GSM990512,2.7480822918741423,9.1,2.463315588345462,2.5306635579925207,3.038762731322193,2.619977149624046,4.271092102246238,3.633819580078125,4.629677791044518
GSE40279,16,GSM990514,2.8565891662118434,9.1,2.4602910637401108,2.3336924507294916,3.474448156730118,3.831307486007141,3.356858229213722,1.685272216796875,5.9914251299365535
GSE40279,16,GSM990516,3.5221445031144833,14.1,3.1267219127303933,3.2055226601822753,3.5050084355150632,3.87880330337983,4.35199829474824,5.2407684326171875,5.193887200848569
GSE40279,16,GSM990517,14.360227642493992,37.1,11.570792112928892,11.086450587120428,5.7026025362015975,6.771653299558859,9.143902261398086,3.692085266113282,23.59534954296284
GSE40279,16,GSM990518,16.07210911403775,46.1,11.77719546011962,11.36402276303267,4.162254903908458,4.925910338724578,8.700380739230487,1.625619888305664,28.659701720407952
GSE40279,16,GSM990519,5.69383418252566,26.1,4.639162697751816,4.662585637758664,6.085801628372093,5.769794797606546,8.294676163287217,7.35052490234375,14.822414358878024
GSE40279,16,GSM990520,5.870007601366902,22.1,5.4421633792293544,5.566220723110186,8.374608204128444,8.991367340989843,10.560102016653328,11.297767639160156,14.264064283044737
GSE40279,16,GSM990521,8.578268936170149,25.1,6.597063659971768,6.679360796521647,3.484105757915934,3.0827337704655013,5.512048501142277,0.3501205444335937,15.345321175018446
GSE40279,16,GSM990522,12.356911834291981,32.1,10.199170788995726,10.067049695913534,5.901216607738554,5.431877059192191,8.757677039397535,3.0173568725585938,22.21409835226283
GSE40279,16,GSM990523,15.555178742976349,42.1,12.603776307751094,12.432218509319215,6.755481096317041,6.752921263972638,11.136036284326572,2.9666595458984375,30.278987928592812
GSE40279,16,GSM990525,18.027724096957943,41.1,15.499436894612995,15.170555561122473,10.22434700507704,11.199070574806047,13.832699910681555,7.809806823730469,29.49347929155082
GSE40279,16,GSM990526,11.762555889996946,18.1,10.121062141496145,10.521306863405702,7.673709064268769,7.171377703369089,7.999202336555024,9.009536743164062,9.799786652489503
GSE40279,16,GSM990528,23.693033482595293,50.1,19.87139163060936,19.84253678509158,10.708341417004155,10.886204685545747,15.844534313405598,12.52548599243164,37.40957507915872
GSE40279,16,GSM990529,14.393592923625386,25.1,12.210108418877125,12.5288116062734,8.95617928966134,8.86386578741602,10.261955052804208,9.808700561523438,17.162661504109835
GSE40279,16,GSM990530,18.08216237606664,20.1,16.98000403983019,17.318779748385122,16.146460628137326,16.252356536966992,15.336496959758303,17.14032745361328,13.163937357313888
GSE40279,16,GSM990532,11.225729888807846,25.1,9.305809217475208,9.071937789649029,4.9886244745837285,5.127823111848261,7.368957015598733,4.971427917480469,17.69166422095667
GSE40279,16,GSM990533,4.527148148217194,7.1,3.686311133382565,3.903134502261588,5.079301509663615,4.482176076289783,4.352132659559215,3.2791290283203125,5.703158244880139
GSE40279,16,GSM990534,20.70893485791434,39.1,18.174250614746324,17.88195069577153,11.15572653686382,11.687517589836597,14.868389197891542,12.901939392089844,30.335899115182013
GSE40279,16,GSM990536,10.651278106126819,33.1,8.206266775627263,7.888877812718958,2.880501404080964,3.4595020923434667,6.899498122654997,0.49658203125,23.74514816630713
GSE40279,16,GSM990537,20.033688784009215,44.1,16.770809548018242,16.586190770881146,8.18938496243592,8.705036061941657,13.094769896378882,9.60708999633789,33.61360625946129
GSE40279,16,GSM990538,17.217973358468385,33.1,15.0281569362418,15.119378665823874,9.638585532360056,9.751182542342935,12.394333684026241,10.463088989257812,23.936890250267986
GSE40279,16,GSM990539,21.068888762548177,48.1,17.362865393413554,16.977921293580867,8.064754024048252,8.844539883021987,13.58071114856067,9.16357421875,36.707146854912324
GSE40279,16,GSM990540,17.62954463687371,29.1,15.863445303893025,15.63048287916269,10.907238992481075,11.069923077022551,13.163611730276255,12.72454833984375,23.182442173284535
GSE40279,16,GSM990541,24.580000476493634,47.1,21.23962816675068,21.068023232949916,12.816306673097207,13.404426477178783,17.470134056720774,15.04150390625,35.8994202393888
GSE40279,16,GSM990542,14.390806631627196,33.1,12.173533585043597,11.917121933016546,6.094647480156292,6.644676651651849,9.432731572680868,5.981529235839844,24.962571268999646
GSE40279,16,GSM990543,10.041707010498701,11.1,9.375328056617194,9.200528408827912,8.1626828621914,8.45266809809605,7.870913010919951,9.502227783203123,9.577340826258757
GSE40279,16,GSM990544,4.088068607473074,13.9,3.257618229831535,3.195987588667974,2.506233058520137,2.507557816467318,4.52909516939959,0.47801971435546864,11.141405332349686
GSE40279,16,GSM990548,6.5410330007123765,3.55,6.420033758945135,6.870984021464032,7.242968296390108,7.006927112634787,5.798541928964244,7.8881378173828125,2.956989727006341
GSE40279,16,GSM990550,14.909046501345989,12.9,15.00285834015572,14.845066429997164,15.221302549954128,15.730505004694455,14.960840021184094,15.846878051757812,12.393972255228515
GSE40279,16,GSM990551,2.4551084750359693,4.3,2.316113989719826,2.6956747814064803,4.318964442815767,3.8772576751385395,4.5251428967802125,4.035469055175781,4.757266311535753
GSE40279,16,GSM990552,2.976223304886397,7.9,2.7635414167290904,2.5894057429328385,2.3345023008135093,2.3889360137160267,3.35304522410432,0.699066162109375,6.312275912369488
GSE40279,16,GSM990553,2.7816000222711437,10.9,2.4427203845853454,2.233863032819008,3.1389766710066573,3.017251530054304,4.279088173087805,2.8086090087890625,8.675362402951546
GSE40279,16,GSM990554,12.78707846888983,9.9,13.253513745862032,12.908959239747503,14.579225606008032,14.799680454945786,13.922047424934203,14.092910766601562,10.754441163203385
GSE40279,16,GSM990555,1.6804641953191848,4.3,1.9014690545692345,1.8211132248338722,3.202453634080702,3.0780925408713147,3.9337469177734183,0.826171875,6.858612408973616
GSE40279,16,GSM990557,11.633920797914149,15.9,10.986055719093473,11.019843344211724,9.991228071584091,10.00899172240908,10.421175304253993,9.940475463867188,10.444094506097194
GSE40279,16,GSM990558,4.7963791374513685,21.9,3.4941468622923084,3.667305820994725,5.610240202942643,5.439316559911875,7.4034333488426025,5.902168273925781,13.872197056127295
GSE40279,16,GSM990559,5.284431217759492,15.9,4.7988751385613515,4.388463868719426,3.4146193375264415,3.2444966148874967,5.00905827315548,0.7062301635742188,12.067363334098419
GSE40279,16,GSM990560,8.415717541741705,16.9,7.382993664958251,7.029385959404953,5.398372593682899,5.682154960148791,7.254117180957169,4.95391845703125,14.007009411619242
GSE40279,16,GSM990561,5.285697486283859,5.1,5.752049574971755,6.023284827689358,8.046620405024361,7.8165413162930575,7.306176331641366,8.977088928222656,3.4678091253175922
GSE40279,16,GSM990563,6.015152575347525,17.9,5.4788715713734994,5.159776926300202,2.789413031803805,2.9034730499648256,5.368378285315826,0.8541107177734375,15.070128588261344
GSE40279,16,GSM990564,2.2494378330778146,6.9,1.920824831682951,1.7457662588506324,2.084510983638874,1.8930120340946743,2.9417919989901797,0.623046875,6.052890365412458
GSE40279,16,GSM990565,8.520191109482738,11.9,9.833322872128583,8.979313793847922,10.616412096114301,8.780452432134258,11.967288774809678,7.1988372802734375,17.619638498643635
GSE40279,16,GSM990566,5.98757370905567,10.1,5.129455729202897,5.344351129566705,4.544781693182567,4.552659764632253,4.663565790289061,4.1682281494140625,6.7046024154760175
GSE40279,16,GSM990567,1.6965062210179738,4.3,1.8334167563988388,1.6991479973890917,3.1199412430675935,2.6613649644852098,3.4596919099427224,1.0552825927734375,7.556777834364394
GSE40279,16,GSM990569,5.704701038538927,15.9,5.082741152214352,4.506250508651638,1.7500511130040493,1.8945151431753318,4.014216687315009,1.4346160888671875,11.955022820543109
GSE40279,16,GSM990570,1.6107243389214105,3.0,1.9223416949341594,1.9828863149441482,2.221433801142724,2.239542777656128,1.892862985620947,0.0271682739257812,2.618016520049246
GSE40279,16,GSM990571,16.236896156355538,15.9,16.43487516204308,16.360625661449667,16.979645271183358,17.147736166554886,16.863764753736,16.473663330078125,14.771026996456461
GSE40279,16,GSM990572,5.105598272118202,15.9,4.1927625851805335,3.789216505148162,2.8054209208893157,2.6689572734776865,4.407258962153209,0.3972625732421875,12.746910413322476
GSE40279,16,GSM990573,3.865997640500349,14.9,2.92307346149369,2.5262066653208626,4.410441111164626,2.9515714324384286,5.514919748314739,1.9102783203125,13.729978443927692
GSE40279,16,GSM990574,10.114407845233846,13.9,11.093245838045762,10.251942268252119,11.27310477042806,10.735860254899272,13.319159275761843,8.622817993164062,20.41414642591066
GSE40279,16,GSM990575,10.40083646337989,3.2,10.569915080373855,10.76568850052293,11.844370537071455,12.072230219860687,9.866608729812365,13.785652160644531,5.010647052946226
GSE40279,16,GSM990578,4.0023780048839805,17.9,3.11649385134004,3.5087108619589413,5.963525672913722,5.592216110693103,7.001396724985556,5.445831298828125,7.767223993876596
GSE40279,16,GSM990579,8.62164320699317,14.9,7.439748759910108,7.652763888604829,5.640532204809519,5.3748516430398405,7.907176861907421,6.085052490234375,14.077784935782763
GSE40279,16,GSM990580,4.954716237820015,12.9,4.118123180451861,3.65794488864166,3.1773713471106264,2.360930017819239,4.843638890586801,1.71893310546875,10.484899590074994
GSE40279,16,GSM990581,11.347998348326309,23.9,10.53830374023509,10.196270246735839,7.5426612664155,7.52198021887528,10.935404275306679,6.1806182861328125,23.378012626962693
GSE40279,16,GSM990583,2.7584039186104454,10.9,2.5200385256815054,2.5129581557479894,5.4980859105506354,4.3507158886664445,5.947896036416267,4.268829345703125,10.835678093141407
GSE40279,16,GSM990584,10.696058439713763,18.9,9.98792707015428,9.910732886029468,7.7318528034884455,7.5936532238753545,9.942784296619749,7.351654052734375,16.74887835084514
GSE40279,16,GSM990585,2.0587096902975226,3.75,1.7865644477148521,1.7862327451538,2.8180277822478823,3.0706385930345315,3.662546340224317,1.15606689453125,6.12555292571559
GSE40279,16,GSM990587,3.342666559883587,13.1,2.878082878419389,2.868573713472546,4.3198084184717,4.405618532339787,5.116535729229646,3.4713821411132812,6.140059303879687
GSE40279,16,GSM990588,8.097598516579145,22.9,6.933422641919725,6.526068260916922,2.822239925752137,2.8751337969895205,6.342107723876591,1.6664276123046875,20.608783032698735
GSE40279,16,GSM990589,2.7051123066544656,8.9,2.0855552733932163,2.0984556709433244,2.630004126027,2.5604656860682047,2.873043821556948,0.7291259765625,5.717369261459769
GSE40279,16,GSM990590,2.253136790076847,3.3,2.0273772934867473,2.2331203679195135,4.259990239133718,3.8894051601499386,4.027735552619294,3.0895309448242188,6.025414062826898
GSE40279,16,GSM990591,22.064442567996444,19.9,22.883428110687948,22.685614690578923,23.597221014741223,23.33939271850084,23.789489986162014,23.067916870117188,23.164639994935396
GSE40279,16,GSM990592,3.738482080249951,15.1,3.481598089808363,3.5176912607525885,6.932103280966648,6.90471306691242,7.467753949039503,5.937294006347656,8.912374770007712
GSE40279,16,GSM990593,2.055087690997314,3.55,1.8231363757443682,1.8449368009528608,2.4591782413086505,2.425598181494144,1.9450962009288024,0.1958160400390625,2.782415209053185
GSE40279,16,GSM990594,2.721790318629074,6.0,2.6882788329540666,3.0891754262443527,5.485177355042536,4.731960253152619,5.513855063970433,5.117042541503906,6.871967880823983
GSE40279,16,GSM990595,12.221883563647493,20.9,11.672197988462958,10.480138650100436,10.087662403188428,8.587594630339709,12.520770100929209,8.678535461425781,24.606438733268966
GSE40279,16,GSM990596,2.07868858894276,3.55,2.289254803189281,2.2941684119300394,4.124017645084824,4.113662600661601,3.932530275141867,2.628559112548828,3.6860367104955074
GSE40279,16,GSM990597,6.2578447153594405,7.9,6.8139988875529856,7.177948015553945,11.075837585630135,10.780660689443572,9.996004705160056,11.31781005859375,4.3133877004706775
GSE40279,16,GSM990598,4.157579347623679,12.9,3.7206783069588996,3.203039738229431,2.2242942642548593,2.3912678995738603,4.233112981078939,0.41729736328125,13.272610967685035
GSE40279,16,GSM990599,8.815918663630537,4.2,9.02096457098539,9.540960550287597,10.64092173026096,10.08813886936984,9.40355545589399,10.697967529296877,4.528570306945811
GSE40279,16,GSM990600,9.149088843373772,11.1,8.291240497217492,8.62618070832292,7.692193817106812,7.27053551518208,7.238779837450421,8.236030578613281,6.506738081722848
GSE40279,16,GSM990603,1.8742748080880829,5.1,1.7734451934804327,1.8601545917427955,3.0326478583375818,2.5994951256048253,3.2611576376239406,2.2869415283203125,5.134111653919214
GSE40279,16,GSM990604,3.0471466458211105,3.0,2.9362748973292576,3.1250933185606122,4.7348517438061375,4.572747060909221,4.40454888597516,4.007286071777344,4.363024957604023
GSE40279,16,GSM990605,3.8983173037418135,13.9,3.2980053964836777,3.0109369554372227,2.6066004010152697,1.9946351803430147,3.8717453278068445,1.0396194458007812,9.969536527362122
GSE40279,16,GSM990606,3.39765161535245,13.9,2.9854783530698112,3.1535943827532464,4.872974679623006,4.29464934451126,6.3905251102114295,2.91845703125,13.379369746677648
GSE40279,16,GSM990607,13.793405616721234,3.1,14.429835222184314,14.75850956160426,16.55129353488204,17.464139913118377,14.96996091090809,19.85877990722656,6.575580131769951
GSE40279,16,GSM990608,12.455529203184879,5.1,12.558912725096459,12.955298518201868,12.340371779235008,12.470779163205652,10.522011564413607,15.444076538085938,4.443266517867386
GSE40279,16,GSM990609,23.836926409568743,19.1,23.525576209698404,24.102839524714803,23.558005743999697,23.389370599859415,21.521841195870042,25.72747802734375,13.896045877325339
GSE40279,16,GSM990610,16.555091819646186,5.1,17.83354953445411,18.98511168729378,23.151765407260203,24.419792463880512,19.75735716990559,25.368064880371097,6.767925778283673
GSE40279,16,GSM990611,1.6829908906806395,3.0,1.858825754197697,1.6813484421687122,3.6347278285172164,2.731888510736292,4.008004584286435,0.7241058349609375,7.35778950525553
GSE40279,16,GSM990612,4.431228775632857,16.9,4.363189654251484,4.7205239520785,7.973265444106898,7.44898970203927,9.672616017235823,9.401199340820312,14.406105528002405
GSE40279,16,GSM990613,1.905235624912639,3.55,1.8486800856315,1.9250247177269344,2.8940170222104857,2.7676402871407566,2.565761837367311,1.234161376953125,3.537233670400454
GSE40279,16,GSM990614,8.268418653016374,3.1,8.6350097562395,8.907652612605856,10.48700218494289,10.373497949975638,9.370124611222485,12.017410278320312,4.244009665206695
GSE40279,16,GSM990615,5.229351668331743,19.9,5.139233918656231,5.635847806505202,9.546674023561524,9.456143677512195,12.329826001520626,11.159660339355469,19.45750829538
GSE40279,16,GSM990617,4.898312380972692,3.0,5.4157836769821355,5.805585284518108,8.511271403355313,7.101444133253001,7.969886585148364,6.8152313232421875,5.832467900859426
GSE40279,16,GSM990618,6.0681282776453696,5.1,5.198578646215388,5.832118821081899,6.281487554139398,5.395530879747295,5.460617106112241,6.378929138183594,5.28264384593157
GSE40279,16,GSM990619,3.633953337266,9.9,3.8172332783053498,3.567333801007172,4.605194674590368,4.316226854387251,5.764843317816977,1.035308837890625,12.403145155635308
GSE40279,16,GSM990620,11.764937274292128,22.9,11.383947030970464,11.018465397599488,9.80359377336546,9.781522908031713,12.680635761656854,7.19110107421875,21.81437357090129
GSE40279,16,GSM990621,6.645610213947035,3.1,7.089129565380057,7.414307433641011,9.162861897640784,9.085387317543976,7.923869794591781,9.714065551757812,2.9565242349395637
GSE40279,16,GSM990622,3.346647976627396,7.9,3.5549674406731944,3.9304273312546556,8.13150146759958,7.893813354397669,8.261813931328188,6.892219543457031,6.956299873897841
GSE40279,16,GSM990623,3.312324865894167,8.9,3.3469062481640925,3.7010857894078675,6.586204902555288,5.856457203160227,6.780976971464459,7.0267486572265625,7.518738178074576
GSE40279,16,GSM990624,5.083941390237296,3.3,4.938974902855431,5.435907341442447,6.642530497847133,6.253336253858223,6.408393768494749,7.7559051513671875,5.458313810244457
GSE40279,16,GSM990625,8.853782622241301,3.0,9.401689513370005,9.415956263388328,10.807357181350223,10.784451335205718,9.204486111383078,12.009719848632812,3.23160042338517
GSE40279,16,GSM990626,6.124971172592411,8.1,5.522312317984943,5.726029661443503,5.520269790262298,5.111690503531462,5.10359607083217,5.2011566162109375,4.872097935106312
GSE40279,16,GSM990627,1.9861393525168993,4.3,1.9096553312278304,2.136246027493011,5.033955483612657,3.775539147329975,5.20693632834319,2.797607421875,5.623344500675296
GSE40279,32,GSM989827,2.7641254596053906,1.55,3.718484746991204,3.749579949640365,7.808039895915418,8.202356382291935,5.6498408638913125,3.4274444580078125,2.1342844012864246
GSE40279,32,GSM989828,4.4981083110358835,21.45,4.747154670469008,4.9788695594511685,4.614114255398105,5.16336082424818,6.03125577183787,2.2519607543945312,9.693616729303969
GSE40279,32,GSM989829,5.07058257666509,1.75,4.697995654870729,4.706672966059301,3.473351155798504,2.8697483506754695,3.9312889921272314,6.769950866699219,4.275486215785848
GSE40279,32,GSM989831,4.881473372884063,5.55,4.15568778703914,4.070903301758186,3.161814520601125,2.87791386622171,3.5276168832615418,5.13116455078125,5.752797923902408
GSE40279,32,GSM989832,15.150308854496222,19.45,14.9900840857416,13.923851034240858,14.817167198946688,13.62841295550698,13.8209917182066,13.181785583496094,11.345927928965505
GSE40279,32,GSM989833,6.5495800787714105,5.45,6.909830086624856,6.775226908368746,10.04116915446418,10.217793683254659,8.020819847403272,6.448005676269531,2.525800271780492
GSE40279,32,GSM989834,1.4875480784084125,7.45,1.6457007283654548,1.6950256188614348,2.8273121094906015,2.8531478503685443,2.399226078457102,2.3640213012695312,2.7452555319306264
GSE40279,32,GSM989836,11.056159433053567,15.45,11.246893387629266,11.879635841291032,13.960286518501954,16.63802492047311,13.875719500120203,20.704742431640625,5.374423286593897
GSE40279,32,GSM989838,10.269827728179804,19.55,9.965533540477887,10.341485933880822,6.410773927770974,6.399744879552516,9.177654788526795,7.54205322265625,18.390803680545286
GSE40279,32,GSM989839,2.014312411808892,9.45,2.2431333128275464,1.771446314831912,3.053989660868479,2.528244418664503,2.8119961327532783,1.3083877563476562,3.637144658402363
GSE40279,32,GSM989840,6.687568061065781,13.55,6.427126547939812,6.274156503329065,3.6097663573930836,2.740505696715097,4.902367370129414,4.7958221435546875,7.461883168879119
GSE40279,32,GSM989843,9.754026614768161,1.6,10.357414867155839,10.369548776097046,10.685877590545674,10.557555261975862,9.875415890308174,13.765357971191406,5.568170115362849
GSE40279,32,GSM989846,11.036155733407643,7.55,10.548153216125685,10.583239049687302,8.0513974664811,7.889023062069315,8.79771620289679,12.723495483398438,7.931699397429878
GSE40279,32,GSM989847,3.299148598741225,11.45,3.1823149305709224,4.168000160231876,7.102116280541118,8.22313247015451,6.211484267257989,8.504745483398438,5.648470217155455
GSE40279,32,GSM989848,8.751113008412702,1.6,9.159498999155764,8.66430808261956,6.9783484874521235,7.087899363910817,7.1750257978313865,12.415382385253906,4.119040816587424
GSE40279,32,GSM989850,2.762680886006361,16.45,2.6350478732741225,2.8204228061017993,2.8430741682974334,2.7814331001215202,2.9095265265413666,3.2963943481445312,4.198127242572974
GSE40279,32,GSM989852,2.020282985125988,6.45,2.2700618212369705,1.635030009707097,4.303862543752944,3.123222175661057,2.9914261635424877,0.0109405517578125,2.9171758156318917
GSE40279,32,GSM989854,18.594950336116536,11.55,19.032349129860883,18.921723889879924,18.830497983873943,18.99657879826927,17.22653712160555,21.512908935546875,13.705671262956482
GSE40279,32,GSM989855,5.081004389850351,4.45,5.077107983972172,4.635939420613085,5.36562627780365,5.1203579469945755,4.851864015868231,8.858489990234375,2.2044067269807357
GSE40279,32,GSM989856,2.4067511183246717,7.45,2.2368657584055915,2.3951636373503797,4.382951842626278,2.732894092574812,3.472186176584697,5.995368957519531,4.63165829363106
GSE40279,32,GSM989857,4.34598802257442,11.45,4.3848655818064035,4.926240009088593,6.232736405407879,7.133066904450407,5.839685818657598,10.274627685546877,2.7314433977089587
GSE40279,32,GSM989859,5.845380866373888,14.45,5.931497426470555,5.525253888067836,5.7760661542686496,5.129068386208488,5.854777791942919,2.3875274658203125,7.7633062802866775
GSE40279,32,GSM989861,8.47398471837048,11.45,9.42076845650151,8.99140441682,11.575270522025951,12.732275180692115,10.804096963013837,15.847366333007812,5.437814551300514
GSE40279,32,GSM989862,10.789821963362865,13.55,10.431793012696975,10.44252052176388,7.789805159652174,7.59726187718496,9.367526836320678,10.315948486328123,13.79754761511552
GSE40279,32,GSM989865,10.147943504145788,16.45,9.536639097387518,9.106321138552543,7.039270760020476,6.250559388486971,6.861055404286672,7.488113403320311,5.186688955290029
GSE40279,32,GSM989868,4.255746163053543,6.45,4.6927138466506735,4.626663223687913,5.28753189656318,5.065206023540254,4.503573653539436,8.438980102539062,3.5563897422380535
GSE40279,32,GSM989869,12.297782272423127,9.45,12.19672152266051,12.382353871466552,11.979849370183501,12.4752968234011,11.409021876856027,12.800994873046879,4.802350907658579
GSE40279,32,GSM989871,7.284684085620592,19.45,6.752515026905617,6.233233537099574,2.1248500602749987,2.5136964582887784,3.760515315150272,2.595703125,5.366789130687481
GSE40279,32,GSM989873,9.283451004882417,20.45,8.10561319248321,7.521238968959816,4.459484052904014,3.7557994257336182,5.079658584119322,4.938301086425781,5.280740316390303
GSE40279,32,GSM989874,2.7105085665845676,1.75,2.4534732514548727,2.4374196723247885,2.62383544309405,2.3737984390662397,2.6988495440175106,3.5943222045898446,4.8062630611801
GSE40279,32,GSM989875,5.043581040516621,10.45,4.3621485285084285,3.8755135652005364,3.6886864311133665,3.0730334001677106,3.9794054888233523,2.6919708251953125,3.1861103942698685
GSE40279,32,GSM989876,17.603079809863427,14.55,17.946251748496266,18.994583625171188,20.428951684693942,20.76313238884637,20.41338500255225,19.14063262939453,21.82720722362391
GSE40279,32,GSM989877,1.6604851165782228,8.45,1.9461191271221652,1.9994109291246034,2.677860353712968,2.3921441881226,2.18332977879881,1.8626480102539067,3.42877034609059
GSE40279,32,GSM989880,12.82001845377703,13.55,12.759127958759446,13.066824556933728,10.883042063986286,10.831625650333292,12.525301569706752,13.049179077148438,17.34728595893446
GSE40279,32,GSM989881,1.9851026217506516,5.45,2.165476257418922,2.164394856012721,3.128610140870998,3.231344060248008,2.6363356452842353,4.723785400390625,2.4980679994921298
GSE40279,32,GSM989882,21.83569304834747,28.45,20.91237560226783,20.06477404539732,17.289534306556703,17.355495908462032,17.86027690450884,19.066429138183594,14.946464323539782
GSE40279,32,GSM989883,10.75805297194334,10.55,11.00832349818541,10.630658682724633,10.214096226146834,10.050137217159326,10.626629903932397,11.311424255371094,14.46260451277514
GSE40279,32,GSM989884,7.436169092244109,8.45,6.576935815419581,6.6545754855043615,5.341333312134021,5.480416652882824,5.556594758116901,6.6033172607421875,2.2236392935478193
GSE40279,32,GSM989885,10.566709241358339,20.55,10.079895548697413,9.960243562894215,6.675902001208906,6.448406813624068,8.396507313984186,7.595123291015625,15.017487476165192
GSE40279,32,GSM989886,8.41711742068329,13.55,8.173812217163276,8.128839203237984,5.409612202637584,5.381503958828401,6.9353225073072835,7.123912811279297,9.414686925619263
GSE40279,32,GSM989887,3.9591557998737734,5.45,3.392454436223855,3.071817238956836,3.639206150892271,3.157151898781816,3.6405337218983256,2.962310791015625,4.61301538093464
GSE40279,32,GSM989888,8.613627640356452,16.45,7.572904624454995,7.4241055831934135,4.046483980077655,3.6989658518662325,5.538708225281527,5.422149658203125,7.378139065000754
GSE40279,32,GSM989889,12.983828009846402,5.55,13.183647917939556,13.212859536320016,17.629844248244897,16.672958300223634,13.910885678326844,16.037132263183594,9.80629251997362
GSE40279,32,GSM989890,8.44898483441189,21.45,7.467328984206672,9.062116468592118,4.732232098900381,4.999593278449931,7.469741085712821,3.4716339111328125,7.537215652565
GSE40279,32,GSM989891,3.054811495338825,1.6,3.3995237771036435,3.612578555404803,3.35386110291921,3.5243132076886567,3.6677065227000485,4.7494354248046875,6.255690810181521
GSE40279,32,GSM989892,8.039207674383725,5.55,8.134118751807595,9.046600650123331,9.518078724898702,10.202717001978687,9.944701669329234,9.381988525390623,9.67520257025865
GSE40279,32,GSM989893,2.030808355100047,11.45,1.9265273179563152,1.7079954489256017,2.376953246134467,1.9433675680719424,2.5529440246381547,2.460906982421875,5.3271412557875335
GSE40279,32,GSM989894,1.6989071643487264,4.45,1.3625442537010664,1.5053594939127357,2.179802075438217,2.8057386455447797,2.062099303446246,0.19512939453125,2.892954391042403
GSE40279,32,GSM989895,1.1210267503120257,2.05,1.5159162278928762,1.6163538626838139,2.4548439998016844,2.8836430457721884,2.2300443844915985,0.04449462890625,3.846274553308826
GSE40279,32,GSM989896,3.649447703782053,12.55,4.009581721278407,4.73245125235743,5.660672651998237,4.188873429348673,5.752291074142212,0.7093048095703125,13.578804598621875
GSE40279,32,GSM989898,2.320190697799757,11.45,2.317791562803059,2.2435766009958313,2.039148754990058,1.9262536139283228,2.517382463332872,1.6361541748046875,2.9986966198509464
GSE40279,32,GSM989899,1.9651543151113209,4.45,2.0626701221769714,2.0644405435220663,2.5971828930743257,2.436339453003126,2.0934247890182958,4.488044738769531,2.426047846727375
GSE40279,32,GSM989900,7.868153274172445,21.45,7.733544640958806,7.327740064167219,5.087915679195336,5.658114012708785,7.240345088631149,2.688140869140625,10.10254777907989
GSE40279,32,GSM989902,12.571239151800118,17.45,12.69825486250307,12.226704570330893,11.844514498499509,12.049183283476665,11.700489609731129,10.402992248535156,8.0842910094398
GSE40279,32,GSM989903,5.695373713645915,1.6,5.447417235611109,5.509872586110246,8.302844857849559,7.398190273627859,5.891634474760445,8.302383422851562,5.902852866883666
GSE40279,32,GSM989904,3.0407306878979776,21.45,3.34371161501414,3.450645805171181,6.150135388098376,5.56131149633069,6.2793440231317845,7.233291625976564,7.372625498971265
GSE40279,32,GSM989905,6.908725770563021,5.45,7.180250629845176,7.300712856582169,10.40821654525312,10.592049482078057,8.923027137913898,11.665420532226562,6.3715936255713235
GSE40279,32,GSM989906,4.444910694210316,4.55,3.962513188116005,3.974045462838336,2.5412185045783184,2.2711568431420575,2.9670570224769253,4.8909149169921875,3.379699394297883
GSE40279,32,GSM989907,6.105745131392073,10.45,5.489362911122161,5.1694459150622505,4.222934174649837,4.181777237759098,4.365977586771114,4.12261962890625,2.1963701130180255
GSE40279,32,GSM989911,2.795608975136594,17.45,3.205754618598072,3.041536366048169,9.005717425216815,9.291788603056709,7.1990322694917355,7.637916564941406,8.857569094053131
GSE40279,32,GSM989914,1.6989182428464495,6.45,2.377942020919023,2.4901729318017027,4.643212488844375,4.744968229486441,4.020156207772564,4.015815734863281,4.470154367514612
GSE40279,32,GSM989915,3.138304195499581,16.45,3.226904973873412,3.7166902497147447,2.373218402138394,2.3284150636131975,3.669000654263281,2.410682678222656,6.875440880893272
GSE40279,32,GSM989917,14.95934948334013,18.55,14.802703816500582,15.301971765416207,12.574819912676073,12.997600321748331,14.147700452140688,14.199554443359379,15.679165620950759
GSE40279,32,GSM989918,9.75493165472068,2.05,10.562771999506797,10.894047738928483,13.004643286011547,13.29771868390406,11.137422028315553,14.112197875976562,5.547770347588292
GSE40279,32,GSM989919,14.208837355487043,4.55,14.614879987623908,13.845799729911738,12.09896857162428,12.107157729180814,11.175160854967404,18.0302734375,5.238223183163531
GSE40279,32,GSM989920,7.1964022879409315,1.75,7.047814126702461,7.758459911059551,10.677235345292345,10.832827831828817,8.716776310544514,9.631393432617188,5.795268943064456
GSE40279,32,GSM989921,3.738995893993625,17.45,3.3929114535491345,3.244471344061034,2.8876833075235866,3.059586751775752,4.338856226222069,1.7556381225585938,7.339203674573635
GSE40279,32,GSM989924,9.060316797587692,8.55,9.248556431520424,8.878286021808425,9.157646535730786,8.821228596030739,8.724025643381777,9.718917846679688,9.916369406687041
GSE40279,32,GSM989925,1.4405146745239008,2.7,1.5387946540724258,1.5102539116074616,2.040012936916267,2.047531803422489,2.2351856736980436,2.8584518432617188,3.4373777309535
GSE40279,32,GSM989926,8.868764321094691,2.55,9.06538913210359,8.931999122964264,9.436833493137929,9.66652612638792,8.457568739644291,11.536048889160156,4.138154791858681
GSE40279,32,GSM989927,8.113853683929618,1.6,9.109245519283133,9.363274763740677,11.957777346035822,12.517202291365848,10.448245366205063,11.557212829589844,6.951544744154956
GSE40279,32,GSM989928,2.4677359557715612,16.45,2.6664968182944917,3.109310026582187,4.385186390162026,4.205372761715537,4.269078872425789,4.578338623046875,3.411511708869547
GSE40279,32,GSM989930,10.877374410743371,16.55,10.920795838426661,10.152671773153536,9.048282008798665,8.654835909819871,9.509037433785576,9.39651107788086,12.689096888315689
GSE40279,32,GSM989931,7.493955395634709,4.55,8.270601577648312,7.876084552197099,10.886206985933411,11.184836120753264,9.995803383928015,8.994277954101562,8.814052706718199
GSE40279,32,GSM989932,4.509594469713357,2.05,4.950792126548535,5.0012156854238485,6.561035272589069,6.707725869785728,6.024403726408327,7.052085876464844,5.0633074382066745
GSE40279,32,GSM989934,8.862503219241308,10.45,8.3652562235165,9.085818105536054,10.946254090776662,11.140954833789635,10.311230766599731,7.831977844238281,8.174133741195153
GSE40279,32,GSM989935,6.8564234058053035,15.55,6.682765424350391,5.989766519066069,3.30247834781932,3.5103108303386272,5.8638929546853396,4.331764221191406,10.61974455955938
GSE40279,32,GSM989936,11.74138715715858,18.55,11.89951439731234,12.163869343837835,10.180545557521679,10.863602175927628,12.21396533982981,9.868148803710938,17.228952388034948
GSE40279,32,GSM989937,15.783956416017542,14.55,16.761241703328267,16.905698492140967,18.104913950573383,18.570603222746133,17.74120223453098,16.692108154296875,18.83019471192664
GSE40279,32,GSM989938,9.39280925974347,8.55,9.889321586186366,9.163341917896862,8.317319705280257,8.054194617302189,8.607385368754056,10.165664672851562,9.259241303677431
GSE40279,32,GSM989939,9.195302958677551,5.55,9.556207503961963,9.83653380234343,10.528540777784773,10.439272643196448,10.152243491077268,10.9378662109375,9.175855867326542
GSE40279,32,GSM989941,8.96718721152343,1.6,9.252727566613625,9.614481777443595,10.387213811347134,10.30164441550947,9.262801806815315,12.705184936523438,4.159177266894657
GSE40279,32,GSM989942,1.673751548810594,6.45,1.7678065487743673,1.953678386770541,3.351436915306653,3.6549694697578383,3.2828408553753134,3.9287872314453134,2.4341873807360828
GSE40279,32,GSM989943,5.393468649274131,8.55,5.919097785171263,5.273118754136425,4.985264939516318,5.70114446309423,5.405964252147825,4.783683776855469,5.462209527343495
GSE40279,32,GSM989944,2.130514150078728,8.45,2.2339699817262195,2.297708679674531,3.3804462902657284,3.721306180717346,3.303839421285822,5.439056396484375,2.226016723785263
GSE40279,32,GSM989945,13.01036205432967,13.55,12.807612846417353,12.924645920373118,10.224011560260173,10.085061956764866,11.655380160863878,13.305892944335938,12.726556151314856
GSE40279,32,GSM989946,12.478952003873692,8.55,12.459025753370806,12.440303645946264,11.673346722698641,11.789016450478226,11.39721797199646,14.319236755371094,6.658747980290511
GSE40279,32,GSM989947,20.381566578527305,19.55,20.331223144915437,20.677782456808483,19.150448535822783,19.805005726185385,19.731422836449173,21.150680541992188,16.957645383763186
GSE40279,32,GSM989948,16.617150144230965,22.55,16.249641515320256,15.316124180481543,11.050446605508617,11.46395981715269,13.128766009562224,15.046920776367188,15.514882902410722
GSE40279,32,GSM989950,7.582993532159181,4.55,8.109993568592348,7.8325999705788645,7.681936511885313,7.739602478482707,7.843395592658081,9.113624572753906,7.899107765270557
GSE40279,32,GSM989951,3.6306329171078495,12.45,2.986051550341396,3.400638215112631,2.4458820453761945,2.6309236178384077,3.314671772283824,0.0984420776367187,6.151153975650276
GSE40279,32,GSM989952,8.092843330425382,7.55,8.455642179674353,8.285124754604286,7.952300124176013,7.821601989660091,8.109622416219935,8.761566162109375,9.460321623954023
GSE40279,32,GSM989953,7.11916400802013,3.55,8.13401881660261,8.147765636634299,10.462280638544895,11.12490869776991,9.633546372374692,11.256622314453123,5.945785002053818
GSE40279,32,GSM989954,5.989008980842895,1.55,5.869833841166541,5.03535119220581,6.426144915364233,6.2943432762896165,5.676434963825548,8.350875854492188,4.524562170793315
GSE40279,32,GSM989955,17.99610740848079,17.55,17.38898673486707,17.371843476413257,14.711862137330135,14.464545516979973,15.371511305223109,18.63208770751953,14.123564125957486
GSE40279,32,GSM989956,7.121671226804895,18.45,6.6527336176074225,5.971337212419995,4.2217430873557,3.7159447677619672,4.812448528133805,2.721923828125,6.182489702474655
GSE40279,32,GSM989957,3.0678969159988014,2.7,3.122245607064778,2.593082241530678,3.344035653830526,2.83041542455655,3.2540948594178003,5.4574127197265625,2.91228681779153
GSE40279,32,GSM989958,9.543915133636457,13.55,9.694895746297844,9.11695539833797,6.377561895985549,6.250692937952032,7.882683376813351,8.640556335449219,11.961041539649582
GSE40279,32,GSM989961,5.12915440232012,9.55,5.64252414873053,4.901323666235684,4.681086546663407,3.8433427719381648,4.86967619088481,4.081707000732422,10.899585641470757
GSE40279,32,GSM989962,8.362560086731774,9.55,8.336642424641902,7.898976546333673,6.012498146990417,5.775228254705661,6.453653171247533,8.433517456054688,8.056809622828911
GSE40279,32,GSM989963,3.9542885145925553,3.55,3.925490580007419,4.155863555767801,2.910661969144431,2.7526077065969132,2.9542000295241193,4.5758209228515625,2.5603599715206338
GSE40279,32,GSM989964,2.3778482637027487,5.45,3.064867098450223,2.620053837105676,2.984028534607153,2.9302443344343914,3.2791078096947834,5.48980712890625,3.3601492734699767
GSE40279,32,GSM989965,8.666794244510454,18.55,8.543147934331419,8.48392859718324,4.859351280580405,5.390056459144731,7.11999026324074,5.730438232421875,12.990147363443441
GSE40279,32,GSM989966,3.6861102943391537,11.55,4.155073786806772,3.6896784033974135,2.866184198266253,3.1476660499471647,3.2362756835496542,1.191753387451172,5.259141678183839
GSE40279,32,GSM989968,10.321594781339453,19.55,10.352311596510429,10.276798534722207,5.581571860450861,5.777930139782995,8.568664292817733,7.610527038574219,15.02970612548726
GSE40279,32,GSM989969,5.057019645258597,13.45,4.526245470974129,4.560309312908016,4.05882139397569,4.062612537783123,5.1542259229265515,1.673583984375,8.475977406117263
GSE40279,32,GSM989971,4.776055036108234,6.55,5.872621783767011,5.357195686468539,7.537492179592816,6.58560078619751,5.918311407217938,4.6428985595703125,8.810596267169739
GSE40279,32,GSM989972,12.821604169925564,17.55,12.41378918092131,12.833515094332299,10.263796671794443,10.481695155061617,12.280294294865689,11.668453216552734,16.755843114130748
GSE40279,32,GSM989973,2.8733768017461907,2.05,3.297219970069816,3.1627411729551502,5.168357114652516,5.338329554354887,4.173958162028996,2.883331298828125,2.9786068917071717
GSE40279,32,GSM989975,6.18873269123082,20.55,5.839120387630251,5.3980856221074,2.713828196320892,3.2044022868743474,5.763309517765967,1.3297653198242188,12.157942493403342
GSE40279,32,GSM989976,20.230506655828584,24.55,19.83882996956492,19.60640616588333,16.58438962840936,16.61223576776921,18.57698463532506,19.21766662597656,23.18182330908102
GSE40279,32,GSM989977,8.035544167007464,12.55,7.6919162035715845,7.881694930409457,4.413357240572106,4.227900033643732,5.696719252639525,6.957084655761719,6.429019722728254
GSE40279,32,GSM989978,9.700656624539267,13.55,9.688578325420284,9.756674177297251,8.359912334950305,8.585689451209372,9.337036696890483,8.851554870605469,10.84864655029599
GSE40279,32,GSM989979,9.201315816908574,9.55,9.060972574109266,8.656760742245742,7.254213740879161,7.010819561723524,7.624235602218842,9.563011169433594,8.57368075887826
GSE40279,32,GSM989980,20.842242623050527,33.55,20.00244770374531,19.47340343699414,16.00817329556153,16.497560439674416,18.21746985923666,16.92971420288086,23.369637909681696
GSE40279,32,GSM989981,4.190518295889674,2.55,3.5571749963034485,3.074988513613794,3.091320957158083,3.1533399333094976,3.180381168863982,5.239662170410156,3.1556502614728723
GSE40279,32,GSM989982,10.955370325015252,15.55,10.99236080206915,10.663456495928262,7.7233106426656875,7.746180058142373,9.420238302374543,9.848526000976562,13.430612702554049
GSE40279,32,GSM989983,19.96205947155169,35.55,19.825052739878757,19.460696400779707,15.21486264727183,15.912949010176792,18.41484121469555,15.053043365478516,26.189256596143945
GSE40279,32,GSM989984,14.15958882571671,20.55,14.90695647750287,14.75759572271979,12.882151335048551,13.30520462543365,14.312862515836773,12.432044982910156,18.13054044232141
GSE40279,32,GSM989985,16.74929300422387,13.55,17.205967911838997,17.346314695774275,16.18411079456552,16.684200898425807,16.88754520241212,18.33746337890625,15.954873044724284
GSE40279,32,GSM989987,25.793559745749707,39.55,25.164580097401664,24.727464916537727,18.526124301073974,18.541405019120553,22.083831083499692,21.518280029296875,29.413386876573316
GSE40279,32,GSM989988,17.010456397510453,13.55,17.909195685855284,17.739029583736333,18.690020340942247,18.298235398136345,18.662637112340636,18.688690185546875,23.511921459420535
GSE40279,32,GSM989989,11.586372756562715,8.55,11.120336344649335,11.0545678131607,8.880776069743106,8.843692506281773,9.902271582849533,13.118522644042969,9.607065909364744
GSE40279,32,GSM989991,12.174014453039074,17.55,11.916033889342504,11.922187216474423,8.442066351936276,8.773979330790024,10.406534461425434,10.795989990234377,14.433694997724839
GSE40279,32,GSM989992,15.828254224649237,37.55,15.21201368311377,15.090055688130922,6.728285250139218,6.949052573860075,12.05138688717976,8.797767639160156,21.52401317331747
GSE40279,32,GSM989993,14.355868131309663,17.55,13.943563431759127,13.211156768504427,10.198477242114086,10.266748664453775,11.058168731368177,13.734001159667969,11.132273721655178
GSE40279,32,GSM989994,17.488592855452296,20.55,16.849334058239656,16.56705088987209,14.856757813689132,15.643236263415906,15.503931025178588,16.912357330322266,14.940309027715813
GSE40279,32,GSM989995,18.81348544347284,20.55,18.304805874547437,18.683383859730533,16.27202933926698,16.86201938370597,17.165234658604955,18.694778442382812,16.162331905435376
GSE40279,32,GSM989996,18.945890631354764,34.55,17.59699469282135,17.256497542239693,9.208999517902733,9.588548084408654,13.906114195723555,14.030895233154297,22.74437331143951
GSE40279,32,GSM989997,15.837991554936025,29.55,15.686647613567413,15.323232896212767,10.052752404342339,10.1111127786486,13.490478432603092,11.576812744140623,23.284453586687437
GSE40279,32,GSM989998,17.636802150301286,32.55,17.079325741716058,16.821722520674058,8.668107937620414,9.177943177717859,13.169463317003808,12.9609375,20.69578757658446
GSE40279,32,GSM990000,7.153873393597341,12.45,6.105919188823698,6.153525857878107,4.637676554307989,4.360655807635632,4.933828681399578,4.840415954589844,3.1838479399499624
GSE40279,32,GSM990001,3.7255950801621496,18.45,2.596584812973267,2.7649989441323712,3.6131557638672227,4.054140103119264,4.409289038368983,2.212120056152344,7.462793557126725
GSE40279,32,GSM990002,1.679349091211165,3.55,1.6925237327378553,1.6626852322176888,2.250892447705547,1.9671780638395517,2.1047126287387363,3.6395263671875,3.4372184744750256
GSE40279,32,GSM990003,6.867852036881719,9.45,6.9050680520566585,6.945290389823517,10.929378106833148,10.717556198708133,9.300920758058917,5.4925689697265625,10.593986608380165
GSE40279,32,GSM990004,5.83706354642664,1.55,5.98567995439151,6.59853596935186,6.730306829870942,6.895035345335342,6.353270267663761,8.147789001464844,4.001402707449176
GSE40279,32,GSM990005,8.082201630075392,16.45,7.54206240681664,7.373153362953718,6.620874706222213,6.447578292701453,7.412779364055462,4.706626892089844,10.052926249256078
GSE40279,32,GSM990006,4.168426530381582,12.45,3.6373330290435852,3.502124776696374,2.036427013908552,2.0597516917379814,2.951469825811272,0.82366943359375,6.335558506618255
GSE40279,32,GSM990007,1.246790711504031,2.7,1.2326001932001787,1.2272827934119235,3.1925801053849368,2.982531241851055,2.0140146796392555,2.061241149902344,3.133696377919128
GSE40279,32,GSM990009,2.4239906239139657,4.55,1.8610755339467293,1.958972414435958,2.0721747823543772,2.0838625268976956,1.914471836430047,2.165000915527344,2.1654191096442243
GSE40279,32,GSM990010,1.0951687173477431,2.7,0.949165823661788,1.0059289932243736,2.4702075237050023,2.2809248462788547,2.1944846626746703,0.8986129760742188,3.6534148157988056
GSE40279,32,GSM990012,5.820361776167864,1.55,6.5445766887441135,6.302569136389954,6.379012852496794,6.848060515618417,6.582745357842796,8.12481689453125,4.812910380159773
GSE40279,32,GSM990014,8.53625838297292,2.7,7.971723037397846,7.526938099603795,9.40598028504771,9.747988673008974,8.86188377201437,10.158737182617188,5.385533380511108
GSE40279,32,GSM990015,4.366995595806265,6.45,5.063064491327359,5.478750672491341,8.323890070686245,8.166091173704427,6.958854461320689,8.590591430664062,4.901834232204141
GSE40279,32,GSM990016,2.1850731190603554,5.45,2.342360334116934,2.971561337495083,4.646336562327841,4.800072648311603,3.8532972346390353,5.1538848876953125,4.177961654949145
GSE40279,32,GSM990017,6.067702716457577,9.45,5.216825653928767,5.06935444962671,3.8791525786449577,4.1422684051718175,4.108133744390673,4.4157562255859375,2.7998719416001885
GSE40279,32,GSM990018,5.326066500877191,12.45,6.346213843516557,5.745651862813597,10.158698318038132,10.227695566747553,8.486368927919306,11.956657409667969,3.025125041397196
GSE40279,32,GSM990019,9.78020801068704,1.75,10.43680601419099,9.375787189209996,9.95588331495017,10.51621090487945,9.41320450417477,13.108787536621094,5.7557998306162395
GSE40279,32,GSM990021,4.467440401570486,8.45,5.160795499632237,5.421169017090523,7.348017047701605,7.464787339419591,6.355123341691945,9.417709350585938,2.208188323510902
GSE40279,32,GSM990022,6.028365187763423,10.45,5.766752925329157,5.356039575773145,3.706898712776167,3.62459730009315,5.0361185951103105,4.017791748046875,9.677539282576223
GSE40279,32,GSM990023,2.906973499951582,14.45,2.445258621265952,2.2223104698834724,2.2044877405128958,2.052129795343336,3.670399489951162,1.87249755859375,4.4793970348545065
GSE40279,32,GSM990024,1.830540683408021,8.45,1.9495053614601865,1.887507418273821,3.2733512675001206,3.762915725698874,3.536575983034602,4.5558013916015625,4.437559885279598
GSE40279,32,GSM990025,1.5735863113830717,3.55,1.5205905460562192,1.5575215592663532,2.3827008507739222,2.5358147015574772,1.8218446001736985,0.3245697021484375,2.343310523357708
GSE40279,32,GSM990026,8.791773837388895,14.45,7.775369562580551,7.837955970703294,7.22909330219382,7.094284174477056,7.286563552065661,6.3535919189453125,7.285721238096116
GSE40279,32,GSM990027,2.4823008470180894,15.45,2.716152101666038,2.6581177446226656,6.6359731463372,6.537060336262803,5.74414571175142,6.395942687988281,3.3755444361823153
GSE40279,32,GSM990028,7.613174578532503,11.45,6.256108392172612,7.129205426400399,6.792572898879177,6.441858400922756,6.457972530748914,5.8045501708984375,4.12266225256143
GSE40279,32,GSM990029,5.4069363378753765,7.45,4.94718991582901,5.4401947915750295,6.056104916490746,5.793337177199807,5.39139450569557,4.2182464599609375,4.246105427991294
GSE40279,32,GSM990031,1.1183297305336257,3.55,1.0270618165200074,1.2404860278773007,3.4528520326935364,3.1413909359715557,2.2472232008726776,1.1197586059570312,2.4946983158658007
GSE40279,32,GSM990033,6.358228088310482,24.45,5.175403954806815,5.04960860212998,4.135600308536256,2.501796992655214,5.226163411222595,0.5813674926757812,8.9150917307805
GSE40279,32,GSM990034,3.807779440061894,6.45,5.088950818512416,4.666238876936778,8.52632548251776,8.427035241660517,6.058071531694454,7.838386535644531,2.333355921158712
GSE40279,32,GSM990035,2.405545682591056,2.05,3.013023089614312,2.8749483140838086,4.48104361510063,4.427965777840487,3.521305839654249,4.220787048339844,2.1723182978485114
GSE40279,32,GSM990036,2.858150587666298,12.45,1.883473067309437,1.924503678517251,5.074415578305449,4.289469130969008,4.381345735971924,1.0246429443359375,3.4832358138569726
GSE40279,32,GSM990039,2.2829247938340336,13.45,2.459628217546465,2.2008116984552,5.294761495654862,4.58527963889159,4.342550824087423,5.87762451171875,4.535688174258228
GSE40279,32,GSM990041,3.901480198885295,2.05,4.421371974183609,3.8721535418825974,4.120306833410043,4.726180280423163,4.160640302711257,6.2339019775390625,2.8058508746910484
GSE40279,32,GSM990042,1.4420022350507125,5.45,1.5418274811703356,1.387816948270237,1.9971524471382645,2.2840609501876634,2.293051984985393,2.9726715087890625,3.2201233203197233
GSE40279,32,GSM990045,3.5810160945662375,1.6,3.5258435478272645,2.97427419339627,4.736327679859504,4.507461636012673,4.403779950797794,4.182106018066406,3.592591919208308
GSE40279,32,GSM990046,10.328130673936327,2.05,10.802224864383117,10.358509018361776,11.771765669849069,11.95439654109108,10.674589888678804,14.883811950683594,2.8526275958779195
GSE40279,32,GSM990049,4.925306353320638,13.45,3.5389258714102345,3.9730603966437856,2.390830444222432,2.32306548905314,3.5178612948841925,1.4962615966796875,5.978789191028012
GSE40279,32,GSM990050,6.698957266943975,3.55,6.341077440186824,5.918632651653163,6.698865303692614,6.696275376177297,6.239216877813828,7.341194152832031,4.4505537257695735
GSE40279,32,GSM990051,1.4246745190810408,3.55,1.2622323869216197,1.3809655541620274,3.032381775263091,3.462757014966556,2.6161875082680317,0.0008697509765625,3.281397917272693
GSE40279,32,GSM990052,1.5187896987864846,7.45,1.5440038760126022,1.4758532369380923,1.9079752083226431,1.870183106466,2.3539232662584957,2.775909423828125,4.466260143996577
GSE40279,32,GSM990053,1.4748097278117147,7.55,1.448376316059014,1.5301724743022416,3.921454311947218,3.5493121313012517,3.1232883821383735,3.1563796997070312,4.512860401943614
GSE40279,32,GSM990054,4.852920807536736,9.45,4.35846815409076,4.577022062125012,4.615396096984133,4.501837723223051,4.115868291659315,2.7812728881835938,3.179712571514453
GSE40279,32,GSM990055,8.529550042638599,17.45,7.812091135408527,7.579386177676338,6.135621385616121,5.940149790611891,7.36285986400963,4.962677001953125,12.522974168907696
GSE40279,32,GSM990056,1.132233098874368,2.7,0.9220075684496543,0.9830926696247729,2.1849258514174257,2.1611076303125856,1.633884753411504,0.5333099365234375,3.0419006084859355
GSE40279,32,GSM990057,4.582918458980577,5.55,4.369069446389526,3.808939377392389,3.367264276774648,3.5252715578433493,3.732593653760561,4.730720520019531,3.47037716841765
GSE40279,32,GSM990058,1.2218526353405124,2.05,1.3171244055149907,1.1393883822537965,1.9074207881860752,1.8880261596505767,1.707136606424767,1.8931732177734375,2.666081937361071
GSE40279,32,GSM990059,3.4576919148652103,5.45,2.8148160888345948,2.6968325794022237,2.541689117594502,2.0273089929645436,2.8418473969579416,2.286956787109375,2.6280871389578992
GSE40279,32,GSM990060,2.0255937329943725,5.45,2.6294852480779496,2.3187819650054515,4.744024666686397,4.7519769493341615,4.079509618585062,4.8245697021484375,2.4910665927920292
GSE40279,32,GSM990061,3.1765664342170004,6.45,3.179867303352794,3.4497247988796276,2.904807075731166,2.9684489574586324,3.216524455705362,1.5637741088867188,4.293276262094656
GSE40279,32,GSM990062,2.1462867357809996,5.45,1.5218805972811296,1.5696978753472408,1.2107216849014186,1.4231408984132101,1.622570141142137,0.5221023559570312,2.0872175462881857
GSE40279,32,GSM990063,8.723670760419335,18.45,7.594927833444556,7.37065932683087,4.259213209298021,4.37828898262648,6.309672064225703,4.877349853515625,7.76030747154643
GSE40279,32,GSM990066,2.0736664540046723,7.45,2.6683212758654475,2.402369428395084,4.541513496467367,4.349630911564235,4.207827315139578,5.1795196533203125,2.337516914188965
GSE40279,32,GSM990068,7.011213728124906,1.55,6.763739868478058,6.494020000671012,7.8774012533096,7.893245779815183,6.898615473735288,9.144596099853516,2.4650250763752988
GSE40279,32,GSM990070,8.718236915498796,19.55,8.684846941769273,8.186555013506588,7.143742181550979,7.749174182636949,8.031291601963346,5.4540252685546875,11.085261582308501
GSE40279,32,GSM990072,17.105573053798047,19.55,16.130870778899016,16.623421273982338,11.802066323418773,12.165923125730476,12.694129165451786,16.742210388183594,9.015333143391384
GSE40279,32,GSM990075,13.999641146045661,21.55,13.351524124790355,13.176959981281968,9.821541219026326,10.55093626596575,11.832125749735155,11.87063217163086,13.161502213688351
GSE40279,32,GSM990076,1.3710119616708774,7.55,1.4016060181055046,1.3297996847339797,4.0401424860856405,4.189965295343169,2.6788717011008463,2.04422378540039,2.772359643552421
GSE40279,32,GSM990077,17.124753367538073,27.55,16.491343549368477,16.222824253410206,12.061354865087983,12.73390593287733,13.61965023547811,14.000831604003906,11.34272790367766
GSE40279,32,GSM990079,14.973248862626537,26.55,14.477934704644786,14.611761960525481,9.948452737950827,9.458398284977212,11.081280212292338,11.451026916503906,11.099723525513749
GSE40279,32,GSM990080,3.4741898124001325,14.55,2.6854815825315064,2.571722986659245,3.4325176793756045,3.4085490896372557,3.4988375954734656,0.4322509765625,4.055165835521054
GSE40279,32,GSM990081,13.473568651236869,19.55,13.465992712081606,13.665189375854988,12.516591649930865,12.591134834966267,12.49727325396594,11.852745056152344,12.058088864779274
GSE40279,32,GSM990082,1.121796459314784,3.55,1.3085207353660508,1.0188101212863174,2.8247459754728603,2.962851534905954,3.067605137351707,1.31915283203125,5.754920070575817
GSE40279,32,GSM990083,9.470511724427904,15.55,8.876676526546657,8.764959548950396,5.780200797987389,6.146226522478644,6.886869967173704,7.849636077880859,7.660860542754763
GSE40279,32,GSM990084,2.6974239317531534,3.55,3.1173373122639805,2.552991735481247,5.799104716009451,6.035544429023563,5.193130872694265,4.3759613037109375,4.798196573420187
GSE40279,32,GSM990085,7.419218174087386,19.55,6.08058470721632,5.819261359655178,3.4940715354588834,3.2346823244820215,4.463856849366065,3.703105926513672,6.927259591596316
GSE40279,32,GSM990086,2.3023954321536313,12.55,1.9141703894504307,1.9416901690699266,3.842471956497463,3.355105563472646,3.0974451741854123,1.693450927734375,3.5527591722325154
GSE40279,32,GSM990087,4.33351686034239,1.6,4.167303412374965,4.893102520246656,5.057644968812079,4.806711412190589,5.010044798814929,6.469879150390625,5.356210557713604
GSE40279,32,GSM990088,12.65289461459635,21.55,12.319996534690805,12.828907149987717,9.68563260930298,9.067874694046017,10.305926396757869,10.05789566040039,10.517508778091432
GSE40279,32,GSM990089,3.11161553088231,3.55,3.1428619219643097,3.0596816534996947,3.077628080470836,2.9228051297684488,3.4660529806273614,3.4413070678710938,3.9772750175769516
GSE40279,32,GSM990090,2.2704999130192847,10.55,2.0694113250983777,2.048633644595741,2.527183809064363,2.3925182897201736,2.1756613678111174,0.8017807006835938,2.3339462157913853
GSE40279,32,GSM990091,9.961020531731378,22.55,8.906313319131936,8.279010776169258,4.218756645818134,5.163132845814106,6.819868397561078,6.0883331298828125,8.667836939318907
GSE40279,32,GSM990094,12.789677780936,7.55,12.291083597417087,12.529401327853035,9.96724355569528,10.352565227095733,10.716894483870314,15.084098815917969,5.514803412328304
GSE40279,32,GSM990095,8.606812159262345,16.55,8.472255639502045,8.792796508824505,4.658176310936131,3.956420336436139,6.230459978488037,6.341606140136719,8.427922129801875
GSE40279,32,GSM990096,27.401880043864587,5.45,29.12868906832543,28.15879599853765,39.845108889026896,35.77443295633233,31.62264613155414,34.512046813964844,19.032561182793547
GSE40279,32,GSM990097,19.79111738318975,29.55,19.13685249552101,19.437904472490903,16.015277208280335,15.599858668608158,16.613971039249073,16.897499084472656,15.84259001447533
GSE40279,32,GSM990099,6.980803383616165,3.55,6.779314299494722,7.086593932415363,8.877303239932157,8.142512383075053,7.428738896675007,8.648651123046875,4.176006190083795
GSE40279,32,GSM990100,6.53366886335513,9.55,6.4720732102857585,6.307194971727801,5.713759093918007,6.3016385603257525,5.754994471025296,5.972633361816406,2.579927684349568
GSE40279,32,GSM990101,10.244975122855022,24.55,9.65294199981803,9.67687238298832,4.970479642460589,4.26840183744575,6.683580734585185,5.779071807861328,11.252986086659007
GSE40279,32,GSM990102,10.224764460274347,29.55,9.70685172025657,9.179700900007056,3.471532897566051,3.503218459000069,6.343702867279666,3.8969955444335938,12.948898571193919
GSE40279,32,GSM990103,5.029295437255755,13.55,3.3454736607579227,3.767339723585038,3.633795633920145,4.182943460316881,3.879522558028834,2.4675827026367188,2.685095445568173
GSE40279,32,GSM990104,1.815383093868634,2.7,2.055629134048531,2.530504927060518,4.238878490396789,3.6761127824513062,3.5120308651925924,3.6227340698242196,6.247751138659611
GSE40279,32,GSM990106,5.2646519768037505,5.55,5.246923579438798,5.934537085516345,7.9440637909276886,6.904747931357681,6.142690399964009,5.647926330566406,3.3036162964498117
GSE40279,32,GSM990107,4.5876591278980055,16.55,4.021408216037797,4.1109937860697245,2.3161281838778063,2.5751191846761676,2.7913217152407683,0.495025634765625,6.60164820443782
GSE40279,32,GSM990108,11.46242851188509,26.55,10.6728868024067,10.40591166360935,7.807786697826089,8.76004103826521,10.255266607805453,6.726612091064453,14.63813238591192
GSE40279,32,GSM990109,2.056014176126696,14.55,2.2080986402448217,2.224734569576606,4.028594326954509,3.784738778815335,4.017579626210864,4.847129821777344,5.434508564389333
GSE40279,32,GSM990110,3.591399742710064,2.55,3.1702889352619064,3.227423250226284,3.7094439083526316,4.386620560182138,4.471036506023681,5.2344970703125,3.0975390095335387
GSE40279,32,GSM990111,7.21882701533207,17.55,7.286878356493143,7.513829576853313,5.403874433864725,4.759952474598551,5.857050126750758,4.1279754638671875,9.882641824049381
GSE40279,32,GSM990112,6.493722517837187,12.55,6.560390601534992,6.660024807022796,7.547463131171317,8.389853374754495,7.406590216288805,4.8812408447265625,8.2241185270661
GSE40279,32,GSM990113,1.4293152283392643,5.55,1.373759120356612,1.437957687194012,2.4540492922185666,2.0672227996371455,2.2227300432118313,0.4207496643066406,4.52117747493171
GSE40279,32,GSM990114,2.5374577632042397,6.55,2.4968225324129194,2.306288210186836,2.688036226265608,3.375241020043453,2.7721091212112716,1.497100830078125,2.3932612610076993
GSE40279,32,GSM990115,14.88021499618099,29.55,14.011214983779965,14.011208757879931,11.61050728181108,11.91085709017894,13.707648724658338,10.287757873535156,17.87640574489352
GSE40279,32,GSM990117,6.3075317924733785,3.55,6.377317576098651,6.733579562428105,8.456548309949174,7.901074729922368,6.741569574583215,7.743545532226564,2.3831129268427764
GSE40279,32,GSM990118,4.029647866486009,10.55,4.699627052454549,5.2457382836835205,6.272284402497162,4.805482352825616,4.650677818575707,8.56146240234375,2.674832457209332
GSE40279,32,GSM990119,3.9957314581952574,10.55,3.247486067599477,3.5699237529214853,3.4677791024391427,2.665272457913283,3.4251957220607694,2.105640411376953,3.6805026098608886
GSE40279,32,GSM990120,6.235419616320905,18.55,5.473026309248284,5.265962412518967,2.3691632812823196,3.012226123096001,3.7211707764697395,2.2547073364257812,4.333679706962543
GSE40279,32,GSM990121,2.199432908465853,3.55,2.6485565358975074,2.42866958336654,2.3429091339154153,2.5473175315118723,2.5813283107280296,3.7057266235351554,3.1848039877061014
GSE40279,32,GSM990122,11.861073717651584,1.75,13.144916715571544,12.66010570493,14.886503412219408,15.014733310702406,13.508350286537638,16.01675033569336,10.38681275211099
GSE40279,32,GSM990268,4.310136038005088,15.55,3.3505204370945934,3.428975622843917,2.0054524698107827,1.9446800855055546,2.9970665576331013,0.4803810119628906,5.9957429015168255
GSE40279,32,GSM990269,16.727235703359362,24.55,15.947828816602556,16.506666897050664,13.872327554062348,13.10611347510635,13.95600004529165,14.504173278808594,12.883937607497305
GSE40279,32,GSM990271,7.105694145570626,16.55,6.850822905160564,6.981812196854639,6.0828992252187515,5.737464827252786,6.110834021767669,4.3211669921875,6.178564488856175
GSE40279,32,GSM990272,1.6464659946679672,9.55,1.645300034658322,1.6235064904409362,2.312751447829529,1.9845138508773197,2.2022174582071723,1.8487319946289067,2.398644712093387
GSE40279,32,GSM990273,4.634187848823098,4.55,5.453177359083559,5.055792821872961,5.590412711193589,5.536486623505337,5.251090581188093,7.327995300292969,5.221304691282609
GSE40279,32,GSM990274,2.3228667738481565,12.55,2.0038655942827877,2.001609089425547,2.1344757706982893,1.7967036324968917,2.1796016321883567,1.64898681640625,3.0003252328250603
GSE40279,32,GSM990275,5.865950786437766,17.55,5.4106813989839875,5.63092581024699,3.6615891670152947,3.319320610692101,4.883023861378331,2.09320068359375,8.805704751407351
GSE40279,32,GSM990276,12.815072171861434,10.55,12.715680843960309,12.905377966839362,15.302449671983513,15.28680435138455,13.19803685961459,14.080360412597656,6.665528979303884
GSE40279,32,GSM990277,8.179390261101204,34.55,7.301502840097081,7.2834384572161195,2.8427075045857806,2.3905678116209126,7.39716986674523,1.4649925231933594,19.471932080761515
GSE40279,32,GSM990278,12.691954782844878,21.55,11.9297489039957,12.369830716986959,10.282827880448078,10.382219182922363,10.821021593282847,10.110084533691406,9.352962871025964
GSE40279,32,GSM990279,7.4354452469335985,21.55,6.967396066068693,6.669676928144428,4.201227451350446,5.544936402421391,6.3094544758980025,2.8788070678710938,10.253206599176846
GSE40279,32,GSM990281,3.818436930389312,12.55,3.4137812923196753,3.239858728144982,3.9414467433198395,4.768828500233262,4.01792281235628,0.9756240844726562,2.65573041618331
GSE40279,32,GSM990282,14.466865482929881,3.55,15.075437752980728,15.335938269145956,16.33805116174188,15.851348667698366,13.758499835533076,20.215858459472656,4.5795702660413
GSE40279,32,GSM990283,3.2254557264106487,21.55,2.8582410774047657,2.67967129214109,4.549475744837103,3.2749632567672946,3.3853895974340347,4.142112731933594,7.3913158937659365
GSE40279,32,GSM990284,4.989760634864375,1.75,5.186425511136232,5.22404944353417,5.652353802919409,5.187425232691325,5.392739904760327,6.769874572753906,5.003369115265479
GSE40279,32,GSM990285,4.258842559107053,20.55,4.18058665728289,4.104843995732326,2.2894244918602604,2.875638181000488,4.658498987536338,1.7711563110351562,9.870870185854958
GSE40279,32,GSM990286,8.212337919753583,9.55,9.183957607529496,9.10051115381029,13.366425468600486,12.780414690173181,10.177191950860353,13.87289810180664,5.214863914683521
GSE40279,32,GSM990287,1.3002248263406877,6.55,1.4757983084412358,1.3781976013731811,2.917654073439772,2.2998862028951494,2.759681434049912,1.6452827453613277,3.948818349132613
GSE40279,32,GSM990288,2.8587223592695032,19.55,3.2061668340796308,3.3521136170716033,6.51324136543934,6.197010851054138,5.034655748837426,8.479209899902344,4.923275218132881
GSE40279,32,GSM990289,3.893805409935024,22.55,3.7086904032260954,3.7865774272375186,3.0116149926865217,2.549039445220472,5.248394340973593,3.3618698120117188,12.387697334476195
GSE40279,32,GSM990290,3.6473661703804154,5.55,4.1366951031226105,3.7778166380726312,4.788502805251964,5.3742564537672965,4.846301314114216,6.3467864990234375,3.498050912315388
GSE40279,32,GSM990291,3.3854767706064948,17.55,3.0232392881992975,2.8109893603062046,2.4879956882714658,2.203151971129082,3.20254584675074,1.981540679931641,9.381021963950396
GSE40279,32,GSM990292,8.742124285323115,33.55,8.247615980768419,7.515031630912432,3.2111918999128912,4.2014283551973834,7.358818315454689,0.1482696533203125,18.186864303681887
GSE40279,32,GSM990293,5.029970291645993,3.55,5.083193445847398,4.852344893604844,4.340888237541752,3.3415554109577386,3.935106028851093,7.515995025634766,2.1886395943698664
GSE40279,32,GSM990294,2.757703955709983,12.55,2.9506981727632136,3.226050412572323,5.287648057835082,4.85971389393553,3.729909376017153,7.218082427978516,2.5043069789302748
GSE40279,32,GSM990295,7.841723497681599,19.55,7.854661914741181,7.908139469443682,7.513140116047159,7.7702890376993325,8.024920036128593,4.273796081542969,9.86741345163511
GSE40279,32,GSM990297,3.9581510115793783,3.55,4.217236817594795,4.140252438677261,4.229213100556594,4.010400827682373,4.066083835698118,6.072528839111328,2.7575167282669204
GSE40279,32,GSM990298,1.5426762574228097,9.55,1.5027596415893405,1.496381910983184,2.844421920527825,2.370188681057449,2.0405712638740576,3.0493011474609375,3.4269012680260524
GSE40279,32,GSM990299,7.819373069212867,30.55,7.353700826569449,7.031420720828054,3.4705062212140376,3.606427230198148,6.466718025201122,0.3347625732421875,15.418369453944425
GSE40279,32,GSM990300,1.4333166062034255,7.55,1.6779734229816747,1.680418208355989,2.8710406298139626,2.096477887814002,2.3993041315211605,2.958702087402344,2.407438684130677
GSE40279,32,GSM990301,4.057658587362313,4.55,4.331619758256673,4.263014681961518,4.455072101473682,3.8462541449418355,3.7759360478527277,6.552196502685547,2.7669146126642765
GSE40279,32,GSM990302,4.224982917584302,8.55,4.182818718518124,4.151391498528207,5.247238780300629,5.695906928436769,5.066461168301498,8.1629638671875,2.7935722845137922
GSE40279,32,GSM990303,2.218369535208937,13.55,2.603590175727223,2.5017158964076356,4.071481590910141,4.296696612497493,3.8197118683703373,6.1903839111328125,2.625445741978395
GSE40279,32,GSM990304,2.83972449823982,7.55,2.992799372496969,2.7937110392924565,3.404296908489454,3.8989863696958005,3.85292246760883,5.923259735107422,2.8338475246262975
GSE40279,32,GSM990305,3.464759517277617,16.55,3.5120424979451856,3.4320655077344866,3.2177505495912238,3.81112152219215,4.432592244432771,1.3739471435546875,6.778610968885607
GSE40279,32,GSM990306,3.124862358547566,4.55,3.2812624479800485,3.33568948921614,3.776714321200791,4.069460155707011,3.394658118269505,3.113555908203125,2.2816741878043034
GSE40279,32,GSM990307,3.7987147895363256,3.55,3.8190484335996837,3.611940674371971,5.696636039093314,6.1782874153603435,5.637673633805484,5.8589019775390625,6.347471730263388
GSE40279,32,GSM990309,12.936006693146961,23.55,12.322239802084079,12.476737023251005,10.549455166579111,10.822079998747094,11.633307233947615,9.746295928955078,12.355077307285127
GSE40279,32,GSM990311,4.616015223720657,1.75,4.970418757441967,4.411156018362367,4.894408909174372,5.446016387763994,5.380667810894314,6.266559600830078,4.184567167332713
GSE40279,32,GSM990313,3.6930509931691438,6.55,4.431182942657668,4.147537910840275,4.438160718578316,5.6411490351433535,4.75381804134354,6.753425598144531,3.0829005916157675
GSE40279,32,GSM990314,5.4218216473680485,15.55,5.018006203185699,5.385471778390764,2.4422455568594916,2.5225669942678097,3.617070094826375,2.2404518127441406,6.239587034118064
GSE40279,32,GSM990315,2.7592600779730714,6.55,2.7873550198006685,3.4477065234403965,2.273038967301427,2.0429068796492205,2.528352018726948,1.8478431701660156,3.1070837245228935
GSE40279,32,GSM990318,3.2855010912936367,15.55,3.660709231105611,3.658460779349062,7.430869504804829,8.057205026415122,6.649883734442602,8.833442687988281,5.256808713832409
GSE40279,32,GSM990319,1.9678622370681638,12.55,2.2452306551555243,2.2328829526517504,3.9108942042493586,4.150565993451989,3.84709634799045,5.242328643798828,2.9312348499263505
GSE40279,32,GSM990320,5.312381596032819,8.55,5.390952860613757,5.774359415003813,5.286795756744644,5.346866948600412,5.148903389933695,4.674297332763672,3.163085982275102
GSE40279,32,GSM990321,2.32713134092814,8.55,2.4355071586440955,2.5806164920608707,4.560087997852806,4.517460623891421,3.49706950408446,5.4854736328125,2.5233831273676155
GSE40279,32,GSM990323,7.152203127670786,21.55,6.802791925902928,7.047103759210451,3.0409577396602208,2.8073767376121572,5.2445960977054185,2.430145263671875,7.775849726287307
GSE40279,32,GSM990324,11.3999302774665,36.55,10.71791091220474,10.34425248018557,3.339547993290308,3.0309120441704573,7.76129024027613,2.7848892211914062,18.78281686523989
GSE40279,32,GSM990325,6.0365822910674085,12.55,5.029638507536694,5.329155913005473,3.5336083156412457,3.264349189194435,4.253036697089908,4.265106201171875,4.076913120813303
GSE40279,32,GSM990326,3.1890501979778496,14.55,3.647279908791316,3.6832063519149942,7.147079503822418,7.615380465826766,5.653923945001879,8.433769226074219,4.313673664673705
GSE40279,32,GSM990327,9.846279976270766,25.55,8.4437620058312,8.104807984036494,4.219830680585034,5.7428848097718745,7.386998026206427,4.897003173828125,10.760308765917262
GSE40279,32,GSM990329,3.6723209250363724,17.55,3.159707541588661,2.9628743624071237,2.087876488451434,2.220773094029961,3.4927953413331965,1.4575424194335938,8.324620851595522
GSE40279,32,GSM990330,2.3562189249515746,15.55,2.3400484813987386,2.5187141280656213,2.4749828014729247,2.5234350580241687,3.176510093003188,3.01849365234375,4.270782955056093
GSE40279,32,GSM990331,3.719489715776765,22.55,3.4299668788361637,3.481663585938732,3.567621860627316,4.0543554514012925,5.419218328748947,3.6806907653808594,8.333739900708244
GSE40279,32,GSM990332,8.382394154590651,2.55,8.616203765023338,8.621767334455845,11.727527278445212,11.75143846054865,9.899719503483661,11.681316375732422,6.220067044142499
GSE40279,32,GSM990333,8.770838284810868,8.55,9.228667110635849,9.132829661768426,14.402092500107619,14.69527622103691,11.565428957739169,14.280342102050778,4.264649444641019
GSE40279,32,GSM990334,3.1686096938752994,9.55,2.927898718305543,3.5255871275731145,4.383647547592396,2.8706472401684344,3.196571116758006,1.2218894958496094,2.932504649000718
GSE40279,32,GSM990335,1.1157535882504852,3.55,1.1377319019452972,1.0862509529091628,1.960712459772084,1.8815494305650216,1.9643056612011538,1.1918563842773438,2.7164767078352754
GSE40279,32,GSM990336,6.623053198815685,6.55,6.514702265090349,6.5315092661906835,8.922957755440548,9.01783996238699,7.558670579576949,10.696941375732422,3.729449152809096
GSE40279,32,GSM990337,9.402097299488792,1.55,9.516018688490565,9.5422128063106,12.287176632981721,12.018406552235371,10.329208570083656,12.36139678955078,6.922377704014174
GSE40279,32,GSM990338,2.105309397620088,8.55,1.9079232159670572,1.8792864160568719,2.6101823261811354,2.831628731967566,2.5016318972687435,0.1901283264160156,3.0951650611743813
GSE40279,32,GSM990339,4.063693459314772,9.55,4.3355822734250555,4.182949879768603,5.562666601395622,5.65763904345775,4.936183269099115,8.289886474609375,1.8333767880485454
GSE40279,32,GSM990340,3.1936739696768006,13.55,3.721517901052998,3.9328378818038487,8.036759807142797,7.899341920781026,5.397244486019242,8.21221923828125,3.0336790579502955
GSE40279,32,GSM990341,1.749686737200832,10.55,1.7744781120450148,1.8156897524088074,2.3861670919385616,2.0189259157910673,2.183581909891309,2.045696258544922,3.1759630957327136
GSE40279,32,GSM990342,1.6745818309094838,7.55,2.45618227278131,2.686946903924613,3.5583597211235785,2.5472602351732903,2.181904186391155,3.922393798828125,2.1991269175859083
GSE40279,32,GSM990343,2.388685904851672,17.55,2.560399546322168,2.824338034036086,3.7648683455616,4.306685534555347,4.822523805595976,4.297355651855469,6.796535499122649
GSE40279,32,GSM990346,6.420736009781163,23.55,5.977060659007633,5.730447690311157,1.811394728450598,1.7714995351087048,4.367866169836125,0.4236602783203125,11.222158018681583
GSE40279,32,GSM990347,2.1481549167044096,5.55,2.5528447267754024,2.4658845668835943,4.2834042367167156,3.7279925108099867,3.0740439330522276,4.3130950927734375,3.551314207225386
GSE40279,32,GSM990348,7.488359610645264,8.45,8.733655611052729,7.400544225925364,6.773021845620067,7.040660943529225,8.27284881419908,6.673271179199219,12.032202382112871
GSE40279,32,GSM990350,5.950600222238258,21.55,4.7827260955372894,4.812368162375383,1.9264131355104557,2.1341273270411163,4.008397054401138,0.5291557312011719,9.213492260309275
GSE40279,32,GSM990352,1.8907463815076415,8.55,2.6639078398956477,2.859254186271954,4.7896551407163885,4.3217436596866765,3.57605136994806,4.7223052978515625,3.2573577438540697
GSE40279,32,GSM990353,3.6898591238327,15.55,2.6053339085388756,2.916582608828181,2.4353103458252905,2.0134137027312664,3.4946929848618766,0.5022506713867188,6.972155464454062
GSE40279,32,GSM990354,4.886923932204035,17.55,5.566370987221822,5.434889981265689,9.162834070551707,11.414991906685712,8.766293193184492,11.935295104980469,4.451557989354063
GSE40279,32,GSM990355,3.0195441155063127,22.55,3.139164703862666,3.1872701985089456,4.7965277479113615,4.820534589492006,5.6029501107983135,5.538970947265625,5.3517420721610565
GSE40279,32,GSM990356,2.1587862952569212,15.55,2.2986328062822983,2.3114814984603163,4.007445243721934,4.390397252929981,3.718803497852741,4.395282745361328,6.027957675671589
GSE40279,32,GSM990357,2.344465822389364,13.55,2.685724342409549,2.610142294420067,5.630555680726809,6.587146989867176,5.36575676966097,6.5445556640625,4.556551175466576
GSE40279,32,GSM990358,2.6894267022372396,5.55,1.922777688005769,2.5697694637471775,4.646667381890514,2.872242978812321,2.9766281548204407,2.1618423461914062,3.8518337368275497
GSE40279,32,GSM990360,5.181602332886597,4.55,5.832977345005797,5.107645643760248,7.709661262258095,8.63795092811496,7.625845419683818,8.066070556640625,8.600675327728593
GSE40279,32,GSM990363,3.133918430044007,2.55,4.3592961742714404,3.8516856022027084,5.410774576417263,5.372409485273151,5.0010300958703455,4.61767578125,6.642021802350001
GSE40279,32,GSM990364,5.3028319406473345,3.55,6.158338151659249,5.275397692532992,5.661582196560635,7.1431541834007835,6.313527026545958,7.8828582763671875,4.7296257284875685
GSE40279,32,GSM990365,2.177793970488275,10.55,3.195778606208392,2.4622331412726632,3.695165907804553,4.805436266770694,4.129943520654,5.7154388427734375,3.8862544888296626
GSE40279,32,GSM990366,1.5031891647851356,4.55,1.8025772102851552,1.690185247720374,2.9418124035205637,3.0306366834132654,3.375957694704882,2.917938232421875,3.4178929884924045
GSE40279,32,GSM990369,10.557228533854365,29.55,10.146024483541838,9.952696096218233,5.396573115805985,5.296311718758053,8.409111931263872,4.423435211181641,14.568134780416708
GSE40279,32,GSM990371,1.702205953679687,8.55,2.0607504222330664,2.2238228038358194,3.2855520559906646,2.789852117486206,2.5100037598635576,4.078044891357422,2.126934080468609
GSE40279,32,GSM990372,2.1340397895473378,9.55,1.762365896300486,1.917260272371737,2.4733525053444834,2.0782969962602524,2.7024974482792965,0.6105232238769531,4.14009281230102
GSE40279,32,GSM990373,7.462443584864135,26.55,6.858524963863717,6.60682794839249,2.543139696157252,3.859799615742561,5.676731511009153,0.7986984252929688,11.532988405576083
GSE40279,32,GSM990375,12.763637635327985,41.55,12.330083199096432,11.44701713091285,3.8910182769480053,5.3659048171287775,9.303469212177184,2.819732666015625,22.837880844614524
GSE40279,32,GSM990376,3.1787407432698083,6.55,3.6111817561038384,3.437566965855896,4.754863272091666,4.800736927321842,4.157980528633768,6.061222076416016,2.599958859838702
GSE40279,32,GSM990377,7.471290552335313,11.55,6.662952527052968,6.781958837948453,6.1594788458866905,6.618915112765995,6.7899875957823,6.542640686035156,6.812164479851377
GSE40279,32,GSM990378,9.526089706222015,1.75,10.197185218190274,10.310442294914402,11.425291722681717,11.42344179274495,10.00766843931938,12.875396728515621,6.416366864064743
GSE40279,32,GSM990379,2.646906963853718,5.55,3.241685690780699,3.0256384972383414,3.2179341858146664,2.6615165009150203,2.485246743377753,5.000335693359375,2.062017888374833
GSE40279,32,GSM990381,1.9859112049493717,12.55,1.9429504009490632,1.9535799014242752,2.7918135576680068,2.5497638124745423,2.528316182933424,2.366371154785156,2.3447944482901955
GSE40279,32,GSM990382,6.124792326224699,6.55,6.092887975227396,6.2593182214880745,7.54307790824916,7.286368292667047,6.268205512339073,10.026847839355469,2.5448169392478097
GSE40279,32,GSM990383,4.649459172103201,9.55,4.419205511403237,4.483353498277436,3.889687306634415,4.144181123469477,4.374306575806581,3.4363365173339844,4.2360960249575985
GSE40279,32,GSM990385,6.431882141444268,4.55,6.482112994625737,5.991636186663402,7.5420520837851255,7.630208009051302,6.4432004435939065,9.74709701538086,2.2923552609244515
GSE40279,32,GSM990386,1.8204157684223632,8.55,1.5731913187600521,1.5324985502117143,1.8813608216942075,1.9816970973236727,1.9016822320060673,0.8161201477050781,2.484046073984572
GSE40279,32,GSM990387,1.8403361195752903,6.55,2.201148216412437,2.398770995460344,3.258492452896916,2.9927005280562744,2.6332967589910794,4.137245178222656,2.346665650587549
GSE40279,32,GSM990388,4.465044216075264,1.75,4.804998720108398,4.222505156182399,5.000127899392365,5.528128021144954,5.5413837525429965,6.063922882080078,6.604508394232374
GSE40279,32,GSM990389,5.69763761063158,2.55,6.207416460444324,6.17528546327238,6.738030086818524,6.547248492000671,5.891770102910736,8.068912506103516,4.1744130682734415
GSE40279,32,GSM990390,1.5273401969376246,9.55,1.8201231539346794,1.8793807922257888,3.3411181011857507,2.892017888829765,3.7085850869524135,2.7216339111328125,4.457628220304525
GSE40279,32,GSM990391,6.959513943762504,24.55,6.191445352781587,5.602391496719291,2.9396621739122324,4.303965616790012,5.293075557114733,0.8516883850097656,10.167896717910471
GSE40279,32,GSM990392,1.9499460122227301,12.55,2.2418659947050044,2.2870663290312643,4.279018965536085,3.819263439740338,2.9292414141230427,5.161090850830078,1.8638333330884802
GSE40279,32,GSM990394,6.294586156221756,17.55,5.703092449871126,5.502280956170182,3.391791926734372,3.821057600625953,4.931404442473518,2.7722740173339844,7.668471278229885
GSE40279,32,GSM990395,3.5486874404873787,21.55,3.058969792639505,3.008311087239136,2.9545631156240506,2.7675267936000227,4.257937732640817,3.5312271118164062,7.3736415757210825
GSE40279,32,GSM990396,4.169670136722341,13.55,2.9653023267626675,3.0662948511364694,2.819196318803013,3.3260727398000554,3.0612426970278124,1.1069793701171875,1.9820184196110087
GSE40279,32,GSM990397,4.519390910354096,12.45,4.442889054811237,3.999338122420345,2.568782669407983,2.0717161010783203,4.0678530250298195,1.2952041625976562,9.910484302812542
GSE40279,32,GSM990398,12.905343819084498,15.45,12.072016099879198,12.005945467171165,9.828291304521693,10.655140471724527,11.510562879012955,11.545272827148438,10.1311430318245
GSE40279,32,GSM990399,3.599171864263885,9.45,3.049743563437648,3.054536483048479,2.273461111542035,2.1992524642356117,3.318738086160713,1.0948257446289062,6.486030676389815
GSE40279,32,GSM990400,3.9541578047289505,8.45,4.691259722136091,4.299202862841545,4.583108900924663,4.336626337103763,5.728060406966951,1.916839599609375,11.308726206432052
GSE40279,32,GSM990403,17.023833621265567,14.45,16.78600226309758,16.417464050834553,16.939677610107218,17.69733515833981,17.421834356231386,17.432533264160156,15.477204660876813
GSE40279,32,GSM990404,8.547020426068329,9.55,9.716376427173092,11.148386330546936,15.997919098082836,14.493151281776537,11.678083286316511,14.323837280273438,4.045431675892459
GSE40279,32,GSM990405,1.5476258665741125,1.75,1.0971327909673694,1.338449949074499,3.0031082499074135,2.2573263662374847,2.7052413600510734,2.0343055725097656,4.048569807183758
GSE40279,32,GSM990406,23.34478355941347,17.45,23.225173395723594,22.94026819633695,23.599202524370487,23.86537166053534,22.917132546157,24.901927947998047,18.975522589504415
GSE40279,32,GSM990407,1.2791422462171425,1.75,1.3260372293805467,1.5484192516131479,2.9601852674554765,2.3945202864544894,2.4528442190001027,1.0164413452148438,4.6343464050016605
GSE40279,32,GSM990408,3.0581997594125303,2.05,3.44308407321538,3.8181214642048316,3.0079790938464175,2.4120487043632903,3.258457870785167,3.1330718994140625,5.031252915912878
GSE40279,32,GSM990409,16.648299169401668,16.45,16.47163725609418,15.826899929688858,13.179771639229429,14.091616670449161,14.826238531205206,16.234512329101562,16.542634265467264
GSE40279,32,GSM990410,4.688598090506577,11.45,4.527834050440079,4.788154201129378,2.605373333186521,1.9558628867136576,4.658460844699599,1.869232177734375,10.696322632983321
GSE40279,32,GSM990411,1.4593279563480017,3.55,1.9454336142614719,1.9090770452586892,2.186123740935062,2.1615852442096797,2.2813715544816664,2.564781188964844,3.1356980316869993
GSE40279,32,GSM990412,12.772936646578469,10.45,12.870420466253734,12.683652830905064,13.396797639066396,13.002176476559502,13.13998178116417,13.094932556152344,12.09100417477979
GSE40279,32,GSM990413,4.189897189794328,14.55,4.115723205107713,3.9296886367447654,2.1508278127222873,2.096650496063476,2.9816345023864086,0.7149467468261719,6.264174280119235
GSE40279,32,GSM990414,1.8771765988876576,8.55,1.5580906883746792,1.6005239041462016,3.9307116218777174,3.607992123480276,3.546724933398098,0.6741714477539062,2.970399987712333
GSE40279,32,GSM990416,5.1530097992814685,6.55,5.109255356094506,4.605108529918684,4.103676590331925,4.30098251566834,4.266653751148507,5.1518707275390625,3.0635610236937727
GSE40279,32,GSM990418,6.722477529973371,2.05,6.871950898980659,7.382154547598499,7.156851513656451,5.820561131875945,6.309028448972951,8.064277648925781,5.467452600074165
GSE40279,32,GSM990419,4.687593122458272,7.55,4.032961232373896,3.587781108552247,3.0124606272872456,3.2450774150889856,3.327678753395881,4.1794891357421875,2.206656966797193
GSE40279,32,GSM990420,5.090938110135097,2.55,5.484477216125766,5.9619015094679355,7.936053811535695,6.70993413148256,6.775319122750659,7.251270294189453,5.063095633477332
GSE40279,32,GSM990421,11.0625225431632,21.45,10.9957237775783,10.559195371719017,6.294991825362471,6.901963609522687,9.234355630015497,6.9873504638671875,13.328017079618409
GSE40279,32,GSM990422,20.46658950175032,6.45,19.070370925049993,18.385231243643286,18.63650475339346,23.031477557779723,20.479162059712134,24.83191680908203,13.64694344236832
GSE40279,32,GSM990423,14.108406839994121,13.45,13.894595089535795,12.408004992382715,11.273315874330919,13.790970205201,12.96546238449119,13.855117797851562,15.463442558159944
GSE40279,32,GSM990424,4.348878144107951,1.6,4.570942122897464,4.8673542887471575,5.358146818707125,5.262107456823245,5.286691875318496,6.490997314453125,4.437802540439984
GSE40279,32,GSM990425,3.485876105553424,1.6,3.50306473126989,3.989044956973326,3.804483441811475,2.9798721242794324,4.012128071178152,4.054420471191406,6.455628603126028
GSE40279,32,GSM990426,1.182629551444886,2.55,1.7166106248697837,1.3365031696188545,2.64339493477373,2.29343823176245,2.671814375878984,1.658721923828125,4.210804910412606
GSE40279,32,GSM990427,13.393782637577175,22.45,12.429112090006342,11.826853981714216,8.092720375863273,8.74679051793765,11.099992532767853,9.779548645019531,13.99212113123908
GSE40279,32,GSM990429,5.2478176671400085,11.45,4.99809780089914,4.548349532278513,2.473336584630439,2.4772381475957443,4.993794355798079,2.6216049194335938,10.54232843153925
GSE40279,32,GSM990430,7.22560676191717,10.55,6.169490448225974,5.972058031535757,4.5510838335394395,5.046955088886557,5.186560111936428,6.558006286621094,2.3575996025888304
GSE40279,32,GSM990431,15.365584725386569,8.45,15.070754606593109,14.53230784961329,15.459539282665066,16.72057582859539,14.84291495585513,17.276535034179688,9.706658493820772
GSE40279,32,GSM990432,4.314214701617908,11.45,4.316464930981237,3.546901708936111,3.6858052497726894,3.015887894336756,4.33495198563854,1.365264892578125,8.225653092050264
GSE40279,32,GSM990433,2.5500970291030414,18.55,2.7394573592201543,2.9315229267456298,6.296254920895802,5.036703530468645,3.8495982421409423,6.926597595214844,4.668156877494584
GSE40279,32,GSM990434,15.057871356525743,24.45,14.015276862996942,13.794092377438435,10.491674652042576,11.0290620534915,13.458412418523144,11.32757568359375,17.615521035899963
GSE40279,32,GSM990435,2.7173722187190306,1.75,4.249949649964461,4.573777300315484,7.2784661201668515,5.122794533132611,5.700685744274319,3.712066650390625,6.800538013180281
GSE40279,32,GSM990436,2.655138133113058,8.55,2.0055694694301143,2.107629565302367,2.194745527595754,2.1459758384048406,2.0943749913498864,0.8336906433105469,2.0348605559096136
GSE40279,32,GSM990437,14.36331939351532,8.45,15.024909188347362,15.280041148399238,17.87484033899406,16.302786144821273,16.770433313570503,15.926151275634766,15.203586064151395
GSE40279,32,GSM990438,5.896901596774731,11.55,4.465609147957612,5.013899944911603,3.918524490440036,3.276153030691481,4.18239587309601,4.423927307128906,2.864200285861379
GSE40279,32,GSM990439,5.418486268061072,15.55,6.156232728767034,5.339422534344113,3.7602183703769354,4.9367035329152245,5.172238442251971,2.2350387573242188,9.518665022557148
GSE40279,32,GSM990440,3.0637578233118576,2.55,3.3269594770675512,2.915660762469813,3.5989267162997285,3.7752341676449364,3.221859154335958,4.5237884521484375,2.9293449428189726
GSE40279,32,GSM990441,4.437790895148558,5.45,5.600568318096292,5.008990496791036,8.644412543238563,8.178832316767704,8.468105443881417,3.6061325073242196,11.883182295267853
GSE40279,32,GSM990442,8.147141414596124,2.55,7.720826647483719,7.515868317756758,8.206240335423576,9.414241778286895,8.194720710374172,10.565345764160156,2.914920710554692
GSE40279,32,GSM990443,5.236203296491702,16.45,4.9305963982877,5.0949357068321,2.335670082093432,1.970707616401335,4.902537968252567,0.87701416015625,12.179785168179754
GSE40279,32,GSM990445,3.7237602519880246,10.45,3.465327612569202,3.059792286337332,1.980135245384151,1.808258381296519,3.8814668594997324,0.916839599609375,7.709581268510081
GSE40279,32,GSM990446,7.504075686376363,14.55,7.242967324403139,6.457198143166304,4.843493460247845,6.407887584152732,6.319959720807126,5.54913330078125,7.244351958866052
GSE40279,32,GSM990447,7.865218934634136,1.6,7.961857141156543,8.937825860104661,10.401736197371065,9.945085161664844,8.620240710585405,11.223396301269531,4.794579579121485
GSE40279,32,GSM990448,2.5256377545731046,15.55,2.436444920239843,2.3346082770709042,2.963429800217651,2.8151767629150855,3.5315551571915256,2.6617164611816406,6.808639536462119
GSE40279,32,GSM990449,8.818723296924277,4.45,9.033414472767546,8.924164519908057,6.582897400552044,6.525012863100005,7.947959710864235,9.847328186035156,9.179932432449055
GSE40279,32,GSM990450,12.94308636298338,19.55,12.016836594237548,11.969297988936752,11.315028329972396,12.27589038479246,12.068638499001077,11.139698028564451,10.830244446840016
GSE40279,32,GSM990451,1.9479263720455329,7.55,2.559594018897315,2.389911614799011,5.112296452950013,4.623270677791934,3.5752934215046133,4.594947814941406,2.39248776193166
GSE40279,32,GSM990452,22.238859863595458,6.55,22.27863517997691,22.77377837151473,29.13398274622616,28.599299169212948,25.39635004596268,28.147262573242188,17.59374991531009
GSE40279,32,GSM990453,3.752340838778347,2.05,4.076383667674466,3.6994702086235676,6.966844157439645,6.980209194949104,6.364103709436796,4.0670623779296875,5.954551547151293
GSE40279,32,GSM990454,10.383861870959064,13.45,9.472318151461241,9.860825185134715,6.282943256606762,5.78596362415503,8.698612087071044,8.841506958007812,11.716145708392828
GSE40279,32,GSM990455,15.253622765372489,11.55,12.309673535800282,12.734916745252844,11.357915605431415,13.125687766926228,11.786203655940739,17.016281127929688,4.7767234035131825
GSE40279,32,GSM990456,3.711772240493148,11.45,5.469193970629978,4.890987569837799,6.31307340345189,5.038534926272263,7.337077805160287,0.55328369140625,17.54350233363439
GSE40279,32,GSM990457,8.717162640440243,14.45,9.01363437326605,8.650863230503724,7.299511717590649,7.58832553937273,8.919341208834718,6.2530364990234375,10.638389765579912
GSE40279,32,GSM990458,1.8890063019958887,9.55,1.6801408165840659,1.7015309573119648,3.006946293102526,3.079618741705046,3.1201653557335476,1.1328277587890625,3.4107547001425518
GSE40279,32,GSM990459,12.965947151903029,7.45,12.821615201036233,12.49961599371498,11.933359099674863,12.906027407247496,12.146741579592291,14.392326354980469,8.513121971503997
GSE40279,32,GSM990462,10.700102383932897,2.7,11.144232441536277,10.593863826985238,17.67213732231747,17.79693066402306,13.887084511980373,15.729995727539062,3.4965897616877775
GSE40279,32,GSM990463,8.856530778904927,9.45,8.428023246096943,7.739496267192278,4.5913847063613975,5.597091162856575,6.459762501696512,8.169326782226562,5.583097944497432
GSE40279,32,GSM990464,2.26242666909533,11.55,1.8641858259751918,1.817761328418031,1.4387237063060536,2.049951123445588,2.546062750654168,1.2988739013671875,4.922237624379481
GSE40279,32,GSM990465,4.875782465778504,1.55,5.289588181633084,5.133967617345857,5.351602042798366,5.25663927442928,4.921438282304994,6.2705535888671875,2.505890902736735
GSE40279,32,GSM990466,1.9203167506118668,8.45,1.999209836435965,1.8375413961316767,2.606870523402354,2.244404509298749,3.368584261371081,0.991424560546875,5.655779006639756
GSE40279,32,GSM990467,9.080724635635608,21.45,8.566190035838694,8.760403463628105,4.164793640244947,3.581732612309571,8.041090708067648,4.3210296630859375,17.775745716840383
GSE40279,32,GSM990468,13.072326998759078,2.05,12.553061727279443,12.952543697884346,13.15088528713198,13.555866042638723,11.863425505132255,16.610763549804688,2.205237729784193
GSE40279,32,GSM990470,10.463000686408687,12.45,9.943332476118176,9.851985131021818,5.15840559453555,4.311622736866613,7.247438273699606,9.294654846191406,9.497064810923925
GSE40279,32,GSM990471,1.643050308422329,8.45,1.5869280663827083,1.6295051631208046,4.991129523492953,4.699147193219627,4.029454878176289,1.98272705078125,6.551841031784538
GSE40279,32,GSM990473,4.080815306791209,6.55,4.083337610443536,4.215980016343701,4.2901848751300955,3.6485926704325857,3.8820844484751698,7.275901794433594,2.698350685472426
GSE40279,32,GSM990474,2.1609168339431233,15.55,2.1835438697342684,2.234034210850756,3.204202738694095,2.835385846232312,3.5616511543794225,4.8379364013671875,6.467560044181811
GSE40279,32,GSM990475,3.3298870823567994,2.05,3.30055098330226,3.420978503710714,2.539351399630289,2.382938668495663,3.048367613019243,3.4973373413085938,3.427333956737145
GSE40279,32,GSM990477,4.32082945646159,2.05,4.058760747668609,3.6306238141742897,3.5383723935685807,2.7776353230462676,3.699750937278838,4.831520080566406,2.348525798635157
GSE40279,32,GSM990478,7.872043481435144,2.55,7.616128189828734,7.77977727184002,8.5888945026166,7.915645255766458,7.218929739170195,10.994434356689451,1.7183666016226664
GSE40279,32,GSM990479,5.241483965383755,22.55,4.865178564606955,4.9334483266090405,3.1111509367737793,2.918838431856702,5.349955810721856,1.0174102783203125,11.856451715610731
GSE40279,32,GSM990481,11.864353043394754,8.45,12.122087726192015,11.516401114333153,10.236417700127578,11.537918484049637,11.713607477189175,12.563758850097656,11.3813938191866
GSE40279,32,GSM990482,7.471500860741395,8.45,8.520387263934968,8.063025605664249,8.551947428171058,7.5303014367124534,9.056224696889029,6.651802062988281,13.43743014637019
GSE40279,32,GSM990484,5.049108455317441,3.55,4.4177439383988535,4.61550453469949,3.596153729460904,3.2327815310169656,4.401123055159893,5.11956787109375,5.148124259213179
GSE40279,32,GSM990485,4.393568564089359,15.55,4.960666124943306,5.162420692093132,9.151232463875225,8.199734182234852,7.169069628444271,10.610679626464844,2.9065035401669044
GSE40279,32,GSM990486,3.829220743820894,16.45,3.2501536100951887,3.296019795031698,3.480345380481912,2.944665230772005,5.639993894036527,1.186614990234375,11.95060576906145
GSE40279,32,GSM990487,2.060730161877613,10.55,1.791967490490117,1.6678513977481118,1.9360434362547008,2.148588718396515,1.9827709848998534,1.243976593017578,1.9419749392158212
GSE40279,32,GSM990488,1.6381829426256183,1.6,1.3633905102091397,1.434680943816788,2.0281962119712302,2.1392188687706892,2.0261784799755613,1.4867324829101562,2.428335091015003
GSE40279,32,GSM990489,4.389318345188925,6.45,4.013688439592459,4.985747668367254,3.1979049142378395,2.573284099084565,4.515642298003147,3.1948394775390625,8.657740367456082
GSE40279,32,GSM990490,11.51385187171142,34.55,10.56828311710301,10.100673869919708,4.306701457958832,4.938264111515871,8.141839502264295,3.814006805419922,16.004697150444205
GSE40279,32,GSM990492,8.13990167480907,5.45,7.404115142548714,7.897011826196352,6.049731024390661,4.862742591606439,6.400909795298316,8.588905334472656,8.717563921764535
GSE40279,32,GSM990494,16.443993687341337,4.45,15.935344903815249,16.50588435306676,18.365893487756978,18.628320362857643,16.38256424013937,20.10997772216797,6.088448896676985
GSE40279,32,GSM990495,6.994948867802594,10.45,6.6161119252791805,6.557374727325102,5.93132306044125,5.607877686390838,7.251101418631507,5.3187103271484375,11.092595992172267
GSE40279,32,GSM990496,10.46422102622964,1.6,10.279208334389944,10.531087839906185,10.167284301223875,10.339348566165679,9.57952973665884,13.444965362548828,3.7063572375922056
GSE40279,32,GSM990497,5.2936741036459924,15.55,5.400963025004669,4.9793518890540405,4.7664950673519,5.742339009954018,6.186152879533944,2.0368919372558594,12.14684434099787
GSE40279,32,GSM990498,8.11724519781119,3.55,8.22790564145906,7.939448686613524,8.437856314424302,8.384434591177794,7.74725292019581,11.671077728271484,3.1311983658081863
GSE40279,32,GSM990499,18.334613490184534,40.55,17.98196349033557,17.827993645338886,11.427160539573837,11.074649851261938,14.492069462421565,11.13375473022461,20.197928538581174
GSE40279,32,GSM990500,18.650094725303152,38.55,17.034705955441673,16.924423892704716,11.286460860117074,12.75581425342148,14.82511837974792,12.249500274658203,21.5367871281847
GSE40279,32,GSM990501,13.031504415564516,23.55,12.597143964847689,13.178299108112745,9.901646103500102,9.306713249313809,10.852829161367541,9.876296997070312,11.172043205246867
GSE40279,32,GSM990502,8.934277608352678,26.55,8.283839356556188,7.6662946168012756,4.286930910562508,5.532393108131982,7.182634144018593,3.1273269653320312,13.011888907513598
GSE40279,32,GSM990503,9.084111472984345,22.55,8.759581252304937,8.949294497225146,6.635785943694988,6.872855093468547,8.525766721893248,4.9082794189453125,12.568554376759597
GSE40279,32,GSM990504,13.545844074725967,40.55,12.70887751107545,12.26598778025032,6.009486565104606,7.40533950554228,10.969585891230182,4.482282638549805,22.45709711713012
GSE40279,32,GSM990505,10.76676104124488,19.55,10.705094808363746,10.515918058281468,10.769837593290308,11.423386372420227,11.101643129906845,8.211776733398438,12.220559072779396
GSE40279,32,GSM990506,4.316814907875934,11.55,3.5315455833526412,3.5206813574170583,2.6464691668004297,3.8001627905808846,3.511319883300909,2.189849853515625,3.361847967609666
GSE40279,32,GSM990507,16.687377106861668,33.55,16.030272392635055,15.523883494592411,10.0759070876277,11.294876387234872,12.982270941037092,11.336814880371094,16.248438745638534
GSE40279,32,GSM990508,11.229670630016635,2.05,11.547544601551639,11.51048559302961,13.150814252136803,13.991705903415497,12.321693448621057,14.13067626953125,7.82850477027281
GSE40279,32,GSM990509,9.409559087047382,11.55,9.309186689638807,10.551592440667857,13.585015859672168,14.453082941143345,10.964839949183471,16.176864624023438,6.38710809096266
GSE40279,32,GSM990510,2.7199548609196724,20.55,2.933284213797397,2.953854084396063,5.1668375543644505,4.756722646210448,4.80510262903685,6.9810791015625,6.015245814594954
GSE40279,32,GSM990512,1.5931765270607943,7.55,1.7598663072130638,1.769096353747815,2.978029107142372,2.5867860393941515,3.4967151481104737,3.633819580078125,5.149101324702921
GSE40279,32,GSM990514,1.397586858973023,7.55,1.3961114772154066,1.241461075265502,4.1765568782347176,4.434031136923872,3.097336351860652,1.685272216796875,4.877806746976629
GSE40279,32,GSM990516,1.9670063383127125,12.55,2.2291178885127705,2.2020524146413756,3.7693594907988155,3.736016761693551,4.1523941167572875,5.2407684326171875,3.7894806256996807
GSE40279,32,GSM990517,11.705078052758108,35.55,10.693483129678697,10.085292003841575,5.457016418996998,6.987585213038346,9.535474948062427,3.692085266113282,17.786108979184267
GSE40279,32,GSM990518,12.814261015928121,44.55,10.465689949646274,10.017930851448444,3.3097162905147606,4.642839253204855,8.73212966434876,1.625619888305664,19.102723344109585
GSE40279,32,GSM990519,3.1437818922088714,24.55,3.297315019792188,3.288523033617776,5.365533941495301,5.856046868593247,5.896991628470862,7.35052490234375,10.041909471451945
GSE40279,32,GSM990520,4.036258312279161,20.55,4.241241965993064,4.414165697140382,6.930837356192169,8.046732422067425,8.299361042096802,11.297767639160156,11.813700823769617
GSE40279,32,GSM990521,6.374335716678255,23.55,5.614657737324426,6.030632705121772,4.318969436007769,3.3727092292127394,5.562780985057152,0.3501205444335937,11.16317832312269
GSE40279,32,GSM990522,9.937280572617222,30.55,9.716968970212902,9.64652314340585,6.780506401190391,5.754296737857038,8.699114410172454,3.0173568725585938,18.095868084576615
GSE40279,32,GSM990523,12.588808382771571,40.55,12.11518990875705,12.11990297734744,8.173952628621029,7.926383969335833,11.820900460313176,2.9666595458984375,25.445375960746023
GSE40279,32,GSM990525,15.60872813039931,39.55,15.146651170031173,14.802603618023024,11.24301840091361,12.271509540896169,14.324974597272353,7.809806823730469,23.268726088903417
GSE40279,32,GSM990526,10.589558426116037,16.55,8.77565039937782,9.470059975593681,5.9353775775679605,5.00085784016967,6.580698193815779,9.009536743164062,5.495360754454412
GSE40279,32,GSM990528,21.42439764665549,48.55,19.08673384212136,19.18898491557626,7.986781054987539,8.3024693258951,14.76353881045828,12.52548599243164,27.114105617361567
GSE40279,32,GSM990529,12.981727442220574,23.55,11.030598663579323,11.586775536445705,6.1156509244236705,5.974555095725714,8.507784948105387,9.808700561523438,11.117780315892325
GSE40279,32,GSM990530,17.145080828589037,18.55,15.496652355618934,16.10067534528876,14.181999782052532,14.072219189132696,14.027372243985141,17.14032745361328,8.709728826009796
GSE40279,32,GSM990532,9.387535253800118,23.55,8.291928721163092,7.902026535735845,4.0556736029044345,3.8161458495493044,6.399499061768485,4.971427917480469,10.115277211439695
GSE40279,32,GSM990533,3.5040303659945935,5.55,2.2945233676850023,2.535782997742836,6.0492721964245515,5.69844688854549,5.048753590095244,3.2791290283203125,3.3780353958767186
GSE40279,32,GSM990534,18.877694275086817,37.55,17.407939774940385,16.99110362520847,8.267038931911147,8.761569486658683,13.210950491147022,12.901939392089844,22.30611460816097
GSE40279,32,GSM990536,7.986065077388503,31.55,7.457544850974254,7.1043516446445,2.5740348002711846,2.762396310840429,6.494203615469611,0.49658203125,16.61645055453486
GSE40279,32,GSM990537,17.714502370587553,42.55,15.9878261198869,15.803785143174565,6.580822884562385,6.897866196973392,12.1552119585224,9.60708999633789,24.27908618367713
GSE40279,32,GSM990538,15.523733263300324,31.55,14.277555379997995,14.53755586537714,7.8360740675738665,7.383980637453282,11.076231383566881,10.463088989257812,16.533185656853068
GSE40279,32,GSM990539,18.41280260520554,46.55,16.41288488752803,15.908495078807775,6.533702546341836,7.7071154887271645,13.047498257972341,9.16357421875,27.07024580308633
GSE40279,32,GSM990540,16.176366456457863,27.55,14.811252070485796,14.488486836719137,8.190668651282971,8.18793036083748,11.638214980587014,12.72454833984375,16.795489924264466
GSE40279,32,GSM990541,22.523759578009418,45.55,20.306063506589375,20.134105372863335,9.903000093559006,10.342671700621349,15.744682191523918,15.04150390625,25.56974736295178
GSE40279,32,GSM990542,12.19434769902663,31.55,11.37811478536926,11.072950382767264,5.01899510397197,5.762483775100433,8.806722802385732,5.981529235839844,17.253227546194047
GSE40279,32,GSM990543,9.156655861240921,9.55,8.059511812443015,7.764981452138729,6.335806519764628,6.3263672076740205,6.540242321088385,9.502227783203123,6.345686451649671
GSE40279,32,GSM990544,4.008410293276968,15.45,4.079556003541159,3.931577170012262,2.816026109884451,3.0806804311412046,4.422481655839947,0.47801971435546864,9.30279853884693
GSE40279,32,GSM990548,5.901990607590497,1.75,5.138869114975824,5.827009829970441,5.277206636671877,4.79240425285305,5.161289935779974,7.8881378173828125,2.6059651199015965
GSE40279,32,GSM990550,15.846162840007514,14.45,15.640648969688197,15.391117370952344,15.658521645192161,16.239596140746173,15.191304908107876,15.846878051757812,10.65657113202766
GSE40279,32,GSM990551,1.735219143876094,5.45,1.9420448311858771,1.9968585807842387,3.1879310425769396,2.710668632900861,3.1588803207648093,4.035469055175781,4.266665060563732
GSE40279,32,GSM990552,3.30626284722599,9.45,3.8536083197816837,3.5209696955920307,2.91779948241851,3.307876082398876,3.79749600266826,0.699066162109375,5.71338735059313
GSE40279,32,GSM990553,2.1237844714121437,12.45,2.905709062381669,2.382306387805342,3.5484693092097594,3.3062292835660743,3.8229530706706307,2.8086090087890625,7.32105652164946
GSE40279,32,GSM990554,13.77193039652752,11.45,14.016708622131656,13.43456950996216,16.344019524842444,16.360444560769913,14.959059364667993,14.092910766601562,11.925432607300342
GSE40279,32,GSM990555,1.4320485534223415,5.45,2.2732432970521494,1.8833073904138424,4.344841081169416,4.091810770053269,4.288139580944891,0.826171875,9.430253554848395
GSE40279,32,GSM990557,12.228046349342566,17.45,11.755619459535108,11.814463387959547,11.179466357073252,11.060466815784958,11.08052079523557,9.940475463867188,5.975123125852523
GSE40279,32,GSM990558,3.3606770833972393,23.45,3.5863583499954452,3.665568728357343,5.383628502586857,4.719834021942906,6.714559921984991,5.902168273925781,9.146599993228355
GSE40279,32,GSM990559,5.367055823848115,17.45,6.137491516707875,5.339904521741931,5.1628883250543565,4.938464760814389,5.852620400133249,0.7062301635742188,10.205212410848933
GSE40279,32,GSM990560,8.779300214969298,18.45,8.306986842307364,7.730922587371575,7.030968482289498,6.839426818126119,8.487101556474721,4.95391845703125,11.982605126294903
GSE40279,32,GSM990561,4.653729393808585,6.45,4.538940883044989,4.872206265686259,5.684134772961842,5.2726438870374555,6.004558051430612,8.977088928222656,3.562991487222239
GSE40279,32,GSM990563,5.9912457605573755,19.45,6.804203858936781,6.1586678624458315,3.5461979795977627,3.541764219734121,6.001581809552157,0.8541107177734375,12.697505976039182
GSE40279,32,GSM990564,2.0890851737090785,8.45,2.3823513807407863,1.9022321840224727,2.084798168932432,2.1922084737815135,2.3955320692020243,0.623046875,4.4459467920410995
GSE40279,32,GSM990565,9.163004493644229,13.45,11.640193474113632,10.485621712153044,14.912033192283317,10.874837060903818,13.566372195395298,7.1988372802734375,22.316549075763202
GSE40279,32,GSM990566,4.93573851698495,8.55,4.020352573351889,4.412973326757358,3.263130212477395,3.001425139655429,3.6013180137317833,4.1682281494140625,4.814045274492943
GSE40279,32,GSM990567,1.3489281604686887,5.45,2.132969055448129,1.708612719757845,3.6463390215731883,3.6802608002092247,3.4484759033617562,1.0552825927734375,7.763990167426735
GSE40279,32,GSM990569,5.908587383752012,17.45,6.42544615033668,5.342569892093051,2.1184693878259777,1.9779917584108653,5.021016904999955,1.4346160888671875,10.738829062792899
GSE40279,32,GSM990570,1.1349250384241159,2.05,2.1221170596671706,1.808642390244519,2.1930040610456296,2.3963954274512678,1.8124862058730957,0.0271682739257812,2.741348932568162
GSE40279,32,GSM990571,17.08190549536178,17.45,17.413004842774484,17.318574217763864,18.491791672759568,18.719983287279952,17.683704529738865,16.473663330078125,14.853613611911138
GSE40279,32,GSM990572,5.137339704869615,17.45,5.030216747713428,4.336997472903194,3.737093734683969,3.7496703416963166,4.696139222096559,0.3972625732421875,9.914134296248589
GSE40279,32,GSM990573,3.3801197074560596,16.45,3.587449886436289,2.9095202570228844,4.906405041566677,3.019456458956543,5.047875284564185,1.9102783203125,11.290035058680717
GSE40279,32,GSM990574,10.73468514361703,15.45,12.858887885839696,11.601272725158122,15.151700913689648,13.600408251456068,14.725053839926199,8.622817993164062,21.80357204520657
GSE40279,32,GSM990575,10.026984668685074,1.55,8.893085589372593,9.120699115633142,9.068859483189167,9.358125041082756,9.166387440996065,13.785652160644531,3.570381978803556
GSE40279,32,GSM990578,2.7980839091140686,19.45,2.876779552908441,3.3084385693314524,5.131373385468167,4.798963873155953,5.267451723236336,5.445831298828125,3.7428767436250814
GSE40279,32,GSM990579,9.10590736857905,16.45,8.226720203908,8.572124074934901,6.805168869944606,6.180570138299887,8.637843582259643,6.085052490234375,13.603726414734188
GSE40279,32,GSM990580,5.347965570964582,14.45,5.042488687285355,4.079347140888341,4.145532621127428,3.1107937950688145,4.653963009127871,1.71893310546875,7.177427715453588
GSE40279,32,GSM990581,11.489702705225975,25.45,12.160181687514921,11.648712884036252,10.284095070442183,9.959261546820501,12.734323275390853,6.1806182861328125,22.42473067500729
GSE40279,32,GSM990583,2.009358609769653,12.45,2.846320395652696,2.448652618673743,4.561948041239974,2.946676964286638,3.227835327072035,4.268829345703125,8.759406804391421
GSE40279,32,GSM990584,11.075847527845191,20.45,11.336417214614052,11.189090374325382,8.596013845579176,8.639034150153972,10.371797258924634,7.351654052734375,14.18282146627999
GSE40279,32,GSM990585,2.3606473965631225,4.45,1.7182581038550915,1.9260631445505147,2.249149989268222,2.4092339562626264,2.591484881543478,1.15606689453125,6.295555712075933
GSE40279,32,GSM990587,1.730442268767489,11.55,2.112362433767456,1.9293279781804995,7.25869206571957,7.395420697657004,5.049248868250281,3.4713821411132812,2.484962773564968
GSE40279,32,GSM990588,7.879239955331499,24.45,8.329895612743996,7.7552789726241915,5.2480421144750995,4.920661681857432,8.021624103327834,1.6664276123046875,18.85901597571108
GSE40279,32,GSM990589,2.5079625381150294,10.45,2.4610775034607935,2.3419887897798772,3.466156236195269,3.045626138434842,3.4186718791193487,0.7291259765625,4.251651879174491
GSE40279,32,GSM990590,1.4686792531648742,3.55,1.7548621259673696,1.5771165782738479,4.18314125654431,4.136504504380193,3.9937552638866753,3.0895309448242188,7.138628338895288
GSE40279,32,GSM990591,23.009985534143752,21.45,24.04705474760099,23.742406890606667,25.563396011913344,25.21636483965665,24.736367616672023,23.067916870117188,24.066851902023004
GSE40279,32,GSM990592,2.1460403864459043,13.55,2.813451895487782,2.726148820462616,9.381331588503606,9.578881738107508,6.393064600397998,5.937294006347656,3.514780638049749
GSE40279,32,GSM990593,1.1056340062460337,1.75,1.1566174126121198,1.1704037257189632,2.608235835161868,3.00896326590558,1.8219625874358862,0.1958160400390625,2.8404849860976764
GSE40279,32,GSM990594,2.050934669426966,7.45,2.1885716605166814,2.2876260273503943,4.793862393513647,4.6845474161190115,3.99758165207799,5.117042541503906,4.767656258280093
GSE40279,32,GSM990595,12.575500322842649,22.45,12.560259958437683,10.7257230238617,8.97909462196598,8.600192679392183,9.692325513343459,8.678535461425781,19.66314509632892
GSE40279,32,GSM990596,1.9129097437312463,1.75,2.9267992181028526,2.720932111421866,6.359906677871811,6.41522291224017,4.717510781208593,2.628559112548828,3.627368390540977
GSE40279,32,GSM990597,5.623800569546087,9.45,5.443562704327122,5.974987177021748,9.754336763963774,9.833191598237898,8.410254843524447,11.31781005859375,3.869076227107628
GSE40279,32,GSM990598,4.381363488213475,14.45,4.854000790956185,3.913093941474475,3.777875812326356,3.789628386378948,4.9531870071650825,0.41729736328125,11.813259277115359
GSE40279,32,GSM990599,8.246653888399202,2.55,7.901887439573505,8.766082278567364,9.377240729021668,8.808619747295554,8.391969711508159,10.697967529296877,4.91633592058706
GSE40279,32,GSM990600,8.215662593307268,9.55,7.057160219010389,7.624387040647255,5.4352053794162645,5.134683306246955,5.94025557749386,8.236030578613281,4.402213940179317
GSE40279,32,GSM990603,1.4078383768502198,6.45,1.8352264562216773,1.474818871308853,2.85336438491228,2.5563346858595275,2.582417236927145,2.2869415283203125,4.8535882476943675
GSE40279,32,GSM990604,2.2470399347841314,2.05,1.8938756161136339,2.1859574537471134,3.7535967132232257,3.4083780854561683,3.693008357890527,4.007286071777344,3.6744591365863712
GSE40279,32,GSM990605,3.653856630658113,15.45,3.8105481321510886,3.5142172436384422,2.6339402076700322,2.255805644806345,3.5594294384858562,1.0396194458007812,4.77658384109372
GSE40279,32,GSM990606,2.691944311216686,15.45,3.55178080927573,3.505795166101355,5.070557487328382,4.064027791917801,5.668731742632004,2.91845703125,11.17082153666
GSE40279,32,GSM990607,13.76828281996635,2.7,12.499790235871465,12.960430973600873,12.742214401400071,14.980949089955326,13.563239657548204,19.85877990722656,6.021479165069904
GSE40279,32,GSM990608,12.029151313906294,3.55,10.997757851175617,11.609665985193692,8.63033594127705,9.007450987010358,9.472689728951611,15.444076538085938,4.632168303789319
GSE40279,32,GSM990609,23.26812782645391,17.55,22.06167866802214,22.931601510736023,19.67523058108632,19.823668271317317,19.44192955707206,25.72747802734375,11.48327797403403
GSE40279,32,GSM990610,16.83383784190645,6.45,15.885917932380565,17.707897081949653,20.669044550195405,23.717104402324743,19.036204864342757,25.368064880371097,5.729657566364094
GSE40279,32,GSM990611,1.0775833620617923,2.05,2.106698635097991,1.4393648567492066,4.113081241852881,3.8619523030134517,3.8407685389098463,0.7241058349609375,7.766747082274202
GSE40279,32,GSM990612,3.2432707883293808,18.45,3.797479687087576,4.001867057169003,6.272361675551936,5.804753344281176,7.43138515697584,9.401199340820312,11.67053711759898
GSE40279,32,GSM990613,1.1181978625533815,1.75,1.7809426533880646,1.5855380627430153,4.247036997539843,4.070551227056489,3.7210748508820104,1.234161376953125,4.237830322183692
GSE40279,32,GSM990614,7.941129259452997,2.7,7.070167228017607,7.480655130789849,8.054581011411384,8.145642553958359,8.135084236948874,12.017410278320312,2.848309625064939
GSE40279,32,GSM990615,3.815941366742063,21.45,4.415443148292729,4.787577705156801,6.997222165547602,7.082005383740871,8.928248001344592,11.159660339355469,17.81145135203065
GSE40279,32,GSM990617,4.333483093938929,2.05,4.5597885476691165,5.2041421621473685,8.000146031552392,6.841906741101766,5.985320279435218,6.8152313232421875,4.618805887367598
GSE40279,32,GSM990618,5.293814818523148,3.55,3.713843433673877,4.757394363693997,5.070412043684115,3.9180257186764775,4.574718897133961,6.378929138183594,4.249650657703849
GSE40279,32,GSM990619,4.069859630633632,11.45,5.379597262684176,4.75007831898442,7.280246747974718,6.545370458307102,6.983833541679265,1.035308837890625,12.817824821345772
GSE40279,32,GSM990620,11.984699113420195,24.45,12.93581499861152,12.537214969761141,13.649052358071046,12.830050688501496,14.156619319839319,7.19110107421875,20.22017476711207
GSE40279,32,GSM990621,6.229823867277027,2.7,5.794853036986404,6.218804696635656,8.02253495153255,7.82806979412481,7.218937964846363,9.714065551757812,3.325533548915991
GSE40279,32,GSM990622,2.6627248789609923,9.45,2.7826198423063224,3.0175149218268857,7.24470377813581,7.214733208985867,6.909344402702082,6.892219543457031,5.112046334338913
GSE40279,32,GSM990623,2.657495152363219,10.45,2.8523328139103548,2.947212872345445,4.625218690891275,4.096186567296185,4.293156980331507,7.0267486572265625,5.3315478857381065
GSE40279,32,GSM990624,4.5187956076006595,3.55,3.488704059497452,4.149531272616259,4.786966021150014,4.485028966963894,5.366071260136698,7.7559051513671875,5.989382256667354
GSE40279,32,GSM990625,8.44938810367412,1.6,8.021942350898776,8.069979844860454,8.675390742817541,8.670945141075048,8.509500666583966,12.009719848632812,3.1678494215728237
GSE40279,32,GSM990626,5.190487771369359,6.55,4.445032972020651,4.832579821785922,3.9569586864970434,3.296608596166655,3.7699455362425143,5.2011566162109375,3.9858601085519796
GSE40279,32,GSM990627,1.4068905849122912,5.45,1.726882866386869,1.7835258173295585,4.881057680726633,3.4261008961896513,4.061606016897575,2.797607421875,4.670526474404941
